timestamp,type,key,latency_ms,success,is_stale,version
2025-11-27T15:59:10.491175-08:00,read,key_399,4.64,false,false,0
2025-11-27T15:59:10.524-08:00,read,key_469,2.64,true,false,2587
2025-11-27T15:59:10.545397-08:00,read,key_398,2.45,true,false,1883
2025-11-27T15:59:10.55638-08:00,read,key_396,1.05,true,false,1907
2025-11-27T15:59:10.501878-08:00,write,key_397,306.00,true,false,2589
2025-11-27T15:59:10.512934-08:00,write,key_468,307.10,true,false,2590
2025-11-27T15:59:10.534352-08:00,write,key_461,311.11,true,false,2591
2025-11-27T15:59:10.567444-08:00,write,key_423,309.78,true,false,2592
2025-11-27T15:59:10.578584-08:00,write,key_420,308.84,true,false,2593
2025-11-27T15:59:10.887423-08:00,read,key_461,1.34,true,false,2591
2025-11-27T15:59:10.589449-08:00,write,key_467,306.63,true,false,2594
2025-11-27T15:59:10.600636-08:00,write,key_396,309.49,true,false,2595
2025-11-27T15:59:10.61171-08:00,write,key_580,304.59,true,false,2596
2025-11-27T15:59:10.916304-08:00,read,key_963,1.59,true,false,1862
2025-11-27T15:59:10.62281-08:00,write,key_467,307.22,true,false,2597
2025-11-27T15:59:10.633484-08:00,write,key_395,314.11,true,false,2598
2025-11-27T15:59:10.80788-08:00,write,key_496,304.95,true,false,2599
2025-11-27T15:59:11.112831-08:00,read,key_584,0.74,true,false,2602
2025-11-27T15:59:10.820034-08:00,write,key_585,305.34,true,false,2600
2025-11-27T15:59:10.845467-08:00,write,key_460,306.02,true,false,2601
2025-11-27T15:59:10.877226-08:00,write,key_584,309.17,true,false,2602
2025-11-27T15:59:10.888799-08:00,write,key_467,305.40,true,false,2603
2025-11-27T15:59:10.896076-08:00,write,key_398,302.67,true,false,2604
2025-11-27T15:59:11.198747-08:00,read,key_98,1.11,true,false,2541
2025-11-27T15:59:10.91013-08:00,write,key_589,304.37,true,false,2605
2025-11-27T15:59:10.9179-08:00,write,key_425,306.38,true,false,2606
2025-11-27T15:59:10.930029-08:00,write,key_491,305.49,true,false,2607
2025-11-27T15:59:10.947597-08:00,write,key_494,305.74,true,false,2608
2025-11-27T15:59:11.113571-08:00,write,key_497,306.43,true,false,2609
2025-11-27T15:59:11.125389-08:00,write,key_420,303.96,true,false,2610
2025-11-27T15:59:11.429344-08:00,read,key_667,0.50,true,false,633
2025-11-27T15:59:11.151486-08:00,write,key_495,303.94,true,false,2611
2025-11-27T15:59:11.194201-08:00,write,key_968,305.29,true,false,2613
2025-11-27T15:59:11.186395-08:00,write,key_460,313.14,true,false,2612
2025-11-27T15:59:11.499539-08:00,read,key_392,1.56,false,false,0
2025-11-27T15:59:11.501098-08:00,read,key_399,1.62,false,false,0
2025-11-27T15:59:11.199859-08:00,write,key_466,304.13,true,false,2614
2025-11-27T15:59:11.214504-08:00,write,key_823,305.72,true,false,2615
2025-11-27T15:59:11.224279-08:00,write,key_99,303.83,true,false,2616
2025-11-27T15:59:11.235515-08:00,write,key_390,305.78,true,false,2617
2025-11-27T15:59:11.253342-08:00,write,key_774,303.72,true,false,2618
2025-11-27T15:59:11.557058-08:00,read,key_963,1.20,true,false,1862
2025-11-27T15:59:11.420001-08:00,write,key_466,305.17,true,false,2619
2025-11-27T15:59:11.429847-08:00,write,key_95,304.14,true,false,2620
2025-11-27T15:59:11.455429-08:00,write,key_492,305.45,true,false,2621
2025-11-27T15:59:11.503986-08:00,write,key_820,314.84,true,false,2624
2025-11-27T15:59:11.499496-08:00,write,key_467,319.38,true,false,2622
2025-11-27T15:59:11.502719-08:00,write,key_581,316.19,true,false,2623
2025-11-27T15:59:11.520225-08:00,write,key_830,306.30,true,false,2625
2025-11-27T15:59:11.528108-08:00,write,key_467,303.67,true,false,2626
2025-11-27T15:59:11.541297-08:00,write,key_467,304.23,true,false,2627
2025-11-27T15:59:11.558261-08:00,write,key_965,304.35,true,false,2628
2025-11-27T15:59:11.725197-08:00,write,key_664,305.48,true,false,2629
2025-11-27T15:59:11.733989-08:00,write,key_835,305.80,true,false,2630
2025-11-27T15:59:11.76088-08:00,write,key_427,311.64,true,false,2631
2025-11-27T15:59:12.072522-08:00,read,key_14,1.32,true,false,486
2025-11-27T15:59:11.818905-08:00,write,key_92,311.73,true,false,2634
2025-11-27T15:59:11.818878-08:00,write,key_429,311.83,true,false,2632
2025-11-27T15:59:11.818827-08:00,write,key_578,312.16,true,false,2633
2025-11-27T15:59:11.826522-08:00,write,key_964,308.07,true,false,2635
2025-11-27T15:59:11.831782-08:00,write,key_51,306.72,true,false,2636
2025-11-27T15:59:11.845529-08:00,write,key_429,304.07,true,false,2637
2025-11-27T15:59:11.862616-08:00,write,key_117,311.97,true,false,2638
2025-11-27T15:59:12.030681-08:00,write,key_10,310.65,true,false,2639
2025-11-27T15:59:12.039791-08:00,write,key_258,305.09,true,false,2640
2025-11-27T15:59:12.344882-08:00,read,key_429,1.43,true,false,2637
2025-11-27T15:59:12.073839-08:00,write,key_571,306.91,true,false,2641
2025-11-27T15:59:12.130709-08:00,write,key_390,326.12,true,false,2643
2025-11-27T15:59:12.130638-08:00,write,key_585,326.27,true,false,2642
2025-11-27T15:59:12.149601-08:00,write,key_110,307.32,true,false,2647
2025-11-27T15:59:12.13459-08:00,write,key_251,322.37,true,false,2645
2025-11-27T15:59:12.138503-08:00,write,key_466,318.58,true,false,2646
2025-11-27T15:59:12.130989-08:00,write,key_421,326.10,true,false,2644
2025-11-27T15:59:12.456829-08:00,read,key_834,1.11,true,false,1693
2025-11-27T15:59:12.17459-08:00,write,key_199,307.08,true,false,2648
2025-11-27T15:59:12.346318-08:00,write,key_11,309.54,true,false,2650
2025-11-27T15:59:12.341333-08:00,write,key_15,314.71,true,false,2649
2025-11-27T15:59:12.380753-08:00,write,key_338,306.69,true,false,2651
2025-11-27T15:59:12.456911-08:00,write,key_662,314.03,true,false,2654
2025-11-27T15:59:12.457938-08:00,write,key_499,313.54,true,false,2657
2025-11-27T15:59:12.457082-08:00,write,key_404,315.85,true,false,2653
2025-11-27T15:59:12.457088-08:00,write,key_195,315.88,true,false,2656
2025-11-27T15:59:12.456916-08:00,write,key_113,316.21,true,false,2652
2025-11-27T15:59:12.456963-08:00,write,key_578,316.47,true,false,2655
2025-11-27T15:59:12.773433-08:00,read,key_969,0.68,true,false,2378
2025-11-27T15:59:12.48167-08:00,write,key_192,305.01,true,false,2658
2025-11-27T15:59:12.656044-08:00,write,key_143,306.27,true,false,2660
2025-11-27T15:59:12.655861-08:00,write,key_588,306.50,true,false,2659
2025-11-27T15:59:12.962311-08:00,read,key_820,1.72,true,false,2624
2025-11-27T15:59:12.687452-08:00,write,key_816,306.65,true,false,2661
2025-11-27T15:59:12.77148-08:00,write,key_824,307.59,true,false,2663
2025-11-27T15:59:12.770951-08:00,write,key_465,308.15,true,false,2662
2025-11-27T15:59:12.772936-08:00,write,key_461,315.22,true,false,2666
2025-11-27T15:59:12.773128-08:00,write,key_316,315.05,true,false,2665
2025-11-27T15:59:12.774115-08:00,write,key_776,314.09,true,false,2667
2025-11-27T15:59:12.772966-08:00,write,key_14,315.51,true,false,2664
2025-11-27T15:59:12.786728-08:00,write,key_111,304.55,true,false,2668
2025-11-27T15:59:12.96236-08:00,write,key_468,314.86,true,false,2669
2025-11-27T15:59:12.964032-08:00,write,key_493,313.21,true,false,2670
2025-11-27T15:59:12.9941-08:00,write,key_821,305.75,true,false,2671
2025-11-27T15:59:13.079071-08:00,write,key_115,312.19,true,false,2672
2025-11-27T15:59:13.08816-08:00,write,key_145,304.73,true,false,2674
2025-11-27T15:59:13.088173-08:00,write,key_469,305.75,true,false,2676
2025-11-27T15:59:13.088477-08:00,write,key_823,305.84,true,false,2677
2025-11-27T15:59:13.079105-08:00,write,key_423,315.32,true,false,2673
2025-11-27T15:59:13.088207-08:00,write,key_425,306.26,true,false,2675
2025-11-27T15:59:13.091275-08:00,write,key_316,306.59,true,false,2678
2025-11-27T15:59:13.277217-08:00,write,key_816,310.84,true,false,2680
2025-11-27T15:59:13.277246-08:00,write,key_495,310.85,true,false,2679
2025-11-27T15:59:13.588057-08:00,read,key_860,1.54,true,false,1782
2025-11-27T15:59:13.588101-08:00,read,key_466,1.74,true,false,2646
2025-11-27T15:59:13.299862-08:00,write,key_965,306.68,true,false,2681
2025-11-27T15:59:13.39289-08:00,write,key_11,304.17,true,false,2683
2025-11-27T15:59:13.391272-08:00,write,key_330,305.90,true,false,2682
2025-11-27T15:59:13.697066-08:00,read,key_822,1.91,false,false,0
2025-11-27T15:59:13.394314-08:00,write,key_779,306.53,true,false,2686
2025-11-27T15:59:13.394467-08:00,write,key_313,306.40,true,false,2685
2025-11-27T15:59:13.393924-08:00,write,key_893,306.98,true,false,2684
2025-11-27T15:59:13.394428-08:00,write,key_111,306.58,true,false,2687
2025-11-27T15:59:13.700903-08:00,read,key_251,3.24,true,false,2645
2025-11-27T15:59:13.397869-08:00,write,key_423,306.32,true,false,2688
2025-11-27T15:59:13.589845-08:00,write,key_392,309.91,true,false,2690
2025-11-27T15:59:13.5896-08:00,write,key_498,310.17,true,false,2689
2025-11-27T15:59:13.899759-08:00,read,key_587,1.10,true,false,2179
2025-11-27T15:59:13.606547-08:00,write,key_95,307.49,true,false,2691
2025-11-27T15:59:13.697175-08:00,write,key_390,306.62,true,false,2692
2025-11-27T15:59:13.701012-08:00,write,key_818,305.87,true,false,2696
2025-11-27T15:59:13.700862-08:00,write,key_964,307.71,true,false,2694
2025-11-27T15:59:13.704141-08:00,write,key_966,306.60,true,false,2698
2025-11-27T15:59:13.698982-08:00,write,key_492,313.15,true,false,2693
2025-11-27T15:59:13.700841-08:00,write,key_835,311.35,true,false,2695
2025-11-27T15:59:13.70419-08:00,write,key_237,308.04,true,false,2697
2025-11-27T15:59:14.012132-08:00,read,key_14,2.05,true,false,2664
2025-11-27T15:59:14.014181-08:00,read,key_896,1.26,true,false,1857
2025-11-27T15:59:13.900859-08:00,write,key_336,306.33,true,false,2700
2025-11-27T15:59:13.899772-08:00,write,key_967,307.50,true,false,2699
2025-11-27T15:59:13.914041-08:00,write,key_772,303.98,true,false,2701
2025-11-27T15:59:14.00688-08:00,write,key_571,305.87,true,false,2703
2025-11-27T15:59:14.003808-08:00,write,key_641,308.99,true,false,2702
2025-11-27T15:59:14.01074-08:00,write,key_317,304.40,true,false,2705
2025-11-27T15:59:14.008574-08:00,write,key_119,306.56,true,false,2704
2025-11-27T15:59:14.012232-08:00,write,key_97,304.95,true,false,2707
2025-11-27T15:59:14.012192-08:00,write,key_558,305.01,true,false,2706
2025-11-27T15:59:14.015446-08:00,write,key_110,303.41,true,false,2708
2025-11-27T15:59:14.207271-08:00,write,key_195,307.00,true,false,2710
2025-11-27T15:59:14.207187-08:00,write,key_53,307.16,true,false,2709
2025-11-27T15:59:14.218019-08:00,write,key_403,305.41,true,false,2711
2025-11-27T15:59:14.315137-08:00,write,key_589,307.28,true,false,2714
2025-11-27T15:59:14.312795-08:00,write,key_313,309.81,true,false,2713
2025-11-27T15:59:14.312751-08:00,write,key_78,310.14,true,false,2712
2025-11-27T15:59:14.317199-08:00,write,key_463,305.72,true,false,2717
2025-11-27T15:59:14.317184-08:00,write,key_899,307.67,true,false,2716
2025-11-27T15:59:14.315138-08:00,write,key_622,309.86,true,false,2715
2025-11-27T15:59:14.318855-08:00,write,key_423,307.37,true,false,2718
2025-11-27T15:59:14.514278-08:00,write,key_555,314.34,true,false,2719
2025-11-27T15:59:14.514344-08:00,write,key_492,314.37,true,false,2720
2025-11-27T15:59:14.523426-08:00,write,key_92,309.45,true,false,2721
2025-11-27T15:59:14.62292-08:00,write,key_708,309.16,true,false,2725
2025-11-27T15:59:14.622609-08:00,write,key_111,309.52,true,false,2722
2025-11-27T15:59:14.62243-08:00,write,key_893,309.74,true,false,2723
2025-11-27T15:59:14.622888-08:00,write,key_773,309.34,true,false,2724
2025-11-27T15:59:14.624851-08:00,write,key_687,311.34,true,false,2726
2025-11-27T15:59:14.624993-08:00,write,key_168,312.69,true,false,2727
2025-11-27T15:59:14.626228-08:00,write,key_239,311.46,true,false,2728
2025-11-27T15:59:14.828715-08:00,write,key_820,314.87,true,false,2730
2025-11-27T15:59:14.82862-08:00,write,key_311,315.18,true,false,2729
2025-11-27T15:59:14.832875-08:00,write,key_317,311.83,true,false,2731
2025-11-27T15:59:14.936195-08:00,write,key_465,319.51,true,false,2736
2025-11-27T15:59:14.932226-08:00,write,key_812,323.49,true,false,2733
2025-11-27T15:59:14.937682-08:00,write,key_552,318.09,true,false,2738
2025-11-27T15:59:14.932083-08:00,write,key_348,323.73,true,false,2732
2025-11-27T15:59:14.93769-08:00,write,key_495,318.17,true,false,2737
2025-11-27T15:59:14.932124-08:00,write,key_627,323.75,true,false,2735
2025-11-27T15:59:14.93217-08:00,write,key_892,323.74,true,false,2734
2025-11-27T15:59:15.255712-08:00,read,key_35,0.74,false,false,0
2025-11-27T15:59:15.25645-08:00,read,key_688,1.40,true,false,2130
2025-11-27T15:59:15.14361-08:00,write,key_403,323.28,true,false,2740
2025-11-27T15:59:15.144703-08:00,write,key_334,322.37,true,false,2739
2025-11-27T15:59:15.1438-08:00,write,key_897,323.30,true,false,2741
2025-11-27T15:59:15.255823-08:00,write,key_427,311.76,true,false,2745
2025-11-27T15:59:15.25591-08:00,write,key_892,311.79,true,false,2747
2025-11-27T15:59:15.255705-08:00,write,key_18,312.11,true,false,2742
2025-11-27T15:59:15.25577-08:00,write,key_778,312.61,true,false,2743
2025-11-27T15:59:15.255869-08:00,write,key_831,313.08,true,false,2744
2025-11-27T15:59:15.257849-08:00,write,key_12,311.21,true,false,2748
2025-11-27T15:59:15.25586-08:00,write,key_775,313.31,true,false,2746
2025-11-27T15:59:15.467103-08:00,write,key_891,308.97,true,false,2751
2025-11-27T15:59:15.466895-08:00,write,key_403,309.51,true,false,2749
2025-11-27T15:59:15.467069-08:00,write,key_490,309.61,true,false,2750
2025-11-27T15:59:15.5677-08:00,write,key_93,312.32,true,false,2756
2025-11-27T15:59:15.569059-08:00,write,key_553,310.99,true,false,2753
2025-11-27T15:59:15.568377-08:00,write,key_319,311.83,true,false,2755
2025-11-27T15:59:15.567588-08:00,write,key_424,313.22,true,false,2754
2025-11-27T15:59:15.569174-08:00,write,key_816,312.68,true,false,2758
2025-11-27T15:59:15.567815-08:00,write,key_13,314.15,true,false,2757
2025-11-27T15:59:15.56895-08:00,write,key_17,313.09,true,false,2752
2025-11-27T15:59:15.776681-08:00,write,key_425,310.38,true,false,2759
2025-11-27T15:59:15.776078-08:00,write,key_14,310.98,true,false,2760
2025-11-27T15:59:15.776405-08:00,write,key_12,310.67,true,false,2761
2025-11-27T15:59:15.880017-08:00,write,key_704,310.03,true,false,2762
2025-11-27T15:59:15.882039-08:00,write,key_193,308.04,true,false,2765
2025-11-27T15:59:15.880211-08:00,write,key_893,313.10,true,false,2764
2025-11-27T15:59:15.880051-08:00,write,key_490,313.31,true,false,2763
2025-11-27T15:59:15.881969-08:00,write,key_237,311.43,true,false,2768
2025-11-27T15:59:15.881853-08:00,write,key_994,312.75,true,false,2766
2025-11-27T15:59:15.880809-08:00,write,key_410,313.85,true,false,2767
2025-11-27T15:59:16.087059-08:00,write,key_643,312.18,true,false,2769
2025-11-27T15:59:16.087063-08:00,write,key_579,312.22,true,false,2771
2025-11-27T15:59:16.087078-08:00,write,key_15,312.26,true,false,2770
2025-11-27T15:59:16.399333-08:00,read,key_249,4.97,true,false,1096
2025-11-27T15:59:16.193403-08:00,write,key_573,312.17,true,false,2776
2025-11-27T15:59:16.1946-08:00,write,key_339,311.03,true,false,2777
2025-11-27T15:59:16.19466-08:00,write,key_193,311.17,true,false,2778
2025-11-27T15:59:16.193363-08:00,write,key_626,314.61,true,false,2775
2025-11-27T15:59:16.190079-08:00,write,key_680,317.94,true,false,2773
2025-11-27T15:59:16.190052-08:00,write,key_248,318.08,true,false,2772
2025-11-27T15:59:16.193313-08:00,write,key_348,316.36,true,false,2774
2025-11-27T15:59:16.399242-08:00,write,key_344,311.03,true,false,2780
2025-11-27T15:59:16.399286-08:00,write,key_198,311.21,true,false,2779
2025-11-27T15:59:16.404303-08:00,write,key_778,307.40,true,false,2781
2025-11-27T15:59:16.505625-08:00,write,key_583,309.48,true,false,2782
2025-11-27T15:59:16.505574-08:00,write,key_99,309.70,true,false,2783
2025-11-27T15:59:16.50967-08:00,write,key_966,308.81,true,false,2788
2025-11-27T15:59:16.507971-08:00,write,key_321,311.86,true,false,2784
2025-11-27T15:59:16.505826-08:00,write,key_325,314.04,true,false,2787
2025-11-27T15:59:16.508018-08:00,write,key_194,311.90,true,false,2785
2025-11-27T15:59:16.508129-08:00,write,key_412,311.86,true,false,2786
2025-11-27T15:59:16.711702-08:00,write,key_812,309.50,true,false,2791
2025-11-27T15:59:16.710294-08:00,write,key_118,310.96,true,false,2789
2025-11-27T15:59:16.710492-08:00,write,key_589,310.84,true,false,2790
2025-11-27T15:59:16.815274-08:00,write,key_233,308.49,true,false,2792
2025-11-27T15:59:16.815122-08:00,write,key_584,308.70,true,false,2793
2025-11-27T15:59:16.819861-08:00,write,key_670,309.52,true,false,2797
2025-11-27T15:59:16.819985-08:00,write,key_490,309.40,true,false,2795
2025-11-27T15:59:16.818483-08:00,write,key_114,311.30,true,false,2794
2025-11-27T15:59:16.819828-08:00,write,key_323,310.10,true,false,2796
2025-11-27T15:59:16.819914-08:00,write,key_495,310.64,true,false,2798
2025-11-27T15:59:17.129782-08:00,read,key_707,2.19,true,false,2517
2025-11-27T15:59:17.021208-08:00,write,key_525,309.41,true,false,2799
2025-11-27T15:59:17.021335-08:00,write,key_543,312.44,true,false,2801
2025-11-27T15:59:17.021257-08:00,write,key_401,313.85,true,false,2800
2025-11-27T15:59:17.123768-08:00,write,key_631,311.57,true,false,2803
2025-11-27T15:59:17.123818-08:00,write,key_669,311.65,true,false,2802
2025-11-27T15:59:17.129386-08:00,write,key_406,309.51,true,false,2806
2025-11-27T15:59:17.129388-08:00,write,key_308,309.51,true,false,2807
2025-11-27T15:59:17.130554-08:00,write,key_433,308.50,true,false,2805
2025-11-27T15:59:17.129925-08:00,write,key_56,309.21,true,false,2804
2025-11-27T15:59:17.131976-08:00,write,key_815,308.23,true,false,2808
2025-11-27T15:59:17.438896-08:00,read,key_56,4.38,true,false,2804
2025-11-27T15:59:17.335105-08:00,write,key_638,306.55,true,false,2811
2025-11-27T15:59:17.330633-08:00,write,key_770,311.12,true,false,2809
2025-11-27T15:59:17.333772-08:00,write,key_17,308.10,true,false,2810
2025-11-27T15:59:17.641757-08:00,read,key_431,4.19,true,false,1127
2025-11-27T15:59:17.435473-08:00,write,key_430,310.51,true,false,2813
2025-11-27T15:59:17.435342-08:00,write,key_115,310.65,true,false,2812
2025-11-27T15:59:17.439133-08:00,write,key_205,311.34,true,false,2814
2025-11-27T15:59:17.440202-08:00,write,key_967,312.66,true,false,2818
2025-11-27T15:59:17.443276-08:00,write,key_541,309.63,true,false,2817
2025-11-27T15:59:17.439052-08:00,write,key_594,314.11,true,false,2815
2025-11-27T15:59:17.438895-08:00,write,key_37,314.41,true,false,2816
2025-11-27T15:59:17.752909-08:00,read,key_661,1.76,true,false,2563
2025-11-27T15:59:17.641657-08:00,write,key_23,312.06,true,false,2819
2025-11-27T15:59:17.641876-08:00,write,key_329,312.85,true,false,2821
2025-11-27T15:59:17.645952-08:00,write,key_233,311.31,true,false,2820
2025-11-27T15:59:17.745995-08:00,write,key_206,309.80,true,false,2823
2025-11-27T15:59:17.745997-08:00,write,key_116,323.43,true,false,2822
2025-11-27T15:59:17.75467-08:00,write,key_97,315.39,true,false,2828
2025-11-27T15:59:18.069433-08:00,read,key_391,0.67,true,false,2386
2025-11-27T15:59:17.750486-08:00,write,key_399,320.55,true,false,2824
2025-11-27T15:59:17.752858-08:00,write,key_862,318.28,true,false,2827
2025-11-27T15:59:17.753307-08:00,write,key_705,317.83,true,false,2825
2025-11-27T15:59:17.753159-08:00,write,key_551,318.00,true,false,2826
2025-11-27T15:59:18.071136-08:00,read,key_75,0.78,true,false,1153
2025-11-27T15:59:17.954724-08:00,write,key_30,314.84,true,false,2829
2025-11-27T15:59:17.953733-08:00,write,key_490,315.96,true,false,2830
2025-11-27T15:59:17.957262-08:00,write,key_961,312.44,true,false,2831
2025-11-27T15:59:18.071134-08:00,write,key_245,311.50,true,false,2835
2025-11-27T15:59:18.071921-08:00,write,key_420,310.74,true,false,2838
2025-11-27T15:59:18.0558-08:00,write,key_422,326.91,true,false,2832
2025-11-27T15:59:18.070099-08:00,write,key_236,312.83,true,false,2833
2025-11-27T15:59:18.070059-08:00,write,key_329,313.54,true,false,2834
2025-11-27T15:59:18.071161-08:00,write,key_817,314.24,true,false,2837
2025-11-27T15:59:18.071033-08:00,write,key_164,317.21,true,false,2836
2025-11-27T15:59:18.269562-08:00,write,key_239,309.66,true,false,2839
2025-11-27T15:59:18.269702-08:00,write,key_669,309.53,true,false,2841
2025-11-27T15:59:18.26969-08:00,write,key_344,309.60,true,false,2840
2025-11-27T15:59:18.388241-08:00,write,key_594,314.26,true,false,2847
2025-11-27T15:59:18.382926-08:00,write,key_328,319.60,true,false,2846
2025-11-27T15:59:18.382632-08:00,write,key_642,319.92,true,false,2844
2025-11-27T15:59:18.382709-08:00,write,key_779,321.28,true,false,2845
2025-11-27T15:59:18.3836-08:00,write,key_521,320.44,true,false,2848
2025-11-27T15:59:18.382662-08:00,write,key_52,321.43,true,false,2843
2025-11-27T15:59:18.385398-08:00,write,key_828,318.77,true,false,2842
2025-11-27T15:59:18.579292-08:00,write,key_819,315.50,true,false,2849
2025-11-27T15:59:18.579225-08:00,write,key_584,315.59,true,false,2851
2025-11-27T15:59:18.579236-08:00,write,key_815,315.66,true,false,2850
2025-11-27T15:59:18.702509-08:00,write,key_556,316.38,true,false,2853
2025-11-27T15:59:18.704035-08:00,write,key_407,315.13,true,false,2858
2025-11-27T15:59:18.704164-08:00,write,key_644,315.03,true,false,2855
2025-11-27T15:59:18.702552-08:00,write,key_816,316.83,true,false,2854
2025-11-27T15:59:18.702528-08:00,write,key_111,317.18,true,false,2852
2025-11-27T15:59:18.704089-08:00,write,key_630,315.67,true,false,2856
2025-11-27T15:59:18.703986-08:00,write,key_682,315.90,true,false,2857
2025-11-27T15:59:18.89479-08:00,write,key_826,310.68,true,false,2860
2025-11-27T15:59:18.894898-08:00,write,key_641,310.58,true,false,2859
2025-11-27T15:59:18.894817-08:00,write,key_810,310.81,true,false,2861
2025-11-27T15:59:19.205629-08:00,read,key_391,1.99,true,false,2386
2025-11-27T15:59:19.019194-08:00,write,key_190,309.85,true,false,2866
2025-11-27T15:59:19.019704-08:00,write,key_663,309.39,true,false,2864
2025-11-27T15:59:19.019757-08:00,write,key_110,309.42,true,false,2862
2025-11-27T15:59:19.019381-08:00,write,key_689,309.81,true,false,2868
2025-11-27T15:59:19.019889-08:00,write,key_833,309.42,true,false,2863
2025-11-27T15:59:19.018888-08:00,write,key_531,310.51,true,false,2865
2025-11-27T15:59:19.019161-08:00,write,key_544,310.30,true,false,2867
2025-11-27T15:59:19.329098-08:00,read,key_200,3.59,true,false,492
2025-11-27T15:59:19.329047-08:00,read,key_520,3.76,true,false,2489
2025-11-27T15:59:19.329177-08:00,read,key_348,4.00,true,false,2774
2025-11-27T15:59:19.20762-08:00,write,key_247,312.91,true,false,2871
2025-11-27T15:59:19.205478-08:00,write,key_393,315.20,true,false,2870
2025-11-27T15:59:19.205472-08:00,write,key_578,315.26,true,false,2869
2025-11-27T15:59:19.329312-08:00,write,key_394,307.76,true,false,2873
2025-11-27T15:59:19.329194-08:00,write,key_815,309.27,true,false,2872
2025-11-27T15:59:19.332809-08:00,write,key_936,307.74,true,false,2874
2025-11-27T15:59:19.332692-08:00,write,key_738,307.91,true,false,2875
2025-11-27T15:59:19.3294-08:00,write,key_117,314.07,true,false,2876
2025-11-27T15:59:19.329463-08:00,write,key_674,317.94,true,false,2878
2025-11-27T15:59:19.333176-08:00,write,key_829,314.25,true,false,2877
2025-11-27T15:59:19.520531-08:00,write,key_811,324.65,true,false,2879
2025-11-27T15:59:19.52073-08:00,write,key_584,324.46,true,false,2881
2025-11-27T15:59:19.520677-08:00,write,key_974,324.54,true,false,2880
2025-11-27T15:59:19.845182-08:00,read,key_19,2.43,true,false,583
2025-11-27T15:59:19.643469-08:00,write,key_814,306.35,true,false,2886
2025-11-27T15:59:19.638461-08:00,write,key_297,311.38,true,false,2883
2025-11-27T15:59:19.640605-08:00,write,key_707,309.42,true,false,2885
2025-11-27T15:59:19.640549-08:00,write,key_864,309.68,true,false,2884
2025-11-27T15:59:19.637082-08:00,write,key_496,313.58,true,false,2882
2025-11-27T15:59:19.64743-08:00,write,key_582,306.86,true,false,2888
2025-11-27T15:59:19.647403-08:00,write,key_626,306.93,true,false,2887
2025-11-27T15:59:19.954332-08:00,read,key_71,1.78,true,false,1572
2025-11-27T15:59:19.956118-08:00,read,key_496,1.19,true,false,2882
2025-11-27T15:59:19.845192-08:00,write,key_709,313.70,true,false,2889
2025-11-27T15:59:19.845221-08:00,write,key_237,313.78,true,false,2890
2025-11-27T15:59:19.847612-08:00,write,key_37,311.40,true,false,2891
2025-11-27T15:59:20.159057-08:00,read,key_191,2.53,true,false,521
2025-11-27T15:59:19.957306-08:00,write,key_551,308.02,true,false,2898
2025-11-27T15:59:19.950667-08:00,write,key_812,314.67,true,false,2895
2025-11-27T15:59:19.950028-08:00,write,key_538,315.36,true,false,2894
2025-11-27T15:59:19.949845-08:00,write,key_131,315.60,true,false,2896
2025-11-27T15:59:19.950227-08:00,write,key_866,315.52,true,false,2893
2025-11-27T15:59:19.949816-08:00,write,key_892,316.18,true,false,2892
2025-11-27T15:59:19.95429-08:00,write,key_815,311.75,true,false,2897
2025-11-27T15:59:20.265328-08:00,read,key_582,3.20,true,false,2888
2025-11-27T15:59:20.158894-08:00,write,key_348,311.30,true,false,2900
2025-11-27T15:59:20.161587-08:00,write,key_491,308.68,true,false,2901
2025-11-27T15:59:20.159142-08:00,write,key_391,311.19,true,false,2899
2025-11-27T15:59:20.266044-08:00,write,key_26,305.28,true,false,2903
2025-11-27T15:59:20.268529-08:00,write,key_94,315.55,true,false,2908
2025-11-27T15:59:20.265341-08:00,write,key_256,318.75,true,false,2906
2025-11-27T15:59:20.265997-08:00,write,key_981,318.19,true,false,2905
2025-11-27T15:59:20.265446-08:00,write,key_961,318.81,true,false,2904
2025-11-27T15:59:20.26539-08:00,write,key_138,318.92,true,false,2907
2025-11-27T15:59:20.265743-08:00,write,key_770,318.85,true,false,2902
2025-11-27T15:59:20.470193-08:00,write,key_301,310.65,true,false,2909
2025-11-27T15:59:20.470329-08:00,write,key_958,311.52,true,false,2910
2025-11-27T15:59:20.470264-08:00,write,key_111,312.25,true,false,2911
2025-11-27T15:59:20.571336-08:00,write,key_825,311.76,true,false,2912
2025-11-27T15:59:20.584252-08:00,write,key_90,307.52,true,false,2915
2025-11-27T15:59:20.584182-08:00,write,key_115,307.71,true,false,2916
2025-11-27T15:59:20.584596-08:00,write,key_951,307.30,true,false,2918
2025-11-27T15:59:20.584079-08:00,write,key_772,307.87,true,false,2917
2025-11-27T15:59:20.584313-08:00,write,key_890,307.67,true,false,2913
2025-11-27T15:59:20.58409-08:00,write,key_330,308.24,true,false,2914
2025-11-27T15:59:20.891898-08:00,read,key_952,2.37,false,false,0
2025-11-27T15:59:20.891984-08:00,read,key_54,3.16,false,false,0
2025-11-27T15:59:20.895149-08:00,read,key_115,0.82,true,false,2916
2025-11-27T15:59:20.782515-08:00,write,key_812,303.90,true,false,2921
2025-11-27T15:59:20.78086-08:00,write,key_21,305.65,true,false,2919
2025-11-27T15:59:21.08651-08:00,read,key_671,0.52,true,false,2327
2025-11-27T15:59:20.781847-08:00,write,key_582,306.94,true,false,2920
2025-11-27T15:59:20.883108-08:00,write,key_994,308.24,true,false,2922
2025-11-27T15:59:20.891771-08:00,write,key_71,307.01,true,false,2923
2025-11-27T15:59:20.892326-08:00,write,key_495,306.49,true,false,2927
2025-11-27T15:59:20.894271-08:00,write,key_369,304.78,true,false,2926
2025-11-27T15:59:20.891944-08:00,write,key_862,307.20,true,false,2924
2025-11-27T15:59:20.891891-08:00,write,key_17,307.30,true,false,2925
2025-11-27T15:59:20.895967-08:00,write,key_811,303.68,true,false,2928
2025-11-27T15:59:21.199051-08:00,read,key_980,2.59,true,false,1778
2025-11-27T15:59:21.08879-08:00,write,key_15,304.84,true,false,2931
2025-11-27T15:59:21.087027-08:00,write,key_398,308.73,true,false,2930
2025-11-27T15:59:21.086418-08:00,write,key_810,309.43,true,false,2929
2025-11-27T15:59:21.395758-08:00,read,key_591,0.42,true,false,1436
2025-11-27T15:59:21.191354-08:00,write,key_955,308.91,true,false,2932
2025-11-27T15:59:21.198777-08:00,write,key_428,305.26,true,false,2936
2025-11-27T15:59:21.199146-08:00,write,key_630,304.92,true,false,2934
2025-11-27T15:59:21.198814-08:00,write,key_521,305.30,true,false,2935
2025-11-27T15:59:21.199644-08:00,write,key_985,304.67,true,false,2937
2025-11-27T15:59:21.199193-08:00,write,key_777,305.17,true,false,2933
2025-11-27T15:59:21.201644-08:00,write,key_559,304.60,true,false,2938
2025-11-27T15:59:21.395851-08:00,write,key_811,306.63,true,false,2940
2025-11-27T15:59:21.39363-08:00,write,key_997,308.85,true,false,2939
2025-11-27T15:59:21.396178-08:00,write,key_349,306.31,true,false,2941
2025-11-27T15:59:21.500267-08:00,write,key_465,309.84,true,false,2942
2025-11-27T15:59:21.504035-08:00,write,key_17,306.21,true,false,2944
2025-11-27T15:59:21.504312-08:00,write,key_645,306.55,true,false,2947
2025-11-27T15:59:21.504357-08:00,write,key_242,307.26,true,false,2946
2025-11-27T15:59:21.506241-08:00,write,key_641,305.44,true,false,2948
2025-11-27T15:59:21.504065-08:00,write,key_237,307.63,true,false,2943
2025-11-27T15:59:21.504114-08:00,write,key_770,307.74,true,false,2945
2025-11-27T15:59:21.810242-08:00,read,key_992,4.56,true,false,2210
2025-11-27T15:59:21.70249-08:00,write,key_435,309.60,true,false,2949
2025-11-27T15:59:21.702483-08:00,write,key_12,309.67,true,false,2950
2025-11-27T15:59:21.702482-08:00,write,key_622,309.79,true,false,2951
2025-11-27T15:59:21.811851-08:00,write,key_25,310.44,true,false,2957
2025-11-27T15:59:21.814806-08:00,write,key_325,307.54,true,false,2958
2025-11-27T15:59:21.811698-08:00,write,key_254,310.97,true,false,2952
2025-11-27T15:59:21.811678-08:00,write,key_627,311.13,true,false,2953
2025-11-27T15:59:21.810866-08:00,write,key_26,311.95,true,false,2956
2025-11-27T15:59:21.811621-08:00,write,key_390,311.43,true,false,2955
2025-11-27T15:59:21.810114-08:00,write,key_490,313.03,true,false,2954
2025-11-27T15:59:22.123139-08:00,read,key_469,1.96,true,false,2676
2025-11-27T15:59:22.012277-08:00,write,key_70,308.86,true,false,2959
2025-11-27T15:59:22.012093-08:00,write,key_976,309.05,true,false,2961
2025-11-27T15:59:22.012151-08:00,write,key_993,309.08,true,false,2960
2025-11-27T15:59:22.122819-08:00,write,key_110,307.04,true,false,2965
2025-11-27T15:59:22.429866-08:00,read,key_957,1.46,true,false,2476
2025-11-27T15:59:22.122347-08:00,write,key_22,315.14,true,false,2964
2025-11-27T15:59:22.122811-08:00,write,key_138,315.63,true,false,2966
2025-11-27T15:59:22.125097-08:00,write,key_16,313.41,true,false,2968
2025-11-27T15:59:22.122291-08:00,write,key_596,317.51,true,false,2967
2025-11-27T15:59:22.123054-08:00,write,key_424,316.77,true,false,2962
2025-11-27T15:59:22.122672-08:00,write,key_771,317.28,true,false,2963
2025-11-27T15:59:22.321235-08:00,write,key_591,310.57,true,false,2970
2025-11-27T15:59:22.321141-08:00,write,key_298,310.76,true,false,2971
2025-11-27T15:59:22.32115-08:00,write,key_349,311.63,true,false,2969
2025-11-27T15:59:22.632781-08:00,read,key_836,3.08,false,false,0
2025-11-27T15:59:22.431329-08:00,write,key_340,309.47,true,false,2972
2025-11-27T15:59:22.438443-08:00,write,key_402,307.50,true,false,2973
2025-11-27T15:59:22.438509-08:00,write,key_74,307.47,true,false,2974
2025-11-27T15:59:22.437487-08:00,write,key_71,308.89,true,false,2975
2025-11-27T15:59:22.439823-08:00,write,key_30,308.47,true,false,2976
2025-11-27T15:59:22.746377-08:00,read,key_705,2.89,true,false,2825
2025-11-27T15:59:22.439947-08:00,write,key_571,309.32,true,false,2978
2025-11-27T15:59:22.439798-08:00,write,key_817,309.78,true,false,2977
2025-11-27T15:59:22.749578-08:00,read,key_35,0.52,false,false,0
2025-11-27T15:59:22.631901-08:00,write,key_117,315.78,true,false,2980
2025-11-27T15:59:22.635866-08:00,write,key_829,311.85,true,false,2981
2025-11-27T15:59:22.631803-08:00,write,key_194,316.14,true,false,2979
2025-11-27T15:59:22.740809-08:00,write,key_775,313.17,true,false,2982
2025-11-27T15:59:22.745973-08:00,write,key_392,308.11,true,false,2984
2025-11-27T15:59:22.745942-08:00,write,key_679,308.63,true,false,2983
2025-11-27T15:59:22.7501-08:00,write,key_391,306.68,true,false,2988
2025-11-27T15:59:22.749264-08:00,write,key_961,307.57,true,false,2986
2025-11-27T15:59:22.749269-08:00,write,key_594,307.72,true,false,2987
2025-11-27T15:59:22.748296-08:00,write,key_645,308.96,true,false,2985
2025-11-27T15:59:23.056776-08:00,read,key_28,1.68,true,false,2227
2025-11-27T15:59:22.947719-08:00,write,key_526,313.17,true,false,2989
2025-11-27T15:59:22.94768-08:00,write,key_320,313.21,true,false,2990
2025-11-27T15:59:22.947942-08:00,write,key_306,313.13,true,false,2991
2025-11-27T15:59:23.054087-08:00,write,key_391,308.94,true,false,2992
2025-11-27T15:59:23.054574-08:00,write,key_952,308.55,true,false,2994
2025-11-27T15:59:23.053981-08:00,write,key_12,310.19,true,false,2993
2025-11-27T15:59:23.05683-08:00,write,key_934,310.75,true,false,2995
2025-11-27T15:59:23.058452-08:00,write,key_989,309.59,true,false,2998
2025-11-27T15:59:23.056993-08:00,write,key_78,311.41,true,false,2997
2025-11-27T15:59:23.05726-08:00,write,key_136,311.57,true,false,2996
2025-11-27T15:59:23.261069-08:00,write,key_259,309.80,true,false,2999
2025-11-27T15:59:23.260894-08:00,write,key_497,311.09,true,false,3000
2025-11-27T15:59:23.26089-08:00,write,key_115,311.14,true,false,3001
2025-11-27T15:59:23.363126-08:00,write,key_25,310.85,true,false,3004
2025-11-27T15:59:23.363027-08:00,write,key_20,310.99,true,false,3003
2025-11-27T15:59:23.364169-08:00,write,key_397,309.96,true,false,3002
2025-11-27T15:59:23.368834-08:00,write,key_976,309.17,true,false,3005
2025-11-27T15:59:23.367576-08:00,write,key_70,310.49,true,false,3006
2025-11-27T15:59:23.674018-08:00,read,key_78,5.08,true,false,2997
2025-11-27T15:59:23.368037-08:00,write,key_423,311.18,true,false,3007
2025-11-27T15:59:23.368401-08:00,write,key_499,310.88,true,false,3008
2025-11-27T15:59:23.571986-08:00,write,key_512,310.82,true,false,3010
2025-11-27T15:59:23.572027-08:00,write,key_827,310.89,true,false,3011
2025-11-27T15:59:23.570879-08:00,write,key_72,312.10,true,false,3009
2025-11-27T15:59:23.678-08:00,write,key_552,308.25,true,false,3013
2025-11-27T15:59:23.678069-08:00,write,key_978,309.95,true,false,3014
2025-11-27T15:59:23.674128-08:00,write,key_595,313.94,true,false,3018
2025-11-27T15:59:23.679286-08:00,write,key_957,308.79,true,false,3015
2025-11-27T15:59:23.679219-08:00,write,key_893,308.96,true,false,3017
2025-11-27T15:59:23.679101-08:00,write,key_23,309.24,true,false,3016
2025-11-27T15:59:23.673975-08:00,write,key_79,314.38,true,false,3012
2025-11-27T15:59:23.882984-08:00,write,key_772,311.48,true,false,3019
2025-11-27T15:59:23.882916-08:00,write,key_951,311.64,true,false,3021
2025-11-27T15:59:23.882812-08:00,write,key_308,312.03,true,false,3020
2025-11-27T15:59:24.194461-08:00,read,key_209,1.83,false,false,0
2025-11-27T15:59:24.196289-08:00,read,key_78,1.22,true,false,2997
2025-11-27T15:59:23.988063-08:00,write,key_292,307.63,true,false,3025
2025-11-27T15:59:23.988356-08:00,write,key_813,307.35,true,false,3023
2025-11-27T15:59:23.988179-08:00,write,key_199,307.60,true,false,3027
2025-11-27T15:59:23.986258-08:00,write,key_116,309.64,true,false,3022
2025-11-27T15:59:23.98808-08:00,write,key_346,307.83,true,false,3026
2025-11-27T15:59:23.988015-08:00,write,key_110,308.35,true,false,3024
2025-11-27T15:59:24.295698-08:00,read,key_932,2.91,true,false,1789
2025-11-27T15:59:23.988341-08:00,write,key_114,312.15,true,false,3028
2025-11-27T15:59:24.194556-08:00,write,key_994,313.39,true,false,3030
2025-11-27T15:59:24.197506-08:00,write,key_135,310.92,true,false,3031
2025-11-27T15:59:24.194838-08:00,write,key_672,314.14,true,false,3029
2025-11-27T15:59:24.298611-08:00,write,key_258,314.06,true,false,3038
2025-11-27T15:59:24.29591-08:00,write,key_117,317.89,true,false,3034
2025-11-27T15:59:24.29636-08:00,write,key_71,317.47,true,false,3036
2025-11-27T15:59:24.295704-08:00,write,key_19,318.20,true,false,3033
2025-11-27T15:59:24.300488-08:00,write,key_141,313.95,true,false,3037
2025-11-27T15:59:24.295776-08:00,write,key_446,318.75,true,false,3032
2025-11-27T15:59:24.295903-08:00,write,key_130,318.65,true,false,3035
2025-11-27T15:59:24.50898-08:00,write,key_581,309.12,true,false,3041
2025-11-27T15:59:24.507957-08:00,write,key_26,310.29,true,false,3039
2025-11-27T15:59:24.50843-08:00,write,key_973,310.37,true,false,3040
2025-11-27T15:59:24.613834-08:00,write,key_988,310.57,true,false,3044
2025-11-27T15:59:24.612685-08:00,write,key_201,311.81,true,false,3042
2025-11-27T15:59:24.613906-08:00,write,key_492,311.56,true,false,3048
2025-11-27T15:59:24.614553-08:00,write,key_644,310.96,true,false,3045
2025-11-27T15:59:24.613796-08:00,write,key_556,312.17,true,false,3047
2025-11-27T15:59:24.614524-08:00,write,key_200,311.89,true,false,3046
2025-11-27T15:59:24.614434-08:00,write,key_950,312.90,true,false,3043
2025-11-27T15:59:24.818247-08:00,write,key_643,314.32,true,false,3050
2025-11-27T15:59:24.818805-08:00,write,key_834,314.73,true,false,3051
2025-11-27T15:59:24.818106-08:00,write,key_74,315.52,true,false,3049
2025-11-27T15:59:24.924407-08:00,write,key_72,320.11,true,false,3052
2025-11-27T15:59:24.924492-08:00,write,key_308,320.03,true,false,3053
2025-11-27T15:59:24.925965-08:00,write,key_647,318.60,true,false,3057
2025-11-27T15:59:24.927339-08:00,write,key_146,317.30,true,false,3056
2025-11-27T15:59:24.925513-08:00,write,key_593,319.15,true,false,3055
2025-11-27T15:59:24.925469-08:00,write,key_458,319.32,true,false,3054
2025-11-27T15:59:24.926419-08:00,write,key_417,318.67,true,false,3058
2025-11-27T15:59:25.132575-08:00,write,key_553,317.25,true,false,3059
2025-11-27T15:59:25.133533-08:00,write,key_698,316.36,true,false,3061
2025-11-27T15:59:25.133626-08:00,write,key_134,316.29,true,false,3060
2025-11-27T15:59:25.244638-08:00,write,key_670,308.61,true,false,3065
2025-11-27T15:59:25.244523-08:00,write,key_556,308.80,true,false,3062
2025-11-27T15:59:25.244567-08:00,write,key_555,308.77,true,false,3063
2025-11-27T15:59:25.244664-08:00,write,key_294,308.72,true,false,3066
2025-11-27T15:59:25.244514-08:00,write,key_253,308.92,true,false,3064
2025-11-27T15:59:25.245092-08:00,write,key_449,310.71,true,false,3068
2025-11-27T15:59:25.244785-08:00,write,key_490,312.08,true,false,3067
2025-11-27T15:59:25.553382-08:00,read,key_584,4.72,true,false,2881
2025-11-27T15:59:25.449914-08:00,write,key_262,314.04,true,false,3071
2025-11-27T15:59:25.449889-08:00,write,key_826,314.23,true,false,3070
2025-11-27T15:59:25.449827-08:00,write,key_431,314.76,true,false,3069
2025-11-27T15:59:25.553438-08:00,write,key_59,324.72,true,false,3077
2025-11-27T15:59:25.556866-08:00,write,key_582,321.34,true,false,3076
2025-11-27T15:59:25.5581-08:00,write,key_392,320.13,true,false,3078
2025-11-27T15:59:25.553336-08:00,write,key_774,324.93,true,false,3073
2025-11-27T15:59:25.5558-08:00,write,key_693,322.49,true,false,3075
2025-11-27T15:59:25.553246-08:00,write,key_140,325.09,true,false,3072
2025-11-27T15:59:25.55332-08:00,write,key_463,325.03,true,false,3074
2025-11-27T15:59:25.878208-08:00,read,key_52,0.68,true,false,2843
2025-11-27T15:59:25.764582-08:00,write,key_550,314.53,true,false,3081
2025-11-27T15:59:25.76396-08:00,write,key_115,315.17,true,false,3079
2025-11-27T15:59:25.764119-08:00,write,key_113,315.04,true,false,3080
2025-11-27T15:59:25.87829-08:00,write,key_113,309.78,true,false,3086
2025-11-27T15:59:25.878345-08:00,write,key_973,311.02,true,false,3087
2025-11-27T15:59:25.878235-08:00,write,key_301,311.21,true,false,3084
2025-11-27T15:59:25.878162-08:00,write,key_834,312.41,true,false,3083
2025-11-27T15:59:25.878891-08:00,write,key_774,311.83,true,false,3088
2025-11-27T15:59:26.188077-08:00,read,key_110,2.71,true,false,3024
2025-11-27T15:59:25.878266-08:00,write,key_810,312.54,true,false,3082
2025-11-27T15:59:25.878331-08:00,write,key_670,312.50,true,false,3085
2025-11-27T15:59:26.190828-08:00,read,key_317,5.11,true,false,2731
2025-11-27T15:59:26.079125-08:00,write,key_996,312.61,true,false,3090
2025-11-27T15:59:26.079158-08:00,write,key_358,313.20,true,false,3089
2025-11-27T15:59:26.079116-08:00,write,key_895,313.28,true,false,3091
2025-11-27T15:59:26.189361-08:00,write,key_238,309.25,true,false,3094
2025-11-27T15:59:26.189446-08:00,write,key_817,309.21,true,false,3095
2025-11-27T15:59:26.190801-08:00,write,key_770,307.93,true,false,3093
2025-11-27T15:59:26.190724-08:00,write,key_495,308.20,true,false,3092
2025-11-27T15:59:26.190574-08:00,write,key_258,309.35,true,false,3097
2025-11-27T15:59:26.190793-08:00,write,key_316,309.19,true,false,3096
2025-11-27T15:59:26.195941-08:00,write,key_827,305.00,true,false,3098
2025-11-27T15:59:26.392357-08:00,write,key_13,316.07,true,false,3101
2025-11-27T15:59:26.392394-08:00,write,key_473,316.08,true,false,3100
2025-11-27T15:59:26.391749-08:00,write,key_552,320.10,true,false,3099
2025-11-27T15:59:26.500942-08:00,write,key_55,311.80,true,false,3108
2025-11-27T15:59:26.81275-08:00,read,key_839,1.88,true,false,2205
2025-11-27T15:59:26.499922-08:00,write,key_964,315.42,true,false,3107
2025-11-27T15:59:26.498919-08:00,write,key_314,317.51,true,false,3105
2025-11-27T15:59:26.49998-08:00,write,key_423,316.80,true,false,3106
2025-11-27T15:59:26.498733-08:00,write,key_934,318.10,true,false,3102
2025-11-27T15:59:26.498653-08:00,write,key_393,318.48,true,false,3104
2025-11-27T15:59:26.498607-08:00,write,key_320,318.58,true,false,3103
2025-11-27T15:59:26.816833-08:00,read,key_963,2.92,true,false,1862
2025-11-27T15:59:26.817187-08:00,read,key_955,2.62,true,false,2932
2025-11-27T15:59:26.708431-08:00,write,key_891,315.05,true,false,3110
2025-11-27T15:59:26.708473-08:00,write,key_138,315.05,true,false,3109
2025-11-27T15:59:26.711846-08:00,write,key_324,311.78,true,false,3111
2025-11-27T15:59:26.815344-08:00,write,key_997,310.19,true,false,3113
2025-11-27T15:59:26.816428-08:00,write,key_496,310.44,true,false,3115
2025-11-27T15:59:26.81463-08:00,write,key_458,312.40,true,false,3112
2025-11-27T15:59:26.817135-08:00,write,key_518,309.94,true,false,3114
2025-11-27T15:59:26.816777-08:00,write,key_976,310.43,true,false,3116
2025-11-27T15:59:26.819811-08:00,write,key_327,310.28,true,false,3118
2025-11-27T15:59:26.819759-08:00,write,key_51,311.40,true,false,3117
2025-11-27T15:59:27.023479-08:00,write,key_449,311.85,true,false,3119
2025-11-27T15:59:27.023627-08:00,write,key_301,311.79,true,false,3121
2025-11-27T15:59:27.023518-08:00,write,key_135,316.52,true,false,3120
2025-11-27T15:59:27.126867-08:00,write,key_290,313.39,true,false,3123
2025-11-27T15:59:27.127034-08:00,write,key_118,313.26,true,false,3124
2025-11-27T15:59:27.127203-08:00,write,key_159,313.56,true,false,3126
2025-11-27T15:59:27.125536-08:00,write,key_620,315.62,true,false,3125
2025-11-27T15:59:27.130095-08:00,write,key_624,311.28,true,false,3127
2025-11-27T15:59:27.127079-08:00,write,key_457,314.36,true,false,3122
2025-11-27T15:59:27.440296-08:00,read,key_490,2.70,true,false,3067
2025-11-27T15:59:27.131163-08:00,write,key_465,311.88,true,false,3128
2025-11-27T15:59:27.34004-08:00,write,key_36,309.30,true,false,3131
2025-11-27T15:59:27.335327-08:00,write,key_12,314.03,true,false,3129
2025-11-27T15:59:27.335418-08:00,write,key_830,314.07,true,false,3130
2025-11-27T15:59:27.649359-08:00,read,key_258,4.72,true,false,3097
2025-11-27T15:59:27.443041-08:00,write,key_461,313.07,true,false,3138
2025-11-27T15:59:27.442998-08:00,write,key_556,313.21,true,false,3137
2025-11-27T15:59:27.440767-08:00,write,key_146,315.69,true,false,3136
2025-11-27T15:59:27.441434-08:00,write,key_676,315.19,true,false,3133
2025-11-27T15:59:27.441379-08:00,write,key_627,315.32,true,false,3134
2025-11-27T15:59:27.440255-08:00,write,key_981,317.29,true,false,3132
2025-11-27T15:59:27.441159-08:00,write,key_772,316.45,true,false,3135
2025-11-27T15:59:27.756205-08:00,read,key_957,2.62,true,false,3015
2025-11-27T15:59:27.649341-08:00,write,key_117,315.95,true,false,3139
2025-11-27T15:59:27.654083-08:00,write,key_582,311.27,true,false,3141
2025-11-27T15:59:27.649485-08:00,write,key_420,316.20,true,false,3140
2025-11-27T15:59:27.96569-08:00,read,key_558,1.36,true,false,2706
2025-11-27T15:59:27.758829-08:00,write,key_814,311.32,true,false,3148
2025-11-27T15:59:27.756109-08:00,write,key_119,314.16,true,false,3144
2025-11-27T15:59:27.756623-08:00,write,key_818,313.74,true,false,3142
2025-11-27T15:59:27.756696-08:00,write,key_257,313.75,true,false,3143
2025-11-27T15:59:27.75646-08:00,write,key_37,314.10,true,false,3145
2025-11-27T15:59:27.757608-08:00,write,key_552,313.27,true,false,3147
2025-11-27T15:59:27.757542-08:00,write,key_55,313.61,true,false,3146
2025-11-27T15:59:28.070267-08:00,read,key_15,3.05,true,false,2931
2025-11-27T15:59:27.967054-08:00,write,key_492,313.21,true,false,3151
2025-11-27T15:59:27.965355-08:00,write,key_971,316.06,true,false,3149
2025-11-27T15:59:27.965293-08:00,write,key_17,321.36,true,false,3150
2025-11-27T15:59:28.286657-08:00,read,key_417,0.50,true,false,3058
2025-11-27T15:59:28.07088-08:00,write,key_625,314.39,true,false,3153
2025-11-27T15:59:28.073317-08:00,write,key_830,313.49,true,false,3158
2025-11-27T15:59:28.070447-08:00,write,key_984,319.68,true,false,3157
2025-11-27T15:59:28.071148-08:00,write,key_250,319.10,true,false,3154
2025-11-27T15:59:28.070149-08:00,write,key_492,320.17,true,false,3152
2025-11-27T15:59:28.070564-08:00,write,key_255,319.79,true,false,3155
2025-11-27T15:59:28.07036-08:00,write,key_306,320.03,true,false,3156
2025-11-27T15:59:28.390322-08:00,read,key_78,1.98,true,false,2997
2025-11-27T15:59:28.390387-08:00,read,key_699,3.49,false,false,0
2025-11-27T15:59:28.287154-08:00,write,key_75,307.19,true,false,3161
2025-11-27T15:59:28.281413-08:00,write,key_38,314.05,true,false,3160
2025-11-27T15:59:28.28028-08:00,write,key_341,315.77,true,false,3159
2025-11-27T15:59:28.386809-08:00,write,key_580,319.08,true,false,3163
2025-11-27T15:59:28.390246-08:00,write,key_326,315.86,true,false,3164
2025-11-27T15:59:28.393876-08:00,write,key_636,313.77,true,false,3168
2025-11-27T15:59:28.385275-08:00,write,key_17,322.41,true,false,3162
2025-11-27T15:59:28.390356-08:00,write,key_36,317.36,true,false,3166
2025-11-27T15:59:28.392306-08:00,write,key_982,315.47,true,false,3167
2025-11-27T15:59:28.39013-08:00,write,key_592,317.92,true,false,3165
2025-11-27T15:59:28.596052-08:00,write,key_492,307.16,true,false,3169
2025-11-27T15:59:28.595461-08:00,write,key_688,307.78,true,false,3170
2025-11-27T15:59:28.594359-08:00,write,key_437,310.60,true,false,3171
2025-11-27T15:59:28.706108-08:00,write,key_593,306.85,true,false,3173
2025-11-27T15:59:28.705888-08:00,write,key_204,315.25,true,false,3172
2025-11-27T15:59:28.707772-08:00,write,key_57,313.76,true,false,3176
2025-11-27T15:59:28.707646-08:00,write,key_599,314.17,true,false,3174
2025-11-27T15:59:28.708048-08:00,write,key_305,313.87,true,false,3175
2025-11-27T15:59:28.707713-08:00,write,key_416,315.42,true,false,3178
2025-11-27T15:59:28.707687-08:00,write,key_78,315.47,true,false,3177
2025-11-27T15:59:29.021915-08:00,read,key_22,2.56,true,false,2964
2025-11-27T15:59:28.903221-08:00,write,key_525,314.12,true,false,3180
2025-11-27T15:59:28.904962-08:00,write,key_589,312.39,true,false,3181
2025-11-27T15:59:28.903244-08:00,write,key_997,314.40,true,false,3179
2025-11-27T15:59:29.012958-08:00,write,key_990,307.95,true,false,3182
2025-11-27T15:59:29.021533-08:00,write,key_550,315.84,true,false,3184
2025-11-27T15:59:29.021133-08:00,write,key_570,316.25,true,false,3185
2025-11-27T15:59:29.021815-08:00,write,key_118,315.60,true,false,3183
2025-11-27T15:59:29.023137-08:00,write,key_836,314.50,true,false,3186
2025-11-27T15:59:29.023161-08:00,write,key_235,314.51,true,false,3187
2025-11-27T15:59:29.024473-08:00,write,key_424,313.20,true,false,3188
2025-11-27T15:59:29.21734-08:00,write,key_813,307.30,true,false,3189
2025-11-27T15:59:29.217351-08:00,write,key_411,310.59,true,false,3190
2025-11-27T15:59:29.217645-08:00,write,key_448,310.94,true,false,3191
2025-11-27T15:59:29.320914-08:00,write,key_730,308.85,true,false,3192
2025-11-27T15:59:29.337372-08:00,write,key_317,306.65,true,false,3194
2025-11-27T15:59:29.337419-08:00,write,key_676,306.70,true,false,3196
2025-11-27T15:59:29.33764-08:00,write,key_892,307.04,true,false,3195
2025-11-27T15:59:29.337668-08:00,write,key_346,307.33,true,false,3197
2025-11-27T15:59:29.337677-08:00,write,key_255,307.51,true,false,3198
2025-11-27T15:59:29.337386-08:00,write,key_135,307.95,true,false,3193
2025-11-27T15:59:29.528587-08:00,write,key_356,311.53,true,false,3201
2025-11-27T15:59:29.527939-08:00,write,key_203,312.21,true,false,3200
2025-11-27T15:59:29.524653-08:00,write,key_968,315.60,true,false,3199
2025-11-27T15:59:29.629773-08:00,write,key_201,313.13,true,false,3202
2025-11-27T15:59:29.644019-08:00,write,key_29,307.30,true,false,3208
2025-11-27T15:59:29.64519-08:00,write,key_764,308.80,true,false,3204
2025-11-27T15:59:29.644116-08:00,write,key_556,309.97,true,false,3206
2025-11-27T15:59:29.644685-08:00,write,key_392,309.42,true,false,3207
2025-11-27T15:59:29.645339-08:00,write,key_251,308.76,true,false,3205
2025-11-27T15:59:29.645078-08:00,write,key_582,309.23,true,false,3203
2025-11-27T15:59:29.84015-08:00,write,key_202,306.58,true,false,3209
2025-11-27T15:59:29.840114-08:00,write,key_683,307.48,true,false,3210
2025-11-27T15:59:29.840252-08:00,write,key_57,308.90,true,false,3211
2025-11-27T15:59:29.94291-08:00,write,key_302,307.62,true,false,3212
2025-11-27T15:59:29.951321-08:00,write,key_56,305.72,true,false,3213
2025-11-27T15:59:29.953986-08:00,write,key_639,308.00,true,false,3215
2025-11-27T15:59:29.954081-08:00,write,key_80,308.98,true,false,3214
2025-11-27T15:59:29.954309-08:00,write,key_344,309.53,true,false,3218
2025-11-27T15:59:29.954099-08:00,write,key_832,309.82,true,false,3216
2025-11-27T15:59:29.954101-08:00,write,key_678,309.90,true,false,3217
2025-11-27T15:59:30.147593-08:00,write,key_811,313.62,true,false,3220
2025-11-27T15:59:30.149157-08:00,write,key_695,314.48,true,false,3221
2025-11-27T15:59:30.14674-08:00,write,key_512,316.97,true,false,3219
2025-11-27T15:59:30.250538-08:00,write,key_458,313.28,true,false,3222
2025-11-27T15:59:30.257043-08:00,write,key_696,309.09,true,false,3223
2025-11-27T15:59:30.261992-08:00,write,key_346,305.90,true,false,3224
2025-11-27T15:59:30.263922-08:00,write,key_954,307.34,true,false,3227
2025-11-27T15:59:30.263997-08:00,write,key_73,307.32,true,false,3228
2025-11-27T15:59:30.263063-08:00,write,key_472,308.27,true,false,3225
2025-11-27T15:59:30.263836-08:00,write,key_84,307.54,true,false,3226
2025-11-27T15:59:30.463712-08:00,write,key_579,308.88,true,false,3231
2025-11-27T15:59:30.461234-08:00,write,key_308,311.54,true,false,3229
2025-11-27T15:59:30.463641-08:00,write,key_514,310.65,true,false,3230
2025-11-27T15:59:30.772606-08:00,read,key_986,2.75,true,false,2041
2025-11-27T15:59:30.567893-08:00,write,key_625,308.40,true,false,3234
2025-11-27T15:59:30.563835-08:00,write,key_433,312.67,true,false,3232
2025-11-27T15:59:30.566137-08:00,write,key_691,310.91,true,false,3233
2025-11-27T15:59:30.571328-08:00,write,key_344,314.78,true,false,3237
2025-11-27T15:59:30.571373-08:00,write,key_428,314.73,true,false,3238
2025-11-27T15:59:30.571266-08:00,write,key_433,315.14,true,false,3235
2025-11-27T15:59:30.571321-08:00,write,key_953,315.10,true,false,3236
2025-11-27T15:59:30.876505-08:00,read,key_968,10.02,true,false,3199
2025-11-27T15:59:30.772779-08:00,write,key_932,307.60,true,false,3239
2025-11-27T15:59:30.774288-08:00,write,key_837,307.70,true,false,3240
2025-11-27T15:59:30.775356-08:00,write,key_115,308.77,true,false,3241
2025-11-27T15:59:30.886142-08:00,write,key_851,305.96,true,false,3245
2025-11-27T15:59:30.886105-08:00,write,key_231,306.05,true,false,3244
2025-11-27T15:59:30.876293-08:00,write,key_457,317.89,true,false,3243
2025-11-27T15:59:30.886525-08:00,write,key_159,307.76,true,false,3247
2025-11-27T15:59:30.886422-08:00,write,key_958,308.14,true,false,3248
2025-11-27T15:59:30.87705-08:00,write,key_318,317.55,true,false,3242
2025-11-27T15:59:30.886405-08:00,write,key_326,308.30,true,false,3246
2025-11-27T15:59:31.080397-08:00,write,key_503,312.55,true,false,3249
2025-11-27T15:59:31.081986-08:00,write,key_306,311.09,true,false,3250
2025-11-27T15:59:31.08413-08:00,write,key_176,309.60,true,false,3251
2025-11-27T15:59:31.194186-08:00,write,key_361,308.01,true,false,3255
2025-11-27T15:59:31.194707-08:00,write,key_638,307.56,true,false,3258
2025-11-27T15:59:31.194289-08:00,write,key_681,308.19,true,false,3254
2025-11-27T15:59:31.192104-08:00,write,key_432,310.38,true,false,3253
2025-11-27T15:59:31.192159-08:00,write,key_834,310.56,true,false,3252
2025-11-27T15:59:31.194561-08:00,write,key_73,308.75,true,false,3256
2025-11-27T15:59:31.194595-08:00,write,key_513,308.72,true,false,3257
2025-11-27T15:59:31.502715-08:00,read,key_13,2.99,true,false,3101
2025-11-27T15:59:31.393073-08:00,write,key_77,310.96,true,false,3260
2025-11-27T15:59:31.392949-08:00,write,key_976,312.86,true,false,3259
2025-11-27T15:59:31.393728-08:00,write,key_492,312.88,true,false,3261
2025-11-27T15:59:31.503311-08:00,write,key_185,310.26,true,false,3262
2025-11-27T15:59:31.502485-08:00,write,key_57,311.30,true,false,3266
2025-11-27T15:59:31.5022-08:00,write,key_562,312.25,true,false,3265
2025-11-27T15:59:31.50331-08:00,write,key_974,311.38,true,false,3263
2025-11-27T15:59:31.502268-08:00,write,key_419,312.66,true,false,3264
2025-11-27T15:59:31.505704-08:00,write,key_679,310.56,true,false,3268
2025-11-27T15:59:31.502485-08:00,write,key_770,313.85,true,false,3267
2025-11-27T15:59:31.814928-08:00,read,key_830,3.78,true,false,3158
2025-11-27T15:59:31.705804-08:00,write,key_180,313.62,true,false,3269
2025-11-27T15:59:31.704044-08:00,write,key_808,315.46,true,false,3270
2025-11-27T15:59:31.706603-08:00,write,key_593,312.92,true,false,3271
2025-11-27T15:59:31.813787-08:00,write,key_473,307.74,true,false,3275
2025-11-27T15:59:31.814691-08:00,write,key_576,308.34,true,false,3273
2025-11-27T15:59:31.818714-08:00,write,key_807,304.34,true,false,3278
2025-11-27T15:59:31.814451-08:00,write,key_499,308.62,true,false,3272
2025-11-27T15:59:31.816336-08:00,write,key_15,306.78,true,false,3277
2025-11-27T15:59:31.813572-08:00,write,key_446,309.56,true,false,3274
2025-11-27T15:59:31.81626-08:00,write,key_442,306.93,true,false,3276
2025-11-27T15:59:32.123028-08:00,read,key_556,2.08,true,false,3206
2025-11-27T15:59:32.019524-08:00,write,key_17,312.95,true,false,3279
2025-11-27T15:59:32.019429-08:00,write,key_837,313.12,true,false,3280
2025-11-27T15:59:32.019506-08:00,write,key_587,321.88,true,false,3281
2025-11-27T15:59:32.125113-08:00,write,key_844,311.88,true,false,3288
2025-11-27T15:59:32.123055-08:00,write,key_559,313.94,true,false,3286
2025-11-27T15:59:32.121531-08:00,write,key_956,315.52,true,false,3282
2025-11-27T15:59:32.123114-08:00,write,key_773,314.04,true,false,3285
2025-11-27T15:59:32.123193-08:00,write,key_474,314.07,true,false,3284
2025-11-27T15:59:32.123127-08:00,write,key_892,314.44,true,false,3287
2025-11-27T15:59:32.123071-08:00,write,key_68,314.67,true,false,3283
2025-11-27T15:59:32.437569-08:00,read,key_561,3.10,true,false,2362
2025-11-27T15:59:32.437743-08:00,read,key_528,4.37,true,false,2065
2025-11-27T15:59:32.33255-08:00,write,key_365,312.73,true,false,3290
2025-11-27T15:59:32.332483-08:00,write,key_969,314.21,true,false,3289
2025-11-27T15:59:32.341382-08:00,write,key_960,307.20,true,false,3291
2025-11-27T15:59:32.437047-08:00,write,key_836,313.11,true,false,3295
2025-11-27T15:59:32.436993-08:00,write,key_447,313.31,true,false,3294
2025-11-27T15:59:32.44067-08:00,write,key_573,309.79,true,false,3297
2025-11-27T15:59:32.436994-08:00,write,key_600,313.51,true,false,3292
2025-11-27T15:59:32.437152-08:00,write,key_347,314.16,true,false,3293
2025-11-27T15:59:32.437261-08:00,write,key_461,314.29,true,false,3296
2025-11-27T15:59:32.44211-08:00,write,key_327,309.54,true,false,3298
2025-11-27T15:59:32.750158-08:00,read,key_411,6.84,true,false,3190
2025-11-27T15:59:32.646694-08:00,write,key_390,312.83,true,false,3299
2025-11-27T15:59:32.648585-08:00,write,key_137,311.06,true,false,3301
2025-11-27T15:59:32.645285-08:00,write,key_591,314.42,true,false,3300
2025-11-27T15:59:32.751553-08:00,write,key_487,312.98,true,false,3302
2025-11-27T15:59:32.751647-08:00,write,key_758,313.07,true,false,3307
2025-11-27T15:59:32.750455-08:00,write,key_59,314.35,true,false,3305
2025-11-27T15:59:32.750499-08:00,write,key_233,314.39,true,false,3304
2025-11-27T15:59:32.757003-08:00,write,key_209,307.91,true,false,3308
2025-11-27T15:59:32.751311-08:00,write,key_816,313.92,true,false,3303
2025-11-27T15:59:32.750302-08:00,write,key_492,315.06,true,false,3306
2025-11-27T15:59:33.065231-08:00,read,key_561,2.65,true,false,2362
2025-11-27T15:59:33.064546-08:00,read,key_991,6.10,true,false,1361
2025-11-27T15:59:32.959529-08:00,write,key_318,314.66,true,false,3309
2025-11-27T15:59:32.959643-08:00,write,key_771,314.57,true,false,3311
2025-11-27T15:59:32.959708-08:00,write,key_130,314.61,true,false,3310
2025-11-27T15:59:33.064809-08:00,write,key_428,310.92,true,false,3314
2025-11-27T15:59:33.064886-08:00,write,key_4,310.86,true,false,3316
2025-11-27T15:59:33.064718-08:00,write,key_670,311.77,true,false,3313
2025-11-27T15:59:33.065361-08:00,write,key_818,311.78,true,false,3312
2025-11-27T15:59:33.064911-08:00,write,key_393,312.38,true,false,3315
2025-11-27T15:59:33.377145-08:00,read,key_56,3.87,true,false,3213
2025-11-27T15:59:33.067884-08:00,write,key_774,314.41,true,false,3317
2025-11-27T15:59:33.070644-08:00,write,key_415,311.69,true,false,3318
2025-11-27T15:59:33.274215-08:00,write,key_627,308.99,true,false,3320
2025-11-27T15:59:33.274188-08:00,write,key_621,309.07,true,false,3319
2025-11-27T15:59:33.583211-08:00,read,key_138,3.90,true,false,3109
2025-11-27T15:59:33.274321-08:00,write,key_33,313.43,true,false,3321
2025-11-27T15:59:33.382335-08:00,write,key_173,308.99,true,false,3328
2025-11-27T15:59:33.382296-08:00,write,key_999,309.07,true,false,3327
2025-11-27T15:59:33.377296-08:00,write,key_681,314.14,true,false,3325
2025-11-27T15:59:33.375749-08:00,write,key_767,315.74,true,false,3322
2025-11-27T15:59:33.375731-08:00,write,key_599,315.84,true,false,3324
2025-11-27T15:59:33.376491-08:00,write,key_711,315.49,true,false,3323
2025-11-27T15:59:33.381016-08:00,write,key_813,311.00,true,false,3326
2025-11-27T15:59:33.587111-08:00,write,key_954,308.45,true,false,3330
2025-11-27T15:59:33.587749-08:00,write,key_12,307.85,true,false,3331
2025-11-27T15:59:33.583259-08:00,write,key_96,314.96,true,false,3329
2025-11-27T15:59:33.69137-08:00,write,key_67,309.48,true,false,3335
2025-11-27T15:59:33.691976-08:00,write,key_980,309.14,true,false,3333
2025-11-27T15:59:33.691568-08:00,write,key_365,309.81,true,false,3336
2025-11-27T15:59:33.692014-08:00,write,key_831,310.16,true,false,3332
2025-11-27T15:59:33.691329-08:00,write,key_33,310.85,true,false,3334
2025-11-27T15:59:33.691488-08:00,write,key_767,310.72,true,false,3338
2025-11-27T15:59:33.691434-08:00,write,key_71,310.79,true,false,3337
2025-11-27T15:59:34.001113-08:00,read,key_673,2.19,true,false,2049
2025-11-27T15:59:33.895568-08:00,write,key_778,314.48,true,false,3340
2025-11-27T15:59:33.895594-08:00,write,key_324,314.54,true,false,3339
2025-11-27T15:59:33.898223-08:00,write,key_986,312.16,true,false,3341
2025-11-27T15:59:34.00218-08:00,write,key_951,310.89,true,false,3346
2025-11-27T15:59:34.000863-08:00,write,key_586,312.31,true,false,3343
2025-11-27T15:59:34.0033-08:00,write,key_349,309.89,true,false,3347
2025-11-27T15:59:34.001375-08:00,write,key_965,311.97,true,false,3342
2025-11-27T15:59:34.00221-08:00,write,key_27,311.62,true,false,3344
2025-11-27T15:59:34.002226-08:00,write,key_962,311.71,true,false,3348
2025-11-27T15:59:34.002171-08:00,write,key_981,313.26,true,false,3345
2025-11-27T15:59:34.315429-08:00,read,key_320,5.06,true,false,3354
2025-11-27T15:59:34.210137-08:00,write,key_150,316.81,true,false,3350
2025-11-27T15:59:34.210052-08:00,write,key_982,322.95,true,false,3349
2025-11-27T15:59:34.210384-08:00,write,key_329,322.72,true,false,3351
2025-11-27T15:59:34.313073-08:00,write,key_392,318.99,true,false,3352
2025-11-27T15:59:34.313177-08:00,write,key_301,318.97,true,false,3353
2025-11-27T15:59:34.313931-08:00,write,key_435,318.23,true,false,3357
2025-11-27T15:59:34.313346-08:00,write,key_182,318.89,true,false,3356
2025-11-27T15:59:34.313195-08:00,write,key_71,319.07,true,false,3355
2025-11-27T15:59:34.31383-08:00,write,key_320,318.83,true,false,3354
2025-11-27T15:59:34.320494-08:00,write,key_550,312.26,true,false,3358
2025-11-27T15:59:34.533105-08:00,write,key_92,312.75,true,false,3360
2025-11-27T15:59:34.526947-08:00,write,key_837,319.68,true,false,3359
2025-11-27T15:59:34.533002-08:00,write,key_36,313.75,true,false,3361
2025-11-27T15:59:34.63275-08:00,write,key_575,315.29,true,false,3368
2025-11-27T15:59:34.632164-08:00,write,key_76,316.00,true,false,3364
2025-11-27T15:59:34.632234-08:00,write,key_306,315.97,true,false,3363
2025-11-27T15:59:34.632264-08:00,write,key_53,316.00,true,false,3362
2025-11-27T15:59:34.632063-08:00,write,key_170,316.26,true,false,3367
2025-11-27T15:59:34.632144-08:00,write,key_426,316.20,true,false,3365
2025-11-27T15:59:34.63266-08:00,write,key_490,315.78,true,false,3366
2025-11-27T15:59:34.948043-08:00,read,key_583,4.91,true,false,2782
2025-11-27T15:59:34.84675-08:00,write,key_673,319.38,true,false,3371
2025-11-27T15:59:34.846624-08:00,write,key_204,319.60,true,false,3370
2025-11-27T15:59:34.845856-08:00,write,key_79,320.45,true,false,3369
2025-11-27T15:59:34.948268-08:00,write,key_230,316.59,true,false,3374
2025-11-27T15:59:34.948325-08:00,write,key_977,316.59,true,false,3375
2025-11-27T15:59:34.948164-08:00,write,key_159,316.81,true,false,3373
2025-11-27T15:59:34.948201-08:00,write,key_236,316.78,true,false,3372
2025-11-27T15:59:34.948437-08:00,write,key_759,316.60,true,false,3378
2025-11-27T15:59:34.952953-08:00,write,key_563,312.17,true,false,3377
2025-11-27T15:59:34.948347-08:00,write,key_832,317.06,true,false,3376
2025-11-27T15:59:35.264913-08:00,read,key_347,5.01,true,false,3293
2025-11-27T15:59:35.166224-08:00,write,key_671,316.51,true,false,3379
2025-11-27T15:59:35.166133-08:00,write,key_472,316.62,true,false,3380
2025-11-27T15:59:35.166305-08:00,write,key_327,316.48,true,false,3381
2025-11-27T15:59:35.26541-08:00,write,key_636,331.57,true,false,3387
2025-11-27T15:59:35.269924-08:00,write,key_116,327.06,true,false,3388
2025-11-27T15:59:35.265039-08:00,write,key_329,332.06,true,false,3386
2025-11-27T15:59:35.265123-08:00,write,key_66,332.01,true,false,3382
2025-11-27T15:59:35.264985-08:00,write,key_530,332.17,true,false,3385
2025-11-27T15:59:35.264972-08:00,write,key_581,332.22,true,false,3384
2025-11-27T15:59:35.264858-08:00,write,key_712,332.37,true,false,3383
2025-11-27T15:59:35.597153-08:00,read,key_899,2.86,true,false,2716
2025-11-27T15:59:35.482756-08:00,write,key_91,312.81,true,false,3389
2025-11-27T15:59:35.482738-08:00,write,key_28,312.89,true,false,3390
2025-11-27T15:59:35.482785-08:00,write,key_117,312.88,true,false,3391
2025-11-27T15:59:35.795566-08:00,read,key_984,2.29,true,false,3157
2025-11-27T15:59:35.795665-08:00,read,key_325,8.31,true,false,2958
2025-11-27T15:59:35.803977-08:00,read,key_736,2.60,true,false,2334
2025-11-27T15:59:35.597196-08:00,write,key_673,307.32,true,false,3393
2025-11-27T15:59:35.597097-08:00,write,key_74,310.64,true,false,3392
2025-11-27T15:59:35.597228-08:00,write,key_117,311.42,true,false,3394
2025-11-27T15:59:35.597135-08:00,write,key_470,311.56,true,false,3397
2025-11-27T15:59:35.596983-08:00,write,key_329,313.23,true,false,3396
2025-11-27T15:59:35.600014-08:00,write,key_819,310.20,true,false,3398
2025-11-27T15:59:35.596976-08:00,write,key_218,313.49,true,false,3395
2025-11-27T15:59:35.908695-08:00,read,key_130,4.63,true,false,3310
2025-11-27T15:59:35.91047-08:00,read,key_801,5.50,true,false,2496
2025-11-27T15:59:35.795626-08:00,write,key_396,312.78,true,false,3399
2025-11-27T15:59:35.797857-08:00,write,key_185,310.56,true,false,3400
2025-11-27T15:59:35.806577-08:00,write,key_999,305.42,true,false,3401
2025-11-27T15:59:35.904529-08:00,write,key_322,308.18,true,false,3402
2025-11-27T15:59:35.90774-08:00,write,key_59,305.03,true,false,3403
2025-11-27T15:59:35.908644-08:00,write,key_78,306.63,true,false,3404
2025-11-27T15:59:35.91021-08:00,write,key_187,307.24,true,false,3405
2025-11-27T15:59:35.913327-08:00,write,key_50,304.21,true,false,3407
2025-11-27T15:59:35.910217-08:00,write,key_710,307.42,true,false,3406
2025-11-27T15:59:35.91597-08:00,write,key_521,306.11,true,false,3408
2025-11-27T15:59:36.222085-08:00,read,key_283,1.53,false,false,0
2025-11-27T15:59:36.108423-08:00,write,key_427,313.99,true,false,3410
2025-11-27T15:59:36.108413-08:00,write,key_114,314.72,true,false,3409
2025-11-27T15:59:36.111997-08:00,write,key_558,311.29,true,false,3411
2025-11-27T15:59:36.212714-08:00,write,key_300,317.06,true,false,3412
2025-11-27T15:59:36.217537-08:00,write,key_170,312.30,true,false,3416
2025-11-27T15:59:36.217448-08:00,write,key_905,312.55,true,false,3415
2025-11-27T15:59:36.215274-08:00,write,key_596,314.74,true,false,3414
2025-11-27T15:59:36.212768-08:00,write,key_15,317.28,true,false,3413
2025-11-27T15:59:36.217636-08:00,write,key_623,312.46,true,false,3417
2025-11-27T15:59:36.223613-08:00,write,key_128,307.88,true,false,3418
2025-11-27T15:59:36.529834-08:00,read,key_930,5.23,true,false,1180
2025-11-27T15:59:36.531494-08:00,read,key_957,5.97,true,false,3015
2025-11-27T15:59:36.423286-08:00,write,key_115,310.36,true,false,3420
2025-11-27T15:59:36.423135-08:00,write,key_574,310.72,true,false,3419
2025-11-27T15:59:36.422414-08:00,write,key_961,312.30,true,false,3421
2025-11-27T15:59:36.733854-08:00,read,key_958,3.40,true,false,3248
2025-11-27T15:59:36.737253-08:00,read,key_441,1.15,true,false,1538
2025-11-27T15:59:36.535066-08:00,write,key_819,310.90,true,false,3427
2025-11-27T15:59:36.52978-08:00,write,key_559,317.38,true,false,3422
2025-11-27T15:59:36.529999-08:00,write,key_475,317.40,true,false,3423
2025-11-27T15:59:36.530048-08:00,write,key_139,317.58,true,false,3424
2025-11-27T15:59:36.530012-08:00,write,key_905,317.68,true,false,3425
2025-11-27T15:59:36.537467-08:00,write,key_55,310.30,true,false,3428
2025-11-27T15:59:36.530092-08:00,write,key_79,318.03,true,false,3426
2025-11-27T15:59:36.7384-08:00,write,key_698,307.58,true,false,3431
2025-11-27T15:59:36.734714-08:00,write,key_777,311.36,true,false,3429
2025-11-27T15:59:36.733656-08:00,write,key_85,312.49,true,false,3430
2025-11-27T15:59:36.847402-08:00,write,key_7,308.63,true,false,3435
2025-11-27T15:59:36.847765-08:00,write,key_431,309.11,true,false,3437
2025-11-27T15:59:36.847633-08:00,write,key_995,310.49,true,false,3433
2025-11-27T15:59:36.845978-08:00,write,key_322,312.19,true,false,3432
2025-11-27T15:59:36.847695-08:00,write,key_571,310.54,true,false,3434
2025-11-27T15:59:36.848121-08:00,write,key_436,310.12,true,false,3438
2025-11-27T15:59:36.847162-08:00,write,key_675,312.04,true,false,3436
2025-11-27T15:59:37.045984-08:00,write,key_780,313.90,true,false,3440
2025-11-27T15:59:37.046074-08:00,write,key_629,314.18,true,false,3439
2025-11-27T15:59:37.046142-08:00,write,key_764,314.71,true,false,3441
2025-11-27T15:59:37.360851-08:00,read,key_398,1.84,true,false,2930
2025-11-27T15:59:37.156046-08:00,write,key_638,306.81,true,false,3442
2025-11-27T15:59:37.156873-08:00,write,key_137,308.07,true,false,3443
2025-11-27T15:59:37.462861-08:00,read,key_785,2.11,false,false,0
2025-11-27T15:59:37.158126-08:00,write,key_927,311.30,true,false,3445
2025-11-27T15:59:37.1592-08:00,write,key_922,310.46,true,false,3448
2025-11-27T15:59:37.158232-08:00,write,key_550,311.47,true,false,3447
2025-11-27T15:59:37.158164-08:00,write,key_499,311.97,true,false,3446
2025-11-27T15:59:37.158244-08:00,write,key_119,314.67,true,false,3444
2025-11-27T15:59:37.472917-08:00,read,key_670,1.57,true,false,3313
2025-11-27T15:59:37.474493-08:00,read,key_937,0.52,true,false,1206
2025-11-27T15:59:37.360258-08:00,write,key_671,312.83,true,false,3450
2025-11-27T15:59:37.362695-08:00,write,key_961,311.48,true,false,3451
2025-11-27T15:59:37.359904-08:00,write,key_412,314.36,true,false,3449
2025-11-27T15:59:37.464972-08:00,write,key_631,310.00,true,false,3453
2025-11-27T15:59:37.464946-08:00,write,key_995,310.36,true,false,3452
2025-11-27T15:59:37.470138-08:00,write,key_187,307.44,true,false,3457
2025-11-27T15:59:37.469702-08:00,write,key_433,307.91,true,false,3456
2025-11-27T15:59:37.469428-08:00,write,key_995,310.72,true,false,3454
2025-11-27T15:59:37.469664-08:00,write,key_956,310.57,true,false,3455
2025-11-27T15:59:37.475018-08:00,write,key_920,306.42,true,false,3458
2025-11-27T15:59:37.780149-08:00,read,key_933,1.56,true,false,2434
2025-11-27T15:59:37.780239-08:00,read,key_43,1.49,true,false,1253
2025-11-27T15:59:37.673101-08:00,write,key_237,314.39,true,false,3459
2025-11-27T15:59:37.674262-08:00,write,key_931,315.75,true,false,3461
2025-11-27T15:59:37.674174-08:00,write,key_437,315.89,true,false,3460
2025-11-27T15:59:37.775349-08:00,write,key_986,319.61,true,false,3463
2025-11-27T15:59:37.781707-08:00,write,key_452,313.26,true,false,3467
2025-11-27T15:59:37.777615-08:00,write,key_363,317.44,true,false,3465
2025-11-27T15:59:37.781433-08:00,write,key_33,313.77,true,false,3466
2025-11-27T15:59:37.777582-08:00,write,key_830,318.11,true,false,3464
2025-11-27T15:59:37.774975-08:00,write,key_115,320.78,true,false,3462
2025-11-27T15:59:37.781732-08:00,write,key_593,314.05,true,false,3468
2025-11-27T15:59:38.094971-08:00,read,key_687,3.03,true,false,2726
2025-11-27T15:59:37.987498-08:00,write,key_341,313.67,true,false,3469
2025-11-27T15:59:37.990063-08:00,write,key_998,311.95,true,false,3471
2025-11-27T15:59:37.990011-08:00,write,key_926,312.29,true,false,3470
2025-11-27T15:59:38.09496-08:00,write,key_900,308.80,true,false,3475
2025-11-27T15:59:38.095056-08:00,write,key_969,308.74,true,false,3476
2025-11-27T15:59:38.095687-08:00,write,key_116,308.26,true,false,3472
2025-11-27T15:59:38.095204-08:00,write,key_776,308.82,true,false,3477
2025-11-27T15:59:38.098007-08:00,write,key_259,306.62,true,false,3478
2025-11-27T15:59:38.095785-08:00,write,key_696,308.86,true,false,3473
2025-11-27T15:59:38.095752-08:00,write,key_110,308.91,true,false,3474
2025-11-27T15:59:38.301167-08:00,write,key_777,311.24,true,false,3479
2025-11-27T15:59:38.302299-08:00,write,key_698,310.17,true,false,3481
2025-11-27T15:59:38.302008-08:00,write,key_476,311.38,true,false,3480
2025-11-27T15:59:38.612413-08:00,read,key_997,2.68,true,false,3179
2025-11-27T15:59:38.615099-08:00,read,key_494,1.04,true,false,2608
2025-11-27T15:59:38.403941-08:00,write,key_24,312.76,true,false,3483
2025-11-27T15:59:38.404648-08:00,write,key_365,312.07,true,false,3486
2025-11-27T15:59:38.403754-08:00,write,key_291,313.08,true,false,3485
2025-11-27T15:59:38.404659-08:00,write,key_35,312.24,true,false,3487
2025-11-27T15:59:38.404628-08:00,write,key_256,312.70,true,false,3488
2025-11-27T15:59:38.403796-08:00,write,key_572,313.72,true,false,3484
2025-11-27T15:59:38.404021-08:00,write,key_139,313.77,true,false,3482
2025-11-27T15:59:38.717518-08:00,read,key_135,3.03,true,false,3193
2025-11-27T15:59:38.717325-08:00,read,key_27,3.35,true,false,3344
2025-11-27T15:59:38.612466-08:00,write,key_834,312.41,true,false,3489
2025-11-27T15:59:38.616139-08:00,write,key_203,308.78,true,false,3491
2025-11-27T15:59:38.613388-08:00,write,key_581,312.89,true,false,3490
2025-11-27T15:59:38.926278-08:00,read,key_775,2.19,true,false,2982
2025-11-27T15:59:38.720549-08:00,write,key_835,307.68,true,false,3497
2025-11-27T15:59:38.716837-08:00,write,key_35,311.45,true,false,3495
2025-11-27T15:59:38.720672-08:00,write,key_640,307.76,true,false,3498
2025-11-27T15:59:38.717795-08:00,write,key_35,310.69,true,false,3493
2025-11-27T15:59:38.716896-08:00,write,key_29,311.81,true,false,3496
2025-11-27T15:59:38.716701-08:00,write,key_898,312.16,true,false,3494
2025-11-27T15:59:38.716722-08:00,write,key_594,312.20,true,false,3492
2025-11-27T15:59:38.924918-08:00,write,key_699,314.64,true,false,3499
2025-11-27T15:59:38.928474-08:00,write,key_836,311.09,true,false,3501
2025-11-27T15:59:38.924881-08:00,write,key_71,314.75,true,false,3500
2025-11-27T15:59:39.028433-08:00,write,key_599,319.71,true,false,3507
2025-11-27T15:59:39.028285-08:00,write,key_1,319.97,true,false,3506
2025-11-27T15:59:39.02871-08:00,write,key_117,319.55,true,false,3504
2025-11-27T15:59:39.028919-08:00,write,key_524,319.41,true,false,3502
2025-11-27T15:59:39.028233-08:00,write,key_237,320.17,true,false,3505
2025-11-27T15:59:39.028861-08:00,write,key_779,319.66,true,false,3503
2025-11-27T15:59:39.028486-08:00,write,key_25,320.08,true,false,3508
2025-11-27T15:59:39.348562-08:00,read,key_961,2.48,true,false,3451
2025-11-27T15:59:39.348255-08:00,read,key_418,2.86,true,false,1899
2025-11-27T15:59:39.239557-08:00,write,key_320,310.04,true,false,3510
2025-11-27T15:59:39.239564-08:00,write,key_626,310.06,true,false,3509
2025-11-27T15:59:39.239631-08:00,write,key_478,310.03,true,false,3511
2025-11-27T15:59:39.549658-08:00,read,key_785,6.61,false,false,0
2025-11-27T15:59:39.348402-08:00,write,key_568,314.99,true,false,3514
2025-11-27T15:59:39.348328-08:00,write,key_905,315.24,true,false,3513
2025-11-27T15:59:39.348253-08:00,write,key_417,316.24,true,false,3516
2025-11-27T15:59:39.351112-08:00,write,key_372,314.85,true,false,3518
2025-11-27T15:59:39.348518-08:00,write,key_130,317.51,true,false,3515
2025-11-27T15:59:39.348146-08:00,write,key_439,317.89,true,false,3512
2025-11-27T15:59:39.351043-08:00,write,key_292,315.08,true,false,3517
2025-11-27T15:59:39.556268-08:00,write,key_961,306.91,true,false,3521
2025-11-27T15:59:39.549599-08:00,write,key_935,313.91,true,false,3519
2025-11-27T15:59:39.549622-08:00,write,key_775,314.18,true,false,3520
2025-11-27T15:59:39.664489-08:00,write,key_437,308.24,true,false,3522
2025-11-27T15:59:39.663394-08:00,write,key_77,309.51,true,false,3523
2025-11-27T15:59:39.663571-08:00,write,key_850,309.39,true,false,3524
2025-11-27T15:59:39.666026-08:00,write,key_693,309.89,true,false,3527
2025-11-27T15:59:39.665963-08:00,write,key_436,310.25,true,false,3525
2025-11-27T15:59:39.666037-08:00,write,key_568,310.57,true,false,3526
2025-11-27T15:59:39.666119-08:00,write,key_760,310.59,true,false,3528
2025-11-27T15:59:39.97661-08:00,read,key_561,3.49,true,false,2362
2025-11-27T15:59:39.863798-08:00,write,key_322,315.04,true,false,3530
2025-11-27T15:59:39.863513-08:00,write,key_93,315.42,true,false,3529
2025-11-27T15:59:39.863196-08:00,write,key_209,315.87,true,false,3531
2025-11-27T15:59:39.972959-08:00,write,key_599,309.30,true,false,3532
2025-11-27T15:59:39.972731-08:00,write,key_231,309.55,true,false,3534
2025-11-27T15:59:39.97291-08:00,write,key_970,309.41,true,false,3533
2025-11-27T15:59:39.980103-08:00,write,key_24,307.09,true,false,3538
2025-11-27T15:59:40.282286-08:00,read,key_366,4.92,true,false,2032
2025-11-27T15:59:39.976704-08:00,write,key_201,310.90,true,false,3535
2025-11-27T15:59:39.975915-08:00,write,key_37,311.70,true,false,3536
2025-11-27T15:59:39.976211-08:00,write,key_622,311.45,true,false,3537
2025-11-27T15:59:40.287665-08:00,read,key_650,2.15,true,false,2420
2025-11-27T15:59:40.179062-08:00,write,key_114,314.46,true,false,3541
2025-11-27T15:59:40.178935-08:00,write,key_233,314.81,true,false,3540
2025-11-27T15:59:40.178836-08:00,write,key_73,317.00,true,false,3539
2025-11-27T15:59:40.287609-08:00,write,key_72,307.78,true,false,3543
2025-11-27T15:59:40.287616-08:00,write,key_465,310.87,true,false,3544
2025-11-27T15:59:40.282261-08:00,write,key_328,316.32,true,false,3542
2025-11-27T15:59:40.287191-08:00,write,key_139,313.82,true,false,3546
2025-11-27T15:59:40.28232-08:00,write,key_341,319.00,true,false,3547
2025-11-27T15:59:40.287211-08:00,write,key_644,315.61,true,false,3545
2025-11-27T15:59:40.289818-08:00,write,key_50,313.15,true,false,3548
2025-11-27T15:59:40.602825-08:00,read,key_411,1.53,true,false,3190
2025-11-27T15:59:40.495836-08:00,write,key_567,318.30,true,false,3551
2025-11-27T15:59:40.493528-08:00,write,key_117,320.62,true,false,3550
2025-11-27T15:59:40.49374-08:00,write,key_844,320.43,true,false,3549
2025-11-27T15:59:40.814144-08:00,read,key_54,1.73,false,false,0
2025-11-27T15:59:40.598483-08:00,write,key_201,315.30,true,false,3553
2025-11-27T15:59:40.598585-08:00,write,key_139,315.31,true,false,3554
2025-11-27T15:59:40.595387-08:00,write,key_44,318.57,true,false,3552
2025-11-27T15:59:40.913962-08:00,read,key_188,0.56,true,false,2285
2025-11-27T15:59:40.602962-08:00,write,key_479,311.83,true,false,3557
2025-11-27T15:59:40.601014-08:00,write,key_112,314.71,true,false,3555
2025-11-27T15:59:40.604356-08:00,write,key_952,311.41,true,false,3558
2025-11-27T15:59:40.601316-08:00,write,key_739,314.46,true,false,3556
2025-11-27T15:59:40.814134-08:00,write,key_206,307.03,true,false,3560
2025-11-27T15:59:40.814172-08:00,write,key_992,308.93,true,false,3559
2025-11-27T15:59:40.815878-08:00,write,key_324,308.16,true,false,3561
2025-11-27T15:59:41.123104-08:00,read,key_902,2.32,true,false,2400
2025-11-27T15:59:40.915722-08:00,write,key_411,305.83,true,false,3566
2025-11-27T15:59:40.913891-08:00,write,key_323,307.68,true,false,3563
2025-11-27T15:59:40.915768-08:00,write,key_879,305.87,true,false,3567
2025-11-27T15:59:40.914518-08:00,write,key_616,307.23,true,false,3564
2025-11-27T15:59:40.913786-08:00,write,key_174,308.05,true,false,3562
2025-11-27T15:59:40.915778-08:00,write,key_131,306.14,true,false,3568
2025-11-27T15:59:40.914796-08:00,write,key_478,307.17,true,false,3565
2025-11-27T15:59:41.121183-08:00,write,key_751,308.47,true,false,3569
2025-11-27T15:59:41.124039-08:00,write,key_135,305.65,true,false,3570
2025-11-27T15:59:41.12543-08:00,write,key_118,306.33,true,false,3571
2025-11-27T15:59:41.221556-08:00,write,key_847,311.31,true,false,3573
2025-11-27T15:59:41.221639-08:00,write,key_77,311.26,true,false,3576
2025-11-27T15:59:41.221917-08:00,write,key_95,311.12,true,false,3577
2025-11-27T15:59:41.221572-08:00,write,key_175,311.80,true,false,3572
2025-11-27T15:59:41.221966-08:00,write,key_834,311.53,true,false,3578
2025-11-27T15:59:41.221743-08:00,write,key_186,311.84,true,false,3575
2025-11-27T15:59:41.221836-08:00,write,key_697,311.76,true,false,3574
2025-11-27T15:59:41.533103-08:00,read,key_137,4.63,true,false,3443
2025-11-27T15:59:41.533579-08:00,read,key_693,4.19,true,false,3527
2025-11-27T15:59:41.5335-08:00,read,key_349,4.34,true,false,3347
2025-11-27T15:59:41.537771-08:00,read,key_621,2.01,true,false,3319
2025-11-27T15:59:41.42969-08:00,write,key_465,312.12,true,false,3580
2025-11-27T15:59:41.431758-08:00,write,key_572,310.14,true,false,3581
2025-11-27T15:59:41.429657-08:00,write,key_560,314.14,true,false,3579
2025-11-27T15:59:41.743803-08:00,read,key_114,1.90,true,false,3541
2025-11-27T15:59:41.532898-08:00,write,key_902,314.41,true,false,3582
2025-11-27T15:59:41.539781-08:00,write,key_476,307.76,true,false,3588
2025-11-27T15:59:41.533593-08:00,write,key_43,314.37,true,false,3584
2025-11-27T15:59:41.533369-08:00,write,key_637,315.38,true,false,3583
2025-11-27T15:59:41.537737-08:00,write,key_231,311.07,true,false,3586
2025-11-27T15:59:41.532871-08:00,write,key_966,315.98,true,false,3585
2025-11-27T15:59:41.537842-08:00,write,key_697,311.03,true,false,3587
2025-11-27T15:59:41.848802-08:00,read,key_104,4.95,true,false,2557
2025-11-27T15:59:41.741902-08:00,write,key_991,314.87,true,false,3589
2025-11-27T15:59:41.745704-08:00,write,key_692,311.12,true,false,3591
2025-11-27T15:59:41.741807-08:00,write,key_187,315.09,true,false,3590
2025-11-27T15:59:41.847958-08:00,write,key_184,314.67,true,false,3592
2025-11-27T15:59:41.848849-08:00,write,key_850,313.85,true,false,3594
2025-11-27T15:59:41.853758-08:00,write,key_365,308.96,true,false,3596
2025-11-27T15:59:41.84887-08:00,write,key_22,313.89,true,false,3598
2025-11-27T15:59:41.847539-08:00,write,key_965,315.78,true,false,3593
2025-11-27T15:59:41.848751-08:00,write,key_242,314.70,true,false,3597
2025-11-27T15:59:41.847312-08:00,write,key_474,316.92,true,false,3595
2025-11-27T15:59:42.056826-08:00,write,key_598,313.65,true,false,3601
2025-11-27T15:59:42.056895-08:00,write,key_560,313.61,true,false,3599
2025-11-27T15:59:42.056775-08:00,write,key_894,314.19,true,false,3600
2025-11-27T15:59:42.16272-08:00,write,key_250,314.15,true,false,3607
2025-11-27T15:59:42.162627-08:00,write,key_51,315.77,true,false,3603
2025-11-27T15:59:42.162701-08:00,write,key_976,315.72,true,false,3604
2025-11-27T15:59:42.163315-08:00,write,key_39,315.20,true,false,3605
2025-11-27T15:59:42.163454-08:00,write,key_565,315.45,true,false,3602
2025-11-27T15:59:42.164228-08:00,write,key_133,315.51,true,false,3608
2025-11-27T15:59:42.162757-08:00,write,key_389,317.02,true,false,3606
2025-11-27T15:59:42.479779-08:00,read,key_956,2.62,true,false,3455
2025-11-27T15:59:42.370965-08:00,write,key_563,312.65,true,false,3609
2025-11-27T15:59:42.370476-08:00,write,key_8,313.15,true,false,3611
2025-11-27T15:59:42.370502-08:00,write,key_437,313.25,true,false,3610
2025-11-27T15:59:42.478398-08:00,write,key_135,319.79,true,false,3613
2025-11-27T15:59:42.47852-08:00,write,key_777,319.70,true,false,3614
2025-11-27T15:59:42.482406-08:00,write,key_875,315.83,true,false,3618
2025-11-27T15:59:42.478901-08:00,write,key_201,319.35,true,false,3616
2025-11-27T15:59:42.479741-08:00,write,key_99,318.56,true,false,3617
2025-11-27T15:59:42.478424-08:00,write,key_417,319.89,true,false,3615
2025-11-27T15:59:42.476871-08:00,write,key_470,321.47,true,false,3612
2025-11-27T15:59:42.798233-08:00,read,key_179,0.76,true,false,2008
2025-11-27T15:59:42.683627-08:00,write,key_959,312.63,true,false,3620
2025-11-27T15:59:42.683753-08:00,write,key_233,312.56,true,false,3621
2025-11-27T15:59:42.683611-08:00,write,key_565,312.75,true,false,3619
2025-11-27T15:59:42.99631-08:00,read,key_968,4.52,true,false,3199
2025-11-27T15:59:42.798252-08:00,write,key_899,306.56,true,false,3624
2025-11-27T15:59:42.798187-08:00,write,key_696,306.70,true,false,3622
2025-11-27T15:59:42.798338-08:00,write,key_835,309.15,true,false,3627
2025-11-27T15:59:42.7983-08:00,write,key_390,309.31,true,false,3625
2025-11-27T15:59:42.798223-08:00,write,key_588,309.73,true,false,3623
2025-11-27T15:59:42.798311-08:00,write,key_589,309.69,true,false,3628
2025-11-27T15:59:42.798991-08:00,write,key_201,309.08,true,false,3626
2025-11-27T15:59:42.996262-08:00,write,key_255,311.62,true,false,3629
2025-11-27T15:59:43.000835-08:00,write,key_568,309.25,true,false,3630
2025-11-27T15:59:42.996357-08:00,write,key_306,317.08,true,false,3631
2025-11-27T15:59:43.104818-08:00,write,key_22,304.44,true,false,3633
2025-11-27T15:59:43.104885-08:00,write,key_85,306.62,true,false,3632
2025-11-27T15:59:43.107952-08:00,write,key_833,306.09,true,false,3637
2025-11-27T15:59:43.108074-08:00,write,key_93,306.04,true,false,3638
2025-11-27T15:59:43.107608-08:00,write,key_561,306.54,true,false,3635
2025-11-27T15:59:43.10749-08:00,write,key_328,306.74,true,false,3636
2025-11-27T15:59:43.108003-08:00,write,key_234,306.24,true,false,3634
2025-11-27T15:59:43.313438-08:00,write,key_347,309.64,true,false,3641
2025-11-27T15:59:43.3079-08:00,write,key_386,315.24,true,false,3640
2025-11-27T15:59:43.310082-08:00,write,key_578,314.26,true,false,3639
2025-11-27T15:59:43.62314-08:00,read,key_596,1.70,true,false,3414
2025-11-27T15:59:43.624837-08:00,read,key_70,1.50,true,false,3006
2025-11-27T15:59:43.411505-08:00,write,key_488,315.80,true,false,3643
2025-11-27T15:59:43.414242-08:00,write,key_299,313.22,true,false,3646
2025-11-27T15:59:43.414044-08:00,write,key_185,313.50,true,false,3645
2025-11-27T15:59:43.409257-08:00,write,key_488,318.34,true,false,3642
2025-11-27T15:59:43.41415-08:00,write,key_57,313.63,true,false,3648
2025-11-27T15:59:43.414116-08:00,write,key_91,313.70,true,false,3644
2025-11-27T15:59:43.414227-08:00,write,key_642,313.61,true,false,3647
2025-11-27T15:59:43.727776-08:00,read,key_630,1.38,true,false,2934
2025-11-27T15:59:43.623083-08:00,write,key_391,306.02,true,false,3649
2025-11-27T15:59:43.624339-08:00,write,key_52,304.77,true,false,3650
2025-11-27T15:59:43.626343-08:00,write,key_598,306.56,true,false,3651
2025-11-27T15:59:43.9329-08:00,read,key_831,0.86,true,false,3332
2025-11-27T15:59:43.72784-08:00,write,key_476,307.68,true,false,3655
2025-11-27T15:59:43.727591-08:00,write,key_774,308.14,true,false,3653
2025-11-27T15:59:43.729153-08:00,write,key_555,307.28,true,false,3658
2025-11-27T15:59:43.727459-08:00,write,key_206,310.39,true,false,3657
2025-11-27T15:59:43.727547-08:00,write,key_204,310.76,true,false,3652
2025-11-27T15:59:43.727304-08:00,write,key_595,311.17,true,false,3654
2025-11-27T15:59:43.727815-08:00,write,key_27,310.97,true,false,3656
2025-11-27T15:59:44.035729-08:00,read,key_258,3.17,true,false,3097
2025-11-27T15:59:43.929113-08:00,write,key_779,311.56,true,false,3659
2025-11-27T15:59:43.929113-08:00,write,key_133,311.57,true,false,3660
2025-11-27T15:59:43.933761-08:00,write,key_115,307.36,true,false,3661
2025-11-27T15:59:44.035518-08:00,write,key_230,317.64,true,false,3662
2025-11-27T15:59:44.038904-08:00,write,key_136,314.35,true,false,3663
2025-11-27T15:59:44.036433-08:00,write,key_567,316.86,true,false,3668
2025-11-27T15:59:44.037851-08:00,write,key_112,315.65,true,false,3665
2025-11-27T15:59:44.038786-08:00,write,key_99,314.75,true,false,3666
2025-11-27T15:59:44.038475-08:00,write,key_692,315.06,true,false,3664
2025-11-27T15:59:44.038305-08:00,write,key_833,315.26,true,false,3667
2025-11-27T15:59:44.353502-08:00,read,key_419,0.84,true,false,3264
2025-11-27T15:59:44.240679-08:00,write,key_100,313.73,true,false,3671
2025-11-27T15:59:44.241118-08:00,write,key_634,313.32,true,false,3670
2025-11-27T15:59:44.240688-08:00,write,key_228,313.80,true,false,3669
2025-11-27T15:59:44.353563-08:00,write,key_432,310.46,true,false,3673
2025-11-27T15:59:44.353254-08:00,write,key_939,313.36,true,false,3677
2025-11-27T15:59:44.354347-08:00,write,key_698,313.87,true,false,3678
2025-11-27T15:59:44.353166-08:00,write,key_436,315.22,true,false,3672
2025-11-27T15:59:44.353537-08:00,write,key_635,314.88,true,false,3674
2025-11-27T15:59:44.353296-08:00,write,key_478,316.55,true,false,3676
2025-11-27T15:59:44.353532-08:00,write,key_931,316.35,true,false,3675
2025-11-27T15:59:44.668384-08:00,read,key_876,2.46,true,false,2569
2025-11-27T15:59:44.66985-08:00,read,key_343,1.80,true,false,2384
2025-11-27T15:59:44.670848-08:00,read,key_858,1.48,true,false,1764
2025-11-27T15:59:44.554411-08:00,write,key_877,314.76,true,false,3680
2025-11-27T15:59:44.554486-08:00,write,key_417,314.96,true,false,3681
2025-11-27T15:59:44.554443-08:00,write,key_326,317.13,true,false,3679
2025-11-27T15:59:44.869185-08:00,read,key_968,4.39,true,false,3199
2025-11-27T15:59:44.873577-08:00,read,key_207,2.07,false,false,0
2025-11-27T15:59:44.664022-08:00,write,key_896,305.69,true,false,3682
2025-11-27T15:59:44.666617-08:00,write,key_417,306.26,true,false,3683
2025-11-27T15:59:44.668218-08:00,write,key_70,308.85,true,false,3685
2025-11-27T15:59:44.668415-08:00,write,key_652,308.70,true,false,3684
2025-11-27T15:59:44.669881-08:00,write,key_299,307.28,true,false,3686
2025-11-27T15:59:44.672328-08:00,write,key_566,304.85,true,false,3688
2025-11-27T15:59:44.671654-08:00,write,key_870,305.54,true,false,3687
2025-11-27T15:59:44.86945-08:00,write,key_52,318.67,true,false,3689
2025-11-27T15:59:44.875644-08:00,write,key_698,312.49,true,false,3691
2025-11-27T15:59:44.871569-08:00,write,key_922,316.65,true,false,3690
2025-11-27T15:59:45.188218-08:00,read,key_657,3.04,true,false,2226
2025-11-27T15:59:44.972877-08:00,write,key_480,310.86,true,false,3693
2025-11-27T15:59:44.969721-08:00,write,key_876,314.08,true,false,3692
2025-11-27T15:59:44.977191-08:00,write,key_595,313.64,true,false,3696
2025-11-27T15:59:44.97707-08:00,write,key_419,314.11,true,false,3695
2025-11-27T15:59:44.977156-08:00,write,key_699,314.17,true,false,3697
2025-11-27T15:59:44.977117-08:00,write,key_346,314.23,true,false,3694
2025-11-27T15:59:44.977174-08:00,write,key_110,314.27,true,false,3698
2025-11-27T15:59:45.291178-08:00,read,key_698,3.71,true,false,3691
2025-11-27T15:59:45.191261-08:00,write,key_691,304.03,true,false,3701
2025-11-27T15:59:45.188121-08:00,write,key_576,307.20,true,false,3699
2025-11-27T15:59:45.495319-08:00,read,key_320,0.91,true,false,3510
2025-11-27T15:59:45.188132-08:00,write,key_625,309.40,true,false,3700
2025-11-27T15:59:45.291326-08:00,write,key_78,308.50,true,false,3705
2025-11-27T15:59:45.291444-08:00,write,key_188,308.48,true,false,3707
2025-11-27T15:59:45.290828-08:00,write,key_897,309.11,true,false,3704
2025-11-27T15:59:45.2838-08:00,write,key_112,316.17,true,false,3702
2025-11-27T15:59:45.291345-08:00,write,key_594,308.69,true,false,3706
2025-11-27T15:59:45.283735-08:00,write,key_556,316.46,true,false,3703
2025-11-27T15:59:45.294889-08:00,write,key_239,306.29,true,false,3708
2025-11-27T15:59:45.495288-08:00,write,key_690,313.01,true,false,3709
2025-11-27T15:59:45.497534-08:00,write,key_637,313.39,true,false,3711
2025-11-27T15:59:45.496226-08:00,write,key_23,314.79,true,false,3710
2025-11-27T15:59:45.59992-08:00,write,key_967,310.40,true,false,3713
2025-11-27T15:59:45.600197-08:00,write,key_851,313.90,true,false,3717
2025-11-27T15:59:45.601178-08:00,write,key_344,312.94,true,false,3718
2025-11-27T15:59:45.599939-08:00,write,key_691,314.30,true,false,3712
2025-11-27T15:59:45.600039-08:00,write,key_597,314.54,true,false,3714
2025-11-27T15:59:45.599971-08:00,write,key_845,314.76,true,false,3716
2025-11-27T15:59:45.599829-08:00,write,key_94,315.30,true,false,3715
2025-11-27T15:59:45.808303-08:00,write,key_646,314.64,true,false,3720
2025-11-27T15:59:45.811021-08:00,write,key_133,312.24,true,false,3719
2025-11-27T15:59:45.810925-08:00,write,key_568,312.38,true,false,3721
2025-11-27T15:59:45.914101-08:00,write,key_647,311.08,true,false,3723
2025-11-27T15:59:45.915129-08:00,write,key_931,310.07,true,false,3727
2025-11-27T15:59:45.914236-08:00,write,key_954,312.83,true,false,3724
2025-11-27T15:59:45.910342-08:00,write,key_888,316.81,true,false,3722
2025-11-27T15:59:45.914112-08:00,write,key_151,313.34,true,false,3728
2025-11-27T15:59:45.914581-08:00,write,key_236,312.87,true,false,3725
2025-11-27T15:59:45.914734-08:00,write,key_990,312.77,true,false,3726
2025-11-27T15:59:46.12326-08:00,write,key_345,309.23,true,false,3731
2025-11-27T15:59:46.123308-08:00,write,key_602,309.36,true,false,3730
2025-11-27T15:59:46.122954-08:00,write,key_52,311.26,true,false,3729
2025-11-27T15:59:46.225192-08:00,write,key_860,314.33,true,false,3732
2025-11-27T15:59:46.227502-08:00,write,key_415,312.13,true,false,3738
2025-11-27T15:59:46.22715-08:00,write,key_994,312.60,true,false,3737
2025-11-27T15:59:46.225202-08:00,write,key_76,314.61,true,false,3733
2025-11-27T15:59:46.227448-08:00,write,key_397,312.69,true,false,3734
2025-11-27T15:59:46.227449-08:00,write,key_416,312.71,true,false,3735
2025-11-27T15:59:46.227061-08:00,write,key_871,313.13,true,false,3736
2025-11-27T15:59:46.432492-08:00,write,key_329,312.36,true,false,3739
2025-11-27T15:59:46.432669-08:00,write,key_432,312.87,true,false,3740
2025-11-27T15:59:46.434219-08:00,write,key_571,311.41,true,false,3741
2025-11-27T15:59:46.744858-08:00,read,key_835,1.68,true,false,3627
2025-11-27T15:59:46.745538-08:00,read,key_493,2.02,true,false,2670
2025-11-27T15:59:46.746543-08:00,read,key_776,1.58,true,false,3477
2025-11-27T15:59:46.539632-08:00,write,key_236,309.54,true,false,3742
2025-11-27T15:59:46.540194-08:00,write,key_444,309.05,true,false,3745
2025-11-27T15:59:46.539784-08:00,write,key_778,310.67,true,false,3748
2025-11-27T15:59:46.540158-08:00,write,key_369,310.73,true,false,3743
2025-11-27T15:59:46.53981-08:00,write,key_136,311.16,true,false,3744
2025-11-27T15:59:46.539522-08:00,write,key_347,311.73,true,false,3747
2025-11-27T15:59:46.540134-08:00,write,key_995,311.35,true,false,3746
2025-11-27T15:59:46.745625-08:00,write,key_77,313.95,true,false,3749
2025-11-27T15:59:46.747555-08:00,write,key_224,312.26,true,false,3750
2025-11-27T15:59:46.748119-08:00,write,key_23,312.24,true,false,3751
2025-11-27T15:59:47.06036-08:00,read,key_110,2.22,true,false,3698
2025-11-27T15:59:46.850884-08:00,write,key_497,311.98,true,false,3754
2025-11-27T15:59:46.851478-08:00,write,key_7,311.60,true,false,3756
2025-11-27T15:59:46.851253-08:00,write,key_778,312.15,true,false,3755
2025-11-27T15:59:46.849175-08:00,write,key_859,314.33,true,false,3758
2025-11-27T15:59:46.85097-08:00,write,key_77,312.76,true,false,3753
2025-11-27T15:59:46.850453-08:00,write,key_621,313.43,true,false,3757
2025-11-27T15:59:46.849243-08:00,write,key_99,314.71,true,false,3752
2025-11-27T15:59:47.059576-08:00,write,key_435,313.87,true,false,3760
2025-11-27T15:59:47.059819-08:00,write,key_839,313.64,true,false,3759
2025-11-27T15:59:47.062581-08:00,write,key_575,310.93,true,false,3761
2025-11-27T15:59:47.162872-08:00,write,key_340,314.43,true,false,3764
2025-11-27T15:59:47.163884-08:00,write,key_753,314.18,true,false,3765
2025-11-27T15:59:47.16373-08:00,write,key_563,315.38,true,false,3763
2025-11-27T15:59:47.163406-08:00,write,key_694,315.80,true,false,3768
2025-11-27T15:59:47.163503-08:00,write,key_116,315.72,true,false,3767
2025-11-27T15:59:47.163077-08:00,write,key_849,316.22,true,false,3766
2025-11-27T15:59:47.163953-08:00,write,key_561,315.42,true,false,3762
2025-11-27T15:59:47.479377-08:00,read,key_320,5.88,true,false,3510
2025-11-27T15:59:47.479292-08:00,read,key_308,6.04,true,false,3229
2025-11-27T15:59:47.373508-08:00,write,key_570,317.28,true,false,3771
2025-11-27T15:59:47.373447-08:00,write,key_470,317.38,true,false,3770
2025-11-27T15:59:47.373459-08:00,write,key_632,317.45,true,false,3769
2025-11-27T15:59:47.47806-08:00,write,key_232,315.50,true,false,3772
2025-11-27T15:59:47.479105-08:00,write,key_705,314.65,true,false,3774
2025-11-27T15:59:47.479221-08:00,write,key_367,314.63,true,false,3776
2025-11-27T15:59:47.477301-08:00,write,key_439,316.72,true,false,3773
2025-11-27T15:59:47.48526-08:00,write,key_692,308.80,true,false,3778
2025-11-27T15:59:47.485336-08:00,write,key_56,308.84,true,false,3777
2025-11-27T15:59:47.479202-08:00,write,key_832,315.09,true,false,3775
2025-11-27T15:59:47.690792-08:00,write,key_930,316.74,true,false,3779
2025-11-27T15:59:47.690908-08:00,write,key_474,316.63,true,false,3781
2025-11-27T15:59:47.690823-08:00,write,key_568,316.78,true,false,3780
2025-11-27T15:59:47.794057-08:00,write,key_626,319.14,true,false,3784
2025-11-27T15:59:47.793848-08:00,write,key_470,319.37,true,false,3785
2025-11-27T15:59:47.79429-08:00,write,key_877,319.55,true,false,3788
2025-11-27T15:59:47.793564-08:00,write,key_436,320.36,true,false,3786
2025-11-27T15:59:47.794175-08:00,write,key_344,319.90,true,false,3787
2025-11-27T15:59:47.793752-08:00,write,key_325,320.35,true,false,3782
2025-11-27T15:59:47.794026-08:00,write,key_116,320.44,true,false,3783
2025-11-27T15:59:48.114099-08:00,read,key_994,1.81,true,false,3737
2025-11-27T15:59:48.007532-08:00,write,key_929,307.35,true,false,3789
2025-11-27T15:59:48.007535-08:00,write,key_7,307.52,true,false,3790
2025-11-27T15:59:48.007606-08:00,write,key_416,309.46,true,false,3791
2025-11-27T15:59:48.317063-08:00,read,key_132,8.86,true,false,1116
2025-11-27T15:59:48.113198-08:00,write,key_906,307.37,true,false,3793
2025-11-27T15:59:48.113836-08:00,write,key_130,314.26,true,false,3796
2025-11-27T15:59:48.113922-08:00,write,key_325,315.78,true,false,3795
2025-11-27T15:59:48.11322-08:00,write,key_994,316.98,true,false,3794
2025-11-27T15:59:48.114074-08:00,write,key_869,316.25,true,false,3797
2025-11-27T15:59:48.114464-08:00,write,key_575,315.86,true,false,3792
2025-11-27T15:59:48.115909-08:00,write,key_399,314.56,true,false,3798
2025-11-27T15:59:48.4281-08:00,read,key_99,3.49,true,false,3752
2025-11-27T15:59:48.430196-08:00,read,key_564,2.89,true,false,2550
2025-11-27T15:59:48.314882-08:00,write,key_430,312.15,true,false,3799
2025-11-27T15:59:48.315054-08:00,write,key_233,312.18,true,false,3800
2025-11-27T15:59:48.325922-08:00,write,key_21,305.70,true,false,3801
2025-11-27T15:59:48.42057-08:00,write,key_625,308.71,true,false,3802
2025-11-27T15:59:48.729278-08:00,read,key_117,1.60,true,false,3550
2025-11-27T15:59:48.431589-08:00,write,key_369,310.91,true,false,3807
2025-11-27T15:59:48.430472-08:00,write,key_831,314.11,true,false,3804
2025-11-27T15:59:48.433087-08:00,write,key_113,311.51,true,false,3808
2025-11-27T15:59:48.430327-08:00,write,key_471,314.34,true,false,3805
2025-11-27T15:59:48.430322-08:00,write,key_290,314.52,true,false,3806
2025-11-27T15:59:48.429702-08:00,write,key_433,315.22,true,false,3803
2025-11-27T15:59:48.7446-08:00,read,key_779,2.16,true,false,3659
2025-11-27T15:59:48.627233-08:00,write,key_697,310.77,true,false,3809
2025-11-27T15:59:48.631627-08:00,write,key_694,306.57,true,false,3811
2025-11-27T15:59:48.627032-08:00,write,key_956,312.55,true,false,3810
2025-11-27T15:59:48.73088-08:00,write,key_773,309.24,true,false,3812
2025-11-27T15:59:48.742496-08:00,write,key_361,307.16,true,false,3813
2025-11-27T15:59:48.744842-08:00,write,key_112,306.30,true,false,3816
2025-11-27T15:59:48.744584-08:00,write,key_630,307.69,true,false,3815
2025-11-27T15:59:48.744916-08:00,write,key_389,307.39,true,false,3817
2025-11-27T15:59:48.74676-08:00,write,key_787,306.60,true,false,3818
2025-11-27T15:59:48.744671-08:00,write,key_951,308.76,true,false,3814
2025-11-27T15:59:49.049658-08:00,read,key_895,4.60,true,false,3091
2025-11-27T15:59:49.052273-08:00,read,key_964,3.21,true,false,3107
2025-11-27T15:59:49.055488-08:00,read,key_627,1.55,true,false,3320
2025-11-27T15:59:48.938197-08:00,write,key_349,310.83,true,false,3820
2025-11-27T15:59:48.938012-08:00,write,key_111,311.06,true,false,3819
2025-11-27T15:59:48.939578-08:00,write,key_963,309.56,true,false,3821
2025-11-27T15:59:49.040124-08:00,write,key_391,314.44,true,false,3822
2025-11-27T15:59:49.051145-08:00,write,key_235,306.45,true,false,3823
2025-11-27T15:59:49.053428-08:00,write,key_698,305.89,true,false,3825
2025-11-27T15:59:49.054259-08:00,write,key_704,305.25,true,false,3827
2025-11-27T15:59:49.052308-08:00,write,key_491,307.66,true,false,3826
2025-11-27T15:59:49.053356-08:00,write,key_74,308.05,true,false,3824
2025-11-27T15:59:49.057039-08:00,write,key_835,307.41,true,false,3828
2025-11-27T15:59:49.249033-08:00,write,key_623,309.80,true,false,3829
2025-11-27T15:59:49.249071-08:00,write,key_771,309.84,true,false,3830
2025-11-27T15:59:49.249137-08:00,write,key_131,312.01,true,false,3831
2025-11-27T15:59:49.354563-08:00,write,key_138,309.50,true,false,3832
2025-11-27T15:59:49.357593-08:00,write,key_700,306.51,true,false,3833
2025-11-27T15:59:49.359314-08:00,write,key_94,307.14,true,false,3835
2025-11-27T15:59:49.359504-08:00,write,key_320,307.09,true,false,3834
2025-11-27T15:59:49.664102-08:00,read,key_152,2.53,true,false,2258
2025-11-27T15:59:49.359968-08:00,write,key_596,306.85,true,false,3836
2025-11-27T15:59:49.361408-08:00,write,key_636,306.62,true,false,3837
2025-11-27T15:59:49.666632-08:00,read,key_300,3.10,true,false,3412
2025-11-27T15:59:49.364454-08:00,write,key_230,306.44,true,false,3838
2025-11-27T15:59:49.558909-08:00,write,key_116,311.84,true,false,3839
2025-11-27T15:59:49.558836-08:00,write,key_340,311.95,true,false,3840
2025-11-27T15:59:49.561151-08:00,write,key_825,309.83,true,false,3841
2025-11-27T15:59:49.664065-08:00,write,key_759,309.84,true,false,3842
2025-11-27T15:59:49.666457-08:00,write,key_778,309.85,true,false,3845
2025-11-27T15:59:49.666822-08:00,write,key_137,311.45,true,false,3844
2025-11-27T15:59:49.666589-08:00,write,key_692,311.69,true,false,3843
2025-11-27T15:59:49.669728-08:00,write,key_28,309.12,true,false,3847
2025-11-27T15:59:49.978283-08:00,read,key_951,0.89,true,false,3814
2025-11-27T15:59:49.668028-08:00,write,key_434,312.16,true,false,3846
2025-11-27T15:59:49.978852-08:00,read,key_430,1.38,true,false,3799
2025-11-27T15:59:49.670896-08:00,write,key_327,309.41,true,false,3848
2025-11-27T15:59:49.980301-08:00,read,key_493,1.38,true,false,2670
2025-11-27T15:59:49.870752-08:00,write,key_625,308.57,true,false,3849
2025-11-27T15:59:49.870787-08:00,write,key_649,308.57,true,false,3850
2025-11-27T15:59:49.870985-08:00,write,key_138,312.77,true,false,3851
2025-11-27T15:59:49.976303-08:00,write,key_298,305.86,true,false,3853
2025-11-27T15:59:49.973925-08:00,write,key_348,308.29,true,false,3852
2025-11-27T15:59:49.979171-08:00,write,key_185,303.05,true,false,3855
2025-11-27T15:59:49.978276-08:00,write,key_53,304.17,true,false,3854
2025-11-27T15:59:49.980188-08:00,write,key_236,305.02,true,false,3856
2025-11-27T15:59:49.98168-08:00,write,key_296,303.54,true,false,3858
2025-11-27T15:59:49.98023-08:00,write,key_297,305.20,true,false,3857
2025-11-27T15:59:50.285202-08:00,read,key_778,0.91,true,false,3845
2025-11-27T15:59:50.179324-08:00,write,key_352,310.42,true,false,3860
2025-11-27T15:59:50.179354-08:00,write,key_183,310.45,true,false,3859
2025-11-27T15:59:50.183752-08:00,write,key_12,308.13,true,false,3861
2025-11-27T15:59:50.491884-08:00,read,key_95,1.61,true,false,3577
2025-11-27T15:59:50.282165-08:00,write,key_77,312.92,true,false,3863
2025-11-27T15:59:50.282214-08:00,write,key_597,312.92,true,false,3862
2025-11-27T15:59:50.282448-08:00,write,key_91,312.72,true,false,3865
2025-11-27T15:59:50.282223-08:00,write,key_239,313.04,true,false,3864
2025-11-27T15:59:50.285428-08:00,write,key_700,309.85,true,false,3867
2025-11-27T15:59:50.285216-08:00,write,key_839,310.09,true,false,3866
2025-11-27T15:59:50.286116-08:00,write,key_596,309.29,true,false,3868
2025-11-27T15:59:50.595137-08:00,read,key_231,2.69,true,false,3586
2025-11-27T15:59:50.493498-08:00,write,key_635,309.94,true,false,3871
2025-11-27T15:59:50.489804-08:00,write,key_323,316.57,true,false,3869
2025-11-27T15:59:50.48975-08:00,write,key_189,316.71,true,false,3870
2025-11-27T15:59:50.595263-08:00,write,key_136,313.39,true,false,3876
2025-11-27T15:59:50.595276-08:00,write,key_118,313.77,true,false,3877
2025-11-27T15:59:50.595166-08:00,write,key_231,315.62,true,false,3875
2025-11-27T15:59:50.595305-08:00,write,key_851,315.64,true,false,3872
2025-11-27T15:59:50.595402-08:00,write,key_570,315.67,true,false,3873
2025-11-27T15:59:50.597833-08:00,write,key_867,313.54,true,false,3878
2025-11-27T15:59:50.595094-08:00,write,key_118,316.34,true,false,3874
2025-11-27T15:59:50.911372-08:00,read,key_90,2.03,true,false,2915
2025-11-27T15:59:50.803452-08:00,write,key_494,310.49,true,false,3879
2025-11-27T15:59:50.806372-08:00,write,key_388,308.36,true,false,3880
2025-11-27T15:59:50.806457-08:00,write,key_992,309.81,true,false,3881
2025-11-27T15:59:50.911434-08:00,write,key_58,304.12,true,false,3884
2025-11-27T15:59:51.215569-08:00,read,key_325,0.91,true,false,3795
2025-11-27T15:59:50.910943-08:00,write,key_133,305.86,true,false,3886
2025-11-27T15:59:51.216805-08:00,read,key_349,0.58,true,false,3820
2025-11-27T15:59:50.91079-08:00,write,key_355,306.75,true,false,3887
2025-11-27T15:59:50.908668-08:00,write,key_892,308.91,true,false,3882
2025-11-27T15:59:50.909043-08:00,write,key_928,308.57,true,false,3883
2025-11-27T15:59:51.217534-08:00,read,key_693,0.70,true,false,3527
2025-11-27T15:59:50.91107-08:00,write,key_620,309.66,true,false,3885
2025-11-27T15:59:50.913407-08:00,write,key_834,307.34,true,false,3888
2025-11-27T15:59:51.220745-08:00,read,key_397,0.58,true,false,3734
2025-11-27T15:59:51.11394-08:00,write,key_324,312.19,true,false,3891
2025-11-27T15:59:51.116269-08:00,write,key_16,309.94,true,false,3889
2025-11-27T15:59:51.114729-08:00,write,key_898,311.52,true,false,3890
2025-11-27T15:59:51.426247-08:00,read,key_956,0.67,true,false,3810
2025-11-27T15:59:51.217392-08:00,write,key_20,307.26,true,false,3893
2025-11-27T15:59:51.218237-08:00,write,key_755,306.50,true,false,3896
2025-11-27T15:59:51.217575-08:00,write,key_91,307.78,true,false,3895
2025-11-27T15:59:51.217607-08:00,write,key_153,308.87,true,false,3894
2025-11-27T15:59:51.216483-08:00,write,key_877,310.49,true,false,3892
2025-11-27T15:59:51.220726-08:00,write,key_342,306.31,true,false,3897
2025-11-27T15:59:51.221324-08:00,write,key_992,305.83,true,false,3898
2025-11-27T15:59:51.526473-08:00,read,key_494,2.96,true,false,3879
2025-11-27T15:59:51.426207-08:00,write,key_323,310.28,true,false,3900
2025-11-27T15:59:51.426921-08:00,write,key_871,309.58,true,false,3901
2025-11-27T15:59:51.426133-08:00,write,key_339,310.38,true,false,3899
2025-11-27T15:59:51.526978-08:00,write,key_921,321.17,true,false,3903
2025-11-27T15:59:51.529436-08:00,write,key_118,318.80,true,false,3908
2025-11-27T15:59:51.525357-08:00,write,key_187,322.93,true,false,3905
2025-11-27T15:59:51.527039-08:00,write,key_331,321.26,true,false,3902
2025-11-27T15:59:51.524734-08:00,write,key_118,323.59,true,false,3907
2025-11-27T15:59:51.524664-08:00,write,key_594,323.66,true,false,3906
2025-11-27T15:59:51.527148-08:00,write,key_432,321.19,true,false,3904
2025-11-27T15:59:51.736487-08:00,write,key_794,313.38,true,false,3910
2025-11-27T15:59:51.736502-08:00,write,key_711,315.45,true,false,3909
2025-11-27T15:59:51.736516-08:00,write,key_413,319.43,true,false,3911
2025-11-27T15:59:51.848295-08:00,write,key_992,307.70,true,false,3916
2025-11-27T15:59:51.848233-08:00,write,key_416,309.40,true,false,3912
2025-11-27T15:59:51.848285-08:00,write,key_350,310.63,true,false,3913
2025-11-27T15:59:51.848322-08:00,write,key_166,310.66,true,false,3917
2025-11-27T15:59:51.848342-08:00,write,key_629,310.82,true,false,3918
2025-11-27T15:59:51.848324-08:00,write,key_998,311.61,true,false,3914
2025-11-27T15:59:51.848154-08:00,write,key_399,311.88,true,false,3915
2025-11-27T15:59:52.055951-08:00,write,key_119,309.73,true,false,3921
2025-11-27T15:59:52.049883-08:00,write,key_478,315.81,true,false,3919
2025-11-27T15:59:52.051956-08:00,write,key_325,318.60,true,false,3920
2025-11-27T15:59:52.156002-08:00,write,key_321,307.02,true,false,3922
2025-11-27T15:59:52.157634-08:00,write,key_828,310.24,true,false,3923
2025-11-27T15:59:52.158914-08:00,write,key_473,311.96,true,false,3926
2025-11-27T15:59:52.158983-08:00,write,key_71,313.76,true,false,3927
2025-11-27T15:59:52.159931-08:00,write,key_26,312.83,true,false,3925
2025-11-27T15:59:52.160037-08:00,write,key_292,312.84,true,false,3928
2025-11-27T15:59:52.159167-08:00,write,key_631,313.72,true,false,3924
2025-11-27T15:59:52.370556-08:00,write,key_863,310.81,true,false,3931
2025-11-27T15:59:52.365689-08:00,write,key_57,315.70,true,false,3930
2025-11-27T15:59:52.365683-08:00,write,key_592,315.86,true,false,3929
2025-11-27T15:59:52.467876-08:00,write,key_772,315.40,true,false,3933
2025-11-27T15:59:52.463031-08:00,write,key_627,320.53,true,false,3932
2025-11-27T15:59:52.472886-08:00,write,key_470,311.25,true,false,3937
2025-11-27T15:59:52.47274-08:00,write,key_921,311.57,true,false,3935
2025-11-27T15:59:52.472764-08:00,write,key_995,311.67,true,false,3936
2025-11-27T15:59:52.470871-08:00,write,key_422,314.00,true,false,3934
2025-11-27T15:59:52.472877-08:00,write,key_934,312.57,true,false,3938
2025-11-27T15:59:52.783277-08:00,read,key_342,4.89,true,false,3897
2025-11-27T15:59:52.68137-08:00,write,key_66,308.64,true,false,3939
2025-11-27T15:59:52.681393-08:00,write,key_991,308.66,true,false,3940
2025-11-27T15:59:52.681539-08:00,write,key_112,308.85,true,false,3941
2025-11-27T15:59:52.990011-08:00,read,key_826,2.42,true,false,3070
2025-11-27T15:59:52.785445-08:00,write,key_117,312.06,true,false,3943
2025-11-27T15:59:52.783563-08:00,write,key_272,314.06,true,false,3942
2025-11-27T15:59:52.784137-08:00,write,key_233,313.56,true,false,3947
2025-11-27T15:59:52.788164-08:00,write,key_267,310.03,true,false,3948
2025-11-27T15:59:52.784429-08:00,write,key_785,314.41,true,false,3946
2025-11-27T15:59:52.784305-08:00,write,key_477,314.58,true,false,3945
2025-11-27T15:59:52.784872-08:00,write,key_851,314.70,true,false,3944
2025-11-27T15:59:53.097628-08:00,read,key_859,5.33,true,false,3758
2025-11-27T15:59:52.990389-08:00,write,key_349,324.15,true,false,3950
2025-11-27T15:59:52.992428-08:00,write,key_638,322.31,true,false,3951
2025-11-27T15:59:52.990053-08:00,write,key_633,324.75,true,false,3949
2025-11-27T15:59:53.098882-08:00,write,key_876,315.15,true,false,3952
2025-11-27T15:59:53.099567-08:00,write,key_517,315.28,true,false,3955
2025-11-27T15:59:53.097507-08:00,write,key_25,318.19,true,false,3953
2025-11-27T15:59:53.102962-08:00,write,key_832,312.75,true,false,3958
2025-11-27T15:59:53.098843-08:00,write,key_322,317.08,true,false,3957
2025-11-27T15:59:53.098196-08:00,write,key_298,317.74,true,false,3956
2025-11-27T15:59:53.097694-08:00,write,key_625,318.26,true,false,3954
2025-11-27T15:59:53.415933-08:00,read,key_633,0.64,true,false,3949
2025-11-27T15:59:53.314735-08:00,write,key_879,307.77,true,false,3959
2025-11-27T15:59:53.314544-08:00,write,key_182,307.98,true,false,3960
2025-11-27T15:59:53.3148-08:00,write,key_342,308.33,true,false,3961
2025-11-27T15:59:53.415693-08:00,write,key_954,313.68,true,false,3964
2025-11-27T15:59:53.414851-08:00,write,key_511,314.54,true,false,3963
2025-11-27T15:59:53.416569-08:00,write,key_835,312.91,true,false,3968
2025-11-27T15:59:53.415708-08:00,write,key_576,313.91,true,false,3965
2025-11-27T15:59:53.415957-08:00,write,key_808,313.74,true,false,3966
2025-11-27T15:59:53.414043-08:00,write,key_696,315.69,true,false,3962
2025-11-27T15:59:53.415922-08:00,write,key_299,314.28,true,false,3967
2025-11-27T15:59:53.622526-08:00,write,key_162,308.96,true,false,3971
2025-11-27T15:59:53.622503-08:00,write,key_969,309.04,true,false,3970
2025-11-27T15:59:53.623127-08:00,write,key_857,308.49,true,false,3969
2025-11-27T15:59:53.729734-08:00,write,key_999,311.25,true,false,3974
2025-11-27T15:59:53.729615-08:00,write,key_632,311.45,true,false,3978
2025-11-27T15:59:53.730198-08:00,write,key_870,312.19,true,false,3972
2025-11-27T15:59:53.729394-08:00,write,key_174,313.09,true,false,3977
2025-11-27T15:59:53.729693-08:00,write,key_954,313.23,true,false,3975
2025-11-27T15:59:53.729372-08:00,write,key_997,313.97,true,false,3976
2025-11-27T15:59:53.729479-08:00,write,key_130,313.93,true,false,3973
2025-11-27T15:59:53.931622-08:00,write,key_329,314.21,true,false,3981
2025-11-27T15:59:53.931491-08:00,write,key_962,315.33,true,false,3980
2025-11-27T15:59:53.931543-08:00,write,key_877,315.28,true,false,3979
2025-11-27T15:59:54.040986-08:00,write,key_437,309.48,true,false,3982
2025-11-27T15:59:54.043412-08:00,write,key_135,309.16,true,false,3984
2025-11-27T15:59:54.043342-08:00,write,key_116,310.13,true,false,3985
2025-11-27T15:59:54.042926-08:00,write,key_58,310.68,true,false,3986
2025-11-27T15:59:54.042383-08:00,write,key_990,311.31,true,false,3988
2025-11-27T15:59:54.042482-08:00,write,key_261,312.93,true,false,3987
2025-11-27T15:59:54.041069-08:00,write,key_130,315.72,true,false,3983
2025-11-27T15:59:54.353603-08:00,read,key_823,3.31,true,false,2677
2025-11-27T15:59:54.245829-08:00,write,key_134,315.08,true,false,3990
2025-11-27T15:59:54.246825-08:00,write,key_320,314.21,true,false,3991
2025-11-27T15:59:54.246824-08:00,write,key_423,314.21,true,false,3989
2025-11-27T15:59:54.56091-08:00,read,key_772,1.73,true,false,3933
2025-11-27T15:59:54.353688-08:00,write,key_131,309.57,true,false,3995
2025-11-27T15:59:54.350461-08:00,write,key_999,312.83,true,false,3992
2025-11-27T15:59:54.35541-08:00,write,key_340,308.26,true,false,3996
2025-11-27T15:59:54.356918-08:00,write,key_625,306.97,true,false,3997
2025-11-27T15:59:54.356789-08:00,write,key_293,307.14,true,false,3998
2025-11-27T15:59:54.352576-08:00,write,key_755,311.83,true,false,3993
2025-11-27T15:59:54.353474-08:00,write,key_470,310.98,true,false,3994
2025-11-27T15:59:54.562644-08:00,write,key_790,311.86,true,false,4001
2025-11-27T15:59:54.561035-08:00,write,key_632,313.50,true,false,3999
2025-11-27T15:59:54.561034-08:00,write,key_72,313.52,true,false,4000
2025-11-27T15:59:54.663666-08:00,write,key_189,314.18,true,false,4005
2025-11-27T15:59:54.664455-08:00,write,key_623,313.50,true,false,4008
2025-11-27T15:59:54.663887-08:00,write,key_238,314.12,true,false,4002
2025-11-27T15:59:54.663926-08:00,write,key_833,314.09,true,false,4003
2025-11-27T15:59:54.663289-08:00,write,key_969,314.76,true,false,4007
2025-11-27T15:59:54.663263-08:00,write,key_232,314.83,true,false,4006
2025-11-27T15:59:54.664402-08:00,write,key_574,313.71,true,false,4004
2025-11-27T15:59:54.977952-08:00,read,key_542,3.85,true,false,2545
2025-11-27T15:59:54.874507-08:00,write,key_458,308.85,true,false,4010
2025-11-27T15:59:54.874548-08:00,write,key_734,311.16,true,false,4011
2025-11-27T15:59:54.874537-08:00,write,key_96,311.29,true,false,4009
2025-11-27T15:59:54.978018-08:00,write,key_68,311.22,true,false,4014
2025-11-27T15:59:54.978009-08:00,write,key_441,311.33,true,false,4013
2025-11-27T15:59:54.977845-08:00,write,key_64,311.97,true,false,4012
2025-11-27T15:59:54.978044-08:00,write,key_172,312.27,true,false,4015
2025-11-27T15:59:54.97811-08:00,write,key_329,312.22,true,false,4017
2025-11-27T15:59:54.978093-08:00,write,key_823,312.27,true,false,4018
2025-11-27T15:59:54.981803-08:00,write,key_154,308.83,true,false,4016
2025-11-27T15:59:55.290358-08:00,read,key_518,4.54,true,false,3114
2025-11-27T15:59:55.289241-08:00,read,key_754,5.68,true,false,1106
2025-11-27T15:59:55.183358-08:00,write,key_837,315.75,true,false,4019
2025-11-27T15:59:55.185712-08:00,write,key_997,313.44,true,false,4021
2025-11-27T15:59:55.185823-08:00,write,key_867,313.44,true,false,4020
2025-11-27T15:59:55.290324-08:00,write,key_891,314.87,true,false,4024
2025-11-27T15:59:55.289343-08:00,write,key_267,315.94,true,false,4023
2025-11-27T15:59:55.289816-08:00,write,key_768,315.63,true,false,4022
2025-11-27T15:59:55.290315-08:00,write,key_54,315.30,true,false,4025
2025-11-27T15:59:55.290637-08:00,write,key_893,316.69,true,false,4027
2025-11-27T15:59:55.294897-08:00,write,key_778,312.49,true,false,4026
2025-11-27T15:59:55.294927-08:00,write,key_341,312.79,true,false,4028
2025-11-27T15:59:55.607324-08:00,read,key_928,1.17,true,false,3883
2025-11-27T15:59:55.499157-08:00,write,key_997,308.64,true,false,4030
2025-11-27T15:59:55.49911-08:00,write,key_299,308.75,true,false,4029
2025-11-27T15:59:55.499258-08:00,write,key_711,312.71,true,false,4031
2025-11-27T15:59:55.605198-08:00,write,key_321,318.47,true,false,4033
2025-11-27T15:59:55.605611-08:00,write,key_672,318.12,true,false,4037
2025-11-27T15:59:55.608492-08:00,write,key_676,315.30,true,false,4038
2025-11-27T15:59:55.605567-08:00,write,key_638,318.29,true,false,4034
2025-11-27T15:59:55.607719-08:00,write,key_238,316.15,true,false,4036
2025-11-27T15:59:55.605279-08:00,write,key_691,318.66,true,false,4032
2025-11-27T15:59:55.607389-08:00,write,key_272,316.67,true,false,4035
2025-11-27T15:59:55.807801-08:00,write,key_437,307.20,true,false,4039
2025-11-27T15:59:55.80786-08:00,write,key_598,307.15,true,false,4040
2025-11-27T15:59:55.811964-08:00,write,key_133,312.65,true,false,4041
2025-11-27T15:59:55.92387-08:00,write,key_726,309.60,true,false,4043
2025-11-27T15:59:55.923733-08:00,write,key_156,309.82,true,false,4042
2025-11-27T15:59:55.923855-08:00,write,key_182,313.10,true,false,4045
2025-11-27T15:59:55.924061-08:00,write,key_830,312.90,true,false,4048
2025-11-27T15:59:55.923673-08:00,write,key_949,313.37,true,false,4044
2025-11-27T15:59:55.923938-08:00,write,key_118,313.16,true,false,4046
2025-11-27T15:59:55.923793-08:00,write,key_321,313.42,true,false,4047
2025-11-27T15:59:56.237214-08:00,read,key_91,1.85,true,false,3895
2025-11-27T15:59:56.115006-08:00,write,key_750,313.40,true,false,4049
2025-11-27T15:59:56.115007-08:00,write,key_831,313.46,true,false,4050
2025-11-27T15:59:56.124617-08:00,write,key_230,307.80,true,false,4051
2025-11-27T15:59:56.233472-08:00,write,key_136,306.03,true,false,4053
2025-11-27T15:59:56.233555-08:00,write,key_293,306.11,true,false,4052
2025-11-27T15:59:56.23704-08:00,write,key_724,307.77,true,false,4055
2025-11-27T15:59:56.236954-08:00,write,key_766,307.88,true,false,4056
2025-11-27T15:59:56.236957-08:00,write,key_831,307.95,true,false,4054
2025-11-27T15:59:56.237097-08:00,write,key_423,307.85,true,false,4057
2025-11-27T15:59:56.239066-08:00,write,key_136,308.89,true,false,4058
2025-11-27T15:59:56.428463-08:00,write,key_380,313.44,true,false,4059
2025-11-27T15:59:56.428408-08:00,write,key_692,313.50,true,false,4060
2025-11-27T15:59:56.432416-08:00,write,key_189,310.27,true,false,4061
2025-11-27T15:59:56.539663-08:00,write,key_231,307.43,true,false,4062
2025-11-27T15:59:56.5395-08:00,write,key_69,307.65,true,false,4063
2025-11-27T15:59:56.544835-08:00,write,key_269,307.87,true,false,4065
2025-11-27T15:59:56.54481-08:00,write,key_79,309.56,true,false,4066
2025-11-27T15:59:56.547958-08:00,write,key_235,306.48,true,false,4067
2025-11-27T15:59:56.544949-08:00,write,key_942,309.77,true,false,4068
2025-11-27T15:59:56.54491-08:00,write,key_196,309.86,true,false,4064
2025-11-27T15:59:56.854441-08:00,read,key_796,2.40,false,false,0
2025-11-27T15:59:56.741907-08:00,write,key_137,312.72,true,false,4071
2025-11-27T15:59:56.742687-08:00,write,key_56,311.98,true,false,4069
2025-11-27T15:59:56.741906-08:00,write,key_457,313.44,true,false,4070
2025-11-27T15:59:57.054666-08:00,read,key_697,1.52,true,false,3809
2025-11-27T15:59:57.055344-08:00,read,key_479,0.99,true,false,3557
2025-11-27T15:59:56.847151-08:00,write,key_397,308.90,true,false,4072
2025-11-27T15:59:56.847097-08:00,write,key_634,309.02,true,false,4073
2025-11-27T15:59:56.852707-08:00,write,key_927,303.65,true,false,4074
2025-11-27T15:59:56.854723-08:00,write,key_947,304.50,true,false,4077
2025-11-27T15:59:56.854375-08:00,write,key_413,305.80,true,false,4076
2025-11-27T15:59:56.854769-08:00,write,key_58,305.98,true,false,4075
2025-11-27T15:59:56.856843-08:00,write,key_53,307.16,true,false,4078
2025-11-27T15:59:57.056186-08:00,write,key_752,308.74,true,false,4080
2025-11-27T15:59:57.056333-08:00,write,key_455,309.87,true,false,4081
2025-11-27T15:59:57.054631-08:00,write,key_435,312.54,true,false,4079
2025-11-27T15:59:57.156119-08:00,write,key_20,308.58,true,false,4083
2025-11-27T15:59:57.156053-08:00,write,key_58,308.74,true,false,4082
2025-11-27T15:59:57.156356-08:00,write,key_70,308.55,true,false,4084
2025-11-27T15:59:57.160174-08:00,write,key_227,306.87,true,false,4085
2025-11-27T15:59:57.159222-08:00,write,key_876,307.97,true,false,4086
2025-11-27T15:59:57.160752-08:00,write,key_341,306.53,true,false,4087
2025-11-27T15:59:57.464699-08:00,read,key_624,2.92,true,false,3127
2025-11-27T15:59:57.163999-08:00,write,key_678,303.86,true,false,4088
2025-11-27T15:59:57.367175-08:00,write,key_293,315.54,true,false,4091
2025-11-27T15:59:57.364932-08:00,write,key_728,317.79,true,false,4089
2025-11-27T15:59:57.366198-08:00,write,key_839,316.54,true,false,4090
2025-11-27T15:59:57.682742-08:00,read,key_132,0.85,true,false,1116
2025-11-27T15:59:57.464791-08:00,write,key_864,331.99,true,false,4092
2025-11-27T15:59:57.467285-08:00,write,key_232,329.51,true,false,4095
2025-11-27T15:59:57.467861-08:00,write,key_417,328.96,true,false,4097
2025-11-27T15:59:57.467188-08:00,write,key_139,329.66,true,false,4096
2025-11-27T15:59:57.467616-08:00,write,key_722,329.26,true,false,4098
2025-11-27T15:59:57.467045-08:00,write,key_183,329.85,true,false,4094
2025-11-27T15:59:57.464909-08:00,write,key_764,332.06,true,false,4093
2025-11-27T15:59:57.796781-08:00,read,key_875,0.66,true,false,3618
2025-11-27T15:59:57.796798-08:00,read,key_21,0.68,true,false,3801
2025-11-27T15:59:57.796826-08:00,read,key_434,0.66,true,false,4099
2025-11-27T15:59:57.682718-08:00,write,key_428,314.99,true,false,4100
2025-11-27T15:59:57.683595-08:00,write,key_547,314.13,true,false,4101
2025-11-27T15:59:57.682711-08:00,write,key_434,315.02,true,false,4099
2025-11-27T15:59:57.797486-08:00,write,key_321,312.03,true,false,4107
2025-11-27T15:59:57.79685-08:00,write,key_131,313.57,true,false,4106
2025-11-27T15:59:57.796899-08:00,write,key_346,315.06,true,false,4103
2025-11-27T15:59:57.796967-08:00,write,key_263,315.13,true,false,4105
2025-11-27T15:59:57.797478-08:00,write,key_993,314.63,true,false,4108
2025-11-27T15:59:57.796878-08:00,write,key_232,315.31,true,false,4102
2025-11-27T15:59:57.797444-08:00,write,key_471,317.16,true,false,4104
2025-11-27T15:59:57.997721-08:00,write,key_162,308.81,true,false,4110
2025-11-27T15:59:57.997707-08:00,write,key_138,308.89,true,false,4109
2025-11-27T15:59:57.997727-08:00,write,key_169,313.65,true,false,4111
2025-11-27T15:59:58.311374-08:00,read,key_79,1.44,true,false,4066
2025-11-27T15:59:58.1146-08:00,write,key_625,308.99,true,false,4117
2025-11-27T15:59:58.111956-08:00,write,key_808,311.63,true,false,4112
2025-11-27T15:59:58.109526-08:00,write,key_633,314.15,true,false,4116
2025-11-27T15:59:58.112103-08:00,write,key_299,311.70,true,false,4113
2025-11-27T15:59:58.112182-08:00,write,key_672,311.75,true,false,4118
2025-11-27T15:59:58.112099-08:00,write,key_595,311.86,true,false,4114
2025-11-27T15:59:58.110421-08:00,write,key_475,313.63,true,false,4115
2025-11-27T15:59:58.306537-08:00,write,key_767,316.25,true,false,4120
2025-11-27T15:59:58.306601-08:00,write,key_139,316.27,true,false,4119
2025-11-27T15:59:58.312811-08:00,write,key_116,310.12,true,false,4121
2025-11-27T15:59:58.622871-08:00,read,key_367,2.67,true,false,3776
2025-11-27T15:59:58.62293-08:00,read,key_98,9.72,true,false,2541
2025-11-27T15:59:58.423929-08:00,write,key_75,310.16,true,false,4125
2025-11-27T15:59:58.423957-08:00,write,key_183,310.32,true,false,4126
2025-11-27T15:59:58.423681-08:00,write,key_790,312.72,true,false,4124
2025-11-27T15:59:58.423587-08:00,write,key_393,313.02,true,false,4123
2025-11-27T15:59:58.42359-08:00,write,key_787,313.37,true,false,4122
2025-11-27T15:59:58.423801-08:00,write,key_960,313.18,true,false,4127
2025-11-27T15:59:58.424053-08:00,write,key_489,315.54,true,false,4128
2025-11-27T15:59:58.62279-08:00,write,key_695,309.53,true,false,4129
2025-11-27T15:59:58.625543-08:00,write,key_176,306.82,true,false,4130
2025-11-27T15:59:58.932363-08:00,read,key_433,1.47,true,false,3803
2025-11-27T15:59:58.632658-08:00,write,key_767,307.34,true,false,4131
2025-11-27T15:59:58.73409-08:00,write,key_172,306.84,true,false,4132
2025-11-27T15:59:58.734281-08:00,write,key_957,306.77,true,false,4133
2025-11-27T15:59:59.04105-08:00,read,key_837,2.49,true,false,4019
2025-11-27T15:59:58.736605-08:00,write,key_573,309.02,true,false,4137
2025-11-27T15:59:58.736403-08:00,write,key_112,309.36,true,false,4135
2025-11-27T15:59:58.736985-08:00,write,key_752,308.91,true,false,4136
2025-11-27T15:59:58.736962-08:00,write,key_291,309.08,true,false,4134
2025-11-27T15:59:58.739594-08:00,write,key_437,307.33,true,false,4138
2025-11-27T15:59:59.045627-08:00,read,key_161,1.84,true,false,693
2025-11-27T15:59:58.93383-08:00,write,key_137,311.18,true,false,4140
2025-11-27T15:59:58.932323-08:00,write,key_750,312.73,true,false,4139
2025-11-27T15:59:58.940003-08:00,write,key_992,307.59,true,false,4141
2025-11-27T15:59:59.043544-08:00,write,key_597,308.59,true,false,4143
2025-11-27T15:59:59.040947-08:00,write,key_769,311.23,true,false,4142
2025-11-27T15:59:59.045897-08:00,write,key_439,310.05,true,false,4147
2025-11-27T15:59:59.047471-08:00,write,key_949,308.49,true,false,4148
2025-11-27T15:59:59.046042-08:00,write,key_477,310.06,true,false,4144
2025-11-27T15:59:59.046925-08:00,write,key_136,309.77,true,false,4145
2025-11-27T15:59:59.045764-08:00,write,key_110,311.93,true,false,4146
2025-11-27T15:59:59.357691-08:00,read,key_325,1.82,true,false,3920
2025-11-27T15:59:59.245055-08:00,write,key_321,312.98,true,false,4149
2025-11-27T15:59:59.245008-08:00,write,key_869,313.09,true,false,4150
2025-11-27T15:59:59.247593-08:00,write,key_223,310.60,true,false,4151
2025-11-27T15:59:59.35218-08:00,write,key_974,313.59,true,false,4152
2025-11-27T15:59:59.356098-08:00,write,key_517,309.84,true,false,4156
2025-11-27T15:59:59.352131-08:00,write,key_141,314.04,true,false,4153
2025-11-27T15:59:59.355959-08:00,write,key_626,310.28,true,false,4155
2025-11-27T15:59:59.355944-08:00,write,key_836,310.35,true,false,4154
2025-11-27T15:59:59.3567-08:00,write,key_391,310.19,true,false,4157
2025-11-27T15:59:59.359509-08:00,write,key_139,309.52,true,false,4158
2025-11-27T15:59:59.666171-08:00,read,key_834,3.52,true,false,3888
2025-11-27T15:59:59.669032-08:00,read,key_73,3.31,true,false,3539
2025-11-27T15:59:59.669692-08:00,read,key_47,3.55,true,false,1908
2025-11-27T15:59:59.558037-08:00,write,key_599,321.37,true,false,4159
2025-11-27T15:59:59.558096-08:00,write,key_488,321.35,true,false,4160
2025-11-27T15:59:59.558189-08:00,write,key_175,321.34,true,false,4161
2025-11-27T15:59:59.879407-08:00,read,key_341,2.76,true,false,4087
2025-11-27T15:59:59.672342-08:00,write,key_947,309.33,true,false,4167
2025-11-27T15:59:59.673238-08:00,write,key_296,309.50,true,false,4168
2025-11-27T15:59:59.665775-08:00,write,key_163,317.14,true,false,4164
2025-11-27T15:59:59.666242-08:00,write,key_837,317.15,true,false,4163
2025-11-27T15:59:59.666297-08:00,write,key_118,317.19,true,false,4162
2025-11-27T15:59:59.665937-08:00,write,key_343,317.99,true,false,4166
2025-11-27T15:59:59.666889-08:00,write,key_329,317.37,true,false,4165
2025-11-27T15:59:59.882166-08:00,write,key_964,307.56,true,false,4170
2025-11-27T15:59:59.879441-08:00,write,key_148,311.73,true,false,4169
2025-11-27T15:59:59.879526-08:00,write,key_833,311.87,true,false,4171
2025-11-27T15:59:59.983492-08:00,write,key_136,309.24,true,false,4176
2025-11-27T15:59:59.982735-08:00,write,key_798,310.38,true,false,4172
2025-11-27T15:59:59.983931-08:00,write,key_95,311.34,true,false,4178
2025-11-27T15:59:59.981681-08:00,write,key_72,313.96,true,false,4175
2025-11-27T15:59:59.984258-08:00,write,key_599,311.56,true,false,4173
2025-11-27T15:59:59.982912-08:00,write,key_629,313.13,true,false,4177
2025-11-27T15:59:59.983393-08:00,write,key_124,312.71,true,false,4174
2025-11-27T16:00:00.295643-08:00,read,key_143,2.33,true,false,2660
2025-11-27T16:00:00.18973-08:00,write,key_327,313.67,true,false,4179
2025-11-27T16:00:00.191392-08:00,write,key_974,312.05,true,false,4181
2025-11-27T16:00:00.191173-08:00,write,key_476,312.36,true,false,4180
2025-11-27T16:00:00.503534-08:00,read,key_329,3.87,true,false,4165
2025-11-27T16:00:00.292747-08:00,write,key_959,313.01,true,false,4182
2025-11-27T16:00:00.295816-08:00,write,key_543,310.02,true,false,4184
2025-11-27T16:00:00.296104-08:00,write,key_119,309.74,true,false,4186
2025-11-27T16:00:00.297972-08:00,write,key_431,309.05,true,false,4188
2025-11-27T16:00:00.296041-08:00,write,key_111,311.05,true,false,4187
2025-11-27T16:00:00.29527-08:00,write,key_439,311.85,true,false,4185
2025-11-27T16:00:00.293112-08:00,write,key_324,314.07,true,false,4183
2025-11-27T16:00:00.503446-08:00,write,key_325,312.66,true,false,4190
2025-11-27T16:00:00.507409-08:00,write,key_540,310.81,true,false,4191
2025-11-27T16:00:00.503401-08:00,write,key_920,315.80,true,false,4189
2025-11-27T16:00:00.605832-08:00,write,key_721,320.57,true,false,4193
2025-11-27T16:00:00.607177-08:00,write,key_234,319.42,true,false,4198
2025-11-27T16:00:00.607018-08:00,write,key_118,319.61,true,false,4195
2025-11-27T16:00:00.605846-08:00,write,key_394,320.84,true,false,4194
2025-11-27T16:00:00.607115-08:00,write,key_549,319.60,true,false,4197
2025-11-27T16:00:00.60709-08:00,write,key_292,319.63,true,false,4196
2025-11-27T16:00:00.605755-08:00,write,key_130,321.00,true,false,4192
2025-11-27T16:00:00.926592-08:00,read,key_160,1.23,false,false,0
2025-11-27T16:00:00.81822-08:00,write,key_293,313.35,true,false,4200
2025-11-27T16:00:00.816107-08:00,write,key_535,315.82,true,false,4199
2025-11-27T16:00:00.819205-08:00,write,key_830,314.47,true,false,4201
2025-11-27T16:00:00.926715-08:00,write,key_573,315.81,true,false,4205
2025-11-27T16:00:00.926631-08:00,write,key_892,318.56,true,false,4207
2025-11-27T16:00:00.92782-08:00,write,key_31,317.54,true,false,4208
2025-11-27T16:00:00.92672-08:00,write,key_677,319.46,true,false,4206
2025-11-27T16:00:00.926401-08:00,write,key_116,319.81,true,false,4202
2025-11-27T16:00:00.926754-08:00,write,key_362,319.77,true,false,4203
2025-11-27T16:00:00.926688-08:00,write,key_635,321.11,true,false,4204
2025-11-27T16:00:01.245187-08:00,read,key_114,7.26,true,false,3541
2025-11-27T16:00:01.131932-08:00,write,key_345,306.95,true,false,4210
2025-11-27T16:00:01.131579-08:00,write,key_240,307.35,true,false,4211
2025-11-27T16:00:01.133673-08:00,write,key_816,305.30,true,false,4209
2025-11-27T16:00:01.245356-08:00,write,key_991,313.90,true,false,4213
2025-11-27T16:00:01.246183-08:00,write,key_133,313.20,true,false,4217
2025-11-27T16:00:01.25245-08:00,write,key_124,307.17,true,false,4218
2025-11-27T16:00:01.246208-08:00,write,key_269,313.47,true,false,4212
2025-11-27T16:00:01.247801-08:00,write,key_868,312.08,true,false,4216
2025-11-27T16:00:01.242528-08:00,write,key_329,317.43,true,false,4214
2025-11-27T16:00:01.246528-08:00,write,key_25,314.13,true,false,4215
2025-11-27T16:00:01.438929-08:00,write,key_74,311.09,true,false,4220
2025-11-27T16:00:01.438974-08:00,write,key_348,311.18,true,false,4219
2025-11-27T16:00:01.438883-08:00,write,key_994,311.32,true,false,4221
2025-11-27T16:00:01.559956-08:00,write,key_394,313.78,true,false,4227
2025-11-27T16:00:01.559253-08:00,write,key_291,314.54,true,false,4223
2025-11-27T16:00:01.559678-08:00,write,key_653,314.16,true,false,4222
2025-11-27T16:00:01.559622-08:00,write,key_51,317.33,true,false,4224
2025-11-27T16:00:01.560654-08:00,write,key_756,316.30,true,false,4226
2025-11-27T16:00:01.559883-08:00,write,key_119,317.10,true,false,4228
2025-11-27T16:00:01.559379-08:00,write,key_697,317.65,true,false,4225
2025-11-27T16:00:01.750207-08:00,write,key_879,308.55,true,false,4231
2025-11-27T16:00:01.750151-08:00,write,key_571,308.62,true,false,4230
2025-11-27T16:00:01.750018-08:00,write,key_325,308.82,true,false,4229
2025-11-27T16:00:02.058759-08:00,read,key_92,0.59,true,false,3360
2025-11-27T16:00:01.873837-08:00,write,key_76,309.48,true,false,4233
2025-11-27T16:00:01.877025-08:00,write,key_264,306.33,true,false,4238
2025-11-27T16:00:01.873739-08:00,write,key_327,309.64,true,false,4232
2025-11-27T16:00:01.876956-08:00,write,key_489,306.48,true,false,4235
2025-11-27T16:00:01.87695-08:00,write,key_973,307.50,true,false,4236
2025-11-27T16:00:01.873796-08:00,write,key_878,312.09,true,false,4234
2025-11-27T16:00:01.876983-08:00,write,key_133,309.16,true,false,4237
2025-11-27T16:00:02.184447-08:00,read,key_795,4.38,true,false,85
2025-11-27T16:00:02.058834-08:00,write,key_52,305.83,true,false,4240
2025-11-27T16:00:02.058776-08:00,write,key_964,306.10,true,false,4239
2025-11-27T16:00:02.059349-08:00,write,key_118,306.59,true,false,4241
2025-11-27T16:00:02.18335-08:00,write,key_903,313.98,true,false,4244
2025-11-27T16:00:02.185885-08:00,write,key_328,311.64,true,false,4247
2025-11-27T16:00:02.183435-08:00,write,key_298,314.10,true,false,4245
2025-11-27T16:00:02.183315-08:00,write,key_137,314.69,true,false,4243
2025-11-27T16:00:02.186146-08:00,write,key_415,311.88,true,false,4246
2025-11-27T16:00:02.183381-08:00,write,key_753,315.09,true,false,4242
2025-11-27T16:00:02.188827-08:00,write,key_473,309.74,true,false,4248
2025-11-27T16:00:02.365938-08:00,write,key_979,308.61,true,false,4251
2025-11-27T16:00:02.364665-08:00,write,key_878,309.94,true,false,4249
2025-11-27T16:00:02.364875-08:00,write,key_691,309.81,true,false,4250
2025-11-27T16:00:02.497528-08:00,write,key_321,310.30,true,false,4254
2025-11-27T16:00:02.807827-08:00,read,key_699,4.04,true,false,3697
2025-11-27T16:00:02.498468-08:00,write,key_839,316.52,true,false,4256
2025-11-27T16:00:02.497537-08:00,write,key_813,317.56,true,false,4255
2025-11-27T16:00:02.498008-08:00,write,key_369,317.10,true,false,4252
2025-11-27T16:00:02.497332-08:00,write,key_35,317.82,true,false,4253
2025-11-27T16:00:02.498024-08:00,write,key_579,317.20,true,false,4258
2025-11-27T16:00:02.498567-08:00,write,key_878,316.94,true,false,4257
2025-11-27T16:00:02.815147-08:00,read,key_693,2.05,true,false,3527
2025-11-27T16:00:02.815507-08:00,read,key_698,2.07,true,false,3825
2025-11-27T16:00:02.674553-08:00,write,key_864,313.27,true,false,4260
2025-11-27T16:00:02.674607-08:00,write,key_130,313.25,true,false,4259
2025-11-27T16:00:02.674686-08:00,write,key_75,313.26,true,false,4261
2025-11-27T16:00:02.811872-08:00,write,key_327,307.43,true,false,4262
2025-11-27T16:00:02.815101-08:00,write,key_758,306.15,true,false,4263
2025-11-27T16:00:02.814985-08:00,write,key_620,306.31,true,false,4265
2025-11-27T16:00:02.81522-08:00,write,key_591,306.11,true,false,4266
2025-11-27T16:00:02.815105-08:00,write,key_77,306.26,true,false,4264
2025-11-27T16:00:02.817203-08:00,write,key_692,306.37,true,false,4268
2025-11-27T16:00:02.817575-08:00,write,key_538,308.26,true,false,4267
2025-11-27T16:00:02.987854-08:00,write,key_894,312.10,true,false,4269
2025-11-27T16:00:02.987822-08:00,write,key_951,312.20,true,false,4270
2025-11-27T16:00:02.987944-08:00,write,key_340,312.22,true,false,4271
2025-11-27T16:00:03.300025-08:00,read,key_372,3.62,true,false,3518
2025-11-27T16:00:03.125836-08:00,write,key_120,307.70,true,false,4278
2025-11-27T16:00:03.123577-08:00,write,key_98,309.98,true,false,4277
2025-11-27T16:00:03.121331-08:00,write,key_321,312.28,true,false,4276
2025-11-27T16:00:03.12136-08:00,write,key_53,312.26,true,false,4273
2025-11-27T16:00:03.12125-08:00,write,key_230,312.42,true,false,4275
2025-11-27T16:00:03.121298-08:00,write,key_237,312.40,true,false,4274
2025-11-27T16:00:03.119309-08:00,write,key_923,314.39,true,false,4272
2025-11-27T16:00:03.303645-08:00,write,key_825,311.82,true,false,4280
2025-11-27T16:00:03.300162-08:00,write,key_894,315.35,true,false,4281
2025-11-27T16:00:03.299957-08:00,write,key_479,315.69,true,false,4279
2025-11-27T16:00:03.433558-08:00,write,key_247,317.94,true,false,4288
2025-11-27T16:00:03.433697-08:00,write,key_247,317.88,true,false,4283
2025-11-27T16:00:03.43361-08:00,write,key_176,317.97,true,false,4284
2025-11-27T16:00:03.433666-08:00,write,key_119,317.98,true,false,4285
2025-11-27T16:00:03.433694-08:00,write,key_924,317.98,true,false,4282
2025-11-27T16:00:03.433623-08:00,write,key_265,318.09,true,false,4286
2025-11-27T16:00:03.433535-08:00,write,key_186,318.18,true,false,4287
2025-11-27T16:00:03.615513-08:00,write,key_957,309.06,true,false,4289
2025-11-27T16:00:03.615467-08:00,write,key_218,309.19,true,false,4290
2025-11-27T16:00:03.61565-08:00,write,key_20,309.09,true,false,4291
2025-11-27T16:00:03.751577-08:00,write,key_766,310.79,true,false,4296
2025-11-27T16:00:03.751707-08:00,write,key_540,310.67,true,false,4295
2025-11-27T16:00:03.75167-08:00,write,key_676,310.76,true,false,4297
2025-11-27T16:00:03.751495-08:00,write,key_321,310.94,true,false,4293
2025-11-27T16:00:03.751713-08:00,write,key_698,310.73,true,false,4298
2025-11-27T16:00:03.75158-08:00,write,key_689,310.89,true,false,4292
2025-11-27T16:00:03.751644-08:00,write,key_837,310.83,true,false,4294
2025-11-27T16:00:03.924657-08:00,write,key_186,313.12,true,false,4301
2025-11-27T16:00:03.924574-08:00,write,key_118,314.62,true,false,4300
2025-11-27T16:00:03.924739-08:00,write,key_871,314.55,true,false,4299
2025-11-27T16:00:04.239286-08:00,read,key_752,1.56,true,false,4136
2025-11-27T16:00:04.062379-08:00,write,key_317,315.38,true,false,4304
2025-11-27T16:00:04.062439-08:00,write,key_329,315.38,true,false,4303
2025-11-27T16:00:04.06243-08:00,write,key_943,316.80,true,false,4305
2025-11-27T16:00:04.062439-08:00,write,key_532,316.85,true,false,4302
2025-11-27T16:00:04.062476-08:00,write,key_430,316.85,true,false,4308
2025-11-27T16:00:04.062372-08:00,write,key_597,317.11,true,false,4306
2025-11-27T16:00:04.062466-08:00,write,key_130,317.06,true,false,4307
2025-11-27T16:00:04.379322-08:00,read,key_133,4.95,true,false,4237
2025-11-27T16:00:04.240845-08:00,write,key_692,309.73,true,false,4311
2025-11-27T16:00:04.239194-08:00,write,key_382,311.38,true,false,4310
2025-11-27T16:00:04.237775-08:00,write,key_436,312.81,true,false,4309
2025-11-27T16:00:04.384277-08:00,write,key_61,306.77,true,false,4317
2025-11-27T16:00:04.379233-08:00,write,key_687,311.83,true,false,4314
2025-11-27T16:00:04.379526-08:00,write,key_180,311.58,true,false,4318
2025-11-27T16:00:04.379479-08:00,write,key_437,311.64,true,false,4315
2025-11-27T16:00:04.379287-08:00,write,key_548,311.84,true,false,4316
2025-11-27T16:00:04.377822-08:00,write,key_951,313.33,true,false,4312
2025-11-27T16:00:04.377763-08:00,write,key_411,313.55,true,false,4313
2025-11-27T16:00:04.550577-08:00,write,key_343,312.56,true,false,4319
2025-11-27T16:00:04.550588-08:00,write,key_951,313.01,true,false,4320
2025-11-27T16:00:04.550575-08:00,write,key_365,313.15,true,false,4321
2025-11-27T16:00:04.691049-08:00,write,key_592,312.28,true,false,4322
2025-11-27T16:00:04.691106-08:00,write,key_893,312.23,true,false,4323
2025-11-27T16:00:04.691121-08:00,write,key_322,312.86,true,false,4327
2025-11-27T16:00:04.691156-08:00,write,key_180,312.84,true,false,4325
2025-11-27T16:00:04.691132-08:00,write,key_180,312.88,true,false,4328
2025-11-27T16:00:04.691317-08:00,write,key_696,312.70,true,false,4326
2025-11-27T16:00:04.691065-08:00,write,key_342,313.05,true,false,4324
2025-11-27T16:00:05.003977-08:00,read,key_162,2.00,true,false,4110
2025-11-27T16:00:05.00401-08:00,read,key_925,1.97,false,false,0
2025-11-27T16:00:04.863601-08:00,write,key_298,312.84,true,false,4330
2025-11-27T16:00:04.863136-08:00,write,key_243,313.31,true,false,4331
2025-11-27T16:00:04.863722-08:00,write,key_905,312.73,true,false,4329
2025-11-27T16:00:05.003338-08:00,write,key_949,312.54,true,false,4333
2025-11-27T16:00:05.003996-08:00,write,key_414,311.91,true,false,4335
2025-11-27T16:00:05.005977-08:00,write,key_93,309.97,true,false,4336
2025-11-27T16:00:05.005982-08:00,write,key_33,309.98,true,false,4338
2025-11-27T16:00:05.004018-08:00,write,key_999,311.96,true,false,4334
2025-11-27T16:00:05.004116-08:00,write,key_189,312.00,true,false,4337
2025-11-27T16:00:05.00333-08:00,write,key_591,312.83,true,false,4332
2025-11-27T16:00:05.176457-08:00,write,key_755,310.97,true,false,4340
2025-11-27T16:00:05.176448-08:00,write,key_135,311.01,true,false,4341
2025-11-27T16:00:05.176446-08:00,write,key_750,311.04,true,false,4339
2025-11-27T16:00:05.487456-08:00,read,key_427,4.20,true,false,3410
2025-11-27T16:00:05.315958-08:00,write,key_996,315.77,true,false,4345
2025-11-27T16:00:05.315951-08:00,write,key_596,316.93,true,false,4343
2025-11-27T16:00:05.316162-08:00,write,key_98,316.83,true,false,4348
2025-11-27T16:00:05.316111-08:00,write,key_836,317.21,true,false,4347
2025-11-27T16:00:05.315903-08:00,write,key_136,317.47,true,false,4344
2025-11-27T16:00:05.315973-08:00,write,key_790,317.44,true,false,4346
2025-11-27T16:00:05.315876-08:00,write,key_343,318.03,true,false,4342
2025-11-27T16:00:05.491658-08:00,write,key_230,306.77,true,false,4351
2025-11-27T16:00:05.487484-08:00,write,key_941,310.94,true,false,4349
2025-11-27T16:00:05.487425-08:00,write,key_656,311.02,true,false,4350
2025-11-27T16:00:05.631726-08:00,write,key_767,306.19,true,false,4352
2025-11-27T16:00:05.937919-08:00,read,key_691,0.97,true,false,4250
2025-11-27T16:00:05.633413-08:00,write,key_133,308.73,true,false,4353
2025-11-27T16:00:05.633906-08:00,write,key_944,309.51,true,false,4358
2025-11-27T16:00:05.632989-08:00,write,key_591,310.43,true,false,4357
2025-11-27T16:00:05.633318-08:00,write,key_314,310.13,true,false,4354
2025-11-27T16:00:05.632885-08:00,write,key_132,310.59,true,false,4356
2025-11-27T16:00:05.633375-08:00,write,key_115,310.13,true,false,4355
2025-11-27T16:00:05.943413-08:00,read,key_390,0.98,true,false,3625
2025-11-27T16:00:05.798443-08:00,write,key_316,308.14,true,false,4359
2025-11-27T16:00:05.798424-08:00,write,key_100,308.19,true,false,4360
2025-11-27T16:00:05.798424-08:00,write,key_672,310.83,true,false,4361
2025-11-27T16:00:05.938891-08:00,write,key_54,311.74,true,false,4362
2025-11-27T16:00:05.943446-08:00,write,key_754,307.21,true,false,4365
2025-11-27T16:00:05.94347-08:00,write,key_348,315.23,true,false,4367
2025-11-27T16:00:05.943502-08:00,write,key_833,315.44,true,false,4366
2025-11-27T16:00:05.94342-08:00,write,key_991,315.88,true,false,4364
2025-11-27T16:00:05.944396-08:00,write,key_781,316.07,true,false,4368
2025-11-27T16:00:05.942142-08:00,write,key_546,321.94,true,false,4363
2025-11-27T16:00:06.260463-08:00,read,key_416,4.93,true,false,3912
2025-11-27T16:00:06.109252-08:00,write,key_388,307.27,true,false,4371
2025-11-27T16:00:06.106581-08:00,write,key_977,310.03,true,false,4369
2025-11-27T16:00:06.106615-08:00,write,key_431,310.22,true,false,4370
2025-11-27T16:00:06.250635-08:00,write,key_72,314.66,true,false,4372
2025-11-27T16:00:06.250656-08:00,write,key_692,314.65,true,false,4373
2025-11-27T16:00:06.565302-08:00,read,key_570,0.72,true,false,3873
2025-11-27T16:00:06.259308-08:00,write,key_35,321.66,true,false,4375
2025-11-27T16:00:06.258942-08:00,write,key_958,322.07,true,false,4374
2025-11-27T16:00:06.265393-08:00,write,key_96,315.63,true,false,4378
2025-11-27T16:00:06.264087-08:00,write,key_921,316.99,true,false,4377
2025-11-27T16:00:06.2587-08:00,write,key_161,322.39,true,false,4376
2025-11-27T16:00:06.581026-08:00,read,key_528,0.77,true,false,2065
2025-11-27T16:00:06.416611-08:00,write,key_958,308.76,true,false,4379
2025-11-27T16:00:06.41684-08:00,write,key_904,308.72,true,false,4381
2025-11-27T16:00:06.416525-08:00,write,key_752,309.80,true,false,4380
2025-11-27T16:00:06.566028-08:00,write,key_628,306.18,true,false,4383
2025-11-27T16:00:06.565308-08:00,write,key_187,306.95,true,false,4382
2025-11-27T16:00:06.580964-08:00,write,key_973,317.45,true,false,4384
2025-11-27T16:00:06.581088-08:00,write,key_465,317.34,true,false,4386
2025-11-27T16:00:06.581073-08:00,write,key_462,317.40,true,false,4385
2025-11-27T16:00:06.58101-08:00,write,key_95,317.57,true,false,4387
2025-11-27T16:00:06.581797-08:00,write,key_679,316.84,true,false,4388
2025-11-27T16:00:06.898578-08:00,read,key_835,2.27,true,false,3968
2025-11-27T16:00:06.725563-08:00,write,key_437,306.65,true,false,4390
2025-11-27T16:00:06.726323-08:00,write,key_412,305.94,true,false,4391
2025-11-27T16:00:06.725379-08:00,write,key_368,306.91,true,false,4389
2025-11-27T16:00:06.872254-08:00,write,key_547,311.46,true,false,4393
2025-11-27T16:00:06.87221-08:00,write,key_838,311.53,true,false,4392
2025-11-27T16:00:07.183739-08:00,read,key_325,1.09,true,false,4229
2025-11-27T16:00:06.900848-08:00,write,key_890,310.50,true,false,4397
2025-11-27T16:00:06.898468-08:00,write,key_751,312.88,true,false,4395
2025-11-27T16:00:06.898634-08:00,write,key_264,312.76,true,false,4398
2025-11-27T16:00:06.898419-08:00,write,key_476,313.00,true,false,4394
2025-11-27T16:00:06.898425-08:00,write,key_811,313.07,true,false,4396
2025-11-27T16:00:07.211394-08:00,read,key_413,1.49,true,false,4076
2025-11-27T16:00:07.032218-08:00,write,key_134,305.60,true,false,4399
2025-11-27T16:00:07.032262-08:00,write,key_188,305.59,true,false,4400
2025-11-27T16:00:07.337855-08:00,read,key_753,2.06,true,false,4242
2025-11-27T16:00:07.032291-08:00,write,key_922,307.84,true,false,4401
2025-11-27T16:00:07.184831-08:00,write,key_926,309.45,true,false,4403
2025-11-27T16:00:07.18372-08:00,write,key_135,310.58,true,false,4402
2025-11-27T16:00:07.211351-08:00,write,key_959,324.79,true,false,4405
2025-11-27T16:00:07.211419-08:00,write,key_996,324.76,true,false,4407
2025-11-27T16:00:07.211493-08:00,write,key_343,324.71,true,false,4408
2025-11-27T16:00:07.212884-08:00,write,key_114,323.35,true,false,4406
2025-11-27T16:00:07.211349-08:00,write,key_230,324.90,true,false,4404
2025-11-27T16:00:07.337819-08:00,write,key_671,306.87,true,false,4409
2025-11-27T16:00:07.339918-08:00,write,key_183,304.80,true,false,4411
2025-11-27T16:00:07.340126-08:00,write,key_296,304.72,true,false,4410
2025-11-27T16:00:07.494284-08:00,write,key_232,305.89,true,false,4413
2025-11-27T16:00:07.494295-08:00,write,key_113,305.89,true,false,4412
2025-11-27T16:00:07.536199-08:00,write,key_798,312.64,true,false,4416
2025-11-27T16:00:07.536235-08:00,write,key_77,312.62,true,false,4418
2025-11-27T16:00:07.536245-08:00,write,key_207,312.65,true,false,4417
2025-11-27T16:00:07.536179-08:00,write,key_117,312.72,true,false,4415
2025-11-27T16:00:07.536136-08:00,write,key_39,312.76,true,false,4414
2025-11-27T16:00:07.848899-08:00,read,key_990,4.95,true,false,3988
2025-11-27T16:00:07.644845-08:00,write,key_956,310.45,true,false,4421
2025-11-27T16:00:07.644715-08:00,write,key_25,310.62,true,false,4419
2025-11-27T16:00:07.644695-08:00,write,key_355,310.84,true,false,4420
2025-11-27T16:00:07.800173-08:00,write,key_832,308.60,true,false,4423
2025-11-27T16:00:07.800185-08:00,write,key_266,308.59,true,false,4422
2025-11-27T16:00:07.848855-08:00,write,key_213,310.38,true,false,4424
2025-11-27T16:00:07.848896-08:00,write,key_398,310.37,true,false,4426
2025-11-27T16:00:07.8489-08:00,write,key_113,310.41,true,false,4427
2025-11-27T16:00:07.84884-08:00,write,key_133,310.48,true,false,4425
2025-11-27T16:00:07.853853-08:00,write,key_535,311.17,true,false,4428
2025-11-27T16:00:07.955533-08:00,write,key_365,306.51,true,false,4431
2025-11-27T16:00:07.955331-08:00,write,key_759,307.03,true,false,4429
2025-11-27T16:00:07.955296-08:00,write,key_699,309.33,true,false,4430
2025-11-27T16:00:08.262363-08:00,read,key_180,2.69,true,false,4328
2025-11-27T16:00:08.108778-08:00,write,key_169,310.40,true,false,4432
2025-11-27T16:00:08.108776-08:00,write,key_96,310.64,true,false,4433
2025-11-27T16:00:08.159269-08:00,write,key_34,319.27,true,false,4434
2025-11-27T16:00:08.165025-08:00,write,key_809,313.54,true,false,4438
2025-11-27T16:00:08.159315-08:00,write,key_25,319.28,true,false,4436
2025-11-27T16:00:08.159313-08:00,write,key_537,319.29,true,false,4437
2025-11-27T16:00:08.159238-08:00,write,key_269,319.41,true,false,4435
2025-11-27T16:00:08.26204-08:00,write,key_834,308.54,true,false,4439
2025-11-27T16:00:08.264621-08:00,write,key_878,306.08,true,false,4440
2025-11-27T16:00:08.265054-08:00,write,key_182,305.68,true,false,4441
2025-11-27T16:00:08.419182-08:00,write,key_84,309.03,true,false,4443
2025-11-27T16:00:08.419414-08:00,write,key_629,308.84,true,false,4442
2025-11-27T16:00:08.478597-08:00,write,key_793,317.67,true,false,4446
2025-11-27T16:00:08.478607-08:00,write,key_796,317.66,true,false,4444
2025-11-27T16:00:08.478542-08:00,write,key_217,317.77,true,false,4445
2025-11-27T16:00:08.47865-08:00,write,key_71,317.73,true,false,4448
2025-11-27T16:00:08.478566-08:00,write,key_318,317.83,true,false,4447
2025-11-27T16:00:08.79631-08:00,read,key_975,0.49,true,false,1565
2025-11-27T16:00:08.570734-08:00,write,key_342,317.40,true,false,4449
2025-11-27T16:00:08.570576-08:00,write,key_325,317.57,true,false,4451
2025-11-27T16:00:08.570704-08:00,write,key_752,317.61,true,false,4450
2025-11-27T16:00:08.888145-08:00,read,key_432,3.02,true,false,3904
2025-11-27T16:00:08.728252-08:00,write,key_796,308.39,true,false,4452
2025-11-27T16:00:08.728217-08:00,write,key_136,308.44,true,false,4453
2025-11-27T16:00:08.796374-08:00,write,key_261,305.39,true,false,4455
2025-11-27T16:00:08.796398-08:00,write,key_201,306.20,true,false,4457
2025-11-27T16:00:09.102596-08:00,read,key_71,0.54,true,false,4448
2025-11-27T16:00:08.796266-08:00,write,key_697,307.46,true,false,4454
2025-11-27T16:00:08.796268-08:00,write,key_57,307.48,true,false,4456
2025-11-27T16:00:08.796801-08:00,write,key_972,306.97,true,false,4458
2025-11-27T16:00:08.888138-08:00,write,key_755,312.81,true,false,4460
2025-11-27T16:00:08.888314-08:00,write,key_463,312.64,true,false,4459
2025-11-27T16:00:08.891168-08:00,write,key_682,309.84,true,false,4461
2025-11-27T16:00:09.036657-08:00,write,key_767,305.52,true,false,4463
2025-11-27T16:00:09.036642-08:00,write,key_35,305.56,true,false,4462
2025-11-27T16:00:09.103722-08:00,write,key_390,304.93,true,false,4468
2025-11-27T16:00:09.101772-08:00,write,key_595,306.91,true,false,4464
2025-11-27T16:00:09.103136-08:00,write,key_652,305.56,true,false,4465
2025-11-27T16:00:09.103769-08:00,write,key_692,305.38,true,false,4467
2025-11-27T16:00:09.103744-08:00,write,key_55,305.42,true,false,4466
2025-11-27T16:00:09.201003-08:00,write,key_468,309.96,true,false,4469
2025-11-27T16:00:09.200952-08:00,write,key_413,310.01,true,false,4471
2025-11-27T16:00:09.200952-08:00,write,key_50,310.04,true,false,4470
2025-11-27T16:00:09.342182-08:00,write,key_218,303.19,true,false,4472
2025-11-27T16:00:09.342197-08:00,write,key_691,303.22,true,false,4473
2025-11-27T16:00:09.409151-08:00,write,key_119,322.81,true,false,4478
2025-11-27T16:00:09.408648-08:00,write,key_591,323.33,true,false,4477
2025-11-27T16:00:09.408692-08:00,write,key_84,323.34,true,false,4475
2025-11-27T16:00:09.409166-08:00,write,key_108,322.87,true,false,4474
2025-11-27T16:00:09.408681-08:00,write,key_427,324.04,true,false,4476
2025-11-27T16:00:09.510989-08:00,write,key_78,312.02,true,false,4481
2025-11-27T16:00:09.510966-08:00,write,key_690,312.12,true,false,4479
2025-11-27T16:00:09.510963-08:00,write,key_35,312.19,true,false,4480
2025-11-27T16:00:09.645418-08:00,write,key_439,303.33,true,false,4482
2025-11-27T16:00:09.645371-08:00,write,key_393,303.38,true,false,4483
2025-11-27T16:00:09.732028-08:00,write,key_349,309.52,true,false,4486
2025-11-27T16:00:09.731979-08:00,write,key_751,309.57,true,false,4484
2025-11-27T16:00:09.732723-08:00,write,key_113,308.84,true,false,4487
2025-11-27T16:00:09.731957-08:00,write,key_835,309.64,true,false,4485
2025-11-27T16:00:09.732035-08:00,write,key_954,311.79,true,false,4488
2025-11-27T16:00:09.823155-08:00,write,key_677,309.11,true,false,4491
2025-11-27T16:00:09.823084-08:00,write,key_696,309.22,true,false,4490
2025-11-27T16:00:09.823014-08:00,write,key_992,309.32,true,false,4489
2025-11-27T16:00:09.948758-08:00,write,key_338,303.23,true,false,4492
2025-11-27T16:00:09.948752-08:00,write,key_472,303.24,true,false,4493
2025-11-27T16:00:10.041562-08:00,write,key_796,307.87,true,false,4496
2025-11-27T16:00:10.041544-08:00,write,key_422,307.92,true,false,4494
2025-11-27T16:00:10.041594-08:00,write,key_571,307.91,true,false,4495
2025-11-27T16:00:10.043825-08:00,write,key_751,306.18,true,false,4498
2025-11-27T16:00:10.041544-08:00,write,key_34,308.49,true,false,4497
2025-11-27T16:00:10.132301-08:00,write,key_995,311.04,true,false,4501
2025-11-27T16:00:10.132268-08:00,write,key_804,311.10,true,false,4499
2025-11-27T16:00:10.132338-08:00,write,key_110,311.10,true,false,4500
2025-11-27T16:00:10.251989-08:00,write,key_77,312.95,true,false,4503
2025-11-27T16:00:10.251995-08:00,write,key_296,312.95,true,false,4502
2025-11-27T16:00:10.350002-08:00,write,key_385,318.12,true,false,4507
2025-11-27T16:00:10.349465-08:00,write,key_876,318.66,true,false,4504
2025-11-27T16:00:10.349499-08:00,write,key_470,318.63,true,false,4506
2025-11-27T16:00:10.349435-08:00,write,key_163,318.70,true,false,4505
2025-11-27T16:00:10.350035-08:00,write,key_189,318.32,true,false,4508
2025-11-27T16:00:10.443341-08:00,write,key_990,310.38,true,false,4510
2025-11-27T16:00:10.443434-08:00,write,key_999,310.29,true,false,4509
2025-11-27T16:00:10.443365-08:00,write,key_674,310.38,true,false,4511
