timestamp,type,key,latency_ms,success,is_stale,version
2025-11-27T16:42:07.296653-08:00,read,key_119,4.37,true,false,5753
2025-11-27T16:42:07.318406-08:00,read,key_114,2.60,true,false,6113
2025-11-27T16:42:07.329356-08:00,read,key_111,2.14,true,false,5211
2025-11-27T16:42:07.339828-08:00,read,key_114,0.89,true,false,6113
2025-11-27T16:42:07.350798-08:00,read,key_840,1.06,true,false,6096
2025-11-27T16:42:07.361865-08:00,read,key_117,1.18,true,false,5865
2025-11-27T16:42:07.383182-08:00,read,key_847,1.66,true,false,6049
2025-11-27T16:42:07.394261-08:00,read,key_846,3.55,true,false,5979
2025-11-27T16:42:07.405152-08:00,read,key_848,2.23,true,false,6087
2025-11-27T16:42:07.438349-08:00,read,key_989,1.82,true,false,6215
2025-11-27T16:42:07.449418-08:00,read,key_607,1.64,true,false,5501
2025-11-27T16:42:07.460502-08:00,read,key_842,1.17,true,false,6318
2025-11-27T16:42:07.471576-08:00,read,key_790,2.93,true,false,6203
2025-11-27T16:42:07.504781-08:00,read,key_38,1.94,true,false,6339
2025-11-27T16:42:07.526947-08:00,read,key_336,3.00,true,false,2700
2025-11-27T16:42:07.537952-08:00,read,key_989,1.63,true,false,6215
2025-11-27T16:42:07.549019-08:00,read,key_791,1.10,true,false,6201
2025-11-27T16:42:07.582269-08:00,read,key_89,1.17,true,false,6353
2025-11-27T16:42:07.593333-08:00,read,key_419,2.70,true,false,6233
2025-11-27T16:42:07.604313-08:00,read,key_842,2.63,true,false,6318
2025-11-27T16:42:07.307351-08:00,write,key_112,306.09,true,false,6433
2025-11-27T16:42:07.614473-08:00,read,key_84,2.62,true,false,5411
2025-11-27T16:42:07.625468-08:00,read,key_668,0.86,true,false,6222
2025-11-27T16:42:07.636547-08:00,read,key_39,1.33,true,false,4593
2025-11-27T16:42:07.657388-08:00,read,key_113,0.97,true,false,5800
2025-11-27T16:42:07.372136-08:00,write,key_112,304.28,true,false,6433
2025-11-27T16:42:07.678764-08:00,read,key_845,1.09,true,false,5744
2025-11-27T16:42:07.416195-08:00,write,key_662,305.66,true,false,6433
2025-11-27T16:42:07.427297-08:00,write,key_115,304.35,true,false,6434
2025-11-27T16:42:07.731642-08:00,read,key_950,0.81,true,false,6396
2025-11-27T16:42:07.482518-08:00,write,key_842,310.49,true,false,6434
2025-11-27T16:42:07.793006-08:00,read,key_352,2.62,true,false,5541
2025-11-27T16:42:07.493577-08:00,write,key_847,305.65,true,false,6435
2025-11-27T16:42:07.51585-08:00,write,key_600,307.57,true,false,6433
2025-11-27T16:42:07.560145-08:00,write,key_562,308.39,true,false,6434
2025-11-27T16:42:07.571198-08:00,write,key_561,302.90,true,false,6435
2025-11-27T16:42:07.647115-08:00,write,key_87,307.33,true,false,6436
2025-11-27T16:42:07.668444-08:00,write,key_410,305.32,true,false,6436
2025-11-27T16:42:07.689802-08:00,write,key_602,304.99,true,false,6437
2025-11-27T16:42:07.721852-08:00,write,key_89,307.81,true,false,6437
2025-11-27T16:42:08.029667-08:00,read,key_338,0.75,true,false,5374
2025-11-27T16:42:08.030412-08:00,read,key_668,0.67,true,false,6222
2025-11-27T16:42:08.03108-08:00,read,key_89,0.52,true,false,6437
2025-11-27T16:42:08.031613-08:00,read,key_847,0.49,true,false,6435
2025-11-27T16:42:07.732448-08:00,write,key_791,306.63,true,false,6435
2025-11-27T16:42:08.03908-08:00,read,key_86,0.68,true,false,5425
2025-11-27T16:42:08.039758-08:00,read,key_839,0.67,true,false,6400
2025-11-27T16:42:07.795629-08:00,write,key_988,305.86,true,false,6438
2025-11-27T16:42:08.101486-08:00,read,key_83,0.75,true,false,6365
2025-11-27T16:42:07.799224-08:00,write,key_950,303.91,true,false,6436
2025-11-27T16:42:08.10313-08:00,read,key_957,0.82,true,false,6441
2025-11-27T16:42:07.82342-08:00,write,key_844,307.99,true,false,6439
2025-11-27T16:42:08.131411-08:00,read,key_119,1.18,true,false,5753
2025-11-27T16:42:08.132594-08:00,read,key_602,0.57,true,false,6437
2025-11-27T16:42:07.868536-08:00,write,key_847,308.22,true,false,6440
2025-11-27T16:42:08.176759-08:00,read,key_37,0.86,true,false,6370
2025-11-27T16:42:07.874103-08:00,write,key_957,306.34,true,false,6441
2025-11-27T16:42:08.180443-08:00,read,key_831,1.13,true,false,5678
2025-11-27T16:42:08.181578-08:00,read,key_983,0.90,true,false,6088
2025-11-27T16:42:07.954444-08:00,write,key_111,307.22,true,false,6440
2025-11-27T16:42:08.261663-08:00,read,key_916,0.88,true,false,5451
2025-11-27T16:42:07.973769-08:00,write,key_911,305.67,true,false,6442
2025-11-27T16:42:08.27944-08:00,read,key_346,2.50,true,false,5556
2025-11-27T16:42:07.994791-08:00,write,key_30,305.49,true,false,6438
2025-11-27T16:42:08.032101-08:00,write,key_117,307.24,true,false,6438
2025-11-27T16:42:08.040428-08:00,write,key_152,304.91,true,false,6439
2025-11-27T16:42:08.345337-08:00,read,key_641,0.73,true,false,6396
2025-11-27T16:42:08.346069-08:00,read,key_411,0.99,true,false,5415
2025-11-27T16:42:08.347059-08:00,read,key_797,1.19,true,false,6047
2025-11-27T16:42:08.348251-08:00,read,key_336,0.91,true,false,2700
2025-11-27T16:42:08.103945-08:00,write,key_33,302.58,true,false,6444
2025-11-27T16:42:08.102238-08:00,write,key_843,304.35,true,false,6443
2025-11-27T16:42:08.133163-08:00,write,key_848,303.86,true,false,6440
2025-11-27T16:42:08.437022-08:00,read,key_642,2.27,true,false,6402
2025-11-27T16:42:08.43929-08:00,read,key_39,0.36,true,false,4593
2025-11-27T16:42:08.177619-08:00,write,key_846,304.56,true,false,6441
2025-11-27T16:42:08.182476-08:00,write,key_349,306.94,true,false,6442
2025-11-27T16:42:08.26254-08:00,write,key_606,304.81,true,false,6442
2025-11-27T16:42:08.281941-08:00,write,key_799,305.85,true,false,6443
2025-11-27T16:42:08.587794-08:00,read,key_606,0.60,true,false,6442
2025-11-27T16:42:08.300282-08:00,write,key_414,307.72,true,false,6444
2025-11-27T16:42:08.608009-08:00,read,key_831,0.62,true,false,5678
2025-11-27T16:42:08.608634-08:00,read,key_840,0.44,true,false,6096
2025-11-27T16:42:08.339345-08:00,write,key_834,302.74,true,false,6445
2025-11-27T16:42:08.349167-08:00,write,key_335,306.13,true,false,6443
2025-11-27T16:42:08.406594-08:00,write,key_745,307.47,true,false,6445
2025-11-27T16:42:08.406534-08:00,write,key_356,307.69,true,false,6445
2025-11-27T16:42:08.714225-08:00,read,key_569,1.77,true,false,2259
2025-11-27T16:42:08.714112-08:00,read,key_846,1.91,true,false,6441
2025-11-27T16:42:08.715997-08:00,read,key_151,0.85,true,false,5511
2025-11-27T16:42:08.716851-08:00,read,key_772,0.50,true,false,5864
2025-11-27T16:42:08.716027-08:00,read,key_112,2.16,true,false,6433
2025-11-27T16:42:08.439653-08:00,write,key_792,307.31,true,false,6445
2025-11-27T16:42:08.482183-08:00,write,key_115,308.94,true,false,6446
2025-11-27T16:42:08.489416-08:00,write,key_81,304.37,true,false,6446
2025-11-27T16:42:08.567348-08:00,write,key_457,307.07,true,false,6447
2025-11-27T16:42:08.58839-08:00,write,key_360,305.33,true,false,6446
2025-11-27T16:42:08.609071-08:00,write,key_117,309.10,true,false,6447
2025-11-27T16:42:08.918178-08:00,read,key_959,1.33,true,false,5994
2025-11-27T16:42:08.919509-08:00,read,key_453,2.42,true,false,5252
2025-11-27T16:42:08.921926-08:00,read,key_848,2.98,true,false,6440
2025-11-27T16:42:08.924908-08:00,read,key_663,0.83,true,false,6093
2025-11-27T16:42:08.925741-08:00,read,key_512,1.10,true,false,5186
2025-11-27T16:42:08.926845-08:00,read,key_111,0.83,true,false,6440
2025-11-27T16:42:08.92768-08:00,read,key_85,0.65,true,false,5370
2025-11-27T16:42:08.928335-08:00,read,key_487,0.70,true,false,5977
2025-11-27T16:42:08.929034-08:00,read,key_113,0.61,true,false,5800
2025-11-27T16:42:08.642085-08:00,write,key_954,307.65,true,false,6447
2025-11-27T16:42:08.949734-08:00,read,key_680,1.06,true,false,6068
2025-11-27T16:42:08.655302-08:00,write,key_792,305.25,true,false,6447
2025-11-27T16:42:08.718186-08:00,write,key_84,307.81,true,false,6449
2025-11-27T16:42:08.717356-08:00,write,key_644,308.69,true,false,6448
2025-11-27T16:42:09.025994-08:00,read,key_352,4.20,true,false,5541
2025-11-27T16:42:08.746962-08:00,write,key_777,304.47,true,false,6448
2025-11-27T16:42:08.793793-08:00,write,key_958,306.52,true,false,6447
2025-11-27T16:42:08.791121-08:00,write,key_30,309.19,true,false,6449
2025-11-27T16:42:09.100319-08:00,read,key_596,1.15,true,false,6107
2025-11-27T16:42:09.100319-08:00,read,key_842,1.17,true,false,6434
2025-11-27T16:42:08.874425-08:00,write,key_919,308.78,true,false,6448
2025-11-27T16:42:08.893726-08:00,write,key_368,309.83,true,false,6450
2025-11-27T16:42:09.203556-08:00,read,key_414,0.97,true,false,6444
2025-11-27T16:42:08.929641-08:00,write,key_688,304.36,true,false,6448
2025-11-27T16:42:08.9508-08:00,write,key_681,307.01,true,false,6449
2025-11-27T16:42:08.960557-08:00,write,key_986,304.35,true,false,6451
2025-11-27T16:42:09.0302-08:00,write,key_566,306.36,true,false,6450
2025-11-27T16:42:09.026049-08:00,write,key_602,310.52,true,false,6450
2025-11-27T16:42:09.051435-08:00,write,key_451,306.37,true,false,6451
2025-11-27T16:42:09.357807-08:00,read,key_684,3.11,true,false,5847
2025-11-27T16:42:09.360927-08:00,read,key_38,0.96,true,false,6339
2025-11-27T16:42:09.361884-08:00,read,key_331,0.58,true,false,6200
2025-11-27T16:42:09.101468-08:00,write,key_36,308.29,true,false,6453
2025-11-27T16:42:09.101489-08:00,write,key_87,308.27,true,false,6452
2025-11-27T16:42:09.409761-08:00,read,key_389,0.80,true,false,5297
2025-11-27T16:42:09.409757-08:00,read,key_951,0.81,true,false,5712
2025-11-27T16:42:09.410572-08:00,read,key_210,0.70,true,false,6392
2025-11-27T16:42:09.411271-08:00,read,key_772,0.65,true,false,5864
2025-11-27T16:42:09.411917-08:00,read,key_33,0.67,true,false,6444
2025-11-27T16:42:09.412584-08:00,read,key_847,0.54,true,false,6440
2025-11-27T16:42:09.41312-08:00,read,key_361,0.45,true,false,6454
2025-11-27T16:42:09.413566-08:00,read,key_52,0.46,true,false,6384
2025-11-27T16:42:09.414023-08:00,read,key_797,0.51,true,false,6047
2025-11-27T16:42:09.183212-08:00,write,key_980,306.07,true,false,6452
2025-11-27T16:42:09.204524-08:00,write,key_361,308.82,true,false,6454
2025-11-27T16:42:09.513348-08:00,read,key_983,1.32,true,false,6088
2025-11-27T16:42:09.514665-08:00,read,key_365,0.88,true,false,5229
2025-11-27T16:42:09.515542-08:00,read,key_80,2.40,true,false,5409
2025-11-27T16:42:09.517941-08:00,read,key_845,0.61,true,false,5744
2025-11-27T16:42:09.518546-08:00,read,key_159,0.56,true,false,5519
2025-11-27T16:42:09.234001-08:00,write,key_484,307.26,true,false,6451
2025-11-27T16:42:09.541262-08:00,read,key_356,0.81,true,false,6445
2025-11-27T16:42:09.257814-08:00,write,key_981,305.63,true,false,6452
2025-11-27T16:42:09.563443-08:00,read,key_958,1.12,true,false,6447
2025-11-27T16:42:09.264906-08:00,write,key_595,303.68,true,false,6455
2025-11-27T16:42:09.336559-08:00,write,key_158,307.67,true,false,6453
2025-11-27T16:42:09.336573-08:00,write,key_218,307.68,true,false,6456
2025-11-27T16:42:09.644227-08:00,read,key_683,1.01,true,false,6401
2025-11-27T16:42:09.362463-08:00,write,key_792,303.94,true,false,6457
2025-11-27T16:42:09.410563-08:00,write,key_155,304.97,true,false,6454
2025-11-27T16:42:09.414536-08:00,write,key_691,302.64,true,false,6454
2025-11-27T16:42:09.717176-08:00,read,key_983,0.67,true,false,6088
2025-11-27T16:42:09.489283-08:00,write,key_834,309.59,true,false,6455
2025-11-27T16:42:09.798879-08:00,read,key_845,1.15,true,false,5744
2025-11-27T16:42:09.800034-08:00,read,key_80,0.79,true,false,5409
2025-11-27T16:42:09.519111-08:00,write,key_455,302.33,true,false,6456
2025-11-27T16:42:09.542075-08:00,write,key_634,307.90,true,false,6457
2025-11-27T16:42:09.84998-08:00,read,key_111,3.24,true,false,6440
2025-11-27T16:42:09.564568-08:00,write,key_354,305.43,true,false,6455
2025-11-27T16:42:09.568588-08:00,write,key_483,303.87,true,false,6458
2025-11-27T16:42:09.644255-08:00,write,key_602,305.48,true,false,6458
2025-11-27T16:42:09.64524-08:00,write,key_112,304.51,true,false,6457
2025-11-27T16:42:09.949747-08:00,read,key_555,0.92,true,false,5521
2025-11-27T16:42:09.949737-08:00,read,key_958,0.95,true,false,6447
2025-11-27T16:42:09.950713-08:00,read,key_646,0.91,true,false,4533
2025-11-27T16:42:09.666406-08:00,write,key_484,307.05,true,false,6458
2025-11-27T16:42:09.715532-08:00,write,key_112,306.78,true,false,6458
2025-11-27T16:42:09.717848-08:00,write,key_668,304.46,true,false,6459
2025-11-27T16:42:10.022311-08:00,read,key_484,1.09,true,false,6458
2025-11-27T16:42:09.80082-08:00,write,key_39,311.64,true,false,6459
2025-11-27T16:42:10.112466-08:00,read,key_554,1.40,true,false,6406
2025-11-27T16:42:09.821444-08:00,write,key_38,304.01,true,false,6459
2025-11-27T16:42:10.125459-08:00,read,key_413,0.80,true,false,6422
2025-11-27T16:42:09.853221-08:00,write,key_119,306.11,true,false,6460
2025-11-27T16:42:10.15933-08:00,read,key_688,0.76,true,false,6448
2025-11-27T16:42:09.870002-08:00,write,key_682,309.68,true,false,6461
2025-11-27T16:42:09.872456-08:00,write,key_779,307.28,true,false,6460
2025-11-27T16:42:10.179686-08:00,read,key_116,2.62,true,false,5918
2025-11-27T16:42:10.182312-08:00,read,key_921,1.04,true,false,5021
2025-11-27T16:42:10.18335-08:00,read,key_849,1.10,true,false,6155
2025-11-27T16:42:09.950725-08:00,write,key_252,307.43,true,false,6460
2025-11-27T16:42:09.951623-08:00,write,key_355,308.89,true,false,6462
2025-11-27T16:42:09.973455-08:00,write,key_511,311.07,true,false,6460
2025-11-27T16:42:10.023403-08:00,write,key_848,303.69,true,false,6461
2025-11-27T16:42:10.022322-08:00,write,key_698,304.77,true,false,6463
2025-11-27T16:42:10.327091-08:00,read,key_386,1.25,true,false,6408
2025-11-27T16:42:10.327091-08:00,read,key_352,1.36,true,false,5541
2025-11-27T16:42:10.328337-08:00,read,key_958,1.24,true,false,6447
2025-11-27T16:42:10.113863-08:00,write,key_779,315.63,true,false,6464
2025-11-27T16:42:10.429493-08:00,read,key_845,1.01,true,false,5744
2025-11-27T16:42:10.126256-08:00,write,key_633,304.90,true,false,6461
2025-11-27T16:42:10.430505-08:00,read,key_792,0.73,true,false,6457
2025-11-27T16:42:10.431154-08:00,read,key_606,0.57,true,false,6442
2025-11-27T16:42:10.431232-08:00,read,key_798,0.69,true,false,6105
2025-11-27T16:42:10.431721-08:00,read,key_633,0.75,true,false,6461
2025-11-27T16:42:10.160093-08:00,write,key_216,312.31,true,false,6465
2025-11-27T16:42:10.179736-08:00,write,key_86,304.83,true,false,6462
2025-11-27T16:42:10.484564-08:00,read,key_740,1.78,true,false,6090
2025-11-27T16:42:10.184447-08:00,write,key_412,303.72,true,false,6462
2025-11-27T16:42:10.488172-08:00,read,key_843,0.78,true,false,6443
2025-11-27T16:42:10.260517-08:00,write,key_347,305.22,true,false,6466
2025-11-27T16:42:10.258161-08:00,write,key_831,307.69,true,false,6463
2025-11-27T16:42:10.565736-08:00,read,key_346,1.20,true,false,5556
2025-11-27T16:42:10.566939-08:00,read,key_591,1.72,true,false,5227
2025-11-27T16:42:10.565855-08:00,read,key_550,4.28,true,false,5816
2025-11-27T16:42:10.284533-08:00,write,key_482,306.38,true,false,6463
2025-11-27T16:42:10.329577-08:00,write,key_115,310.24,true,false,6465
2025-11-27T16:42:10.328447-08:00,write,key_484,311.41,true,false,6464
2025-11-27T16:42:10.63986-08:00,read,key_746,1.35,true,false,5654
2025-11-27T16:42:10.431928-08:00,write,key_841,309.59,true,false,6465
2025-11-27T16:42:10.43247-08:00,write,key_82,309.08,true,false,6466
2025-11-27T16:42:10.74152-08:00,read,key_486,2.60,true,false,6339
2025-11-27T16:42:10.744123-08:00,read,key_695,1.18,true,false,5986
2025-11-27T16:42:10.7453-08:00,read,key_958,0.59,true,false,6447
2025-11-27T16:42:10.4724-08:00,write,key_363,309.36,true,false,6467
2025-11-27T16:42:10.488956-08:00,write,key_157,303.82,true,false,6467
2025-11-27T16:42:10.486343-08:00,write,key_216,310.66,true,false,6468
2025-11-27T16:42:10.797007-08:00,read,key_384,0.75,true,false,6234
2025-11-27T16:42:10.797763-08:00,read,key_847,2.00,true,false,6440
2025-11-27T16:42:10.570138-08:00,write,key_889,306.80,true,false,6468
2025-11-27T16:42:10.568663-08:00,write,key_414,308.29,true,false,6467
2025-11-27T16:42:10.876949-08:00,read,key_694,1.21,true,false,5802
2025-11-27T16:42:10.876946-08:00,read,key_745,1.22,true,false,6445
2025-11-27T16:42:10.878169-08:00,read,key_353,1.03,false,false,0
2025-11-27T16:42:10.590919-08:00,write,key_775,303.70,true,false,6468
2025-11-27T16:42:10.894621-08:00,read,key_482,0.94,true,false,6463
2025-11-27T16:42:10.639818-08:00,write,key_358,309.73,true,false,6469
2025-11-27T16:42:10.641215-08:00,write,key_417,308.35,true,false,6470
2025-11-27T16:42:10.949566-08:00,read,key_386,2.64,true,false,6408
2025-11-27T16:42:10.745887-08:00,write,key_689,303.79,true,false,6467
2025-11-27T16:42:10.741546-08:00,write,key_8,308.16,true,false,6467
2025-11-27T16:42:11.049681-08:00,read,key_454,1.75,true,false,6249
2025-11-27T16:42:11.051434-08:00,read,key_669,1.67,true,false,6227
2025-11-27T16:42:10.781766-08:00,write,key_950,304.58,true,false,6468
2025-11-27T16:42:10.799762-08:00,write,key_367,305.18,true,false,6469
2025-11-27T16:42:10.792779-08:00,write,key_987,312.21,true,false,6469
2025-11-27T16:42:10.879197-08:00,write,key_337,308.48,true,false,6470
2025-11-27T16:42:10.878158-08:00,write,key_411,309.55,true,false,6471
2025-11-27T16:42:11.18768-08:00,read,key_849,1.26,true,false,6155
2025-11-27T16:42:11.187704-08:00,read,key_853,1.25,true,false,5828
2025-11-27T16:42:10.895565-08:00,write,key_486,304.02,true,false,6471
2025-11-27T16:42:11.199592-08:00,read,key_258,1.18,true,false,6086
2025-11-27T16:42:11.200771-08:00,read,key_388,1.29,true,false,6111
2025-11-27T16:42:11.202063-08:00,read,key_640,3.00,true,false,6226
2025-11-27T16:42:11.20506-08:00,read,key_80,0.67,true,false,5409
2025-11-27T16:42:10.952205-08:00,write,key_665,303.84,true,false,6472
2025-11-27T16:42:10.949555-08:00,write,key_926,306.49,true,false,6471
2025-11-27T16:42:11.25605-08:00,read,key_173,1.20,true,false,5460
2025-11-27T16:42:11.256046-08:00,read,key_841,1.21,true,false,6465
2025-11-27T16:42:11.25726-08:00,read,key_345,0.81,true,false,6352
2025-11-27T16:42:11.25807-08:00,read,key_849,4.66,true,false,6155
2025-11-27T16:42:11.262733-08:00,read,key_257,2.57,true,false,5395
2025-11-27T16:42:11.265307-08:00,read,key_30,0.83,true,false,6449
2025-11-27T16:42:11.049706-08:00,write,key_515,307.11,true,false,6471
2025-11-27T16:42:11.356814-08:00,read,key_602,1.81,true,false,6458
2025-11-27T16:42:11.053109-08:00,write,key_356,305.82,true,false,6472
2025-11-27T16:42:11.086346-08:00,write,key_638,306.30,true,false,6472
2025-11-27T16:42:11.392654-08:00,read,key_418,3.53,true,false,6184
2025-11-27T16:42:11.104995-08:00,write,key_958,304.50,true,false,6473
2025-11-27T16:42:11.104943-08:00,write,key_605,304.55,true,false,6471
2025-11-27T16:42:11.18894-08:00,write,key_360,307.91,true,false,6473
2025-11-27T16:42:11.18895-08:00,write,key_648,307.91,true,false,6472
2025-11-27T16:42:11.496858-08:00,read,key_57,1.28,true,false,6295
2025-11-27T16:42:11.496868-08:00,read,key_766,1.28,true,false,6109
2025-11-27T16:42:11.49815-08:00,read,key_179,1.04,true,false,6174
2025-11-27T16:42:11.499192-08:00,read,key_88,0.71,true,false,6338
2025-11-27T16:42:11.499906-08:00,read,key_741,0.84,true,false,5653
2025-11-27T16:42:11.205735-08:00,write,key_603,305.82,true,false,6473
2025-11-27T16:42:11.257301-08:00,write,key_689,306.37,true,false,6474
2025-11-27T16:42:11.266134-08:00,write,key_760,308.78,true,false,6473
2025-11-27T16:42:11.574912-08:00,read,key_80,0.97,true,false,5409
2025-11-27T16:42:11.358629-08:00,write,key_457,305.50,true,false,6474
2025-11-27T16:42:11.358925-08:00,write,key_635,305.27,true,false,6474
2025-11-27T16:42:11.396186-08:00,write,key_366,307.46,true,false,6474
2025-11-27T16:42:11.703658-08:00,read,key_951,3.04,true,false,5712
2025-11-27T16:42:11.409494-08:00,write,key_325,305.94,true,false,6475
2025-11-27T16:42:11.409498-08:00,write,key_843,305.96,true,false,6475
2025-11-27T16:42:11.715439-08:00,read,key_3,1.06,true,false,6287
2025-11-27T16:42:11.715459-08:00,read,key_225,1.05,true,false,6429
2025-11-27T16:42:11.498135-08:00,write,key_956,305.00,true,false,6475
2025-11-27T16:42:11.500748-08:00,write,key_790,306.44,true,false,6476
2025-11-27T16:42:11.511558-08:00,write,key_56,305.30,true,false,6477
2025-11-27T16:42:11.816863-08:00,read,key_116,2.16,true,false,5918
2025-11-27T16:42:11.819026-08:00,read,key_16,1.00,true,false,6106
2025-11-27T16:42:11.563675-08:00,write,key_348,310.01,true,false,6476
2025-11-27T16:42:11.873686-08:00,read,key_925,1.09,true,false,6191
2025-11-27T16:42:11.575883-08:00,write,key_330,309.03,true,false,6478
2025-11-27T16:42:11.88492-08:00,read,key_252,2.98,true,false,6460
2025-11-27T16:42:11.887905-08:00,read,key_415,0.85,true,false,4829
2025-11-27T16:42:11.888754-08:00,read,key_696,0.80,true,false,6050
2025-11-27T16:42:11.664193-08:00,write,key_333,341.14,true,false,6477
2025-11-27T16:42:11.664135-08:00,write,key_139,341.23,true,false,6475
2025-11-27T16:42:12.005335-08:00,read,key_588,0.77,true,false,4954
2025-11-27T16:42:12.006107-08:00,read,key_216,0.56,true,false,6468
2025-11-27T16:42:11.706698-08:00,write,key_332,305.33,true,false,6479
2025-11-27T16:42:12.012033-08:00,read,key_256,0.61,true,false,5075
2025-11-27T16:42:11.716508-08:00,write,key_87,302.77,true,false,6480
2025-11-27T16:42:11.716497-08:00,write,key_595,302.79,true,false,6476
2025-11-27T16:42:11.807195-08:00,write,key_223,305.27,true,false,6478
2025-11-27T16:42:11.803141-08:00,write,key_324,309.34,true,false,6481
2025-11-27T16:42:12.112474-08:00,read,key_954,1.43,true,false,6447
2025-11-27T16:42:11.820028-08:00,write,key_361,303.43,true,false,6478
2025-11-27T16:42:12.12346-08:00,read,key_682,3.21,true,false,6461
2025-11-27T16:42:11.87478-08:00,write,key_944,312.98,true,false,6478
2025-11-27T16:42:11.889553-08:00,write,key_87,306.40,true,false,6482
2025-11-27T16:42:12.195953-08:00,read,key_382,0.89,true,false,6271
2025-11-27T16:42:12.19684-08:00,read,key_18,2.99,true,false,5991
2025-11-27T16:42:12.19983-08:00,read,key_989,1.05,true,false,6215
2025-11-27T16:42:12.005367-08:00,write,key_332,305.17,true,false,6483
2025-11-27T16:42:12.006667-08:00,write,key_481,304.20,true,false,6479
2025-11-27T16:42:12.012647-08:00,write,key_681,304.34,true,false,6483
2025-11-27T16:42:12.316993-08:00,read,key_452,0.66,true,false,6197
2025-11-27T16:42:12.317654-08:00,read,key_485,0.62,true,false,6027
2025-11-27T16:42:12.318278-08:00,read,key_771,0.52,true,false,6258
2025-11-27T16:42:12.019284-08:00,write,key_170,303.10,true,false,6481
2025-11-27T16:42:12.019284-08:00,write,key_175,303.66,true,false,6481
2025-11-27T16:42:12.322384-08:00,read,key_410,1.99,true,false,6436
2025-11-27T16:42:12.322947-08:00,read,key_118,1.89,true,false,6206
2025-11-27T16:42:12.11248-08:00,write,key_110,302.39,true,false,6484
2025-11-27T16:42:12.414877-08:00,read,key_387,2.19,true,false,6414
2025-11-27T16:42:12.113911-08:00,write,key_834,303.22,true,false,6484
2025-11-27T16:42:12.417131-08:00,read,key_560,0.76,true,false,5775
2025-11-27T16:42:12.126675-08:00,write,key_393,304.81,true,false,6484
2025-11-27T16:42:12.431485-08:00,read,key_540,0.85,true,false,5932
2025-11-27T16:42:12.432335-08:00,read,key_398,0.65,true,false,4608
2025-11-27T16:42:12.432984-08:00,read,key_31,0.48,true,false,4755
2025-11-27T16:42:12.187771-08:00,write,key_392,308.19,true,false,6485
2025-11-27T16:42:12.200877-08:00,write,key_88,307.03,true,false,6486
2025-11-27T16:42:12.310683-08:00,write,key_597,304.24,true,false,6484
2025-11-27T16:42:12.310889-08:00,write,key_878,304.05,true,false,6484
2025-11-27T16:42:12.614929-08:00,read,key_388,1.03,true,false,6111
2025-11-27T16:42:12.61596-08:00,read,key_714,0.76,false,false,0
2025-11-27T16:42:12.318794-08:00,write,key_857,304.44,true,false,6485
2025-11-27T16:42:12.324383-08:00,write,key_588,305.02,true,false,6487
2025-11-27T16:42:12.324834-08:00,write,key_60,304.58,true,false,6487
2025-11-27T16:42:12.417074-08:00,write,key_846,304.70,true,false,6486
2025-11-27T16:42:12.417895-08:00,write,key_741,304.53,true,false,6488
2025-11-27T16:42:12.721777-08:00,read,key_116,1.00,true,false,5918
2025-11-27T16:42:12.722782-08:00,read,key_745,3.68,true,false,6488
2025-11-27T16:42:12.433468-08:00,write,key_393,304.86,true,false,6487
2025-11-27T16:42:12.738332-08:00,read,key_988,0.80,true,false,6438
2025-11-27T16:42:12.739132-08:00,read,key_355,0.75,true,false,6462
2025-11-27T16:42:12.495967-08:00,write,key_111,312.20,true,false,6486
2025-11-27T16:42:12.808173-08:00,read,key_842,1.64,true,false,6434
2025-11-27T16:42:12.809812-08:00,read,key_35,2.04,true,false,5623
2025-11-27T16:42:12.507931-08:00,write,key_556,308.19,true,false,6487
2025-11-27T16:42:12.61494-08:00,write,key_595,305.36,true,false,6489
2025-11-27T16:42:12.920302-08:00,read,key_117,2.18,true,false,6447
2025-11-27T16:42:12.616719-08:00,write,key_929,305.78,true,false,6487
2025-11-27T16:42:12.922496-08:00,read,key_82,1.19,true,false,6466
2025-11-27T16:42:12.923694-08:00,read,key_114,1.16,true,false,6113
2025-11-27T16:42:12.924858-08:00,read,key_952,0.84,true,false,6232
2025-11-27T16:42:12.925702-08:00,read,key_103,2.37,true,false,6312
2025-11-27T16:42:12.623235-08:00,write,key_745,304.98,true,false,6488
2025-11-27T16:42:12.928212-08:00,read,key_775,1.21,true,false,6468
2025-11-27T16:42:12.929421-08:00,read,key_855,0.87,true,false,4913
2025-11-27T16:42:12.930293-08:00,read,key_352,0.56,true,false,5541
2025-11-27T16:42:12.629542-08:00,write,key_132,303.35,true,false,6488
2025-11-27T16:42:12.629528-08:00,write,key_758,304.43,true,false,6490
2025-11-27T16:42:12.72243-08:00,write,key_6,303.93,true,false,6489
2025-11-27T16:42:12.726469-08:00,write,key_215,304.74,true,false,6490
2025-11-27T16:42:13.031214-08:00,read,key_392,1.00,true,false,6485
2025-11-27T16:42:13.032212-08:00,read,key_741,0.72,true,false,6488
2025-11-27T16:42:13.032931-08:00,read,key_423,0.72,true,false,6063
2025-11-27T16:42:13.033656-08:00,read,key_220,0.65,true,false,6154
2025-11-27T16:42:12.73988-08:00,write,key_853,305.80,true,false,6490
2025-11-27T16:42:12.816122-08:00,write,key_14,309.30,true,false,6489
2025-11-27T16:42:12.811851-08:00,write,key_837,313.64,true,false,6491
2025-11-27T16:42:13.125422-08:00,read,key_672,2.31,true,false,4808
2025-11-27T16:42:12.922481-08:00,write,key_784,308.15,true,false,6492
2025-11-27T16:42:13.230642-08:00,read,key_773,1.81,true,false,5914
2025-11-27T16:42:12.928076-08:00,write,key_877,304.40,true,false,6490
2025-11-27T16:42:13.232474-08:00,read,key_269,2.12,true,false,6312
2025-11-27T16:42:12.930855-08:00,write,key_341,304.92,true,false,6490
2025-11-27T16:42:12.932897-08:00,write,key_198,304.96,true,false,6491
2025-11-27T16:42:13.235776-08:00,read,key_305,3.45,true,false,5660
2025-11-27T16:42:13.232449-08:00,read,key_107,7.86,true,false,6327
2025-11-27T16:42:13.237855-08:00,read,key_556,2.79,true,false,6487
2025-11-27T16:42:12.93396-08:00,write,key_36,306.76,true,false,6493
2025-11-27T16:42:13.24031-08:00,read,key_100,0.65,true,false,5977
2025-11-27T16:42:13.239229-08:00,read,key_218,1.81,true,false,6456
2025-11-27T16:42:13.240718-08:00,read,key_634,0.83,true,false,6457
2025-11-27T16:42:13.240962-08:00,read,key_911,0.60,true,false,6442
2025-11-27T16:42:13.241567-08:00,read,key_746,0.55,true,false,5654
2025-11-27T16:42:13.242121-08:00,read,key_664,0.64,true,false,6190
2025-11-27T16:42:13.242767-08:00,read,key_558,0.66,true,false,6493
2025-11-27T16:42:13.243423-08:00,read,key_85,0.51,true,false,5370
2025-11-27T16:42:13.026367-08:00,write,key_558,309.36,true,false,6493
2025-11-27T16:42:13.034309-08:00,write,key_515,307.09,true,false,6494
2025-11-27T16:42:13.341404-08:00,read,key_11,2.53,true,false,5914
2025-11-27T16:42:13.045684-08:00,write,key_787,304.68,true,false,6495
2025-11-27T16:42:13.35037-08:00,read,key_195,0.62,true,false,5079
2025-11-27T16:42:13.127735-08:00,write,key_113,308.97,true,false,6495
2025-11-27T16:42:13.125489-08:00,write,key_662,311.24,true,false,6494
2025-11-27T16:42:13.436705-08:00,read,key_762,1.26,true,false,5980
2025-11-27T16:42:13.436726-08:00,read,key_393,1.30,true,false,6487
2025-11-27T16:42:13.234599-08:00,write,key_847,304.91,true,false,6493
2025-11-27T16:42:13.539511-08:00,read,key_631,1.05,true,false,6271
2025-11-27T16:42:13.241549-08:00,write,key_929,303.47,true,false,6494
2025-11-27T16:42:13.241035-08:00,write,key_634,304.00,true,false,6496
2025-11-27T16:42:13.240643-08:00,write,key_665,304.40,true,false,6494
2025-11-27T16:42:13.545018-08:00,read,key_170,1.20,true,false,6481
2025-11-27T16:42:13.545034-08:00,read,key_36,1.19,true,false,6493
2025-11-27T16:42:13.546219-08:00,read,key_224,1.10,true,false,6013
2025-11-27T16:42:13.546229-08:00,read,key_793,1.11,true,false,6342
2025-11-27T16:42:13.243937-08:00,write,key_394,304.42,true,false,6494
2025-11-27T16:42:13.547316-08:00,read,key_667,1.04,true,false,5743
2025-11-27T16:42:13.547337-08:00,read,key_410,2.04,true,false,6436
2025-11-27T16:42:13.549374-08:00,read,key_640,2.65,true,false,6226
2025-11-27T16:42:13.335729-08:00,write,key_346,305.64,true,false,6497
2025-11-27T16:42:13.343935-08:00,write,key_489,304.51,true,false,6495
2025-11-27T16:42:13.350995-08:00,write,key_982,302.72,true,false,6498
2025-11-27T16:42:13.438031-08:00,write,key_775,308.03,true,false,6498
2025-11-27T16:42:13.437962-08:00,write,key_878,308.10,true,false,6496
2025-11-27T16:42:13.746067-08:00,read,key_872,2.79,true,false,6294
2025-11-27T16:42:13.746065-08:00,read,key_414,2.80,true,false,6467
2025-11-27T16:42:13.540565-08:00,write,key_865,308.16,true,false,6496
2025-11-27T16:42:13.545039-08:00,write,key_646,304.23,true,false,6497
2025-11-27T16:42:13.849266-08:00,read,key_854,1.44,true,false,4744
2025-11-27T16:42:13.548361-08:00,write,key_489,302.64,true,false,6497
2025-11-27T16:42:13.548356-08:00,write,key_357,303.47,true,false,6497
2025-11-27T16:42:13.851001-08:00,read,key_649,2.56,true,false,6084
2025-11-27T16:42:13.851828-08:00,read,key_137,1.74,true,false,6218
2025-11-27T16:42:13.552023-08:00,write,key_788,305.73,true,false,6498
2025-11-27T16:42:13.85775-08:00,read,key_952,0.57,true,false,6232
2025-11-27T16:42:13.648443-08:00,write,key_68,302.91,true,false,6499
2025-11-27T16:42:13.641374-08:00,write,key_775,310.18,true,false,6498
2025-11-27T16:42:13.951357-08:00,read,key_908,2.28,true,false,6370
2025-11-27T16:42:13.951553-08:00,read,key_226,2.20,true,false,5695
2025-11-27T16:42:13.653723-08:00,write,key_55,304.97,true,false,6499
2025-11-27T16:42:13.958698-08:00,read,key_251,2.57,true,false,5843
2025-11-27T16:42:13.961273-08:00,read,key_754,0.73,true,false,6118
2025-11-27T16:42:13.962006-08:00,read,key_917,0.82,true,false,5450
2025-11-27T16:42:13.962832-08:00,read,key_647,0.46,true,false,6217
2025-11-27T16:42:13.748868-08:00,write,key_953,305.95,true,false,6499
2025-11-27T16:42:13.748858-08:00,write,key_903,305.98,true,false,6499
2025-11-27T16:42:14.054821-08:00,read,key_452,1.55,true,false,6197
2025-11-27T16:42:14.056372-08:00,read,key_676,2.29,true,false,4652
2025-11-27T16:42:13.848728-08:00,write,key_130,310.92,true,false,6499
2025-11-27T16:42:13.853574-08:00,write,key_602,306.11,true,false,6500
2025-11-27T16:42:13.850705-08:00,write,key_39,309.01,true,false,6500
2025-11-27T16:42:13.853559-08:00,write,key_789,307.09,true,false,6500
2025-11-27T16:42:13.858319-08:00,write,key_414,304.91,true,false,6501
2025-11-27T16:42:13.953759-08:00,write,key_877,307.75,true,false,6500
2025-11-27T16:42:13.95364-08:00,write,key_12,308.50,true,false,6501
2025-11-27T16:42:14.261517-08:00,read,key_82,1.16,true,false,6466
2025-11-27T16:42:13.963292-08:00,write,key_85,303.22,true,false,6501
2025-11-27T16:42:14.266517-08:00,read,key_308,0.84,true,false,6270
2025-11-27T16:42:14.054837-08:00,write,key_864,307.24,true,false,6502
2025-11-27T16:42:14.058662-08:00,write,key_116,306.94,true,false,6502
2025-11-27T16:42:14.362085-08:00,read,key_65,4.93,true,false,413
2025-11-27T16:42:14.365599-08:00,read,key_82,2.98,true,false,6466
2025-11-27T16:42:14.159657-08:00,write,key_364,311.03,true,false,6503
2025-11-27T16:42:14.160646-08:00,write,key_131,310.10,true,false,6501
2025-11-27T16:42:14.163234-08:00,write,key_601,308.29,true,false,6503
2025-11-27T16:42:14.159682-08:00,write,key_19,311.88,true,false,6502
2025-11-27T16:42:14.159712-08:00,write,key_743,312.58,true,false,6503
2025-11-27T16:42:14.471528-08:00,read,key_257,2.00,true,false,5395
2025-11-27T16:42:14.470695-08:00,read,key_787,2.84,true,false,6495
2025-11-27T16:42:14.472296-08:00,read,key_906,1.66,true,false,5327
2025-11-27T16:42:14.267362-08:00,write,key_239,305.05,true,false,6504
2025-11-27T16:42:14.262674-08:00,write,key_220,309.89,true,false,6502
2025-11-27T16:42:14.262141-08:00,write,key_328,310.62,true,false,6504
2025-11-27T16:42:14.572759-08:00,read,key_393,5.56,true,false,6487
2025-11-27T16:42:14.367016-08:00,write,key_347,304.50,true,false,6505
2025-11-27T16:42:14.368583-08:00,write,key_864,304.56,true,false,6504
2025-11-27T16:42:14.671528-08:00,read,key_954,2.38,true,false,6447
2025-11-27T16:42:14.47156-08:00,write,key_684,316.87,true,false,6504
2025-11-27T16:42:14.473525-08:00,write,key_514,314.92,true,false,6506
2025-11-27T16:42:14.473538-08:00,write,key_140,314.94,true,false,6505
2025-11-27T16:42:14.473957-08:00,write,key_429,314.57,true,false,6507
2025-11-27T16:42:14.470746-08:00,write,key_137,317.81,true,false,6506
2025-11-27T16:42:14.788523-08:00,read,key_640,1.09,true,false,6226
2025-11-27T16:42:14.788562-08:00,read,key_366,1.05,true,false,6474
2025-11-27T16:42:14.78845-08:00,read,key_647,1.24,true,false,6217
2025-11-27T16:42:14.789613-08:00,read,key_544,0.49,true,false,6412
2025-11-27T16:42:14.789695-08:00,read,key_850,0.54,true,false,5556
2025-11-27T16:42:14.790106-08:00,read,key_106,0.42,true,false,6253
2025-11-27T16:42:14.790522-08:00,read,key_555,0.34,true,false,5521
2025-11-27T16:42:14.790867-08:00,read,key_840,1.37,true,false,6096
2025-11-27T16:42:14.578318-08:00,write,key_553,310.31,true,false,6505
2025-11-27T16:42:14.572419-08:00,write,key_848,316.43,true,false,6507
2025-11-27T16:42:14.888846-08:00,read,key_873,0.62,true,false,5349
2025-11-27T16:42:14.572568-08:00,write,key_83,317.33,true,false,6508
2025-11-27T16:42:14.88947-08:00,read,key_837,0.66,true,false,6491
2025-11-27T16:42:14.889897-08:00,read,key_213,0.47,true,false,5862
2025-11-27T16:42:14.673907-08:00,write,key_902,308.33,true,false,6506
2025-11-27T16:42:14.67316-08:00,write,key_265,309.12,true,false,6506
2025-11-27T16:42:14.982242-08:00,read,key_865,1.73,true,false,6496
2025-11-27T16:42:14.982284-08:00,read,key_416,1.74,true,false,6427
2025-11-27T16:42:14.983971-08:00,read,key_363,1.63,true,false,6467
2025-11-27T16:42:14.98402-08:00,read,key_251,2.12,true,false,5843
2025-11-27T16:42:14.789616-08:00,write,key_641,304.23,true,false,6508
2025-11-27T16:42:14.788483-08:00,write,key_876,305.38,true,false,6508
2025-11-27T16:42:14.790237-08:00,write,key_16,303.69,true,false,6509
2025-11-27T16:42:14.788431-08:00,write,key_350,305.68,true,false,6508
2025-11-27T16:42:15.093925-08:00,read,key_119,1.97,true,false,6460
2025-11-27T16:42:15.094111-08:00,read,key_889,1.79,true,false,6468
2025-11-27T16:42:14.792241-08:00,write,key_31,304.60,true,false,6509
2025-11-27T16:42:15.0959-08:00,read,key_637,1.66,true,false,6192
2025-11-27T16:42:15.097557-08:00,read,key_354,0.72,true,false,6455
2025-11-27T16:42:14.890127-08:00,write,key_677,305.58,true,false,6509
2025-11-27T16:42:14.888634-08:00,write,key_38,307.57,true,false,6510
2025-11-27T16:42:15.195721-08:00,read,key_109,2.06,true,false,6409
2025-11-27T16:42:14.890372-08:00,write,key_898,308.29,true,false,6511
2025-11-27T16:42:15.198667-08:00,read,key_252,3.63,true,false,6460
2025-11-27T16:42:15.197783-08:00,read,key_981,4.54,true,false,6452
2025-11-27T16:42:15.202298-08:00,read,key_647,1.09,true,false,6217
2025-11-27T16:42:15.20339-08:00,read,key_858,0.68,true,false,5821
2025-11-27T16:42:14.986144-08:00,write,key_499,306.00,true,false,6510
2025-11-27T16:42:14.985607-08:00,write,key_766,306.55,true,false,6510
2025-11-27T16:42:15.292143-08:00,read,key_61,2.78,true,false,5061
2025-11-27T16:42:15.292156-08:00,read,key_648,4.26,true,false,6472
2025-11-27T16:42:15.095899-08:00,write,key_361,305.43,true,false,6512
2025-11-27T16:42:15.093862-08:00,write,key_171,307.63,true,false,6511
2025-11-27T16:42:15.093847-08:00,write,key_955,307.85,true,false,6512
2025-11-27T16:42:15.096844-08:00,write,key_233,305.18,true,false,6510
2025-11-27T16:42:15.098275-08:00,write,key_226,304.51,true,false,6511
2025-11-27T16:42:15.196204-08:00,write,key_605,306.78,true,false,6512
2025-11-27T16:42:15.202322-08:00,write,key_772,304.27,true,false,6513
2025-11-27T16:42:15.50299-08:00,read,key_102,3.61,true,false,5823
2025-11-27T16:42:15.506602-08:00,read,key_667,1.76,true,false,5743
2025-11-27T16:42:15.506593-08:00,read,key_604,1.82,true,false,5479
2025-11-27T16:42:15.204073-08:00,write,key_308,307.16,true,false,6514
2025-11-27T16:42:15.50836-08:00,read,key_850,4.36,true,false,5556
2025-11-27T16:42:15.508412-08:00,read,key_955,4.43,true,false,6512
2025-11-27T16:42:15.511233-08:00,read,key_252,1.95,true,false,6460
2025-11-27T16:42:15.294921-08:00,write,key_226,309.45,true,false,6512
2025-11-27T16:42:15.296423-08:00,write,key_104,307.96,true,false,6513
2025-11-27T16:42:15.604373-08:00,read,key_840,1.63,true,false,6096
2025-11-27T16:42:15.401337-08:00,write,key_108,306.04,true,false,6516
2025-11-27T16:42:15.401489-08:00,write,key_51,306.07,true,false,6515
2025-11-27T16:42:15.401697-08:00,write,key_480,305.94,true,false,6513
2025-11-27T16:42:15.402789-08:00,write,key_874,304.97,true,false,6514
2025-11-27T16:42:15.402028-08:00,write,key_926,305.81,true,false,6515
2025-11-27T16:42:15.707636-08:00,read,key_874,3.77,true,false,6514
2025-11-27T16:42:15.70776-08:00,read,key_178,4.64,true,false,6411
2025-11-27T16:42:15.51284-08:00,write,key_569,303.84,true,false,6515
2025-11-27T16:42:15.513179-08:00,write,key_88,303.51,true,false,6515
2025-11-27T16:42:15.512717-08:00,write,key_120,304.00,true,false,6517
2025-11-27T16:42:15.816718-08:00,read,key_952,1.10,true,false,6232
2025-11-27T16:42:15.81782-08:00,read,key_561,1.66,true,false,6435
2025-11-27T16:42:15.819483-08:00,read,key_221,2.52,true,false,6246
2025-11-27T16:42:15.822007-08:00,read,key_256,0.76,true,false,5075
2025-11-27T16:42:15.822767-08:00,read,key_942,0.91,true,false,6083
2025-11-27T16:42:15.604382-08:00,write,key_794,308.82,true,false,6516
2025-11-27T16:42:15.606-08:00,write,key_489,307.23,true,false,6516
2025-11-27T16:42:15.913208-08:00,read,key_33,1.33,true,false,6444
2025-11-27T16:42:15.707385-08:00,write,key_830,311.30,true,false,6517
2025-11-27T16:42:15.711409-08:00,write,key_605,307.80,true,false,6518
2025-11-27T16:42:15.712399-08:00,write,key_886,308.37,true,false,6517
2025-11-27T16:42:15.70784-08:00,write,key_359,312.96,true,false,6518
2025-11-27T16:42:15.707558-08:00,write,key_118,313.45,true,false,6519
2025-11-27T16:42:16.019213-08:00,read,key_630,3.76,true,false,6281
2025-11-27T16:42:16.022972-08:00,read,key_954,1.07,true,false,6447
2025-11-27T16:42:15.816687-08:00,write,key_138,306.23,true,false,6519
2025-11-27T16:42:15.816692-08:00,write,key_645,308.10,true,false,6518
2025-11-27T16:42:16.124792-08:00,read,key_302,0.91,true,false,6231
2025-11-27T16:42:15.823682-08:00,write,key_451,305.72,true,false,6518
2025-11-27T16:42:15.914535-08:00,write,key_499,311.18,true,false,6520
2025-11-27T16:42:15.913227-08:00,write,key_715,312.51,true,false,6519
2025-11-27T16:42:16.225719-08:00,read,key_358,2.32,true,false,6469
2025-11-27T16:42:16.228039-08:00,read,key_483,1.13,true,false,6458
2025-11-27T16:42:16.024043-08:00,write,key_853,305.14,true,false,6521
2025-11-27T16:42:16.020797-08:00,write,key_728,308.42,true,false,6521
2025-11-27T16:42:16.018698-08:00,write,key_308,310.53,true,false,6521
2025-11-27T16:42:16.021007-08:00,write,key_199,308.24,true,false,6520
2025-11-27T16:42:16.020775-08:00,write,key_879,308.55,true,false,6520
2025-11-27T16:42:16.329217-08:00,read,key_644,2.94,true,false,6448
2025-11-27T16:42:16.329188-08:00,read,key_132,2.99,true,false,6488
2025-11-27T16:42:16.332158-08:00,read,key_664,3.17,true,false,6190
2025-11-27T16:42:16.335334-08:00,read,key_640,1.22,true,false,6226
2025-11-27T16:42:16.33656-08:00,read,key_389,0.81,true,false,5297
2025-11-27T16:42:16.337371-08:00,read,key_217,0.49,true,false,6309
2025-11-27T16:42:16.122923-08:00,write,key_888,309.29,true,false,6522
2025-11-27T16:42:16.125708-08:00,write,key_250,306.53,true,false,6522
2025-11-27T16:42:16.432236-08:00,read,key_667,1.05,true,false,5743
2025-11-27T16:42:16.129403-08:00,write,key_510,304.81,true,false,6522
2025-11-27T16:42:16.225741-08:00,write,key_660,314.02,true,false,6523
2025-11-27T16:42:16.22917-08:00,write,key_952,310.60,true,false,6521
2025-11-27T16:42:16.539761-08:00,read,key_499,1.54,true,false,6520
2025-11-27T16:42:16.539774-08:00,read,key_604,1.53,true,false,5479
2025-11-27T16:42:16.541305-08:00,read,key_134,1.35,true,false,6357
2025-11-27T16:42:16.542659-08:00,read,key_54,1.75,true,false,5940
2025-11-27T16:42:16.544414-08:00,read,key_233,0.95,true,false,6510
2025-11-27T16:42:16.545363-08:00,read,key_561,1.10,true,false,6435
2025-11-27T16:42:16.546465-08:00,read,key_456,2.34,true,false,5334
2025-11-27T16:42:16.548802-08:00,read,key_139,0.59,true,false,6475
2025-11-27T16:42:16.329253-08:00,write,key_848,312.77,true,false,6522
2025-11-27T16:42:16.332178-08:00,write,key_565,309.90,true,false,6524
2025-11-27T16:42:16.329227-08:00,write,key_674,312.95,true,false,6523
2025-11-27T16:42:16.337858-08:00,write,key_224,304.79,true,false,6524
2025-11-27T16:42:16.329322-08:00,write,key_906,313.81,true,false,6523
2025-11-27T16:42:16.642023-08:00,read,key_85,4.62,true,false,6501
2025-11-27T16:42:16.646644-08:00,read,key_965,1.52,true,false,6424
2025-11-27T16:42:16.642181-08:00,read,key_903,6.05,true,false,6499
2025-11-27T16:42:16.432219-08:00,write,key_876,314.38,true,false,6524
2025-11-27T16:42:16.433286-08:00,write,key_603,313.33,true,false,6524
2025-11-27T16:42:16.434217-08:00,write,key_18,313.63,true,false,6525
2025-11-27T16:42:16.746613-08:00,read,key_146,3.05,true,false,4958
2025-11-27T16:42:16.74966-08:00,read,key_867,0.84,true,false,6071
2025-11-27T16:42:16.750506-08:00,read,key_580,2.47,true,false,5009
2025-11-27T16:42:16.75298-08:00,read,key_54,7.73,true,false,5940
2025-11-27T16:42:16.760708-08:00,read,key_911,0.65,true,false,6442
2025-11-27T16:42:16.761354-08:00,read,key_411,0.40,true,false,6471
2025-11-27T16:42:16.541309-08:00,write,key_39,307.73,true,false,6525
2025-11-27T16:42:16.849045-08:00,read,key_481,3.43,true,false,6479
2025-11-27T16:42:16.549396-08:00,write,key_669,305.55,true,false,6526
2025-11-27T16:42:16.648235-08:00,write,key_380,307.05,true,false,6526
2025-11-27T16:42:16.642647-08:00,write,key_223,312.66,true,false,6525
2025-11-27T16:42:16.648168-08:00,write,key_544,307.20,true,false,6526
2025-11-27T16:42:16.643138-08:00,write,key_913,312.29,true,false,6525
2025-11-27T16:42:16.642076-08:00,write,key_38,313.43,true,false,6527
2025-11-27T16:42:16.955426-08:00,read,key_865,1.74,true,false,6496
2025-11-27T16:42:16.955367-08:00,read,key_137,2.88,true,false,6506
2025-11-27T16:42:16.957168-08:00,read,key_511,1.11,true,false,6460
2025-11-27T16:42:16.958276-08:00,read,key_359,0.67,true,false,6518
2025-11-27T16:42:16.747849-08:00,write,key_483,309.56,true,false,6526
2025-11-27T16:42:16.746605-08:00,write,key_741,310.82,true,false,6528
2025-11-27T16:42:17.057414-08:00,read,key_853,1.56,true,false,6521
2025-11-27T16:42:17.058976-08:00,read,key_702,3.42,true,false,6413
2025-11-27T16:42:17.062395-08:00,read,key_413,0.74,true,false,6422
2025-11-27T16:42:17.06314-08:00,read,key_875,0.86,true,false,5960
2025-11-27T16:42:16.761752-08:00,write,key_918,303.37,true,false,6527
2025-11-27T16:42:16.852478-08:00,write,key_647,306.71,true,false,6529
2025-11-27T16:42:16.854949-08:00,write,key_12,308.39,true,false,6528
2025-11-27T16:42:17.163344-08:00,read,key_816,2.02,true,false,6192
2025-11-27T16:42:17.165369-08:00,read,key_958,0.98,true,false,6473
2025-11-27T16:42:16.955286-08:00,write,key_642,306.99,true,false,6529
2025-11-27T16:42:16.955512-08:00,write,key_955,306.76,true,false,6528
2025-11-27T16:42:16.955307-08:00,write,key_138,306.98,true,false,6529
2025-11-27T16:42:17.262292-08:00,read,key_133,1.50,true,false,6362
2025-11-27T16:42:16.958243-08:00,write,key_316,305.73,true,false,6530
2025-11-27T16:42:16.95895-08:00,write,key_12,306.73,true,false,6530
2025-11-27T16:42:17.05743-08:00,write,key_33,307.02,true,false,6530
2025-11-27T16:42:17.364463-08:00,read,key_897,1.29,true,false,6350
2025-11-27T16:42:17.36576-08:00,read,key_891,1.25,true,false,6103
2025-11-27T16:42:17.063998-08:00,write,key_953,303.05,true,false,6531
2025-11-27T16:42:17.367014-08:00,read,key_518,2.49,true,false,6319
2025-11-27T16:42:17.06512-08:00,write,key_413,304.39,true,false,6532
2025-11-27T16:42:17.369513-08:00,read,key_138,3.25,true,false,6529
2025-11-27T16:42:17.159197-08:00,write,key_418,313.85,true,false,6531
2025-11-27T16:42:17.16635-08:00,write,key_12,306.73,true,false,6530
2025-11-27T16:42:17.262291-08:00,write,key_585,313.16,true,false,6533
2025-11-27T16:42:17.263794-08:00,write,key_360,311.67,true,false,6534
2025-11-27T16:42:17.26568-08:00,write,key_862,309.82,true,false,6531
2025-11-27T16:42:17.263972-08:00,write,key_193,311.60,true,false,6532
2025-11-27T16:42:17.26228-08:00,write,key_1,313.33,true,false,6531
2025-11-27T16:42:17.575452-08:00,read,key_324,2.90,true,false,6481
2025-11-27T16:42:17.575505-08:00,read,key_425,2.86,true,false,6194
2025-11-27T16:42:17.575615-08:00,read,key_30,2.74,true,false,6449
2025-11-27T16:42:17.578386-08:00,read,key_309,1.02,true,false,5656
2025-11-27T16:42:17.578371-08:00,read,key_796,1.04,true,false,6360
2025-11-27T16:42:17.579414-08:00,read,key_651,1.03,true,false,6124
2025-11-27T16:42:17.372766-08:00,write,key_59,307.51,true,false,6533
2025-11-27T16:42:17.369506-08:00,write,key_859,310.79,true,false,6533
2025-11-27T16:42:17.367053-08:00,write,key_106,313.41,true,false,6535
2025-11-27T16:42:17.680299-08:00,read,key_911,1.68,true,false,6442
2025-11-27T16:42:17.681979-08:00,read,key_452,0.98,true,false,6197
2025-11-27T16:42:17.680284-08:00,read,key_563,4.01,true,false,5706
2025-11-27T16:42:17.684298-08:00,read,key_105,1.91,true,false,6406
2025-11-27T16:42:17.68296-08:00,read,key_323,3.33,true,false,6404
2025-11-27T16:42:17.686293-08:00,read,key_603,0.92,true,false,6524
2025-11-27T16:42:17.686208-08:00,read,key_552,1.03,true,false,6301
2025-11-27T16:42:17.473082-08:00,write,key_324,311.00,true,false,6537
2025-11-27T16:42:17.473047-08:00,write,key_863,311.03,true,false,6536
2025-11-27T16:42:17.784093-08:00,read,key_89,3.19,true,false,6437
2025-11-27T16:42:17.57547-08:00,write,key_240,311.69,true,false,6535
2025-11-27T16:42:17.580446-08:00,write,key_358,307.08,true,false,6536
2025-11-27T16:42:17.579404-08:00,write,key_988,308.13,true,false,6538
2025-11-27T16:42:17.578355-08:00,write,key_432,309.21,true,false,6535
2025-11-27T16:42:17.575574-08:00,write,key_395,312.03,true,false,6536
2025-11-27T16:42:17.887563-08:00,read,key_229,1.64,true,false,6386
2025-11-27T16:42:17.889205-08:00,read,key_36,0.85,true,false,6493
2025-11-27T16:42:17.890058-08:00,read,key_721,0.61,true,false,6045
2025-11-27T16:42:17.687214-08:00,write,key_109,304.31,true,false,6537
2025-11-27T16:42:17.687243-08:00,write,key_898,304.28,true,false,6538
2025-11-27T16:42:17.68046-08:00,write,key_318,311.09,true,false,6539
2025-11-27T16:42:17.991542-08:00,read,key_948,2.15,true,false,6033
2025-11-27T16:42:17.993699-08:00,read,key_320,0.83,true,false,6038
2025-11-27T16:42:17.994527-08:00,read,key_14,0.76,true,false,6489
2025-11-27T16:42:17.784083-08:00,write,key_954,307.27,true,false,6541
2025-11-27T16:42:17.787289-08:00,write,key_163,306.75,true,false,6540
2025-11-27T16:42:17.887534-08:00,write,key_744,305.23,true,false,6539
2025-11-27T16:42:17.887601-08:00,write,key_20,305.18,true,false,6539
2025-11-27T16:42:17.887523-08:00,write,key_648,305.58,true,false,6540
2025-11-27T16:42:17.887161-08:00,write,key_960,307.46,true,false,6540
2025-11-27T16:42:18.192769-08:00,read,key_361,4.61,true,false,6512
2025-11-27T16:42:17.890747-08:00,write,key_350,306.64,true,false,6542
2025-11-27T16:42:18.197378-08:00,read,key_581,1.77,true,false,5093
2025-11-27T16:42:18.199147-08:00,read,key_913,0.76,true,false,6525
2025-11-27T16:42:18.199912-08:00,read,key_221,3.06,true,false,6246
2025-11-27T16:42:17.991529-08:00,write,key_664,307.48,true,false,6541
2025-11-27T16:42:17.991549-08:00,write,key_600,307.49,true,false,6540
2025-11-27T16:42:17.995287-08:00,write,key_485,303.89,true,false,6541
2025-11-27T16:42:18.299183-08:00,read,key_328,3.07,true,false,6504
2025-11-27T16:42:18.299017-08:00,read,key_903,3.24,true,false,6499
2025-11-27T16:42:18.299042-08:00,read,key_421,3.23,true,false,6262
2025-11-27T16:42:18.302256-08:00,read,key_956,1.35,true,false,6475
2025-11-27T16:42:18.302262-08:00,read,key_516,1.35,true,false,5898
2025-11-27T16:42:18.303616-08:00,read,key_136,0.65,true,false,5283
2025-11-27T16:42:18.091369-08:00,write,key_229,309.43,true,false,6542
2025-11-27T16:42:18.094039-08:00,write,key_485,306.92,true,false,6543
2025-11-27T16:42:18.194623-08:00,write,key_767,308.88,true,false,6544
2025-11-27T16:42:18.192786-08:00,write,key_222,316.25,true,false,6543
2025-11-27T16:42:18.197393-08:00,write,key_853,311.67,true,false,6543
2025-11-27T16:42:18.193107-08:00,write,key_166,315.99,true,false,6545
2025-11-27T16:42:18.509097-08:00,read,key_355,1.43,true,false,6462
2025-11-27T16:42:18.202977-08:00,write,key_511,307.56,true,false,6544
2025-11-27T16:42:18.509063-08:00,read,key_483,1.73,true,false,6526
2025-11-27T16:42:18.509037-08:00,read,key_248,1.81,true,false,6241
2025-11-27T16:42:18.510527-08:00,read,key_237,0.85,true,false,5875
2025-11-27T16:42:18.511382-08:00,read,key_482,0.47,true,false,6463
2025-11-27T16:42:18.303605-08:00,write,key_844,310.41,true,false,6546
2025-11-27T16:42:18.304269-08:00,write,key_634,309.77,true,false,6546
2025-11-27T16:42:18.302269-08:00,write,key_302,311.81,true,false,6545
2025-11-27T16:42:18.614039-08:00,read,key_662,1.64,true,false,6494
2025-11-27T16:42:18.400955-08:00,write,key_69,308.87,true,false,6546
2025-11-27T16:42:18.400803-08:00,write,key_955,309.13,true,false,6544
2025-11-27T16:42:18.510851-08:00,write,key_384,304.70,true,false,6547
2025-11-27T16:42:18.510538-08:00,write,key_841,305.34,true,false,6548
2025-11-27T16:42:18.503506-08:00,write,key_689,312.53,true,false,6546
2025-11-27T16:42:18.510794-08:00,write,key_689,305.97,true,false,6547
2025-11-27T16:42:18.51185-08:00,write,key_765,308.90,true,false,6549
2025-11-27T16:42:18.614081-08:00,write,key_231,308.06,true,false,6547
2025-11-27T16:42:18.614021-08:00,write,key_82,308.14,true,false,6550
2025-11-27T16:42:18.615683-08:00,write,key_101,306.54,true,false,6551
2025-11-27T16:42:18.709933-08:00,write,key_397,317.11,true,false,6548
2025-11-27T16:42:18.709824-08:00,write,key_237,317.83,true,false,6548
2025-11-27T16:42:19.027043-08:00,read,key_89,4.64,true,false,6437
2025-11-27T16:42:18.815875-08:00,write,key_960,310.52,true,false,6552
2025-11-27T16:42:18.816035-08:00,write,key_916,312.83,true,false,6550
2025-11-27T16:42:18.815562-08:00,write,key_238,313.36,true,false,6553
2025-11-27T16:42:18.820751-08:00,write,key_963,308.21,true,false,6550
2025-11-27T16:42:18.816768-08:00,write,key_228,312.20,true,false,6551
2025-11-27T16:42:19.126397-08:00,read,key_640,2.82,true,false,6226
2025-11-27T16:42:19.128867-08:00,read,key_416,1.54,true,false,6427
2025-11-27T16:42:19.12892-08:00,read,key_851,1.49,true,false,4763
2025-11-27T16:42:18.922158-08:00,write,key_668,307.47,true,false,6552
2025-11-27T16:42:18.92223-08:00,write,key_356,308.03,true,false,6555
2025-11-27T16:42:18.922142-08:00,write,key_315,308.12,true,false,6554
2025-11-27T16:42:19.230263-08:00,read,key_67,2.36,true,false,5051
2025-11-27T16:42:19.230266-08:00,read,key_660,3.84,true,false,6523
2025-11-27T16:42:19.234107-08:00,read,key_394,2.02,true,false,6494
2025-11-27T16:42:19.232621-08:00,read,key_58,4.39,true,false,4807
2025-11-27T16:42:19.237011-08:00,read,key_640,2.19,true,false,6226
2025-11-27T16:42:19.027656-08:00,write,key_557,308.03,true,false,6556
2025-11-27T16:42:19.031686-08:00,write,key_36,305.94,true,false,6557
2025-11-27T16:42:19.335691-08:00,read,key_239,1.95,true,false,6504
2025-11-27T16:42:19.337632-08:00,read,key_565,0.91,true,false,6524
2025-11-27T16:42:19.129214-08:00,write,key_679,310.92,true,false,6554
2025-11-27T16:42:19.128958-08:00,write,key_911,311.24,true,false,6555
2025-11-27T16:42:19.130413-08:00,write,key_487,309.94,true,false,6554
2025-11-27T16:42:19.12897-08:00,write,key_855,311.72,true,false,6554
2025-11-27T16:42:19.130413-08:00,write,key_226,310.44,true,false,6555
2025-11-27T16:42:19.440695-08:00,read,key_943,4.72,true,false,5998
2025-11-27T16:42:19.440204-08:00,read,key_602,5.24,true,false,6500
2025-11-27T16:42:19.44014-08:00,read,key_458,5.31,true,false,6059
2025-11-27T16:42:19.445419-08:00,read,key_410,1.99,true,false,6436
2025-11-27T16:42:19.447411-08:00,read,key_391,0.68,true,false,4157
2025-11-27T16:42:19.445445-08:00,read,key_668,2.78,true,false,6552
2025-11-27T16:42:19.236125-08:00,write,key_793,307.32,true,false,6557
2025-11-27T16:42:19.229631-08:00,write,key_51,315.44,true,false,6556
2025-11-27T16:42:19.54507-08:00,read,key_677,1.50,true,false,6509
2025-11-27T16:42:19.543449-08:00,read,key_394,3.15,true,false,6494
2025-11-27T16:42:19.239204-08:00,write,key_776,307.42,true,false,6558
2025-11-27T16:42:19.546576-08:00,read,key_969,1.84,true,false,6253
2025-11-27T16:42:19.33854-08:00,write,key_779,308.14,true,false,6559
2025-11-27T16:42:19.337646-08:00,write,key_107,309.07,true,false,6558
2025-11-27T16:42:19.440357-08:00,write,key_683,312.31,true,false,6559
2025-11-27T16:42:19.440857-08:00,write,key_211,311.90,true,false,6558
2025-11-27T16:42:19.448226-08:00,write,key_115,306.03,true,false,6559
2025-11-27T16:42:19.448094-08:00,write,key_824,306.19,true,false,6558
2025-11-27T16:42:19.445452-08:00,write,key_779,308.85,true,false,6560
2025-11-27T16:42:19.7543-08:00,read,key_105,2.72,true,false,6406
2025-11-27T16:42:19.752759-08:00,read,key_977,5.64,true,false,5889
2025-11-27T16:42:19.7584-08:00,read,key_745,0.84,true,false,6488
2025-11-27T16:42:19.546624-08:00,write,key_688,308.96,true,false,6559
2025-11-27T16:42:19.548413-08:00,write,key_559,307.18,true,false,6560
2025-11-27T16:42:19.546599-08:00,write,key_953,309.03,true,false,6560
2025-11-27T16:42:19.855632-08:00,read,key_746,4.74,true,false,5654
2025-11-27T16:42:19.860371-08:00,read,key_774,1.25,true,false,6344
2025-11-27T16:42:19.646682-08:00,write,key_564,312.55,true,false,6561
2025-11-27T16:42:19.646716-08:00,write,key_958,313.17,true,false,6562
2025-11-27T16:42:19.959231-08:00,read,key_23,2.89,true,false,6021
2025-11-27T16:42:19.962126-08:00,read,key_829,0.88,true,false,6153
2025-11-27T16:42:19.963011-08:00,read,key_239,0.67,true,false,6504
2025-11-27T16:42:19.754282-08:00,write,key_646,308.80,true,false,6563
2025-11-27T16:42:19.759238-08:00,write,key_402,305.44,true,false,6564
2025-11-27T16:42:19.754258-08:00,write,key_484,310.74,true,false,6563
2025-11-27T16:42:19.75702-08:00,write,key_685,308.06,true,false,6562
2025-11-27T16:42:20.063087-08:00,read,key_697,3.92,true,false,5631
2025-11-27T16:42:19.752668-08:00,write,key_647,314.36,true,false,6561
2025-11-27T16:42:20.06508-08:00,read,key_134,5.26,true,false,6357
2025-11-27T16:42:20.067003-08:00,read,key_707,4.20,true,false,6273
2025-11-27T16:42:20.070338-08:00,read,key_128,1.75,true,false,6121
2025-11-27T16:42:20.064996-08:00,read,key_149,7.13,true,false,6067
2025-11-27T16:42:20.072128-08:00,read,key_568,0.89,true,false,6563
2025-11-27T16:42:20.073016-08:00,read,key_63,0.52,true,false,6150
2025-11-27T16:42:20.073533-08:00,read,key_450,0.47,true,false,6061
2025-11-27T16:42:20.074009-08:00,read,key_380,0.55,true,false,6526
2025-11-27T16:42:19.855583-08:00,write,key_85,310.82,true,false,6561
2025-11-27T16:42:19.855589-08:00,write,key_712,312.80,true,false,6565
2025-11-27T16:42:19.861618-08:00,write,key_520,307.10,true,false,6565
2025-11-27T16:42:20.168719-08:00,read,key_134,1.56,true,false,6357
2025-11-27T16:42:20.170279-08:00,read,key_966,2.34,true,false,6368
2025-11-27T16:42:20.172621-08:00,read,key_983,0.71,true,false,6088
2025-11-27T16:42:20.173329-08:00,read,key_666,0.79,true,false,5819
2025-11-27T16:42:19.95989-08:00,write,key_568,305.67,true,false,6563
2025-11-27T16:42:20.265562-08:00,read,key_794,1.52,true,false,6516
2025-11-27T16:42:19.963687-08:00,write,key_603,305.81,true,false,6566
2025-11-27T16:42:20.269501-08:00,read,key_360,0.97,true,false,6534
2025-11-27T16:42:20.067028-08:00,write,key_749,306.94,true,false,6565
2025-11-27T16:42:20.064683-08:00,write,key_252,309.29,true,false,6565
2025-11-27T16:42:20.373976-08:00,read,key_13,1.68,true,false,6055
2025-11-27T16:42:20.072092-08:00,write,key_566,305.90,true,false,6567
2025-11-27T16:42:20.074556-08:00,write,key_689,303.51,true,false,6565
2025-11-27T16:42:20.373971-08:00,read,key_642,5.25,true,false,6529
2025-11-27T16:42:20.071205-08:00,write,key_133,308.01,true,false,6566
2025-11-27T16:42:20.37922-08:00,read,key_484,0.97,true,false,6563
2025-11-27T16:42:20.37922-08:00,read,key_137,2.15,true,false,6506
2025-11-27T16:42:20.381376-08:00,read,key_459,0.67,true,false,6107
2025-11-27T16:42:20.382049-08:00,read,key_622,0.59,true,false,6004
2025-11-27T16:42:20.166402-08:00,write,key_102,308.27,true,false,6567
2025-11-27T16:42:20.168396-08:00,write,key_845,306.55,true,false,6566
2025-11-27T16:42:20.47495-08:00,read,key_145,0.81,true,false,5687
2025-11-27T16:42:20.475763-08:00,read,key_429,0.72,true,false,6507
2025-11-27T16:42:20.17412-08:00,write,key_327,304.03,true,false,6568
2025-11-27T16:42:20.476483-08:00,read,key_508,1.68,true,false,6254
2025-11-27T16:42:20.478162-08:00,read,key_243,0.84,true,false,5782
2025-11-27T16:42:20.267101-08:00,write,key_119,310.38,true,false,6568
2025-11-27T16:42:20.270476-08:00,write,key_105,307.03,true,false,6567
2025-11-27T16:42:20.378066-08:00,write,key_10,303.86,true,false,6568
2025-11-27T16:42:20.375655-08:00,write,key_226,306.31,true,false,6569
2025-11-27T16:42:20.377991-08:00,write,key_114,309.02,true,false,6570
2025-11-27T16:42:20.382638-08:00,write,key_708,304.42,true,false,6569
2025-11-27T16:42:20.380192-08:00,write,key_53,306.93,true,false,6568
2025-11-27T16:42:20.687127-08:00,read,key_985,1.58,true,false,6116
2025-11-27T16:42:20.687015-08:00,read,key_306,1.70,true,false,6360
2025-11-27T16:42:20.688711-08:00,read,key_143,0.65,true,false,5933
2025-11-27T16:42:20.689365-08:00,read,key_916,0.83,true,false,6550
2025-11-27T16:42:20.474678-08:00,write,key_909,308.45,true,false,6569
2025-11-27T16:42:20.479002-08:00,write,key_396,304.17,true,false,6569
2025-11-27T16:42:20.783174-08:00,read,key_586,1.50,true,false,5599
2025-11-27T16:42:20.783134-08:00,read,key_757,1.73,true,false,6397
2025-11-27T16:42:20.784868-08:00,read,key_405,2.45,true,false,6126
2025-11-27T16:42:20.784679-08:00,read,key_258,2.66,true,false,6086
2025-11-27T16:42:20.47815-08:00,write,key_778,311.11,true,false,6570
2025-11-27T16:42:20.787335-08:00,read,key_75,1.96,true,false,6044
2025-11-27T16:42:20.577503-08:00,write,key_368,310.34,true,false,6572
2025-11-27T16:42:20.577483-08:00,write,key_237,310.36,true,false,6571
2025-11-27T16:42:20.687057-08:00,write,key_644,306.98,true,false,6571
2025-11-27T16:42:20.690199-08:00,write,key_55,304.30,true,false,6574
2025-11-27T16:42:20.688721-08:00,write,key_409,305.79,true,false,6571
2025-11-27T16:42:20.681933-08:00,write,key_639,312.85,true,false,6573
2025-11-27T16:42:20.681963-08:00,write,key_706,312.87,true,false,6571
2025-11-27T16:42:20.994044-08:00,read,key_676,2.81,true,false,4652
2025-11-27T16:42:20.994512-08:00,read,key_141,2.36,true,false,5737
2025-11-27T16:42:20.996856-08:00,read,key_677,3.18,true,false,6509
2025-11-27T16:42:21.000038-08:00,read,key_314,0.75,true,false,6374
2025-11-27T16:42:20.789293-08:00,write,key_654,306.47,true,false,6572
2025-11-27T16:42:20.787322-08:00,write,key_458,308.46,true,false,6575
2025-11-27T16:42:20.789262-08:00,write,key_133,306.56,true,false,6572
2025-11-27T16:42:21.09577-08:00,read,key_560,0.98,true,false,5775
2025-11-27T16:42:21.096754-08:00,read,key_93,0.74,true,false,6388
2025-11-27T16:42:21.0975-08:00,read,key_100,0.64,true,false,5977
2025-11-27T16:42:21.098137-08:00,read,key_5,0.75,true,false,5244
2025-11-27T16:42:21.098885-08:00,read,key_903,1.20,true,false,6499
2025-11-27T16:42:21.100083-08:00,read,key_568,0.69,true,false,6563
2025-11-27T16:42:20.887847-08:00,write,key_486,311.36,true,false,6573
2025-11-27T16:42:20.887849-08:00,write,key_607,311.36,true,false,6573
2025-11-27T16:42:20.994783-08:00,write,key_135,305.94,true,false,6576
2025-11-27T16:42:20.994498-08:00,write,key_415,306.26,true,false,6575
2025-11-27T16:42:20.994833-08:00,write,key_390,310.63,true,false,6576
2025-11-27T16:42:20.996877-08:00,write,key_680,309.02,true,false,6576
2025-11-27T16:42:21.300723-08:00,read,key_630,5.72,true,false,6281
2025-11-27T16:42:21.300757-08:00,read,key_878,6.48,true,false,6496
2025-11-27T16:42:21.305465-08:00,read,key_18,1.79,true,false,6525
2025-11-27T16:42:21.000793-08:00,write,key_955,307.57,true,false,6577
2025-11-27T16:42:21.307243-08:00,read,key_641,4.15,true,false,6508
2025-11-27T16:42:21.31139-08:00,read,key_662,0.76,true,false,6494
2025-11-27T16:42:21.100775-08:00,write,key_421,313.33,true,false,6577
2025-11-27T16:42:21.095785-08:00,write,key_976,318.36,true,false,6577
2025-11-27T16:42:21.095821-08:00,write,key_950,318.42,true,false,6576
2025-11-27T16:42:21.414107-08:00,read,key_225,0.59,true,false,6429
2025-11-27T16:42:21.199214-08:00,write,key_368,316.50,true,false,6576
2025-11-27T16:42:21.199214-08:00,write,key_857,316.60,true,false,6578
2025-11-27T16:42:21.305903-08:00,write,key_357,306.04,true,false,6579
2025-11-27T16:42:21.312149-08:00,write,key_857,304.73,true,false,6578
2025-11-27T16:42:21.307256-08:00,write,key_480,312.11,true,false,6579
2025-11-27T16:42:21.308364-08:00,write,key_751,311.01,true,false,6578
2025-11-27T16:42:21.306444-08:00,write,key_563,312.94,true,false,6580
2025-11-27T16:42:21.619369-08:00,read,key_467,2.65,true,false,6330
2025-11-27T16:42:21.619386-08:00,read,key_873,3.75,true,false,5349
2025-11-27T16:42:21.623137-08:00,read,key_849,1.01,true,false,6155
2025-11-27T16:42:21.622018-08:00,read,key_412,3.26,true,false,6462
2025-11-27T16:42:21.624144-08:00,read,key_925,2.47,true,false,6191
2025-11-27T16:42:21.414702-08:00,write,key_557,304.78,true,false,6581
2025-11-27T16:42:21.414143-08:00,write,key_384,306.48,true,false,6580
2025-11-27T16:42:21.414237-08:00,write,key_138,306.42,true,false,6581
2025-11-27T16:42:21.720621-08:00,read,key_82,1.94,true,false,6550
2025-11-27T16:42:21.720659-08:00,read,key_715,1.94,true,false,6519
2025-11-27T16:42:21.722558-08:00,read,key_104,1.46,true,false,6513
2025-11-27T16:42:21.722599-08:00,read,key_672,1.42,true,false,4808
2025-11-27T16:42:21.515813-08:00,write,key_207,304.95,true,false,6579
2025-11-27T16:42:21.515759-08:00,write,key_564,305.02,true,false,6579
2025-11-27T16:42:21.611951-08:00,write,key_856,310.17,true,false,6582
2025-11-27T16:42:21.616879-08:00,write,key_113,308.68,true,false,6582
2025-11-27T16:42:21.61937-08:00,write,key_586,306.22,true,false,6581
2025-11-27T16:42:21.625276-08:00,write,key_489,304.02,true,false,6583
2025-11-27T16:42:21.626614-08:00,write,key_667,302.70,true,false,6582
2025-11-27T16:42:21.719483-08:00,write,key_99,309.75,true,false,6584
2025-11-27T16:42:21.724024-08:00,write,key_116,305.22,true,false,6582
2025-11-27T16:42:22.029236-08:00,read,key_398,1.17,true,false,4608
2025-11-27T16:42:22.03041-08:00,read,key_856,1.01,true,false,6582
2025-11-27T16:42:21.724023-08:00,write,key_220,307.42,true,false,6585
2025-11-27T16:42:22.031448-08:00,read,key_354,2.50,true,false,6455
2025-11-27T16:42:21.820768-08:00,write,key_482,308.84,true,false,6583
2025-11-27T16:42:21.820784-08:00,write,key_952,310.82,true,false,6584
2025-11-27T16:42:21.925592-08:00,write,key_356,307.42,true,false,6584
2025-11-27T16:42:21.92556-08:00,write,key_970,307.48,true,false,6585
2025-11-27T16:42:21.92213-08:00,write,key_698,311.26,true,false,6586
2025-11-27T16:42:21.929317-08:00,write,key_900,304.16,true,false,6586
2025-11-27T16:42:21.929296-08:00,write,key_280,307.48,true,false,6584
2025-11-27T16:42:22.233481-08:00,read,key_121,6.08,true,false,5147
2025-11-27T16:42:22.239568-08:00,read,key_56,1.25,true,false,6477
2025-11-27T16:42:22.240819-08:00,read,key_721,0.75,true,false,6045
2025-11-27T16:42:22.24157-08:00,read,key_730,0.52,true,false,6238
2025-11-27T16:42:22.242092-08:00,read,key_416,1.36,true,false,6427
2025-11-27T16:42:22.243457-08:00,read,key_227,1.37,true,false,6120
2025-11-27T16:42:22.244833-08:00,read,key_365,0.89,true,false,5229
2025-11-27T16:42:22.245727-08:00,read,key_162,0.75,true,false,6394
2025-11-27T16:42:22.246477-08:00,read,key_59,0.58,true,false,6533
2025-11-27T16:42:22.029241-08:00,write,key_256,303.77,true,false,6586
2025-11-27T16:42:22.333013-08:00,read,key_227,0.46,true,false,6120
2025-11-27T16:42:22.333472-08:00,read,key_971,0.53,true,false,6412
2025-11-27T16:42:22.033949-08:00,write,key_824,304.94,true,false,6587
2025-11-27T16:42:22.031418-08:00,write,key_795,307.50,true,false,6587
2025-11-27T16:42:22.338921-08:00,read,key_55,1.76,true,false,6574
2025-11-27T16:42:22.131608-08:00,write,key_979,305.26,true,false,6587
2025-11-27T16:42:22.129607-08:00,write,key_82,307.28,true,false,6586
2025-11-27T16:42:22.233014-08:00,write,key_368,307.90,true,false,6587
2025-11-27T16:42:22.236774-08:00,write,key_561,304.20,true,false,6588
2025-11-27T16:42:22.233389-08:00,write,key_19,307.60,true,false,6588
2025-11-27T16:42:22.233036-08:00,write,key_426,308.10,true,false,6588
2025-11-27T16:42:22.540995-08:00,read,key_921,2.01,true,false,5021
2025-11-27T16:42:22.540977-08:00,read,key_97,2.04,true,false,6106
2025-11-27T16:42:22.543018-08:00,read,key_433,2.31,true,false,3803
2025-11-27T16:42:22.545333-08:00,read,key_552,0.75,true,false,6301
2025-11-27T16:42:22.543009-08:00,read,key_232,3.08,true,false,6026
2025-11-27T16:42:22.546092-08:00,read,key_393,2.27,true,false,6487
2025-11-27T16:42:22.548366-08:00,read,key_38,0.84,true,false,6527
2025-11-27T16:42:22.247061-08:00,write,key_327,304.90,true,false,6587
2025-11-27T16:42:22.549208-08:00,read,key_918,2.91,true,false,6527
2025-11-27T16:42:22.340686-08:00,write,key_51,305.13,true,false,6589
2025-11-27T16:42:22.338888-08:00,write,key_203,306.98,true,false,6588
2025-11-27T16:42:22.334007-08:00,write,key_250,311.87,true,false,6588
2025-11-27T16:42:22.645867-08:00,read,key_114,1.90,true,false,6570
2025-11-27T16:42:22.645823-08:00,read,key_847,1.98,true,false,6493
2025-11-27T16:42:22.436886-08:00,write,key_73,309.76,true,false,6590
2025-11-27T16:42:22.43687-08:00,write,key_592,309.78,true,false,6589
2025-11-27T16:42:22.746666-08:00,read,key_328,2.27,true,false,6504
2025-11-27T16:42:22.746651-08:00,read,key_117,2.30,true,false,6447
2025-11-27T16:42:22.748954-08:00,read,key_522,5.16,true,false,6305
2025-11-27T16:42:22.541141-08:00,write,key_109,309.39,true,false,6591
2025-11-27T16:42:22.540922-08:00,write,key_602,309.65,true,false,6589
2025-11-27T16:42:22.850574-08:00,read,key_743,2.21,true,false,6503
2025-11-27T16:42:22.850531-08:00,read,key_143,2.29,true,false,5933
2025-11-27T16:42:22.546088-08:00,write,key_368,307.05,true,false,6590
2025-11-27T16:42:22.853144-08:00,read,key_514,1.04,true,false,6506
2025-11-27T16:42:22.552117-08:00,write,key_311,302.89,true,false,6589
2025-11-27T16:42:22.855007-08:00,read,key_282,0.81,true,false,6090
2025-11-27T16:42:22.551967-08:00,write,key_915,304.01,true,false,6591
2025-11-27T16:42:22.855979-08:00,read,key_13,2.36,true,false,6055
2025-11-27T16:42:22.645877-08:00,write,key_511,308.26,true,false,6592
2025-11-27T16:42:22.647768-08:00,write,key_486,306.39,true,false,6592
2025-11-27T16:42:22.647805-08:00,write,key_242,306.39,true,false,6592
2025-11-27T16:42:22.954137-08:00,read,key_609,2.02,true,false,6136
2025-11-27T16:42:22.954159-08:00,read,key_600,2.03,true,false,6540
2025-11-27T16:42:22.956155-08:00,read,key_244,1.90,true,false,5784
2025-11-27T16:42:22.748939-08:00,write,key_439,307.24,true,false,6591
2025-11-27T16:42:23.056194-08:00,read,key_484,1.98,true,false,6563
2025-11-27T16:42:22.754112-08:00,write,key_604,304.18,true,false,6593
2025-11-27T16:42:23.058177-08:00,read,key_605,4.58,true,false,6518
2025-11-27T16:42:23.058291-08:00,read,key_578,5.06,true,false,5205
2025-11-27T16:42:23.063355-08:00,read,key_844,0.70,true,false,6546
2025-11-27T16:42:23.064059-08:00,read,key_767,0.70,true,false,6544
2025-11-27T16:42:23.064762-08:00,read,key_555,0.88,true,false,5521
2025-11-27T16:42:23.065647-08:00,read,key_350,0.54,true,false,6542
2025-11-27T16:42:23.066192-08:00,read,key_85,0.55,true,false,6561
2025-11-27T16:42:23.066745-08:00,read,key_592,0.47,true,false,6589
2025-11-27T16:42:23.067218-08:00,read,key_666,0.45,true,false,5819
2025-11-27T16:42:23.067665-08:00,read,key_949,0.45,true,false,5966
2025-11-27T16:42:22.854181-08:00,write,key_594,319.01,true,false,6592
2025-11-27T16:42:22.858353-08:00,write,key_689,314.84,true,false,6593
2025-11-27T16:42:22.852825-08:00,write,key_441,320.41,true,false,6592
2025-11-27T16:42:22.852803-08:00,write,key_106,320.47,true,false,6593
2025-11-27T16:42:23.173232-08:00,read,key_827,0.67,true,false,6266
2025-11-27T16:42:23.173197-08:00,read,key_352,0.71,true,false,5541
2025-11-27T16:42:23.173274-08:00,read,key_797,0.64,true,false,6047
2025-11-27T16:42:22.855823-08:00,write,key_15,318.34,true,false,6593
2025-11-27T16:42:23.173918-08:00,read,key_709,0.43,true,false,6284
2025-11-27T16:42:23.174347-08:00,read,key_840,0.50,true,false,6096
2025-11-27T16:42:23.173911-08:00,read,key_842,1.84,true,false,6434
2025-11-27T16:42:23.175755-08:00,read,key_700,1.04,true,false,6212
2025-11-27T16:42:23.174844-08:00,read,key_134,1.97,true,false,6357
2025-11-27T16:42:23.176812-08:00,read,key_584,0.40,true,false,6020
2025-11-27T16:42:23.177211-08:00,read,key_507,0.37,true,false,6341
2025-11-27T16:42:22.958053-08:00,write,key_420,315.66,true,false,6594
2025-11-27T16:42:22.9542-08:00,write,key_525,319.54,true,false,6594
2025-11-27T16:42:23.273737-08:00,read,key_583,1.12,true,false,6353
2025-11-27T16:42:22.956188-08:00,write,key_586,320.39,true,false,6595
2025-11-27T16:42:23.274859-08:00,read,key_871,2.42,true,false,6188
2025-11-27T16:42:23.276582-08:00,read,key_821,1.65,true,false,6240
2025-11-27T16:42:23.277286-08:00,read,key_762,0.95,true,false,5980
2025-11-27T16:42:23.278234-08:00,read,key_397,0.83,true,false,6548
2025-11-27T16:42:23.278233-08:00,read,key_115,1.76,true,false,6559
2025-11-27T16:42:23.062763-08:00,write,key_84,305.57,true,false,6595
2025-11-27T16:42:23.368331-08:00,read,key_114,1.16,true,false,6570
2025-11-27T16:42:23.36949-08:00,read,key_82,0.76,true,false,6586
2025-11-27T16:42:23.068115-08:00,write,key_104,307.30,true,false,6596
2025-11-27T16:42:23.173197-08:00,write,key_951,305.87,true,false,6594
2025-11-27T16:42:23.174164-08:00,write,key_871,306.89,true,false,6597
2025-11-27T16:42:23.176806-08:00,write,key_956,306.39,true,false,6597
2025-11-27T16:42:23.173902-08:00,write,key_283,309.40,true,false,6595
2025-11-27T16:42:23.177579-08:00,write,key_641,306.55,true,false,6594
2025-11-27T16:42:23.481053-08:00,read,key_19,6.78,true,false,6588
2025-11-27T16:42:23.273717-08:00,write,key_947,308.48,true,false,6598
2025-11-27T16:42:23.27999-08:00,write,key_302,303.86,true,false,6596
2025-11-27T16:42:23.279066-08:00,write,key_132,304.78,true,false,6599
2025-11-27T16:42:23.37025-08:00,write,key_846,312.72,true,false,6598
2025-11-27T16:42:23.375412-08:00,write,key_986,307.57,true,false,6600
2025-11-27T16:42:23.483197-08:00,write,key_79,308.44,true,false,6598
2025-11-27T16:42:23.487836-08:00,write,key_126,303.80,true,false,6599
2025-11-27T16:42:23.4833-08:00,write,key_981,308.37,true,false,6598
2025-11-27T16:42:23.479068-08:00,write,key_850,312.67,true,false,6601
2025-11-27T16:42:23.484133-08:00,write,key_557,307.61,true,false,6601
2025-11-27T16:42:23.791742-08:00,read,key_871,4.29,true,false,6597
2025-11-27T16:42:23.583851-08:00,write,key_15,307.95,true,false,6602
2025-11-27T16:42:23.583852-08:00,write,key_451,310.28,true,false,6600
2025-11-27T16:42:23.582197-08:00,write,key_257,311.94,true,false,6602
2025-11-27T16:42:23.894135-08:00,read,key_706,2.12,true,false,6571
2025-11-27T16:42:23.896262-08:00,read,key_709,1.29,true,false,6284
2025-11-27T16:42:23.682982-08:00,write,key_398,313.43,true,false,6603
2025-11-27T16:42:23.68297-08:00,write,key_559,313.44,true,false,6601
2025-11-27T16:42:23.996415-08:00,read,key_955,1.65,true,false,6577
2025-11-27T16:42:23.791641-08:00,write,key_193,309.30,true,false,6602
2025-11-27T16:42:23.791737-08:00,write,key_750,309.70,true,false,6603
2025-11-27T16:42:23.791636-08:00,write,key_676,310.08,true,false,6605
2025-11-27T16:42:23.796038-08:00,write,key_877,305.78,true,false,6604
2025-11-27T16:42:23.791675-08:00,write,key_234,310.23,true,false,6604
2025-11-27T16:42:24.100945-08:00,read,key_451,2.69,true,false,6600
2025-11-27T16:42:24.10364-08:00,read,key_313,0.69,true,false,5450
2025-11-27T16:42:24.104336-08:00,read,key_769,0.78,true,false,6330
2025-11-27T16:42:24.105116-08:00,read,key_752,0.72,true,false,6343
2025-11-27T16:42:23.897553-08:00,write,key_398,307.83,true,false,6606
2025-11-27T16:42:23.894134-08:00,write,key_844,311.30,true,false,6605
2025-11-27T16:42:23.891816-08:00,write,key_905,313.65,true,false,6604
2025-11-27T16:42:24.205386-08:00,read,key_456,1.87,true,false,5334
2025-11-27T16:42:24.205472-08:00,read,key_262,1.92,true,false,6286
2025-11-27T16:42:23.998063-08:00,write,key_345,305.23,true,false,6607
2025-11-27T16:42:23.996416-08:00,write,key_501,306.89,true,false,6604
2025-11-27T16:42:24.303297-08:00,read,key_235,1.90,true,false,6160
2025-11-27T16:42:24.303309-08:00,read,key_763,1.89,true,false,6253
2025-11-27T16:42:24.101904-08:00,write,key_15,305.24,true,false,6608
2025-11-27T16:42:24.101716-08:00,write,key_704,305.43,true,false,6606
2025-11-27T16:42:24.10182-08:00,write,key_385,305.33,true,false,6606
2025-11-27T16:42:24.101436-08:00,write,key_942,305.73,true,false,6609
2025-11-27T16:42:24.105836-08:00,write,key_131,304.63,true,false,6608
2025-11-27T16:42:24.407155-08:00,read,key_80,3.78,true,false,5409
2025-11-27T16:42:24.410466-08:00,read,key_888,1.47,true,false,6522
2025-11-27T16:42:24.205432-08:00,write,key_663,304.44,true,false,6607
2025-11-27T16:42:24.20726-08:00,write,key_902,305.23,true,false,6610
2025-11-27T16:42:24.20739-08:00,write,key_910,305.12,true,false,6610
2025-11-27T16:42:24.305195-08:00,write,key_37,306.63,true,false,6611
2025-11-27T16:42:24.305196-08:00,write,key_650,306.65,true,false,6608
2025-11-27T16:42:24.407162-08:00,write,key_134,305.22,true,false,6611
2025-11-27T16:42:24.407145-08:00,write,key_799,305.56,true,false,6610
2025-11-27T16:42:24.411939-08:00,write,key_23,305.00,true,false,6610
2025-11-27T16:42:24.407159-08:00,write,key_367,309.80,true,false,6612
2025-11-27T16:42:24.410936-08:00,write,key_676,306.04,true,false,6612
2025-11-27T16:42:24.716978-08:00,read,key_430,2.49,true,false,6410
2025-11-27T16:42:24.51251-08:00,write,key_530,306.58,true,false,6611
2025-11-27T16:42:24.509875-08:00,write,key_38,309.25,true,false,6613
2025-11-27T16:42:24.512495-08:00,write,key_645,306.69,true,false,6614
2025-11-27T16:42:24.819181-08:00,read,key_395,1.55,true,false,6536
2025-11-27T16:42:24.819091-08:00,read,key_647,1.65,true,false,6561
2025-11-27T16:42:24.819124-08:00,read,key_239,1.63,true,false,6504
2025-11-27T16:42:24.820758-08:00,read,key_360,1.04,true,false,6534
2025-11-27T16:42:24.820733-08:00,read,key_653,1.09,true,false,6081
2025-11-27T16:42:24.611847-08:00,write,key_758,309.26,true,false,6613
2025-11-27T16:42:24.61183-08:00,write,key_201,309.33,true,false,6612
2025-11-27T16:42:24.719465-08:00,write,key_960,305.13,true,false,6614
2025-11-27T16:42:24.716943-08:00,write,key_957,307.68,true,false,6614
2025-11-27T16:42:24.712403-08:00,write,key_844,312.26,true,false,6613
2025-11-27T16:42:24.71696-08:00,write,key_27,307.76,true,false,6613
2025-11-27T16:42:24.712707-08:00,write,key_955,312.12,true,false,6614
2025-11-27T16:42:25.024602-08:00,read,key_999,2.01,true,false,6403
2025-11-27T16:42:25.024718-08:00,read,key_115,2.20,true,false,6559
2025-11-27T16:42:25.024662-08:00,read,key_96,3.00,true,false,4433
2025-11-27T16:42:25.024827-08:00,read,key_807,2.87,true,false,6116
2025-11-27T16:42:25.024621-08:00,read,key_559,3.23,true,false,6601
2025-11-27T16:42:25.027907-08:00,read,key_539,1.86,true,false,6316
2025-11-27T16:42:25.026914-08:00,read,key_777,2.91,true,false,6448
2025-11-27T16:42:25.029768-08:00,read,key_750,1.45,true,false,6603
2025-11-27T16:42:25.027699-08:00,read,key_391,3.52,true,false,4157
2025-11-27T16:42:25.027663-08:00,read,key_848,3.59,true,false,6522
2025-11-27T16:42:25.031219-08:00,read,key_225,0.99,true,false,6429
2025-11-27T16:42:25.03221-08:00,read,key_905,0.65,true,false,6604
2025-11-27T16:42:25.032857-08:00,read,key_988,0.77,true,false,6538
2025-11-27T16:42:24.8218-08:00,write,key_824,310.33,true,false,6616
2025-11-27T16:42:24.821818-08:00,write,key_36,310.54,true,false,6615
2025-11-27T16:42:24.820741-08:00,write,key_230,311.66,true,false,6615
2025-11-27T16:42:25.132134-08:00,read,key_541,3.59,true,false,6382
2025-11-27T16:42:24.921114-08:00,write,key_855,311.87,true,false,6615
2025-11-27T16:42:24.921158-08:00,write,key_489,311.83,true,false,6617
2025-11-27T16:42:25.232986-08:00,read,key_423,1.10,true,false,6063
2025-11-27T16:42:25.234086-08:00,read,key_760,3.98,true,false,6473
2025-11-27T16:42:25.232994-08:00,read,key_587,5.07,true,false,5506
2025-11-27T16:42:25.238067-08:00,read,key_825,0.88,true,false,5925
2025-11-27T16:42:25.238953-08:00,read,key_403,2.16,true,false,6248
2025-11-27T16:42:25.031257-08:00,write,key_742,303.06,true,false,6616
2025-11-27T16:42:25.031222-08:00,write,key_644,303.15,true,false,6615
2025-11-27T16:42:25.026614-08:00,write,key_800,307.78,true,false,6616
2025-11-27T16:42:25.029821-08:00,write,key_872,304.65,true,false,6618
2025-11-27T16:42:25.334395-08:00,read,key_969,2.48,true,false,6253
2025-11-27T16:42:25.334473-08:00,read,key_978,2.88,true,false,6404
2025-11-27T16:42:25.334321-08:00,read,key_205,3.16,true,false,6378
2025-11-27T16:42:25.033631-08:00,write,key_82,304.95,true,false,6619
2025-11-27T16:42:25.33748-08:00,read,key_952,1.48,true,false,6584
2025-11-27T16:42:25.338583-08:00,read,key_402,1.41,true,false,6564
2025-11-27T16:42:25.132403-08:00,write,key_364,307.74,true,false,6617
2025-11-27T16:42:25.132359-08:00,write,key_486,308.26,true,false,6617
2025-11-27T16:42:25.135722-08:00,write,key_108,305.41,true,false,6617
2025-11-27T16:42:25.440149-08:00,read,key_243,1.68,true,false,5782
2025-11-27T16:42:25.441135-08:00,read,key_446,5.84,true,false,6309
2025-11-27T16:42:25.446976-08:00,read,key_411,0.69,true,false,6471
2025-11-27T16:42:25.447664-08:00,read,key_534,0.74,true,false,6431
2025-11-27T16:42:25.238067-08:00,write,key_237,305.48,true,false,6620
2025-11-27T16:42:25.241114-08:00,write,key_651,305.31,true,false,6620
2025-11-27T16:42:25.543553-08:00,read,key_906,3.94,true,false,6523
2025-11-27T16:42:25.336881-08:00,write,key_856,309.93,true,false,6620
2025-11-27T16:42:25.338962-08:00,write,key_989,307.86,true,false,6621
2025-11-27T16:42:25.334368-08:00,write,key_624,312.46,true,false,6619
2025-11-27T16:42:25.339994-08:00,write,key_681,306.86,true,false,6622
2025-11-27T16:42:25.337355-08:00,write,key_450,309.53,true,false,6621
2025-11-27T16:42:25.646855-08:00,read,key_15,2.17,true,false,6608
2025-11-27T16:42:25.64683-08:00,read,key_230,2.20,true,false,6615
2025-11-27T16:42:25.649032-08:00,read,key_458,2.16,true,false,6575
2025-11-27T16:42:25.646886-08:00,read,key_456,4.51,true,false,5334
2025-11-27T16:42:25.651193-08:00,read,key_18,1.58,true,false,6525
2025-11-27T16:42:25.441826-08:00,write,key_266,309.26,true,false,6623
2025-11-27T16:42:25.440621-08:00,write,key_600,310.56,true,false,6621
2025-11-27T16:42:25.751092-08:00,read,key_918,2.13,true,false,6527
2025-11-27T16:42:25.751178-08:00,read,key_136,2.05,true,false,5283
2025-11-27T16:42:25.448405-08:00,write,key_231,304.87,true,false,6622
2025-11-27T16:42:25.753278-08:00,read,key_170,0.95,true,false,6481
2025-11-27T16:42:25.753222-08:00,read,key_963,1.04,true,false,6550
2025-11-27T16:42:25.546429-08:00,write,key_98,309.66,true,false,6621
2025-11-27T16:42:25.547491-08:00,write,key_405,309.70,true,false,6622
2025-11-27T16:42:25.856096-08:00,read,key_567,1.34,true,false,4971
2025-11-27T16:42:25.857438-08:00,read,key_550,0.78,true,false,5816
2025-11-27T16:42:25.857188-08:00,read,key_517,1.03,true,false,5663
2025-11-27T16:42:25.85822-08:00,read,key_485,0.75,true,false,6543
2025-11-27T16:42:25.858974-08:00,read,key_827,3.05,true,false,6266
2025-11-27T16:42:25.862023-08:00,read,key_950,0.68,true,false,6576
2025-11-27T16:42:25.862706-08:00,read,key_552,0.60,true,false,6301
2025-11-27T16:42:25.646818-08:00,write,key_284,308.80,true,false,6624
2025-11-27T16:42:25.651394-08:00,write,key_443,304.57,true,false,6623
2025-11-27T16:42:25.955623-08:00,read,key_999,1.59,true,false,6403
2025-11-27T16:42:25.646827-08:00,write,key_955,311.41,true,false,6624
2025-11-27T16:42:25.65278-08:00,write,key_703,305.63,true,false,6623
2025-11-27T16:42:25.649024-08:00,write,key_401,310.06,true,false,6623
2025-11-27T16:42:25.959088-08:00,read,key_629,2.69,true,false,6333
2025-11-27T16:42:25.961782-08:00,read,key_870,0.92,true,false,6392
2025-11-27T16:42:25.962705-08:00,read,key_967,0.73,true,false,5414
2025-11-27T16:42:25.754258-08:00,write,key_201,308.69,true,false,6626
2025-11-27T16:42:25.753229-08:00,write,key_433,309.74,true,false,6625
2025-11-27T16:42:25.754234-08:00,write,key_696,309.32,true,false,6625
2025-11-27T16:42:25.85822-08:00,write,key_632,305.12,true,false,6624
2025-11-27T16:42:25.863307-08:00,write,key_508,303.64,true,false,6627
2025-11-27T16:42:25.955965-08:00,write,key_113,313.00,true,false,6627
2025-11-27T16:42:25.963432-08:00,write,key_535,305.60,true,false,6625
2025-11-27T16:42:25.958238-08:00,write,key_85,310.82,true,false,6625
2025-11-27T16:42:25.958406-08:00,write,key_329,311.02,true,false,6626
2025-11-27T16:42:25.957215-08:00,write,key_493,313.95,true,false,6625
2025-11-27T16:42:26.268971-08:00,read,key_741,3.55,true,false,6528
2025-11-27T16:42:26.271168-08:00,read,key_413,2.37,true,false,6532
2025-11-27T16:42:26.269062-08:00,read,key_14,6.09,true,false,6489
2025-11-27T16:42:26.062947-08:00,write,key_563,307.68,true,false,6627
2025-11-27T16:42:26.063554-08:00,write,key_54,307.11,true,false,6628
2025-11-27T16:42:26.062972-08:00,write,key_61,307.71,true,false,6627
2025-11-27T16:42:26.370629-08:00,read,key_399,1.38,true,false,6393
2025-11-27T16:42:26.370669-08:00,read,key_977,1.36,true,false,5889
2025-11-27T16:42:26.37068-08:00,read,key_18,1.38,true,false,6525
2025-11-27T16:42:26.166951-08:00,write,key_876,305.99,true,false,6628
2025-11-27T16:42:26.163351-08:00,write,key_249,309.61,true,false,6628
2025-11-27T16:42:26.272525-08:00,write,key_688,330.53,true,false,6628
2025-11-27T16:42:26.273543-08:00,write,key_680,329.54,true,false,6629
2025-11-27T16:42:26.269028-08:00,write,key_412,334.07,true,false,6630
2025-11-27T16:42:26.269423-08:00,write,key_209,333.69,true,false,6629
2025-11-27T16:42:26.275149-08:00,write,key_956,327.97,true,false,6629
2025-11-27T16:42:26.603104-08:00,read,key_218,1.12,true,false,6456
2025-11-27T16:42:26.603083-08:00,read,key_786,1.55,true,false,6408
2025-11-27T16:42:26.603122-08:00,read,key_849,1.57,true,false,6155
2025-11-27T16:42:26.604223-08:00,read,key_125,0.49,true,false,6252
2025-11-27T16:42:26.604633-08:00,read,key_850,0.43,true,false,6601
2025-11-27T16:42:26.605061-08:00,read,key_143,0.34,true,false,5933
2025-11-27T16:42:26.372011-08:00,write,key_483,335.57,true,false,6629
2025-11-27T16:42:26.372065-08:00,write,key_238,335.54,true,false,6629
2025-11-27T16:42:26.37203-08:00,write,key_974,335.62,true,false,6631
2025-11-27T16:42:26.707607-08:00,read,key_32,1.46,true,false,5855
2025-11-27T16:42:26.472966-08:00,write,key_925,313.67,true,false,6630
2025-11-27T16:42:26.472943-08:00,write,key_941,313.71,true,false,6632
2025-11-27T16:42:26.786656-08:00,read,key_236,1.30,true,false,6173
2025-11-27T16:42:26.786644-08:00,read,key_874,2.93,true,false,6514
2025-11-27T16:42:26.787963-08:00,read,key_452,2.11,true,false,6197
2025-11-27T16:42:26.789578-08:00,read,key_238,1.10,true,false,6629
2025-11-27T16:42:26.790684-08:00,read,key_106,2.98,true,false,6593
2025-11-27T16:42:26.60311-08:00,write,key_799,304.51,true,false,6631
2025-11-27T16:42:26.604718-08:00,write,key_766,302.99,true,false,6632
2025-11-27T16:42:26.60306-08:00,write,key_88,304.71,true,false,6631
2025-11-27T16:42:26.605398-08:00,write,key_531,303.43,true,false,6632
2025-11-27T16:42:26.907627-08:00,read,key_913,3.86,true,false,6525
2025-11-27T16:42:26.907708-08:00,read,key_61,4.43,true,false,6627
2025-11-27T16:42:26.604694-08:00,write,key_822,307.52,true,false,6633
2025-11-27T16:42:26.912143-08:00,read,key_559,1.62,true,false,6601
2025-11-27T16:42:26.707585-08:00,write,key_948,306.75,true,false,6633
2025-11-27T16:42:26.709072-08:00,write,key_258,305.33,true,false,6634
2025-11-27T16:42:26.707648-08:00,write,key_192,306.75,true,false,6632
2025-11-27T16:42:27.014404-08:00,read,key_659,1.56,true,false,6209
2025-11-27T16:42:27.0144-08:00,read,key_511,1.59,true,false,6592
2025-11-27T16:42:26.793662-08:00,write,key_381,306.24,true,false,6633
2025-11-27T16:42:26.79007-08:00,write,key_172,309.84,true,false,6634
2025-11-27T16:42:26.90883-08:00,write,key_740,307.61,true,false,6634
2025-11-27T16:42:26.907773-08:00,write,key_566,308.67,true,false,6634
2025-11-27T16:42:26.91221-08:00,write,key_58,307.10,true,false,6636
2025-11-27T16:42:27.216449-08:00,read,key_196,4.46,true,false,6272
2025-11-27T16:42:26.913768-08:00,write,key_52,307.18,true,false,6635
2025-11-27T16:42:26.911486-08:00,write,key_944,309.46,true,false,6635
2025-11-27T16:42:27.220913-08:00,read,key_842,1.86,true,false,6434
2025-11-27T16:42:27.220948-08:00,read,key_456,1.94,true,false,5334
2025-11-27T16:42:27.220944-08:00,read,key_797,2.07,true,false,6047
2025-11-27T16:42:27.216447-08:00,read,key_487,6.86,true,false,6554
2025-11-27T16:42:27.222885-08:00,read,key_539,1.36,true,false,6316
2025-11-27T16:42:27.223306-08:00,read,key_796,0.94,true,false,6360
2025-11-27T16:42:27.224246-08:00,read,key_420,0.86,true,false,6594
2025-11-27T16:42:27.225103-08:00,read,key_325,0.60,true,false,6475
2025-11-27T16:42:27.225701-08:00,read,key_953,1.40,true,false,6636
2025-11-27T16:42:27.227102-08:00,read,key_604,0.84,true,false,6593
2025-11-27T16:42:27.227947-08:00,read,key_707,0.72,true,false,6273
2025-11-27T16:42:27.015995-08:00,write,key_953,305.74,true,false,6636
2025-11-27T16:42:27.015965-08:00,write,key_918,305.86,true,false,6635
2025-11-27T16:42:27.014342-08:00,write,key_219,309.57,true,false,6635
2025-11-27T16:42:27.321735-08:00,read,key_752,2.53,true,false,6343
2025-11-27T16:42:27.324264-08:00,read,key_665,1.47,true,false,6494
2025-11-27T16:42:27.32391-08:00,read,key_588,1.83,true,false,6487
2025-11-27T16:42:27.321825-08:00,read,key_913,6.70,true,false,6525
2025-11-27T16:42:27.328529-08:00,read,key_348,0.68,true,false,6476
2025-11-27T16:42:27.099902-08:00,write,key_15,311.63,true,false,6637
2025-11-27T16:42:27.099909-08:00,write,key_585,311.65,true,false,6636
2025-11-27T16:42:27.222772-08:00,write,key_746,303.98,true,false,6637
2025-11-27T16:42:27.223013-08:00,write,key_951,303.80,true,false,6638
2025-11-27T16:42:27.219311-08:00,write,key_881,307.95,true,false,6637
2025-11-27T16:42:27.526756-08:00,read,key_845,3.28,true,false,6566
2025-11-27T16:42:27.224246-08:00,write,key_208,305.79,true,false,6639
2025-11-27T16:42:27.527265-08:00,read,key_608,2.80,true,false,2306
2025-11-27T16:42:27.530037-08:00,read,key_629,1.74,true,false,6333
2025-11-27T16:42:27.530041-08:00,read,key_972,1.75,true,false,6377
2025-11-27T16:42:27.228666-08:00,write,key_509,303.56,true,false,6638
2025-11-27T16:42:27.530063-08:00,read,key_28,3.33,true,false,6119
2025-11-27T16:42:27.325738-08:00,write,key_856,306.57,true,false,6639
2025-11-27T16:42:27.325738-08:00,write,key_759,306.59,true,false,6640
2025-11-27T16:42:27.632312-08:00,read,key_729,1.28,true,false,4837
2025-11-27T16:42:27.329209-08:00,write,key_512,305.34,true,false,6641
2025-11-27T16:42:27.41156-08:00,write,key_746,311.59,true,false,6641
2025-11-27T16:42:27.411535-08:00,write,key_512,311.63,true,false,6640
2025-11-27T16:42:27.723165-08:00,read,key_555,1.09,true,false,5521
2025-11-27T16:42:27.723156-08:00,read,key_965,1.11,true,false,6424
2025-11-27T16:42:27.526818-08:00,write,key_366,306.12,true,false,6642
2025-11-27T16:42:27.531791-08:00,write,key_978,306.41,true,false,6640
2025-11-27T16:42:27.532226-08:00,write,key_969,306.01,true,false,6643
2025-11-27T16:42:27.5334-08:00,write,key_489,305.17,true,false,6642
2025-11-27T16:42:27.531787-08:00,write,key_501,307.17,true,false,6641
2025-11-27T16:42:27.838233-08:00,read,key_489,2.31,true,false,6642
2025-11-27T16:42:27.838956-08:00,read,key_660,2.54,true,false,6523
2025-11-27T16:42:27.838572-08:00,read,key_724,3.24,true,false,5547
2025-11-27T16:42:27.841812-08:00,read,key_310,3.08,true,false,5098
2025-11-27T16:42:27.8415-08:00,read,key_561,3.40,true,false,6588
2025-11-27T16:42:27.844898-08:00,read,key_683,0.63,true,false,6559
2025-11-27T16:42:27.632329-08:00,write,key_889,305.14,true,false,6643
2025-11-27T16:42:27.633591-08:00,write,key_486,304.59,true,false,6644
2025-11-27T16:42:27.937476-08:00,read,key_675,1.20,true,false,6151
2025-11-27T16:42:27.938179-08:00,read,key_842,0.88,true,false,6434
2025-11-27T16:42:27.938675-08:00,read,key_758,2.19,true,false,6613
2025-11-27T16:42:27.634549-08:00,write,key_559,306.31,true,false,6644
2025-11-27T16:42:27.939064-08:00,read,key_854,1.87,true,false,4744
2025-11-27T16:42:27.940931-08:00,read,key_958,1.04,true,false,6562
2025-11-27T16:42:27.724264-08:00,write,key_333,324.46,true,false,6645
2025-11-27T16:42:27.724267-08:00,write,key_35,324.46,true,false,6646
2025-11-27T16:42:28.048727-08:00,read,key_193,0.51,true,false,6602
2025-11-27T16:42:28.04924-08:00,read,key_315,0.39,true,false,6554
2025-11-27T16:42:28.049629-08:00,read,key_609,0.44,true,false,6136
2025-11-27T16:42:27.840544-08:00,write,key_417,309.64,true,false,6646
2025-11-27T16:42:27.838207-08:00,write,key_966,312.00,true,false,6644
2025-11-27T16:42:27.844898-08:00,write,key_767,305.32,true,false,6647
2025-11-27T16:42:27.83295-08:00,write,key_207,317.28,true,false,6645
2025-11-27T16:42:27.845529-08:00,write,key_222,304.75,true,false,6647
2025-11-27T16:42:28.150284-08:00,read,key_805,21.17,true,false,6125
2025-11-27T16:42:28.150231-08:00,read,key_378,21.23,true,false,5297
2025-11-27T16:42:28.150205-08:00,read,key_459,43.68,true,false,6107
2025-11-27T16:42:28.150183-08:00,read,key_265,43.71,true,false,6506
2025-11-27T16:42:28.171464-08:00,read,key_672,23.80,true,false,4808
2025-11-27T16:42:28.195263-08:00,read,key_970,0.45,true,false,6585
2025-11-27T16:42:28.19571-08:00,read,key_410,0.39,true,false,6436
2025-11-27T16:42:28.196097-08:00,read,key_487,0.39,true,false,6554
2025-11-27T16:42:27.941975-08:00,write,key_52,307.51,true,false,6648
2025-11-27T16:42:27.940863-08:00,write,key_772,309.39,true,false,6647
2025-11-27T16:42:27.940863-08:00,write,key_945,309.40,true,false,6648
2025-11-27T16:42:28.048727-08:00,write,key_858,306.15,true,false,6649
2025-11-27T16:42:28.050073-08:00,write,key_114,304.81,true,false,6648
2025-11-27T16:42:28.354884-08:00,read,key_55,2.79,true,false,6574
2025-11-27T16:42:28.357673-08:00,read,key_138,0.59,true,false,6581
2025-11-27T16:42:28.358261-08:00,read,key_281,0.57,true,false,6082
2025-11-27T16:42:28.150219-08:00,write,key_243,309.42,true,false,6648
2025-11-27T16:42:28.459638-08:00,read,key_646,3.24,true,false,6563
2025-11-27T16:42:28.462877-08:00,read,key_746,0.77,true,false,6641
2025-11-27T16:42:28.463645-08:00,read,key_974,0.57,true,false,6631
2025-11-27T16:42:28.464213-08:00,read,key_55,0.72,true,false,6574
2025-11-27T16:42:28.464931-08:00,read,key_418,0.63,true,false,6531
2025-11-27T16:42:28.193883-08:00,write,key_421,308.15,true,false,6652
2025-11-27T16:42:28.196486-08:00,write,key_11,305.65,true,false,6648
2025-11-27T16:42:28.171454-08:00,write,key_114,331.64,true,false,6650
2025-11-27T16:42:28.503094-08:00,read,key_648,0.38,true,false,6540
2025-11-27T16:42:28.193894-08:00,write,key_486,310.81,true,false,6651
2025-11-27T16:42:28.504714-08:00,read,key_479,0.33,true,false,6373
2025-11-27T16:42:28.250264-08:00,write,key_606,306.64,true,false,6649
2025-11-27T16:42:28.24949-08:00,write,key_793,307.41,true,false,6653
2025-11-27T16:42:28.250255-08:00,write,key_634,306.76,true,false,6650
2025-11-27T16:42:28.556905-08:00,read,key_35,0.72,true,false,6646
2025-11-27T16:42:28.557019-08:00,read,key_386,0.62,true,false,6408
2025-11-27T16:42:28.557639-08:00,read,key_876,0.47,true,false,6628
2025-11-27T16:42:28.55811-08:00,read,key_208,0.50,true,false,6639
2025-11-27T16:42:28.558616-08:00,read,key_979,0.49,true,false,6587
2025-11-27T16:42:28.55911-08:00,read,key_323,0.63,true,false,6404
2025-11-27T16:42:28.35883-08:00,write,key_198,304.10,true,false,6651
2025-11-27T16:42:28.354877-08:00,write,key_856,308.06,true,false,6650
2025-11-27T16:42:28.465564-08:00,write,key_393,305.67,true,false,6654
2025-11-27T16:42:28.77124-08:00,read,key_434,5.51,true,false,5873
2025-11-27T16:42:28.502139-08:00,write,key_488,308.08,true,false,6653
2025-11-27T16:42:28.505046-08:00,write,key_164,305.80,true,false,6655
2025-11-27T16:42:28.503473-08:00,write,key_317,307.44,true,false,6654
2025-11-27T16:42:28.50204-08:00,write,key_112,310.07,true,false,6653
2025-11-27T16:42:28.810918-08:00,read,key_227,2.88,true,false,6120
2025-11-27T16:42:28.810847-08:00,read,key_144,2.99,true,false,5204
2025-11-27T16:42:28.813839-08:00,read,key_971,1.19,true,false,6412
2025-11-27T16:42:28.812109-08:00,read,key_267,3.27,true,false,6368
2025-11-27T16:42:28.556919-08:00,write,key_535,313.83,true,false,6654
2025-11-27T16:42:28.559739-08:00,write,key_564,311.03,true,false,6655
2025-11-27T16:42:28.557627-08:00,write,key_229,313.21,true,false,6656
2025-11-27T16:42:28.870754-08:00,read,key_87,2.60,true,false,6482
2025-11-27T16:42:28.870836-08:00,read,key_970,3.15,true,false,6585
2025-11-27T16:42:28.873358-08:00,read,key_118,6.08,true,false,6519
2025-11-27T16:42:28.879435-08:00,read,key_54,1.45,true,false,6628
2025-11-27T16:42:28.880887-08:00,read,key_206,0.98,true,false,6378
2025-11-27T16:42:28.662936-08:00,write,key_741,312.04,true,false,6654
2025-11-27T16:42:28.662934-08:00,write,key_201,312.07,true,false,6655
2025-11-27T16:42:28.975-08:00,read,key_911,3.11,true,false,6555
2025-11-27T16:42:28.978117-08:00,read,key_568,0.98,true,false,6563
2025-11-27T16:42:28.974984-08:00,read,key_952,4.12,true,false,6584
2025-11-27T16:42:28.979106-08:00,read,key_79,1.09,true,false,6598
2025-11-27T16:42:28.980195-08:00,read,key_28,0.66,true,false,6119
2025-11-27T16:42:28.776759-08:00,write,key_397,305.53,true,false,6655
2025-11-27T16:42:28.813797-08:00,write,key_978,306.28,true,false,6656
2025-11-27T16:42:28.815379-08:00,write,key_236,305.60,true,false,6657
2025-11-27T16:42:28.810224-08:00,write,key_406,310.78,true,false,6656
2025-11-27T16:42:28.815035-08:00,write,key_196,305.98,true,false,6657
2025-11-27T16:42:29.120982-08:00,read,key_635,1.53,true,false,6474
2025-11-27T16:42:28.870768-08:00,write,key_38,308.22,true,false,6657
2025-11-27T16:42:28.873987-08:00,write,key_26,308.41,true,false,6657
2025-11-27T16:42:28.881868-08:00,write,key_881,306.43,true,false,6658
2025-11-27T16:42:29.188299-08:00,read,key_768,3.20,true,false,6094
2025-11-27T16:42:29.191499-08:00,read,key_856,0.62,true,false,6650
2025-11-27T16:42:28.979095-08:00,write,key_609,304.39,true,false,6658
2025-11-27T16:42:28.980858-08:00,write,key_57,303.34,true,false,6657
2025-11-27T16:42:29.283491-08:00,read,key_87,1.94,true,false,6482
2025-11-27T16:42:29.28543-08:00,read,key_569,1.90,true,false,6515
2025-11-27T16:42:29.082297-08:00,write,key_562,306.35,true,false,6659
2025-11-27T16:42:29.388657-08:00,read,key_954,0.83,true,false,6541
2025-11-27T16:42:29.121015-08:00,write,key_871,310.81,true,false,6659
2025-11-27T16:42:29.120089-08:00,write,key_842,311.76,true,false,6659
2025-11-27T16:42:29.122517-08:00,write,key_844,309.34,true,false,6660
2025-11-27T16:42:29.121002-08:00,write,key_5,310.92,true,false,6658
2025-11-27T16:42:29.431847-08:00,read,key_55,2.11,true,false,6574
2025-11-27T16:42:29.431921-08:00,read,key_409,3.92,true,false,6571
2025-11-27T16:42:29.19212-08:00,write,key_315,308.97,true,false,6661
2025-11-27T16:42:29.182399-08:00,write,key_961,318.71,true,false,6660
2025-11-27T16:42:29.178999-08:00,write,key_410,322.16,true,false,6661
2025-11-27T16:42:29.50109-08:00,read,key_963,1.61,true,false,6550
2025-11-27T16:42:29.284205-08:00,write,key_967,319.76,true,false,6659
2025-11-27T16:42:29.287335-08:00,write,key_945,316.64,true,false,6662
2025-11-27T16:42:29.603976-08:00,read,key_133,1.19,true,false,6572
2025-11-27T16:42:29.603968-08:00,read,key_500,1.20,true,false,6321
2025-11-27T16:42:29.605171-08:00,read,key_676,1.20,true,false,6612
2025-11-27T16:42:29.389487-08:00,write,key_585,312.76,true,false,6662
2025-11-27T16:42:29.702264-08:00,read,key_269,1.77,true,false,6312
2025-11-27T16:42:29.431827-08:00,write,key_609,313.53,true,false,6661
2025-11-27T16:42:29.431856-08:00,write,key_199,313.50,true,false,6663
2025-11-27T16:42:29.43396-08:00,write,key_908,311.45,true,false,6664
2025-11-27T16:42:29.43584-08:00,write,key_975,309.58,true,false,6662
2025-11-27T16:42:29.745363-08:00,read,key_239,1.33,true,false,6504
2025-11-27T16:42:29.745407-08:00,read,key_369,1.29,true,false,5311
2025-11-27T16:42:29.746697-08:00,read,key_199,1.05,true,false,6663
2025-11-27T16:42:29.747747-08:00,read,key_557,0.82,true,false,6601
2025-11-27T16:42:29.748574-08:00,read,key_826,0.69,true,false,6036
2025-11-27T16:42:29.749266-08:00,read,key_793,0.59,true,false,6653
2025-11-27T16:42:29.749855-08:00,read,key_458,0.59,true,false,6575
2025-11-27T16:42:29.750449-08:00,read,key_852,2.11,true,false,5612
2025-11-27T16:42:29.5027-08:00,write,key_604,305.21,true,false,6663
2025-11-27T16:42:29.50116-08:00,write,key_942,306.76,true,false,6662
2025-11-27T16:42:29.501111-08:00,write,key_80,307.21,true,false,6663
2025-11-27T16:42:29.808325-08:00,read,key_911,1.11,true,false,6555
2025-11-27T16:42:29.605166-08:00,write,key_93,304.82,true,false,6665
2025-11-27T16:42:29.909987-08:00,read,key_325,1.90,true,false,6475
2025-11-27T16:42:29.911888-08:00,read,key_241,0.93,true,false,6182
2025-11-27T16:42:29.606373-08:00,write,key_957,306.56,true,false,6663
2025-11-27T16:42:29.704032-08:00,write,key_125,309.14,true,false,6666
2025-11-27T16:42:30.013183-08:00,read,key_963,1.33,true,false,6550
2025-11-27T16:42:30.014518-08:00,read,key_201,2.46,true,false,6655
2025-11-27T16:42:30.016978-08:00,read,key_684,3.18,true,false,6504
2025-11-27T16:42:29.746696-08:00,write,key_414,304.12,true,false,6666
2025-11-27T16:42:29.745381-08:00,write,key_333,305.43,true,false,6665
2025-11-27T16:42:29.745424-08:00,write,key_549,305.44,true,false,6667
2025-11-27T16:42:29.752564-08:00,write,key_20,304.80,true,false,6665
2025-11-27T16:42:30.057371-08:00,read,key_415,1.61,true,false,6575
2025-11-27T16:42:29.807921-08:00,write,key_332,306.49,true,false,6667
2025-11-27T16:42:29.807912-08:00,write,key_769,306.51,true,false,6666
2025-11-27T16:42:29.809433-08:00,write,key_254,311.05,true,false,6668
2025-11-27T16:42:29.912821-08:00,write,key_638,309.59,true,false,6667
2025-11-27T16:42:29.912934-08:00,write,key_416,309.49,true,false,6669
2025-11-27T16:42:30.222421-08:00,read,key_834,1.28,true,false,6484
2025-11-27T16:42:30.020164-08:00,write,key_33,303.65,true,false,6667
2025-11-27T16:42:30.323819-08:00,read,key_832,1.05,true,false,6356
2025-11-27T16:42:30.050862-08:00,write,key_605,318.57,true,false,6671
2025-11-27T16:42:30.058978-08:00,write,key_338,310.46,true,false,6668
2025-11-27T16:42:30.050817-08:00,write,key_781,318.65,true,false,6670
2025-11-27T16:42:30.050817-08:00,write,key_338,318.66,true,false,6670
2025-11-27T16:42:30.369437-08:00,read,key_793,0.78,true,false,6653
2025-11-27T16:42:30.369473-08:00,read,key_971,0.78,true,false,6412
2025-11-27T16:42:30.370222-08:00,read,key_926,0.64,true,false,6515
2025-11-27T16:42:30.370866-08:00,read,key_12,0.53,true,false,6530
2025-11-27T16:42:30.371393-08:00,read,key_833,1.45,true,false,4801
2025-11-27T16:42:30.114419-08:00,write,key_956,311.00,true,false,6669
2025-11-27T16:42:30.120485-08:00,write,key_609,305.01,true,false,6669
2025-11-27T16:42:30.114423-08:00,write,key_481,311.12,true,false,6672
2025-11-27T16:42:30.425547-08:00,read,key_310,4.15,true,false,5098
2025-11-27T16:42:30.429696-08:00,read,key_651,0.86,true,false,6620
2025-11-27T16:42:30.430555-08:00,read,key_852,0.74,true,false,5612
2025-11-27T16:42:30.2237-08:00,write,key_890,306.01,true,false,6670
2025-11-27T16:42:30.222427-08:00,write,key_185,307.30,true,false,6673
2025-11-27T16:42:30.529717-08:00,read,key_142,1.62,true,false,6296
2025-11-27T16:42:30.531334-08:00,read,key_854,2.26,true,false,4744
2025-11-27T16:42:30.324874-08:00,write,key_223,306.58,true,false,6674
2025-11-27T16:42:30.369468-08:00,write,key_877,322.25,true,false,6675
2025-11-27T16:42:30.370251-08:00,write,key_966,321.47,true,false,6672
2025-11-27T16:42:30.36944-08:00,write,key_323,322.31,true,false,6672
2025-11-27T16:42:30.372846-08:00,write,key_942,318.92,true,false,6673
2025-11-27T16:42:30.691748-08:00,read,key_366,0.54,true,false,6642
2025-11-27T16:42:30.431296-08:00,write,key_697,309.93,true,false,6676
2025-11-27T16:42:30.425427-08:00,write,key_416,316.08,true,false,6674
2025-11-27T16:42:30.425498-08:00,write,key_0,316.20,true,false,6675
2025-11-27T16:42:30.741696-08:00,read,key_878,3.34,true,false,6496
2025-11-27T16:42:30.741508-08:00,read,key_765,3.54,true,false,6549
2025-11-27T16:42:30.745034-08:00,read,key_487,1.92,true,false,6554
2025-11-27T16:42:30.529729-08:00,write,key_81,311.06,true,false,6677
2025-11-27T16:42:30.840788-08:00,read,key_371,3.49,true,false,6303
2025-11-27T16:42:30.533593-08:00,write,key_694,310.87,true,false,6674
2025-11-27T16:42:30.844277-08:00,read,key_149,0.66,true,false,6067
2025-11-27T16:42:30.631465-08:00,write,key_999,305.61,true,false,6675
2025-11-27T16:42:30.937082-08:00,read,key_348,1.61,true,false,6476
2025-11-27T16:42:30.69172-08:00,write,key_704,312.78,true,false,6678
2025-11-27T16:42:30.692285-08:00,write,key_469,312.22,true,false,6676
2025-11-27T16:42:30.691764-08:00,write,key_386,312.74,true,false,6678
2025-11-27T16:42:30.69172-08:00,write,key_56,312.82,true,false,6676
2025-11-27T16:42:31.004509-08:00,read,key_453,1.43,true,false,5252
2025-11-27T16:42:31.004542-08:00,read,key_102,2.25,true,false,6567
2025-11-27T16:42:30.741231-08:00,write,key_949,306.17,true,false,6679
2025-11-27T16:42:31.047401-08:00,read,key_844,2.88,true,false,6660
2025-11-27T16:42:30.746951-08:00,write,key_807,305.78,true,false,6679
2025-11-27T16:42:30.745044-08:00,write,key_945,307.69,true,false,6680
2025-11-27T16:42:31.05273-08:00,read,key_138,0.82,true,false,6581
2025-11-27T16:42:31.053555-08:00,read,key_596,0.66,true,false,6107
2025-11-27T16:42:30.844938-08:00,write,key_92,318.69,true,false,6678
2025-11-27T16:42:30.844462-08:00,write,key_731,319.52,true,false,6678
2025-11-27T16:42:30.93869-08:00,write,key_858,326.52,true,false,6678
2025-11-27T16:42:31.265212-08:00,read,key_50,0.62,true,false,6389
2025-11-27T16:42:31.265836-08:00,read,key_222,0.37,true,false,6647
2025-11-27T16:42:31.005936-08:00,write,key_237,333.44,true,false,6681
2025-11-27T16:42:31.006788-08:00,write,key_974,333.40,true,false,6682
2025-11-27T16:42:31.004499-08:00,write,key_388,335.83,true,false,6679
2025-11-27T16:42:31.004502-08:00,write,key_787,335.93,true,false,6679
2025-11-27T16:42:31.339383-08:00,read,key_526,3.91,true,false,6187
2025-11-27T16:42:31.340329-08:00,read,key_765,6.25,true,false,6549
2025-11-27T16:42:31.346578-08:00,read,key_766,2.25,true,false,6632
2025-11-27T16:42:31.050283-08:00,write,key_514,305.63,true,false,6681
2025-11-27T16:42:31.052736-08:00,write,key_326,303.28,true,false,6682
2025-11-27T16:42:31.355916-08:00,read,key_136,2.02,true,false,5283
2025-11-27T16:42:31.054218-08:00,write,key_161,303.75,true,false,6683
2025-11-27T16:42:31.356012-08:00,read,key_951,2.03,true,false,6638
2025-11-27T16:42:31.163632-08:00,write,key_462,304.28,true,false,6681
2025-11-27T16:42:31.163984-08:00,write,key_646,304.85,true,false,6681
2025-11-27T16:42:31.468835-08:00,read,key_17,1.91,true,false,6029
2025-11-27T16:42:31.467918-08:00,read,key_329,2.84,true,false,6626
2025-11-27T16:42:31.266204-08:00,write,key_804,303.69,true,false,6681
2025-11-27T16:42:31.569904-08:00,read,key_484,0.96,true,false,6563
2025-11-27T16:42:31.570869-08:00,read,key_530,1.03,true,false,6611
2025-11-27T16:42:31.571897-08:00,read,key_403,1.05,true,false,6248
2025-11-27T16:42:31.348834-08:00,write,key_489,306.83,true,false,6685
2025-11-27T16:42:31.340193-08:00,write,key_903,315.49,true,false,6683
2025-11-27T16:42:31.340435-08:00,write,key_793,315.25,true,false,6684
2025-11-27T16:42:31.343291-08:00,write,key_470,312.40,true,false,6684
2025-11-27T16:42:31.655687-08:00,read,key_969,2.35,true,false,6643
2025-11-27T16:42:31.655673-08:00,read,key_838,2.37,true,false,5643
2025-11-27T16:42:31.655684-08:00,read,key_232,6.51,true,false,6026
2025-11-27T16:42:31.357967-08:00,write,key_363,306.25,true,false,6687
2025-11-27T16:42:31.358047-08:00,write,key_260,306.17,true,false,6686
2025-11-27T16:42:31.357943-08:00,write,key_223,306.41,true,false,6688
2025-11-27T16:42:31.664217-08:00,read,key_533,0.98,true,false,6331
2025-11-27T16:42:31.470748-08:00,write,key_232,304.25,true,false,6684
2025-11-27T16:42:31.470757-08:00,write,key_855,304.27,true,false,6689
2025-11-27T16:42:31.775032-08:00,read,key_848,1.39,true,false,6522
2025-11-27T16:42:31.776421-08:00,read,key_735,3.29,true,false,5932
2025-11-27T16:42:31.779715-08:00,read,key_330,0.68,true,false,6478
2025-11-27T16:42:31.572944-08:00,write,key_86,305.36,true,false,6685
2025-11-27T16:42:31.878306-08:00,read,key_66,0.62,true,false,6299
2025-11-27T16:42:31.878923-08:00,read,key_751,0.77,true,false,6578
2025-11-27T16:42:31.658043-08:00,write,key_828,331.68,true,false,6689
2025-11-27T16:42:31.658042-08:00,write,key_944,331.71,true,false,6686
2025-11-27T16:42:31.655699-08:00,write,key_81,334.72,true,false,6686
2025-11-27T16:42:31.664357-08:00,write,key_269,326.07,true,false,6689
2025-11-27T16:42:31.662201-08:00,write,key_227,328.27,true,false,6688
2025-11-27T16:42:31.664219-08:00,write,key_765,326.31,true,false,6690
2025-11-27T16:42:31.6652-08:00,write,key_462,325.38,true,false,6690
2025-11-27T16:42:31.989728-08:00,read,key_555,1.16,true,false,5521
2025-11-27T16:42:31.990423-08:00,read,key_925,0.48,true,false,6630
2025-11-27T16:42:31.990422-08:00,read,key_221,0.56,true,false,6246
2025-11-27T16:42:31.990886-08:00,read,key_637,0.32,true,false,6192
2025-11-27T16:42:31.780401-08:00,write,key_593,310.08,true,false,6691
2025-11-27T16:42:31.774997-08:00,write,key_111,320.70,true,false,6690
2025-11-27T16:42:31.87969-08:00,write,key_346,315.83,true,false,6691
2025-11-27T16:42:31.990905-08:00,write,key_602,305.50,true,false,6692
2025-11-27T16:42:31.990474-08:00,write,key_82,305.93,true,false,6691
2025-11-27T16:42:31.991203-08:00,write,key_420,305.21,true,false,6692
2025-11-27T16:42:31.989749-08:00,write,key_328,306.69,true,false,6691
2025-11-27T16:42:31.990981-08:00,write,key_660,305.47,true,false,6692
2025-11-27T16:42:32.29644-08:00,read,key_738,2.20,true,false,6018
2025-11-27T16:42:32.296436-08:00,read,key_949,2.40,true,false,6679
2025-11-27T16:42:31.99058-08:00,write,key_237,309.20,true,false,6692
2025-11-27T16:42:31.990526-08:00,write,key_54,309.26,true,false,6693
2025-11-27T16:42:32.296408-08:00,read,key_959,3.44,true,false,5994
2025-11-27T16:42:32.090486-08:00,write,key_262,310.29,true,false,6693
2025-11-27T16:42:32.095703-08:00,write,key_117,305.08,true,false,6694
2025-11-27T16:42:32.400775-08:00,read,key_928,0.80,true,false,4602
2025-11-27T16:42:32.195524-08:00,write,key_65,309.69,true,false,6693
2025-11-27T16:42:32.299787-08:00,write,key_754,304.64,true,false,6695
2025-11-27T16:42:32.604442-08:00,read,key_688,1.26,true,false,6628
2025-11-27T16:42:32.299778-08:00,write,key_662,306.51,true,false,6694
2025-11-27T16:42:32.298645-08:00,write,key_682,307.72,true,false,6696
2025-11-27T16:42:32.298833-08:00,write,key_28,307.53,true,false,6694
2025-11-27T16:42:32.299845-08:00,write,key_810,306.69,true,false,6695
2025-11-27T16:42:32.606361-08:00,read,key_679,1.47,true,false,6554
2025-11-27T16:42:32.605706-08:00,read,key_411,2.15,true,false,6471
2025-11-27T16:42:32.296409-08:00,write,key_900,311.77,true,false,6696
2025-11-27T16:42:32.296451-08:00,write,key_362,311.74,true,false,6695
2025-11-27T16:42:32.607851-08:00,read,key_666,1.10,true,false,5819
2025-11-27T16:42:32.401578-08:00,write,key_905,303.75,true,false,6695
2025-11-27T16:42:32.400785-08:00,write,key_956,304.75,true,false,6696
2025-11-27T16:42:32.705358-08:00,read,key_261,1.40,true,false,6113
2025-11-27T16:42:32.706761-08:00,read,key_687,0.66,true,false,6346
2025-11-27T16:42:32.705537-08:00,read,key_480,1.99,true,false,6579
2025-11-27T16:42:32.707527-08:00,read,key_373,0.78,true,false,6376
2025-11-27T16:42:32.708311-08:00,read,key_561,0.81,true,false,6588
2025-11-27T16:42:32.70912-08:00,read,key_957,2.52,true,false,6663
2025-11-27T16:42:32.505219-08:00,write,key_489,308.71,true,false,6697
2025-11-27T16:42:32.813928-08:00,read,key_341,0.87,true,false,6490
2025-11-27T16:42:32.814797-08:00,read,key_976,0.57,true,false,6577
2025-11-27T16:42:32.60783-08:00,write,key_221,308.28,true,false,6698
2025-11-27T16:42:32.608191-08:00,write,key_30,308.72,true,false,6699
2025-11-27T16:42:32.608176-08:00,write,key_843,308.74,true,false,6698
2025-11-27T16:42:32.606534-08:00,write,key_773,310.85,true,false,6697
2025-11-27T16:42:32.606362-08:00,write,key_54,311.09,true,false,6698
2025-11-27T16:42:32.608947-08:00,write,key_142,308.55,true,false,6699
2025-11-27T16:42:32.606286-08:00,write,key_469,313.03,true,false,6697
2025-11-27T16:42:32.916116-08:00,read,key_408,5.10,true,false,6111
2025-11-27T16:42:32.707421-08:00,write,key_511,309.29,true,false,6697
2025-11-27T16:42:32.711641-08:00,write,key_537,306.01,true,false,6700
2025-11-27T16:42:33.016721-08:00,read,key_659,1.93,true,false,6209
2025-11-27T16:42:33.017653-08:00,read,key_805,2.47,true,false,6125
2025-11-27T16:42:33.020124-08:00,read,key_19,2.12,true,false,6588
2025-11-27T16:42:33.022242-08:00,read,key_856,0.56,true,false,6650
2025-11-27T16:42:32.815368-08:00,write,key_301,305.66,true,false,6700
2025-11-27T16:42:33.121027-08:00,read,key_515,1.67,true,false,6494
2025-11-27T16:42:32.917493-08:00,write,key_488,316.54,true,false,6701
2025-11-27T16:42:32.919317-08:00,write,key_87,315.07,true,false,6701
2025-11-27T16:42:32.917457-08:00,write,key_959,316.95,true,false,6701
2025-11-27T16:42:32.92122-08:00,write,key_807,313.23,true,false,6702
2025-11-27T16:42:32.916913-08:00,write,key_331,317.55,true,false,6700
2025-11-27T16:42:32.916914-08:00,write,key_237,317.57,true,false,6701
2025-11-27T16:42:32.917388-08:00,write,key_969,317.10,true,false,6700
2025-11-27T16:42:33.234032-08:00,read,key_268,0.52,true,false,6273
2025-11-27T16:42:33.23448-08:00,read,key_799,0.34,true,false,6631
2025-11-27T16:42:33.234407-08:00,read,key_563,0.45,true,false,6627
2025-11-27T16:42:33.23455-08:00,read,key_855,0.38,true,false,6689
2025-11-27T16:42:33.234817-08:00,read,key_742,0.25,true,false,6616
2025-11-27T16:42:33.234927-08:00,read,key_857,0.25,true,false,6578
2025-11-27T16:42:33.234463-08:00,read,key_552,0.77,true,false,6301
2025-11-27T16:42:33.022803-08:00,write,key_114,313.95,true,false,6702
2025-11-27T16:42:33.018652-08:00,write,key_235,318.13,true,false,6701
2025-11-27T16:42:33.122693-08:00,write,key_488,308.72,true,false,6703
2025-11-27T16:42:33.234485-08:00,write,key_131,304.11,true,false,6703
2025-11-27T16:42:33.23486-08:00,write,key_83,305.30,true,false,6705
2025-11-27T16:42:33.234446-08:00,write,key_699,305.76,true,false,6704
2025-11-27T16:42:33.235232-08:00,write,key_323,305.08,true,false,6704
2025-11-27T16:42:33.234389-08:00,write,key_21,305.96,true,false,6703
2025-11-27T16:42:33.235174-08:00,write,key_813,305.39,true,false,6704
2025-11-27T16:42:33.235116-08:00,write,key_313,305.57,true,false,6703
2025-11-27T16:42:33.540163-08:00,read,key_944,2.57,true,false,6686
2025-11-27T16:42:33.54059-08:00,read,key_38,2.72,true,false,6657
2025-11-27T16:42:33.540211-08:00,read,key_608,3.10,true,false,2306
2025-11-27T16:42:33.543314-08:00,read,key_947,1.14,true,false,6598
2025-11-27T16:42:33.540353-08:00,read,key_425,4.11,true,false,6194
2025-11-27T16:42:33.543313-08:00,read,key_961,1.22,true,false,6660
2025-11-27T16:42:33.544453-08:00,read,key_961,0.78,true,false,6660
2025-11-27T16:42:33.544459-08:00,read,key_564,0.79,true,false,6655
2025-11-27T16:42:33.544536-08:00,read,key_269,0.73,true,false,6689
2025-11-27T16:42:33.545268-08:00,read,key_847,0.63,true,false,6493
2025-11-27T16:42:33.545234-08:00,read,key_885,0.75,true,false,6371
2025-11-27T16:42:33.336754-08:00,write,key_440,304.28,true,false,6706
2025-11-27T16:42:33.336786-08:00,write,key_459,307.55,true,false,6704
2025-11-27T16:42:33.431423-08:00,write,key_377,310.60,true,false,6705
2025-11-27T16:42:33.540687-08:00,write,key_306,310.86,true,false,6706
2025-11-27T16:42:33.54031-08:00,write,key_240,311.25,true,false,6706
2025-11-27T16:42:33.538599-08:00,write,key_416,313.94,true,false,6707
2025-11-27T16:42:33.542738-08:00,write,key_976,309.90,true,false,6706
2025-11-27T16:42:33.545981-08:00,write,key_432,306.87,true,false,6708
2025-11-27T16:42:33.545894-08:00,write,key_233,307.11,true,false,6707
2025-11-27T16:42:33.545252-08:00,write,key_944,307.81,true,false,6707
2025-11-27T16:42:33.852638-08:00,read,key_756,3.44,true,false,5258
2025-11-27T16:42:33.851557-08:00,read,key_648,4.53,true,false,6540
2025-11-27T16:42:33.852543-08:00,read,key_329,3.56,true,false,6626
2025-11-27T16:42:33.856079-08:00,read,key_937,1.33,true,false,6399
2025-11-27T16:42:33.856104-08:00,read,key_534,1.33,true,false,6431
2025-11-27T16:42:33.853004-08:00,read,key_247,4.44,true,false,6104
2025-11-27T16:42:33.856093-08:00,read,key_670,1.38,true,false,5081
2025-11-27T16:42:33.857471-08:00,read,key_325,0.85,true,false,6475
2025-11-27T16:42:33.857449-08:00,read,key_327,0.87,true,false,6587
2025-11-27T16:42:33.857438-08:00,read,key_695,0.89,true,false,5986
2025-11-27T16:42:33.644342-08:00,write,key_963,310.64,true,false,6707
2025-11-27T16:42:33.641033-08:00,write,key_649,313.96,true,false,6709
2025-11-27T16:42:33.742024-08:00,write,key_609,311.37,true,false,6707
2025-11-27T16:42:34.053394-08:00,read,key_454,4.22,true,false,6249
2025-11-27T16:42:33.858329-08:00,write,key_671,305.94,true,false,6710
2025-11-27T16:42:33.852855-08:00,write,key_483,311.43,true,false,6709
2025-11-27T16:42:33.858321-08:00,write,key_477,305.96,true,false,6710
2025-11-27T16:42:33.853059-08:00,write,key_226,311.25,true,false,6710
2025-11-27T16:42:33.858321-08:00,write,key_451,306.08,true,false,6710
2025-11-27T16:42:33.857409-08:00,write,key_228,306.99,true,false,6709
2025-11-27T16:42:33.851548-08:00,write,key_590,313.15,true,false,6709
2025-11-27T16:42:34.164274-08:00,read,key_204,2.60,true,false,6338
2025-11-27T16:42:34.164312-08:00,read,key_950,2.58,true,false,6576
2025-11-27T16:42:34.164286-08:00,read,key_553,2.61,true,false,6505
2025-11-27T16:42:34.164401-08:00,read,key_608,2.53,true,false,2306
2025-11-27T16:42:34.166899-08:00,read,key_913,2.33,true,false,6525
2025-11-27T16:42:34.1644-08:00,read,key_241,4.84,true,false,6182
2025-11-27T16:42:34.16688-08:00,read,key_954,2.38,true,false,6541
2025-11-27T16:42:34.169238-08:00,read,key_23,0.84,true,false,6610
2025-11-27T16:42:34.169234-08:00,read,key_411,0.85,true,false,6471
2025-11-27T16:42:34.169265-08:00,read,key_661,0.82,true,false,6144
2025-11-27T16:42:34.170086-08:00,read,key_854,0.78,true,false,4744
2025-11-27T16:42:33.954989-08:00,write,key_755,310.28,true,false,6711
2025-11-27T16:42:33.95499-08:00,write,key_826,310.28,true,false,6711
2025-11-27T16:42:34.265269-08:00,read,key_460,1.33,true,false,6207
2025-11-27T16:42:34.057612-08:00,write,key_485,307.66,true,false,6712
2025-11-27T16:42:34.365273-08:00,read,key_19,0.52,true,false,6588
2025-11-27T16:42:34.166897-08:00,write,key_728,306.42,true,false,6711
2025-11-27T16:42:34.164285-08:00,write,key_220,309.05,true,false,6712
2025-11-27T16:42:34.170076-08:00,write,key_820,303.26,true,false,6712
2025-11-27T16:42:34.164696-08:00,write,key_679,308.64,true,false,6711
2025-11-27T16:42:34.166934-08:00,write,key_790,306.49,true,false,6712
2025-11-27T16:42:34.170865-08:00,write,key_895,302.57,true,false,6713
2025-11-27T16:42:34.17009-08:00,write,key_634,303.40,true,false,6713
2025-11-27T16:42:34.473434-08:00,read,key_958,2.78,true,false,6562
2025-11-27T16:42:34.473337-08:00,read,key_143,3.02,true,false,5933
2025-11-27T16:42:34.473322-08:00,read,key_501,3.74,true,false,6641
2025-11-27T16:42:34.47706-08:00,read,key_485,1.24,true,false,6712
2025-11-27T16:42:34.476215-08:00,read,key_313,2.10,true,false,6703
2025-11-27T16:42:34.476359-08:00,read,key_820,1.95,true,false,6712
2025-11-27T16:42:34.478312-08:00,read,key_462,1.04,true,false,6690
2025-11-27T16:42:34.478306-08:00,read,key_845,1.05,true,false,6566
2025-11-27T16:42:34.478313-08:00,read,key_515,1.07,true,false,6494
2025-11-27T16:42:34.479388-08:00,read,key_963,2.25,true,false,6707
2025-11-27T16:42:34.266599-08:00,write,key_349,308.19,true,false,6713
2025-11-27T16:42:34.26527-08:00,write,key_926,309.52,true,false,6713
2025-11-27T16:42:34.574792-08:00,read,key_412,1.37,true,false,6630
2025-11-27T16:42:34.365792-08:00,write,key_995,315.03,true,false,6714
2025-11-27T16:42:34.47342-08:00,write,key_847,307.52,true,false,6714
2025-11-27T16:42:34.473339-08:00,write,key_410,307.61,true,false,6715
2025-11-27T16:42:34.473332-08:00,write,key_24,307.64,true,false,6715
2025-11-27T16:42:34.473492-08:00,write,key_917,309.40,true,false,6716
2025-11-27T16:42:34.479355-08:00,write,key_318,303.58,true,false,6716
2025-11-27T16:42:34.780947-08:00,read,key_333,2.24,true,false,6665
2025-11-27T16:42:34.479353-08:00,write,key_11,303.85,true,false,6714
2025-11-27T16:42:34.78097-08:00,read,key_238,2.29,true,false,6629
2025-11-27T16:42:34.782941-08:00,read,key_700,0.45,true,false,6212
2025-11-27T16:42:34.782889-08:00,read,key_941,0.79,true,false,6632
2025-11-27T16:42:34.783186-08:00,read,key_483,0.50,true,false,6709
2025-11-27T16:42:34.783205-08:00,read,key_548,0.58,true,false,5135
2025-11-27T16:42:34.78368-08:00,read,key_470,1.26,true,false,6684
2025-11-27T16:42:34.48164-08:00,write,key_463,304.03,true,false,6715
2025-11-27T16:42:34.574792-08:00,write,key_809,305.04,true,false,6715
2025-11-27T16:42:34.879833-08:00,read,key_875,0.71,true,false,5960
2025-11-27T16:42:34.576165-08:00,write,key_64,306.65,true,false,6716
2025-11-27T16:42:34.680828-08:00,write,key_360,307.09,true,false,6717
2025-11-27T16:42:34.987926-08:00,read,key_84,1.03,true,false,6595
2025-11-27T16:42:34.783682-08:00,write,key_265,307.01,true,false,6717
2025-11-27T16:42:34.783783-08:00,write,key_403,306.91,true,false,6718
2025-11-27T16:42:34.784944-08:00,write,key_348,305.76,true,false,6719
2025-11-27T16:42:34.780952-08:00,write,key_959,309.77,true,false,6717
2025-11-27T16:42:34.785668-08:00,write,key_755,305.17,true,false,6718
2025-11-27T16:42:34.783263-08:00,write,key_85,307.67,true,false,6719
2025-11-27T16:42:34.783393-08:00,write,key_855,308.50,true,false,6718
2025-11-27T16:42:35.091893-08:00,read,key_322,2.09,true,false,5987
2025-11-27T16:42:35.090723-08:00,read,key_886,3.26,true,false,6517
2025-11-27T16:42:35.090702-08:00,read,key_844,3.29,true,false,6660
2025-11-27T16:42:35.093987-08:00,read,key_560,1.46,true,false,5775
2025-11-27T16:42:35.093989-08:00,read,key_805,1.46,true,false,6125
2025-11-27T16:42:34.880549-08:00,write,key_767,310.88,true,false,6720
2025-11-27T16:42:34.882815-08:00,write,key_852,308.65,true,false,6717
2025-11-27T16:42:35.191432-08:00,read,key_94,0.96,true,false,5897
2025-11-27T16:42:35.192397-08:00,read,key_140,2.68,true,false,6505
2025-11-27T16:42:35.195082-08:00,read,key_512,0.63,true,false,6640
2025-11-27T16:42:34.988954-08:00,write,key_938,307.46,true,false,6721
2025-11-27T16:42:35.090691-08:00,write,key_511,307.29,true,false,6720
2025-11-27T16:42:35.093987-08:00,write,key_386,303.99,true,false,6720
2025-11-27T16:42:35.09069-08:00,write,key_307,307.31,true,false,6722
2025-11-27T16:42:35.095453-08:00,write,key_237,302.86,true,false,6721
2025-11-27T16:42:35.090837-08:00,write,key_683,307.64,true,false,6720
2025-11-27T16:42:35.095453-08:00,write,key_904,304.75,true,false,6723
2025-11-27T16:42:35.090932-08:00,write,key_420,309.34,true,false,6722
2025-11-27T16:42:35.398005-08:00,read,key_648,2.39,true,false,6540
2025-11-27T16:42:35.398481-08:00,read,key_957,4.19,true,false,6663
2025-11-27T16:42:35.400209-08:00,read,key_482,3.05,true,false,6583
2025-11-27T16:42:35.403259-08:00,read,key_136,1.64,true,false,5283
2025-11-27T16:42:35.195716-08:00,write,key_818,303.90,true,false,6722
2025-11-27T16:42:35.191464-08:00,write,key_650,308.18,true,false,6723
2025-11-27T16:42:35.499649-08:00,read,key_936,0.75,true,false,5346
2025-11-27T16:42:35.500399-08:00,read,key_13,0.86,true,false,6055
2025-11-27T16:42:35.296422-08:00,write,key_641,306.24,true,false,6722
2025-11-27T16:42:35.602663-08:00,read,key_237,0.46,true,false,6721
2025-11-27T16:42:35.603126-08:00,read,key_410,0.74,true,false,6715
2025-11-27T16:42:35.603868-08:00,read,key_682,0.60,true,false,6696
2025-11-27T16:42:35.604465-08:00,read,key_230,0.53,true,false,6615
2025-11-27T16:42:35.604997-08:00,read,key_857,0.75,true,false,6578
2025-11-27T16:42:35.397982-08:00,write,key_818,307.20,true,false,6724
2025-11-27T16:42:35.397998-08:00,write,key_516,307.20,true,false,6724
2025-11-27T16:42:35.400394-08:00,write,key_149,304.84,true,false,6724
2025-11-27T16:42:35.705234-08:00,read,key_337,1.18,true,false,6470
2025-11-27T16:42:35.705203-08:00,read,key_466,1.32,true,false,5745
2025-11-27T16:42:35.404898-08:00,write,key_486,303.97,true,false,6726
2025-11-27T16:42:35.402669-08:00,write,key_814,306.22,true,false,6724
2025-11-27T16:42:35.706412-08:00,read,key_913,2.49,true,false,6525
2025-11-27T16:42:35.400272-08:00,write,key_483,308.78,true,false,6725
2025-11-27T16:42:35.398319-08:00,write,key_940,310.73,true,false,6724
2025-11-27T16:42:35.706526-08:00,read,key_453,4.95,true,false,5252
2025-11-27T16:42:35.7089-08:00,read,key_837,2.66,true,false,6491
2025-11-27T16:42:35.709051-08:00,read,key_93,3.70,true,false,6665
2025-11-27T16:42:35.712752-08:00,read,key_963,0.52,true,false,6707
2025-11-27T16:42:35.713277-08:00,read,key_829,0.58,true,false,6153
2025-11-27T16:42:35.71386-08:00,read,key_142,1.41,true,false,6699
2025-11-27T16:42:35.501264-08:00,write,key_484,304.44,true,false,6726
2025-11-27T16:42:35.499621-08:00,write,key_889,306.13,true,false,6725
2025-11-27T16:42:35.605751-08:00,write,key_234,302.21,true,false,6727
2025-11-27T16:42:35.705181-08:00,write,key_859,305.86,true,false,6725
2025-11-27T16:42:36.01104-08:00,read,key_222,0.71,true,false,6647
2025-11-27T16:42:35.708869-08:00,write,key_754,305.65,true,false,6727
2025-11-27T16:42:35.70889-08:00,write,key_759,305.63,true,false,6728
2025-11-27T16:42:35.711562-08:00,write,key_89,303.30,true,false,6727
2025-11-27T16:42:35.709049-08:00,write,key_233,305.84,true,false,6728
2025-11-27T16:42:35.71148-08:00,write,key_139,304.21,true,false,6729
2025-11-27T16:42:36.014525-08:00,read,key_261,1.62,true,false,6113
2025-11-27T16:42:36.016148-08:00,read,key_381,0.93,true,false,6633
2025-11-27T16:42:36.014861-08:00,read,key_86,2.74,true,false,6685
2025-11-27T16:42:36.01708-08:00,read,key_201,1.78,true,false,6655
2025-11-27T16:42:35.715267-08:00,write,key_562,303.63,true,false,6730
2025-11-27T16:42:36.017602-08:00,read,key_363,1.30,true,false,6687
2025-11-27T16:42:36.018861-08:00,read,key_486,0.71,true,false,6726
2025-11-27T16:42:35.805709-08:00,write,key_637,307.84,true,false,6728
2025-11-27T16:42:35.80575-08:00,write,key_889,307.95,true,false,6731
2025-11-27T16:42:36.113704-08:00,read,key_364,3.80,true,false,6617
2025-11-27T16:42:35.907965-08:00,write,key_326,307.62,true,false,6728
2025-11-27T16:42:36.011752-08:00,write,key_825,309.90,true,false,6732
2025-11-27T16:42:36.015692-08:00,write,key_221,305.97,true,false,6732
2025-11-27T16:42:36.014893-08:00,write,key_835,306.78,true,false,6733
2025-11-27T16:42:36.014522-08:00,write,key_849,307.18,true,false,6730
2025-11-27T16:42:36.32167-08:00,read,key_502,2.29,true,false,5511
2025-11-27T16:42:36.321665-08:00,read,key_81,2.30,true,false,6686
2025-11-27T16:42:36.018893-08:00,write,key_221,305.08,true,false,6731
2025-11-27T16:42:36.018902-08:00,write,key_514,305.07,true,false,6731
2025-11-27T16:42:36.323968-08:00,read,key_679,1.13,true,false,6711
2025-11-27T16:42:36.3251-08:00,read,key_969,0.74,true,false,6700
2025-11-27T16:42:36.019574-08:00,write,key_675,306.33,true,false,6734
2025-11-27T16:42:36.117509-08:00,write,key_665,306.19,true,false,6736
2025-11-27T16:42:36.113551-08:00,write,key_28,310.16,true,false,6735
2025-11-27T16:42:36.423699-08:00,read,key_969,1.32,true,false,6700
2025-11-27T16:42:36.423707-08:00,read,key_412,1.31,true,false,6630
2025-11-27T16:42:36.425023-08:00,read,key_482,1.39,true,false,6583
2025-11-27T16:42:36.425017-08:00,read,key_320,4.03,true,false,6038
2025-11-27T16:42:36.426415-08:00,read,key_200,2.68,true,false,6369
2025-11-27T16:42:36.429092-08:00,read,key_914,2.37,true,false,6326
2025-11-27T16:42:36.43146-08:00,read,key_593,0.73,true,false,6691
2025-11-27T16:42:36.215591-08:00,write,key_483,308.45,true,false,6735
2025-11-27T16:42:36.3217-08:00,write,key_237,309.10,true,false,6734
2025-11-27T16:42:36.323963-08:00,write,key_562,307.10,true,false,6735
2025-11-27T16:42:36.321654-08:00,write,key_445,309.45,true,false,6734
2025-11-27T16:42:36.323972-08:00,write,key_951,307.17,true,false,6737
2025-11-27T16:42:36.32591-08:00,write,key_32,305.41,true,false,6738
2025-11-27T16:42:36.325839-08:00,write,key_609,305.56,true,false,6736
2025-11-27T16:42:36.323969-08:00,write,key_402,307.50,true,false,6735
2025-11-27T16:42:36.631106-08:00,read,key_46,2.91,true,false,6424
2025-11-27T16:42:36.429048-08:00,write,key_765,307.68,true,false,6739
2025-11-27T16:42:36.736731-08:00,read,key_438,1.21,true,false,4528
2025-11-27T16:42:36.432193-08:00,write,key_231,305.84,true,false,6737
2025-11-27T16:42:36.738034-08:00,read,key_844,1.00,true,false,6660
2025-11-27T16:42:36.739038-08:00,read,key_459,0.73,true,false,6704
2025-11-27T16:42:36.739767-08:00,read,key_943,0.69,true,false,5998
2025-11-27T16:42:36.740459-08:00,read,key_536,1.09,true,false,6199
2025-11-27T16:42:36.741553-08:00,read,key_367,0.75,true,false,6612
2025-11-27T16:42:36.742306-08:00,read,key_99,2.67,true,false,6584
2025-11-27T16:42:36.524048-08:00,write,key_687,309.22,true,false,6737
2025-11-27T16:42:36.631474-08:00,write,key_656,310.73,true,false,6740
2025-11-27T16:42:36.631396-08:00,write,key_246,310.82,true,false,6739
2025-11-27T16:42:36.631319-08:00,write,key_756,310.90,true,false,6739
2025-11-27T16:42:36.631139-08:00,write,key_81,312.35,true,false,6739
2025-11-27T16:42:36.630806-08:00,write,key_926,313.64,true,false,6740
2025-11-27T16:42:36.634014-08:00,write,key_304,311.07,true,false,6740
2025-11-27T16:42:36.631066-08:00,write,key_944,314.12,true,false,6740
2025-11-27T16:42:36.942222-08:00,read,key_843,6.62,true,false,6698
2025-11-27T16:42:36.948841-08:00,read,key_556,1.32,true,false,6487
2025-11-27T16:42:36.944445-08:00,read,key_897,5.73,true,false,6350
2025-11-27T16:42:36.950159-08:00,read,key_747,2.39,true,false,6077
2025-11-27T16:42:36.737948-08:00,write,key_734,309.82,true,false,6741
2025-11-27T16:42:36.744982-08:00,write,key_951,303.88,true,false,6741
2025-11-27T16:42:37.047774-08:00,read,key_999,1.85,true,false,6675
2025-11-27T16:42:37.048865-08:00,read,key_459,2.27,true,false,6704
2025-11-27T16:42:37.049624-08:00,read,key_420,1.82,true,false,6722
2025-11-27T16:42:36.833272-08:00,write,key_745,316.46,true,false,6742
2025-11-27T16:42:36.945191-08:00,write,key_64,313.33,true,false,6743
2025-11-27T16:42:36.945081-08:00,write,key_133,313.45,true,false,6742
2025-11-27T16:42:36.942204-08:00,write,key_519,316.45,true,false,6741
2025-11-27T16:42:36.952546-08:00,write,key_676,306.53,true,false,6744
2025-11-27T16:42:36.943528-08:00,write,key_840,317.21,true,false,6743
2025-11-27T16:42:36.942213-08:00,write,key_25,318.54,true,false,6742
2025-11-27T16:42:36.950173-08:00,write,key_839,310.59,true,false,6744
2025-11-27T16:42:37.260753-08:00,read,key_301,2.36,true,false,6700
2025-11-27T16:42:37.260759-08:00,read,key_641,3.75,true,false,6722
2025-11-27T16:42:37.25866-08:00,read,key_553,5.85,true,false,6505
2025-11-27T16:42:37.264508-08:00,read,key_689,0.63,true,false,6593
2025-11-27T16:42:37.265138-08:00,read,key_85,1.11,true,false,6719
2025-11-27T16:42:37.26625-08:00,read,key_922,0.54,true,false,6195
2025-11-27T16:42:37.266788-08:00,read,key_673,0.47,true,false,6350
2025-11-27T16:42:37.267261-08:00,read,key_10,0.56,true,false,6568
2025-11-27T16:42:37.051441-08:00,write,key_924,310.84,true,false,6744
2025-11-27T16:42:37.051136-08:00,write,key_19,311.20,true,false,6743
2025-11-27T16:42:37.362284-08:00,read,key_602,1.59,true,false,6692
2025-11-27T16:42:37.362334-08:00,read,key_724,1.55,true,false,5547
2025-11-27T16:42:37.149737-08:00,write,key_434,309.29,true,false,6743
2025-11-27T16:42:37.260737-08:00,write,key_23,308.62,true,false,6745
2025-11-27T16:42:37.258524-08:00,write,key_61,310.86,true,false,6745
2025-11-27T16:42:37.264507-08:00,write,key_370,304.88,true,false,6746
2025-11-27T16:42:37.263114-08:00,write,key_638,306.29,true,false,6745
2025-11-27T16:42:37.259077-08:00,write,key_963,310.37,true,false,6745
2025-11-27T16:42:37.258529-08:00,write,key_388,310.94,true,false,6745
2025-11-27T16:42:37.569388-08:00,read,key_682,2.28,true,false,6696
2025-11-27T16:42:37.571669-08:00,read,key_762,0.74,true,false,5980
2025-11-27T16:42:37.569447-08:00,read,key_402,2.98,true,false,6735
2025-11-27T16:42:37.572406-08:00,read,key_466,0.68,true,false,5745
2025-11-27T16:42:37.573092-08:00,read,key_420,0.67,true,false,6722
2025-11-27T16:42:37.573759-08:00,read,key_858,0.60,true,false,6678
2025-11-27T16:42:37.267821-08:00,write,key_413,310.08,true,false,6747
2025-11-27T16:42:37.577904-08:00,read,key_316,0.57,true,false,6530
2025-11-27T16:42:37.363882-08:00,write,key_612,305.94,true,false,6746
2025-11-27T16:42:37.363913-08:00,write,key_940,305.90,true,false,6746
2025-11-27T16:42:37.459029-08:00,write,key_337,312.72,true,false,6747
2025-11-27T16:42:37.771758-08:00,read,key_343,2.64,true,false,6221
2025-11-27T16:42:37.774401-08:00,read,key_25,3.36,true,false,6742
2025-11-27T16:42:37.569473-08:00,write,key_605,309.29,true,false,6749
2025-11-27T16:42:37.569381-08:00,write,key_966,309.39,true,false,6748
2025-11-27T16:42:37.569408-08:00,write,key_534,309.38,true,false,6748
2025-11-27T16:42:37.569384-08:00,write,key_99,309.45,true,false,6748
2025-11-27T16:42:37.57436-08:00,write,key_762,307.12,true,false,6751
2025-11-27T16:42:37.57848-08:00,write,key_978,303.00,true,false,6748
2025-11-27T16:42:37.572425-08:00,write,key_511,309.11,true,false,6750
2025-11-27T16:42:37.88148-08:00,read,key_203,1.45,true,false,6588
2025-11-27T16:42:37.88154-08:00,read,key_554,1.40,true,false,6406
2025-11-27T16:42:37.882934-08:00,read,key_755,0.93,true,false,6718
2025-11-27T16:42:37.881479-08:00,read,key_132,3.98,true,false,6599
2025-11-27T16:42:37.885457-08:00,read,key_885,0.94,true,false,6371
2025-11-27T16:42:37.669829-08:00,write,key_419,314.72,true,false,6749
2025-11-27T16:42:37.669821-08:00,write,key_366,315.00,true,false,6748
2025-11-27T16:42:37.984553-08:00,read,key_544,2.89,true,false,6526
2025-11-27T16:42:37.777759-08:00,write,key_950,309.23,true,false,6752
2025-11-27T16:42:37.878777-08:00,write,key_818,308.80,true,false,6750
2025-11-27T16:42:37.878791-08:00,write,key_240,308.79,true,false,6750
2025-11-27T16:42:37.878783-08:00,write,key_303,308.82,true,false,6753
2025-11-27T16:42:37.878837-08:00,write,key_342,309.51,true,false,6752
2025-11-27T16:42:37.883867-08:00,write,key_334,306.02,true,false,6753
2025-11-27T16:42:37.882943-08:00,write,key_594,307.91,true,false,6752
2025-11-27T16:42:38.187582-08:00,read,key_87,4.60,true,false,6701
2025-11-27T16:42:37.886403-08:00,write,key_68,305.84,true,false,6754
2025-11-27T16:42:38.188345-08:00,read,key_514,3.96,true,false,6731
2025-11-27T16:42:38.192308-08:00,read,key_687,3.01,true,false,6737
2025-11-27T16:42:38.192246-08:00,read,key_359,3.07,true,false,6518
2025-11-27T16:42:38.189893-08:00,read,key_689,6.59,true,false,6593
2025-11-27T16:42:38.195321-08:00,read,key_325,1.29,true,false,6475
2025-11-27T16:42:38.196482-08:00,read,key_605,0.51,true,false,6749
2025-11-27T16:42:38.196615-08:00,read,key_557,0.58,true,false,6601
2025-11-27T16:42:38.197196-08:00,read,key_430,0.58,true,false,6410
2025-11-27T16:42:37.987445-08:00,write,key_856,305.85,true,false,6752
2025-11-27T16:42:37.984821-08:00,write,key_37,309.44,true,false,6754
2025-11-27T16:42:38.29426-08:00,read,key_16,1.46,true,false,6509
2025-11-27T16:42:38.293295-08:00,read,key_10,2.43,true,false,6568
2025-11-27T16:42:38.295729-08:00,read,key_333,2.77,true,false,6665
2025-11-27T16:42:38.086996-08:00,write,key_235,310.79,true,false,6755
2025-11-27T16:42:38.397785-08:00,read,key_68,1.84,true,false,6754
2025-11-27T16:42:38.187605-08:00,write,key_798,310.47,true,false,6755
2025-11-27T16:42:38.195319-08:00,write,key_640,302.76,true,false,6756
2025-11-27T16:42:38.192179-08:00,write,key_513,305.93,true,false,6755
2025-11-27T16:42:38.190852-08:00,write,key_684,307.35,true,false,6756
2025-11-27T16:42:38.187596-08:00,write,key_798,310.66,true,false,6755
2025-11-27T16:42:38.498075-08:00,read,key_764,1.26,true,false,6095
2025-11-27T16:42:38.196996-08:00,write,key_992,305.14,true,false,6757
2025-11-27T16:42:38.197775-08:00,write,key_31,304.63,true,false,6756
2025-11-27T16:42:38.295717-08:00,write,key_64,309.40,true,false,6757
2025-11-27T16:42:38.298497-08:00,write,key_581,306.62,true,false,6758
2025-11-27T16:42:38.60512-08:00,read,key_34,0.93,true,false,5774
2025-11-27T16:42:38.605118-08:00,read,key_562,0.97,true,false,6735
2025-11-27T16:42:38.60609-08:00,read,key_911,0.57,true,false,6555
2025-11-27T16:42:38.606663-08:00,read,key_61,0.66,true,false,6745
2025-11-27T16:42:38.399629-08:00,write,key_672,306.88,true,false,6757
2025-11-27T16:42:38.706519-08:00,read,key_990,2.72,true,false,5907
2025-11-27T16:42:38.498254-08:00,write,key_917,313.77,true,false,6759
2025-11-27T16:42:38.499338-08:00,write,key_946,312.70,true,false,6761
2025-11-27T16:42:38.502136-08:00,write,key_402,309.93,true,false,6759
2025-11-27T16:42:38.498203-08:00,write,key_501,313.97,true,false,6760
2025-11-27T16:42:38.498078-08:00,write,key_80,314.12,true,false,6758
2025-11-27T16:42:38.498108-08:00,write,key_997,314.11,true,false,6758
2025-11-27T16:42:38.502405-08:00,write,key_157,309.89,true,false,6758
2025-11-27T16:42:38.812038-08:00,read,key_566,3.73,true,false,6634
2025-11-27T16:42:38.812027-08:00,read,key_565,4.25,true,false,6524
2025-11-27T16:42:38.812221-08:00,read,key_649,4.20,true,false,6709
2025-11-27T16:42:38.812067-08:00,read,key_738,4.36,true,false,6018
2025-11-27T16:42:38.81642-08:00,read,key_791,2.05,true,false,6435
2025-11-27T16:42:38.816277-08:00,read,key_658,2.20,true,false,6269
2025-11-27T16:42:38.818475-08:00,read,key_755,0.87,true,false,6718
2025-11-27T16:42:38.819348-08:00,read,key_420,0.62,true,false,6722
2025-11-27T16:42:38.606057-08:00,write,key_942,306.82,true,false,6759
2025-11-27T16:42:38.912881-08:00,read,key_562,0.88,true,false,6735
2025-11-27T16:42:38.913763-08:00,read,key_875,0.72,true,false,5960
2025-11-27T16:42:38.607328-08:00,write,key_396,308.07,true,false,6760
2025-11-27T16:42:38.70924-08:00,write,key_990,310.58,true,false,6762
2025-11-27T16:42:38.812201-08:00,write,key_842,310.96,true,false,6762
2025-11-27T16:42:38.815766-08:00,write,key_914,307.41,true,false,6763
2025-11-27T16:42:38.818467-08:00,write,key_601,304.71,true,false,6763
2025-11-27T16:42:38.819973-08:00,write,key_959,303.27,true,false,6764
2025-11-27T16:42:38.816428-08:00,write,key_304,306.73,true,false,6763
2025-11-27T16:42:38.812173-08:00,write,key_324,311.18,true,false,6762
2025-11-27T16:42:38.812294-08:00,write,key_68,311.38,true,false,6762
2025-11-27T16:42:39.123671-08:00,read,key_918,3.04,true,false,6764
2025-11-27T16:42:39.123175-08:00,read,key_639,3.84,true,false,6573
2025-11-27T16:42:38.91448-08:00,write,key_132,309.49,true,false,6763
2025-11-27T16:42:38.915401-08:00,write,key_918,308.57,true,false,6764
2025-11-27T16:42:39.223978-08:00,read,key_460,0.86,true,false,6207
2025-11-27T16:42:39.223991-08:00,read,key_502,0.87,true,false,5511
2025-11-27T16:42:39.224835-08:00,read,key_857,0.89,true,false,6578
2025-11-27T16:42:39.019821-08:00,write,key_221,305.82,true,false,6765
2025-11-27T16:42:39.325642-08:00,read,key_488,4.16,true,false,6703
2025-11-27T16:42:39.329802-08:00,read,key_634,3.34,true,false,6713
2025-11-27T16:42:39.333142-08:00,read,key_682,0.78,true,false,6696
2025-11-27T16:42:39.123161-08:00,write,key_575,309.25,true,false,6765
2025-11-27T16:42:39.123301-08:00,write,key_320,309.11,true,false,6765
2025-11-27T16:42:39.123181-08:00,write,key_306,309.24,true,false,6765
2025-11-27T16:42:39.126712-08:00,write,key_975,307.73,true,false,6768
2025-11-27T16:42:39.127012-08:00,write,key_587,307.50,true,false,6769
2025-11-27T16:42:39.123354-08:00,write,key_985,311.33,true,false,6766
2025-11-27T16:42:39.123245-08:00,write,key_742,312.00,true,false,6767
2025-11-27T16:42:39.435244-08:00,read,key_634,4.34,true,false,6713
2025-11-27T16:42:39.434513-08:00,read,key_967,5.08,true,false,6659
2025-11-27T16:42:39.439585-08:00,read,key_837,2.26,true,false,6491
2025-11-27T16:42:39.43959-08:00,read,key_915,2.26,true,false,6591
2025-11-27T16:42:39.441862-08:00,read,key_979,0.55,true,false,6587
2025-11-27T16:42:39.224858-08:00,write,key_309,309.92,true,false,6766
2025-11-27T16:42:39.225729-08:00,write,key_461,309.46,true,false,6770
2025-11-27T16:42:39.535191-08:00,read,key_234,3.81,true,false,6727
2025-11-27T16:42:39.539001-08:00,read,key_534,1.15,true,false,6748
2025-11-27T16:42:39.333922-08:00,write,key_454,306.36,true,false,6766
2025-11-27T16:42:39.640309-08:00,read,key_417,0.95,true,false,6646
2025-11-27T16:42:39.641262-08:00,read,key_237,0.77,true,false,6734
2025-11-27T16:42:39.642036-08:00,read,key_234,0.74,true,false,6727
2025-11-27T16:42:39.642779-08:00,read,key_408,1.76,true,false,6111
2025-11-27T16:42:39.434688-08:00,write,key_871,307.35,true,false,6770
2025-11-27T16:42:39.432428-08:00,write,key_457,309.83,true,false,6771
2025-11-27T16:42:39.432429-08:00,write,key_85,310.33,true,false,6770
2025-11-27T16:42:39.434446-08:00,write,key_811,309.11,true,false,6770
2025-11-27T16:42:39.432418-08:00,write,key_206,311.23,true,false,6767
2025-11-27T16:42:39.743651-08:00,read,key_510,2.17,true,false,6522
2025-11-27T16:42:39.743555-08:00,read,key_240,2.27,true,false,6750
2025-11-27T16:42:39.441851-08:00,write,key_848,306.25,true,false,6771
2025-11-27T16:42:39.442412-08:00,write,key_83,305.69,true,false,6771
2025-11-27T16:42:39.748103-08:00,read,key_102,0.86,true,false,6567
2025-11-27T16:42:39.748102-08:00,read,key_463,0.86,true,false,6715
2025-11-27T16:42:39.748965-08:00,read,key_335,0.97,true,false,6443
2025-11-27T16:42:39.748965-08:00,read,key_651,1.15,true,false,6620
2025-11-27T16:42:39.750116-08:00,read,key_371,0.84,true,false,6303
2025-11-27T16:42:39.749941-08:00,read,key_225,1.02,true,false,6429
2025-11-27T16:42:39.750966-08:00,read,key_641,1.19,true,false,6722
2025-11-27T16:42:39.534783-08:00,write,key_449,312.67,true,false,6771
2025-11-27T16:42:39.540149-08:00,write,key_914,307.38,true,false,6772
2025-11-27T16:42:39.644543-08:00,write,key_686,306.24,true,false,6773
2025-11-27T16:42:39.95081-08:00,read,key_44,1.85,true,false,6268
2025-11-27T16:42:39.952666-08:00,read,key_886,1.04,true,false,6517
2025-11-27T16:42:39.742256-08:00,write,key_488,313.90,true,false,6772
2025-11-27T16:42:39.75096-08:00,write,key_315,305.21,true,false,6773
2025-11-27T16:42:39.742762-08:00,write,key_81,313.43,true,false,6773
2025-11-27T16:42:39.742048-08:00,write,key_922,314.14,true,false,6774
2025-11-27T16:42:39.752162-08:00,write,key_951,304.08,true,false,6774
2025-11-27T16:42:39.745827-08:00,write,key_797,310.46,true,false,6773
2025-11-27T16:42:39.745828-08:00,write,key_738,310.49,true,false,6772
2025-11-27T16:42:40.056167-08:00,read,key_740,2.75,true,false,6634
2025-11-27T16:42:40.056287-08:00,read,key_967,2.63,true,false,6659
2025-11-27T16:42:40.056191-08:00,read,key_403,2.91,true,false,6718
2025-11-27T16:42:40.058917-08:00,read,key_937,2.30,true,false,6399
2025-11-27T16:42:40.059106-08:00,read,key_467,2.12,true,false,6330
2025-11-27T16:42:39.847452-08:00,write,key_130,310.53,true,false,6774
2025-11-27T16:42:39.847529-08:00,write,key_83,310.71,true,false,6773
2025-11-27T16:42:40.157987-08:00,read,key_640,3.12,true,false,6756
2025-11-27T16:42:40.158241-08:00,read,key_844,3.78,true,false,6660
2025-11-27T16:42:40.162025-08:00,read,key_932,0.96,true,false,5641
2025-11-27T16:42:40.162985-08:00,read,key_843,0.73,true,false,6698
2025-11-27T16:42:40.163715-08:00,read,key_951,0.66,true,false,6774
2025-11-27T16:42:40.164378-08:00,read,key_501,0.74,true,false,6760
2025-11-27T16:42:39.953707-08:00,write,key_434,311.93,true,false,6775
2025-11-27T16:42:40.265638-08:00,read,key_946,3.07,true,false,6761
2025-11-27T16:42:40.26871-08:00,read,key_247,0.66,true,false,6104
2025-11-27T16:42:40.056189-08:00,write,key_412,310.43,true,false,6776
2025-11-27T16:42:40.056156-08:00,write,key_958,310.46,true,false,6775
2025-11-27T16:42:40.061225-08:00,write,key_369,305.43,true,false,6778
2025-11-27T16:42:40.056321-08:00,write,key_795,310.36,true,false,6775
2025-11-27T16:42:40.058917-08:00,write,key_752,307.84,true,false,6777
2025-11-27T16:42:40.061221-08:00,write,key_156,305.58,true,false,6776
2025-11-27T16:42:40.056245-08:00,write,key_407,313.89,true,false,6776
2025-11-27T16:42:40.366859-08:00,read,key_19,4.32,true,false,6743
2025-11-27T16:42:40.366621-08:00,read,key_146,6.14,true,false,4958
2025-11-27T16:42:40.366799-08:00,read,key_942,5.97,true,false,6759
2025-11-27T16:42:40.372762-08:00,read,key_377,0.91,true,false,6705
2025-11-27T16:42:40.161111-08:00,write,key_10,309.54,true,false,6777
2025-11-27T16:42:40.16512-08:00,write,key_305,305.56,true,false,6775
2025-11-27T16:42:40.269376-08:00,write,key_87,304.35,true,false,6776
2025-11-27T16:42:40.573733-08:00,read,key_204,1.03,true,false,6338
2025-11-27T16:42:40.371185-08:00,write,key_763,308.25,true,false,6780
2025-11-27T16:42:40.370137-08:00,write,key_314,309.69,true,false,6780
2025-11-27T16:42:40.366757-08:00,write,key_836,313.24,true,false,6779
2025-11-27T16:42:40.366685-08:00,write,key_993,313.55,true,false,6779
2025-11-27T16:42:40.366652-08:00,write,key_411,314.57,true,false,6779
2025-11-27T16:42:40.372767-08:00,write,key_275,309.39,true,false,6781
2025-11-27T16:42:40.373674-08:00,write,key_347,308.50,true,false,6780
2025-11-27T16:42:40.679442-08:00,read,key_335,5.17,true,false,6443
2025-11-27T16:42:40.682159-08:00,read,key_445,5.01,true,false,6734
2025-11-27T16:42:40.687171-08:00,read,key_646,0.79,true,false,6681
2025-11-27T16:42:40.68796-08:00,read,key_233,1.81,true,false,6728
2025-11-27T16:42:40.689772-08:00,read,key_961,0.48,true,false,6660
2025-11-27T16:42:40.690251-08:00,read,key_408,0.56,true,false,6111
2025-11-27T16:42:40.690812-08:00,read,key_244,0.50,true,false,5784
2025-11-27T16:42:40.69131-08:00,read,key_959,0.53,true,false,6764
2025-11-27T16:42:40.470682-08:00,write,key_953,312.31,true,false,6779
2025-11-27T16:42:40.47066-08:00,write,key_512,312.34,true,false,6781
2025-11-27T16:42:40.57476-08:00,write,key_438,315.76,true,false,6781
2025-11-27T16:42:40.890527-08:00,read,key_10,0.77,true,false,6777
2025-11-27T16:42:40.682175-08:00,write,key_484,318.27,true,false,6783
2025-11-27T16:42:40.679828-08:00,write,key_222,322.57,true,false,6782
2025-11-27T16:42:40.680239-08:00,write,key_575,322.69,true,false,6782
2025-11-27T16:42:40.679996-08:00,write,key_62,323.63,true,false,6782
2025-11-27T16:42:40.68461-08:00,write,key_680,319.08,true,false,6783
2025-11-27T16:42:40.681228-08:00,write,key_222,322.50,true,false,6782
2025-11-27T16:42:40.691846-08:00,write,key_347,312.49,true,false,6783
2025-11-27T16:42:41.003626-08:00,read,key_407,1.68,true,false,6776
2025-11-27T16:42:41.000445-08:00,read,key_953,4.89,true,false,6779
2025-11-27T16:42:41.002398-08:00,read,key_911,3.58,true,false,6555
2025-11-27T16:42:41.005338-08:00,read,key_888,1.58,true,false,6522
2025-11-27T16:42:40.783-08:00,write,key_370,305.27,true,false,6783
2025-11-27T16:42:41.08827-08:00,read,key_856,0.94,true,false,6752
2025-11-27T16:42:41.089209-08:00,read,key_672,1.21,true,false,6757
2025-11-27T16:42:40.782993-08:00,write,key_448,307.98,true,false,6784
2025-11-27T16:42:40.891296-08:00,write,key_452,305.04,true,false,6784
2025-11-27T16:42:41.003693-08:00,write,key_648,316.36,true,false,6784
2025-11-27T16:42:41.005984-08:00,write,key_416,314.11,true,false,6787
2025-11-27T16:42:41.005303-08:00,write,key_483,314.81,true,false,6786
2025-11-27T16:42:41.006917-08:00,write,key_238,313.24,true,false,6785
2025-11-27T16:42:41.004339-08:00,write,key_475,315.83,true,false,6785
2025-11-27T16:42:41.002936-08:00,write,key_25,317.24,true,false,6785
2025-11-27T16:42:41.003729-08:00,write,key_953,316.75,true,false,6785
2025-11-27T16:42:41.32006-08:00,read,key_65,0.93,true,false,6693
2025-11-27T16:42:41.320118-08:00,read,key_23,1.05,true,false,6745
2025-11-27T16:42:41.320091-08:00,read,key_401,1.17,true,false,6623
2025-11-27T16:42:41.320159-08:00,read,key_19,1.45,true,false,6743
2025-11-27T16:42:41.320993-08:00,read,key_813,0.87,true,false,6704
2025-11-27T16:42:41.320172-08:00,read,key_877,2.13,true,false,6675
2025-11-27T16:42:41.321607-08:00,read,key_975,1.25,true,false,6768
2025-11-27T16:42:41.321169-08:00,read,key_765,1.73,true,false,6739
2025-11-27T16:42:41.322302-08:00,read,key_640,0.65,true,false,6756
2025-11-27T16:42:41.322897-08:00,read,key_508,0.40,true,false,6627
2025-11-27T16:42:41.322954-08:00,read,key_933,0.47,true,false,6425
2025-11-27T16:42:41.323427-08:00,read,key_951,0.35,true,false,6774
2025-11-27T16:42:41.090969-08:00,write,key_757,307.82,true,false,6787
2025-11-27T16:42:41.09042-08:00,write,key_329,308.39,true,false,6786
2025-11-27T16:42:41.398815-08:00,read,key_971,0.89,true,false,6412
2025-11-27T16:42:41.398795-08:00,read,key_675,0.92,true,false,6734
2025-11-27T16:42:41.399709-08:00,read,key_272,0.71,true,false,6274
2025-11-27T16:42:41.399721-08:00,read,key_87,0.71,true,false,6776
2025-11-27T16:42:41.196338-08:00,write,key_443,306.51,true,false,6788
2025-11-27T16:42:41.502854-08:00,read,key_966,1.23,true,false,6748
2025-11-27T16:42:41.50409-08:00,read,key_773,0.78,true,false,6697
2025-11-27T16:42:41.320476-08:00,write,key_509,305.79,true,false,6788
2025-11-27T16:42:41.323296-08:00,write,key_637,303.85,true,false,6788
2025-11-27T16:42:41.32018-08:00,write,key_485,306.97,true,false,6789
2025-11-27T16:42:41.321262-08:00,write,key_733,306.07,true,false,6790
2025-11-27T16:42:41.321866-08:00,write,key_849,306.28,true,false,6789
2025-11-27T16:42:41.322856-08:00,write,key_125,306.12,true,false,6790
2025-11-27T16:42:41.323774-08:00,write,key_418,306.14,true,false,6791
2025-11-27T16:42:41.629911-08:00,read,key_768,0.55,true,false,6094
2025-11-27T16:42:41.628972-08:00,read,key_145,2.33,true,false,5687
2025-11-27T16:42:41.631302-08:00,read,key_191,0.46,true,false,6203
2025-11-27T16:42:41.631763-08:00,read,key_832,1.67,true,false,6356
2025-11-27T16:42:41.633432-08:00,read,key_339,0.51,true,false,6134
2025-11-27T16:42:41.633944-08:00,read,key_366,0.57,true,false,6748
2025-11-27T16:42:41.400416-08:00,write,key_657,312.40,true,false,6791
2025-11-27T16:42:41.400427-08:00,write,key_411,312.39,true,false,6789
2025-11-27T16:42:41.504875-08:00,write,key_240,313.69,true,false,6789
2025-11-27T16:42:41.818573-08:00,read,key_330,1.63,true,false,6478
2025-11-27T16:42:41.627151-08:00,write,key_539,307.69,true,false,6792
2025-11-27T16:42:41.627334-08:00,write,key_103,307.57,true,false,6792
2025-11-27T16:42:41.627151-08:00,write,key_815,307.75,true,false,6791
2025-11-27T16:42:41.628148-08:00,write,key_405,306.84,true,false,6793
2025-11-27T16:42:41.630462-08:00,write,key_774,304.61,true,false,6793
2025-11-27T16:42:41.62627-08:00,write,key_23,308.91,true,false,6792
2025-11-27T16:42:41.935073-08:00,read,key_276,0.75,true,false,6400
2025-11-27T16:42:41.934901-08:00,read,key_401,0.96,true,false,6623
2025-11-27T16:42:41.934906-08:00,read,key_488,0.97,true,false,6772
2025-11-27T16:42:41.934985-08:00,read,key_250,0.94,true,false,6588
2025-11-27T16:42:41.934843-08:00,read,key_308,1.34,true,false,6521
2025-11-27T16:42:41.935826-08:00,read,key_202,0.54,true,false,5318
2025-11-27T16:42:41.935865-08:00,read,key_21,0.55,true,false,6703
2025-11-27T16:42:41.935874-08:00,read,key_941,1.05,true,false,6632
2025-11-27T16:42:41.936415-08:00,read,key_839,1.69,true,false,6744
2025-11-27T16:42:41.634518-08:00,write,key_685,306.46,true,false,6794
2025-11-27T16:42:41.712822-08:00,write,key_87,307.15,true,false,6793
2025-11-27T16:42:42.019976-08:00,read,key_220,2.13,true,false,6712
2025-11-27T16:42:41.712822-08:00,write,key_21,310.44,true,false,6795
2025-11-27T16:42:42.022105-08:00,read,key_349,1.16,true,false,6713
2025-11-27T16:42:42.023265-08:00,read,key_768,0.97,true,false,6094
2025-11-27T16:42:42.024236-08:00,read,key_882,0.78,true,false,5580
2025-11-27T16:42:42.023263-08:00,read,key_553,2.52,true,false,6505
2025-11-27T16:42:42.025015-08:00,read,key_958,0.77,true,false,6775
2025-11-27T16:42:41.820207-08:00,write,key_36,308.81,true,false,6792
2025-11-27T16:42:42.129016-08:00,read,key_319,0.88,true,false,5773
2025-11-27T16:42:42.129902-08:00,read,key_482,0.67,true,false,6583
2025-11-27T16:42:42.130573-08:00,read,key_426,0.65,true,false,6588
2025-11-27T16:42:41.936922-08:00,write,key_83,304.56,true,false,6796
2025-11-27T16:42:41.936185-08:00,write,key_915,305.30,true,false,6795
2025-11-27T16:42:41.936362-08:00,write,key_234,305.16,true,false,6794
2025-11-27T16:42:41.935176-08:00,write,key_945,306.36,true,false,6794
2025-11-27T16:42:41.935926-08:00,write,key_579,305.61,true,false,6795
2025-11-27T16:42:42.241487-08:00,read,key_561,3.30,true,false,6588
2025-11-27T16:42:41.93811-08:00,write,key_978,306.99,true,false,6796
2025-11-27T16:42:42.241537-08:00,read,key_358,3.65,true,false,6536
2025-11-27T16:42:42.241538-08:00,read,key_183,4.09,true,false,5845
2025-11-27T16:42:42.241502-08:00,read,key_942,4.23,true,false,6759
2025-11-27T16:42:41.940976-08:00,write,key_143,305.68,true,false,6797
2025-11-27T16:42:42.245735-08:00,read,key_482,2.23,true,false,6583
2025-11-27T16:42:42.246655-08:00,read,key_964,1.33,true,false,6388
2025-11-27T16:42:42.245106-08:00,read,key_558,4.69,true,false,6493
2025-11-27T16:42:42.247983-08:00,read,key_767,1.82,true,false,6720
2025-11-27T16:42:42.249801-08:00,read,key_680,0.83,true,false,6783
2025-11-27T16:42:42.025781-08:00,write,key_816,306.34,true,false,6796
2025-11-27T16:42:42.025786-08:00,write,key_514,306.36,true,false,6796
2025-11-27T16:42:42.332147-08:00,read,key_944,0.50,true,false,6740
2025-11-27T16:42:42.332645-08:00,read,key_764,0.32,true,false,6095
2025-11-27T16:42:42.131226-08:00,write,key_480,304.63,true,false,6798
2025-11-27T16:42:42.245184-08:00,write,key_23,309.74,true,false,6799
2025-11-27T16:42:42.249801-08:00,write,key_753,305.13,true,false,6798
2025-11-27T16:42:42.247968-08:00,write,key_921,306.97,true,false,6800
2025-11-27T16:42:42.250632-08:00,write,key_681,304.34,true,false,6799
2025-11-27T16:42:42.244793-08:00,write,key_21,310.27,true,false,6798
2025-11-27T16:42:42.241525-08:00,write,key_654,313.62,true,false,6800
2025-11-27T16:42:42.24563-08:00,write,key_818,309.68,true,false,6799
2025-11-27T16:42:42.555308-08:00,read,key_129,1.54,true,false,5387
2025-11-27T16:42:42.554931-08:00,read,key_762,1.95,true,false,6751
2025-11-27T16:42:42.555064-08:00,read,key_77,2.12,true,false,6167
2025-11-27T16:42:42.556882-08:00,read,key_569,2.14,true,false,6515
2025-11-27T16:42:42.556853-08:00,read,key_139,4.08,true,false,6729
2025-11-27T16:42:42.332962-08:00,write,key_224,312.20,true,false,6801
2025-11-27T16:42:42.332119-08:00,write,key_549,313.05,true,false,6801
2025-11-27T16:42:42.645168-08:00,read,key_576,0.81,true,false,5886
2025-11-27T16:42:42.645977-08:00,read,key_832,2.49,true,false,6356
2025-11-27T16:42:42.43586-08:00,write,key_88,312.13,true,false,6800
2025-11-27T16:42:42.555144-08:00,write,key_24,307.42,true,false,6801
2025-11-27T16:42:42.557188-08:00,write,key_55,305.38,true,false,6802
2025-11-27T16:42:42.554976-08:00,write,key_680,307.60,true,false,6801
2025-11-27T16:42:42.554926-08:00,write,key_962,307.67,true,false,6802
2025-11-27T16:42:42.554935-08:00,write,key_949,307.80,true,false,6802
2025-11-27T16:42:42.559023-08:00,write,key_323,306.19,true,false,6803
2025-11-27T16:42:42.862569-08:00,read,key_626,3.38,true,false,6116
2025-11-27T16:42:42.560937-08:00,write,key_320,305.81,true,false,6803
2025-11-27T16:42:42.862739-08:00,read,key_943,5.04,true,false,5998
2025-11-27T16:42:42.865947-08:00,read,key_637,1.84,true,false,6788
2025-11-27T16:42:42.865216-08:00,read,key_449,2.67,true,false,6771
2025-11-27T16:42:42.867782-08:00,read,key_436,0.52,true,false,5677
2025-11-27T16:42:42.866747-08:00,read,key_870,1.64,true,false,6392
2025-11-27T16:42:42.867789-08:00,read,key_272,0.85,true,false,6274
2025-11-27T16:42:42.868298-08:00,read,key_410,0.59,true,false,6715
2025-11-27T16:42:42.868388-08:00,read,key_63,0.70,true,false,6150
2025-11-27T16:42:42.868886-08:00,read,key_874,0.38,true,false,6514
2025-11-27T16:42:42.869092-08:00,read,key_375,0.43,true,false,5204
2025-11-27T16:42:42.648471-08:00,write,key_655,305.73,true,false,6802
2025-11-27T16:42:42.645232-08:00,write,key_437,308.99,true,false,6802
2025-11-27T16:42:42.9542-08:00,read,key_881,1.10,true,false,6658
2025-11-27T16:42:42.748004-08:00,write,key_627,311.25,true,false,6803
2025-11-27T16:42:42.862577-08:00,write,key_639,304.36,true,false,6803
2025-11-27T16:42:42.862595-08:00,write,key_82,304.34,true,false,6804
2025-11-27T16:42:42.862569-08:00,write,key_561,304.98,true,false,6805
2025-11-27T16:42:43.166936-08:00,read,key_473,4.42,true,false,6400
2025-11-27T16:42:42.867884-08:00,write,key_83,303.48,true,false,6804
2025-11-27T16:42:42.868636-08:00,write,key_153,302.76,true,false,6804
2025-11-27T16:42:43.167551-08:00,read,key_670,3.91,true,false,5081
2025-11-27T16:42:42.869521-08:00,write,key_946,304.27,true,false,6805
2025-11-27T16:42:43.171386-08:00,read,key_132,2.54,true,false,6763
2025-11-27T16:42:42.869266-08:00,write,key_641,304.67,true,false,6804
2025-11-27T16:42:43.171361-08:00,read,key_486,2.96,true,false,6726
2025-11-27T16:42:43.171458-08:00,read,key_138,3.58,true,false,6581
2025-11-27T16:42:43.173926-08:00,read,key_638,2.44,true,false,6745
2025-11-27T16:42:42.954222-08:00,write,key_141,311.92,true,false,6806
2025-11-27T16:42:42.955298-08:00,write,key_109,310.86,true,false,6805
2025-11-27T16:42:43.266157-08:00,read,key_566,0.88,true,false,6634
2025-11-27T16:42:43.266144-08:00,read,key_995,0.98,true,false,6714
2025-11-27T16:42:43.059258-08:00,write,key_553,308.02,true,false,6807
2025-11-27T16:42:43.367281-08:00,read,key_27,1.81,true,false,6613
2025-11-27T16:42:43.166936-08:00,write,key_873,311.38,true,false,6806
2025-11-27T16:42:43.171401-08:00,write,key_103,307.29,true,false,6808
2025-11-27T16:42:43.478328-08:00,read,key_212,3.82,true,false,6347
2025-11-27T16:42:43.175038-08:00,write,key_345,307.15,true,false,6809
2025-11-27T16:42:43.173796-08:00,write,key_553,308.47,true,false,6807
2025-11-27T16:42:43.174319-08:00,write,key_327,308.01,true,false,6808
2025-11-27T16:42:43.478691-08:00,read,key_230,3.94,true,false,6615
2025-11-27T16:42:43.176372-08:00,write,key_640,306.39,true,false,6807
2025-11-27T16:42:43.173936-08:00,write,key_486,308.85,true,false,6806
2025-11-27T16:42:43.482635-08:00,read,key_146,1.17,true,false,4958
2025-11-27T16:42:43.482193-08:00,read,key_233,1.72,true,false,6728
2025-11-27T16:42:43.483804-08:00,read,key_141,1.47,true,false,6806
2025-11-27T16:42:43.267037-08:00,write,key_880,310.07,true,false,6808
2025-11-27T16:42:43.267124-08:00,write,key_253,310.63,true,false,6809
2025-11-27T16:42:43.577756-08:00,read,key_331,2.14,true,false,6700
2025-11-27T16:42:43.5799-08:00,read,key_257,0.70,true,false,6602
2025-11-27T16:42:43.369092-08:00,write,key_509,310.39,true,false,6810
2025-11-27T16:42:43.482267-08:00,write,key_681,306.61,true,false,6810
2025-11-27T16:42:43.482788-08:00,write,key_486,306.09,true,false,6811
2025-11-27T16:42:43.48391-08:00,write,key_9,305.40,true,false,6811
2025-11-27T16:42:43.482767-08:00,write,key_56,306.63,true,false,6812
2025-11-27T16:42:43.482334-08:00,write,key_104,307.20,true,false,6810
2025-11-27T16:42:43.48215-08:00,write,key_602,307.45,true,false,6811
2025-11-27T16:42:43.485278-08:00,write,key_853,306.52,true,false,6811
2025-11-27T16:42:43.788883-08:00,read,key_859,3.09,true,false,6725
2025-11-27T16:42:43.789316-08:00,read,key_483,6.72,true,false,6786
2025-11-27T16:42:43.78953-08:00,read,key_183,6.50,true,false,5845
2025-11-27T16:42:43.796035-08:00,read,key_872,0.76,true,false,6618
2025-11-27T16:42:43.796036-08:00,read,key_880,0.83,true,false,6808
2025-11-27T16:42:43.796792-08:00,read,key_111,0.52,true,false,6690
2025-11-27T16:42:43.796868-08:00,read,key_948,0.48,true,false,6633
2025-11-27T16:42:43.797318-08:00,read,key_633,0.48,true,false,6461
2025-11-27T16:42:43.577108-08:00,write,key_230,307.63,true,false,6812
2025-11-27T16:42:43.884739-08:00,read,key_249,1.72,true,false,6628
2025-11-27T16:42:43.580596-08:00,write,key_133,306.42,true,false,6812
2025-11-27T16:42:43.679488-08:00,write,key_326,307.81,true,false,6813
2025-11-27T16:42:43.789604-08:00,write,key_333,306.39,true,false,6813
2025-11-27T16:42:43.788889-08:00,write,key_365,307.13,true,false,6814
2025-11-27T16:42:43.789398-08:00,write,key_967,306.64,true,false,6815
2025-11-27T16:42:44.096038-08:00,read,key_336,2.21,true,false,2700
2025-11-27T16:42:43.791802-08:00,write,key_835,307.04,true,false,6813
2025-11-27T16:42:43.791972-08:00,write,key_135,307.33,true,false,6814
2025-11-27T16:42:44.098841-08:00,read,key_798,1.38,true,false,6755
2025-11-27T16:42:43.797347-08:00,write,key_722,303.24,true,false,6814
2025-11-27T16:42:43.797801-08:00,write,key_24,304.02,true,false,6813
2025-11-27T16:42:44.099306-08:00,read,key_410,3.10,true,false,6715
2025-11-27T16:42:44.096018-08:00,read,key_427,6.50,true,false,5894
2025-11-27T16:42:44.095999-08:00,read,key_394,6.55,true,false,6494
2025-11-27T16:42:44.100592-08:00,read,key_480,3.07,true,false,6798
2025-11-27T16:42:44.098255-08:00,read,key_320,5.41,true,false,6803
2025-11-27T16:42:44.100217-08:00,read,key_805,3.50,true,false,6125
2025-11-27T16:42:44.103714-08:00,read,key_942,1.50,true,false,6759
2025-11-27T16:42:44.102518-08:00,read,key_928,2.75,true,false,4602
2025-11-27T16:42:44.103661-08:00,read,key_329,2.76,true,false,6786
2025-11-27T16:42:44.105273-08:00,read,key_357,1.15,true,false,6579
2025-11-27T16:42:44.106423-08:00,read,key_214,1.17,true,false,5874
2025-11-27T16:42:43.886457-08:00,write,key_650,310.06,true,false,6815
2025-11-27T16:42:43.887022-08:00,write,key_948,309.52,true,false,6814
2025-11-27T16:42:44.196539-08:00,read,key_304,0.92,true,false,6816
2025-11-27T16:42:44.197457-08:00,read,key_688,0.72,true,false,6628
2025-11-27T16:42:43.987305-08:00,write,key_997,313.09,true,false,6815
2025-11-27T16:42:44.102548-08:00,write,key_569,305.18,true,false,6816
2025-11-27T16:42:44.102412-08:00,write,key_749,305.33,true,false,6817
2025-11-27T16:42:44.101819-08:00,write,key_806,305.93,true,false,6816
2025-11-27T16:42:44.407732-08:00,read,key_760,0.90,true,false,6473
2025-11-27T16:42:44.105213-08:00,write,key_304,307.34,true,false,6816
2025-11-27T16:42:44.103665-08:00,write,key_418,309.91,true,false,6818
2025-11-27T16:42:44.107593-08:00,write,key_124,306.03,true,false,6816
2025-11-27T16:42:44.106423-08:00,write,key_326,307.24,true,false,6819
2025-11-27T16:42:44.413662-08:00,read,key_814,2.22,true,false,6724
2025-11-27T16:42:44.415887-08:00,read,key_359,1.47,true,false,6518
2025-11-27T16:42:44.19818-08:00,write,key_209,308.00,true,false,6820
2025-11-27T16:42:44.196516-08:00,write,key_531,309.68,true,false,6817
2025-11-27T16:42:44.506186-08:00,read,key_551,1.24,true,false,5663
2025-11-27T16:42:44.300396-08:00,write,key_46,307.43,true,false,6821
2025-11-27T16:42:44.607838-08:00,read,key_794,4.48,true,false,6516
2025-11-27T16:42:44.407739-08:00,write,key_359,306.18,true,false,6822
2025-11-27T16:42:44.408629-08:00,write,key_47,305.29,true,false,6823
2025-11-27T16:42:44.407752-08:00,write,key_846,306.17,true,false,6818
2025-11-27T16:42:44.71392-08:00,read,key_300,2.48,true,false,5790
2025-11-27T16:42:44.713922-08:00,read,key_907,2.68,true,false,5441
2025-11-27T16:42:44.412558-08:00,write,key_764,304.07,true,false,6822
2025-11-27T16:42:44.41358-08:00,write,key_603,303.16,true,false,6820
2025-11-27T16:42:44.716743-08:00,read,key_367,4.51,true,false,6612
2025-11-27T16:42:44.716404-08:00,read,key_878,5.65,true,false,6496
2025-11-27T16:42:44.413621-08:00,write,key_813,308.57,true,false,6824
2025-11-27T16:42:44.417353-08:00,write,key_854,304.90,true,false,6825
2025-11-27T16:42:44.716603-08:00,read,key_547,6.14,true,false,6351
2025-11-27T16:42:44.721254-08:00,read,key_243,1.53,true,false,6648
2025-11-27T16:42:44.716631-08:00,read,key_467,6.26,true,false,6330
2025-11-27T16:42:44.722191-08:00,read,key_82,1.13,true,false,6804
2025-11-27T16:42:44.722892-08:00,read,key_365,0.58,true,false,6814
2025-11-27T16:42:44.722788-08:00,read,key_27,0.69,true,false,6613
2025-11-27T16:42:44.72225-08:00,read,key_96,1.81,true,false,4433
2025-11-27T16:42:44.723318-08:00,read,key_988,0.80,true,false,6538
2025-11-27T16:42:44.724057-08:00,read,key_445,0.44,true,false,6734
2025-11-27T16:42:44.724115-08:00,read,key_632,0.40,true,false,6624
2025-11-27T16:42:44.507425-08:00,write,key_379,305.88,true,false,6821
2025-11-27T16:42:44.506194-08:00,write,key_956,308.64,true,false,6821
2025-11-27T16:42:44.612325-08:00,write,key_956,305.37,true,false,6823
2025-11-27T16:42:44.713935-08:00,write,key_441,307.23,true,false,6824
2025-11-27T16:42:45.021168-08:00,read,key_948,1.83,true,false,6814
2025-11-27T16:42:44.723471-08:00,write,key_567,304.27,true,false,6827
2025-11-27T16:42:44.722056-08:00,write,key_89,305.71,true,false,6826
2025-11-27T16:42:44.722747-08:00,write,key_804,305.69,true,false,6826
2025-11-27T16:42:44.723474-08:00,write,key_436,306.62,true,false,6826
2025-11-27T16:42:45.023004-08:00,read,key_917,7.13,true,false,6759
2025-11-27T16:42:45.027763-08:00,read,key_837,2.87,true,false,6491
2025-11-27T16:42:44.724502-08:00,write,key_534,306.14,true,false,6828
2025-11-27T16:42:44.724512-08:00,write,key_23,306.16,true,false,6829
2025-11-27T16:42:45.030131-08:00,read,key_484,1.40,true,false,6783
2025-11-27T16:42:45.030673-08:00,read,key_609,1.93,true,false,6736
2025-11-27T16:42:45.031528-08:00,read,key_149,1.64,true,false,6724
2025-11-27T16:42:45.032601-08:00,read,key_868,0.62,true,false,5389
2025-11-27T16:42:44.813303-08:00,write,key_244,313.30,true,false,6830
2025-11-27T16:42:44.814839-08:00,write,key_524,311.80,true,false,6827
2025-11-27T16:42:44.9177-08:00,write,key_505,314.50,true,false,6828
2025-11-27T16:42:45.027741-08:00,write,key_857,309.06,true,false,6831
2025-11-27T16:42:45.028439-08:00,write,key_46,309.19,true,false,6833
2025-11-27T16:42:45.030091-08:00,write,key_18,307.57,true,false,6831
2025-11-27T16:42:45.030647-08:00,write,key_997,307.01,true,false,6830
2025-11-27T16:42:45.033225-08:00,write,key_11,304.48,true,false,6831
2025-11-27T16:42:45.033166-08:00,write,key_505,305.72,true,false,6830
2025-11-27T16:42:45.337633-08:00,read,key_884,2.53,true,false,4597
2025-11-27T16:42:45.337658-08:00,read,key_81,2.51,true,false,6773
2025-11-27T16:42:45.030632-08:00,write,key_818,310.37,true,false,6832
2025-11-27T16:42:45.340162-08:00,read,key_138,1.39,true,false,6581
2025-11-27T16:42:45.340167-08:00,read,key_415,1.39,true,false,6575
2025-11-27T16:42:45.337662-08:00,read,key_953,3.96,true,false,6785
2025-11-27T16:42:45.341555-08:00,read,key_920,1.13,true,false,5307
2025-11-27T16:42:45.126639-08:00,write,key_452,314.24,true,false,6832
2025-11-27T16:42:45.126601-08:00,write,key_29,314.30,true,false,6834
2025-11-27T16:42:45.4409-08:00,read,key_829,3.39,true,false,6153
2025-11-27T16:42:45.440886-08:00,read,key_408,5.07,true,false,6111
2025-11-27T16:42:45.445956-08:00,read,key_368,2.15,true,false,6590
2025-11-27T16:42:45.2322-08:00,write,key_653,310.64,true,false,6835
2025-11-27T16:42:45.341-08:00,write,key_736,305.43,true,false,6837
2025-11-27T16:42:45.336809-08:00,write,key_417,309.85,true,false,6834
2025-11-27T16:42:45.33771-08:00,write,key_140,309.05,true,false,6834
2025-11-27T16:42:45.341624-08:00,write,key_882,305.37,true,false,6836
2025-11-27T16:42:45.341561-08:00,write,key_745,305.45,true,false,6835
2025-11-27T16:42:45.338892-08:00,write,key_205,308.43,true,false,6836
2025-11-27T16:42:45.342687-08:00,write,key_640,306.00,true,false,6838
2025-11-27T16:42:45.646661-08:00,read,key_917,2.49,true,false,6759
2025-11-27T16:42:45.647011-08:00,read,key_765,2.15,true,false,6739
2025-11-27T16:42:45.646435-08:00,read,key_441,4.06,true,false,6824
2025-11-27T16:42:45.650493-08:00,read,key_427,4.31,true,false,5894
2025-11-27T16:42:45.654803-08:00,read,key_740,2.21,true,false,6634
2025-11-27T16:42:45.444296-08:00,write,key_513,305.08,true,false,6839
2025-11-27T16:42:45.749381-08:00,read,key_671,1.72,true,false,6710
2025-11-27T16:42:45.448112-08:00,write,key_223,304.65,true,false,6839
2025-11-27T16:42:45.542847-08:00,write,key_755,308.51,true,false,6836
2025-11-27T16:42:45.851427-08:00,read,key_799,5.19,true,false,6631
2025-11-27T16:42:45.649157-08:00,write,key_844,308.27,true,false,6840
2025-11-27T16:42:45.64915-08:00,write,key_236,308.28,true,false,6840
2025-11-27T16:42:45.647324-08:00,write,key_485,310.11,true,false,6840
2025-11-27T16:42:45.64676-08:00,write,key_330,310.72,true,false,6839
2025-11-27T16:42:45.646996-08:00,write,key_883,310.51,true,false,6839
2025-11-27T16:42:45.648691-08:00,write,key_567,308.91,true,false,6841
2025-11-27T16:42:45.957456-08:00,read,key_488,2.99,true,false,6772
2025-11-27T16:42:45.95751-08:00,read,key_242,3.31,true,false,6592
2025-11-27T16:42:45.657014-08:00,write,key_945,305.19,true,false,6840
2025-11-27T16:42:45.960446-08:00,read,key_420,2.25,true,false,6722
2025-11-27T16:42:45.957434-08:00,read,key_967,6.88,true,false,6815
2025-11-27T16:42:45.960823-08:00,read,key_834,4.87,true,false,6484
2025-11-27T16:42:45.965696-08:00,read,key_960,1.30,true,false,6614
2025-11-27T16:42:45.752769-08:00,write,key_766,310.11,true,false,6842
2025-11-27T16:42:45.751101-08:00,write,key_311,311.83,true,false,6840
2025-11-27T16:42:45.856624-08:00,write,key_947,307.17,true,false,6841
2025-11-27T16:42:45.957479-08:00,write,key_654,307.62,true,false,6843
2025-11-27T16:42:46.26511-08:00,read,key_757,2.56,true,false,6787
2025-11-27T16:42:45.957456-08:00,write,key_536,312.54,true,false,6842
2025-11-27T16:42:45.957601-08:00,write,key_947,313.12,true,false,6842
2025-11-27T16:42:45.966996-08:00,write,key_150,304.76,true,false,6844
2025-11-27T16:42:45.964321-08:00,write,key_478,307.50,true,false,6844
2025-11-27T16:42:45.962695-08:00,write,key_18,311.73,true,false,6843
2025-11-27T16:42:45.962207-08:00,write,key_312,312.30,true,false,6843
2025-11-27T16:42:46.27072-08:00,read,key_876,4.40,true,false,6628
2025-11-27T16:42:46.275125-08:00,read,key_731,0.82,true,false,6678
2025-11-27T16:42:46.274429-08:00,read,key_422,2.87,true,false,5984
2025-11-27T16:42:46.062878-08:00,write,key_913,306.28,true,false,6844
2025-11-27T16:42:46.369161-08:00,read,key_567,1.03,true,false,6841
2025-11-27T16:42:46.370189-08:00,read,key_770,0.80,true,false,5504
2025-11-27T16:42:46.062935-08:00,write,key_306,309.30,true,false,6844
2025-11-27T16:42:46.372235-08:00,read,key_645,0.72,true,false,6614
2025-11-27T16:42:46.163799-08:00,write,key_338,307.81,true,false,6845
2025-11-27T16:42:46.471609-08:00,read,key_788,1.24,true,false,6498
2025-11-27T16:42:46.267669-08:00,write,key_688,310.94,true,false,6846
2025-11-27T16:42:46.271822-08:00,write,key_660,306.81,true,false,6846
2025-11-27T16:42:46.269996-08:00,write,key_226,308.65,true,false,6845
2025-11-27T16:42:46.277305-08:00,write,key_554,303.99,true,false,6845
2025-11-27T16:42:46.578612-08:00,read,key_868,3.15,true,false,5389
2025-11-27T16:42:46.274508-08:00,write,key_81,307.26,true,false,6848
2025-11-27T16:42:46.271755-08:00,write,key_964,310.04,true,false,6847
2025-11-27T16:42:46.275949-08:00,write,key_564,305.86,true,false,6849
2025-11-27T16:42:46.581297-08:00,read,key_790,0.96,true,false,6712
2025-11-27T16:42:46.581806-08:00,read,key_251,1.54,true,false,5843
2025-11-27T16:42:46.583351-08:00,read,key_29,1.98,true,false,6834
2025-11-27T16:42:46.370994-08:00,write,key_464,307.48,true,false,6845
2025-11-27T16:42:46.372957-08:00,write,key_438,306.20,true,false,6846
2025-11-27T16:42:46.67848-08:00,read,key_626,0.86,true,false,6116
2025-11-27T16:42:46.472855-08:00,write,key_206,314.85,true,false,6846
2025-11-27T16:42:46.578634-08:00,write,key_118,308.69,true,false,6849
2025-11-27T16:42:46.578644-08:00,write,key_555,308.68,true,false,6850
2025-11-27T16:42:46.581763-08:00,write,key_233,305.63,true,false,6851
2025-11-27T16:42:46.581792-08:00,write,key_994,305.70,true,false,6850
2025-11-27T16:42:46.581764-08:00,write,key_120,305.75,true,false,6850
2025-11-27T16:42:46.582263-08:00,write,key_556,307.36,true,false,6851
2025-11-27T16:42:46.887389-08:00,read,key_883,2.24,true,false,6839
2025-11-27T16:42:46.887478-08:00,read,key_33,2.15,true,false,6667
2025-11-27T16:42:46.887327-08:00,read,key_231,2.33,true,false,6737
2025-11-27T16:42:46.889621-08:00,read,key_943,1.32,true,false,5998
2025-11-27T16:42:46.889629-08:00,read,key_917,1.38,true,false,6759
2025-11-27T16:42:46.585333-08:00,write,key_66,307.00,true,false,6852
2025-11-27T16:42:46.890941-08:00,read,key_747,3.12,true,false,6077
2025-11-27T16:42:46.889662-08:00,read,key_239,5.37,true,false,6504
2025-11-27T16:42:46.895038-08:00,read,key_301,0.85,true,false,6700
2025-11-27T16:42:46.895888-08:00,read,key_485,0.68,true,false,6840
2025-11-27T16:42:46.89657-08:00,read,key_461,2.32,true,false,6770
2025-11-27T16:42:46.898892-08:00,read,key_30,0.70,true,false,6699
2025-11-27T16:42:46.679159-08:00,write,key_222,308.49,true,false,6852
2025-11-27T16:42:46.679338-08:00,write,key_780,308.32,true,false,6850
2025-11-27T16:42:46.98765-08:00,read,key_757,1.43,true,false,6787
2025-11-27T16:42:46.787709-08:00,write,key_363,310.68,true,false,6853
2025-11-27T16:42:46.887494-08:00,write,key_149,309.73,true,false,6853
2025-11-27T16:42:46.891012-08:00,write,key_961,307.93,true,false,6854
2025-11-27T16:42:46.889625-08:00,write,key_311,309.31,true,false,6853
2025-11-27T16:42:46.894064-08:00,write,key_720,304.96,true,false,6855
2025-11-27T16:42:47.19894-08:00,read,key_410,1.22,true,false,6715
2025-11-27T16:42:46.887518-08:00,write,key_173,312.96,true,false,6852
2025-11-27T16:42:46.892332-08:00,write,key_152,308.20,true,false,6853
2025-11-27T16:42:47.200158-08:00,read,key_232,1.59,true,false,6684
2025-11-27T16:42:47.200533-08:00,read,key_912,1.85,true,false,5162
2025-11-27T16:42:47.200477-08:00,read,key_562,1.93,true,false,6735
2025-11-27T16:42:46.899589-08:00,write,key_968,305.04,true,false,6854
2025-11-27T16:42:47.204628-08:00,read,key_600,0.71,true,false,6621
2025-11-27T16:42:47.205335-08:00,read,key_953,2.22,true,false,6785
2025-11-27T16:42:47.20756-08:00,read,key_531,0.57,true,false,6817
2025-11-27T16:42:46.989083-08:00,write,key_757,312.25,true,false,6854
2025-11-27T16:42:46.987657-08:00,write,key_976,313.72,true,false,6856
2025-11-27T16:42:47.09839-08:00,write,key_301,305.85,true,false,6854
2025-11-27T16:42:47.404248-08:00,read,key_817,1.06,true,false,6031
2025-11-27T16:42:47.202405-08:00,write,key_164,307.41,true,false,6856
2025-11-27T16:42:47.198938-08:00,write,key_819,311.06,true,false,6856
2025-11-27T16:42:47.202382-08:00,write,key_130,308.20,true,false,6858
2025-11-27T16:42:47.201745-08:00,write,key_540,309.34,true,false,6857
2025-11-27T16:42:47.199024-08:00,write,key_641,312.45,true,false,6857
2025-11-27T16:42:47.197227-08:00,write,key_80,314.43,true,false,6856
2025-11-27T16:42:47.20813-08:00,write,key_885,304.68,true,false,6857
2025-11-27T16:42:47.511085-08:00,read,key_947,2.54,true,false,6842
2025-11-27T16:42:47.511479-08:00,read,key_641,2.16,true,false,6857
2025-11-27T16:42:47.511659-08:00,read,key_503,1.99,true,false,6278
2025-11-27T16:42:47.51363-08:00,read,key_130,1.02,true,false,6858
2025-11-27T16:42:47.514653-08:00,read,key_334,0.63,true,false,6753
2025-11-27T16:42:47.30138-08:00,write,key_335,312.37,true,false,6858
2025-11-27T16:42:47.301338-08:00,write,key_136,312.42,true,false,6859
2025-11-27T16:42:47.405311-08:00,write,key_561,312.71,true,false,6860
2025-11-27T16:42:47.718028-08:00,read,key_373,4.81,true,false,6376
2025-11-27T16:42:47.513647-08:00,write,key_357,307.75,true,false,6859
2025-11-27T16:42:47.512811-08:00,write,key_228,308.64,true,false,6859
2025-11-27T16:42:47.510587-08:00,write,key_757,310.99,true,false,6861
2025-11-27T16:42:47.509815-08:00,write,key_502,311.94,true,false,6859
2025-11-27T16:42:47.510002-08:00,write,key_682,312.18,true,false,6861
2025-11-27T16:42:47.51364-08:00,write,key_654,311.10,true,false,6862
2025-11-27T16:42:47.515287-08:00,write,key_129,309.50,true,false,6863
2025-11-27T16:42:47.821454-08:00,read,key_643,6.07,true,false,6164
2025-11-27T16:42:47.824745-08:00,read,key_730,2.78,true,false,6238
2025-11-27T16:42:47.821575-08:00,read,key_454,5.96,true,false,6766
2025-11-27T16:42:47.827527-08:00,read,key_464,0.84,true,false,6845
2025-11-27T16:42:47.827533-08:00,read,key_641,0.84,true,false,6857
2025-11-27T16:42:47.828372-08:00,read,key_449,0.62,true,false,6771
2025-11-27T16:42:47.828995-08:00,read,key_783,0.44,true,false,6259
2025-11-27T16:42:47.829437-08:00,read,key_952,0.47,true,false,6584
2025-11-27T16:42:47.613758-08:00,write,key_303,321.02,true,false,6862
2025-11-27T16:42:47.613758-08:00,write,key_122,321.02,true,false,6860
2025-11-27T16:42:47.934782-08:00,read,key_941,1.08,true,false,6632
2025-11-27T16:42:47.722836-08:00,write,key_830,314.62,true,false,6861
2025-11-27T16:42:48.03746-08:00,read,key_225,0.94,true,false,6429
2025-11-27T16:42:48.038406-08:00,read,key_738,0.75,true,false,6772
2025-11-27T16:42:47.821753-08:00,write,key_969,312.60,true,false,6864
2025-11-27T16:42:47.828364-08:00,write,key_457,306.01,true,false,6865
2025-11-27T16:42:47.827525-08:00,write,key_956,306.98,true,false,6864
2025-11-27T16:42:47.824791-08:00,write,key_352,310.36,true,false,6864
2025-11-27T16:42:47.822184-08:00,write,key_660,313.18,true,false,6864
2025-11-27T16:42:47.8214-08:00,write,key_68,314.72,true,false,6864
2025-11-27T16:42:47.829905-08:00,write,key_669,307.30,true,false,6866
2025-11-27T16:42:48.134374-08:00,read,key_120,3.67,true,false,6850
2025-11-27T16:42:48.134357-08:00,read,key_489,3.71,true,false,6697
2025-11-27T16:42:48.13451-08:00,read,key_900,3.62,true,false,6696
2025-11-27T16:42:48.135156-08:00,read,key_810,3.00,true,false,6695
2025-11-27T16:42:48.137207-08:00,read,key_606,1.94,true,false,6649
2025-11-27T16:42:48.138158-08:00,read,key_974,2.11,true,false,6682
2025-11-27T16:42:48.138063-08:00,read,key_581,2.24,true,false,6758
2025-11-27T16:42:48.139151-08:00,read,key_226,1.74,true,false,6845
2025-11-27T16:42:47.935868-08:00,write,key_22,304.34,true,false,6865
2025-11-27T16:42:47.934777-08:00,write,key_306,305.75,true,false,6867
2025-11-27T16:42:48.240209-08:00,read,key_727,2.89,true,false,6412
2025-11-27T16:42:48.039159-08:00,write,key_206,308.26,true,false,6865
2025-11-27T16:42:48.347422-08:00,read,key_711,0.83,true,false,6127
2025-11-27T16:42:48.348255-08:00,read,key_642,0.70,true,false,6529
2025-11-27T16:42:48.138043-08:00,write,key_350,309.64,true,false,6867
2025-11-27T16:42:48.135367-08:00,write,key_317,312.32,true,false,6868
2025-11-27T16:42:48.138127-08:00,write,key_438,309.58,true,false,6868
2025-11-27T16:42:48.136117-08:00,write,key_204,311.72,true,false,6867
2025-11-27T16:42:48.140304-08:00,write,key_814,308.13,true,false,6869
2025-11-27T16:42:48.140891-08:00,write,key_33,308.47,true,false,6868
2025-11-27T16:42:48.140265-08:00,write,key_27,309.16,true,false,6869
2025-11-27T16:42:48.44769-08:00,read,key_962,3.67,true,false,6802
2025-11-27T16:42:48.451358-08:00,read,key_859,2.60,true,false,6725
2025-11-27T16:42:48.453962-08:00,read,key_488,0.99,true,false,6772
2025-11-27T16:42:48.243106-08:00,write,key_773,306.00,true,false,6869
2025-11-27T16:42:48.240524-08:00,write,key_940,308.59,true,false,6868
2025-11-27T16:42:48.549113-08:00,read,key_414,0.98,true,false,6666
2025-11-27T16:42:48.348958-08:00,write,key_924,307.36,true,false,6870
2025-11-27T16:42:48.656325-08:00,read,key_756,3.29,true,false,6739
2025-11-27T16:42:48.659619-08:00,read,key_972,1.42,true,false,6377
2025-11-27T16:42:48.447706-08:00,write,key_233,309.34,true,false,6870
2025-11-27T16:42:48.447703-08:00,write,key_207,309.34,true,false,6870
2025-11-27T16:42:48.449366-08:00,write,key_760,307.83,true,false,6871
2025-11-27T16:42:48.448437-08:00,write,key_383,309.04,true,false,6870
2025-11-27T16:42:48.447837-08:00,write,key_444,310.74,true,false,6871
2025-11-27T16:42:48.454952-08:00,write,key_361,304.31,true,false,6870
2025-11-27T16:42:48.757474-08:00,read,key_127,4.17,true,false,5898
2025-11-27T16:42:48.757077-08:00,read,key_672,4.82,true,false,6757
2025-11-27T16:42:48.44943-08:00,write,key_796,312.56,true,false,6872
2025-11-27T16:42:48.761649-08:00,read,key_24,1.38,true,false,6813
2025-11-27T16:42:48.758579-08:00,read,key_603,4.84,true,false,6820
2025-11-27T16:42:48.763029-08:00,read,key_411,1.00,true,false,6789
2025-11-27T16:42:48.549113-08:00,write,key_467,308.20,true,false,6871
2025-11-27T16:42:48.550093-08:00,write,key_252,311.22,true,false,6873
2025-11-27T16:42:48.661037-08:00,write,key_882,305.75,true,false,6874
2025-11-27T16:42:48.96679-08:00,read,key_336,3.70,true,false,2700
2025-11-27T16:42:48.757051-08:00,write,key_184,308.24,true,false,6874
2025-11-27T16:42:48.7572-08:00,write,key_196,308.09,true,false,6875
2025-11-27T16:42:48.759265-08:00,write,key_981,309.18,true,false,6873
2025-11-27T16:42:48.764031-08:00,write,key_507,304.90,true,false,6875
2025-11-27T16:42:48.761898-08:00,write,key_417,307.10,true,false,6874
2025-11-27T16:42:48.76342-08:00,write,key_955,305.66,true,false,6874
2025-11-27T16:42:49.06529-08:00,read,key_486,5.00,true,false,6811
2025-11-27T16:42:48.76199-08:00,write,key_781,308.32,true,false,6873
2025-11-27T16:42:49.068452-08:00,read,key_17,3.38,true,false,6029
2025-11-27T16:42:49.06908-08:00,read,key_827,4.37,true,false,6266
2025-11-27T16:42:49.065294-08:00,read,key_224,8.18,true,false,6801
2025-11-27T16:42:49.070293-08:00,read,key_912,3.57,true,false,5162
2025-11-27T16:42:49.073869-08:00,read,key_33,1.25,true,false,6868
2025-11-27T16:42:49.070309-08:00,read,key_801,4.86,true,false,5958
2025-11-27T16:42:49.073455-08:00,read,key_457,2.19,true,false,6865
2025-11-27T16:42:49.075117-08:00,read,key_954,0.74,true,false,6541
2025-11-27T16:42:49.073477-08:00,read,key_376,2.48,true,false,6197
2025-11-27T16:42:49.075646-08:00,read,key_317,2.73,true,false,6868
2025-11-27T16:42:49.075854-08:00,read,key_298,2.61,true,false,5904
2025-11-27T16:42:48.861311-08:00,write,key_602,310.37,true,false,6876
2025-11-27T16:42:48.857311-08:00,write,key_603,314.38,true,false,6875
2025-11-27T16:42:48.970496-08:00,write,key_147,304.69,true,false,6877
2025-11-27T16:42:49.06893-08:00,write,key_835,320.18,true,false,6876
2025-11-27T16:42:49.078462-08:00,write,key_329,310.65,true,false,6879
2025-11-27T16:42:49.071834-08:00,write,key_638,317.28,true,false,6878
2025-11-27T16:42:49.075169-08:00,write,key_28,313.97,true,false,6876
2025-11-27T16:42:49.075953-08:00,write,key_147,313.23,true,false,6877
2025-11-27T16:42:49.078373-08:00,write,key_207,310.86,true,false,6876
2025-11-27T16:42:49.068998-08:00,write,key_850,320.31,true,false,6877
2025-11-27T16:42:49.389309-08:00,read,key_972,0.86,true,false,6377
2025-11-27T16:42:49.389233-08:00,read,key_464,0.94,true,false,6845
2025-11-27T16:42:49.171691-08:00,write,key_585,326.22,true,false,6878
2025-11-27T16:42:49.171684-08:00,write,key_765,326.26,true,false,6877
2025-11-27T16:42:49.275186-08:00,write,key_677,323.91,true,false,6880
2025-11-27T16:42:49.599098-08:00,read,key_516,0.70,true,false,6724
2025-11-27T16:42:49.599802-08:00,read,key_335,0.39,true,false,6858
2025-11-27T16:42:49.600194-08:00,read,key_413,1.74,true,false,6747
2025-11-27T16:42:49.601939-08:00,read,key_839,0.46,true,false,6744
2025-11-27T16:42:49.389109-08:00,write,key_856,315.13,true,false,6882
2025-11-27T16:42:49.390166-08:00,write,key_796,314.07,true,false,6880
2025-11-27T16:42:49.389139-08:00,write,key_424,315.18,true,false,6883
2025-11-27T16:42:49.389109-08:00,write,key_336,315.23,true,false,6881
2025-11-27T16:42:49.389117-08:00,write,key_467,315.52,true,false,6881
2025-11-27T16:42:49.390178-08:00,write,key_29,315.46,true,false,6881
2025-11-27T16:42:49.389186-08:00,write,key_606,316.96,true,false,6880
2025-11-27T16:42:49.704643-08:00,read,key_635,4.24,true,false,6474
2025-11-27T16:42:49.70434-08:00,read,key_198,5.49,true,false,6651
2025-11-27T16:42:49.704319-08:00,read,key_977,5.52,true,false,5889
2025-11-27T16:42:49.709827-08:00,read,key_859,0.85,true,false,6725
2025-11-27T16:42:49.710675-08:00,read,key_958,0.49,true,false,6775
2025-11-27T16:42:49.49794-08:00,write,key_246,306.53,true,false,6880
2025-11-27T16:42:49.497912-08:00,write,key_643,306.57,true,false,6884
2025-11-27T16:42:49.804485-08:00,read,key_919,0.82,true,false,6448
2025-11-27T16:42:49.804475-08:00,read,key_238,0.84,true,false,6785
2025-11-27T16:42:49.805317-08:00,read,key_317,0.75,true,false,6868
2025-11-27T16:42:49.805302-08:00,read,key_352,0.78,true,false,6864
2025-11-27T16:42:49.80607-08:00,read,key_755,2.17,true,false,6836
2025-11-27T16:42:49.6024-08:00,write,key_26,305.40,true,false,6881
2025-11-27T16:42:49.907805-08:00,read,key_798,5.41,true,false,6755
2025-11-27T16:42:49.705635-08:00,write,key_239,307.23,true,false,6885
2025-11-27T16:42:49.708882-08:00,write,key_568,303.98,true,false,6884
2025-11-27T16:42:50.012868-08:00,read,key_426,1.16,true,false,6588
2025-11-27T16:42:49.70615-08:00,write,key_465,308.46,true,false,6887
2025-11-27T16:42:49.709843-08:00,write,key_23,305.85,true,false,6884
2025-11-27T16:42:50.014034-08:00,read,key_858,1.67,true,false,6678
2025-11-27T16:42:50.014611-08:00,read,key_229,1.78,true,false,6656
2025-11-27T16:42:49.711167-08:00,write,key_460,308.90,true,false,6888
2025-11-27T16:42:49.704249-08:00,write,key_952,315.91,true,false,6885
2025-11-27T16:42:49.704241-08:00,write,key_562,315.96,true,false,6886
2025-11-27T16:42:50.020197-08:00,read,key_304,2.17,true,false,6816
2025-11-27T16:42:50.020068-08:00,read,key_910,2.86,true,false,6610
2025-11-27T16:42:49.80608-08:00,write,key_402,307.63,true,false,6886
2025-11-27T16:42:49.80824-08:00,write,key_642,305.51,true,false,6885
2025-11-27T16:42:50.113755-08:00,read,key_852,2.08,true,false,6717
2025-11-27T16:42:50.115839-08:00,read,key_654,1.08,true,false,6862
2025-11-27T16:42:50.116919-08:00,read,key_767,0.99,true,false,6720
2025-11-27T16:42:49.913218-08:00,write,key_953,306.61,true,false,6889
2025-11-27T16:42:50.012884-08:00,write,key_200,308.85,true,false,6890
2025-11-27T16:42:50.321735-08:00,read,key_411,1.29,true,false,6789
2025-11-27T16:42:50.015697-08:00,write,key_797,307.34,true,false,6889
2025-11-27T16:42:50.015709-08:00,write,key_261,307.34,true,false,6889
2025-11-27T16:42:50.016391-08:00,write,key_35,308.77,true,false,6890
2025-11-27T16:42:50.020162-08:00,write,key_24,305.00,true,false,6889
2025-11-27T16:42:50.323037-08:00,read,key_852,3.73,true,false,6717
2025-11-27T16:42:50.325163-08:00,read,key_671,2.39,true,false,6710
2025-11-27T16:42:50.022365-08:00,write,key_334,306.13,true,false,6891
2025-11-27T16:42:50.326765-08:00,read,key_817,2.24,true,false,6031
2025-11-27T16:42:50.02293-08:00,write,key_236,306.08,true,false,6891
2025-11-27T16:42:50.327551-08:00,read,key_334,1.57,true,false,6891
2025-11-27T16:42:50.329117-08:00,read,key_560,0.82,true,false,5775
2025-11-27T16:42:50.329009-08:00,read,key_876,0.93,true,false,6628
2025-11-27T16:42:50.325163-08:00,read,key_590,4.82,true,false,6709
2025-11-27T16:42:50.329986-08:00,read,key_991,0.61,true,false,6065
2025-11-27T16:42:50.330597-08:00,read,key_642,1.37,true,false,6885
2025-11-27T16:42:50.117911-08:00,write,key_811,306.39,true,false,6890
2025-11-27T16:42:50.113715-08:00,write,key_120,310.61,true,false,6890
2025-11-27T16:42:50.424323-08:00,read,key_412,3.49,true,false,6776
2025-11-27T16:42:50.42431-08:00,read,key_844,6.07,true,false,6840
2025-11-27T16:42:50.427815-08:00,read,key_534,3.55,true,false,6828
2025-11-27T16:42:50.219841-08:00,write,key_489,307.94,true,false,6892
2025-11-27T16:42:50.527784-08:00,read,key_415,0.88,true,false,6575
2025-11-27T16:42:50.323055-08:00,write,key_141,308.13,true,false,6893
2025-11-27T16:42:50.323028-08:00,write,key_882,308.16,true,false,6893
2025-11-27T16:42:50.328498-08:00,write,key_987,303.90,true,false,6892
2025-11-27T16:42:50.631191-08:00,read,key_122,1.98,true,false,6860
2025-11-27T16:42:50.329941-08:00,write,key_974,303.24,true,false,6894
2025-11-27T16:42:50.329014-08:00,write,key_960,304.23,true,false,6892
2025-11-27T16:42:50.329944-08:00,write,key_813,303.62,true,false,6893
2025-11-27T16:42:50.632398-08:00,read,key_261,1.20,true,false,6889
2025-11-27T16:42:50.633179-08:00,read,key_722,1.64,true,false,6814
2025-11-27T16:42:50.633244-08:00,read,key_961,1.64,true,false,6854
2025-11-27T16:42:50.33197-08:00,write,key_356,302.93,true,false,6893
2025-11-27T16:42:50.634815-08:00,read,key_947,0.96,true,false,6842
2025-11-27T16:42:50.635771-08:00,read,key_318,0.67,true,false,6716
2025-11-27T16:42:50.636437-08:00,read,key_452,0.53,true,false,6832
2025-11-27T16:42:50.431365-08:00,write,key_644,305.87,true,false,6895
2025-11-27T16:42:50.430379-08:00,write,key_353,306.89,true,false,6892
2025-11-27T16:42:50.737242-08:00,read,key_913,2.06,true,false,6844
2025-11-27T16:42:50.528668-08:00,write,key_630,307.64,true,false,6894
2025-11-27T16:42:50.836308-08:00,read,key_738,5.18,true,false,6772
2025-11-27T16:42:50.841486-08:00,read,key_200,0.35,true,false,6890
2025-11-27T16:42:50.841832-08:00,read,key_105,2.18,true,false,6567
2025-11-27T16:42:50.631194-08:00,write,key_351,307.43,true,false,6895
2025-11-27T16:42:50.633566-08:00,write,key_676,307.18,true,false,6895
2025-11-27T16:42:50.633167-08:00,write,key_972,307.83,true,false,6895
2025-11-27T16:42:50.634889-08:00,write,key_502,306.17,true,false,6896
2025-11-27T16:42:50.633597-08:00,write,key_886,307.54,true,false,6896
2025-11-27T16:42:50.634896-08:00,write,key_364,306.45,true,false,6897
2025-11-27T16:42:50.940995-08:00,read,key_354,2.40,true,false,6455
2025-11-27T16:42:50.940743-08:00,read,key_409,2.76,true,false,6571
2025-11-27T16:42:50.636967-08:00,write,key_886,307.92,true,false,6897
2025-11-27T16:42:50.943508-08:00,read,key_849,1.94,true,false,6789
2025-11-27T16:42:50.943394-08:00,read,key_624,2.11,true,false,6619
2025-11-27T16:42:50.94106-08:00,read,key_68,5.36,true,false,6864
2025-11-27T16:42:50.944884-08:00,read,key_675,4.60,true,false,6734
2025-11-27T16:42:50.946425-08:00,read,key_390,3.49,true,false,6576
2025-11-27T16:42:50.7393-08:00,write,key_918,306.59,true,false,6898
2025-11-27T16:42:50.737274-08:00,write,key_679,308.63,true,false,6896
2025-11-27T16:42:51.0459-08:00,read,key_710,1.12,true,false,5293
2025-11-27T16:42:51.045888-08:00,read,key_355,1.15,true,false,6462
2025-11-27T16:42:51.047041-08:00,read,key_965,0.54,true,false,6424
2025-11-27T16:42:51.047016-08:00,read,key_331,0.57,true,false,6700
2025-11-27T16:42:51.047577-08:00,read,key_480,0.50,true,false,6798
2025-11-27T16:42:51.048077-08:00,read,key_688,0.91,true,false,6846
2025-11-27T16:42:51.048988-08:00,read,key_67,0.62,true,false,5051
2025-11-27T16:42:51.049606-08:00,read,key_770,0.50,true,false,5504
2025-11-27T16:42:51.050103-08:00,read,key_136,0.55,true,false,6859
2025-11-27T16:42:51.050656-08:00,read,key_205,0.48,true,false,6836
2025-11-27T16:42:50.844038-08:00,write,key_867,303.60,true,false,6899
2025-11-27T16:42:51.147642-08:00,read,key_950,1.13,true,false,6752
2025-11-27T16:42:51.148769-08:00,read,key_653,1.25,true,false,6835
2025-11-27T16:42:50.938631-08:00,write,key_232,309.68,true,false,6899
2025-11-27T16:42:50.941137-08:00,write,key_130,307.17,true,false,6898
2025-11-27T16:42:50.941345-08:00,write,key_563,307.02,true,false,6900
2025-11-27T16:42:51.248371-08:00,read,key_824,0.73,true,false,6616
2025-11-27T16:42:50.945508-08:00,write,key_137,306.39,true,false,6899
2025-11-27T16:42:50.949483-08:00,write,key_901,305.56,true,false,6901
2025-11-27T16:42:50.949912-08:00,write,key_977,305.98,true,false,6900
2025-11-27T16:42:50.945452-08:00,write,key_721,310.54,true,false,6901
2025-11-27T16:42:51.255896-08:00,read,key_651,0.40,true,false,6620
2025-11-27T16:42:51.047585-08:00,write,key_886,305.21,true,false,6902
2025-11-27T16:42:51.051141-08:00,write,key_949,302.55,true,false,6899
2025-11-27T16:42:51.150022-08:00,write,key_734,305.36,true,false,6900
2025-11-27T16:42:51.2563-08:00,write,key_370,319.72,true,false,6904
2025-11-27T16:42:51.248313-08:00,write,key_173,327.70,true,false,6901
2025-11-27T16:42:51.2491-08:00,write,key_457,326.93,true,false,6901
2025-11-27T16:42:51.255042-08:00,write,key_557,321.05,true,false,6903
2025-11-27T16:42:51.251895-08:00,write,key_247,324.25,true,false,6901
2025-11-27T16:42:51.248313-08:00,write,key_733,327.83,true,false,6903
2025-11-27T16:42:51.25599-08:00,write,key_222,320.18,true,false,6902
2025-11-27T16:42:51.576095-08:00,read,key_553,0.79,true,false,6807
2025-11-27T16:42:51.576028-08:00,read,key_249,1.28,true,false,6628
2025-11-27T16:42:51.577313-08:00,read,key_425,0.54,true,false,6194
2025-11-27T16:42:51.577856-08:00,read,key_432,0.47,true,false,6708
2025-11-27T16:42:51.576175-08:00,read,key_416,2.53,true,false,6787
2025-11-27T16:42:51.578707-08:00,read,key_918,0.34,true,false,6898
2025-11-27T16:42:51.579048-08:00,read,key_370,0.42,true,false,6904
2025-11-27T16:42:51.579469-08:00,read,key_486,0.44,true,false,6811
2025-11-27T16:42:51.579907-08:00,read,key_841,1.27,true,false,6548
2025-11-27T16:42:51.581179-08:00,read,key_554,1.14,true,false,6845
2025-11-27T16:42:51.582323-08:00,read,key_613,0.59,true,false,5586
2025-11-27T16:42:51.582909-08:00,read,key_771,0.34,true,false,6258
2025-11-27T16:42:51.583252-08:00,read,key_132,0.32,true,false,6763
2025-11-27T16:42:51.583576-08:00,read,key_302,0.40,true,false,6596
2025-11-27T16:42:51.353688-08:00,write,key_917,326.72,true,false,6904
2025-11-27T16:42:51.352803-08:00,write,key_406,327.62,true,false,6903
2025-11-27T16:42:51.455391-08:00,write,key_812,315.40,true,false,6905
2025-11-27T16:42:51.576148-08:00,write,key_850,305.07,true,false,6905
2025-11-27T16:42:51.576886-08:00,write,key_963,304.35,true,false,6906
2025-11-27T16:42:51.576143-08:00,write,key_919,305.17,true,false,6906
2025-11-27T16:42:51.576019-08:00,write,key_356,305.36,true,false,6905
2025-11-27T16:42:51.576239-08:00,write,key_410,305.32,true,false,6906
2025-11-27T16:42:51.881223-08:00,read,key_771,5.43,true,false,6258
2025-11-27T16:42:51.881588-08:00,read,key_794,5.12,true,false,6516
2025-11-27T16:42:51.578322-08:00,write,key_323,308.83,true,false,6907
2025-11-27T16:42:51.88124-08:00,read,key_502,6.57,true,false,6896
2025-11-27T16:42:51.886656-08:00,read,key_963,2.08,true,false,6906
2025-11-27T16:42:51.583981-08:00,write,key_567,305.65,true,false,6907
2025-11-27T16:42:51.888741-08:00,read,key_310,1.28,true,false,5098
2025-11-27T16:42:51.890022-08:00,read,key_832,4.13,true,false,6356
2025-11-27T16:42:51.894152-08:00,read,key_13,0.85,true,false,6055
2025-11-27T16:42:51.680415-08:00,write,key_634,307.91,true,false,6907
2025-11-27T16:42:51.68042-08:00,write,key_334,307.91,true,false,6908
2025-11-27T16:42:51.988333-08:00,read,key_306,2.24,true,false,6867
2025-11-27T16:42:51.770793-08:00,write,key_655,317.43,true,false,6908
2025-11-27T16:42:52.088227-08:00,read,key_612,1.13,true,false,6746
2025-11-27T16:42:51.886705-08:00,write,key_670,306.28,true,false,6909
2025-11-27T16:42:51.88131-08:00,write,key_861,312.72,true,false,6909
2025-11-27T16:42:51.889633-08:00,write,key_688,304.67,true,false,6909
2025-11-27T16:42:51.887813-08:00,write,key_644,306.52,true,false,6910
2025-11-27T16:42:51.881558-08:00,write,key_489,313.79,true,false,6907
2025-11-27T16:42:51.887149-08:00,write,key_420,308.20,true,false,6908
2025-11-27T16:42:52.195353-08:00,read,key_325,2.46,true,false,6475
2025-11-27T16:42:52.194037-08:00,read,key_513,3.80,true,false,6839
2025-11-27T16:42:52.194335-08:00,read,key_228,3.61,true,false,6859
2025-11-27T16:42:51.895007-08:00,write,key_609,305.85,true,false,6908
2025-11-27T16:42:52.197842-08:00,read,key_580,3.55,true,false,5009
2025-11-27T16:42:52.197815-08:00,read,key_945,4.26,true,false,6840
2025-11-27T16:42:52.200863-08:00,read,key_232,2.17,true,false,6899
2025-11-27T16:42:52.203034-08:00,read,key_544,2.01,true,false,6526
2025-11-27T16:42:51.990571-08:00,write,key_819,307.18,true,false,6910
2025-11-27T16:42:51.988344-08:00,write,key_655,309.45,true,false,6909
2025-11-27T16:42:52.29776-08:00,read,key_918,1.97,true,false,6898
2025-11-27T16:42:52.299729-08:00,read,key_565,0.67,true,false,6524
2025-11-27T16:42:52.089358-08:00,write,key_941,309.11,true,false,6911
2025-11-27T16:42:52.398472-08:00,read,key_834,0.50,true,false,6484
2025-11-27T16:42:52.398969-08:00,read,key_330,0.48,true,false,6839
2025-11-27T16:42:52.39945-08:00,read,key_642,0.41,true,false,6885
2025-11-27T16:42:52.194308-08:00,write,key_954,306.00,true,false,6911
2025-11-27T16:42:52.197948-08:00,write,key_34,303.86,true,false,6912
2025-11-27T16:42:52.19299-08:00,write,key_377,309.82,true,false,6911
2025-11-27T16:42:52.195353-08:00,write,key_682,308.63,true,false,6912
2025-11-27T16:42:52.50399-08:00,read,key_655,0.40,true,false,6909
2025-11-27T16:42:52.20139-08:00,write,key_903,305.34,true,false,6912
2025-11-27T16:42:52.202078-08:00,write,key_480,304.76,true,false,6913
2025-11-27T16:42:52.506734-08:00,read,key_319,0.47,true,false,5773
2025-11-27T16:42:52.507205-08:00,read,key_924,0.32,true,false,6870
2025-11-27T16:42:52.507523-08:00,read,key_992,0.26,true,false,6757
2025-11-27T16:42:52.205046-08:00,write,key_999,302.85,true,false,6912
2025-11-27T16:42:52.297792-08:00,write,key_245,310.76,true,false,6913
2025-11-27T16:42:52.300404-08:00,write,key_354,308.20,true,false,6913
2025-11-27T16:42:52.608601-08:00,read,key_649,3.34,true,false,6709
2025-11-27T16:42:52.399863-08:00,write,key_618,311.59,true,false,6912
2025-11-27T16:42:52.507787-08:00,write,key_234,307.51,true,false,6915
2025-11-27T16:42:52.506842-08:00,write,key_685,308.61,true,false,6914
2025-11-27T16:42:52.507893-08:00,write,key_565,307.73,true,false,6915
2025-11-27T16:42:52.504389-08:00,write,key_843,311.35,true,false,6914
2025-11-27T16:42:52.501813-08:00,write,key_27,314.08,true,false,6914
2025-11-27T16:42:52.502814-08:00,write,key_915,313.39,true,false,6914
2025-11-27T16:42:52.500319-08:00,write,key_130,316.50,true,false,6913
2025-11-27T16:42:52.816205-08:00,read,key_416,3.69,true,false,6787
2025-11-27T16:42:52.815894-08:00,read,key_844,4.00,true,false,6840
2025-11-27T16:42:52.815739-08:00,read,key_795,4.16,true,false,6775
2025-11-27T16:42:52.819893-08:00,read,key_779,1.12,true,false,6560
2025-11-27T16:42:52.819898-08:00,read,key_413,2.61,true,false,6747
2025-11-27T16:42:52.822513-08:00,read,key_716,0.69,true,false,6117
2025-11-27T16:42:52.61194-08:00,write,key_445,309.76,true,false,6916
2025-11-27T16:42:52.608551-08:00,write,key_519,313.15,true,false,6914
2025-11-27T16:42:52.921699-08:00,read,key_887,1.63,true,false,5589
2025-11-27T16:42:52.92333-08:00,read,key_316,0.69,true,false,6530
2025-11-27T16:42:52.924016-08:00,read,key_295,0.71,true,false,6351
2025-11-27T16:42:52.711458-08:00,write,key_556,321.04,true,false,6916
2025-11-27T16:42:53.03251-08:00,read,key_755,0.77,true,false,6836
2025-11-27T16:42:53.033285-08:00,read,key_752,1.16,true,false,6777
2025-11-27T16:42:52.815624-08:00,write,key_743,306.95,true,false,6917
2025-11-27T16:42:52.821018-08:00,write,key_776,314.96,true,false,6916
2025-11-27T16:42:52.819901-08:00,write,key_233,316.09,true,false,6918
2025-11-27T16:42:52.815452-08:00,write,key_921,320.53,true,false,6916
2025-11-27T16:42:52.816825-08:00,write,key_201,319.45,true,false,6917
2025-11-27T16:42:52.823201-08:00,write,key_29,313.60,true,false,6919
2025-11-27T16:42:52.8153-08:00,write,key_455,322.76,true,false,6917
2025-11-27T16:42:53.13598-08:00,read,key_539,5.40,true,false,6792
2025-11-27T16:42:53.141383-08:00,read,key_797,0.56,true,false,6889
2025-11-27T16:42:52.924728-08:00,write,key_454,305.36,true,false,6919
2025-11-27T16:42:52.921699-08:00,write,key_681,308.39,true,false,6917
2025-11-27T16:42:53.230089-08:00,read,key_980,2.26,true,false,6452
2025-11-27T16:42:53.23235-08:00,read,key_371,0.96,true,false,6303
2025-11-27T16:42:53.23009-08:00,read,key_907,3.24,true,false,5441
2025-11-27T16:42:53.233316-08:00,read,key_794,0.98,true,false,6516
2025-11-27T16:42:53.234297-08:00,read,key_652,1.56,true,false,6364
2025-11-27T16:42:53.235856-08:00,read,key_16,0.59,true,false,6509
2025-11-27T16:42:53.236446-08:00,read,key_323,0.80,true,false,6907
2025-11-27T16:42:53.034447-08:00,write,key_550,308.01,true,false,6920
2025-11-27T16:42:53.122589-08:00,write,key_700,308.71,true,false,6921
2025-11-27T16:42:53.136271-08:00,write,key_413,306.35,true,false,6922
2025-11-27T16:42:53.135994-08:00,write,key_228,309.80,true,false,6921
2025-11-27T16:42:53.135995-08:00,write,key_493,309.83,true,false,6922
2025-11-27T16:42:53.445794-08:00,read,key_292,1.31,true,false,5519
2025-11-27T16:42:53.445824-08:00,read,key_324,1.66,true,false,6762
2025-11-27T16:42:53.13806-08:00,write,key_590,311.40,true,false,6924
2025-11-27T16:42:53.136803-08:00,write,key_941,312.92,true,false,6923
2025-11-27T16:42:53.141944-08:00,write,key_455,307.78,true,false,6920
2025-11-27T16:42:53.449723-08:00,read,key_325,3.69,true,false,6475
2025-11-27T16:42:53.44946-08:00,read,key_686,4.00,true,false,6773
2025-11-27T16:42:53.233334-08:00,write,key_604,305.14,true,false,6920
2025-11-27T16:42:53.237242-08:00,write,key_716,305.85,true,false,6920
2025-11-27T16:42:53.543092-08:00,read,key_948,1.77,true,false,6814
2025-11-27T16:42:53.544861-08:00,read,key_502,1.24,true,false,6896
2025-11-27T16:42:53.546105-08:00,read,key_306,1.89,true,false,6867
2025-11-27T16:42:53.342463-08:00,write,key_754,307.21,true,false,6921
2025-11-27T16:42:53.649674-08:00,read,key_124,4.58,true,false,6816
2025-11-27T16:42:53.654253-08:00,read,key_651,0.77,true,false,6620
2025-11-27T16:42:53.431306-08:00,write,key_948,311.64,true,false,6922
2025-11-27T16:42:53.442623-08:00,write,key_569,304.87,true,false,6925
2025-11-27T16:42:53.742948-08:00,read,key_589,4.57,true,false,5560
2025-11-27T16:42:53.747496-08:00,read,key_776,0.89,true,false,6916
2025-11-27T16:42:53.747514-08:00,read,key_530,0.87,true,false,6611
2025-11-27T16:42:53.748387-08:00,read,key_222,1.23,true,false,6902
2025-11-27T16:42:53.749622-08:00,read,key_882,0.57,true,false,6893
2025-11-27T16:42:53.449723-08:00,write,key_36,305.72,true,false,6925
2025-11-27T16:42:53.447481-08:00,write,key_565,307.96,true,false,6926
2025-11-27T16:42:53.447102-08:00,write,key_958,308.39,true,false,6925
2025-11-27T16:42:53.755445-08:00,read,key_359,1.81,true,false,6822
2025-11-27T16:42:53.755494-08:00,read,key_557,1.77,true,false,6903
2025-11-27T16:42:53.453417-08:00,write,key_616,305.91,true,false,6927
2025-11-27T16:42:53.453465-08:00,write,key_415,305.90,true,false,6926
2025-11-27T16:42:53.759326-08:00,read,key_29,3.13,true,false,6919
2025-11-27T16:42:53.538477-08:00,write,key_462,308.45,true,false,6925
2025-11-27T16:42:53.846935-08:00,read,key_25,3.16,true,false,6785
2025-11-27T16:42:53.547994-08:00,write,key_29,304.98,true,false,6926
2025-11-27T16:42:53.852979-08:00,read,key_921,2.76,true,false,6916
2025-11-27T16:42:53.855741-08:00,read,key_130,0.88,true,false,6913
2025-11-27T16:42:53.655027-08:00,write,key_761,305.59,true,false,6928
2025-11-27T16:42:53.96062-08:00,read,key_805,2.05,true,false,6125
2025-11-27T16:42:53.962671-08:00,read,key_760,1.50,true,false,6871
2025-11-27T16:42:53.964174-08:00,read,key_231,0.93,true,false,6737
2025-11-27T16:42:53.748387-08:00,write,key_533,310.35,true,false,6926
2025-11-27T16:42:53.75019-08:00,write,key_553,309.88,true,false,6929
2025-11-27T16:42:53.755445-08:00,write,key_875,304.64,true,false,6927
2025-11-27T16:42:53.759368-08:00,write,key_205,303.81,true,false,6929
2025-11-27T16:42:53.757253-08:00,write,key_224,305.92,true,false,6928
2025-11-27T16:42:53.757268-08:00,write,key_731,308.85,true,false,6928
2025-11-27T16:42:53.76246-08:00,write,key_926,303.75,true,false,6930
2025-11-27T16:42:53.85662-08:00,write,key_136,304.14,true,false,6929
2025-11-27T16:42:53.850096-08:00,write,key_918,310.69,true,false,6929
2025-11-27T16:42:54.160761-08:00,read,key_26,1.18,true,false,6881
2025-11-27T16:42:54.160782-08:00,read,key_220,1.16,true,false,6712
2025-11-27T16:42:54.161938-08:00,read,key_510,1.37,true,false,6522
2025-11-27T16:42:54.161941-08:00,read,key_687,1.39,true,false,6737
2025-11-27T16:42:54.163327-08:00,read,key_245,1.59,true,false,6913
2025-11-27T16:42:54.164922-08:00,read,key_955,0.76,true,false,6874
2025-11-27T16:42:54.165679-08:00,read,key_557,1.40,true,false,6903
2025-11-27T16:42:53.965107-08:00,write,key_300,306.19,true,false,6931
2025-11-27T16:42:54.271312-08:00,read,key_852,1.16,true,false,6717
2025-11-27T16:42:54.272475-08:00,read,key_804,0.87,true,false,6826
2025-11-27T16:42:54.060068-08:00,write,key_379,304.60,true,false,6931
2025-11-27T16:42:54.058737-08:00,write,key_309,307.92,true,false,6930
2025-11-27T16:42:54.060088-08:00,write,key_658,306.86,true,false,6930
2025-11-27T16:42:54.364675-08:00,read,key_830,3.99,true,false,6861
2025-11-27T16:42:54.366661-08:00,read,key_558,2.08,true,false,6493
2025-11-27T16:42:54.063178-08:00,write,key_468,305.70,true,false,6932
2025-11-27T16:42:54.063175-08:00,write,key_918,305.96,true,false,6930
2025-11-27T16:42:54.366948-08:00,read,key_975,2.56,true,false,6768
2025-11-27T16:42:54.368737-08:00,read,key_223,0.95,true,false,6839
2025-11-27T16:42:54.066215-08:00,write,key_922,304.56,true,false,6931
2025-11-27T16:42:54.06612-08:00,write,key_790,304.98,true,false,6933
2025-11-27T16:42:54.163305-08:00,write,key_415,310.26,true,false,6934
2025-11-27T16:42:54.167082-08:00,write,key_117,306.48,true,false,6935
2025-11-27T16:42:54.273343-08:00,write,key_677,304.85,true,false,6932
2025-11-27T16:42:54.369512-08:00,write,key_63,310.29,true,false,6933
2025-11-27T16:42:54.368671-08:00,write,key_952,311.16,true,false,6936
2025-11-27T16:42:54.371104-08:00,write,key_680,308.79,true,false,6937
2025-11-27T16:42:54.369693-08:00,write,key_604,310.43,true,false,6934
2025-11-27T16:42:54.36888-08:00,write,key_238,311.27,true,false,6933
2025-11-27T16:42:54.370773-08:00,write,key_872,310.08,true,false,6934
2025-11-27T16:42:54.369137-08:00,write,key_635,312.44,true,false,6936
2025-11-27T16:42:54.679836-08:00,read,key_483,3.46,true,false,6786
2025-11-27T16:42:54.679897-08:00,read,key_609,3.53,true,false,6908
2025-11-27T16:42:54.683297-08:00,read,key_105,3.44,true,false,6936
2025-11-27T16:42:54.473568-08:00,write,key_877,308.15,true,false,6937
2025-11-27T16:42:54.473576-08:00,write,key_105,308.22,true,false,6936
2025-11-27T16:42:54.781797-08:00,read,key_769,1.26,true,false,6666
2025-11-27T16:42:54.781722-08:00,read,key_927,1.35,true,false,6079
2025-11-27T16:42:54.783063-08:00,read,key_220,0.93,true,false,6712
2025-11-27T16:42:54.783992-08:00,read,key_879,1.24,true,false,6520
2025-11-27T16:42:54.785235-08:00,read,key_623,1.16,true,false,5648
2025-11-27T16:42:54.786392-08:00,read,key_622,0.84,true,false,6004
2025-11-27T16:42:54.578212-08:00,write,key_941,303.82,true,false,6936
2025-11-27T16:42:54.882038-08:00,read,key_13,0.84,true,false,6055
2025-11-27T16:42:54.68012-08:00,write,key_30,307.35,true,false,6938
2025-11-27T16:42:54.68015-08:00,write,key_884,307.32,true,false,6938
2025-11-27T16:42:54.679804-08:00,write,key_269,307.66,true,false,6938
2025-11-27T16:42:54.681583-08:00,write,key_514,305.91,true,false,6939
2025-11-27T16:42:54.680853-08:00,write,key_912,306.69,true,false,6939
2025-11-27T16:42:54.987488-08:00,read,key_843,2.47,true,false,6914
2025-11-27T16:42:54.987525-08:00,read,key_702,2.44,true,false,6413
2025-11-27T16:42:54.98747-08:00,read,key_433,2.49,true,false,6625
2025-11-27T16:42:54.987518-08:00,read,key_687,3.05,true,false,6737
2025-11-27T16:42:54.683427-08:00,write,key_404,307.56,true,false,6939
2025-11-27T16:42:54.686736-08:00,write,key_791,306.15,true,false,6940
2025-11-27T16:42:54.989983-08:00,read,key_249,3.53,true,false,6628
2025-11-27T16:42:54.989964-08:00,read,key_396,3.59,true,false,6760
2025-11-27T16:42:54.987547-08:00,read,key_833,6.08,true,false,4801
2025-11-27T16:42:54.99057-08:00,read,key_945,3.46,true,false,6840
2025-11-27T16:42:54.992884-08:00,read,key_321,1.16,true,false,6016
2025-11-27T16:42:54.994028-08:00,read,key_373,0.52,true,false,6376
2025-11-27T16:42:54.994549-08:00,read,key_659,0.55,true,false,6209
2025-11-27T16:42:54.995099-08:00,read,key_636,0.50,true,false,5495
2025-11-27T16:42:54.783069-08:00,write,key_986,306.15,true,false,6940
2025-11-27T16:42:55.089219-08:00,read,key_833,1.13,true,false,4801
2025-11-27T16:42:54.787248-08:00,write,key_13,306.95,true,false,6941
2025-11-27T16:42:55.090347-08:00,read,key_859,4.71,true,false,6725
2025-11-27T16:42:55.095061-08:00,read,key_35,0.88,true,false,6890
2025-11-27T16:42:55.095946-08:00,read,key_964,0.94,true,false,6847
2025-11-27T16:42:54.882884-08:00,write,key_726,309.21,true,false,6940
2025-11-27T16:42:55.192093-08:00,read,key_685,1.96,true,false,6914
2025-11-27T16:42:55.194058-08:00,read,key_792,1.40,true,false,6457
2025-11-27T16:42:55.195461-08:00,read,key_205,1.97,true,false,6929
2025-11-27T16:42:54.994048-08:00,write,key_139,306.23,true,false,6942
2025-11-27T16:42:54.995596-08:00,write,key_446,304.68,true,false,6943
2025-11-27T16:42:54.990988-08:00,write,key_403,309.29,true,false,6942
2025-11-27T16:42:54.993514-08:00,write,key_327,306.76,true,false,6941
2025-11-27T16:42:54.989967-08:00,write,key_463,310.42,true,false,6941
2025-11-27T16:42:54.993692-08:00,write,key_860,306.90,true,false,6943
2025-11-27T16:42:54.993711-08:00,write,key_724,308.35,true,false,6942
2025-11-27T16:42:55.300276-08:00,read,key_876,3.84,true,false,6628
2025-11-27T16:42:55.300308-08:00,read,key_603,3.81,true,false,6875
2025-11-27T16:42:55.304119-08:00,read,key_61,1.58,true,false,6745
2025-11-27T16:42:55.30029-08:00,read,key_833,5.46,true,false,4801
2025-11-27T16:42:55.304119-08:00,read,key_176,2.83,true,false,6027
2025-11-27T16:42:55.306953-08:00,read,key_371,0.83,true,false,6303
2025-11-27T16:42:55.096889-08:00,write,key_355,305.53,true,false,6942
2025-11-27T16:42:55.094201-08:00,write,key_349,308.57,true,false,6943
2025-11-27T16:42:55.402771-08:00,read,key_557,2.15,true,false,6903
2025-11-27T16:42:55.404924-08:00,read,key_551,0.89,true,false,5663
2025-11-27T16:42:55.402418-08:00,read,key_648,3.41,true,false,6784
2025-11-27T16:42:55.405834-08:00,read,key_880,0.81,true,false,6808
2025-11-27T16:42:55.197437-08:00,write,key_321,306.30,true,false,6944
2025-11-27T16:42:55.503742-08:00,read,key_568,0.72,true,false,6884
2025-11-27T16:42:55.300279-08:00,write,key_500,310.42,true,false,6945
2025-11-27T16:42:55.30206-08:00,write,key_692,309.45,true,false,6944
2025-11-27T16:42:55.300392-08:00,write,key_561,311.36,true,false,6945
2025-11-27T16:42:55.30575-08:00,write,key_417,307.26,true,false,6945
2025-11-27T16:42:55.30059-08:00,write,key_835,312.48,true,false,6944
2025-11-27T16:42:55.3057-08:00,write,key_407,308.15,true,false,6944
2025-11-27T16:42:55.611517-08:00,read,key_614,3.19,true,false,5625
2025-11-27T16:42:55.613008-08:00,read,key_890,1.73,true,false,6670
2025-11-27T16:42:55.307782-08:00,write,key_352,307.03,true,false,6946
2025-11-27T16:42:55.614711-08:00,read,key_686,1.37,true,false,6773
2025-11-27T16:42:55.614735-08:00,read,key_565,1.35,true,false,6926
2025-11-27T16:42:55.614816-08:00,read,key_818,1.28,true,false,6832
2025-11-27T16:42:55.616084-08:00,read,key_946,0.99,true,false,6805
2025-11-27T16:42:55.616087-08:00,read,key_631,1.00,true,false,6271
2025-11-27T16:42:55.617089-08:00,read,key_11,1.66,true,false,6831
2025-11-27T16:42:55.618747-08:00,read,key_850,0.55,true,false,6905
2025-11-27T16:42:55.406649-08:00,write,key_636,306.93,true,false,6946
2025-11-27T16:42:55.405817-08:00,write,key_886,308.42,true,false,6947
2025-11-27T16:42:55.713579-08:00,read,key_958,1.77,true,false,6925
2025-11-27T16:42:55.715355-08:00,read,key_751,1.11,true,false,6578
2025-11-27T16:42:55.716465-08:00,read,key_797,0.93,true,false,6889
2025-11-27T16:42:55.71424-08:00,read,key_409,3.29,true,false,6571
2025-11-27T16:42:55.717528-08:00,read,key_689,1.76,true,false,6593
2025-11-27T16:42:55.717391-08:00,read,key_790,1.90,true,false,6933
2025-11-27T16:42:55.719297-08:00,read,key_269,0.70,true,false,6938
2025-11-27T16:42:55.504459-08:00,write,key_355,313.20,true,false,6946
2025-11-27T16:42:55.613848-08:00,write,key_845,306.49,true,false,6947
2025-11-27T16:42:55.611756-08:00,write,key_604,308.59,true,false,6948
2025-11-27T16:42:55.613072-08:00,write,key_168,307.28,true,false,6948
2025-11-27T16:42:55.610706-08:00,write,key_587,309.67,true,false,6947
2025-11-27T16:42:55.920342-08:00,read,key_613,2.13,true,false,5586
2025-11-27T16:42:55.619298-08:00,write,key_487,303.72,true,false,6947
2025-11-27T16:42:55.61707-08:00,write,key_959,306.78,true,false,6950
2025-11-27T16:42:55.922478-08:00,read,key_689,2.39,true,false,6593
2025-11-27T16:42:55.616092-08:00,write,key_369,309.23,true,false,6949
2025-11-27T16:42:55.924865-08:00,read,key_962,2.94,true,false,6802
2025-11-27T16:42:55.927802-08:00,read,key_851,1.24,true,false,4763
2025-11-27T16:42:55.929042-08:00,read,key_558,0.96,true,false,6493
2025-11-27T16:42:55.719997-08:00,write,key_921,303.91,true,false,6948
2025-11-27T16:42:55.719295-08:00,write,key_109,304.62,true,false,6951
2025-11-27T16:42:56.023915-08:00,read,key_976,1.28,true,false,6856
2025-11-27T16:42:56.025194-08:00,read,key_417,1.75,true,false,6945
2025-11-27T16:42:56.026946-08:00,read,key_110,1.00,true,false,6484
2025-11-27T16:42:56.027949-08:00,read,key_639,0.73,true,false,6803
2025-11-27T16:42:56.028683-08:00,read,key_687,0.54,true,false,6737
2025-11-27T16:42:56.02922-08:00,read,key_940,0.55,true,false,6868
2025-11-27T16:42:55.817657-08:00,write,key_402,306.11,true,false,6949
2025-11-27T16:42:55.923018-08:00,write,key_229,306.37,true,false,6951
2025-11-27T16:42:55.920382-08:00,write,key_919,309.00,true,false,6949
2025-11-27T16:42:55.920344-08:00,write,key_377,309.05,true,false,6952
2025-11-27T16:42:55.920354-08:00,write,key_957,309.06,true,false,6952
2025-11-27T16:42:56.229398-08:00,read,key_506,3.12,true,false,5532
2025-11-27T16:42:56.229387-08:00,read,key_268,3.25,true,false,6273
2025-11-27T16:42:55.923854-08:00,write,key_261,310.31,true,false,6952
2025-11-27T16:42:55.925327-08:00,write,key_884,308.85,true,false,6953
2025-11-27T16:42:55.930003-08:00,write,key_22,305.75,true,false,6951
2025-11-27T16:42:56.234168-08:00,read,key_200,3.01,true,false,6890
2025-11-27T16:42:56.235757-08:00,read,key_18,2.84,true,false,6843
2025-11-27T16:42:56.237179-08:00,read,key_357,1.73,true,false,6859
2025-11-27T16:42:56.2386-08:00,read,key_602,0.69,true,false,6876
2025-11-27T16:42:56.238906-08:00,read,key_497,0.53,true,false,5836
2025-11-27T16:42:56.239292-08:00,read,key_611,0.57,true,false,5618
2025-11-27T16:42:56.239867-08:00,read,key_977,0.42,true,false,6900
2025-11-27T16:42:56.240291-08:00,read,key_885,0.46,true,false,6857
2025-11-27T16:42:56.023921-08:00,write,key_802,306.96,true,false,6953
2025-11-27T16:42:56.029772-08:00,write,key_820,306.69,true,false,6954
2025-11-27T16:42:56.336462-08:00,read,key_449,0.91,true,false,6771
2025-11-27T16:42:56.337379-08:00,read,key_348,0.89,true,false,6719
2025-11-27T16:42:56.338266-08:00,read,key_220,0.86,true,false,6712
2025-11-27T16:42:56.339127-08:00,read,key_950,2.65,true,false,6752
2025-11-27T16:42:56.123774-08:00,write,key_408,305.06,true,false,6952
2025-11-27T16:42:56.229387-08:00,write,key_831,308.32,true,false,6954
2025-11-27T16:42:56.229418-08:00,write,key_870,309.60,true,false,6954
2025-11-27T16:42:56.537716-08:00,read,key_952,2.63,true,false,6936
2025-11-27T16:42:56.234181-08:00,write,key_136,306.32,true,false,6955
2025-11-27T16:42:56.540501-08:00,read,key_607,1.29,true,false,6573
2025-11-27T16:42:56.541797-08:00,read,key_586,3.00,true,false,6595
2025-11-27T16:42:56.232521-08:00,write,key_555,312.29,true,false,6956
2025-11-27T16:42:56.539015-08:00,read,key_357,5.92,true,false,6859
2025-11-27T16:42:56.239441-08:00,write,key_336,305.58,true,false,6955
2025-11-27T16:42:56.232637-08:00,write,key_953,312.58,true,false,6955
2025-11-27T16:42:56.240751-08:00,write,key_422,304.63,true,false,6956
2025-11-27T16:42:56.544932-08:00,read,key_11,1.70,true,false,6831
2025-11-27T16:42:56.544808-08:00,read,key_990,1.87,true,false,6762
2025-11-27T16:42:56.545382-08:00,read,key_557,1.75,true,false,6903
2025-11-27T16:42:56.546679-08:00,read,key_754,0.54,true,false,6921
2025-11-27T16:42:56.547129-08:00,read,key_969,0.60,true,false,6864
2025-11-27T16:42:56.547726-08:00,read,key_683,0.52,true,false,6720
2025-11-27T16:42:56.548244-08:00,read,key_333,0.49,true,false,6813
2025-11-27T16:42:56.547224-08:00,read,key_598,2.07,true,false,5909
2025-11-27T16:42:56.548735-08:00,read,key_229,0.57,true,false,6951
2025-11-27T16:42:56.549292-08:00,read,key_625,0.52,true,false,6149
2025-11-27T16:42:56.330888-08:00,write,key_965,308.65,true,false,6956
2025-11-27T16:42:56.639536-08:00,read,key_638,0.87,true,false,6878
2025-11-27T16:42:56.341781-08:00,write,key_230,304.63,true,false,6955
2025-11-27T16:42:56.428838-08:00,write,key_266,312.38,true,false,6956
2025-11-27T16:42:56.74122-08:00,read,key_5,2.98,true,false,6658
2025-11-27T16:42:56.540349-08:00,write,key_169,308.08,true,false,6957
2025-11-27T16:42:56.848428-08:00,read,key_454,3.18,true,false,6919
2025-11-27T16:42:56.546632-08:00,write,key_164,308.06,true,false,6958
2025-11-27T16:42:56.545222-08:00,write,key_677,309.49,true,false,6957
2025-11-27T16:42:56.545027-08:00,write,key_204,310.60,true,false,6957
2025-11-27T16:42:56.549808-08:00,write,key_301,305.91,true,false,6959
2025-11-27T16:42:56.544799-08:00,write,key_755,310.96,true,false,6957
2025-11-27T16:42:56.549308-08:00,write,key_413,307.31,true,false,6958
2025-11-27T16:42:56.854697-08:00,read,key_456,3.63,true,false,5334
2025-11-27T16:42:56.854714-08:00,read,key_586,3.64,true,false,6595
2025-11-27T16:42:56.640409-08:00,write,key_759,310.77,true,false,6958
2025-11-27T16:42:56.951183-08:00,read,key_538,3.35,true,false,6187
2025-11-27T16:42:56.646432-08:00,write,key_443,308.14,true,false,6960
2025-11-27T16:42:56.744204-08:00,write,key_682,309.41,true,false,6961
2025-11-27T16:42:56.855716-08:00,write,key_242,307.71,true,false,6962
2025-11-27T16:42:56.851612-08:00,write,key_131,311.82,true,false,6960
2025-11-27T16:42:56.855633-08:00,write,key_600,310.68,true,false,6960
2025-11-27T16:42:56.855764-08:00,write,key_562,311.85,true,false,6961
2025-11-27T16:42:56.858355-08:00,write,key_978,310.82,true,false,6962
2025-11-27T16:42:57.16632-08:00,read,key_643,3.65,true,false,6884
2025-11-27T16:42:56.858329-08:00,write,key_436,312.95,true,false,6961
2025-11-27T16:42:57.169968-08:00,read,key_605,1.35,true,false,6749
2025-11-27T16:42:57.163465-08:00,read,key_810,7.87,true,false,6695
2025-11-27T16:42:56.85662-08:00,write,key_200,314.74,true,false,6960
2025-11-27T16:42:57.163457-08:00,read,key_200,7.93,true,false,6960
2025-11-27T16:42:57.169182-08:00,read,key_205,2.94,true,false,6929
2025-11-27T16:42:57.171362-08:00,read,key_602,0.82,true,false,6876
2025-11-27T16:42:57.172121-08:00,read,key_402,0.63,true,false,6949
2025-11-27T16:42:57.171279-08:00,read,key_108,1.73,true,false,6617
2025-11-27T16:42:57.172184-08:00,read,key_538,1.23,true,false,6187
2025-11-27T16:42:57.173005-08:00,read,key_692,0.55,true,false,6944
2025-11-27T16:42:57.173553-08:00,read,key_588,0.52,true,false,6487
2025-11-27T16:42:57.174069-08:00,read,key_322,0.50,true,false,5987
2025-11-27T16:42:57.174568-08:00,read,key_679,0.53,true,false,6896
2025-11-27T16:42:57.175095-08:00,read,key_674,0.51,true,false,6523
2025-11-27T16:42:57.175608-08:00,read,key_35,0.58,true,false,6890
2025-11-27T16:42:57.176185-08:00,read,key_598,0.56,true,false,5909
2025-11-27T16:42:57.176751-08:00,read,key_681,0.41,true,false,6917
2025-11-27T16:42:56.954569-08:00,write,key_994,315.25,true,false,6963
2025-11-27T16:42:56.954532-08:00,write,key_813,317.85,true,false,6962
2025-11-27T16:42:57.053625-08:00,write,key_268,308.07,true,false,6962
2025-11-27T16:42:57.167618-08:00,write,key_521,305.63,true,false,6963
2025-11-27T16:42:57.17132-08:00,write,key_460,304.09,true,false,6964
2025-11-27T16:42:57.172749-08:00,write,key_537,302.68,true,false,6965
2025-11-27T16:42:57.171333-08:00,write,key_817,304.27,true,false,6963
2025-11-27T16:42:57.171391-08:00,write,key_832,304.38,true,false,6964
2025-11-27T16:42:57.173417-08:00,write,key_110,304.19,true,false,6964
2025-11-27T16:42:57.475607-08:00,read,key_480,2.86,true,false,6913
2025-11-27T16:42:57.475431-08:00,read,key_306,3.04,true,false,6867
2025-11-27T16:42:57.475774-08:00,read,key_290,2.73,true,false,6395
2025-11-27T16:42:57.478476-08:00,read,key_915,1.40,true,false,6914
2025-11-27T16:42:57.177162-08:00,write,key_734,303.19,true,false,6964
2025-11-27T16:42:57.272385-08:00,write,key_25,304.62,true,false,6965
2025-11-27T16:42:57.269821-08:00,write,key_925,308.32,true,false,6966
2025-11-27T16:42:57.577009-08:00,read,key_769,1.68,true,false,6666
2025-11-27T16:42:57.361697-08:00,write,key_671,316.94,true,false,6966
2025-11-27T16:42:57.678652-08:00,read,key_115,6.78,true,false,6559
2025-11-27T16:42:57.685434-08:00,read,key_855,2.43,true,false,6718
2025-11-27T16:42:57.475411-08:00,write,key_120,306.25,true,false,6967
2025-11-27T16:42:57.473255-08:00,write,key_534,308.76,true,false,6966
2025-11-27T16:42:57.4785-08:00,write,key_608,304.86,true,false,6968
2025-11-27T16:42:57.477605-08:00,write,key_752,307.14,true,false,6967
2025-11-27T16:42:57.783358-08:00,read,key_439,2.23,true,false,6591
2025-11-27T16:42:57.782015-08:00,read,key_687,3.85,true,false,6737
2025-11-27T16:42:57.48035-08:00,write,key_357,307.49,true,false,6968
2025-11-27T16:42:57.478472-08:00,write,key_414,309.40,true,false,6967
2025-11-27T16:42:57.784743-08:00,read,key_687,3.21,true,false,6737
2025-11-27T16:42:57.479873-08:00,write,key_638,310.46,true,false,6968
2025-11-27T16:42:57.787874-08:00,read,key_222,2.48,true,false,6902
2025-11-27T16:42:57.785863-08:00,read,key_467,5.29,true,false,6881
2025-11-27T16:42:57.790332-08:00,read,key_556,1.30,true,false,6916
2025-11-27T16:42:57.791634-08:00,read,key_866,0.58,true,false,6120
2025-11-27T16:42:57.578147-08:00,write,key_696,310.90,true,false,6969
2025-11-27T16:42:57.578692-08:00,write,key_648,311.12,true,false,6970
2025-11-27T16:42:57.889813-08:00,read,key_68,3.22,true,false,6864
2025-11-27T16:42:57.687863-08:00,write,key_958,315.88,true,false,6969
2025-11-27T16:42:57.781666-08:00,write,key_465,308.70,true,false,6969
2025-11-27T16:42:57.787841-08:00,write,key_769,304.38,true,false,6971
2025-11-27T16:42:57.787955-08:00,write,key_774,304.27,true,false,6970
2025-11-27T16:42:57.785585-08:00,write,key_220,309.70,true,false,6972
2025-11-27T16:42:58.092228-08:00,read,key_220,3.73,true,false,6972
2025-11-27T16:42:58.09596-08:00,read,key_689,1.06,true,false,6593
2025-11-27T16:42:58.097019-08:00,read,key_142,0.92,true,false,6699
2025-11-27T16:42:57.792215-08:00,write,key_243,313.51,true,false,6971
2025-11-27T16:42:57.791158-08:00,write,key_202,314.57,true,false,6969
2025-11-27T16:42:57.79035-08:00,write,key_345,315.38,true,false,6973
2025-11-27T16:42:58.105735-08:00,read,key_220,1.00,true,false,6972
2025-11-27T16:42:58.10573-08:00,read,key_940,1.01,true,false,6868
2025-11-27T16:42:58.106732-08:00,read,key_355,0.74,true,false,6946
2025-11-27T16:42:58.107475-08:00,read,key_14,1.20,true,false,6489
2025-11-27T16:42:58.108676-08:00,read,key_680,3.19,true,false,6937
2025-11-27T16:42:58.111868-08:00,read,key_201,0.64,true,false,6917
2025-11-27T16:42:57.893037-08:00,write,key_858,306.31,true,false,6972
2025-11-27T16:42:57.889056-08:00,write,key_565,311.31,true,false,6971
2025-11-27T16:42:58.003748-08:00,write,key_54,304.05,true,false,6974
2025-11-27T16:42:58.090376-08:00,write,key_758,310.73,true,false,6972
2025-11-27T16:42:58.095295-08:00,write,key_881,309.14,true,false,6976
2025-11-27T16:42:58.092221-08:00,write,key_567,312.30,true,false,6975
2025-11-27T16:42:58.097937-08:00,write,key_650,306.61,true,false,6977
2025-11-27T16:42:58.105731-08:00,write,key_247,304.17,true,false,6974
2025-11-27T16:42:58.404433-08:00,read,key_820,5.48,true,false,6954
2025-11-27T16:42:58.40991-08:00,read,key_463,1.00,true,false,6941
2025-11-27T16:42:58.106741-08:00,write,key_21,304.18,true,false,6974
2025-11-27T16:42:58.112512-08:00,write,key_206,302.90,true,false,6978
2025-11-27T16:42:58.415413-08:00,read,key_330,0.56,true,false,6839
2025-11-27T16:42:58.19935-08:00,write,key_611,306.45,true,false,6978
2025-11-27T16:42:58.200364-08:00,write,key_679,305.44,true,false,6979
2025-11-27T16:42:58.307806-08:00,write,key_723,304.99,true,false,6980
2025-11-27T16:42:58.404527-08:00,write,key_451,311.26,true,false,6981
2025-11-27T16:42:58.404549-08:00,write,key_132,311.25,true,false,6978
2025-11-27T16:42:58.409908-08:00,write,key_865,306.09,true,false,6979
2025-11-27T16:42:58.410922-08:00,write,key_309,305.61,true,false,6982
2025-11-27T16:42:58.41091-08:00,write,key_918,306.19,true,false,6981
2025-11-27T16:42:58.401112-08:00,write,key_567,315.99,true,false,6978
2025-11-27T16:42:58.7158-08:00,read,key_372,6.78,true,false,6204
2025-11-27T16:42:58.717105-08:00,read,key_29,5.54,true,false,6926
2025-11-27T16:42:58.717106-08:00,read,key_168,5.55,true,false,6948
2025-11-27T16:42:58.715788-08:00,read,key_341,6.93,true,false,6490
2025-11-27T16:42:58.415977-08:00,write,key_404,306.75,true,false,6979
2025-11-27T16:42:58.722726-08:00,read,key_461,0.71,true,false,6770
2025-11-27T16:42:58.722715-08:00,read,key_414,2.52,true,false,6967
2025-11-27T16:42:58.505807-08:00,write,key_675,312.49,true,false,6980
2025-11-27T16:42:58.505807-08:00,write,key_33,312.67,true,false,6980
2025-11-27T16:42:58.612798-08:00,write,key_326,308.92,true,false,6981
2025-11-27T16:42:58.716539-08:00,write,key_235,309.48,true,false,6983
2025-11-27T16:42:58.722653-08:00,write,key_570,307.43,true,false,6983
2025-11-27T16:42:58.716001-08:00,write,key_867,316.43,true,false,6983
2025-11-27T16:42:58.722641-08:00,write,key_334,309.79,true,false,6985
2025-11-27T16:42:58.723434-08:00,write,key_44,309.05,true,false,6983
2025-11-27T16:42:58.725232-08:00,write,key_31,307.44,true,false,6984
2025-11-27T16:42:58.722583-08:00,write,key_791,310.55,true,false,6984
2025-11-27T16:42:59.030086-08:00,read,key_488,4.83,true,false,6772
2025-11-27T16:42:59.032668-08:00,read,key_375,3.64,true,false,5204
2025-11-27T16:42:59.034914-08:00,read,key_946,1.40,true,false,6805
2025-11-27T16:42:59.036311-08:00,read,key_774,0.63,true,false,6970
2025-11-27T16:42:58.818297-08:00,write,key_567,310.32,true,false,6983
2025-11-27T16:42:58.818478-08:00,write,key_630,310.13,true,false,6984
2025-11-27T16:42:59.128615-08:00,read,key_948,0.70,true,false,6922
2025-11-27T16:42:59.128615-08:00,read,key_905,0.72,true,false,6695
2025-11-27T16:42:59.129318-08:00,read,key_138,0.83,true,false,6581
2025-11-27T16:42:59.129331-08:00,read,key_672,0.82,true,false,6757
2025-11-27T16:42:58.921723-08:00,write,key_588,313.67,true,false,6985
2025-11-27T16:42:59.033137-08:00,write,key_651,305.62,true,false,6986
2025-11-27T16:42:59.026025-08:00,write,key_591,313.01,true,false,6986
2025-11-27T16:42:59.032482-08:00,write,key_654,306.70,true,false,6987
2025-11-27T16:42:59.032435-08:00,write,key_275,307.12,true,false,6986
2025-11-27T16:42:59.032436-08:00,write,key_860,308.15,true,false,6987
2025-11-27T16:42:59.036318-08:00,write,key_769,306.35,true,false,6986
2025-11-27T16:42:59.036942-08:00,write,key_269,305.77,true,false,6986
2025-11-27T16:42:59.339033-08:00,read,key_722,5.85,true,false,6814
2025-11-27T16:42:59.339555-08:00,read,key_957,7.48,true,false,6952
2025-11-27T16:42:59.344885-08:00,read,key_852,2.15,true,false,6717
2025-11-27T16:42:59.34704-08:00,read,key_714,2.39,false,false,0
2025-11-27T16:42:59.130154-08:00,write,key_433,311.44,true,false,6988
2025-11-27T16:42:59.130154-08:00,write,key_792,311.44,true,false,6987
2025-11-27T16:42:59.2354-08:00,write,key_773,312.35,true,false,6988
2025-11-27T16:42:59.547761-08:00,read,key_680,1.67,true,false,6937
2025-11-27T16:42:59.342671-08:00,write,key_650,307.66,true,false,6989
2025-11-27T16:42:59.338766-08:00,write,key_519,311.79,true,false,6988
2025-11-27T16:42:59.340591-08:00,write,key_679,310.03,true,false,6989
2025-11-27T16:42:59.342712-08:00,write,key_487,308.11,true,false,6989
2025-11-27T16:42:59.339186-08:00,write,key_927,311.90,true,false,6988
2025-11-27T16:42:59.650342-08:00,read,key_435,3.85,true,false,5854
2025-11-27T16:42:59.650825-08:00,read,key_566,3.38,true,false,6634
2025-11-27T16:42:59.651087-08:00,read,key_942,3.13,true,false,6759
2025-11-27T16:42:59.347032-08:00,write,key_926,307.20,true,false,6990
2025-11-27T16:42:59.349428-08:00,write,key_611,304.85,true,false,6990
2025-11-27T16:42:59.650627-08:00,read,key_230,3.81,true,false,6955
2025-11-27T16:42:59.654238-08:00,read,key_687,1.99,true,false,6737
2025-11-27T16:42:59.654214-08:00,read,key_462,2.01,true,false,6925
2025-11-27T16:42:59.654202-08:00,read,key_607,2.13,true,false,6573
2025-11-27T16:42:59.656227-08:00,read,key_831,1.90,true,false,6954
2025-11-27T16:42:59.656336-08:00,read,key_354,1.84,true,false,6913
2025-11-27T16:42:59.658127-08:00,read,key_834,2.31,true,false,6484
2025-11-27T16:42:59.656229-08:00,read,key_990,4.23,true,false,6762
2025-11-27T16:42:59.654443-08:00,read,key_985,6.23,true,false,6766
2025-11-27T16:42:59.66046-08:00,read,key_348,1.34,true,false,6719
2025-11-27T16:42:59.441627-08:00,write,key_205,310.23,true,false,6989
2025-11-27T16:42:59.441604-08:00,write,key_219,310.38,true,false,6990
2025-11-27T16:42:59.751981-08:00,read,key_130,1.77,true,false,6913
2025-11-27T16:42:59.751865-08:00,read,key_230,1.89,true,false,6955
2025-11-27T16:42:59.753753-08:00,read,key_216,3.47,true,false,6468
2025-11-27T16:42:59.757228-08:00,read,key_207,0.76,true,false,6876
2025-11-27T16:42:59.757992-08:00,read,key_386,0.54,true,false,6720
2025-11-27T16:42:59.549434-08:00,write,key_642,307.87,true,false,6991
2025-11-27T16:42:59.857302-08:00,read,key_9,0.82,true,false,6811
2025-11-27T16:42:59.65428-08:00,write,key_0,308.00,true,false,6992
2025-11-27T16:42:59.650555-08:00,write,key_585,311.75,true,false,6991
2025-11-27T16:42:59.654196-08:00,write,key_942,308.16,true,false,6991
2025-11-27T16:42:59.660677-08:00,write,key_538,302.38,true,false,6991
2025-11-27T16:42:59.96236-08:00,read,key_35,2.80,true,false,6890
2025-11-27T16:42:59.963063-08:00,read,key_946,3.67,true,false,6805
2025-11-27T16:42:59.966735-08:00,read,key_348,0.49,true,false,6719
2025-11-27T16:42:59.660441-08:00,write,key_918,311.80,true,false,6993
2025-11-27T16:42:59.661798-08:00,write,key_324,310.72,true,false,6992
2025-11-27T16:42:59.658174-08:00,write,key_22,314.38,true,false,6992
2025-11-27T16:42:59.972517-08:00,read,key_305,2.97,true,false,6775
2025-11-27T16:42:59.758538-08:00,write,key_288,308.26,true,false,6994
2025-11-27T16:42:59.753784-08:00,write,key_951,313.02,true,false,6992
2025-11-27T16:42:59.858127-08:00,write,key_763,313.64,true,false,6992
2025-11-27T16:43:00.171776-08:00,read,key_969,1.58,true,false,6864
2025-11-27T16:42:59.965166-08:00,write,key_846,309.54,true,false,6993
2025-11-27T16:42:59.962286-08:00,write,key_869,312.51,true,false,6996
2025-11-27T16:42:59.967229-08:00,write,key_302,307.77,true,false,6993
2025-11-27T16:42:59.962304-08:00,write,key_417,312.79,true,false,6995
2025-11-27T16:42:59.972254-08:00,write,key_214,305.60,true,false,6994
2025-11-27T16:43:00.274793-08:00,read,key_162,3.50,true,false,6394
2025-11-27T16:43:00.277861-08:00,read,key_249,2.03,true,false,6628
2025-11-27T16:42:59.975489-08:00,write,key_653,304.71,true,false,6994
2025-11-27T16:42:59.97255-08:00,write,key_334,308.92,true,false,6997
2025-11-27T16:43:00.278293-08:00,read,key_756,4.61,true,false,6739
2025-11-27T16:43:00.2829-08:00,read,key_37,1.80,true,false,6754
2025-11-27T16:43:00.284702-08:00,read,key_550,1.77,true,false,6920
2025-11-27T16:43:00.286473-08:00,read,key_518,0.65,true,false,6319
2025-11-27T16:43:00.287119-08:00,read,key_245,0.79,true,false,6913
2025-11-27T16:43:00.287906-08:00,read,key_226,0.58,true,false,6845
2025-11-27T16:43:00.066802-08:00,write,key_488,310.71,true,false,6995
2025-11-27T16:43:00.066805-08:00,write,key_36,310.71,true,false,6995
2025-11-27T16:43:00.377518-08:00,read,key_189,1.16,true,false,5753
2025-11-27T16:43:00.173358-08:00,write,key_954,309.64,true,false,6998
2025-11-27T16:43:00.280195-08:00,write,key_912,303.84,true,false,6999
2025-11-27T16:43:00.274711-08:00,write,key_780,309.84,true,false,6997
2025-11-27T16:43:00.275001-08:00,write,key_309,309.95,true,false,6997
2025-11-27T16:43:00.275097-08:00,write,key_166,310.50,true,false,6998
2025-11-27T16:43:00.584046-08:00,read,key_858,3.90,true,false,6972
2025-11-27T16:43:00.584551-08:00,read,key_857,3.41,true,false,6831
2025-11-27T16:43:00.585594-08:00,read,key_830,6.11,true,false,6861
2025-11-27T16:43:00.281469-08:00,write,key_33,310.32,true,false,7000
2025-11-27T16:43:00.279889-08:00,write,key_832,312.53,true,false,6999
2025-11-27T16:43:00.591707-08:00,read,key_264,1.14,true,false,6395
2025-11-27T16:43:00.591789-08:00,read,key_768,2.30,true,false,6094
2025-11-27T16:43:00.592417-08:00,read,key_144,1.76,true,false,5204
2025-11-27T16:43:00.288484-08:00,write,key_188,305.73,true,false,7001
2025-11-27T16:43:00.594214-08:00,read,key_465,0.89,true,false,6969
2025-11-27T16:43:00.594176-08:00,read,key_535,0.94,true,false,6654
2025-11-27T16:43:00.594096-08:00,read,key_223,1.02,true,false,6839
2025-11-27T16:43:00.595112-08:00,read,key_593,0.69,true,false,6691
2025-11-27T16:43:00.595798-08:00,read,key_945,0.59,true,false,6840
2025-11-27T16:43:00.378679-08:00,write,key_139,305.54,true,false,6999
2025-11-27T16:43:00.377519-08:00,write,key_442,306.70,true,false,7002
2025-11-27T16:43:00.483011-08:00,write,key_516,306.87,true,false,7003
2025-11-27T16:43:00.587945-08:00,write,key_11,305.30,true,false,7004
2025-11-27T16:43:00.587958-08:00,write,key_979,305.46,true,false,7000
2025-11-27T16:43:00.893247-08:00,read,key_286,2.80,true,false,6114
2025-11-27T16:43:00.584957-08:00,write,key_567,311.11,true,false,7005
2025-11-27T16:43:00.896045-08:00,read,key_729,2.05,true,false,4837
2025-11-27T16:43:00.596388-08:00,write,key_248,303.13,true,false,7003
2025-11-27T16:43:00.595107-08:00,write,key_326,305.10,true,false,7002
2025-11-27T16:43:00.595115-08:00,write,key_454,305.10,true,false,7006
2025-11-27T16:43:00.8981-08:00,read,key_232,2.15,true,false,6899
2025-11-27T16:43:00.592851-08:00,write,key_295,307.49,true,false,7004
2025-11-27T16:43:00.899515-08:00,read,key_350,2.82,true,false,6867
2025-11-27T16:43:00.900221-08:00,read,key_599,3.26,true,false,6024
2025-11-27T16:43:00.900211-08:00,read,key_911,3.28,true,false,6555
2025-11-27T16:43:00.903488-08:00,read,key_752,1.30,true,false,6967
2025-11-27T16:43:00.904789-08:00,read,key_247,0.62,true,false,6974
2025-11-27T16:43:00.903478-08:00,read,key_729,1.98,true,false,4837
2025-11-27T16:43:00.905408-08:00,read,key_245,0.52,true,false,6913
2025-11-27T16:43:00.684219-08:00,write,key_222,311.26,true,false,7004
2025-11-27T16:43:00.684219-08:00,write,key_539,311.30,true,false,7003
2025-11-27T16:43:00.789888-08:00,write,key_453,309.37,true,false,7004
2025-11-27T16:43:00.893417-08:00,write,key_231,307.16,true,false,7006
2025-11-27T16:43:00.896071-08:00,write,key_642,307.18,true,false,7007
2025-11-27T16:43:01.203255-08:00,read,key_565,0.73,true,false,6971
2025-11-27T16:43:00.905457-08:00,write,key_562,302.67,true,false,7007
2025-11-27T16:43:00.900339-08:00,write,key_200,307.80,true,false,7007
2025-11-27T16:43:00.90593-08:00,write,key_581,302.29,true,false,7007
2025-11-27T16:43:00.900251-08:00,write,key_967,308.05,true,false,7008
2025-11-27T16:43:00.902338-08:00,write,key_135,306.02,true,false,7009
2025-11-27T16:43:01.208144-08:00,read,key_767,2.67,true,false,6720
2025-11-27T16:43:01.208307-08:00,read,key_850,3.04,true,false,6905
2025-11-27T16:43:01.210818-08:00,read,key_796,1.46,true,false,6880
2025-11-27T16:43:00.995516-08:00,write,key_299,307.82,true,false,7007
2025-11-27T16:43:00.995478-08:00,write,key_487,307.91,true,false,7008
2025-11-27T16:43:01.303337-08:00,read,key_466,1.58,true,false,5745
2025-11-27T16:43:01.303392-08:00,read,key_928,1.58,true,false,4602
2025-11-27T16:43:01.304976-08:00,read,key_248,2.77,true,false,7003
2025-11-27T16:43:01.307747-08:00,read,key_950,2.94,true,false,6752
2025-11-27T16:43:01.304917-08:00,read,key_821,7.41,true,false,6240
2025-11-27T16:43:01.312327-08:00,read,key_609,0.60,true,false,6908
2025-11-27T16:43:01.312932-08:00,read,key_759,2.65,true,false,6958
2025-11-27T16:43:01.099257-08:00,write,key_25,304.97,true,false,7008
2025-11-27T16:43:01.404231-08:00,read,key_949,0.83,true,false,6899
2025-11-27T16:43:01.200585-08:00,write,key_10,305.68,true,false,7009
2025-11-27T16:43:01.50627-08:00,read,key_676,1.02,true,false,6895
2025-11-27T16:43:01.203989-08:00,write,key_885,303.34,true,false,7010
2025-11-27T16:43:01.208134-08:00,write,key_171,305.75,true,false,7011
2025-11-27T16:43:01.208218-08:00,write,key_816,305.68,true,false,7010
2025-11-27T16:43:01.513894-08:00,read,key_481,1.16,true,false,6672
2025-11-27T16:43:01.51389-08:00,read,key_511,1.34,true,false,6750
2025-11-27T16:43:01.212283-08:00,write,key_32,305.54,true,false,7010
2025-11-27T16:43:01.208363-08:00,write,key_888,309.51,true,false,7010
2025-11-27T16:43:01.515058-08:00,read,key_917,3.47,true,false,6904
2025-11-27T16:43:01.211351-08:00,write,key_468,307.38,true,false,7010
2025-11-27T16:43:01.518734-08:00,read,key_18,3.10,true,false,6843
2025-11-27T16:43:01.521833-08:00,read,key_857,0.95,true,false,6831
2025-11-27T16:43:01.310692-08:00,write,key_186,305.03,true,false,7011
2025-11-27T16:43:01.315582-08:00,write,key_863,303.90,true,false,7012
2025-11-27T16:43:01.619485-08:00,read,key_225,0.84,true,false,6429
2025-11-27T16:43:01.620329-08:00,read,key_581,0.78,true,false,7007
2025-11-27T16:43:01.62111-08:00,read,key_584,0.78,true,false,6020
2025-11-27T16:43:01.621887-08:00,read,key_634,0.68,true,false,6907
2025-11-27T16:43:01.405067-08:00,write,key_957,311.79,true,false,7012
2025-11-27T16:43:01.507293-08:00,write,key_602,312.84,true,false,7011
2025-11-27T16:43:01.507325-08:00,write,key_812,312.81,true,false,7013
2025-11-27T16:43:01.820139-08:00,read,key_511,1.35,true,false,6750
2025-11-27T16:43:01.821487-08:00,read,key_848,1.71,true,false,6771
2025-11-27T16:43:01.823204-08:00,read,key_173,1.59,true,false,6901
2025-11-27T16:43:01.517873-08:00,write,key_815,306.92,true,false,7013
2025-11-27T16:43:01.522787-08:00,write,key_918,302.02,true,false,7013
2025-11-27T16:43:01.515233-08:00,write,key_311,309.59,true,false,7012
2025-11-27T16:43:01.518533-08:00,write,key_670,306.33,true,false,7014
2025-11-27T16:43:01.517828-08:00,write,key_331,307.66,true,false,7012
2025-11-27T16:43:01.824859-08:00,read,key_6,3.08,true,false,6489
2025-11-27T16:43:01.824795-08:00,read,key_486,3.17,true,false,6811
2025-11-27T16:43:01.824795-08:00,read,key_82,3.25,true,false,6804
2025-11-27T16:43:01.824804-08:00,read,key_330,3.27,true,false,6839
2025-11-27T16:43:01.825486-08:00,read,key_961,3.05,true,false,6854
2025-11-27T16:43:01.827943-08:00,read,key_412,0.69,true,false,6776
2025-11-27T16:43:01.828637-08:00,read,key_856,0.51,true,false,6882
2025-11-27T16:43:01.829151-08:00,read,key_535,0.47,true,false,6654
2025-11-27T16:43:01.82805-08:00,read,key_463,1.75,true,false,6941
2025-11-27T16:43:01.615728-08:00,write,key_121,306.46,true,false,7014
2025-11-27T16:43:01.922186-08:00,read,key_412,0.85,true,false,6776
2025-11-27T16:43:01.622571-08:00,write,key_353,302.78,true,false,7013
2025-11-27T16:43:01.716862-08:00,write,key_483,308.16,true,false,7015
2025-11-27T16:43:02.025021-08:00,read,key_234,2.52,true,false,6915
2025-11-27T16:43:02.027547-08:00,read,key_673,9.36,true,false,6350
2025-11-27T16:43:01.820163-08:00,write,key_534,309.13,true,false,7014
2025-11-27T16:43:01.82962-08:00,write,key_22,305.58,true,false,7016
2025-11-27T16:43:01.828073-08:00,write,key_133,308.74,true,false,7015
2025-11-27T16:43:01.827967-08:00,write,key_862,308.85,true,false,7017
2025-11-27T16:43:01.824825-08:00,write,key_813,312.10,true,false,7016
2025-11-27T16:43:01.828534-08:00,write,key_647,309.56,true,false,7015
2025-11-27T16:43:01.829799-08:00,write,key_858,308.31,true,false,7016
2025-11-27T16:43:02.136822-08:00,read,key_751,2.45,true,false,6578
2025-11-27T16:43:02.138091-08:00,read,key_856,1.21,true,false,6882
2025-11-27T16:43:02.13693-08:00,read,key_590,2.39,true,false,6924
2025-11-27T16:43:02.136816-08:00,read,key_757,2.84,true,false,6861
2025-11-27T16:43:02.139321-08:00,read,key_951,0.74,true,false,6992
2025-11-27T16:43:02.139269-08:00,read,key_552,0.81,true,false,6301
2025-11-27T16:43:02.139657-08:00,read,key_611,1.19,true,false,6990
2025-11-27T16:43:02.140077-08:00,read,key_953,0.78,true,false,6955
2025-11-27T16:43:02.140846-08:00,read,key_53,0.57,true,false,6568
2025-11-27T16:43:02.141419-08:00,read,key_0,2.23,true,false,6992
2025-11-27T16:43:01.925353-08:00,write,key_924,305.75,true,false,7016
2025-11-27T16:43:01.923035-08:00,write,key_403,309.98,true,false,7018
2025-11-27T16:43:02.231106-08:00,read,key_415,2.40,true,false,6934
2025-11-27T16:43:02.036913-08:00,write,key_307,307.35,true,false,7017
2025-11-27T16:43:02.344266-08:00,read,key_305,2.99,true,false,6775
2025-11-27T16:43:02.347257-08:00,read,key_355,1.04,true,false,6946
2025-11-27T16:43:02.1293-08:00,write,key_645,304.98,true,false,7018
2025-11-27T16:43:02.434285-08:00,read,key_306,0.84,true,false,6867
2025-11-27T16:43:02.135201-08:00,write,key_204,306.57,true,false,7018
2025-11-27T16:43:02.138108-08:00,write,key_325,303.67,true,false,7019
2025-11-27T16:43:02.140064-08:00,write,key_569,303.96,true,false,7018
2025-11-27T16:43:02.140853-08:00,write,key_245,305.04,true,false,7020
2025-11-27T16:43:02.139299-08:00,write,key_223,306.65,true,false,7019
2025-11-27T16:43:02.143653-08:00,write,key_593,305.23,true,false,7020
2025-11-27T16:43:02.233506-08:00,write,key_957,304.83,true,false,7019
2025-11-27T16:43:02.233015-08:00,write,key_646,305.32,true,false,7019
2025-11-27T16:43:02.348297-08:00,write,key_838,304.22,true,false,7021
2025-11-27T16:43:02.652524-08:00,read,key_582,0.96,true,false,6104
2025-11-27T16:43:02.653483-08:00,read,key_720,2.71,true,false,6855
2025-11-27T16:43:02.656192-08:00,read,key_170,0.63,true,false,6481
2025-11-27T16:43:02.435133-08:00,write,key_307,310.35,true,false,7019
2025-11-27T16:43:02.441772-08:00,write,key_957,305.77,true,false,7022
2025-11-27T16:43:02.441778-08:00,write,key_686,305.77,true,false,7021
2025-11-27T16:43:02.444024-08:00,write,key_15,303.54,true,false,7020
2025-11-27T16:43:02.745495-08:00,read,key_594,2.77,true,false,6752
2025-11-27T16:43:02.747541-08:00,read,key_20,2.41,true,false,6665
2025-11-27T16:43:02.445948-08:00,write,key_362,307.27,true,false,7023
2025-11-27T16:43:02.445898-08:00,write,key_605,307.33,true,false,7021
2025-11-27T16:43:02.448886-08:00,write,key_186,304.36,true,false,7022
2025-11-27T16:43:02.538345-08:00,write,key_535,311.61,true,false,7024
2025-11-27T16:43:02.538338-08:00,write,key_432,311.62,true,false,7023
2025-11-27T16:43:02.65682-08:00,write,key_840,308.39,true,false,7022
2025-11-27T16:43:02.965211-08:00,read,key_209,2.54,true,false,6820
2025-11-27T16:43:02.748265-08:00,write,key_328,311.18,true,false,7023
2025-11-27T16:43:02.74757-08:00,write,key_106,311.94,true,false,7025
2025-11-27T16:43:02.749955-08:00,write,key_957,309.61,true,false,7026
2025-11-27T16:43:02.753226-08:00,write,key_670,307.23,true,false,7024
2025-11-27T16:43:02.747549-08:00,write,key_308,313.40,true,false,7025
2025-11-27T16:43:02.753249-08:00,write,key_778,307.74,true,false,7025
2025-11-27T16:43:02.753217-08:00,write,key_404,307.78,true,false,7024
2025-11-27T16:43:03.059508-08:00,read,key_550,5.90,true,false,6920
2025-11-27T16:43:03.065407-08:00,read,key_767,1.67,true,false,6720
2025-11-27T16:43:02.84996-08:00,write,key_858,310.65,true,false,7025
2025-11-27T16:43:02.849989-08:00,write,key_782,311.29,true,false,7027
2025-11-27T16:43:03.160616-08:00,read,key_203,2.63,true,false,6588
2025-11-27T16:43:03.163248-08:00,read,key_372,1.37,true,false,6204
2025-11-27T16:43:03.164619-08:00,read,key_390,2.43,true,false,6576
2025-11-27T16:43:03.167047-08:00,read,key_30,2.44,true,false,6938
2025-11-27T16:43:02.967749-08:00,write,key_616,312.53,true,false,7026
2025-11-27T16:43:03.060459-08:00,write,key_884,322.40,true,false,7028
2025-11-27T16:43:03.060999-08:00,write,key_656,321.87,true,false,7028
2025-11-27T16:43:03.06095-08:00,write,key_619,321.95,true,false,7027
2025-11-27T16:43:03.059453-08:00,write,key_945,323.52,true,false,7028
2025-11-27T16:43:03.059569-08:00,write,key_512,323.44,true,false,7027
2025-11-27T16:43:03.060988-08:00,write,key_52,322.15,true,false,7029
2025-11-27T16:43:03.067081-08:00,write,key_819,316.11,true,false,7027
2025-11-27T16:43:03.382864-08:00,read,key_814,0.67,true,false,6869
2025-11-27T16:43:03.382902-08:00,read,key_959,1.04,true,false,6950
2025-11-27T16:43:03.382874-08:00,read,key_338,1.08,true,false,6845
2025-11-27T16:43:03.383196-08:00,read,key_512,0.78,true,false,7027
2025-11-27T16:43:03.383142-08:00,read,key_929,0.87,true,false,6494
2025-11-27T16:43:03.383956-08:00,read,key_921,0.94,true,false,6948
2025-11-27T16:43:03.384011-08:00,read,key_403,1.48,true,false,7018
2025-11-27T16:43:03.383942-08:00,read,key_764,1.55,true,false,6822
2025-11-27T16:43:03.384899-08:00,read,key_579,1.03,true,false,6795
2025-11-27T16:43:03.385494-08:00,read,key_357,0.69,true,false,6968
2025-11-27T16:43:03.385931-08:00,read,key_448,0.36,true,false,6784
2025-11-27T16:43:03.386293-08:00,read,key_767,0.49,true,false,6720
2025-11-27T16:43:03.386783-08:00,read,key_249,0.57,true,false,6628
2025-11-27T16:43:03.387353-08:00,read,key_35,0.46,true,false,6890
2025-11-27T16:43:03.161277-08:00,write,key_323,310.34,true,false,7029
2025-11-27T16:43:03.169486-08:00,write,key_603,305.92,true,false,7028
2025-11-27T16:43:03.28029-08:00,write,key_797,307.79,true,false,7030
2025-11-27T16:43:03.382979-08:00,write,key_466,304.89,true,false,7031
2025-11-27T16:43:03.383007-08:00,write,key_233,305.93,true,false,7030
2025-11-27T16:43:03.383533-08:00,write,key_921,305.42,true,false,7030
2025-11-27T16:43:03.385498-08:00,write,key_921,303.60,true,false,7030
2025-11-27T16:43:03.383976-08:00,write,key_378,305.14,true,false,7032
2025-11-27T16:43:03.386184-08:00,write,key_333,303.31,true,false,7031
2025-11-27T16:43:03.687873-08:00,read,key_301,3.99,true,false,6959
2025-11-27T16:43:03.387812-08:00,write,key_836,307.30,true,false,7031
2025-11-27T16:43:03.689099-08:00,read,key_841,6.04,true,false,6548
2025-11-27T16:43:03.689119-08:00,read,key_976,6.37,true,false,6856
2025-11-27T16:43:03.688951-08:00,read,key_348,6.60,true,false,6719
2025-11-27T16:43:03.69549-08:00,read,key_374,2.17,true,false,5629
2025-11-27T16:43:03.695137-08:00,read,key_605,2.58,true,false,7021
2025-11-27T16:43:03.689492-08:00,read,key_880,8.27,true,false,6808
2025-11-27T16:43:03.695554-08:00,read,key_332,2.25,true,false,6667
2025-11-27T16:43:03.69186-08:00,read,key_833,5.99,true,false,4801
2025-11-27T16:43:03.697719-08:00,read,key_426,1.30,true,false,6588
2025-11-27T16:43:03.697767-08:00,read,key_235,1.29,true,false,6983
2025-11-27T16:43:03.697662-08:00,read,key_400,1.42,true,false,6059
2025-11-27T16:43:03.699086-08:00,read,key_897,0.96,true,false,6350
2025-11-27T16:43:03.697852-08:00,read,key_68,2.24,true,false,6864
2025-11-27T16:43:03.700097-08:00,read,key_173,0.61,true,false,6901
2025-11-27T16:43:03.475412-08:00,write,key_467,309.38,true,false,7033
2025-11-27T16:43:03.471623-08:00,write,key_943,313.38,true,false,7032
2025-11-27T16:43:03.784794-08:00,read,key_943,2.21,true,false,7032
2025-11-27T16:43:03.588083-08:00,write,key_1,304.20,true,false,7034
2025-11-27T16:43:03.688937-08:00,write,key_489,310.79,true,false,7035
2025-11-27T16:43:03.695117-08:00,write,key_61,306.71,true,false,7035
2025-11-27T16:43:03.699055-08:00,write,key_20,305.81,true,false,7033
2025-11-27T16:43:03.700048-08:00,write,key_635,305.03,true,false,7034
2025-11-27T16:43:03.699025-08:00,write,key_860,306.17,true,false,7036
2025-11-27T16:43:03.697804-08:00,write,key_886,307.48,true,false,7033
2025-11-27T16:43:04.001833-08:00,read,key_480,4.65,true,false,6913
2025-11-27T16:43:03.700703-08:00,write,key_442,305.80,true,false,7037
2025-11-27T16:43:04.006501-08:00,read,key_778,1.66,true,false,7025
2025-11-27T16:43:03.999731-08:00,read,key_956,8.57,true,false,6864
2025-11-27T16:43:04.00487-08:00,read,key_724,4.68,true,false,6942
2025-11-27T16:43:03.785-08:00,write,key_56,311.38,true,false,7034
2025-11-27T16:43:03.787009-08:00,write,key_374,309.54,true,false,7034
2025-11-27T16:43:04.096387-08:00,read,key_776,1.63,true,false,6916
2025-11-27T16:43:04.096552-08:00,read,key_919,1.46,true,false,6949
2025-11-27T16:43:03.892286-08:00,write,key_586,312.46,true,false,7035
2025-11-27T16:43:04.204749-08:00,read,key_139,2.54,true,false,6999
2025-11-27T16:43:04.005195-08:00,write,key_414,310.28,true,false,7038
2025-11-27T16:43:04.00816-08:00,write,key_234,308.94,true,false,7039
2025-11-27T16:43:04.006485-08:00,write,key_841,310.76,true,false,7038
2025-11-27T16:43:04.005076-08:00,write,key_301,312.68,true,false,7038
2025-11-27T16:43:04.005282-08:00,write,key_292,312.54,true,false,7039
2025-11-27T16:43:04.009552-08:00,write,key_656,308.35,true,false,7040
2025-11-27T16:43:04.008307-08:00,write,key_981,312.76,true,false,7038
2025-11-27T16:43:04.317105-08:00,read,key_536,6.57,true,false,6842
2025-11-27T16:43:04.31725-08:00,read,key_944,6.47,true,false,6740
2025-11-27T16:43:04.323723-08:00,read,key_13,1.39,true,false,6941
2025-11-27T16:43:04.323681-08:00,read,key_759,1.44,true,false,6958
2025-11-27T16:43:04.32512-08:00,read,key_830,0.91,true,false,6861
2025-11-27T16:43:04.325118-08:00,read,key_802,1.05,true,false,6953
2025-11-27T16:43:04.326026-08:00,read,key_127,1.14,true,false,5898
2025-11-27T16:43:04.327168-08:00,read,key_536,0.64,true,false,6842
2025-11-27T16:43:04.327808-08:00,read,key_598,0.47,true,false,5909
2025-11-27T16:43:04.328284-08:00,read,key_358,0.52,true,false,6536
2025-11-27T16:43:04.098017-08:00,write,key_674,309.35,true,false,7039
2025-11-27T16:43:04.098016-08:00,write,key_848,309.36,true,false,7038
2025-11-27T16:43:04.407374-08:00,read,key_353,2.04,true,false,7013
2025-11-27T16:43:04.207293-08:00,write,key_583,304.89,true,false,7040
2025-11-27T16:43:04.512191-08:00,read,key_518,3.05,true,false,6319
2025-11-27T16:43:04.317824-08:00,write,key_486,311.58,true,false,7041
2025-11-27T16:43:04.321072-08:00,write,key_913,308.34,true,false,7041
2025-11-27T16:43:04.317902-08:00,write,key_512,311.52,true,false,7042
2025-11-27T16:43:04.317757-08:00,write,key_680,311.68,true,false,7041
2025-11-27T16:43:04.315481-08:00,write,key_749,314.07,true,false,7041
2025-11-27T16:43:04.629409-08:00,read,key_412,3.14,true,false,6776
2025-11-27T16:43:04.629433-08:00,read,key_238,3.17,true,false,6933
2025-11-27T16:43:04.629427-08:00,read,key_798,3.31,true,false,6755
2025-11-27T16:43:04.326168-08:00,write,key_838,307.57,true,false,7041
2025-11-27T16:43:04.328809-08:00,write,key_915,304.96,true,false,7042
2025-11-27T16:43:04.632553-08:00,read,key_299,4.32,true,false,7007
2025-11-27T16:43:04.632734-08:00,read,key_898,4.23,true,false,6538
2025-11-27T16:43:04.636871-08:00,read,key_567,1.56,true,false,7005
2025-11-27T16:43:04.636969-08:00,read,key_402,1.49,true,false,6949
2025-11-27T16:43:04.633744-08:00,read,key_966,5.41,true,false,6748
2025-11-27T16:43:04.638433-08:00,read,key_485,0.76,true,false,6840
2025-11-27T16:43:04.638464-08:00,read,key_108,0.77,true,false,6617
2025-11-27T16:43:04.639231-08:00,read,key_873,0.58,true,false,6806
2025-11-27T16:43:04.639194-08:00,read,key_23,0.71,true,false,6884
2025-11-27T16:43:04.639816-08:00,read,key_186,0.51,true,false,7022
2025-11-27T16:43:04.640327-08:00,read,key_896,0.53,true,false,6269
2025-11-27T16:43:04.640863-08:00,read,key_536,0.51,true,false,6842
2025-11-27T16:43:04.641378-08:00,read,key_350,0.46,true,false,6867
2025-11-27T16:43:04.409416-08:00,write,key_913,313.05,true,false,7043
2025-11-27T16:43:04.407374-08:00,write,key_562,315.10,true,false,7043
2025-11-27T16:43:04.722474-08:00,read,key_454,1.28,true,false,7006
2025-11-27T16:43:04.723751-08:00,read,key_266,0.75,true,false,6956
2025-11-27T16:43:04.724504-08:00,read,key_349,0.56,true,false,6943
2025-11-27T16:43:04.515241-08:00,write,key_334,309.70,true,false,7044
2025-11-27T16:43:04.629409-08:00,write,key_202,307.00,true,false,7043
2025-11-27T16:43:04.936413-08:00,read,key_859,0.69,true,false,6725
2025-11-27T16:43:04.629554-08:00,write,key_658,307.83,true,false,7045
2025-11-27T16:43:04.9371-08:00,read,key_594,0.50,true,false,6752
2025-11-27T16:43:04.937602-08:00,read,key_680,0.41,true,false,7041
2025-11-27T16:43:04.632604-08:00,write,key_533,306.24,true,false,7044
2025-11-27T16:43:04.93885-08:00,read,key_460,0.44,true,false,6964
2025-11-27T16:43:04.939288-08:00,read,key_679,0.41,true,false,6989
2025-11-27T16:43:04.939702-08:00,read,key_859,0.38,true,false,6725
2025-11-27T16:43:04.940088-08:00,read,key_975,0.38,true,false,6768
2025-11-27T16:43:04.639901-08:00,write,key_690,302.93,true,false,7043
2025-11-27T16:43:04.639151-08:00,write,key_911,303.73,true,false,7045
2025-11-27T16:43:04.633767-08:00,write,key_484,309.12,true,false,7046
2025-11-27T16:43:04.942892-08:00,read,key_819,0.52,true,false,7027
2025-11-27T16:43:04.64184-08:00,write,key_788,304.38,true,false,7044
2025-11-27T16:43:04.946218-08:00,read,key_728,0.40,true,false,6711
2025-11-27T16:43:04.946615-08:00,read,key_817,0.35,true,false,6963
2025-11-27T16:43:04.946966-08:00,read,key_455,0.34,true,false,6920
2025-11-27T16:43:04.725063-08:00,write,key_418,304.69,true,false,7045
2025-11-27T16:43:04.722474-08:00,write,key_968,307.27,true,false,7044
2025-11-27T16:43:04.824942-08:00,write,key_468,308.71,true,false,7045
2025-11-27T16:43:04.937389-08:00,write,key_128,304.45,true,false,7047
2025-11-27T16:43:04.938016-08:00,write,key_405,303.87,true,false,7046
2025-11-27T16:43:04.94047-08:00,write,key_899,304.34,true,false,7046
2025-11-27T16:43:05.24189-08:00,read,key_120,3.18,true,false,6967
2025-11-27T16:43:05.241845-08:00,read,key_681,3.53,true,false,6917
2025-11-27T16:43:04.942885-08:00,write,key_609,305.10,true,false,7047
2025-11-27T16:43:04.942827-08:00,write,key_602,305.18,true,false,7048
2025-11-27T16:43:04.943408-08:00,write,key_945,304.68,true,false,7047
2025-11-27T16:43:05.245069-08:00,read,key_100,3.07,true,false,5977
2025-11-27T16:43:05.248144-08:00,read,key_394,0.53,true,false,6494
2025-11-27T16:43:05.248676-08:00,read,key_18,0.39,true,false,6843
2025-11-27T16:43:05.249066-08:00,read,key_340,1.06,true,false,5459
2025-11-27T16:43:05.250123-08:00,read,key_485,0.75,true,false,6840
2025-11-27T16:43:04.947311-08:00,write,key_763,304.66,true,false,7049
2025-11-27T16:43:05.250878-08:00,read,key_86,1.66,true,false,6685
2025-11-27T16:43:05.029752-08:00,write,key_426,312.50,true,false,7048
2025-11-27T16:43:05.02977-08:00,write,key_817,312.54,true,false,7050
2025-11-27T16:43:05.342257-08:00,read,key_20,3.83,true,false,7033
2025-11-27T16:43:05.13366-08:00,write,key_171,311.36,true,false,7047
2025-11-27T16:43:05.445027-08:00,read,key_681,0.97,true,false,6917
2025-11-27T16:43:05.247984-08:00,write,key_354,307.80,true,false,7052
2025-11-27T16:43:05.245371-08:00,write,key_225,310.43,true,false,7049
2025-11-27T16:43:05.244818-08:00,write,key_304,311.02,true,false,7049
2025-11-27T16:43:05.248083-08:00,write,key_647,307.80,true,false,7050
2025-11-27T16:43:05.25254-08:00,write,key_439,303.25,true,false,7050
2025-11-27T16:43:05.248008-08:00,write,key_955,307.97,true,false,7051
2025-11-27T16:43:05.251972-08:00,write,key_568,306.96,true,false,7051
2025-11-27T16:43:05.558938-08:00,read,key_618,3.44,true,false,6912
2025-11-27T16:43:05.346087-08:00,write,key_203,309.71,true,false,7051
2025-11-27T16:43:05.342308-08:00,write,key_958,314.65,true,false,7052
2025-11-27T16:43:05.655809-08:00,read,key_688,1.73,true,false,6909
2025-11-27T16:43:05.657537-08:00,read,key_655,1.63,true,false,6909
2025-11-27T16:43:05.656957-08:00,read,key_553,4.77,true,false,6929
2025-11-27T16:43:05.445999-08:00,write,key_231,308.34,true,false,7052
2025-11-27T16:43:05.555882-08:00,write,key_356,308.04,true,false,7054
2025-11-27T16:43:05.555838-08:00,write,key_458,308.10,true,false,7053
2025-11-27T16:43:05.555976-08:00,write,key_350,308.02,true,false,7054
2025-11-27T16:43:05.555945-08:00,write,key_480,307.98,true,false,7053
2025-11-27T16:43:05.555792-08:00,write,key_309,314.81,true,false,7054
2025-11-27T16:43:05.555803-08:00,write,key_18,314.80,true,false,7053
2025-11-27T16:43:05.863924-08:00,read,key_866,7.62,true,false,6120
2025-11-27T16:43:05.562382-08:00,write,key_411,309.23,true,false,7055
2025-11-27T16:43:05.864103-08:00,read,key_834,8.58,true,false,6484
2025-11-27T16:43:05.870605-08:00,read,key_775,2.31,true,false,6498
2025-11-27T16:43:05.87155-08:00,read,key_914,1.41,true,false,6772
2025-11-27T16:43:05.872911-08:00,read,key_859,0.60,true,false,6725
2025-11-27T16:43:05.872964-08:00,read,key_638,0.62,true,false,6968
2025-11-27T16:43:05.873588-08:00,read,key_966,0.64,true,false,6748
2025-11-27T16:43:05.873513-08:00,read,key_14,0.75,true,false,6489
2025-11-27T16:43:05.874268-08:00,read,key_996,0.59,true,false,6148
2025-11-27T16:43:05.874232-08:00,read,key_462,0.63,true,false,6925
2025-11-27T16:43:05.874858-08:00,read,key_537,0.51,true,false,6965
2025-11-27T16:43:05.875363-08:00,read,key_858,1.65,true,false,7025
2025-11-27T16:43:05.877019-08:00,read,key_23,1.55,true,false,6884
2025-11-27T16:43:05.878574-08:00,read,key_348,0.48,true,false,6719
2025-11-27T16:43:05.879051-08:00,read,key_995,0.43,true,false,6714
2025-11-27T16:43:05.659169-08:00,write,key_333,312.81,true,false,7055
2025-11-27T16:43:05.661733-08:00,write,key_925,310.25,true,false,7056
2025-11-27T16:43:05.971983-08:00,read,key_482,1.09,true,false,6583
2025-11-27T16:43:05.973079-08:00,read,key_301,3.27,true,false,7038
2025-11-27T16:43:05.754347-08:00,write,key_515,314.04,true,false,7055
2025-11-27T16:43:06.068389-08:00,read,key_764,2.49,true,false,6822
2025-11-27T16:43:05.863998-08:00,write,key_601,308.50,true,false,7057
2025-11-27T16:43:05.863942-08:00,write,key_88,308.59,true,false,7055
2025-11-27T16:43:05.872685-08:00,write,key_125,302.91,true,false,7057
2025-11-27T16:43:06.175592-08:00,read,key_344,2.22,true,false,5048
2025-11-27T16:43:05.870617-08:00,write,key_618,307.33,true,false,7056
2025-11-27T16:43:05.871609-08:00,write,key_615,306.94,true,false,7058
2025-11-27T16:43:05.874866-08:00,write,key_484,303.71,true,false,7058
2025-11-27T16:43:05.87948-08:00,write,key_918,308.93,true,false,7059
2025-11-27T16:43:05.971983-08:00,write,key_624,306.61,true,false,7057
2025-11-27T16:43:06.278607-08:00,read,key_301,0.99,true,false,7038
2025-11-27T16:43:05.976351-08:00,write,key_410,303.86,true,false,7059
2025-11-27T16:43:06.279599-08:00,read,key_244,0.99,true,false,6830
2025-11-27T16:43:06.280588-08:00,read,key_407,1.29,true,false,6944
2025-11-27T16:43:06.281876-08:00,read,key_672,0.84,true,false,6757
2025-11-27T16:43:06.070878-08:00,write,key_769,310.49,true,false,7057
2025-11-27T16:43:06.381379-08:00,read,key_878,5.10,true,false,6496
2025-11-27T16:43:06.386483-08:00,read,key_552,1.08,true,false,6301
2025-11-27T16:43:06.172506-08:00,write,key_515,310.97,true,false,7059
2025-11-27T16:43:06.172531-08:00,write,key_55,310.96,true,false,7060
2025-11-27T16:43:06.177944-08:00,write,key_989,305.58,true,false,7061
2025-11-27T16:43:06.177817-08:00,write,key_122,305.77,true,false,7060
2025-11-27T16:43:06.178578-08:00,write,key_786,305.02,true,false,7059
2025-11-27T16:43:06.483479-08:00,read,key_467,3.31,true,false,7033
2025-11-27T16:43:06.483492-08:00,read,key_12,4.48,true,false,6530
2025-11-27T16:43:06.178547-08:00,write,key_982,309.64,true,false,7062
2025-11-27T16:43:06.487968-08:00,read,key_914,1.60,true,false,6772
2025-11-27T16:43:06.488187-08:00,read,key_347,1.41,true,false,6783
2025-11-27T16:43:06.486792-08:00,read,key_759,4.25,true,false,6958
2025-11-27T16:43:06.489569-08:00,read,key_205,1.48,true,false,6989
2025-11-27T16:43:06.188414-08:00,write,key_642,305.59,true,false,7060
2025-11-27T16:43:06.280218-08:00,write,key_408,308.68,true,false,7063
2025-11-27T16:43:06.282717-08:00,write,key_697,308.10,true,false,7061
2025-11-27T16:43:06.588899-08:00,read,key_698,6.22,true,false,6586
2025-11-27T16:43:06.387569-08:00,write,key_452,308.42,true,false,7060
2025-11-27T16:43:06.491052-08:00,write,key_418,306.46,true,false,7063
2025-11-27T16:43:06.483587-08:00,write,key_351,314.85,true,false,7062
2025-11-27T16:43:06.483597-08:00,write,key_599,315.38,true,false,7064
2025-11-27T16:43:06.483528-08:00,write,key_967,315.80,true,false,7063
2025-11-27T16:43:06.489596-08:00,write,key_634,312.73,true,false,7063
2025-11-27T16:43:06.798436-08:00,read,key_25,6.07,true,false,7008
2025-11-27T16:43:06.494011-08:00,write,key_510,313.26,true,false,7066
2025-11-27T16:43:06.491042-08:00,write,key_355,316.34,true,false,7065
2025-11-27T16:43:06.807382-08:00,read,key_515,1.71,true,false,7059
2025-11-27T16:43:06.798984-08:00,read,key_418,10.13,true,false,7063
2025-11-27T16:43:06.804513-08:00,read,key_458,4.88,true,false,7053
2025-11-27T16:43:06.809111-08:00,read,key_241,0.90,true,false,6182
2025-11-27T16:43:06.809394-08:00,read,key_246,0.69,true,false,6880
2025-11-27T16:43:06.810012-08:00,read,key_485,0.76,true,false,6840
2025-11-27T16:43:06.810768-08:00,read,key_858,0.55,true,false,7025
2025-11-27T16:43:06.811321-08:00,read,key_799,2.26,true,false,6631
2025-11-27T16:43:06.813582-08:00,read,key_446,0.61,true,false,6943
2025-11-27T16:43:06.814198-08:00,read,key_945,0.45,true,false,7047
2025-11-27T16:43:06.595122-08:00,write,key_139,309.51,true,false,7064
2025-11-27T16:43:06.590822-08:00,write,key_458,313.82,true,false,7064
2025-11-27T16:43:06.904642-08:00,read,key_964,0.76,true,false,6847
2025-11-27T16:43:06.904636-08:00,read,key_327,0.77,true,false,6941
2025-11-27T16:43:06.905409-08:00,read,key_957,2.58,true,false,7026
2025-11-27T16:43:06.695996-08:00,write,key_283,311.88,true,false,7067
2025-11-27T16:43:06.797518-08:00,write,key_670,315.46,true,false,7067
2025-11-27T16:43:06.802328-08:00,write,key_671,310.66,true,false,7067
2025-11-27T16:43:06.809098-08:00,write,key_861,303.92,true,false,7068
2025-11-27T16:43:06.799328-08:00,write,key_466,313.72,true,false,7065
2025-11-27T16:43:07.113016-08:00,read,key_849,3.11,true,false,6789
2025-11-27T16:43:06.810132-08:00,write,key_462,306.58,true,false,7069
2025-11-27T16:43:06.807275-08:00,write,key_303,309.49,true,false,7068
2025-11-27T16:43:07.11672-08:00,read,key_138,2.77,true,false,6581
2025-11-27T16:43:07.116128-08:00,read,key_325,3.43,true,false,7019
2025-11-27T16:43:06.814652-08:00,write,key_222,305.03,true,false,7069
2025-11-27T16:43:07.119488-08:00,read,key_57,1.30,true,false,6657
2025-11-27T16:43:07.116769-08:00,read,key_533,4.02,true,false,7044
2025-11-27T16:43:07.12079-08:00,read,key_633,0.86,true,false,6461
2025-11-27T16:43:07.12079-08:00,read,key_403,0.86,true,false,7018
2025-11-27T16:43:07.121648-08:00,read,key_505,0.53,true,false,6830
2025-11-27T16:43:06.907987-08:00,write,key_222,305.52,true,false,7068
2025-11-27T16:43:06.905405-08:00,write,key_403,308.11,true,false,7068
2025-11-27T16:43:07.213515-08:00,read,key_569,4.10,true,false,7018
2025-11-27T16:43:07.007879-08:00,write,key_557,308.90,true,false,7070
2025-11-27T16:43:07.119678-08:00,write,key_804,304.44,true,false,7072
2025-11-27T16:43:07.112993-08:00,write,key_859,311.18,true,false,7071
2025-11-27T16:43:07.112985-08:00,write,key_28,311.19,true,false,7071
2025-11-27T16:43:07.119561-08:00,write,key_394,304.86,true,false,7070
2025-11-27T16:43:07.113043-08:00,write,key_948,311.38,true,false,7072
2025-11-27T16:43:07.122183-08:00,write,key_969,304.32,true,false,7071
2025-11-27T16:43:07.121646-08:00,write,key_402,304.89,true,false,7073
2025-11-27T16:43:07.217619-08:00,write,key_324,308.19,true,false,7074
2025-11-27T16:43:07.21351-08:00,write,key_986,312.30,true,false,7073
