timestamp,type,key,latency_ms,success,is_stale,version
2025-11-27T17:14:00.901896-08:00,read,key_914,7.08,false,false,0
2025-11-27T17:14:00.912073-08:00,read,key_916,2.37,false,false,0
2025-11-27T17:14:00.923069-08:00,read,key_471,3.05,false,false,0
2025-11-27T17:14:00.933973-08:00,read,key_914,1.58,false,false,0
2025-11-27T17:14:00.9447-08:00,read,key_918,1.92,false,false,0
2025-11-27T17:14:00.955774-08:00,read,key_911,1.68,false,false,0
2025-11-27T17:14:00.977915-08:00,read,key_473,3.06,false,false,0
2025-11-27T17:14:00.988819-08:00,read,key_473,3.03,false,false,0
2025-11-27T17:14:00.999733-08:00,read,key_919,1.68,false,false,0
2025-11-27T17:14:01.011109-08:00,read,key_472,3.23,false,false,0
2025-11-27T17:14:01.022034-08:00,read,key_914,1.79,false,false,0
2025-11-27T17:14:01.033121-08:00,read,key_479,1.71,false,false,0
2025-11-27T17:14:01.043525-08:00,read,key_919,2.01,false,false,0
2025-11-27T17:14:01.065686-08:00,read,key_476,1.72,false,false,0
2025-11-27T17:14:01.088007-08:00,read,key_409,1.89,true,false,22
2025-11-27T17:14:01.098866-08:00,read,key_406,3.47,false,false,0
2025-11-27T17:14:01.109719-08:00,read,key_725,1.22,false,false,0
2025-11-27T17:14:01.120297-08:00,read,key_911,2.55,false,false,0
2025-11-27T17:14:01.131073-08:00,read,key_722,1.82,false,false,0
2025-11-27T17:14:01.142331-08:00,read,key_404,5.81,false,false,0
2025-11-27T17:14:01.152958-08:00,read,key_478,2.30,false,false,0
2025-11-27T17:14:01.163836-08:00,read,key_404,4.15,false,false,0
2025-11-27T17:14:01.174665-08:00,read,key_405,1.37,false,false,0
2025-11-27T17:14:01.185806-08:00,read,key_622,3.09,false,false,0
2025-11-27T17:14:01.196931-08:00,read,key_408,2.22,false,false,0
2025-11-27T17:14:01.20801-08:00,read,key_402,1.73,false,false,0
2025-11-27T17:14:01.219039-08:00,read,key_405,2.67,false,false,0
2025-11-27T17:14:01.230054-08:00,read,key_479,1.42,false,false,0
2025-11-27T17:14:01.240681-08:00,read,key_913,1.56,false,false,0
2025-11-27T17:14:01.251464-08:00,read,key_627,2.08,false,false,0
2025-11-27T17:14:01.262121-08:00,read,key_912,2.54,false,false,0
2025-11-27T17:14:01.273165-08:00,read,key_400,2.15,false,false,0
2025-11-27T17:14:00.96685-08:00,write,key_470,308.52,true,false,38
2025-11-27T17:14:01.284136-08:00,read,key_797,1.36,false,false,0
2025-11-27T17:14:01.294485-08:00,read,key_568,2.36,false,false,0
2025-11-27T17:14:01.305313-08:00,read,key_917,1.18,false,false,0
2025-11-27T17:14:01.316369-08:00,read,key_552,1.31,false,false,0
2025-11-27T17:14:01.337223-08:00,read,key_782,2.69,false,false,0
2025-11-27T17:14:01.348238-08:00,read,key_476,1.78,false,false,0
2025-11-27T17:14:01.359337-08:00,read,key_9,1.68,false,false,0
2025-11-27T17:14:01.054402-08:00,write,key_919,306.67,true,false,38
2025-11-27T17:14:01.370339-08:00,read,key_550,2.17,false,false,0
2025-11-27T17:14:01.076873-08:00,write,key_478,305.77,true,false,39
2025-11-27T17:14:01.381384-08:00,read,key_553,1.86,false,false,0
2025-11-27T17:14:01.392563-08:00,read,key_553,1.52,false,false,0
2025-11-27T17:14:01.402838-08:00,read,key_910,3.27,false,false,0
2025-11-27T17:14:01.413471-08:00,read,key_60,1.67,false,false,0
2025-11-27T17:14:01.42414-08:00,read,key_1,1.46,false,false,0
2025-11-27T17:14:01.435231-08:00,read,key_795,1.66,false,false,0
2025-11-27T17:14:01.4463-08:00,read,key_622,2.53,false,false,0
2025-11-27T17:14:01.457319-08:00,read,key_5,1.59,false,false,0
2025-11-27T17:14:01.46839-08:00,read,key_782,1.19,false,false,0
2025-11-27T17:14:01.47905-08:00,read,key_212,1.70,false,false,0
2025-11-27T17:14:01.490208-08:00,read,key_790,1.86,false,false,0
2025-11-27T17:14:01.500802-08:00,read,key_918,1.53,false,false,0
2025-11-27T17:14:01.51174-08:00,read,key_67,1.21,false,false,0
2025-11-27T17:14:01.522828-08:00,read,key_402,2.00,false,false,0
2025-11-27T17:14:01.533904-08:00,read,key_912,1.14,false,false,0
2025-11-27T17:14:01.544968-08:00,read,key_471,0.99,false,false,0
2025-11-27T17:14:01.556017-08:00,read,key_943,1.52,false,false,0
2025-11-27T17:14:01.567094-08:00,read,key_559,1.21,false,false,0
2025-11-27T17:14:01.578173-08:00,read,key_63,0.91,false,false,0
2025-11-27T17:14:01.588971-08:00,read,key_564,1.39,false,false,0
2025-11-27T17:14:01.600017-08:00,read,key_4,1.02,false,false,0
2025-11-27T17:14:01.611056-08:00,read,key_62,1.22,false,false,0
2025-11-27T17:14:01.622114-08:00,read,key_472,1.45,false,false,0
2025-11-27T17:14:01.326741-08:00,write,key_1,306.22,true,false,39
2025-11-27T17:14:01.632954-08:00,read,key_623,0.71,false,false,0
2025-11-27T17:14:01.644053-08:00,read,key_310,1.75,false,false,0
2025-11-27T17:14:01.655106-08:00,read,key_68,1.67,false,false,0
2025-11-27T17:14:01.666135-08:00,read,key_408,1.34,false,false,0
2025-11-27T17:14:01.698538-08:00,read,key_619,3.99,false,false,0
2025-11-27T17:14:01.709493-08:00,read,key_324,1.54,false,false,0
2025-11-27T17:14:01.719996-08:00,read,key_316,3.31,false,false,0
2025-11-27T17:14:01.730949-08:00,read,key_793,1.31,true,false,10
2025-11-27T17:14:01.752828-08:00,read,key_65,4.32,false,false,0
2025-11-27T17:14:01.763651-08:00,read,key_329,1.51,false,false,0
2025-11-27T17:14:01.774139-08:00,read,key_916,1.75,false,false,0
2025-11-27T17:14:01.785293-08:00,read,key_408,5.74,false,false,0
2025-11-27T17:14:01.795992-08:00,read,key_721,2.61,false,false,0
2025-11-27T17:14:01.807065-08:00,read,key_325,1.82,false,false,0
2025-11-27T17:14:01.817568-08:00,read,key_720,1.71,false,false,0
2025-11-27T17:14:01.828202-08:00,read,key_649,4.38,false,false,0
2025-11-27T17:14:01.839028-08:00,read,key_36,1.67,false,false,0
2025-11-27T17:14:01.849289-08:00,read,key_781,1.50,false,false,0
2025-11-27T17:14:01.860395-08:00,read,key_478,2.05,true,false,39
2025-11-27T17:14:01.871461-08:00,read,key_746,1.78,true,false,15
2025-11-27T17:14:01.88251-08:00,read,key_901,1.29,false,false,0
2025-11-27T17:14:01.893367-08:00,read,key_746,2.37,true,false,15
2025-11-27T17:14:01.915565-08:00,read,key_219,1.90,false,false,0
2025-11-27T17:14:01.925828-08:00,read,key_99,1.71,false,false,0
2025-11-27T17:14:01.936441-08:00,read,key_778,2.58,false,false,0
2025-11-27T17:14:01.947523-08:00,read,key_7,1.95,false,false,0
2025-11-27T17:14:01.958645-08:00,read,key_5,1.84,false,false,0
2025-11-27T17:14:01.677239-08:00,write,key_947,306.87,true,false,40
2025-11-27T17:14:01.981257-08:00,read,key_915,3.81,false,false,0
2025-11-27T17:14:01.992149-08:00,read,key_402,1.48,false,false,0
2025-11-27T17:14:01.688397-08:00,write,key_918,311.15,true,false,40
2025-11-27T17:14:02.002559-08:00,read,key_3,2.53,false,false,0
2025-11-27T17:14:02.013745-08:00,read,key_743,1.35,false,false,0
2025-11-27T17:14:02.024856-08:00,read,key_676,1.69,false,false,0
2025-11-27T17:14:02.03594-08:00,read,key_34,1.71,false,false,0
2025-11-27T17:14:02.04648-08:00,read,key_478,1.62,true,false,39
2025-11-27T17:14:01.742135-08:00,write,key_58,308.72,true,false,41
2025-11-27T17:14:02.057312-08:00,read,key_723,1.59,false,false,0
2025-11-27T17:14:02.068429-08:00,read,key_106,3.07,false,false,0
2025-11-27T17:14:02.079477-08:00,read,key_154,2.78,false,false,0
2025-11-27T17:14:02.090509-08:00,read,key_93,1.73,false,false,0
2025-11-27T17:14:02.10171-08:00,read,key_34,1.51,false,false,0
2025-11-27T17:14:02.112828-08:00,read,key_643,1.10,false,false,0
2025-11-27T17:14:02.123031-08:00,read,key_942,1.76,false,false,0
2025-11-27T17:14:02.13323-08:00,read,key_881,1.84,false,false,0
2025-11-27T17:14:02.144334-08:00,read,key_1,2.26,true,false,39
2025-11-27T17:14:02.15471-08:00,read,key_329,1.46,false,false,0
2025-11-27T17:14:02.165835-08:00,read,key_405,1.51,false,false,0
2025-11-27T17:14:02.17693-08:00,read,key_613,2.40,false,false,0
2025-11-27T17:14:02.187514-08:00,read,key_674,2.36,false,false,0
2025-11-27T17:14:02.198157-08:00,read,key_818,1.74,false,false,0
2025-11-27T17:14:02.209129-08:00,read,key_293,3.06,false,false,0
2025-11-27T17:14:01.904452-08:00,write,key_61,309.30,true,false,40
2025-11-27T17:14:02.219577-08:00,read,key_994,2.52,false,false,0
2025-11-27T17:14:02.230597-08:00,read,key_563,1.65,false,false,0
2025-11-27T17:14:02.241674-08:00,read,key_37,1.64,false,false,0
2025-11-27T17:14:02.252769-08:00,read,key_671,1.55,false,false,0
2025-11-27T17:14:02.263891-08:00,read,key_293,1.60,false,false,0
2025-11-27T17:14:02.275044-08:00,read,key_817,1.35,false,false,0
2025-11-27T17:14:01.970145-08:00,write,key_67,308.68,true,false,42
2025-11-27T17:14:02.285879-08:00,read,key_781,2.45,false,false,0
2025-11-27T17:14:02.296928-08:00,read,key_113,1.38,false,false,0
2025-11-27T17:14:02.308038-08:00,read,key_615,1.37,false,false,0
2025-11-27T17:14:02.31912-08:00,read,key_117,2.31,false,false,0
2025-11-27T17:14:02.330156-08:00,read,key_470,1.59,true,false,38
2025-11-27T17:14:02.340979-08:00,read,key_999,1.60,false,false,0
2025-11-27T17:14:02.351613-08:00,read,key_671,2.66,false,false,0
2025-11-27T17:14:02.362059-08:00,read,key_217,1.95,false,false,0
2025-11-27T17:14:02.372413-08:00,read,key_53,1.54,false,false,0
2025-11-27T17:14:02.382511-08:00,read,key_317,1.54,false,false,0
2025-11-27T17:14:02.393597-08:00,read,key_442,1.46,true,false,36
2025-11-27T17:14:02.404721-08:00,read,key_745,1.17,false,false,0
2025-11-27T17:14:02.415071-08:00,read,key_296,0.94,false,false,0
2025-11-27T17:14:02.425294-08:00,read,key_554,0.96,false,false,0
2025-11-27T17:14:02.436133-08:00,read,key_628,1.70,false,false,0
2025-11-27T17:14:02.458198-08:00,read,key_83,0.96,false,false,0
2025-11-27T17:14:02.469285-08:00,read,key_82,1.69,false,false,0
2025-11-27T17:14:02.479985-08:00,read,key_772,1.12,false,false,0
2025-11-27T17:14:02.490183-08:00,read,key_810,0.66,false,false,0
2025-11-27T17:14:02.500831-08:00,read,key_541,4.94,false,false,0
2025-11-27T17:14:02.511532-08:00,read,key_84,1.45,false,false,0
2025-11-27T17:14:02.522361-08:00,read,key_214,1.18,false,false,0
2025-11-27T17:14:02.533434-08:00,read,key_116,0.85,false,false,0
2025-11-27T17:14:02.544518-08:00,read,key_648,1.74,false,false,0
2025-11-27T17:14:02.555608-08:00,read,key_36,1.07,false,false,0
2025-11-27T17:14:02.566717-08:00,read,key_96,1.17,true,false,3
2025-11-27T17:14:02.577913-08:00,read,key_643,2.07,false,false,0
2025-11-27T17:14:02.589035-08:00,read,key_543,1.61,false,false,0
2025-11-27T17:14:02.59976-08:00,read,key_677,1.75,false,false,0
2025-11-27T17:14:02.622174-08:00,read,key_474,1.87,false,false,0
2025-11-27T17:14:02.632762-08:00,read,key_276,1.53,false,false,0
2025-11-27T17:14:02.644052-08:00,read,key_678,3.30,false,false,0
2025-11-27T17:14:02.665412-08:00,read,key_887,1.66,false,false,0
2025-11-27T17:14:02.675791-08:00,read,key_671,1.82,false,false,0
2025-11-27T17:14:02.686944-08:00,read,key_553,2.99,false,false,0
2025-11-27T17:14:02.697519-08:00,read,key_884,1.30,false,false,0
2025-11-27T17:14:02.71974-08:00,read,key_218,3.10,false,false,0
2025-11-27T17:14:02.730701-08:00,read,key_217,1.62,false,false,0
2025-11-27T17:14:02.741849-08:00,read,key_216,1.65,false,false,0
2025-11-27T17:14:02.447204-08:00,write,key_792,309.98,true,false,43
2025-11-27T17:14:02.763288-08:00,read,key_954,1.66,false,false,0
2025-11-27T17:14:02.774153-08:00,read,key_722,1.46,false,false,0
2025-11-27T17:14:02.785408-08:00,read,key_317,1.53,false,false,0
2025-11-27T17:14:02.797934-08:00,read,key_816,2.02,false,false,0
2025-11-27T17:14:02.809036-08:00,read,key_15,1.86,false,false,0
2025-11-27T17:14:02.820156-08:00,read,key_429,3.59,false,false,0
2025-11-27T17:14:02.831063-08:00,read,key_62,1.90,false,false,0
2025-11-27T17:14:02.842241-08:00,read,key_885,1.77,false,false,0
2025-11-27T17:14:02.852672-08:00,read,key_439,1.34,false,false,0
2025-11-27T17:14:02.863811-08:00,read,key_17,1.60,false,false,0
2025-11-27T17:14:02.874464-08:00,read,key_471,1.55,false,false,0
2025-11-27T17:14:02.885539-08:00,read,key_406,2.58,false,false,0
2025-11-27T17:14:02.89663-08:00,read,key_954,1.14,false,false,0
2025-11-27T17:14:02.907502-08:00,read,key_318,0.76,false,false,0
2025-11-27T17:14:02.61087-08:00,write,key_327,307.06,true,false,43
2025-11-27T17:14:02.917771-08:00,read,key_1,1.33,true,false,39
2025-11-27T17:14:02.930536-08:00,read,key_787,1.03,false,false,0
2025-11-27T17:14:02.94168-08:00,read,key_157,0.77,false,false,0
2025-11-27T17:14:02.952851-08:00,read,key_778,1.56,false,false,0
2025-11-27T17:14:02.654269-08:00,write,key_678,308.18,true,false,44
2025-11-27T17:14:02.963293-08:00,read,key_628,0.83,false,false,0
2025-11-27T17:14:02.974242-08:00,read,key_739,1.01,false,false,0
2025-11-27T17:14:02.996539-08:00,read,key_817,1.14,false,false,0
2025-11-27T17:14:03.007625-08:00,read,key_11,0.94,false,false,0
2025-11-27T17:14:02.708607-08:00,write,key_290,305.48,true,false,43
2025-11-27T17:14:03.029246-08:00,read,key_94,1.40,false,false,0
2025-11-27T17:14:03.051463-08:00,read,key_773,1.37,false,false,0
2025-11-27T17:14:02.752472-08:00,write,key_88,310.56,true,false,44
2025-11-27T17:14:03.062174-08:00,read,key_919,1.21,true,false,38
2025-11-27T17:14:03.072593-08:00,read,key_612,1.15,false,false,0
2025-11-27T17:14:03.083731-08:00,read,key_404,1.06,false,false,0
2025-11-27T17:14:03.094311-08:00,read,key_214,2.03,false,false,0
2025-11-27T17:14:03.105355-08:00,read,key_615,1.08,false,false,0
2025-11-27T17:14:03.1157-08:00,read,key_211,0.88,false,false,0
2025-11-27T17:14:03.137561-08:00,read,key_740,2.04,true,false,11
2025-11-27T17:14:03.148471-08:00,read,key_568,1.15,false,false,0
2025-11-27T17:14:03.159556-08:00,read,key_60,1.38,false,false,0
2025-11-27T17:14:03.170367-08:00,read,key_276,1.53,false,false,0
2025-11-27T17:14:03.180944-08:00,read,key_534,1.17,false,false,0
2025-11-27T17:14:03.203214-08:00,read,key_676,1.84,false,false,0
2025-11-27T17:14:03.214294-08:00,read,key_792,1.13,true,false,43
2025-11-27T17:14:03.224406-08:00,read,key_61,1.35,true,false,40
2025-11-27T17:14:03.234575-08:00,read,key_614,1.36,false,false,0
2025-11-27T17:14:03.245457-08:00,read,key_65,2.84,false,false,0
2025-11-27T17:14:03.255885-08:00,read,key_398,1.65,false,false,0
2025-11-27T17:14:03.266974-08:00,read,key_629,1.44,false,false,0
2025-11-27T17:14:03.278914-08:00,read,key_114,2.62,false,false,0
2025-11-27T17:14:03.28992-08:00,read,key_674,1.66,false,false,0
2025-11-27T17:14:02.985414-08:00,write,key_766,306.19,true,false,45
2025-11-27T17:14:03.301031-08:00,read,key_89,1.58,false,false,0
2025-11-27T17:14:03.312264-08:00,read,key_770,2.72,false,false,0
2025-11-27T17:14:03.323264-08:00,read,key_84,1.51,false,false,0
2025-11-27T17:14:03.018166-08:00,write,key_610,307.58,true,false,45
2025-11-27T17:14:03.334302-08:00,read,key_558,1.40,false,false,0
2025-11-27T17:14:03.040383-08:00,write,key_530,308.47,true,false,45
2025-11-27T17:14:03.356362-08:00,read,key_910,1.48,false,false,0
2025-11-27T17:14:03.366551-08:00,read,key_674,1.39,false,false,0
2025-11-27T17:14:03.377234-08:00,read,key_390,1.24,false,false,0
2025-11-27T17:14:03.388863-08:00,read,key_296,1.76,false,false,0
2025-11-27T17:14:03.39996-08:00,read,key_64,1.43,false,false,0
2025-11-27T17:14:03.410932-08:00,read,key_19,4.14,false,false,0
2025-11-27T17:14:03.422462-08:00,read,key_711,2.56,false,false,0
2025-11-27T17:14:03.126768-08:00,write,key_98,310.61,true,false,46
2025-11-27T17:14:03.445196-08:00,read,key_918,1.56,true,false,40
2025-11-27T17:14:03.455434-08:00,read,key_315,1.69,false,false,0
2025-11-27T17:14:03.466621-08:00,read,key_34,2.38,false,false,0
2025-11-27T17:14:03.477646-08:00,read,key_736,1.33,false,false,0
2025-11-27T17:14:03.488204-08:00,read,key_789,1.35,false,false,0
2025-11-27T17:14:03.19202-08:00,write,key_7,306.61,true,false,46
2025-11-27T17:14:03.49843-08:00,read,key_777,2.85,false,false,0
2025-11-27T17:14:03.509423-08:00,read,key_629,1.11,false,false,0
2025-11-27T17:14:03.519997-08:00,read,key_31,1.71,false,false,0
2025-11-27T17:14:03.531072-08:00,read,key_329,2.80,false,false,0
2025-11-27T17:14:03.552233-08:00,read,key_649,1.35,false,false,0
2025-11-27T17:14:03.563199-08:00,read,key_954,1.62,false,false,0
2025-11-27T17:14:03.574442-08:00,read,key_852,3.25,false,false,0
2025-11-27T17:14:03.596576-08:00,read,key_565,5.45,false,false,0
2025-11-27T17:14:03.606956-08:00,read,key_619,3.02,false,false,0
2025-11-27T17:14:03.617937-08:00,read,key_902,1.49,false,false,0
2025-11-27T17:14:03.629062-08:00,read,key_93,1.50,false,false,0
2025-11-27T17:14:03.639357-08:00,read,key_615,1.87,false,false,0
2025-11-27T17:14:03.651165-08:00,read,key_789,1.92,false,false,0
2025-11-27T17:14:03.345755-08:00,write,key_278,307.39,true,false,46
2025-11-27T17:14:03.662103-08:00,read,key_785,1.73,false,false,0
2025-11-27T17:14:03.672417-08:00,read,key_910,2.13,false,false,0
2025-11-27T17:14:03.684427-08:00,read,key_66,2.01,false,false,0
2025-11-27T17:14:03.696022-08:00,read,key_438,2.72,false,false,0
2025-11-27T17:14:03.717912-08:00,read,key_217,1.63,false,false,0
2025-11-27T17:14:03.729077-08:00,read,key_9,1.79,false,false,0
2025-11-27T17:14:03.740177-08:00,read,key_217,4.17,false,false,0
2025-11-27T17:14:03.433512-08:00,write,key_911,310.92,true,false,47
2025-11-27T17:14:03.752017-08:00,read,key_781,1.47,false,false,0
2025-11-27T17:14:03.775848-08:00,read,key_351,1.59,false,false,0
2025-11-27T17:14:03.786951-08:00,read,key_430,1.84,false,false,0
2025-11-27T17:14:03.798073-08:00,read,key_909,3.34,false,false,0
2025-11-27T17:14:03.809873-08:00,read,key_678,1.48,true,false,44
2025-11-27T17:14:03.820156-08:00,read,key_230,1.44,false,false,0
2025-11-27T17:14:03.830724-08:00,read,key_256,5.31,false,false,0
2025-11-27T17:14:03.541281-08:00,write,key_409,306.14,true,false,48
2025-11-27T17:14:03.853004-08:00,read,key_991,1.51,false,false,0
2025-11-27T17:14:03.864202-08:00,read,key_310,3.79,false,false,0
2025-11-27T17:14:03.875379-08:00,read,key_213,2.08,false,false,0
2025-11-27T17:14:03.886082-08:00,read,key_555,1.28,false,false,0
2025-11-27T17:14:03.585434-08:00,write,key_620,311.36,true,false,47
2025-11-27T17:14:03.89695-08:00,read,key_691,0.81,false,false,0
2025-11-27T17:14:03.908422-08:00,read,key_320,2.82,false,false,0
2025-11-27T17:14:03.919458-08:00,read,key_316,1.82,false,false,0
2025-11-27T17:14:03.930592-08:00,read,key_438,1.49,false,false,0
2025-11-27T17:14:03.941771-08:00,read,key_212,2.22,false,false,0
2025-11-27T17:14:03.952888-08:00,read,key_785,1.43,false,false,0
2025-11-27T17:14:03.974648-08:00,read,key_691,2.57,false,false,0
2025-11-27T17:14:03.985651-08:00,read,key_266,1.71,false,false,0
2025-11-27T17:14:03.996634-08:00,read,key_67,1.56,true,false,42
2025-11-27T17:14:04.008024-08:00,read,key_94,1.84,false,false,0
2025-11-27T17:14:03.707056-08:00,write,key_276,311.42,true,false,49
2025-11-27T17:14:04.040157-08:00,read,key_725,3.03,false,false,0
2025-11-27T17:14:04.051121-08:00,read,key_799,1.61,false,false,0
2025-11-27T17:14:04.062265-08:00,read,key_110,1.30,false,false,0
2025-11-27T17:14:03.763153-08:00,write,key_228,309.75,true,false,50
2025-11-27T17:14:04.07267-08:00,read,key_624,1.11,false,false,0
2025-11-27T17:14:04.082967-08:00,read,key_949,2.17,false,false,0
2025-11-27T17:14:04.094036-08:00,read,key_676,3.36,false,false,0
2025-11-27T17:14:04.104957-08:00,read,key_549,1.26,false,false,0
2025-11-27T17:14:04.116091-08:00,read,key_448,2.56,false,false,0
2025-11-27T17:14:04.127151-08:00,read,key_220,1.62,false,false,0
2025-11-27T17:14:04.138293-08:00,read,key_671,1.85,false,false,0
2025-11-27T17:14:03.842263-08:00,write,key_229,310.67,true,false,48
2025-11-27T17:14:04.149784-08:00,read,key_265,3.29,false,false,0
2025-11-27T17:14:04.160747-08:00,read,key_239,1.66,false,false,0
2025-11-27T17:14:04.171536-08:00,read,key_679,1.46,false,false,0
2025-11-27T17:14:04.182722-08:00,read,key_710,3.06,false,false,0
2025-11-27T17:14:04.204812-08:00,read,key_314,1.85,true,false,12
2025-11-27T17:14:04.216143-08:00,read,key_857,2.96,true,false,35
2025-11-27T17:14:04.227006-08:00,read,key_69,1.64,false,false,0
2025-11-27T17:14:04.238145-08:00,read,key_682,1.45,false,false,0
2025-11-27T17:14:04.250439-08:00,read,key_991,2.13,false,false,0
2025-11-27T17:14:04.261528-08:00,read,key_999,1.43,false,false,0
2025-11-27T17:14:03.963978-08:00,write,key_678,307.60,true,false,49
2025-11-27T17:14:04.271566-08:00,read,key_236,1.10,false,false,0
2025-11-27T17:14:04.282713-08:00,read,key_786,2.27,false,false,0
2025-11-27T17:14:04.293831-08:00,read,key_541,1.34,false,false,0
2025-11-27T17:14:04.305015-08:00,read,key_837,1.69,false,false,0
2025-11-27T17:14:04.316098-08:00,read,key_87,2.20,false,false,0
2025-11-27T17:14:04.018461-08:00,write,key_252,309.07,true,false,50
2025-11-27T17:14:04.327161-08:00,read,key_699,1.26,false,false,0
2025-11-27T17:14:04.029555-08:00,write,key_110,307.11,true,false,50
2025-11-27T17:14:04.337325-08:00,read,key_586,0.82,false,false,0
2025-11-27T17:14:04.348462-08:00,read,key_788,3.29,false,false,0
2025-11-27T17:14:04.381804-08:00,read,key_67,2.40,true,false,42
2025-11-27T17:14:04.392144-08:00,read,key_59,3.80,false,false,0
2025-11-27T17:14:04.403037-08:00,read,key_720,1.29,false,false,0
2025-11-27T17:14:04.413352-08:00,read,key_210,1.24,false,false,0
2025-11-27T17:14:04.424567-08:00,read,key_630,3.50,false,false,0
2025-11-27T17:14:04.435407-08:00,read,key_671,1.57,false,false,0
2025-11-27T17:14:04.446303-08:00,read,key_714,2.10,false,false,0
2025-11-27T17:14:04.456416-08:00,read,key_650,4.19,false,false,0
2025-11-27T17:14:04.467402-08:00,read,key_781,1.75,false,false,0
2025-11-27T17:14:04.478548-08:00,read,key_429,1.60,false,false,0
2025-11-27T17:14:04.489639-08:00,read,key_61,2.60,true,false,40
2025-11-27T17:14:04.193707-08:00,write,key_954,308.76,true,false,51
2025-11-27T17:14:04.500702-08:00,read,key_16,2.10,false,false,0
2025-11-27T17:14:04.51178-08:00,read,key_672,1.39,false,false,0
2025-11-27T17:14:04.522896-08:00,read,key_269,1.34,false,false,0
2025-11-27T17:14:04.534053-08:00,read,key_695,2.21,false,false,0
2025-11-27T17:14:04.545179-08:00,read,key_953,3.13,false,false,0
2025-11-27T17:14:04.566751-08:00,read,key_214,1.45,false,false,0
2025-11-27T17:14:04.577824-08:00,read,key_60,1.20,false,false,0
2025-11-27T17:14:04.58894-08:00,read,key_710,1.91,false,false,0
2025-11-27T17:14:04.599988-08:00,read,key_617,1.34,false,false,0
2025-11-27T17:14:04.611052-08:00,read,key_215,1.16,false,false,0
2025-11-27T17:14:04.622126-08:00,read,key_252,1.77,true,false,50
2025-11-27T17:14:04.633185-08:00,read,key_12,1.61,false,false,0
2025-11-27T17:14:04.655362-08:00,read,key_678,3.35,true,false,49
2025-11-27T17:14:04.666154-08:00,read,key_562,1.10,false,false,0
2025-11-27T17:14:04.359412-08:00,write,key_479,310.07,true,false,51
2025-11-27T17:14:04.370549-08:00,write,key_739,306.28,true,false,52
2025-11-27T17:14:04.676821-08:00,read,key_638,1.12,false,false,0
2025-11-27T17:14:04.687863-08:00,read,key_398,1.49,false,false,0
2025-11-27T17:14:04.698978-08:00,read,key_674,1.94,false,false,0
2025-11-27T17:14:04.709434-08:00,read,key_401,1.48,false,false,0
2025-11-27T17:14:04.720516-08:00,read,key_811,1.65,false,false,0
2025-11-27T17:14:04.73159-08:00,read,key_671,1.24,false,false,0
2025-11-27T17:14:04.742647-08:00,read,key_4,1.33,false,false,0
2025-11-27T17:14:04.753734-08:00,read,key_235,1.12,false,false,0
2025-11-27T17:14:04.76489-08:00,read,key_766,1.56,true,false,45
2025-11-27T17:14:04.775999-08:00,read,key_59,1.99,false,false,0
2025-11-27T17:14:04.787097-08:00,read,key_785,1.63,false,false,0
2025-11-27T17:14:04.798192-08:00,read,key_678,2.73,true,false,49
2025-11-27T17:14:04.809208-08:00,read,key_528,1.53,false,false,0
2025-11-27T17:14:04.820318-08:00,read,key_642,1.92,false,false,0
2025-11-27T17:14:04.831577-08:00,read,key_677,14.30,false,false,0
2025-11-27T17:14:04.842633-08:00,read,key_270,3.25,false,false,0
2025-11-27T17:14:04.853552-08:00,read,key_981,1.19,true,false,1
2025-11-27T17:14:04.555552-08:00,write,key_51,303.77,true,false,52
2025-11-27T17:14:04.863885-08:00,read,key_905,0.93,false,false,0
2025-11-27T17:14:04.87484-08:00,read,key_970,0.80,false,false,0
2025-11-27T17:14:04.886027-08:00,read,key_505,1.04,false,false,0
2025-11-27T17:14:04.897136-08:00,read,key_317,0.94,false,false,0
2025-11-27T17:14:04.908333-08:00,read,key_529,0.92,false,false,0
2025-11-27T17:14:04.91947-08:00,read,key_904,0.82,false,false,0
2025-11-27T17:14:04.930576-08:00,read,key_508,0.73,false,false,0
2025-11-27T17:14:04.941755-08:00,read,key_47,0.64,false,false,0
2025-11-27T17:14:04.644295-08:00,write,key_218,306.65,true,false,53
2025-11-27T17:14:04.952527-08:00,read,key_139,0.61,false,false,0
2025-11-27T17:14:04.963685-08:00,read,key_390,0.87,false,false,0
2025-11-27T17:14:04.975196-08:00,read,key_41,2.07,true,false,19
2025-11-27T17:14:04.99712-08:00,read,key_987,0.84,false,false,0
2025-11-27T17:14:05.008408-08:00,read,key_790,1.23,false,false,0
2025-11-27T17:14:05.019505-08:00,read,key_15,1.85,false,false,0
2025-11-27T17:14:05.030623-08:00,read,key_91,1.31,false,false,0
2025-11-27T17:14:05.04235-08:00,read,key_229,2.35,true,false,48
2025-11-27T17:14:05.05342-08:00,read,key_725,1.92,false,false,0
2025-11-27T17:14:05.064611-08:00,read,key_807,2.71,false,false,0
2025-11-27T17:14:05.075934-08:00,read,key_687,1.88,false,false,0
2025-11-27T17:14:05.08607-08:00,read,key_736,1.64,false,false,0
2025-11-27T17:14:05.097174-08:00,read,key_130,2.87,false,false,0
2025-11-27T17:14:05.108631-08:00,read,key_658,2.34,false,false,0
2025-11-27T17:14:05.140908-08:00,read,key_254,3.39,false,false,0
2025-11-27T17:14:05.151274-08:00,read,key_473,1.59,false,false,0
2025-11-27T17:14:05.16217-08:00,read,key_65,1.16,false,false,0
2025-11-27T17:14:05.173293-08:00,read,key_329,2.99,false,false,0
2025-11-27T17:14:05.185074-08:00,read,key_734,1.77,false,false,0
2025-11-27T17:14:05.196176-08:00,read,key_258,2.54,false,false,0
2025-11-27T17:14:05.207241-08:00,read,key_942,1.76,false,false,0
2025-11-27T17:14:05.218365-08:00,read,key_719,1.79,false,false,0
2025-11-27T17:14:05.229648-08:00,read,key_265,1.79,false,false,0
2025-11-27T17:14:05.240756-08:00,read,key_573,1.62,false,false,0
2025-11-27T17:14:05.251888-08:00,read,key_433,2.04,false,false,0
2025-11-27T17:14:05.263185-08:00,read,key_94,1.95,false,false,0
2025-11-27T17:14:05.274287-08:00,read,key_230,1.99,false,false,0
2025-11-27T17:14:05.28542-08:00,read,key_953,2.60,false,false,0
2025-11-27T17:14:05.295811-08:00,read,key_286,1.99,false,false,0
2025-11-27T17:14:04.986178-08:00,write,key_351,311.69,true,false,54
2025-11-27T17:14:05.306901-08:00,read,key_34,1.66,false,false,0
2025-11-27T17:14:05.317858-08:00,read,key_953,1.61,false,false,0
2025-11-27T17:14:05.328911-08:00,read,key_737,2.54,false,false,0
2025-11-27T17:14:05.339959-08:00,read,key_219,1.57,false,false,0
2025-11-27T17:14:05.351187-08:00,read,key_505,1.72,false,false,0
2025-11-27T17:14:05.362121-08:00,read,key_953,2.74,false,false,0
2025-11-27T17:14:05.373145-08:00,read,key_544,1.66,false,false,0
2025-11-27T17:14:05.384043-08:00,read,key_487,1.85,false,false,0
2025-11-27T17:14:05.395023-08:00,read,key_634,2.28,false,false,0
2025-11-27T17:14:05.40561-08:00,read,key_237,1.70,false,false,0
2025-11-27T17:14:05.415788-08:00,read,key_306,1.91,false,false,0
2025-11-27T17:14:05.119045-08:00,write,key_676,308.98,true,false,54
2025-11-27T17:14:05.426929-08:00,read,key_276,1.90,true,false,49
2025-11-27T17:14:05.129775-08:00,write,key_618,305.11,true,false,54
2025-11-27T17:14:05.437096-08:00,read,key_216,3.09,false,false,0
2025-11-27T17:14:05.448071-08:00,read,key_87,1.57,false,false,0
2025-11-27T17:14:05.458359-08:00,read,key_401,1.44,false,false,0
2025-11-27T17:14:05.469559-08:00,read,key_277,1.21,false,false,0
2025-11-27T17:14:05.490869-08:00,read,key_547,0.87,false,false,0
2025-11-27T17:14:05.501675-08:00,read,key_613,2.20,false,false,0
2025-11-27T17:14:05.51278-08:00,read,key_940,1.49,false,false,0
2025-11-27T17:14:05.523891-08:00,read,key_279,1.28,false,false,0
2025-11-27T17:14:05.534162-08:00,read,key_478,1.92,true,false,39
2025-11-27T17:14:05.544452-08:00,read,key_887,2.61,false,false,0
2025-11-27T17:14:05.555527-08:00,read,key_581,1.99,false,false,0
2025-11-27T17:14:05.566646-08:00,read,key_689,2.09,false,false,0
2025-11-27T17:14:05.57692-08:00,read,key_280,1.27,false,false,0
2025-11-27T17:14:05.587974-08:00,read,key_417,1.65,false,false,0
2025-11-27T17:14:05.599083-08:00,read,key_994,1.50,false,false,0
2025-11-27T17:14:05.610207-08:00,read,key_476,2.72,false,false,0
2025-11-27T17:14:05.62081-08:00,read,key_583,2.03,false,false,0
2025-11-27T17:14:05.631507-08:00,read,key_902,1.74,false,false,0
2025-11-27T17:14:05.641965-08:00,read,key_281,1.92,false,false,0
2025-11-27T17:14:05.652799-08:00,read,key_471,2.26,false,false,0
2025-11-27T17:14:05.663917-08:00,read,key_51,1.89,true,false,52
2025-11-27T17:14:05.675041-08:00,read,key_579,1.96,false,false,0
2025-11-27T17:14:05.686721-08:00,read,key_677,3.32,false,false,0
2025-11-27T17:14:05.697744-08:00,read,key_631,1.82,false,false,0
2025-11-27T17:14:05.708877-08:00,read,key_62,1.75,false,false,0
2025-11-27T17:14:05.730451-08:00,read,key_541,1.65,false,false,0
2025-11-27T17:14:05.752674-08:00,read,key_584,3.04,false,false,0
2025-11-27T17:14:05.763529-08:00,read,key_679,1.88,false,false,0
2025-11-27T17:14:05.774098-08:00,read,key_55,1.87,false,false,0
2025-11-27T17:14:05.785226-08:00,read,key_431,3.50,false,false,0
2025-11-27T17:14:05.480667-08:00,write,key_679,308.18,true,false,55
2025-11-27T17:14:05.795884-08:00,read,key_916,2.21,false,false,0
2025-11-27T17:14:05.806949-08:00,read,key_551,1.52,false,false,0
2025-11-27T17:14:05.817717-08:00,read,key_447,2.58,false,false,0
2025-11-27T17:14:05.829183-08:00,read,key_100,2.71,false,false,0
2025-11-27T17:14:05.839462-08:00,read,key_697,2.02,false,false,0
2025-11-27T17:14:05.851454-08:00,read,key_798,5.50,false,false,0
2025-11-27T17:14:05.862068-08:00,read,key_690,1.23,false,false,0
2025-11-27T17:14:05.87236-08:00,read,key_780,1.18,false,false,0
2025-11-27T17:14:05.883441-08:00,read,key_904,1.43,false,false,0
2025-11-27T17:14:05.894525-08:00,read,key_211,1.52,false,false,0
2025-11-27T17:14:05.905564-08:00,read,key_812,1.63,false,false,0
2025-11-27T17:14:05.91665-08:00,read,key_287,1.28,false,false,0
2025-11-27T17:14:05.927711-08:00,read,key_773,1.25,false,false,0
2025-11-27T17:14:05.938767-08:00,read,key_616,1.51,false,false,0
2025-11-27T17:14:05.949857-08:00,read,key_852,1.62,false,false,0
2025-11-27T17:14:05.960957-08:00,read,key_817,2.36,false,false,0
2025-11-27T17:14:05.972062-08:00,read,key_213,1.33,false,false,0
2025-11-27T17:14:05.983136-08:00,read,key_743,1.43,false,false,0
2025-11-27T17:14:05.993935-08:00,read,key_815,3.00,false,false,0
2025-11-27T17:14:06.004924-08:00,read,key_806,1.62,false,false,0
2025-11-27T17:14:06.015807-08:00,read,key_444,1.60,false,false,0
2025-11-27T17:14:05.719246-08:00,write,key_545,307.39,true,false,55
2025-11-27T17:14:06.026283-08:00,read,key_588,1.05,false,false,0
2025-11-27T17:14:06.037314-08:00,read,key_813,2.70,false,false,0
2025-11-27T17:14:06.04833-08:00,read,key_903,1.01,false,false,0
2025-11-27T17:14:05.741594-08:00,write,key_433,307.77,true,false,56
2025-11-27T17:14:06.082194-08:00,read,key_677,1.86,false,false,0
2025-11-27T17:14:06.092437-08:00,read,key_783,1.85,false,false,0
2025-11-27T17:14:06.103614-08:00,read,key_50,4.34,false,false,0
2025-11-27T17:14:06.114435-08:00,read,key_145,1.65,false,false,0
2025-11-27T17:14:06.125594-08:00,read,key_547,1.82,false,false,0
2025-11-27T17:14:06.136773-08:00,read,key_671,2.61,false,false,0
2025-11-27T17:14:06.147412-08:00,read,key_747,1.58,false,false,0
2025-11-27T17:14:06.158536-08:00,read,key_488,1.79,false,false,0
2025-11-27T17:14:06.169133-08:00,read,key_4,2.52,false,false,0
2025-11-27T17:14:06.180249-08:00,read,key_251,1.86,false,false,0
2025-11-27T17:14:06.191341-08:00,read,key_997,1.69,false,false,0
2025-11-27T17:14:06.213604-08:00,read,key_714,1.85,false,false,0
2025-11-27T17:14:06.224233-08:00,read,key_210,1.65,false,false,0
2025-11-27T17:14:06.235324-08:00,read,key_91,2.14,false,false,0
2025-11-27T17:14:06.245734-08:00,read,key_7,1.65,true,false,46
2025-11-27T17:14:06.256871-08:00,read,key_655,1.75,false,false,0
2025-11-27T17:14:06.267979-08:00,read,key_490,1.34,false,false,0
2025-11-27T17:14:06.278662-08:00,read,key_748,2.34,false,false,0
2025-11-27T17:14:06.289129-08:00,read,key_434,1.84,false,false,0
2025-11-27T17:14:06.299985-08:00,read,key_697,1.93,false,false,0
2025-11-27T17:14:06.311244-08:00,read,key_878,2.76,false,false,0
2025-11-27T17:14:06.322098-08:00,read,key_430,1.78,false,false,0
2025-11-27T17:14:06.332475-08:00,read,key_739,2.11,true,false,52
2025-11-27T17:14:06.343548-08:00,read,key_544,2.27,false,false,0
2025-11-27T17:14:06.353979-08:00,read,key_255,1.56,false,false,0
2025-11-27T17:14:06.364271-08:00,read,key_945,2.10,false,false,0
2025-11-27T17:14:06.059317-08:00,write,key_274,307.73,true,false,57
2025-11-27T17:14:06.071063-08:00,write,key_219,305.50,true,false,58
2025-11-27T17:14:06.374768-08:00,read,key_30,2.31,false,false,0
2025-11-27T17:14:06.385846-08:00,read,key_236,2.04,false,false,0
2025-11-27T17:14:06.396047-08:00,read,key_5,2.05,false,false,0
2025-11-27T17:14:06.417735-08:00,read,key_213,1.81,false,false,0
2025-11-27T17:14:06.429276-08:00,read,key_755,2.39,false,false,0
2025-11-27T17:14:06.440269-08:00,read,key_621,1.79,false,false,0
2025-11-27T17:14:06.450758-08:00,read,key_231,1.51,false,false,0
2025-11-27T17:14:06.461132-08:00,read,key_579,2.67,false,false,0
2025-11-27T17:14:06.472186-08:00,read,key_887,1.65,false,false,0
2025-11-27T17:14:06.483332-08:00,read,key_542,1.86,false,false,0
2025-11-27T17:14:06.494458-08:00,read,key_253,2.69,false,false,0
2025-11-27T17:14:06.505153-08:00,read,key_695,1.91,false,false,0
2025-11-27T17:14:06.202453-08:00,write,key_950,311.94,true,false,57
2025-11-27T17:14:06.526538-08:00,read,key_939,1.67,false,false,0
2025-11-27T17:14:06.537431-08:00,read,key_679,3.15,true,false,55
2025-11-27T17:14:06.548367-08:00,read,key_479,1.70,true,false,51
2025-11-27T17:14:06.559546-08:00,read,key_951,1.46,false,false,0
2025-11-27T17:14:06.570706-08:00,read,key_557,2.31,false,false,0
2025-11-27T17:14:06.581322-08:00,read,key_144,1.80,false,false,0
2025-11-27T17:14:06.592428-08:00,read,key_103,1.83,false,false,0
2025-11-27T17:14:06.603528-08:00,read,key_723,2.61,false,false,0
2025-11-27T17:14:06.614455-08:00,read,key_724,1.42,false,false,0
2025-11-27T17:14:06.625194-08:00,read,key_885,1.72,false,false,0
2025-11-27T17:14:06.635977-08:00,read,key_67,2.29,true,false,42
2025-11-27T17:14:06.647021-08:00,read,key_253,1.60,false,false,0
2025-11-27T17:14:06.657439-08:00,read,key_522,1.71,false,false,0
2025-11-27T17:14:06.667707-08:00,read,key_816,1.82,false,false,0
2025-11-27T17:14:06.678925-08:00,read,key_319,2.63,false,false,0
2025-11-27T17:14:06.689305-08:00,read,key_816,1.74,false,false,0
2025-11-27T17:14:06.700454-08:00,read,key_226,1.50,false,false,0
2025-11-27T17:14:06.711379-08:00,read,key_999,3.09,false,false,0
2025-11-27T17:14:06.407013-08:00,write,key_63,309.10,true,false,59
2025-11-27T17:14:06.722204-08:00,read,key_310,1.78,false,false,0
2025-11-27T17:14:06.732462-08:00,read,key_818,1.55,false,false,0
2025-11-27T17:14:06.743552-08:00,read,key_55,2.06,false,false,0
2025-11-27T17:14:06.754401-08:00,read,key_442,3.21,true,false,36
2025-11-27T17:14:06.765392-08:00,read,key_256,1.59,false,false,0
2025-11-27T17:14:06.776497-08:00,read,key_770,1.74,false,false,0
2025-11-27T17:14:06.797993-08:00,read,key_146,1.89,false,false,0
2025-11-27T17:14:06.809141-08:00,read,key_1,1.79,true,false,39
2025-11-27T17:14:06.515275-08:00,write,key_42,308.06,true,false,59
2025-11-27T17:14:06.819585-08:00,read,key_692,5.43,false,false,0
2025-11-27T17:14:06.830342-08:00,read,key_227,1.12,false,false,0
2025-11-27T17:14:06.841216-08:00,read,key_115,1.51,false,false,0
2025-11-27T17:14:06.851454-08:00,read,key_103,2.23,false,false,0
2025-11-27T17:14:06.862108-08:00,read,key_271,2.74,false,false,0
2025-11-27T17:14:06.872957-08:00,read,key_763,1.68,false,false,0
2025-11-27T17:14:06.884036-08:00,read,key_211,1.89,false,false,0
2025-11-27T17:14:06.895136-08:00,read,key_569,2.95,false,false,0
2025-11-27T17:14:06.906106-08:00,read,key_494,1.48,false,false,0
2025-11-27T17:14:06.917175-08:00,read,key_424,1.87,false,false,0
2025-11-27T17:14:06.93887-08:00,read,key_27,1.65,false,false,0
2025-11-27T17:14:06.949154-08:00,read,key_560,1.56,false,false,0
2025-11-27T17:14:06.959687-08:00,read,key_148,1.73,false,false,0
2025-11-27T17:14:06.970622-08:00,read,key_697,2.46,false,false,0
2025-11-27T17:14:07.004226-08:00,read,key_279,2.06,false,false,0
2025-11-27T17:14:07.015278-08:00,read,key_793,1.66,true,false,10
2025-11-27T17:14:07.025522-08:00,read,key_45,1.36,false,false,0
2025-11-27T17:14:07.036132-08:00,read,key_3,2.71,false,false,0
2025-11-27T17:14:07.047472-08:00,read,key_615,1.94,false,false,0
2025-11-27T17:14:07.058561-08:00,read,key_219,3.41,true,false,58
2025-11-27T17:14:07.068852-08:00,read,key_635,1.62,false,false,0
2025-11-27T17:14:07.080192-08:00,read,key_350,2.13,false,false,0
2025-11-27T17:14:07.091305-08:00,read,key_313,1.62,false,false,0
2025-11-27T17:14:06.787497-08:00,write,key_35,306.13,true,false,60
2025-11-27T17:14:07.102382-08:00,read,key_216,2.86,false,false,0
2025-11-27T17:14:07.113442-08:00,read,key_710,1.62,false,false,0
2025-11-27T17:14:07.123711-08:00,read,key_874,1.52,false,false,0
2025-11-27T17:14:07.134211-08:00,read,key_540,1.26,false,false,0
2025-11-27T17:14:07.145199-08:00,read,key_574,2.60,false,false,0
2025-11-27T17:14:07.15624-08:00,read,key_267,1.68,false,false,0
2025-11-27T17:14:07.167396-08:00,read,key_729,1.56,false,false,0
2025-11-27T17:14:07.190542-08:00,read,key_905,1.60,false,false,0
2025-11-27T17:14:07.200793-08:00,read,key_674,1.35,false,false,0
2025-11-27T17:14:07.212374-08:00,read,key_738,2.19,false,false,0
2025-11-27T17:14:07.222715-08:00,read,key_53,1.44,false,false,0
2025-11-27T17:14:07.233059-08:00,read,key_490,1.74,false,false,0
2025-11-27T17:14:06.928373-08:00,write,key_319,307.38,true,false,60
2025-11-27T17:14:07.244144-08:00,read,key_260,2.85,false,false,0
2025-11-27T17:14:07.255141-08:00,read,key_274,1.75,true,false,57
2025-11-27T17:14:07.26629-08:00,read,key_858,1.64,false,false,0
2025-11-27T17:14:07.277506-08:00,read,key_675,2.88,false,false,0
2025-11-27T17:14:07.288334-08:00,read,key_548,1.23,false,false,0
2025-11-27T17:14:06.981747-08:00,write,key_0,307.88,true,false,61
2025-11-27T17:14:06.992681-08:00,write,key_852,307.51,true,false,62
2025-11-27T17:14:07.310327-08:00,read,key_99,1.62,false,false,0
2025-11-27T17:14:07.321395-08:00,read,key_633,1.32,false,false,0
2025-11-27T17:14:07.332437-08:00,read,key_496,1.57,false,false,0
2025-11-27T17:14:07.343553-08:00,read,key_816,1.38,false,false,0
2025-11-27T17:14:07.353817-08:00,read,key_214,3.58,false,false,0
2025-11-27T17:14:07.364779-08:00,read,key_294,1.80,false,false,0
2025-11-27T17:14:07.375872-08:00,read,key_872,1.67,false,false,0
2025-11-27T17:14:07.397268-08:00,read,key_46,1.52,false,false,0
2025-11-27T17:14:07.408363-08:00,read,key_254,1.47,false,false,0
2025-11-27T17:14:07.419478-08:00,read,key_322,2.47,false,false,0
2025-11-27T17:14:07.42977-08:00,read,key_810,1.49,false,false,0
2025-11-27T17:14:07.440866-08:00,read,key_350,1.70,false,false,0
2025-11-27T17:14:07.451992-08:00,read,key_690,1.84,false,false,0
2025-11-27T17:14:07.463373-08:00,read,key_490,1.99,false,false,0
2025-11-27T17:14:07.474521-08:00,read,key_677,1.63,false,false,0
2025-11-27T17:14:07.484793-08:00,read,key_478,2.50,true,false,39
2025-11-27T17:14:07.17888-08:00,write,key_226,310.59,true,false,61
2025-11-27T17:14:07.495571-08:00,read,key_433,4.43,true,false,56
2025-11-27T17:14:07.506274-08:00,read,key_408,1.44,false,false,0
2025-11-27T17:14:07.517394-08:00,read,key_229,1.58,true,false,48
2025-11-27T17:14:07.528533-08:00,read,key_425,3.02,false,false,0
2025-11-27T17:14:07.539583-08:00,read,key_412,1.57,false,false,0
2025-11-27T17:14:07.550707-08:00,read,key_549,1.91,false,false,0
2025-11-27T17:14:07.572965-08:00,read,key_747,1.79,false,false,0
2025-11-27T17:14:07.583369-08:00,read,key_52,1.56,false,false,0
2025-11-27T17:14:07.594991-08:00,read,key_148,2.74,false,false,0
2025-11-27T17:14:07.299227-08:00,write,key_940,306.98,true,false,63
2025-11-27T17:14:07.605298-08:00,read,key_107,1.28,false,false,0
2025-11-27T17:14:07.6164-08:00,read,key_697,1.61,false,false,0
2025-11-27T17:14:07.627557-08:00,read,key_769,3.01,false,false,0
2025-11-27T17:14:07.638601-08:00,read,key_305,1.83,false,false,0
2025-11-27T17:14:07.649103-08:00,read,key_611,1.60,false,false,0
2025-11-27T17:14:07.660224-08:00,read,key_670,2.00,false,false,0
2025-11-27T17:14:07.671785-08:00,read,key_60,1.66,false,false,0
2025-11-27T17:14:07.682902-08:00,read,key_147,1.83,false,false,0
2025-11-27T17:14:07.386272-08:00,write,key_618,306.46,true,false,64
2025-11-27T17:14:07.693132-08:00,read,key_611,0.92,false,false,0
2025-11-27T17:14:07.703647-08:00,read,key_811,2.50,false,false,0
2025-11-27T17:14:07.714691-08:00,read,key_936,1.35,false,false,0
2025-11-27T17:14:07.725777-08:00,read,key_357,2.16,false,false,0
2025-11-27T17:14:07.759014-08:00,read,key_692,1.67,false,false,0
2025-11-27T17:14:07.769302-08:00,read,key_543,2.76,false,false,0
2025-11-27T17:14:07.78043-08:00,read,key_677,1.81,false,false,0
2025-11-27T17:14:07.791601-08:00,read,key_310,1.39,false,false,0
2025-11-27T17:14:07.802733-08:00,read,key_908,2.84,false,false,0
2025-11-27T17:14:07.824301-08:00,read,key_785,1.62,false,false,0
2025-11-27T17:14:07.835422-08:00,read,key_5,3.14,false,false,0
2025-11-27T17:14:07.846516-08:00,read,key_618,1.41,true,false,64
2025-11-27T17:14:07.857732-08:00,read,key_40,1.54,false,false,0
2025-11-27T17:14:07.868824-08:00,read,key_355,1.51,false,false,0
2025-11-27T17:14:07.561823-08:00,write,key_289,309.78,true,false,63
2025-11-27T17:14:07.879759-08:00,read,key_685,1.92,false,false,0
2025-11-27T17:14:07.89087-08:00,read,key_527,1.43,false,false,0
2025-11-27T17:14:07.90125-08:00,read,key_787,1.55,false,false,0
2025-11-27T17:14:07.9127-08:00,read,key_780,1.63,false,false,0
2025-11-27T17:14:07.923387-08:00,read,key_915,1.60,false,false,0
2025-11-27T17:14:07.934179-08:00,read,key_744,1.85,false,false,0
2025-11-27T17:14:07.95533-08:00,read,key_650,1.65,false,false,0
2025-11-27T17:14:07.966411-08:00,read,key_105,2.01,false,false,0
2025-11-27T17:14:07.97761-08:00,read,key_268,2.34,false,false,0
2025-11-27T17:14:07.988718-08:00,read,key_686,3.33,false,false,0
2025-11-27T17:14:08.010521-08:00,read,key_617,2.61,false,false,0
2025-11-27T17:14:08.021588-08:00,read,key_410,2.16,false,false,0
2025-11-27T17:14:08.03223-08:00,read,key_540,1.60,false,false,0
2025-11-27T17:14:07.736884-08:00,write,key_42,307.01,true,false,65
2025-11-27T17:14:08.043288-08:00,read,key_154,1.16,false,false,0
2025-11-27T17:14:07.74787-08:00,write,key_92,306.75,true,false,65
2025-11-27T17:14:08.054671-08:00,read,key_639,0.84,false,false,0
2025-11-27T17:14:08.065797-08:00,read,key_989,1.44,false,false,0
2025-11-27T17:14:08.077034-08:00,read,key_100,1.55,false,false,0
2025-11-27T17:14:08.088225-08:00,read,key_807,1.33,false,false,0
2025-11-27T17:14:08.099327-08:00,read,key_252,1.62,true,false,50
2025-11-27T17:14:08.110425-08:00,read,key_692,2.77,false,false,0
2025-11-27T17:14:08.121795-08:00,read,key_591,2.35,false,false,0
2025-11-27T17:14:07.813736-08:00,write,key_290,311.40,true,false,66
2025-11-27T17:14:08.13245-08:00,read,key_437,1.60,false,false,0
2025-11-27T17:14:08.14365-08:00,read,key_731,3.09,false,false,0
2025-11-27T17:14:08.154702-08:00,read,key_933,2.30,false,false,0
2025-11-27T17:14:08.165738-08:00,read,key_60,1.45,false,false,0
2025-11-27T17:14:08.176847-08:00,read,key_266,1.98,false,false,0
2025-11-27T17:14:08.188227-08:00,read,key_282,1.83,false,false,0
2025-11-27T17:14:08.199305-08:00,read,key_264,1.60,false,false,0
2025-11-27T17:14:08.210407-08:00,read,key_737,1.54,false,false,0
2025-11-27T17:14:08.221578-08:00,read,key_4,2.05,false,false,0
2025-11-27T17:14:08.232675-08:00,read,key_267,1.69,false,false,0
2025-11-27T17:14:08.243793-08:00,read,key_785,2.93,false,false,0
2025-11-27T17:14:07.944443-08:00,write,key_567,308.29,true,false,65
2025-11-27T17:14:08.25435-08:00,read,key_854,1.53,false,false,0
2025-11-27T17:14:08.265504-08:00,read,key_972,1.75,false,false,0
2025-11-27T17:14:08.276658-08:00,read,key_678,1.99,true,false,49
2025-11-27T17:14:08.287831-08:00,read,key_93,2.13,false,false,0
2025-11-27T17:14:08.298897-08:00,read,key_830,1.66,false,false,0
2025-11-27T17:14:07.999642-08:00,write,key_797,307.80,true,false,67
2025-11-27T17:14:08.309155-08:00,read,key_520,1.04,false,false,0
2025-11-27T17:14:08.319484-08:00,read,key_749,2.46,false,false,0
2025-11-27T17:14:08.330569-08:00,read,key_747,1.77,false,false,0
2025-11-27T17:14:08.341702-08:00,read,key_358,1.83,false,false,0
2025-11-27T17:14:08.353045-08:00,read,key_912,2.50,false,false,0
2025-11-27T17:14:08.375217-08:00,read,key_674,1.85,false,false,0
2025-11-27T17:14:08.386382-08:00,read,key_520,2.74,false,false,0
2025-11-27T17:14:08.397284-08:00,read,key_100,1.77,false,false,0
2025-11-27T17:14:08.408422-08:00,read,key_783,2.23,false,false,0
2025-11-27T17:14:08.430863-08:00,read,key_286,1.75,false,false,0
2025-11-27T17:14:08.441965-08:00,read,key_542,1.69,false,false,0
2025-11-27T17:14:08.463866-08:00,read,key_961,1.25,false,false,0
2025-11-27T17:14:08.474962-08:00,read,key_808,1.67,false,false,0
2025-11-27T17:14:08.486084-08:00,read,key_584,2.75,false,false,0
2025-11-27T17:14:08.496787-08:00,read,key_647,1.69,false,false,0
2025-11-27T17:14:08.507967-08:00,read,key_632,1.91,false,false,0
2025-11-27T17:14:08.550697-08:00,read,key_545,5.75,true,false,55
2025-11-27T17:14:08.561367-08:00,read,key_742,2.47,false,false,0
2025-11-27T17:14:08.572436-08:00,read,key_786,1.31,false,false,0
2025-11-27T17:14:08.605159-08:00,read,key_832,1.44,false,false,0
2025-11-27T17:14:08.616251-08:00,read,key_952,5.85,false,false,0
2025-11-27T17:14:08.638324-08:00,read,key_100,1.92,false,false,0
2025-11-27T17:14:08.648791-08:00,read,key_979,1.56,false,false,0
2025-11-27T17:14:08.659142-08:00,read,key_301,1.46,false,false,0
2025-11-27T17:14:08.364086-08:00,write,key_94,305.02,true,false,68
2025-11-27T17:14:08.669214-08:00,read,key_841,0.95,false,false,0
2025-11-27T17:14:08.680052-08:00,read,key_190,4.45,false,false,0
2025-11-27T17:14:08.690404-08:00,read,key_9,1.58,false,false,0
2025-11-27T17:14:08.700935-08:00,read,key_472,1.26,false,false,0
2025-11-27T17:14:08.711429-08:00,read,key_716,2.37,false,false,0
2025-11-27T17:14:08.419515-08:00,write,key_761,306.02,true,false,68
2025-11-27T17:14:08.722529-08:00,read,key_746,3.00,true,false,15
2025-11-27T17:14:08.733311-08:00,read,key_297,1.68,false,false,0
2025-11-27T17:14:08.744247-08:00,read,key_634,3.13,false,false,0
2025-11-27T17:14:08.755189-08:00,read,key_679,1.69,true,false,55
2025-11-27T17:14:08.452543-08:00,write,key_478,305.58,true,false,68
2025-11-27T17:14:08.765685-08:00,read,key_803,1.49,false,false,0
2025-11-27T17:14:08.77679-08:00,read,key_616,1.90,false,false,0
2025-11-27T17:14:08.789107-08:00,read,key_255,1.83,false,false,0
2025-11-27T17:14:08.800226-08:00,read,key_558,2.12,false,false,0
2025-11-27T17:14:08.811367-08:00,read,key_523,2.70,false,false,0
2025-11-27T17:14:08.822359-08:00,read,key_273,1.61,false,false,0
2025-11-27T17:14:08.518432-08:00,write,key_297,313.45,true,false,69
2025-11-27T17:14:08.83251-08:00,read,key_0,0.80,true,false,61
2025-11-27T17:14:08.528795-08:00,write,key_67,306.00,true,false,69
2025-11-27T17:14:08.843623-08:00,read,key_85,1.26,false,false,0
2025-11-27T17:14:08.539973-08:00,write,key_158,308.81,true,false,69
2025-11-27T17:14:08.854579-08:00,read,key_510,1.78,false,false,0
2025-11-27T17:14:08.864749-08:00,read,key_810,1.67,false,false,0
2025-11-27T17:14:08.583706-08:00,write,key_684,310.87,true,false,70
2025-11-27T17:14:08.895822-08:00,read,key_251,1.21,false,false,0
2025-11-27T17:14:08.594824-08:00,write,key_792,310.89,true,false,70
2025-11-27T17:14:08.905897-08:00,read,key_730,0.73,true,false,16
2025-11-27T17:14:08.916738-08:00,read,key_60,1.49,false,false,0
2025-11-27T17:14:08.927884-08:00,read,key_717,2.43,true,false,9
2025-11-27T17:14:08.6269-08:00,write,key_13,308.53,true,false,68
2025-11-27T17:14:08.938285-08:00,read,key_813,1.27,false,false,0
2025-11-27T17:14:08.949149-08:00,read,key_652,1.58,false,false,0
2025-11-27T17:14:08.960293-08:00,read,key_916,1.65,false,false,0
2025-11-27T17:14:08.982226-08:00,read,key_441,1.73,false,false,0
2025-11-27T17:14:08.992343-08:00,read,key_260,1.56,false,false,0
2025-11-27T17:14:09.003203-08:00,read,key_476,2.27,false,false,0
2025-11-27T17:14:09.014185-08:00,read,key_728,1.31,false,false,0
2025-11-27T17:14:09.025304-08:00,read,key_264,1.75,false,false,0
2025-11-27T17:14:09.036449-08:00,read,key_420,2.04,false,false,0
2025-11-27T17:14:09.047201-08:00,read,key_697,1.42,false,false,0
2025-11-27T17:14:09.058379-08:00,read,key_569,1.66,false,false,0
2025-11-27T17:14:09.079242-08:00,read,key_84,2.58,false,false,0
2025-11-27T17:14:09.090321-08:00,read,key_851,1.29,false,false,0
2025-11-27T17:14:09.100825-08:00,read,key_106,1.52,false,false,0
2025-11-27T17:14:09.111147-08:00,read,key_223,2.71,false,false,0
2025-11-27T17:14:09.122198-08:00,read,key_46,1.45,false,false,0
2025-11-27T17:14:09.132389-08:00,read,key_104,1.54,false,false,0
2025-11-27T17:14:09.143254-08:00,read,key_237,1.92,false,false,0
2025-11-27T17:14:09.154373-08:00,read,key_759,2.72,false,false,0
2025-11-27T17:14:09.165211-08:00,read,key_786,1.50,false,false,0
2025-11-27T17:14:08.874852-08:00,write,key_848,309.04,true,false,71
2025-11-27T17:14:09.185763-08:00,read,key_802,3.26,false,false,0
2025-11-27T17:14:08.885147-08:00,write,key_833,305.82,true,false,72
2025-11-27T17:14:09.19664-08:00,read,key_276,1.77,true,false,49
2025-11-27T17:14:09.207409-08:00,read,key_41,1.44,true,false,19
2025-11-27T17:14:09.2404-08:00,read,key_954,1.78,true,false,51
2025-11-27T17:14:09.251527-08:00,read,key_548,1.44,false,false,0
2025-11-27T17:14:09.262252-08:00,read,key_295,1.87,false,false,0
2025-11-27T17:14:09.272445-08:00,read,key_63,1.28,true,false,59
2025-11-27T17:14:08.971036-08:00,write,key_207,304.23,true,false,71
2025-11-27T17:14:09.283311-08:00,read,key_546,1.16,false,false,0
2025-11-27T17:14:09.294553-08:00,read,key_934,3.42,false,false,0
2025-11-27T17:14:09.305517-08:00,read,key_677,1.73,false,false,0
2025-11-27T17:14:09.339044-08:00,read,key_678,1.81,true,false,49
2025-11-27T17:14:09.349855-08:00,read,key_543,4.20,false,false,0
2025-11-27T17:14:09.360705-08:00,read,key_841,1.86,false,false,0
2025-11-27T17:14:09.371839-08:00,read,key_36,3.18,false,false,0
2025-11-27T17:14:09.068776-08:00,write,key_284,308.93,true,false,71
2025-11-27T17:14:09.382129-08:00,read,key_634,1.35,false,false,0
2025-11-27T17:14:09.404426-08:00,read,key_732,3.86,true,false,13
2025-11-27T17:14:09.415301-08:00,read,key_479,1.37,true,false,51
2025-11-27T17:14:09.426415-08:00,read,key_61,1.62,true,false,40
2025-11-27T17:14:09.437468-08:00,read,key_51,2.21,true,false,52
2025-11-27T17:14:09.448473-08:00,read,key_808,1.44,false,false,0
2025-11-27T17:14:09.459154-08:00,read,key_634,1.72,false,false,0
2025-11-27T17:14:09.469411-08:00,read,key_218,3.09,true,false,53
2025-11-27T17:14:09.175456-08:00,write,key_615,305.25,true,false,73
2025-11-27T17:14:09.490991-08:00,read,key_648,1.76,false,false,0
2025-11-27T17:14:09.50213-08:00,read,key_231,1.68,false,false,0
2025-11-27T17:14:09.513328-08:00,read,key_280,1.80,false,false,0
2025-11-27T17:14:09.217886-08:00,write,key_902,306.49,true,false,73
2025-11-27T17:14:09.524109-08:00,read,key_624,0.89,false,false,0
2025-11-27T17:14:09.229226-08:00,write,key_737,306.53,true,false,73
2025-11-27T17:14:09.534495-08:00,read,key_624,1.89,false,false,0
2025-11-27T17:14:09.545676-08:00,read,key_117,2.55,false,false,0
2025-11-27T17:14:09.556758-08:00,read,key_476,1.56,false,false,0
2025-11-27T17:14:09.567893-08:00,read,key_6,2.05,false,false,0
2025-11-27T17:14:09.579261-08:00,read,key_670,2.82,false,false,0
2025-11-27T17:14:09.589742-08:00,read,key_14,1.73,false,false,0
2025-11-27T17:14:09.600876-08:00,read,key_818,1.38,false,false,0
2025-11-27T17:14:09.611106-08:00,read,key_12,3.49,false,false,0
2025-11-27T17:14:09.622083-08:00,read,key_199,1.60,false,false,0
2025-11-27T17:14:09.316627-08:00,write,key_908,309.04,true,false,74
2025-11-27T17:14:09.633011-08:00,read,key_221,2.31,false,false,0
2025-11-27T17:14:09.327889-08:00,write,key_636,307.59,true,false,73
2025-11-27T17:14:09.644031-08:00,read,key_568,2.67,false,false,0
2025-11-27T17:14:09.654753-08:00,read,key_616,1.89,false,false,0
2025-11-27T17:14:09.665846-08:00,read,key_811,1.87,false,false,0
2025-11-27T17:14:09.676999-08:00,read,key_576,2.83,false,false,0
2025-11-27T17:14:09.68812-08:00,read,key_730,2.04,true,false,16
2025-11-27T17:14:09.393252-08:00,write,key_34,306.48,true,false,74
2025-11-27T17:14:09.699073-08:00,read,key_971,1.27,false,false,0
2025-11-27T17:14:09.710139-08:00,read,key_289,1.53,true,false,63
2025-11-27T17:14:09.721115-08:00,read,key_5,2.09,false,false,0
2025-11-27T17:14:09.732236-08:00,read,key_799,1.56,false,false,0
2025-11-27T17:14:09.743346-08:00,read,key_632,1.76,false,false,0
2025-11-27T17:14:09.754826-08:00,read,key_202,1.75,false,false,0
2025-11-27T17:14:09.788322-08:00,read,key_652,2.29,false,false,0
2025-11-27T17:14:09.47986-08:00,write,key_12,311.22,true,false,75
2025-11-27T17:14:09.79912-08:00,read,key_219,1.68,true,false,58
2025-11-27T17:14:09.810242-08:00,read,key_912,1.56,false,false,0
2025-11-27T17:14:09.821406-08:00,read,key_499,1.36,false,false,0
2025-11-27T17:14:09.832546-08:00,read,key_434,1.56,false,false,0
2025-11-27T17:14:09.843717-08:00,read,key_550,1.34,false,false,0
2025-11-27T17:14:09.854909-08:00,read,key_265,2.11,false,false,0
2025-11-27T17:14:09.865793-08:00,read,key_907,1.73,false,false,0
2025-11-27T17:14:09.876055-08:00,read,key_281,1.41,false,false,0
2025-11-27T17:14:09.886781-08:00,read,key_651,2.30,false,false,0
2025-11-27T17:14:09.897383-08:00,read,key_878,1.57,false,false,0
2025-11-27T17:14:09.907935-08:00,read,key_438,1.47,false,false,0
2025-11-27T17:14:09.919112-08:00,read,key_471,2.63,false,false,0
2025-11-27T17:14:09.930121-08:00,read,key_276,2.34,true,false,49
2025-11-27T17:14:09.941232-08:00,read,key_49,1.47,false,false,0
2025-11-27T17:14:09.952365-08:00,read,key_570,3.14,false,false,0
2025-11-27T17:14:09.963425-08:00,read,key_936,1.94,false,false,0
2025-11-27T17:14:09.974539-08:00,read,key_843,1.66,false,false,0
2025-11-27T17:14:09.985721-08:00,read,key_510,2.85,false,false,0
2025-11-27T17:14:09.996808-08:00,read,key_86,1.71,true,false,37
2025-11-27T17:14:10.00794-08:00,read,key_689,1.47,false,false,0
2025-11-27T17:14:10.018976-08:00,read,key_676,2.68,true,false,54
2025-11-27T17:14:10.03017-08:00,read,key_562,2.13,false,false,0
2025-11-27T17:14:10.041289-08:00,read,key_997,5.07,false,false,0
2025-11-27T17:14:10.052066-08:00,read,key_35,2.76,true,false,60
2025-11-27T17:14:10.06282-08:00,read,key_747,1.86,false,false,0
2025-11-27T17:14:10.073951-08:00,read,key_728,1.32,false,false,0
2025-11-27T17:14:09.765967-08:00,write,key_553,309.35,true,false,75
2025-11-27T17:14:09.777111-08:00,write,key_287,306.79,true,false,75
2025-11-27T17:14:10.084019-08:00,read,key_40,0.88,false,false,0
2025-11-27T17:14:10.105815-08:00,read,key_800,1.39,false,false,0
2025-11-27T17:14:10.116905-08:00,read,key_676,2.07,true,false,54
2025-11-27T17:14:10.128035-08:00,read,key_580,2.98,false,false,0
2025-11-27T17:14:10.139061-08:00,read,key_1,1.76,true,false,39
2025-11-27T17:14:10.150146-08:00,read,key_638,1.83,false,false,0
2025-11-27T17:14:10.160892-08:00,read,key_745,2.92,false,false,0
2025-11-27T17:14:10.171981-08:00,read,key_768,1.76,false,false,0
2025-11-27T17:14:10.183095-08:00,read,key_509,1.61,false,false,0
2025-11-27T17:14:10.193545-08:00,read,key_76,1.64,false,false,0
2025-11-27T17:14:10.203804-08:00,read,key_652,2.15,false,false,0
2025-11-27T17:14:10.214309-08:00,read,key_741,1.62,false,false,0
2025-11-27T17:14:10.224947-08:00,read,key_414,1.92,false,false,0
2025-11-27T17:14:10.23607-08:00,read,key_566,2.82,false,false,0
2025-11-27T17:14:10.246782-08:00,read,key_753,1.66,false,false,0
2025-11-27T17:14:10.257392-08:00,read,key_677,1.53,false,false,0
2025-11-27T17:14:10.267761-08:00,read,key_100,1.71,false,false,0
2025-11-27T17:14:10.279998-08:00,read,key_86,2.04,true,false,37
2025-11-27T17:14:10.29113-08:00,read,key_784,1.95,true,false,21
2025-11-27T17:14:10.302242-08:00,read,key_830,2.80,false,false,0
2025-11-27T17:14:10.324416-08:00,read,key_278,1.81,true,false,46
2025-11-27T17:14:10.335548-08:00,read,key_271,2.90,false,false,0
2025-11-27T17:14:10.346636-08:00,read,key_15,1.80,false,false,0
2025-11-27T17:14:10.357604-08:00,read,key_555,1.75,false,false,0
2025-11-27T17:14:10.368788-08:00,read,key_338,2.59,false,false,0
2025-11-27T17:14:10.391002-08:00,read,key_315,1.73,false,false,0
2025-11-27T17:14:10.094554-08:00,write,key_991,307.30,true,false,76
2025-11-27T17:14:10.401294-08:00,read,key_810,0.85,false,false,0
2025-11-27T17:14:10.412037-08:00,read,key_297,2.20,true,false,69
2025-11-27T17:14:10.423143-08:00,read,key_323,1.19,false,false,0
2025-11-27T17:14:10.433473-08:00,read,key_68,1.42,false,false,0
2025-11-27T17:14:10.44459-08:00,read,key_77,2.57,false,false,0
2025-11-27T17:14:10.455643-08:00,read,key_746,1.66,true,false,15
2025-11-27T17:14:10.466782-08:00,read,key_766,1.46,true,false,45
2025-11-27T17:14:10.477987-08:00,read,key_810,2.96,false,false,0
2025-11-27T17:14:10.488411-08:00,read,key_889,1.74,false,false,0
2025-11-27T17:14:10.499547-08:00,read,key_211,1.65,false,false,0
2025-11-27T17:14:10.510677-08:00,read,key_692,2.43,false,false,0
2025-11-27T17:14:10.521746-08:00,read,key_817,1.47,false,false,0
2025-11-27T17:14:10.54402-08:00,read,key_436,2.95,false,false,0
2025-11-27T17:14:10.555414-08:00,read,key_54,1.48,false,false,0
2025-11-27T17:14:10.566542-08:00,read,key_744,1.87,false,false,0
2025-11-27T17:14:10.57792-08:00,read,key_438,2.46,false,false,0
2025-11-27T17:14:10.588588-08:00,read,key_332,2.06,false,false,0
2025-11-27T17:14:10.599691-08:00,read,key_437,1.76,false,false,0
2025-11-27T17:14:10.610823-08:00,read,key_540,3.58,false,false,0
2025-11-27T17:14:10.313277-08:00,write,key_141,307.76,true,false,76
2025-11-27T17:14:10.621079-08:00,read,key_286,1.59,false,false,0
2025-11-27T17:14:10.631674-08:00,read,key_119,1.30,false,false,0
2025-11-27T17:14:10.642809-08:00,read,key_645,2.07,false,false,0
2025-11-27T17:14:10.664942-08:00,read,key_837,1.97,false,false,0
2025-11-27T17:14:10.675734-08:00,read,key_15,1.55,false,false,0
2025-11-27T17:14:10.379855-08:00,write,key_14,306.38,true,false,76
2025-11-27T17:14:10.696806-08:00,read,key_191,1.67,false,false,0
2025-11-27T17:14:10.707943-08:00,read,key_679,1.75,true,false,55
2025-11-27T17:14:10.719033-08:00,read,key_957,3.84,false,false,0
2025-11-27T17:14:10.729236-08:00,read,key_779,2.50,false,false,0
2025-11-27T17:14:10.740324-08:00,read,key_574,1.95,false,false,0
2025-11-27T17:14:10.750568-08:00,read,key_517,2.34,false,false,0
2025-11-27T17:14:10.762234-08:00,read,key_987,2.34,false,false,0
2025-11-27T17:14:10.772974-08:00,read,key_792,1.78,true,false,70
2025-11-27T17:14:10.784103-08:00,read,key_877,1.79,false,false,0
2025-11-27T17:14:10.795473-08:00,read,key_682,3.59,false,false,0
2025-11-27T17:14:10.806544-08:00,read,key_679,2.10,true,false,55
2025-11-27T17:14:10.817098-08:00,read,key_587,1.91,false,false,0
2025-11-27T17:14:10.827325-08:00,read,key_785,3.43,false,false,0
2025-11-27T17:14:10.532895-08:00,write,key_471,306.97,true,false,77
2025-11-27T17:14:10.838358-08:00,read,key_937,1.89,false,false,0
2025-11-27T17:14:10.849494-08:00,read,key_888,1.58,false,false,0
2025-11-27T17:14:10.860579-08:00,read,key_278,3.34,true,false,46
2025-11-27T17:14:10.871584-08:00,read,key_215,2.19,false,false,0
2025-11-27T17:14:10.882775-08:00,read,key_520,1.96,false,false,0
2025-11-27T17:14:10.893879-08:00,read,key_40,2.63,false,false,0
2025-11-27T17:14:10.904097-08:00,read,key_64,2.36,false,false,0
2025-11-27T17:14:10.915179-08:00,read,key_947,1.63,true,false,40
2025-11-27T17:14:10.925899-08:00,read,key_790,2.20,false,false,0
2025-11-27T17:14:10.936335-08:00,read,key_906,2.83,false,false,0
2025-11-27T17:14:10.947195-08:00,read,key_356,1.62,false,false,0
2025-11-27T17:14:10.653767-08:00,write,key_430,306.23,true,false,77
2025-11-27T17:14:10.958323-08:00,read,key_62,1.68,false,false,0
2025-11-27T17:14:10.969492-08:00,read,key_53,2.60,false,false,0
2025-11-27T17:14:10.980749-08:00,read,key_941,1.64,false,false,0
2025-11-27T17:14:10.991874-08:00,read,key_716,2.00,false,false,0
2025-11-27T17:14:10.68591-08:00,write,key_14,312.82,true,false,78
2025-11-27T17:14:11.002421-08:00,read,key_18,2.49,false,false,0
2025-11-27T17:14:11.013605-08:00,read,key_444,1.42,false,false,0
2025-11-27T17:14:11.024703-08:00,read,key_489,1.47,false,false,0
2025-11-27T17:14:11.047024-08:00,read,key_10,1.89,false,false,0
2025-11-27T17:14:11.058216-08:00,read,key_41,2.14,true,false,19
2025-11-27T17:14:11.069404-08:00,read,key_569,2.43,false,false,0
2025-11-27T17:14:11.079829-08:00,read,key_566,1.44,false,false,0
2025-11-27T17:14:11.090933-08:00,read,key_766,1.79,true,false,45
2025-11-27T17:14:11.102034-08:00,read,key_682,2.89,false,false,0
2025-11-27T17:14:11.112658-08:00,read,key_481,2.29,false,false,0
2025-11-27T17:14:11.123339-08:00,read,key_15,1.82,false,false,0
2025-11-27T17:14:11.134487-08:00,read,key_396,1.87,false,false,0
2025-11-27T17:14:11.144832-08:00,read,key_487,2.27,false,false,0
2025-11-27T17:14:11.15592-08:00,read,key_250,1.59,false,false,0
2025-11-27T17:14:11.167043-08:00,read,key_265,1.57,false,false,0
2025-11-27T17:14:11.177193-08:00,read,key_840,2.03,false,false,0
2025-11-27T17:14:11.188745-08:00,read,key_158,1.82,true,false,69
2025-11-27T17:14:11.199854-08:00,read,key_285,1.73,false,false,0
2025-11-27T17:14:11.210992-08:00,read,key_273,2.60,false,false,0
2025-11-27T17:14:11.222154-08:00,read,key_819,2.00,false,false,0
2025-11-27T17:14:11.24413-08:00,read,key_528,2.60,false,false,0
2025-11-27T17:14:11.255199-08:00,read,key_86,1.82,true,false,37
2025-11-27T17:14:11.266321-08:00,read,key_727,1.69,false,false,0
2025-11-27T17:14:11.277433-08:00,read,key_632,1.33,false,false,0
2025-11-27T17:14:11.299437-08:00,read,key_234,1.72,false,false,0
2025-11-27T17:14:11.309753-08:00,read,key_487,1.48,false,false,0
2025-11-27T17:14:11.320932-08:00,read,key_529,2.46,false,false,0
2025-11-27T17:14:11.331189-08:00,read,key_357,1.59,false,false,0
2025-11-27T17:14:11.035829-08:00,write,key_113,306.08,true,false,79
2025-11-27T17:14:11.341911-08:00,read,key_237,0.94,false,false,0
2025-11-27T17:14:11.352678-08:00,read,key_576,2.60,false,false,0
2025-11-27T17:14:11.363866-08:00,read,key_321,2.64,false,false,0
2025-11-27T17:14:11.374955-08:00,read,key_116,1.58,false,false,0
2025-11-27T17:14:11.386198-08:00,read,key_519,1.84,false,false,0
2025-11-27T17:14:11.397303-08:00,read,key_975,1.28,false,false,0
2025-11-27T17:14:11.408419-08:00,read,key_435,1.44,false,false,0
2025-11-27T17:14:11.430871-08:00,read,key_60,1.55,false,false,0
2025-11-27T17:14:11.441991-08:00,read,key_271,1.32,false,false,0
2025-11-27T17:14:11.452537-08:00,read,key_637,3.70,false,false,0
2025-11-27T17:14:11.463531-08:00,read,key_846,1.20,false,false,0
2025-11-27T17:14:11.474591-08:00,read,key_549,1.59,false,false,0
2025-11-27T17:14:11.485702-08:00,read,key_884,2.41,false,false,0
2025-11-27T17:14:11.49681-08:00,read,key_194,1.74,false,false,0
2025-11-27T17:14:11.507951-08:00,read,key_170,1.76,false,false,0
2025-11-27T17:14:11.519145-08:00,read,key_1,2.43,true,false,39
2025-11-27T17:14:11.530229-08:00,read,key_853,2.12,false,false,0
2025-11-27T17:14:11.232997-08:00,write,key_413,307.49,true,false,79
2025-11-27T17:14:11.540393-08:00,read,key_290,1.03,true,false,66
2025-11-27T17:14:11.550586-08:00,read,key_103,1.61,false,false,0
2025-11-27T17:14:11.57296-08:00,read,key_621,1.58,false,false,0
2025-11-27T17:14:11.58412-08:00,read,key_808,1.89,false,false,0
2025-11-27T17:14:11.594361-08:00,read,key_741,2.83,false,false,0
2025-11-27T17:14:11.2883-08:00,write,key_2,308.95,true,false,80
2025-11-27T17:14:11.616602-08:00,read,key_694,1.98,false,false,0
2025-11-27T17:14:11.629049-08:00,read,key_726,1.99,false,false,0
2025-11-27T17:14:11.63968-08:00,read,key_518,1.62,false,false,0
2025-11-27T17:14:11.650452-08:00,read,key_417,1.48,false,false,0
2025-11-27T17:14:11.661684-08:00,read,key_213,2.55,false,false,0
2025-11-27T17:14:11.672611-08:00,read,key_2,1.57,true,false,80
2025-11-27T17:14:11.683825-08:00,read,key_670,1.73,false,false,0
2025-11-27T17:14:11.694935-08:00,read,key_398,2.99,false,false,0
2025-11-27T17:14:11.716235-08:00,read,key_689,2.04,false,false,0
2025-11-27T17:14:11.419634-08:00,write,key_912,310.56,true,false,81
2025-11-27T17:14:11.727307-08:00,read,key_670,3.32,false,false,0
2025-11-27T17:14:11.749477-08:00,read,key_788,1.26,false,false,0
2025-11-27T17:14:11.76058-08:00,read,key_839,4.48,false,false,0
2025-11-27T17:14:11.771627-08:00,read,key_562,1.83,false,false,0
2025-11-27T17:14:11.782398-08:00,read,key_596,1.61,false,false,0
2025-11-27T17:14:11.792687-08:00,read,key_505,1.51,false,false,0
2025-11-27T17:14:11.804025-08:00,read,key_488,2.60,false,false,0
2025-11-27T17:14:11.815107-08:00,read,key_294,1.56,false,false,0
2025-11-27T17:14:11.826287-08:00,read,key_734,1.60,false,false,0
2025-11-27T17:14:11.836966-08:00,read,key_290,2.61,true,false,66
2025-11-27T17:14:11.847897-08:00,read,key_908,1.99,true,false,74
2025-11-27T17:14:11.859042-08:00,read,key_974,1.73,false,false,0
2025-11-27T17:14:11.86953-08:00,read,key_323,3.71,false,false,0
2025-11-27T17:14:11.561874-08:00,write,key_951,312.95,true,false,80
2025-11-27T17:14:11.880211-08:00,read,key_634,1.56,false,false,0
2025-11-27T17:14:11.901705-08:00,read,key_148,1.82,false,false,0
2025-11-27T17:14:11.605449-08:00,write,key_545,306.47,true,false,82
2025-11-27T17:14:11.911977-08:00,read,key_16,1.86,false,false,0
2025-11-27T17:14:11.923109-08:00,read,key_957,1.70,false,false,0
2025-11-27T17:14:11.934211-08:00,read,key_320,4.07,false,false,0
2025-11-27T17:14:11.945182-08:00,read,key_567,3.04,true,false,65
2025-11-27T17:14:11.956174-08:00,read,key_3,1.91,false,false,0
2025-11-27T17:14:11.967203-08:00,read,key_799,1.76,false,false,0
2025-11-27T17:14:11.977798-08:00,read,key_173,2.85,false,false,0
2025-11-27T17:14:11.988813-08:00,read,key_670,1.44,false,false,0
2025-11-27T17:14:11.999696-08:00,read,key_566,1.60,false,false,0
2025-11-27T17:14:11.70593-08:00,write,key_980,305.04,true,false,83
2025-11-27T17:14:12.010603-08:00,read,key_476,2.64,false,false,0
2025-11-27T17:14:12.021671-08:00,read,key_550,1.54,false,false,0
2025-11-27T17:14:12.032616-08:00,read,key_30,1.77,false,false,0
2025-11-27T17:14:12.043718-08:00,read,key_611,3.23,false,false,0
2025-11-27T17:14:11.738382-08:00,write,key_503,308.60,true,false,84
2025-11-27T17:14:12.055241-08:00,read,key_810,1.38,false,false,0
2025-11-27T17:14:12.065679-08:00,read,key_877,1.49,false,false,0
2025-11-27T17:14:12.076785-08:00,read,key_297,1.32,true,false,69
2025-11-27T17:14:12.09859-08:00,read,key_398,1.51,false,false,0
2025-11-27T17:14:12.109111-08:00,read,key_268,1.40,false,false,0
2025-11-27T17:14:12.130548-08:00,read,key_5,3.24,false,false,0
2025-11-27T17:14:12.140687-08:00,read,key_952,1.48,false,false,0
2025-11-27T17:14:12.151862-08:00,read,key_234,2.44,false,false,0
2025-11-27T17:14:12.16273-08:00,read,key_624,1.82,false,false,0
2025-11-27T17:14:12.173538-08:00,read,key_984,1.89,false,false,0
2025-11-27T17:14:12.184072-08:00,read,key_275,1.87,false,false,0
2025-11-27T17:14:12.194654-08:00,read,key_148,2.71,false,false,0
2025-11-27T17:14:11.890574-08:00,write,key_900,307.69,true,false,82
2025-11-27T17:14:12.205538-08:00,read,key_730,1.42,true,false,16
2025-11-27T17:14:12.216667-08:00,read,key_142,1.49,false,false,0
2025-11-27T17:14:12.227983-08:00,read,key_576,3.27,false,false,0
2025-11-27T17:14:12.238644-08:00,read,key_847,1.71,false,false,0
2025-11-27T17:14:12.249088-08:00,read,key_935,1.59,false,false,0
2025-11-27T17:14:12.260212-08:00,read,key_229,2.23,true,false,48
2025-11-27T17:14:12.27153-08:00,read,key_834,1.68,false,false,0
2025-11-27T17:14:12.282638-08:00,read,key_795,1.56,false,false,0
2025-11-27T17:14:12.293717-08:00,read,key_41,3.70,true,false,19
2025-11-27T17:14:12.315984-08:00,read,key_251,2.00,false,false,0
2025-11-27T17:14:12.327022-08:00,read,key_0,1.72,true,false,61
2025-11-27T17:14:12.338214-08:00,read,key_779,1.97,false,false,0
2025-11-27T17:14:12.349337-08:00,read,key_412,1.59,false,false,0
2025-11-27T17:14:12.360486-08:00,read,key_735,1.80,false,false,0
2025-11-27T17:14:12.371605-08:00,read,key_86,1.65,true,false,37
2025-11-27T17:14:12.382717-08:00,read,key_562,1.56,false,false,0
2025-11-27T17:14:12.393086-08:00,read,key_748,1.17,false,false,0
2025-11-27T17:14:12.087461-08:00,write,key_874,309.66,true,false,85
2025-11-27T17:14:12.403803-08:00,read,key_143,2.33,false,false,0
2025-11-27T17:14:12.414163-08:00,read,key_569,1.64,false,false,0
2025-11-27T17:14:12.119363-08:00,write,key_228,307.56,true,false,85
2025-11-27T17:14:12.425404-08:00,read,key_542,1.55,false,false,0
2025-11-27T17:14:12.436544-08:00,read,key_41,3.08,true,false,19
2025-11-27T17:14:12.44751-08:00,read,key_629,1.50,false,false,0
2025-11-27T17:14:12.46947-08:00,read,key_353,2.83,true,false,32
2025-11-27T17:14:12.480477-08:00,read,key_527,2.03,false,false,0
2025-11-27T17:14:12.491148-08:00,read,key_690,1.62,false,false,0
2025-11-27T17:14:12.502233-08:00,read,key_534,1.47,false,false,0
2025-11-27T17:14:12.513429-08:00,read,key_5,1.62,false,false,0
2025-11-27T17:14:12.524519-08:00,read,key_720,1.52,false,false,0
2025-11-27T17:14:12.535713-08:00,read,key_323,2.49,false,false,0
2025-11-27T17:14:12.546807-08:00,read,key_326,1.55,false,false,0
2025-11-27T17:14:12.557928-08:00,read,key_99,1.85,false,false,0
2025-11-27T17:14:12.569067-08:00,read,key_840,2.87,false,false,0
2025-11-27T17:14:12.580038-08:00,read,key_234,1.61,false,false,0
2025-11-27T17:14:12.591187-08:00,read,key_672,1.65,false,false,0
2025-11-27T17:14:12.602313-08:00,read,key_423,2.66,false,false,0
2025-11-27T17:14:12.30483-08:00,write,key_913,303.94,true,false,86
2025-11-27T17:14:12.624007-08:00,read,key_58,3.70,true,false,41
2025-11-27T17:14:12.634196-08:00,read,key_492,1.55,false,false,0
2025-11-27T17:14:12.645609-08:00,read,key_714,1.97,false,false,0
2025-11-27T17:14:12.655959-08:00,read,key_902,1.50,true,false,73
2025-11-27T17:14:12.677829-08:00,read,key_3,2.56,false,false,0
2025-11-27T17:14:12.688963-08:00,read,key_985,1.96,false,false,0
2025-11-27T17:14:12.700121-08:00,read,key_839,1.66,false,false,0
2025-11-27T17:14:12.710991-08:00,read,key_66,2.57,false,false,0
2025-11-27T17:14:12.733199-08:00,read,key_742,1.65,false,false,0
2025-11-27T17:14:12.744338-08:00,read,key_52,2.41,false,false,0
2025-11-27T17:14:12.458647-08:00,write,key_89,307.17,true,false,86
2025-11-27T17:14:12.765791-08:00,read,key_747,3.10,false,false,0
2025-11-27T17:14:12.776763-08:00,read,key_288,1.37,false,false,0
2025-11-27T17:14:12.787092-08:00,read,key_818,2.70,false,false,0
2025-11-27T17:14:12.798135-08:00,read,key_353,1.57,true,false,32
2025-11-27T17:14:12.809083-08:00,read,key_729,1.69,false,false,0
2025-11-27T17:14:12.820263-08:00,read,key_68,2.52,false,false,0
2025-11-27T17:14:12.831324-08:00,read,key_685,1.60,false,false,0
2025-11-27T17:14:12.842426-08:00,read,key_561,1.69,false,false,0
2025-11-27T17:14:12.854027-08:00,read,key_48,2.35,false,false,0
2025-11-27T17:14:12.86508-08:00,read,key_435,1.73,false,false,0
2025-11-27T17:14:12.875992-08:00,read,key_448,1.83,false,false,0
2025-11-27T17:14:12.886567-08:00,read,key_383,2.35,false,false,0
2025-11-27T17:14:12.897661-08:00,read,key_144,1.48,false,false,0
2025-11-27T17:14:12.908815-08:00,read,key_642,1.23,false,false,0
2025-11-27T17:14:12.919247-08:00,read,key_459,1.89,false,false,0
2025-11-27T17:14:12.612899-08:00,write,key_477,308.49,true,false,87
2025-11-27T17:14:12.930408-08:00,read,key_947,0.77,true,false,40
2025-11-27T17:14:12.94151-08:00,read,key_53,0.86,false,false,0
2025-11-27T17:14:12.952656-08:00,read,key_567,0.65,true,false,65
2025-11-27T17:14:12.963945-08:00,read,key_282,0.74,false,false,0
2025-11-27T17:14:12.667102-08:00,write,key_785,306.91,true,false,87
2025-11-27T17:14:12.974013-08:00,read,key_724,0.55,false,false,0
2025-11-27T17:14:12.985272-08:00,read,key_303,0.83,false,false,0
2025-11-27T17:14:12.995912-08:00,read,key_887,1.21,false,false,0
2025-11-27T17:14:13.007028-08:00,read,key_436,0.78,false,false,0
2025-11-27T17:14:13.018188-08:00,read,key_288,0.86,false,false,0
2025-11-27T17:14:13.028337-08:00,read,key_55,2.20,false,false,0
2025-11-27T17:14:12.722098-08:00,write,key_382,308.84,true,false,88
2025-11-27T17:14:13.039259-08:00,read,key_972,1.38,false,false,0
2025-11-27T17:14:13.050003-08:00,read,key_12,1.75,true,false,75
2025-11-27T17:14:12.755534-08:00,write,key_316,305.59,true,false,88
2025-11-27T17:14:13.06104-08:00,read,key_6,2.36,false,false,0
2025-11-27T17:14:13.07214-08:00,read,key_545,1.45,true,false,82
2025-11-27T17:14:13.082397-08:00,read,key_891,1.55,false,false,0
2025-11-27T17:14:13.093545-08:00,read,key_471,2.35,true,false,77
2025-11-27T17:14:13.104232-08:00,read,key_728,2.36,false,false,0
2025-11-27T17:14:13.125613-08:00,read,key_790,1.70,false,false,0
2025-11-27T17:14:13.136841-08:00,read,key_977,2.89,false,false,0
2025-11-27T17:14:13.147878-08:00,read,key_195,1.58,false,false,0
2025-11-27T17:14:13.158734-08:00,read,key_627,1.20,false,false,0
2025-11-27T17:14:13.169738-08:00,read,key_272,2.76,false,false,0
2025-11-27T17:14:13.180796-08:00,read,key_185,1.45,false,false,0
2025-11-27T17:14:13.191966-08:00,read,key_55,1.83,false,false,0
2025-11-27T17:14:13.203117-08:00,read,key_151,2.99,false,false,0
2025-11-27T17:14:13.213322-08:00,read,key_313,1.72,false,false,0
2025-11-27T17:14:13.223507-08:00,read,key_540,1.35,false,false,0
2025-11-27T17:14:13.234701-08:00,read,key_486,0.94,false,false,0
2025-11-27T17:14:13.245402-08:00,read,key_55,0.87,false,false,0
2025-11-27T17:14:13.267688-08:00,read,key_272,0.81,false,false,0
2025-11-27T17:14:13.289535-08:00,read,key_505,1.23,false,false,0
2025-11-27T17:14:13.300626-08:00,read,key_719,0.84,false,false,0
2025-11-27T17:14:13.311502-08:00,read,key_110,3.35,true,false,50
2025-11-27T17:14:13.32226-08:00,read,key_266,0.78,false,false,0
2025-11-27T17:14:13.333026-08:00,read,key_442,0.86,true,false,36
2025-11-27T17:14:13.344128-08:00,read,key_624,1.14,false,false,0
2025-11-27T17:14:13.366389-08:00,read,key_884,0.66,false,false,0
2025-11-27T17:14:13.377178-08:00,read,key_529,0.81,false,false,0
2025-11-27T17:14:13.387956-08:00,read,key_102,0.67,false,false,0
2025-11-27T17:14:13.399067-08:00,read,key_979,0.64,false,false,0
2025-11-27T17:14:13.409627-08:00,read,key_987,0.73,false,false,0
2025-11-27T17:14:13.11462-08:00,write,key_302,304.35,true,false,89
2025-11-27T17:14:13.419793-08:00,read,key_804,0.65,false,false,0
2025-11-27T17:14:13.430907-08:00,read,key_953,0.68,false,false,0
2025-11-27T17:14:13.475124-08:00,read,key_681,2.58,false,false,0
2025-11-27T17:14:13.486147-08:00,read,key_7,1.30,true,false,46
2025-11-27T17:14:13.497293-08:00,read,key_234,0.57,false,false,0
2025-11-27T17:14:13.508459-08:00,read,key_605,0.71,false,false,0
2025-11-27T17:14:13.519007-08:00,read,key_101,0.88,false,false,0
2025-11-27T17:14:13.530129-08:00,read,key_357,0.66,false,false,0
2025-11-27T17:14:13.54128-08:00,read,key_134,0.66,false,false,0
2025-11-27T17:14:13.552408-08:00,read,key_575,0.66,false,false,0
2025-11-27T17:14:13.256537-08:00,write,key_902,304.57,true,false,90
2025-11-27T17:14:13.562675-08:00,read,key_482,0.71,false,false,0
2025-11-27T17:14:13.573812-08:00,read,key_679,1.42,true,false,55
2025-11-27T17:14:13.278124-08:00,write,key_818,304.37,true,false,89
2025-11-27T17:14:13.584043-08:00,read,key_68,1.31,false,false,0
2025-11-27T17:14:13.594568-08:00,read,key_515,2.84,false,false,0
2025-11-27T17:14:13.605615-08:00,read,key_447,2.15,false,false,0
2025-11-27T17:14:13.616728-08:00,read,key_746,1.78,true,false,15
2025-11-27T17:14:13.627895-08:00,read,key_60,2.13,false,false,0
2025-11-27T17:14:13.639015-08:00,read,key_790,1.91,false,false,0
2025-11-27T17:14:13.650142-08:00,read,key_694,1.43,false,false,0
2025-11-27T17:14:13.355272-08:00,write,key_485,304.32,true,false,91
2025-11-27T17:14:13.660352-08:00,read,key_108,1.14,false,false,0
2025-11-27T17:14:13.671829-08:00,read,key_957,2.14,false,false,0
2025-11-27T17:14:13.682934-08:00,read,key_418,1.71,false,false,0
2025-11-27T17:14:13.694023-08:00,read,key_987,2.84,false,false,0
2025-11-27T17:14:13.716167-08:00,read,key_60,1.62,false,false,0
2025-11-27T17:14:13.727304-08:00,read,key_115,2.71,false,false,0
2025-11-27T17:14:13.738319-08:00,read,key_152,1.62,false,false,0
2025-11-27T17:14:13.749385-08:00,read,key_762,1.63,false,false,0
2025-11-27T17:14:13.442078-08:00,write,key_280,309.80,true,false,92
2025-11-27T17:14:13.452758-08:00,write,key_74,304.09,true,false,90
2025-11-27T17:14:13.759573-08:00,read,key_992,1.78,false,false,0
2025-11-27T17:14:13.463927-08:00,write,key_703,305.19,true,false,90
2025-11-27T17:14:13.769763-08:00,read,key_416,2.56,false,false,0
2025-11-27T17:14:13.780867-08:00,read,key_930,1.61,false,false,0
2025-11-27T17:14:13.791657-08:00,read,key_482,1.58,false,false,0
2025-11-27T17:14:13.802913-08:00,read,key_499,2.48,false,false,0
2025-11-27T17:14:13.814042-08:00,read,key_435,1.34,false,false,0
2025-11-27T17:14:13.82522-08:00,read,key_740,1.97,true,false,11
2025-11-27T17:14:13.848027-08:00,read,key_719,1.83,false,false,0
2025-11-27T17:14:13.859153-08:00,read,key_446,1.72,false,false,0
2025-11-27T17:14:13.869929-08:00,read,key_676,2.43,true,false,54
2025-11-27T17:14:13.881019-08:00,read,key_50,2.06,false,false,0
2025-11-27T17:14:13.924172-08:00,read,key_288,1.55,false,false,0
2025-11-27T17:14:13.945847-08:00,read,key_870,2.33,false,false,0
2025-11-27T17:14:13.956286-08:00,read,key_746,2.62,true,false,15
2025-11-27T17:14:13.978448-08:00,read,key_144,2.24,false,false,0
2025-11-27T17:14:13.989558-08:00,read,key_66,3.58,false,false,0
2025-11-27T17:14:13.999701-08:00,read,key_217,1.57,false,false,0
2025-11-27T17:14:13.705029-08:00,write,key_308,306.55,true,false,93
2025-11-27T17:14:14.010794-08:00,read,key_219,2.28,true,false,58
2025-11-27T17:14:14.021917-08:00,read,key_670,1.72,false,false,0
2025-11-27T17:14:14.033049-08:00,read,key_0,1.94,true,false,61
2025-11-27T17:14:14.044189-08:00,read,key_321,2.76,false,false,0
2025-11-27T17:14:14.055444-08:00,read,key_291,1.77,false,false,0
2025-11-27T17:14:14.06602-08:00,read,key_873,2.04,false,false,0
2025-11-27T17:14:14.076515-08:00,read,key_543,1.70,false,false,0
2025-11-27T17:14:14.087517-08:00,read,key_560,1.82,false,false,0
2025-11-27T17:14:14.098237-08:00,read,key_432,1.33,false,false,0
2025-11-27T17:14:14.109332-08:00,read,key_953,2.97,false,false,0
2025-11-27T17:14:14.120705-08:00,read,key_415,1.65,false,false,0
2025-11-27T17:14:14.131589-08:00,read,key_259,1.42,false,false,0
2025-11-27T17:14:13.83648-08:00,write,key_273,305.05,true,false,93
2025-11-27T17:14:14.141715-08:00,read,key_569,1.11,false,false,0
2025-11-27T17:14:14.153392-08:00,read,key_795,2.16,false,false,0
2025-11-27T17:14:14.164348-08:00,read,key_516,1.51,false,false,0
2025-11-27T17:14:14.174602-08:00,read,key_345,1.39,false,false,0
2025-11-27T17:14:14.185687-08:00,read,key_305,2.32,false,false,0
2025-11-27T17:14:14.196513-08:00,read,key_576,1.46,false,false,0
2025-11-27T17:14:13.891334-08:00,write,key_833,309.02,true,false,94
2025-11-27T17:14:14.207448-08:00,read,key_297,1.41,true,false,69
2025-11-27T17:14:13.902458-08:00,write,key_380,311.89,true,false,94
2025-11-27T17:14:13.913299-08:00,write,key_48,303.86,true,false,94
2025-11-27T17:14:14.21757-08:00,read,key_312,1.14,false,false,0
2025-11-27T17:14:14.228135-08:00,read,key_673,2.12,false,false,0
2025-11-27T17:14:14.238783-08:00,read,key_672,1.66,false,false,0
2025-11-27T17:14:13.934651-08:00,write,key_297,306.16,true,false,95
2025-11-27T17:14:14.249861-08:00,read,key_182,1.69,false,false,0
2025-11-27T17:14:14.261164-08:00,read,key_636,2.86,true,false,73
2025-11-27T17:14:14.271655-08:00,read,key_512,1.54,false,false,0
2025-11-27T17:14:13.967301-08:00,write,key_588,313.87,true,false,96
2025-11-27T17:14:14.281956-08:00,read,key_977,1.77,false,false,0
2025-11-27T17:14:14.292418-08:00,read,key_94,1.61,true,false,68
2025-11-27T17:14:14.303588-08:00,read,key_881,2.67,false,false,0
2025-11-27T17:14:14.314607-08:00,read,key_594,1.67,false,false,0
2025-11-27T17:14:14.325714-08:00,read,key_653,1.90,false,false,0
2025-11-27T17:14:14.336863-08:00,read,key_571,2.88,false,false,0
2025-11-27T17:14:14.347867-08:00,read,key_114,1.53,false,false,0
2025-11-27T17:14:14.35892-08:00,read,key_107,2.11,false,false,0
2025-11-27T17:14:14.370591-08:00,read,key_56,2.05,false,false,0
2025-11-27T17:14:14.381702-08:00,read,key_440,1.82,false,false,0
2025-11-27T17:14:14.392848-08:00,read,key_596,1.96,false,false,0
2025-11-27T17:14:14.404146-08:00,read,key_272,2.85,false,false,0
2025-11-27T17:14:14.41517-08:00,read,key_950,1.68,true,false,57
2025-11-27T17:14:14.426376-08:00,read,key_359,1.96,false,false,0
2025-11-27T17:14:14.438247-08:00,read,key_800,1.64,false,false,0
2025-11-27T17:14:14.449332-08:00,read,key_547,1.48,false,false,0
2025-11-27T17:14:14.460475-08:00,read,key_102,2.65,false,false,0
2025-11-27T17:14:14.470852-08:00,read,key_536,2.14,false,false,0
2025-11-27T17:14:14.481981-08:00,read,key_351,1.46,true,false,54
2025-11-27T17:14:14.492414-08:00,read,key_987,1.47,false,false,0
2025-11-27T17:14:14.503572-08:00,read,key_273,2.87,true,false,93
2025-11-27T17:14:14.525683-08:00,read,key_60,1.59,false,false,0
2025-11-27T17:14:14.536841-08:00,read,key_306,2.80,false,false,0
2025-11-27T17:14:14.547132-08:00,read,key_387,1.33,false,false,0
2025-11-27T17:14:14.558275-08:00,read,key_415,1.31,false,false,0
2025-11-27T17:14:14.569385-08:00,read,key_237,2.88,false,false,0
2025-11-27T17:14:14.580091-08:00,read,key_48,1.90,true,false,94
2025-11-27T17:14:14.591199-08:00,read,key_188,1.48,false,false,0
2025-11-27T17:14:14.602299-08:00,read,key_410,2.69,false,false,0
2025-11-27T17:14:14.613343-08:00,read,key_1,1.72,true,false,39
2025-11-27T17:14:14.624486-08:00,read,key_281,1.48,false,false,0
2025-11-27T17:14:14.635582-08:00,read,key_146,2.60,false,false,0
2025-11-27T17:14:14.646653-08:00,read,key_437,1.67,false,false,0
2025-11-27T17:14:14.657769-08:00,read,key_255,1.69,false,false,0
2025-11-27T17:14:14.668926-08:00,read,key_834,2.77,false,false,0
2025-11-27T17:14:14.679228-08:00,read,key_676,3.10,true,false,54
2025-11-27T17:14:14.690263-08:00,read,key_835,1.63,false,false,0
2025-11-27T17:14:14.700684-08:00,read,key_399,1.71,false,false,0
2025-11-27T17:14:14.711197-08:00,read,key_234,3.13,false,false,0
2025-11-27T17:14:14.72222-08:00,read,key_768,1.50,false,false,0
2025-11-27T17:14:14.733277-08:00,read,key_285,1.52,false,false,0
2025-11-27T17:14:14.743636-08:00,read,key_10,1.93,false,false,0
2025-11-27T17:14:14.755111-08:00,read,key_148,2.09,false,false,0
2025-11-27T17:14:14.766237-08:00,read,key_748,1.72,false,false,0
2025-11-27T17:14:14.777337-08:00,read,key_980,3.21,true,false,83
2025-11-27T17:14:14.798856-08:00,read,key_447,1.69,false,false,0
2025-11-27T17:14:14.810003-08:00,read,key_333,2.26,false,false,0
2025-11-27T17:14:14.820747-08:00,read,key_563,2.85,false,false,0
2025-11-27T17:14:14.514534-08:00,write,key_778,309.19,true,false,97
2025-11-27T17:14:14.831602-08:00,read,key_480,1.61,false,false,0
2025-11-27T17:14:14.842722-08:00,read,key_776,2.07,false,false,0
2025-11-27T17:14:14.855782-08:00,read,key_30,1.92,false,false,0
2025-11-27T17:14:14.866901-08:00,read,key_808,1.62,false,false,0
2025-11-27T17:14:14.877813-08:00,read,key_788,2.42,false,false,0
2025-11-27T17:14:14.889658-08:00,read,key_816,1.52,false,false,0
2025-11-27T17:14:14.900613-08:00,read,key_840,1.34,false,false,0
2025-11-27T17:14:14.92211-08:00,read,key_216,0.89,false,false,0
2025-11-27T17:14:14.932713-08:00,read,key_795,0.79,false,false,0
2025-11-27T17:14:14.943855-08:00,read,key_295,1.46,false,false,0
2025-11-27T17:14:14.955319-08:00,read,key_674,0.99,false,false,0
2025-11-27T17:14:14.966218-08:00,read,key_975,0.84,false,false,0
2025-11-27T17:14:14.97732-08:00,read,key_873,0.66,false,false,0
2025-11-27T17:14:14.988481-08:00,read,key_296,0.72,false,false,0
2025-11-27T17:14:14.998806-08:00,read,key_175,0.67,false,false,0
2025-11-27T17:14:15.009011-08:00,read,key_35,0.73,true,false,60
2025-11-27T17:14:15.020119-08:00,read,key_105,0.68,false,false,0
2025-11-27T17:14:15.031204-08:00,read,key_519,0.59,false,false,0
2025-11-27T17:14:15.04232-08:00,read,key_859,1.83,false,false,0
2025-11-27T17:14:15.053507-08:00,read,key_486,2.12,false,false,0
2025-11-27T17:14:15.07558-08:00,read,key_985,1.75,false,false,0
2025-11-27T17:14:15.08592-08:00,read,key_855,2.76,false,false,0
2025-11-27T17:14:15.096937-08:00,read,key_812,1.25,false,false,0
2025-11-27T17:14:14.788281-08:00,write,key_840,309.93,true,false,98
2025-11-27T17:14:15.107101-08:00,read,key_484,1.23,false,false,0
2025-11-27T17:14:15.11826-08:00,read,key_671,3.67,false,false,0
2025-11-27T17:14:15.129581-08:00,read,key_86,1.76,true,false,37
2025-11-27T17:14:15.140718-08:00,read,key_303,1.51,false,false,0
2025-11-27T17:14:15.151556-08:00,read,key_907,1.75,false,false,0
2025-11-27T17:14:15.162628-08:00,read,key_671,2.53,false,false,0
2025-11-27T17:14:15.173665-08:00,read,key_575,1.36,false,false,0
2025-11-27T17:14:15.184766-08:00,read,key_177,2.03,false,false,0
2025-11-27T17:14:15.195974-08:00,read,key_6,2.82,false,false,0
2025-11-27T17:14:15.207011-08:00,read,key_758,1.59,false,false,0
2025-11-27T17:14:14.910959-08:00,write,key_454,307.94,true,false,98
2025-11-27T17:14:15.218123-08:00,read,key_565,1.33,false,false,0
2025-11-27T17:14:15.228756-08:00,read,key_835,2.69,false,false,0
2025-11-27T17:14:15.239354-08:00,read,key_357,1.39,false,false,0
2025-11-27T17:14:15.249671-08:00,read,key_85,1.38,false,false,0
2025-11-27T17:14:15.260832-08:00,read,key_282,2.25,false,false,0
2025-11-27T17:14:15.271393-08:00,read,key_812,1.67,false,false,0
2025-11-27T17:14:15.282516-08:00,read,key_477,1.46,true,false,87
2025-11-27T17:14:15.304059-08:00,read,key_415,2.51,false,false,0
2025-11-27T17:14:15.315124-08:00,read,key_736,1.77,false,false,0
2025-11-27T17:14:15.32557-08:00,read,key_105,1.70,false,false,0
2025-11-27T17:14:15.337394-08:00,read,key_951,2.46,true,false,80
2025-11-27T17:14:15.064415-08:00,write,key_76,309.90,true,false,99
2025-11-27T17:14:15.369738-08:00,read,key_689,5.70,false,false,0
2025-11-27T17:14:15.380423-08:00,read,key_268,1.52,false,false,0
2025-11-27T17:14:15.391554-08:00,read,key_514,1.43,false,false,0
2025-11-27T17:14:15.402712-08:00,read,key_637,2.14,false,false,0
2025-11-27T17:14:15.424904-08:00,read,key_524,1.76,false,false,0
2025-11-27T17:14:15.435566-08:00,read,key_99,2.58,false,false,0
2025-11-27T17:14:15.446694-08:00,read,key_355,2.02,false,false,0
2025-11-27T17:14:15.457187-08:00,read,key_879,1.36,false,false,0
2025-11-27T17:14:15.468379-08:00,read,key_74,1.35,true,false,90
2025-11-27T17:14:15.478677-08:00,read,key_493,1.44,true,false,31
2025-11-27T17:14:15.489819-08:00,read,key_809,0.87,false,false,0
2025-11-27T17:14:15.500961-08:00,read,key_607,0.88,false,false,0
2025-11-27T17:14:15.512318-08:00,read,key_509,2.61,false,false,0
2025-11-27T17:14:15.523435-08:00,read,key_483,1.44,true,false,14
2025-11-27T17:14:15.533832-08:00,read,key_86,1.60,true,false,37
2025-11-27T17:14:15.545107-08:00,read,key_847,2.28,false,false,0
2025-11-27T17:14:15.556195-08:00,read,key_509,1.42,false,false,0
2025-11-27T17:14:15.567343-08:00,read,key_788,1.49,false,false,0
2025-11-27T17:14:15.57906-08:00,read,key_475,3.74,false,false,0
2025-11-27T17:14:15.589963-08:00,read,key_117,1.66,false,false,0
2025-11-27T17:14:15.600103-08:00,read,key_615,1.39,true,false,73
2025-11-27T17:14:15.293772-08:00,write,key_315,309.06,true,false,99
2025-11-27T17:14:15.611364-08:00,read,key_880,2.64,false,false,0
2025-11-27T17:14:15.621779-08:00,read,key_687,1.44,false,false,0
2025-11-27T17:14:15.632902-08:00,read,key_222,1.81,false,false,0
2025-11-27T17:14:15.643193-08:00,read,key_800,2.35,false,false,0
2025-11-27T17:14:15.653652-08:00,read,key_3,2.69,false,false,0
2025-11-27T17:14:15.348461-08:00,write,key_836,309.28,true,false,99
2025-11-27T17:14:15.359244-08:00,write,key_951,306.26,true,false,100
2025-11-27T17:14:15.664556-08:00,read,key_169,1.25,false,false,0
2025-11-27T17:14:15.686887-08:00,read,key_523,2.80,false,false,0
2025-11-27T17:14:15.697934-08:00,read,key_612,1.65,false,false,0
2025-11-27T17:14:15.708983-08:00,read,key_833,1.57,true,false,94
2025-11-27T17:14:15.71973-08:00,read,key_108,2.09,false,false,0
2025-11-27T17:14:15.413826-08:00,write,key_743,309.40,true,false,100
2025-11-27T17:14:15.730674-08:00,read,key_492,1.42,false,false,0
2025-11-27T17:14:15.741792-08:00,read,key_458,1.89,false,false,0
2025-11-27T17:14:15.753037-08:00,read,key_53,3.28,false,false,0
2025-11-27T17:14:15.763199-08:00,read,key_800,1.72,false,false,0
2025-11-27T17:14:15.774355-08:00,read,key_716,0.97,false,false,0
2025-11-27T17:14:15.785456-08:00,read,key_285,0.79,false,false,0
2025-11-27T17:14:15.796702-08:00,read,key_232,0.88,false,false,0
2025-11-27T17:14:15.807762-08:00,read,key_87,1.28,false,false,0
2025-11-27T17:14:15.818274-08:00,read,key_16,2.22,false,false,0
2025-11-27T17:14:15.829203-08:00,read,key_815,2.01,false,false,0
2025-11-27T17:14:15.839851-08:00,read,key_284,1.45,true,false,71
2025-11-27T17:14:15.850987-08:00,read,key_180,2.02,false,false,0
2025-11-27T17:14:15.862124-08:00,read,key_237,2.22,false,false,0
2025-11-27T17:14:15.872933-08:00,read,key_899,1.77,false,false,0
2025-11-27T17:14:15.884045-08:00,read,key_78,2.07,false,false,0
2025-11-27T17:14:15.896786-08:00,read,key_954,2.06,true,false,51
2025-11-27T17:14:15.907328-08:00,read,key_568,1.47,false,false,0
2025-11-27T17:14:15.918435-08:00,read,key_769,1.98,false,false,0
2025-11-27T17:14:15.929757-08:00,read,key_279,1.97,false,false,0
2025-11-27T17:14:15.940295-08:00,read,key_291,1.41,false,false,0
2025-11-27T17:14:15.951418-08:00,read,key_34,0.89,true,false,74
2025-11-27T17:14:15.961619-08:00,read,key_493,1.18,true,false,31
2025-11-27T17:14:15.972828-08:00,read,key_589,1.09,false,false,0
2025-11-27T17:14:15.67568-08:00,write,key_106,305.46,true,false,101
2025-11-27T17:14:15.983138-08:00,read,key_197,0.94,false,false,0
2025-11-27T17:14:15.994252-08:00,read,key_898,2.31,false,false,0
2025-11-27T17:14:16.00539-08:00,read,key_503,1.42,true,false,84
2025-11-27T17:14:16.016522-08:00,read,key_696,1.70,true,false,24
2025-11-27T17:14:16.027677-08:00,read,key_394,2.92,false,false,0
2025-11-27T17:14:16.038787-08:00,read,key_474,1.85,false,false,0
2025-11-27T17:14:16.060957-08:00,read,key_539,2.88,false,false,0
2025-11-27T17:14:16.072006-08:00,read,key_752,1.87,false,false,0
2025-11-27T17:14:16.083168-08:00,read,key_132,2.15,false,false,0
2025-11-27T17:14:16.094046-08:00,read,key_529,2.89,false,false,0
2025-11-27T17:14:16.105137-08:00,read,key_947,1.78,true,false,40
2025-11-27T17:14:16.116281-08:00,read,key_629,1.76,false,false,0
2025-11-27T17:14:16.12744-08:00,read,key_62,3.24,false,false,0
2025-11-27T17:14:16.138419-08:00,read,key_485,1.82,true,false,91
2025-11-27T17:14:16.149532-08:00,read,key_608,1.55,false,false,0
2025-11-27T17:14:16.160681-08:00,read,key_875,1.66,false,false,0
2025-11-27T17:14:16.17177-08:00,read,key_251,1.99,false,false,0
2025-11-27T17:14:16.182954-08:00,read,key_908,1.99,true,false,74
2025-11-27T17:14:16.194167-08:00,read,key_522,2.68,false,false,0
2025-11-27T17:14:16.205206-08:00,read,key_36,1.84,false,false,0
2025-11-27T17:14:16.216355-08:00,read,key_355,1.81,false,false,0
2025-11-27T17:14:16.227569-08:00,read,key_548,2.70,false,false,0
2025-11-27T17:14:16.238205-08:00,read,key_550,1.72,false,false,0
2025-11-27T17:14:16.249323-08:00,read,key_71,1.69,false,false,0
2025-11-27T17:14:16.260539-08:00,read,key_103,2.85,false,false,0
2025-11-27T17:14:16.27161-08:00,read,key_619,1.70,false,false,0
2025-11-27T17:14:16.282758-08:00,read,key_69,1.54,false,false,0
2025-11-27T17:14:16.293845-08:00,read,key_17,1.74,false,false,0
2025-11-27T17:14:16.305148-08:00,read,key_17,2.13,false,false,0
2025-11-27T17:14:16.316135-08:00,read,key_66,1.98,false,false,0
2025-11-27T17:14:16.327286-08:00,read,key_97,3.65,false,false,0
2025-11-27T17:14:16.338276-08:00,read,key_902,1.78,true,false,90
2025-11-27T17:14:16.349427-08:00,read,key_110,1.51,true,false,50
2025-11-27T17:14:16.049823-08:00,write,key_41,305.84,true,false,102
2025-11-27T17:14:16.360029-08:00,read,key_99,1.70,false,false,0
2025-11-27T17:14:16.380648-08:00,read,key_798,1.76,false,false,0
2025-11-27T17:14:16.391789-08:00,read,key_61,1.64,true,false,40
2025-11-27T17:14:16.40231-08:00,read,key_832,2.44,false,false,0
2025-11-27T17:14:16.413365-08:00,read,key_741,1.26,false,false,0
2025-11-27T17:14:16.424485-08:00,read,key_338,1.51,false,false,0
2025-11-27T17:14:16.435626-08:00,read,key_210,2.71,false,false,0
2025-11-27T17:14:16.446713-08:00,read,key_420,2.17,false,false,0
2025-11-27T17:14:16.457829-08:00,read,key_692,1.92,false,false,0
2025-11-27T17:14:16.468972-08:00,read,key_552,2.99,false,false,0
2025-11-27T17:14:16.491147-08:00,read,key_745,1.60,false,false,0
2025-11-27T17:14:16.50234-08:00,read,key_902,2.58,true,false,90
2025-11-27T17:14:16.513413-08:00,read,key_298,1.30,false,false,0
2025-11-27T17:14:16.535339-08:00,read,key_536,1.45,false,false,0
2025-11-27T17:14:16.546115-08:00,read,key_707,1.86,false,false,0
2025-11-27T17:14:16.557247-08:00,read,key_16,1.70,false,false,0
2025-11-27T17:14:16.568379-08:00,read,key_257,1.46,false,false,0
2025-11-27T17:14:16.579125-08:00,read,key_759,2.40,false,false,0
2025-11-27T17:14:16.590219-08:00,read,key_142,1.72,false,false,0
2025-11-27T17:14:16.601385-08:00,read,key_283,2.45,false,false,0
2025-11-27T17:14:16.611943-08:00,read,key_382,2.69,true,false,88
2025-11-27T17:14:16.62299-08:00,read,key_674,2.03,false,false,0
2025-11-27T17:14:16.634084-08:00,read,key_18,1.80,false,false,0
2025-11-27T17:14:16.645246-08:00,read,key_804,2.63,false,false,0
2025-11-27T17:14:16.656276-08:00,read,key_476,1.49,false,false,0
2025-11-27T17:14:16.667398-08:00,read,key_419,1.53,false,false,0
2025-11-27T17:14:16.370242-08:00,write,key_528,306.40,true,false,103
2025-11-27T17:14:16.677703-08:00,read,key_302,2.50,true,false,89
2025-11-27T17:14:16.688627-08:00,read,key_648,1.40,false,false,0
2025-11-27T17:14:16.699181-08:00,read,key_892,1.79,false,false,0
2025-11-27T17:14:16.710345-08:00,read,key_953,1.73,false,false,0
2025-11-27T17:14:16.720989-08:00,read,key_977,2.47,false,false,0
2025-11-27T17:14:16.73205-08:00,read,key_697,1.61,false,false,0
2025-11-27T17:14:16.742329-08:00,read,key_651,1.93,false,false,0
2025-11-27T17:14:16.752704-08:00,read,key_145,2.61,false,false,0
2025-11-27T17:14:16.76389-08:00,read,key_218,1.41,true,false,53
2025-11-27T17:14:16.786227-08:00,read,key_896,2.32,false,false,0
2025-11-27T17:14:16.479999-08:00,write,key_492,308.57,true,false,103
2025-11-27T17:14:16.797477-08:00,read,key_854,1.79,false,false,0
2025-11-27T17:14:16.808614-08:00,read,key_425,1.73,false,false,0
2025-11-27T17:14:16.819715-08:00,read,key_5,2.42,false,false,0
2025-11-27T17:14:16.524083-08:00,write,key_34,308.01,true,false,103
2025-11-27T17:14:16.830806-08:00,read,key_298,1.47,false,false,0
2025-11-27T17:14:16.841968-08:00,read,key_64,1.48,false,false,0
2025-11-27T17:14:16.852857-08:00,read,key_230,2.59,false,false,0
2025-11-27T17:14:16.863044-08:00,read,key_586,1.58,false,false,0
2025-11-27T17:14:16.874177-08:00,read,key_983,1.86,false,false,0
2025-11-27T17:14:16.88536-08:00,read,key_335,1.91,false,false,0
2025-11-27T17:14:16.89673-08:00,read,key_251,2.15,false,false,0
2025-11-27T17:14:16.90761-08:00,read,key_43,1.70,false,false,0
2025-11-27T17:14:16.918737-08:00,read,key_637,1.61,false,false,0
2025-11-27T17:14:16.929918-08:00,read,key_516,1.87,false,false,0
2025-11-27T17:14:16.941054-08:00,read,key_600,2.79,false,false,0
2025-11-27T17:14:16.951879-08:00,read,key_288,2.81,false,false,0
2025-11-27T17:14:16.963339-08:00,read,key_957,1.77,false,false,0
2025-11-27T17:14:16.974499-08:00,read,key_338,1.77,false,false,0
2025-11-27T17:14:16.985665-08:00,read,key_692,2.88,false,false,0
2025-11-27T17:14:16.99684-08:00,read,key_817,1.70,false,false,0
2025-11-27T17:14:17.018841-08:00,read,key_995,2.45,false,false,0
2025-11-27T17:14:17.029966-08:00,read,key_948,1.71,false,false,0
2025-11-27T17:14:17.051742-08:00,read,key_509,2.09,false,false,0
2025-11-27T17:14:17.062865-08:00,read,key_18,1.58,false,false,0
2025-11-27T17:14:17.074-08:00,read,key_385,1.79,false,false,0
2025-11-27T17:14:16.775023-08:00,write,key_45,306.26,true,false,104
2025-11-27T17:14:17.084446-08:00,read,key_637,1.12,false,false,0
2025-11-27T17:14:17.095839-08:00,read,key_851,1.88,false,false,0
2025-11-27T17:14:17.106999-08:00,read,key_81,1.63,false,false,0
2025-11-27T17:14:17.117442-08:00,read,key_877,1.74,false,false,0
2025-11-27T17:14:17.139804-08:00,read,key_819,1.72,false,false,0
2025-11-27T17:14:17.150687-08:00,read,key_237,5.26,false,false,0
2025-11-27T17:14:17.161412-08:00,read,key_144,2.31,false,false,0
2025-11-27T17:14:17.171641-08:00,read,key_699,1.64,false,false,0
2025-11-27T17:14:17.182748-08:00,read,key_615,1.57,true,false,73
2025-11-27T17:14:17.193997-08:00,read,key_600,2.46,false,false,0
2025-11-27T17:14:17.205021-08:00,read,key_57,1.58,false,false,0
2025-11-27T17:14:17.216152-08:00,read,key_0,1.69,true,false,61
2025-11-27T17:14:17.227292-08:00,read,key_563,3.70,false,false,0
2025-11-27T17:14:17.238227-08:00,read,key_483,1.59,true,false,14
2025-11-27T17:14:17.249394-08:00,read,key_294,1.71,false,false,0
2025-11-27T17:14:17.260552-08:00,read,key_631,2.80,false,false,0
2025-11-27T17:14:17.27174-08:00,read,key_511,2.06,false,false,0
2025-11-27T17:14:17.282867-08:00,read,key_64,1.47,false,false,0
2025-11-27T17:14:17.294046-08:00,read,key_247,2.84,false,false,0
2025-11-27T17:14:17.305044-08:00,read,key_430,1.61,true,false,77
2025-11-27T17:14:17.007901-08:00,write,key_498,304.48,true,false,104
2025-11-27T17:14:17.315518-08:00,read,key_568,1.33,false,false,0
2025-11-27T17:14:17.326007-08:00,read,key_220,1.92,false,false,0
2025-11-27T17:14:17.336693-08:00,read,key_15,2.17,false,false,0
2025-11-27T17:14:17.04053-08:00,write,key_943,308.08,true,false,105
2025-11-27T17:14:17.347865-08:00,read,key_471,1.77,true,false,77
2025-11-27T17:14:17.358981-08:00,read,key_981,1.49,true,false,1
2025-11-27T17:14:17.370159-08:00,read,key_66,2.12,false,false,0
2025-11-27T17:14:17.381317-08:00,read,key_219,1.91,true,false,58
2025-11-27T17:14:17.392386-08:00,read,key_188,1.35,false,false,0
2025-11-27T17:14:17.404125-08:00,read,key_898,1.58,false,false,0
2025-11-27T17:14:17.415242-08:00,read,key_809,1.65,false,false,0
2025-11-27T17:14:17.426326-08:00,read,key_615,1.64,true,false,73
2025-11-27T17:14:17.128632-08:00,write,key_988,310.23,true,false,106
2025-11-27T17:14:17.437239-08:00,read,key_41,1.92,true,false,102
2025-11-27T17:14:17.448022-08:00,read,key_859,1.52,false,false,0
2025-11-27T17:14:17.469698-08:00,read,key_231,2.60,false,false,0
2025-11-27T17:14:17.480751-08:00,read,key_311,1.22,false,false,0
2025-11-27T17:14:17.491893-08:00,read,key_874,1.70,true,false,85
2025-11-27T17:14:17.502526-08:00,read,key_698,1.58,false,false,0
2025-11-27T17:14:17.513808-08:00,read,key_622,2.06,false,false,0
2025-11-27T17:14:17.524949-08:00,read,key_907,1.87,false,false,0
2025-11-27T17:14:17.536329-08:00,read,key_569,2.40,false,false,0
2025-11-27T17:14:17.547392-08:00,read,key_508,1.52,false,false,0
2025-11-27T17:14:17.558548-08:00,read,key_608,1.94,false,false,0
2025-11-27T17:14:17.569676-08:00,read,key_429,2.39,false,false,0
2025-11-27T17:14:17.592055-08:00,read,key_302,1.87,true,false,89
2025-11-27T17:14:17.603277-08:00,read,key_651,2.73,false,false,0
2025-11-27T17:14:17.624867-08:00,read,key_477,4.09,true,false,87
2025-11-27T17:14:17.635748-08:00,read,key_938,2.51,false,false,0
2025-11-27T17:14:17.646814-08:00,read,key_959,1.74,false,false,0
2025-11-27T17:14:17.657927-08:00,read,key_691,1.37,false,false,0
2025-11-27T17:14:17.669134-08:00,read,key_233,2.92,false,false,0
2025-11-27T17:14:17.680169-08:00,read,key_485,1.72,true,false,91
2025-11-27T17:14:17.691333-08:00,read,key_595,1.86,false,false,0
2025-11-27T17:14:17.70228-08:00,read,key_771,2.96,false,false,0
2025-11-27T17:14:17.713262-08:00,read,key_416,1.63,false,false,0
2025-11-27T17:14:17.724426-08:00,read,key_455,1.52,false,false,0
2025-11-27T17:14:17.735514-08:00,read,key_975,3.19,false,false,0
2025-11-27T17:14:17.746574-08:00,read,key_327,2.06,true,false,43
2025-11-27T17:14:17.757112-08:00,read,key_508,1.78,false,false,0
2025-11-27T17:14:17.767293-08:00,read,key_565,1.19,false,false,0
2025-11-27T17:14:17.459184-08:00,write,key_909,310.82,true,false,107
2025-11-27T17:14:17.789508-08:00,read,key_15,1.64,false,false,0
2025-11-27T17:14:17.800638-08:00,read,key_181,1.89,false,false,0
2025-11-27T17:14:17.81311-08:00,read,key_819,1.35,false,false,0
2025-11-27T17:14:17.823284-08:00,read,key_388,1.53,false,false,0
2025-11-27T17:14:17.834237-08:00,read,key_482,1.47,false,false,0
2025-11-27T17:14:17.845762-08:00,read,key_853,2.50,false,false,0
2025-11-27T17:14:17.856694-08:00,read,key_958,1.59,false,false,0
2025-11-27T17:14:17.867803-08:00,read,key_879,1.66,false,false,0
2025-11-27T17:14:17.879198-08:00,read,key_28,2.09,false,false,0
2025-11-27T17:14:17.580846-08:00,write,key_31,305.90,true,false,107
2025-11-27T17:14:17.900854-08:00,read,key_120,1.91,false,false,0
2025-11-27T17:14:17.91131-08:00,read,key_339,2.41,false,false,0
2025-11-27T17:14:17.92244-08:00,read,key_779,1.22,false,false,0
2025-11-27T17:14:17.613681-08:00,write,key_217,310.02,true,false,108
2025-11-27T17:14:17.933584-08:00,read,key_719,1.41,false,false,0
2025-11-27T17:14:17.944792-08:00,read,key_15,2.55,false,false,0
2025-11-27T17:14:17.955857-08:00,read,key_973,1.87,false,false,0
2025-11-27T17:14:17.96698-08:00,read,key_122,1.64,false,false,0
2025-11-27T17:14:17.978075-08:00,read,key_346,2.44,false,false,0
2025-11-27T17:14:17.989167-08:00,read,key_70,1.72,false,false,0
2025-11-27T17:14:18.000314-08:00,read,key_905,1.53,false,false,0
2025-11-27T17:14:18.011455-08:00,read,key_810,2.62,false,false,0
2025-11-27T17:14:18.022076-08:00,read,key_54,1.90,false,false,0
2025-11-27T17:14:18.032262-08:00,read,key_369,1.89,false,false,0
2025-11-27T17:14:18.043396-08:00,read,key_734,2.06,false,false,0
2025-11-27T17:14:18.054494-08:00,read,key_540,1.69,false,false,0
2025-11-27T17:14:18.065617-08:00,read,key_309,1.45,false,false,0
2025-11-27T17:14:18.076667-08:00,read,key_819,2.53,false,false,0
2025-11-27T17:14:17.778387-08:00,write,key_577,307.73,true,false,109
2025-11-27T17:14:18.086883-08:00,read,key_772,2.66,false,false,0
2025-11-27T17:14:18.097944-08:00,read,key_412,1.51,false,false,0
2025-11-27T17:14:18.109071-08:00,read,key_601,1.46,false,false,0
2025-11-27T17:14:18.120631-08:00,read,key_749,2.33,false,false,0
2025-11-27T17:14:18.131699-08:00,read,key_775,1.52,false,false,0
2025-11-27T17:14:18.142817-08:00,read,key_386,1.94,false,false,0
2025-11-27T17:14:18.154093-08:00,read,key_275,3.02,false,false,0
2025-11-27T17:14:18.165109-08:00,read,key_148,1.83,false,false,0
2025-11-27T17:14:18.176324-08:00,read,key_985,1.83,false,false,0
2025-11-27T17:14:17.889694-08:00,write,key_791,308.56,true,false,110
2025-11-27T17:14:18.197547-08:00,read,key_92,1.41,true,false,65
2025-11-27T17:14:18.20819-08:00,read,key_743,3.78,true,false,100
2025-11-27T17:14:18.218575-08:00,read,key_692,2.22,false,false,0
2025-11-27T17:14:18.229706-08:00,read,key_411,1.61,false,false,0
2025-11-27T17:14:18.240863-08:00,read,key_295,1.59,false,false,0
2025-11-27T17:14:18.25117-08:00,read,key_9,1.50,false,false,0
2025-11-27T17:14:18.261515-08:00,read,key_993,2.71,false,false,0
2025-11-27T17:14:18.272472-08:00,read,key_102,2.00,false,false,0
2025-11-27T17:14:18.283621-08:00,read,key_749,1.91,false,false,0
2025-11-27T17:14:18.294143-08:00,read,key_497,2.46,false,false,0
2025-11-27T17:14:18.304867-08:00,read,key_41,1.75,true,false,102
2025-11-27T17:14:18.315745-08:00,read,key_43,1.54,false,false,0
2025-11-27T17:14:18.326917-08:00,read,key_443,1.88,false,false,0
2025-11-27T17:14:18.338472-08:00,read,key_127,2.18,false,false,0
2025-11-27T17:14:18.349567-08:00,read,key_457,1.88,false,false,0
2025-11-27T17:14:18.360721-08:00,read,key_428,2.34,false,false,0
2025-11-27T17:14:18.371869-08:00,read,key_417,1.86,false,false,0
2025-11-27T17:14:18.394164-08:00,read,key_441,5.54,false,false,0
2025-11-27T17:14:18.417037-08:00,read,key_492,1.23,true,false,103
2025-11-27T17:14:18.428179-08:00,read,key_297,1.64,true,false,95
2025-11-27T17:14:18.439295-08:00,read,key_181,0.91,false,false,0
2025-11-27T17:14:18.450408-08:00,read,key_223,1.00,false,false,0
2025-11-27T17:14:18.460964-08:00,read,key_522,1.55,false,false,0
2025-11-27T17:14:18.471792-08:00,read,key_295,0.81,false,false,0
2025-11-27T17:14:18.482887-08:00,read,key_91,0.90,false,false,0
2025-11-27T17:14:18.494127-08:00,read,key_445,2.08,false,false,0
2025-11-27T17:14:18.18702-08:00,write,key_287,309.47,true,false,110
2025-11-27T17:14:18.505216-08:00,read,key_196,1.44,false,false,0
2025-11-27T17:14:18.516327-08:00,read,key_728,1.65,false,false,0
2025-11-27T17:14:18.52749-08:00,read,key_776,2.27,false,false,0
2025-11-27T17:14:18.538611-08:00,read,key_859,1.93,false,false,0
2025-11-27T17:14:18.549858-08:00,read,key_433,1.82,true,false,56
2025-11-27T17:14:18.560759-08:00,read,key_8,2.56,false,false,0
2025-11-27T17:14:18.57233-08:00,read,key_3,1.61,false,false,0
2025-11-27T17:14:18.582504-08:00,read,key_491,1.96,false,false,0
2025-11-27T17:14:18.593687-08:00,read,key_15,2.85,false,false,0
2025-11-27T17:14:18.616054-08:00,read,key_495,1.74,false,false,0
2025-11-27T17:14:18.627181-08:00,read,key_955,2.85,false,false,0
2025-11-27T17:14:18.638199-08:00,read,key_737,1.73,true,false,73
2025-11-27T17:14:18.648759-08:00,read,key_12,1.61,true,false,75
2025-11-27T17:14:18.659939-08:00,read,key_807,2.28,false,false,0
2025-11-27T17:14:18.671069-08:00,read,key_55,1.89,false,false,0
2025-11-27T17:14:18.68218-08:00,read,key_256,1.82,false,false,0
2025-11-27T17:14:18.383043-08:00,write,key_474,309.37,true,false,111
2025-11-27T17:14:18.692457-08:00,read,key_307,0.81,false,false,0
2025-11-27T17:14:18.703929-08:00,read,key_212,2.38,false,false,0
2025-11-27T17:14:18.405827-08:00,write,key_96,308.52,true,false,111
2025-11-27T17:14:18.714365-08:00,read,key_508,0.75,false,false,0
2025-11-27T17:14:18.725051-08:00,read,key_909,1.62,true,false,107
2025-11-27T17:14:18.73519-08:00,read,key_317,3.11,false,false,0
2025-11-27T17:14:18.746378-08:00,read,key_359,1.98,false,false,0
2025-11-27T17:14:18.756834-08:00,read,key_142,1.77,false,false,0
2025-11-27T17:14:18.767966-08:00,read,key_894,1.85,false,false,0
2025-11-27T17:14:18.77872-08:00,read,key_243,2.47,false,false,0
2025-11-27T17:14:18.789564-08:00,read,key_277,1.63,false,false,0
2025-11-27T17:14:18.800153-08:00,read,key_809,1.43,false,false,0
2025-11-27T17:14:18.811365-08:00,read,key_794,2.36,false,false,0
2025-11-27T17:14:18.822243-08:00,read,key_651,2.15,false,false,0
2025-11-27T17:14:18.83342-08:00,read,key_883,1.77,false,false,0
2025-11-27T17:14:18.844682-08:00,read,key_145,2.67,false,false,0
2025-11-27T17:14:18.855706-08:00,read,key_189,1.74,false,false,0
2025-11-27T17:14:18.866733-08:00,read,key_195,1.67,false,false,0
2025-11-27T17:14:18.87794-08:00,read,key_641,2.07,false,false,0
2025-11-27T17:14:18.888342-08:00,read,key_104,1.58,false,false,0
2025-11-27T17:14:18.89946-08:00,read,key_907,1.61,false,false,0
2025-11-27T17:14:18.605097-08:00,write,key_173,308.87,true,false,111
2025-11-27T17:14:18.910588-08:00,read,key_560,3.38,false,false,0
2025-11-27T17:14:18.921566-08:00,read,key_198,1.50,false,false,0
2025-11-27T17:14:18.932495-08:00,read,key_15,1.45,false,false,0
2025-11-27T17:14:18.943632-08:00,read,key_287,2.42,true,false,110
2025-11-27T17:14:18.954707-08:00,read,key_251,2.32,false,false,0
2025-11-27T17:14:18.965825-08:00,read,key_414,1.76,false,false,0
2025-11-27T17:14:18.976607-08:00,read,key_612,1.43,false,false,0
2025-11-27T17:14:18.986949-08:00,read,key_603,3.22,false,false,0
2025-11-27T17:14:18.997921-08:00,read,key_772,1.75,false,false,0
2025-11-27T17:14:19.009094-08:00,read,key_870,2.05,false,false,0
2025-11-27T17:14:19.020687-08:00,read,key_11,2.43,false,false,0
2025-11-27T17:14:19.03181-08:00,read,key_32,1.55,false,false,0
2025-11-27T17:14:19.042982-08:00,read,key_82,1.98,false,false,0
2025-11-27T17:14:19.054131-08:00,read,key_321,2.63,false,false,0
2025-11-27T17:14:19.065241-08:00,read,key_7,2.00,true,false,46
2025-11-27T17:14:19.075409-08:00,read,key_353,1.84,true,false,32
2025-11-27T17:14:19.086625-08:00,read,key_983,2.86,false,false,0
2025-11-27T17:14:19.097748-08:00,read,key_220,1.71,false,false,0
2025-11-27T17:14:19.108835-08:00,read,key_752,1.86,false,false,0
2025-11-27T17:14:19.120153-08:00,read,key_110,2.35,true,false,50
2025-11-27T17:14:19.131197-08:00,read,key_899,1.55,false,false,0
2025-11-27T17:14:19.14234-08:00,read,key_16,1.78,false,false,0
2025-11-27T17:14:19.153519-08:00,read,key_950,3.56,true,false,57
2025-11-27T17:14:19.164496-08:00,read,key_605,1.61,false,false,0
2025-11-27T17:14:19.175652-08:00,read,key_93,1.61,false,false,0
2025-11-27T17:14:19.187176-08:00,read,key_104,1.64,false,false,0
2025-11-27T17:14:19.198332-08:00,read,key_352,1.56,false,false,0
2025-11-27T17:14:19.209454-08:00,read,key_475,1.59,false,false,0
2025-11-27T17:14:19.220315-08:00,read,key_500,2.38,false,false,0
2025-11-27T17:14:19.231385-08:00,read,key_385,1.77,false,false,0
2025-11-27T17:14:19.242387-08:00,read,key_725,1.71,false,false,0
2025-11-27T17:14:19.252857-08:00,read,key_391,2.66,false,false,0
2025-11-27T17:14:19.263939-08:00,read,key_114,1.63,false,false,0
2025-11-27T17:14:19.274607-08:00,read,key_510,1.60,false,false,0
2025-11-27T17:14:19.285798-08:00,read,key_161,2.91,false,false,0
2025-11-27T17:14:19.308042-08:00,read,key_36,1.65,false,false,0
2025-11-27T17:14:19.31919-08:00,read,key_541,2.50,false,false,0
2025-11-27T17:14:19.330376-08:00,read,key_211,1.89,false,false,0
2025-11-27T17:14:19.341535-08:00,read,key_746,1.64,true,false,15
2025-11-27T17:14:19.352654-08:00,read,key_738,2.42,false,false,0
2025-11-27T17:14:19.374088-08:00,read,key_987,1.80,false,false,0
2025-11-27T17:14:19.384437-08:00,read,key_784,2.20,true,false,21
2025-11-27T17:14:19.395694-08:00,read,key_817,2.36,false,false,0
2025-11-27T17:14:19.417577-08:00,read,key_42,1.85,true,false,65
2025-11-27T17:14:19.429095-08:00,read,key_855,1.82,false,false,0
2025-11-27T17:14:19.440276-08:00,read,key_258,1.52,false,false,0
2025-11-27T17:14:19.450582-08:00,read,key_188,1.81,false,false,0
2025-11-27T17:14:19.472902-08:00,read,key_696,1.88,true,false,24
2025-11-27T17:14:19.484027-08:00,read,key_963,1.94,false,false,0
2025-11-27T17:14:19.494416-08:00,read,key_525,2.78,false,false,0
2025-11-27T17:14:19.505133-08:00,read,key_977,3.46,false,false,0
2025-11-27T17:14:19.516058-08:00,read,key_272,1.64,false,false,0
2025-11-27T17:14:19.53842-08:00,read,key_997,1.76,false,false,0
2025-11-27T17:14:19.549526-08:00,read,key_40,1.49,false,false,0
2025-11-27T17:14:19.560685-08:00,read,key_316,2.49,true,false,88
2025-11-27T17:14:19.571871-08:00,read,key_871,1.42,true,false,25
2025-11-27T17:14:19.594104-08:00,read,key_982,2.80,true,false,5
2025-11-27T17:14:19.296855-08:00,write,key_546,309.42,true,false,112
2025-11-27T17:14:19.604772-08:00,read,key_70,1.85,false,false,0
2025-11-27T17:14:19.615614-08:00,read,key_933,1.26,false,false,0
2025-11-27T17:14:19.625815-08:00,read,key_55,1.77,false,false,0
2025-11-27T17:14:19.636106-08:00,read,key_901,1.86,false,false,0
2025-11-27T17:14:19.6466-08:00,read,key_563,1.72,false,false,0
2025-11-27T17:14:19.657278-08:00,read,key_412,1.86,false,false,0
2025-11-27T17:14:19.362941-08:00,write,key_472,308.02,true,false,112
2025-11-27T17:14:19.668562-08:00,read,key_414,2.41,false,false,0
2025-11-27T17:14:19.679097-08:00,read,key_312,2.60,false,false,0
2025-11-27T17:14:19.689262-08:00,read,key_442,1.66,true,false,36
2025-11-27T17:14:19.700412-08:00,read,key_449,1.64,false,false,0
2025-11-27T17:14:19.406796-08:00,write,key_355,308.31,true,false,112
2025-11-27T17:14:19.711558-08:00,read,key_90,3.57,false,false,0
2025-11-27T17:14:19.722514-08:00,read,key_770,1.62,false,false,0
2025-11-27T17:14:19.73334-08:00,read,key_988,1.78,true,false,106
2025-11-27T17:14:19.74454-08:00,read,key_344,3.27,true,false,29
2025-11-27T17:14:19.755546-08:00,read,key_677,1.52,false,false,0
2025-11-27T17:14:19.766657-08:00,read,key_640,1.71,false,false,0
2025-11-27T17:14:19.461757-08:00,write,key_857,311.20,true,false,113
2025-11-27T17:14:19.788096-08:00,read,key_844,2.24,false,false,0
2025-11-27T17:14:19.799174-08:00,read,key_522,1.75,false,false,0
2025-11-27T17:14:19.810326-08:00,read,key_545,1.39,true,false,82
2025-11-27T17:14:19.821534-08:00,read,key_172,2.02,false,false,0
2025-11-27T17:14:19.832636-08:00,read,key_383,1.71,false,false,0
2025-11-27T17:14:19.527293-08:00,write,key_491,308.28,true,false,112
2025-11-27T17:14:19.843656-08:00,read,key_631,1.77,false,false,0
2025-11-27T17:14:19.85439-08:00,read,key_384,2.70,false,false,0
2025-11-27T17:14:19.86512-08:00,read,key_731,1.82,false,false,0
2025-11-27T17:14:19.876262-08:00,read,key_351,1.29,true,false,54
2025-11-27T17:14:19.887524-08:00,read,key_733,1.56,false,false,0
2025-11-27T17:14:19.582977-08:00,write,key_188,309.18,true,false,112
2025-11-27T17:14:19.909265-08:00,read,key_924,1.27,false,false,0
2025-11-27T17:14:19.920348-08:00,read,key_655,2.08,false,false,0
2025-11-27T17:14:19.931433-08:00,read,key_318,3.13,false,false,0
2025-11-27T17:14:19.942427-08:00,read,key_212,1.38,false,false,0
2025-11-27T17:14:19.953668-08:00,read,key_170,1.94,false,false,0
2025-11-27T17:14:19.964237-08:00,read,key_215,1.34,false,false,0
2025-11-27T17:14:19.975396-08:00,read,key_677,1.51,false,false,0
2025-11-27T17:14:19.985659-08:00,read,key_558,2.34,false,false,0
2025-11-27T17:14:19.996723-08:00,read,key_999,1.60,false,false,0
2025-11-27T17:14:20.007857-08:00,read,key_635,1.57,false,false,0
2025-11-27T17:14:20.018374-08:00,read,key_800,1.84,false,false,0
2025-11-27T17:14:20.028608-08:00,read,key_95,2.70,false,false,0
2025-11-27T17:14:20.039213-08:00,read,key_744,1.52,false,false,0
2025-11-27T17:14:20.05036-08:00,read,key_975,1.65,false,false,0
2025-11-27T17:14:20.061547-08:00,read,key_840,3.23,true,false,98
2025-11-27T17:14:19.776902-08:00,write,key_804,305.08,true,false,114
2025-11-27T17:14:20.082585-08:00,read,key_852,1.06,true,false,62
2025-11-27T17:14:20.093785-08:00,read,key_575,2.38,false,false,0
2025-11-27T17:14:20.104826-08:00,read,key_691,1.38,false,false,0
2025-11-27T17:14:20.115469-08:00,read,key_535,1.25,false,false,0
2025-11-27T17:14:20.126651-08:00,read,key_562,2.04,false,false,0
2025-11-27T17:14:20.148989-08:00,read,key_563,1.89,false,false,0
2025-11-27T17:14:20.160127-08:00,read,key_332,3.25,false,false,0
2025-11-27T17:14:20.171414-08:00,read,key_980,1.52,true,false,83
2025-11-27T17:14:20.182307-08:00,read,key_679,1.13,true,false,55
2025-11-27T17:14:20.193453-08:00,read,key_648,2.01,false,false,0
2025-11-27T17:14:20.204667-08:00,read,key_674,2.39,false,false,0
2025-11-27T17:14:19.898298-08:00,write,key_540,309.21,true,false,114
2025-11-27T17:14:20.215649-08:00,read,key_111,1.85,false,false,0
2025-11-27T17:14:20.226811-08:00,read,key_429,1.63,false,false,0
2025-11-27T17:14:20.258888-08:00,read,key_380,2.08,true,false,94
2025-11-27T17:14:20.269398-08:00,read,key_736,3.76,false,false,0
2025-11-27T17:14:20.280374-08:00,read,key_488,1.18,false,false,0
2025-11-27T17:14:20.290616-08:00,read,key_487,1.30,false,false,0
2025-11-27T17:14:20.301752-08:00,read,key_604,2.80,false,false,0
2025-11-27T17:14:20.313286-08:00,read,key_727,1.65,false,false,0
2025-11-27T17:14:20.32398-08:00,read,key_699,1.70,false,false,0
2025-11-27T17:14:20.334431-08:00,read,key_893,1.55,false,false,0
2025-11-27T17:14:20.345693-08:00,read,key_270,2.18,false,false,0
2025-11-27T17:14:20.368041-08:00,read,key_534,1.31,false,false,0
2025-11-27T17:14:20.072447-08:00,write,key_47,308.19,true,false,115
2025-11-27T17:14:20.379367-08:00,read,key_1,1.38,true,false,39
2025-11-27T17:14:20.390526-08:00,read,key_907,1.62,false,false,0
2025-11-27T17:14:20.401658-08:00,read,key_212,1.25,false,false,0
2025-11-27T17:14:20.412877-08:00,read,key_422,2.17,false,false,0
2025-11-27T17:14:20.435187-08:00,read,key_657,1.99,false,false,0
2025-11-27T17:14:20.137849-08:00,write,key_724,306.33,true,false,115
2025-11-27T17:14:20.457243-08:00,read,key_395,1.77,false,false,0
2025-11-27T17:14:20.468368-08:00,read,key_973,1.63,false,false,0
2025-11-27T17:14:20.480191-08:00,read,key_583,2.06,false,false,0
2025-11-27T17:14:20.491338-08:00,read,key_256,1.50,false,false,0
2025-11-27T17:14:20.502496-08:00,read,key_38,3.12,false,false,0
2025-11-27T17:14:20.513468-08:00,read,key_870,1.79,false,false,0
2025-11-27T17:14:20.524686-08:00,read,key_656,2.10,false,false,0
2025-11-27T17:14:20.535835-08:00,read,key_191,2.92,false,false,0
2025-11-27T17:14:20.237045-08:00,write,key_448,304.11,true,false,115
2025-11-27T17:14:20.546545-08:00,read,key_635,1.35,false,false,0
2025-11-27T17:14:20.247837-08:00,write,key_898,306.04,true,false,116
2025-11-27T17:14:20.557036-08:00,read,key_498,1.15,true,false,104
2025-11-27T17:14:20.567908-08:00,read,key_219,1.15,true,false,58
2025-11-27T17:14:20.589593-08:00,read,key_989,1.56,false,false,0
2025-11-27T17:14:20.600717-08:00,read,key_750,1.67,false,false,0
2025-11-27T17:14:20.61185-08:00,read,key_479,2.18,true,false,51
2025-11-27T17:14:20.623005-08:00,read,key_111,1.85,false,false,0
2025-11-27T17:14:20.634176-08:00,read,key_218,1.61,true,false,53
2025-11-27T17:14:20.64521-08:00,read,key_521,3.09,false,false,0
2025-11-27T17:14:20.656061-08:00,read,key_902,1.93,true,false,90
2025-11-27T17:14:20.356771-08:00,write,key_741,305.17,true,false,115
2025-11-27T17:14:20.667175-08:00,read,key_928,1.80,false,false,0
2025-11-27T17:14:20.678364-08:00,read,key_475,3.27,false,false,0
2025-11-27T17:14:20.689259-08:00,read,key_859,1.54,false,false,0
2025-11-27T17:14:20.700413-08:00,read,key_191,1.58,false,false,0
2025-11-27T17:14:20.711573-08:00,read,key_873,3.18,false,false,0
2025-11-27T17:14:20.722598-08:00,read,key_219,1.85,true,false,58
2025-11-27T17:14:20.424045-08:00,write,key_101,308.58,true,false,116
2025-11-27T17:14:20.732671-08:00,read,key_331,0.83,false,false,0
2025-11-27T17:14:20.743816-08:00,read,key_913,3.02,true,false,86
2025-11-27T17:14:20.446032-08:00,write,key_681,310.35,true,false,117
2025-11-27T17:14:20.754847-08:00,read,key_797,1.61,true,false,67
2025-11-27T17:14:20.765957-08:00,read,key_800,1.61,false,false,0
2025-11-27T17:14:20.777069-08:00,read,key_908,2.88,true,false,74
2025-11-27T17:14:20.78773-08:00,read,key_350,1.43,false,false,0
2025-11-27T17:14:20.798844-08:00,read,key_476,1.56,false,false,0
2025-11-27T17:14:20.810003-08:00,read,key_222,3.01,false,false,0
2025-11-27T17:14:20.821046-08:00,read,key_698,1.77,false,false,0
2025-11-27T17:14:20.832172-08:00,read,key_491,1.50,true,false,112
2025-11-27T17:14:20.842301-08:00,read,key_682,2.40,false,false,0
2025-11-27T17:14:20.853156-08:00,read,key_825,3.03,false,false,0
2025-11-27T17:14:20.863701-08:00,read,key_59,2.71,false,false,0
2025-11-27T17:14:20.873973-08:00,read,key_735,1.61,false,false,0
2025-11-27T17:14:20.885098-08:00,read,key_836,1.79,true,false,99
2025-11-27T17:14:20.578589-08:00,write,key_852,310.13,true,false,117
2025-11-27T17:14:20.895704-08:00,read,key_566,2.58,false,false,0
2025-11-27T17:14:20.906746-08:00,read,key_55,1.58,false,false,0
2025-11-27T17:14:20.928984-08:00,read,key_3,2.63,false,false,0
2025-11-27T17:14:20.940046-08:00,read,key_645,1.57,false,false,0
2025-11-27T17:14:20.951122-08:00,read,key_56,3.20,false,false,0
2025-11-27T17:14:20.962039-08:00,read,key_809,1.94,false,false,0
2025-11-27T17:14:20.973163-08:00,read,key_488,1.55,false,false,0
2025-11-27T17:14:20.984044-08:00,read,key_787,2.68,false,false,0
2025-11-27T17:14:20.995226-08:00,read,key_633,2.76,false,false,0
2025-11-27T17:14:21.006233-08:00,read,key_637,1.52,false,false,0
2025-11-27T17:14:21.017324-08:00,read,key_199,1.42,false,false,0
2025-11-27T17:14:21.028988-08:00,read,key_47,2.60,true,false,115
2025-11-27T17:14:21.040071-08:00,read,key_329,1.52,false,false,0
2025-11-27T17:14:21.050696-08:00,read,key_849,2.01,false,false,0
2025-11-27T17:14:21.061808-08:00,read,key_908,2.88,true,false,74
2025-11-27T17:14:21.072846-08:00,read,key_6,1.82,false,false,0
2025-11-27T17:14:21.084023-08:00,read,key_163,1.86,false,false,0
2025-11-27T17:14:21.105952-08:00,read,key_473,1.83,false,false,0
2025-11-27T17:14:21.117062-08:00,read,key_40,1.71,false,false,0
2025-11-27T17:14:21.12822-08:00,read,key_122,3.18,false,false,0
2025-11-27T17:14:21.139278-08:00,read,key_306,1.57,false,false,0
2025-11-27T17:14:21.150154-08:00,read,key_626,1.63,false,false,0
2025-11-27T17:14:21.161589-08:00,read,key_516,2.44,false,false,0
2025-11-27T17:14:21.172646-08:00,read,key_552,1.41,false,false,0
2025-11-27T17:14:21.18379-08:00,read,key_937,5.46,false,false,0
2025-11-27T17:14:21.194494-08:00,read,key_653,3.01,false,false,0
2025-11-27T17:14:21.205505-08:00,read,key_800,1.59,false,false,0
2025-11-27T17:14:21.216682-08:00,read,key_944,2.01,false,false,0
2025-11-27T17:14:20.917835-08:00,write,key_506,312.43,true,false,118
2025-11-27T17:14:21.227895-08:00,read,key_739,3.13,true,false,52
2025-11-27T17:14:21.238248-08:00,read,key_615,1.56,true,false,73
2025-11-27T17:14:21.25991-08:00,read,key_947,2.49,true,false,40
2025-11-27T17:14:21.271059-08:00,read,key_814,1.93,false,false,0
2025-11-27T17:14:21.282195-08:00,read,key_343,1.60,false,false,0
2025-11-27T17:14:21.293356-08:00,read,key_221,1.66,false,false,0
2025-11-27T17:14:21.304787-08:00,read,key_792,2.06,true,false,70
2025-11-27T17:14:21.315663-08:00,read,key_241,1.68,false,false,0
2025-11-27T17:14:21.326774-08:00,read,key_754,1.97,false,false,0
2025-11-27T17:14:21.338116-08:00,read,key_906,2.18,false,false,0
2025-11-27T17:14:21.349229-08:00,read,key_533,1.57,false,false,0
2025-11-27T17:14:21.371537-08:00,read,key_310,3.08,false,false,0
2025-11-27T17:14:21.38195-08:00,read,key_284,1.63,true,false,71
2025-11-27T17:14:21.393112-08:00,read,key_814,1.89,false,false,0
2025-11-27T17:14:21.095289-08:00,write,key_813,306.00,true,false,119
2025-11-27T17:14:21.403434-08:00,read,key_73,1.67,false,false,0
2025-11-27T17:14:21.414619-08:00,read,key_103,1.63,false,false,0
2025-11-27T17:14:21.425179-08:00,read,key_432,1.51,false,false,0
2025-11-27T17:14:21.436374-08:00,read,key_885,2.24,false,false,0
2025-11-27T17:14:21.458539-08:00,read,key_577,1.47,true,false,109
2025-11-27T17:14:21.469654-08:00,read,key_843,2.64,false,false,0
2025-11-27T17:14:21.480717-08:00,read,key_735,1.62,false,false,0
2025-11-27T17:14:21.491827-08:00,read,key_723,1.31,false,false,0
2025-11-27T17:14:21.503022-08:00,read,key_880,3.69,false,false,0
2025-11-27T17:14:21.513918-08:00,read,key_165,1.38,false,false,0
2025-11-27T17:14:21.525043-08:00,read,key_434,1.69,false,false,0
2025-11-27T17:14:21.535343-08:00,read,key_960,2.76,false,false,0
2025-11-27T17:14:21.546726-08:00,read,key_77,1.67,false,false,0
2025-11-27T17:14:21.249419-08:00,write,key_891,308.75,true,false,119
2025-11-27T17:14:21.557183-08:00,read,key_382,1.35,true,false,88
2025-11-27T17:14:21.568336-08:00,read,key_756,2.22,false,false,0
2025-11-27T17:14:21.579828-08:00,read,key_570,2.14,false,false,0
2025-11-27T17:14:21.590496-08:00,read,key_34,1.71,true,false,103
2025-11-27T17:14:21.601643-08:00,read,key_722,1.81,false,false,0
2025-11-27T17:14:21.612084-08:00,read,key_684,2.05,true,false,70
2025-11-27T17:14:21.623243-08:00,read,key_748,1.72,false,false,0
2025-11-27T17:14:21.634396-08:00,read,key_14,1.98,true,false,78
2025-11-27T17:14:21.645654-08:00,read,key_50,19.09,false,false,0
2025-11-27T17:14:21.658102-08:00,read,key_897,6.65,false,false,0
2025-11-27T17:14:21.360363-08:00,write,key_49,306.70,true,false,120
2025-11-27T17:14:21.668374-08:00,read,key_235,0.90,false,false,0
2025-11-27T17:14:21.678583-08:00,read,key_881,1.13,false,false,0
2025-11-27T17:14:21.699422-08:00,read,key_277,1.05,false,false,0
2025-11-27T17:14:21.71064-08:00,read,key_500,3.68,false,false,0
2025-11-27T17:14:21.721603-08:00,read,key_293,1.19,false,false,0
2025-11-27T17:14:21.731843-08:00,read,key_97,1.38,false,false,0
2025-11-27T17:14:21.742965-08:00,read,key_905,1.45,false,false,0
2025-11-27T17:14:21.753598-08:00,read,key_305,2.56,false,false,0
2025-11-27T17:14:21.447536-08:00,write,key_570,318.71,true,false,120
2025-11-27T17:14:21.764672-08:00,read,key_307,1.61,false,false,0
2025-11-27T17:14:21.775768-08:00,read,key_629,1.42,false,false,0
2025-11-27T17:14:21.787193-08:00,read,key_321,2.12,false,false,0
2025-11-27T17:14:21.798339-08:00,read,key_748,1.42,false,false,0
2025-11-27T17:14:21.808672-08:00,read,key_257,1.33,false,false,0
2025-11-27T17:14:21.819858-08:00,read,key_416,2.68,false,false,0
2025-11-27T17:14:21.830756-08:00,read,key_168,1.78,false,false,0
2025-11-27T17:14:21.841446-08:00,read,key_190,1.40,false,false,0
2025-11-27T17:14:21.85269-08:00,read,key_761,2.26,true,false,68
2025-11-27T17:14:21.863051-08:00,read,key_26,1.70,false,false,0
2025-11-27T17:14:21.874204-08:00,read,key_352,1.59,false,false,0
2025-11-27T17:14:21.884512-08:00,read,key_745,1.19,false,false,0
2025-11-27T17:14:21.895254-08:00,read,key_908,2.30,true,false,74
2025-11-27T17:14:21.906341-08:00,read,key_210,1.60,false,false,0
2025-11-27T17:14:21.917325-08:00,read,key_78,1.76,false,false,0
2025-11-27T17:14:21.928124-08:00,read,key_612,2.60,false,false,0
2025-11-27T17:14:21.939179-08:00,read,key_416,1.57,false,false,0
2025-11-27T17:14:21.949928-08:00,read,key_998,1.56,false,false,0
2025-11-27T17:14:21.961188-08:00,read,key_564,3.14,false,false,0
2025-11-27T17:14:21.972192-08:00,read,key_479,1.68,true,false,51
2025-11-27T17:14:21.983306-08:00,read,key_2,1.69,true,false,80
2025-11-27T17:14:21.994523-08:00,read,key_194,3.42,false,false,0
2025-11-27T17:14:21.688908-08:00,write,key_677,309.33,true,false,121
2025-11-27T17:14:22.005492-08:00,read,key_637,1.25,false,false,0
2025-11-27T17:14:22.016466-08:00,read,key_352,1.44,false,false,0
2025-11-27T17:14:22.027809-08:00,read,key_256,2.63,false,false,0
2025-11-27T17:14:22.03843-08:00,read,key_429,2.19,false,false,0
2025-11-27T17:14:22.048695-08:00,read,key_752,1.70,false,false,0
2025-11-27T17:14:22.070428-08:00,read,key_715,2.90,false,false,0
2025-11-27T17:14:22.081443-08:00,read,key_230,1.61,false,false,0
2025-11-27T17:14:22.091789-08:00,read,key_769,1.99,false,false,0
2025-11-27T17:14:22.102944-08:00,read,key_907,2.68,false,false,0
2025-11-27T17:14:22.113372-08:00,read,key_635,1.68,false,false,0
2025-11-27T17:14:22.124576-08:00,read,key_65,1.91,false,false,0
2025-11-27T17:14:22.135819-08:00,read,key_488,2.62,false,false,0
2025-11-27T17:14:22.146807-08:00,read,key_164,1.45,false,false,0
2025-11-27T17:14:22.157884-08:00,read,key_195,1.47,false,false,0
2025-11-27T17:14:22.179875-08:00,read,key_242,2.32,false,false,0
2025-11-27T17:14:22.19107-08:00,read,key_570,1.84,true,false,120
2025-11-27T17:14:22.201616-08:00,read,key_338,2.46,false,false,0
2025-11-27T17:14:22.211873-08:00,read,key_256,2.67,false,false,0
2025-11-27T17:14:22.234142-08:00,read,key_529,1.57,false,false,0
2025-11-27T17:14:22.245896-08:00,read,key_742,1.77,false,false,0
2025-11-27T17:14:22.25645-08:00,read,key_97,1.80,false,false,0
2025-11-27T17:14:22.267665-08:00,read,key_976,1.19,false,false,0
2025-11-27T17:14:22.278633-08:00,read,key_983,3.11,false,false,0
2025-11-27T17:14:22.311618-08:00,read,key_564,2.38,false,false,0
2025-11-27T17:14:22.322782-08:00,read,key_894,1.63,false,false,0
2025-11-27T17:14:22.333932-08:00,read,key_772,1.29,false,false,0
2025-11-27T17:14:22.344386-08:00,read,key_813,2.45,true,false,119
2025-11-27T17:14:22.355461-08:00,read,key_352,3.37,false,false,0
2025-11-27T17:14:22.059052-08:00,write,key_574,308.07,true,false,122
2025-11-27T17:14:22.366137-08:00,read,key_538,1.31,false,false,0
2025-11-27T17:14:22.377266-08:00,read,key_694,2.04,false,false,0
2025-11-27T17:14:22.399236-08:00,read,key_980,1.60,true,false,83
2025-11-27T17:14:22.409517-08:00,read,key_866,0.83,false,false,0
2025-11-27T17:14:22.419994-08:00,read,key_356,2.27,false,false,0
2025-11-27T17:14:22.430818-08:00,read,key_476,1.22,true,false,123
2025-11-27T17:14:22.441924-08:00,read,key_252,1.60,true,false,50
2025-11-27T17:14:22.453042-08:00,read,key_573,2.63,false,false,0
2025-11-27T17:14:22.168597-08:00,write,key_215,306.08,true,false,122
2025-11-27T17:14:22.474699-08:00,read,key_298,3.21,false,false,0
2025-11-27T17:14:22.485743-08:00,read,key_242,2.29,false,false,0
2025-11-27T17:14:22.496846-08:00,read,key_780,1.53,false,false,0
2025-11-27T17:14:22.507261-08:00,read,key_396,1.09,false,false,0
2025-11-27T17:14:22.518134-08:00,read,key_187,1.74,false,false,0
2025-11-27T17:14:22.222963-08:00,write,key_476,309.87,true,false,123
2025-11-27T17:14:22.529359-08:00,read,key_245,3.49,false,false,0
2025-11-27T17:14:22.540332-08:00,read,key_241,1.68,false,false,0
2025-11-27T17:14:22.551512-08:00,read,key_780,3.56,false,false,0
2025-11-27T17:14:22.56269-08:00,read,key_83,3.40,false,false,0
2025-11-27T17:14:22.573751-08:00,read,key_350,1.97,false,false,0
2025-11-27T17:14:22.584492-08:00,read,key_110,3.11,true,false,50
2025-11-27T17:14:22.289359-08:00,write,key_726,303.84,true,false,122
2025-11-27T17:14:22.596615-08:00,read,key_561,1.95,false,false,0
2025-11-27T17:14:22.607573-08:00,read,key_686,1.95,false,false,0
2025-11-27T17:14:22.300522-08:00,write,key_395,309.07,true,false,124
2025-11-27T17:14:22.618718-08:00,read,key_671,3.57,false,false,0
2025-11-27T17:14:22.629996-08:00,read,key_643,1.85,false,false,0
2025-11-27T17:14:22.64094-08:00,read,key_84,2.19,false,false,0
2025-11-27T17:14:22.652053-08:00,read,key_114,3.01,false,false,0
2025-11-27T17:14:22.66359-08:00,read,key_94,2.20,true,false,68
2025-11-27T17:14:22.674709-08:00,read,key_252,1.90,true,false,50
2025-11-27T17:14:22.685893-08:00,read,key_283,3.40,false,false,0
2025-11-27T17:14:22.388374-08:00,write,key_424,305.81,true,false,124
2025-11-27T17:14:22.696332-08:00,read,key_698,1.55,false,false,0
2025-11-27T17:14:22.707439-08:00,read,key_478,1.83,true,false,68
2025-11-27T17:14:22.718671-08:00,read,key_803,3.47,false,false,0
2025-11-27T17:14:22.729717-08:00,read,key_675,1.75,false,false,0
2025-11-27T17:14:22.740845-08:00,read,key_589,1.69,false,false,0
2025-11-27T17:14:22.752052-08:00,read,key_677,2.84,true,false,121
2025-11-27T17:14:22.763149-08:00,read,key_186,1.67,false,false,0
2025-11-27T17:14:22.464189-08:00,write,key_422,308.69,true,false,123
2025-11-27T17:14:22.773315-08:00,read,key_179,1.01,false,false,0
2025-11-27T17:14:22.783912-08:00,read,key_384,3.65,false,false,0
2025-11-27T17:14:22.794254-08:00,read,key_610,2.91,true,false,45
2025-11-27T17:14:22.80503-08:00,read,key_632,1.64,false,false,0
2025-11-27T17:14:22.815299-08:00,read,key_287,1.48,true,false,110
2025-11-27T17:14:22.826496-08:00,read,key_643,2.78,false,false,0
2025-11-27T17:14:22.837086-08:00,read,key_352,2.54,false,false,0
2025-11-27T17:14:22.84765-08:00,read,key_293,1.35,false,false,0
2025-11-27T17:14:22.8578-08:00,read,key_499,1.74,false,false,0
2025-11-27T17:14:22.869019-08:00,read,key_410,3.08,false,false,0
2025-11-27T17:14:22.879813-08:00,read,key_960,2.21,false,false,0
2025-11-27T17:14:22.890958-08:00,read,key_287,1.58,true,false,110
2025-11-27T17:14:22.902129-08:00,read,key_261,0.89,false,false,0
2025-11-27T17:14:22.913281-08:00,read,key_903,0.80,false,false,0
2025-11-27T17:14:22.923576-08:00,read,key_694,0.88,false,false,0
2025-11-27T17:14:22.933973-08:00,read,key_691,0.79,false,false,0
2025-11-27T17:14:22.945428-08:00,read,key_277,1.00,false,false,0
2025-11-27T17:14:22.956632-08:00,read,key_475,0.80,false,false,0
2025-11-27T17:14:22.978305-08:00,read,key_939,0.93,false,false,0
2025-11-27T17:14:22.989501-08:00,read,key_776,0.81,false,false,0
2025-11-27T17:14:23.000641-08:00,read,key_9,0.95,false,false,0
2025-11-27T17:14:23.011884-08:00,read,key_804,1.36,true,false,114
2025-11-27T17:14:23.02288-08:00,read,key_569,0.82,false,false,0
2025-11-27T17:14:23.034194-08:00,read,key_380,0.80,true,false,94
2025-11-27T17:14:23.045465-08:00,read,key_559,2.03,false,false,0
2025-11-27T17:14:23.056381-08:00,read,key_515,1.67,false,false,0
2025-11-27T17:14:23.067573-08:00,read,key_769,1.92,false,false,0
2025-11-27T17:14:23.078585-08:00,read,key_925,2.54,false,false,0
2025-11-27T17:14:23.089677-08:00,read,key_885,1.75,false,false,0
2025-11-27T17:14:23.100605-08:00,read,key_247,2.03,false,false,0
2025-11-27T17:14:23.111644-08:00,read,key_600,2.60,false,false,0
2025-11-27T17:14:23.13394-08:00,read,key_913,2.18,true,false,86
2025-11-27T17:14:23.144925-08:00,read,key_419,2.96,false,false,0
2025-11-27T17:14:23.155918-08:00,read,key_691,1.67,false,false,0
2025-11-27T17:14:23.177674-08:00,read,key_813,2.89,true,false,119
2025-11-27T17:14:23.18876-08:00,read,key_157,1.95,false,false,0
2025-11-27T17:14:23.199941-08:00,read,key_758,1.60,false,false,0
2025-11-27T17:14:23.211131-08:00,read,key_728,2.43,false,false,0
2025-11-27T17:14:23.222176-08:00,read,key_99,1.69,false,false,0
2025-11-27T17:14:23.233191-08:00,read,key_782,1.52,false,false,0
2025-11-27T17:14:23.244456-08:00,read,key_302,2.89,true,false,89
2025-11-27T17:14:23.266529-08:00,read,key_898,1.83,true,false,116
2025-11-27T17:14:22.967342-08:00,write,key_17,305.85,true,false,125
2025-11-27T17:14:23.277118-08:00,read,key_283,2.34,false,false,0
2025-11-27T17:14:23.288083-08:00,read,key_99,1.91,false,false,0
2025-11-27T17:14:23.299199-08:00,read,key_742,1.32,false,false,0
2025-11-27T17:14:23.309527-08:00,read,key_984,1.69,false,false,0
2025-11-27T17:14:23.32122-08:00,read,key_383,1.86,false,false,0
2025-11-27T17:14:23.332136-08:00,read,key_96,1.76,true,false,111
2025-11-27T17:14:23.342769-08:00,read,key_804,1.62,true,false,114
2025-11-27T17:14:23.353731-08:00,read,key_807,2.43,false,false,0
2025-11-27T17:14:23.364832-08:00,read,key_1,1.83,true,false,39
2025-11-27T17:14:23.375683-08:00,read,key_524,1.68,false,false,0
2025-11-27T17:14:23.386811-08:00,read,key_312,2.08,false,false,0
2025-11-27T17:14:23.39715-08:00,read,key_486,1.65,false,false,0
2025-11-27T17:14:23.419607-08:00,read,key_418,2.85,false,false,0
2025-11-27T17:14:23.429872-08:00,read,key_380,1.77,true,false,94
2025-11-27T17:14:23.122729-08:00,write,key_627,309.59,true,false,125
2025-11-27T17:14:23.462368-08:00,read,key_991,1.67,true,false,76
2025-11-27T17:14:23.166443-08:00,write,key_564,306.63,true,false,125
2025-11-27T17:14:23.472656-08:00,read,key_147,1.10,false,false,0
2025-11-27T17:14:23.483867-08:00,read,key_981,1.40,true,false,1
2025-11-27T17:14:23.494999-08:00,read,key_896,2.11,false,false,0
2025-11-27T17:14:23.505687-08:00,read,key_422,2.14,true,false,123
2025-11-27T17:14:23.516823-08:00,read,key_534,1.80,false,false,0
2025-11-27T17:14:23.52791-08:00,read,key_59,2.51,false,false,0
2025-11-27T17:14:23.538991-08:00,read,key_128,1.84,false,false,0
2025-11-27T17:14:23.550146-08:00,read,key_642,1.68,false,false,0
2025-11-27T17:14:23.255385-08:00,write,key_523,309.36,true,false,126
2025-11-27T17:14:23.561487-08:00,read,key_648,4.50,false,false,0
2025-11-27T17:14:23.572293-08:00,read,key_998,1.55,false,false,0
2025-11-27T17:14:23.593105-08:00,read,key_737,2.37,true,false,73
2025-11-27T17:14:23.603938-08:00,read,key_977,2.85,false,false,0
2025-11-27T17:14:23.614952-08:00,read,key_771,1.66,false,false,0
2025-11-27T17:14:23.625632-08:00,read,key_366,1.29,false,false,0
2025-11-27T17:14:23.637515-08:00,read,key_739,2.22,true,false,52
2025-11-27T17:14:23.648387-08:00,read,key_725,1.28,false,false,0
2025-11-27T17:14:23.659596-08:00,read,key_504,1.82,false,false,0
2025-11-27T17:14:23.67073-08:00,read,key_20,2.57,false,false,0
2025-11-27T17:14:23.681866-08:00,read,key_163,1.84,false,false,0
2025-11-27T17:14:23.692283-08:00,read,key_86,1.72,true,false,37
2025-11-27T17:14:23.704007-08:00,read,key_329,2.05,false,false,0
2025-11-27T17:14:23.408219-08:00,write,key_566,306.33,true,false,126
2025-11-27T17:14:23.714497-08:00,read,key_44,0.99,false,false,0
2025-11-27T17:14:23.736967-08:00,read,key_917,4.60,false,false,0
2025-11-27T17:14:23.747745-08:00,read,key_140,2.07,false,false,0
2025-11-27T17:14:23.440469-08:00,write,key_858,309.38,true,false,126
2025-11-27T17:14:23.45118-08:00,write,key_986,305.53,true,false,127
2025-11-27T17:14:23.757978-08:00,read,key_356,1.14,false,false,0
2025-11-27T17:14:23.769136-08:00,read,key_435,2.91,false,false,0
2025-11-27T17:14:23.780161-08:00,read,key_762,1.97,false,false,0
2025-11-27T17:14:23.790609-08:00,read,key_4,1.66,false,false,0
2025-11-27T17:14:23.801752-08:00,read,key_413,2.29,true,false,79
2025-11-27T17:14:23.813139-08:00,read,key_988,2.07,true,false,106
2025-11-27T17:14:23.824228-08:00,read,key_211,2.05,false,false,0
2025-11-27T17:14:23.835382-08:00,read,key_670,2.64,false,false,0
2025-11-27T17:14:23.846556-08:00,read,key_57,1.83,false,false,0
2025-11-27T17:14:23.857244-08:00,read,key_382,1.43,true,false,88
2025-11-27T17:14:23.867962-08:00,read,key_397,1.59,false,false,0
2025-11-27T17:14:23.878233-08:00,read,key_760,2.36,false,false,0
2025-11-27T17:14:23.88932-08:00,read,key_646,1.62,false,false,0
2025-11-27T17:14:23.582946-08:00,write,key_442,308.74,true,false,127
2025-11-27T17:14:23.900416-08:00,read,key_235,1.77,false,false,0
2025-11-27T17:14:23.910775-08:00,read,key_106,2.41,true,false,101
2025-11-27T17:14:23.921854-08:00,read,key_716,1.82,false,false,0
2025-11-27T17:14:23.933011-08:00,read,key_108,1.60,false,false,0
2025-11-27T17:14:23.944117-08:00,read,key_800,1.61,false,false,0
2025-11-27T17:14:23.955322-08:00,read,key_437,1.10,false,false,0
2025-11-27T17:14:23.96558-08:00,read,key_515,0.82,false,false,0
2025-11-27T17:14:23.976697-08:00,read,key_690,1.64,false,false,0
2025-11-27T17:14:23.998148-08:00,read,key_214,1.69,false,false,0
2025-11-27T17:14:24.009022-08:00,read,key_936,1.58,false,false,0
2025-11-27T17:14:24.019613-08:00,read,key_76,2.72,true,false,99
2025-11-27T17:14:24.030399-08:00,read,key_632,1.84,false,false,0
2025-11-27T17:14:23.72563-08:00,write,key_566,314.86,true,false,127
2025-11-27T17:14:24.040444-08:00,read,key_953,1.06,false,false,0
2025-11-27T17:14:24.050673-08:00,read,key_416,1.56,false,false,0
2025-11-27T17:14:24.072075-08:00,read,key_478,1.65,true,false,68
2025-11-27T17:14:24.082246-08:00,read,key_656,1.62,false,false,0
2025-11-27T17:14:24.093441-08:00,read,key_802,3.51,false,false,0
2025-11-27T17:14:24.104854-08:00,read,key_425,1.93,false,false,0
2025-11-27T17:14:24.138466-08:00,read,key_684,1.86,true,false,70
2025-11-27T17:14:24.148938-08:00,read,key_477,4.12,true,false,87
2025-11-27T17:14:24.159773-08:00,read,key_299,2.93,true,false,33
2025-11-27T17:14:24.170682-08:00,read,key_235,2.27,false,false,0
2025-11-27T17:14:24.181683-08:00,read,key_351,1.72,true,false,54
2025-11-27T17:14:24.192261-08:00,read,key_441,1.33,false,false,0
2025-11-27T17:14:24.20346-08:00,read,key_432,2.54,false,false,0
2025-11-27T17:14:24.214541-08:00,read,key_486,1.62,false,false,0
2025-11-27T17:14:24.224993-08:00,read,key_769,1.76,false,false,0
2025-11-27T17:14:24.246756-08:00,read,key_327,1.81,true,false,43
2025-11-27T17:14:24.257881-08:00,read,key_386,2.02,false,false,0
2025-11-27T17:14:24.269013-08:00,read,key_861,3.82,false,false,0
2025-11-27T17:14:24.279304-08:00,read,key_235,1.49,false,false,0
2025-11-27T17:14:24.290295-08:00,read,key_693,1.34,false,false,0
2025-11-27T17:14:23.986981-08:00,write,key_810,310.49,true,false,128
2025-11-27T17:14:24.300781-08:00,read,key_788,1.19,false,false,0
2025-11-27T17:14:24.312008-08:00,read,key_736,2.60,false,false,0
2025-11-27T17:14:24.322148-08:00,read,key_5,1.55,false,false,0
2025-11-27T17:14:24.333112-08:00,read,key_886,1.26,false,false,0
2025-11-27T17:14:24.355455-08:00,read,key_523,1.70,true,false,126
2025-11-27T17:14:24.366587-08:00,read,key_26,1.53,false,false,0
2025-11-27T17:14:24.0616-08:00,write,key_567,314.99,true,false,128
2025-11-27T17:14:24.376619-08:00,read,key_518,0.71,false,false,0
2025-11-27T17:14:24.386914-08:00,read,key_103,1.13,false,false,0
2025-11-27T17:14:24.397471-08:00,read,key_399,1.77,false,false,0
2025-11-27T17:14:24.408619-08:00,read,key_907,1.70,false,false,0
2025-11-27T17:14:24.419751-08:00,read,key_807,2.44,false,false,0
2025-11-27T17:14:24.116078-08:00,write,key_630,308.99,true,false,128
2025-11-27T17:14:24.127298-08:00,write,key_563,307.64,true,false,129
2025-11-27T17:14:24.441342-08:00,read,key_487,1.66,false,false,0
2025-11-27T17:14:24.451621-08:00,read,key_350,1.05,false,false,0
2025-11-27T17:14:24.461904-08:00,read,key_83,1.71,false,false,0
2025-11-27T17:14:24.473004-08:00,read,key_748,1.30,false,false,0
2025-11-27T17:14:24.506497-08:00,read,key_595,3.76,false,false,0
2025-11-27T17:14:24.516911-08:00,read,key_668,1.47,false,false,0
2025-11-27T17:14:24.528065-08:00,read,key_394,2.16,false,false,0
2025-11-27T17:14:24.235545-08:00,write,key_99,306.04,true,false,128
2025-11-27T17:14:24.539194-08:00,read,key_385,3.36,false,false,0
2025-11-27T17:14:24.550164-08:00,read,key_660,1.17,false,false,0
2025-11-27T17:14:24.561475-08:00,read,key_833,2.51,true,false,94
2025-11-27T17:14:24.572565-08:00,read,key_815,1.88,false,false,0
2025-11-27T17:14:24.594178-08:00,read,key_935,3.01,false,false,0
2025-11-27T17:14:24.605121-08:00,read,key_59,1.59,false,false,0
2025-11-27T17:14:24.616245-08:00,read,key_694,1.46,false,false,0
2025-11-27T17:14:24.626456-08:00,read,key_365,2.13,false,false,0
2025-11-27T17:14:24.637608-08:00,read,key_104,2.16,false,false,0
2025-11-27T17:14:24.648367-08:00,read,key_32,1.60,false,false,0
2025-11-27T17:14:24.344266-08:00,write,key_284,305.73,true,false,129
2025-11-27T17:14:24.659538-08:00,read,key_254,2.16,false,false,0
2025-11-27T17:14:24.670207-08:00,read,key_622,3.02,false,false,0
2025-11-27T17:14:24.680766-08:00,read,key_488,1.50,false,false,0
2025-11-27T17:14:24.691902-08:00,read,key_900,1.61,true,false,82
2025-11-27T17:14:24.703023-08:00,read,key_802,2.38,false,false,0
2025-11-27T17:14:24.714104-08:00,read,key_9,1.78,false,false,0
2025-11-27T17:14:24.725254-08:00,read,key_45,1.75,true,false,104
2025-11-27T17:14:24.430493-08:00,write,key_383,308.28,true,false,129
2025-11-27T17:14:24.736119-08:00,read,key_306,3.12,false,false,0
2025-11-27T17:14:24.758332-08:00,read,key_855,1.94,false,false,0
2025-11-27T17:14:24.780708-08:00,read,key_305,1.57,false,false,0
2025-11-27T17:14:24.484177-08:00,write,key_465,305.73,true,false,130
2025-11-27T17:14:24.790885-08:00,read,key_666,0.83,false,false,0
2025-11-27T17:14:24.495361-08:00,write,key_424,307.36,true,false,130
2025-11-27T17:14:24.801763-08:00,read,key_226,2.94,true,false,61
2025-11-27T17:14:24.812825-08:00,read,key_11,1.14,false,false,0
2025-11-27T17:14:24.823894-08:00,read,key_574,1.45,true,false,122
2025-11-27T17:14:24.834982-08:00,read,key_770,1.52,false,false,0
2025-11-27T17:14:24.845517-08:00,read,key_43,2.47,false,false,0
2025-11-27T17:14:24.856606-08:00,read,key_321,1.60,false,false,0
2025-11-27T17:14:24.867727-08:00,read,key_32,1.43,false,false,0
2025-11-27T17:14:24.583735-08:00,write,key_471,307.63,true,false,131
2025-11-27T17:14:24.889447-08:00,read,key_186,2.27,false,false,0
2025-11-27T17:14:24.899962-08:00,read,key_785,1.73,true,false,87
2025-11-27T17:14:24.911182-08:00,read,key_178,2.90,false,false,0
2025-11-27T17:14:24.922024-08:00,read,key_222,1.40,false,false,0
2025-11-27T17:14:24.932237-08:00,read,key_793,1.91,true,false,10
2025-11-27T17:14:24.942908-08:00,read,key_393,1.57,false,false,0
2025-11-27T17:14:24.953118-08:00,read,key_697,6.18,false,false,0
2025-11-27T17:14:24.963717-08:00,read,key_995,0.88,false,false,0
2025-11-27T17:14:24.97391-08:00,read,key_837,0.89,false,false,0
2025-11-27T17:14:24.984998-08:00,read,key_413,0.70,true,false,79
2025-11-27T17:14:24.995156-08:00,read,key_975,1.12,false,false,0
2025-11-27T17:14:25.005952-08:00,read,key_417,0.85,false,false,0
2025-11-27T17:14:25.017228-08:00,read,key_693,0.97,false,false,0
2025-11-27T17:14:25.028362-08:00,read,key_579,1.09,false,false,0
2025-11-27T17:14:25.039566-08:00,read,key_12,0.65,true,false,75
2025-11-27T17:14:24.74711-08:00,write,key_817,303.88,true,false,130
2025-11-27T17:14:25.050666-08:00,read,key_446,0.74,false,false,0
2025-11-27T17:14:25.060885-08:00,read,key_286,0.91,false,false,0
2025-11-27T17:14:24.769538-08:00,write,key_913,306.02,true,false,132
2025-11-27T17:14:25.083192-08:00,read,key_9,0.94,false,false,0
2025-11-27T17:14:25.094241-08:00,read,key_766,1.33,true,false,45
2025-11-27T17:14:25.105397-08:00,read,key_988,1.79,true,false,106
2025-11-27T17:14:25.116489-08:00,read,key_706,1.42,false,false,0
2025-11-27T17:14:25.127905-08:00,read,key_893,1.98,false,false,0
2025-11-27T17:14:25.138953-08:00,read,key_16,1.69,false,false,0
2025-11-27T17:14:25.149271-08:00,read,key_327,1.58,true,false,43
2025-11-27T17:14:25.160142-08:00,read,key_387,2.27,false,false,0
2025-11-27T17:14:25.171588-08:00,read,key_711,1.90,false,false,0
2025-11-27T17:14:25.182168-08:00,read,key_895,1.51,false,false,0
2025-11-27T17:14:24.878841-08:00,write,key_109,310.46,true,false,132
2025-11-27T17:14:25.192669-08:00,read,key_749,1.44,false,false,0
2025-11-27T17:14:25.203626-08:00,read,key_987,2.83,false,false,0
2025-11-27T17:14:25.214653-08:00,read,key_141,1.64,true,false,76
2025-11-27T17:14:25.225776-08:00,read,key_687,1.99,false,false,0
2025-11-27T17:14:25.237481-08:00,read,key_188,2.71,true,false,112
2025-11-27T17:14:25.258887-08:00,read,key_145,1.49,false,false,0
2025-11-27T17:14:25.269951-08:00,read,key_644,2.26,false,false,0
2025-11-27T17:14:25.281024-08:00,read,key_815,1.49,false,false,0
2025-11-27T17:14:25.291463-08:00,read,key_602,1.58,false,false,0
2025-11-27T17:14:25.301705-08:00,read,key_351,1.61,true,false,54
2025-11-27T17:14:25.311908-08:00,read,key_446,2.96,false,false,0
2025-11-27T17:14:25.322957-08:00,read,key_391,1.96,false,false,0
2025-11-27T17:14:25.333315-08:00,read,key_249,1.63,false,false,0
2025-11-27T17:14:25.354772-08:00,read,key_14,2.06,true,false,78
2025-11-27T17:14:25.365555-08:00,read,key_475,1.58,false,false,0
2025-11-27T17:14:25.376699-08:00,read,key_801,1.94,false,false,0
2025-11-27T17:14:25.072225-08:00,write,key_680,308.84,true,false,133
2025-11-27T17:14:25.387545-08:00,read,key_365,1.15,false,false,0
2025-11-27T17:14:25.398768-08:00,read,key_216,1.35,false,false,0
2025-11-27T17:14:25.41001-08:00,read,key_632,1.99,false,false,0
2025-11-27T17:14:25.42062-08:00,read,key_203,2.07,false,false,0
2025-11-27T17:14:25.431755-08:00,read,key_833,1.47,true,false,94
2025-11-27T17:14:25.442383-08:00,read,key_981,1.74,true,false,1
2025-11-27T17:14:25.453357-08:00,read,key_413,2.91,true,false,79
2025-11-27T17:14:25.463798-08:00,read,key_66,1.64,false,false,0
2025-11-27T17:14:25.474072-08:00,read,key_258,1.63,false,false,0
2025-11-27T17:14:25.485218-08:00,read,key_443,1.40,false,false,0
2025-11-27T17:14:25.496284-08:00,read,key_424,1.23,true,false,130
2025-11-27T17:14:25.507161-08:00,read,key_356,0.89,false,false,0
2025-11-27T17:14:25.518232-08:00,read,key_93,1.68,false,false,0
2025-11-27T17:14:25.529102-08:00,read,key_434,2.09,false,false,0
2025-11-27T17:14:25.540271-08:00,read,key_9,1.65,false,false,0
2025-11-27T17:14:25.551282-08:00,read,key_898,1.13,true,false,116
2025-11-27T17:14:25.248341-08:00,write,key_429,305.47,true,false,134
2025-11-27T17:14:25.562468-08:00,read,key_476,2.45,true,false,123
2025-11-27T17:14:25.572761-08:00,read,key_560,1.91,false,false,0
2025-11-27T17:14:25.583879-08:00,read,key_648,1.74,false,false,0
2025-11-27T17:14:25.595301-08:00,read,key_621,2.99,false,false,0
2025-11-27T17:14:25.606339-08:00,read,key_931,1.69,false,false,0
2025-11-27T17:14:25.617302-08:00,read,key_693,1.66,false,false,0
2025-11-27T17:14:25.628516-08:00,read,key_934,2.70,false,false,0
2025-11-27T17:14:25.639559-08:00,read,key_347,1.72,false,false,0
2025-11-27T17:14:25.344114-08:00,write,key_759,308.43,true,false,133
2025-11-27T17:14:25.650771-08:00,read,key_123,2.36,false,false,0
2025-11-27T17:14:25.6619-08:00,read,key_393,2.72,false,false,0
2025-11-27T17:14:25.672118-08:00,read,key_281,1.60,false,false,0
2025-11-27T17:14:25.683256-08:00,read,key_328,1.59,false,false,0
2025-11-27T17:14:25.694462-08:00,read,key_562,2.87,false,false,0
2025-11-27T17:14:25.705565-08:00,read,key_470,1.86,true,false,38
2025-11-27T17:14:25.716721-08:00,read,key_220,1.87,false,false,0
2025-11-27T17:14:25.727912-08:00,read,key_210,3.10,false,false,0
2025-11-27T17:14:25.738926-08:00,read,key_240,1.70,false,false,0
2025-11-27T17:14:25.749991-08:00,read,key_659,1.94,false,false,0
2025-11-27T17:14:25.760641-08:00,read,key_118,2.74,false,false,0
2025-11-27T17:14:25.771725-08:00,read,key_603,1.70,false,false,0
2025-11-27T17:14:25.782831-08:00,read,key_80,1.49,false,false,0
2025-11-27T17:14:25.805152-08:00,read,key_42,1.87,true,false,65
2025-11-27T17:14:25.826477-08:00,read,key_248,2.83,false,false,0
2025-11-27T17:14:25.848886-08:00,read,key_85,1.55,false,false,0
2025-11-27T17:14:25.860008-08:00,read,key_192,1.52,false,false,0
2025-11-27T17:14:25.882932-08:00,read,key_8,1.74,false,false,0
2025-11-27T17:14:25.894203-08:00,read,key_506,2.78,true,false,118
2025-11-27T17:14:25.90532-08:00,read,key_284,1.40,true,false,129
2025-11-27T17:14:25.916474-08:00,read,key_906,1.46,false,false,0
2025-11-27T17:14:25.927651-08:00,read,key_472,2.05,true,false,112
2025-11-27T17:14:25.93879-08:00,read,key_813,2.12,true,false,119
2025-11-27T17:14:25.949904-08:00,read,key_230,1.51,false,false,0
2025-11-27T17:14:25.96107-08:00,read,key_71,3.01,false,false,0
2025-11-27T17:14:25.972112-08:00,read,key_762,3.37,false,false,0
2025-11-27T17:14:25.99427-08:00,read,key_149,2.62,false,false,0
2025-11-27T17:14:26.005332-08:00,read,key_87,1.69,false,false,0
2025-11-27T17:14:26.015616-08:00,read,key_690,3.74,false,false,0
2025-11-27T17:14:26.026545-08:00,read,key_899,1.48,false,false,0
2025-11-27T17:14:26.03738-08:00,read,key_80,2.54,false,false,0
2025-11-27T17:14:26.047887-08:00,read,key_63,1.55,true,false,59
2025-11-27T17:14:26.059006-08:00,read,key_521,1.49,false,false,0
2025-11-27T17:14:26.070199-08:00,read,key_461,2.58,false,false,0
2025-11-27T17:14:26.081295-08:00,read,key_221,1.75,false,false,0
2025-11-27T17:14:25.793968-08:00,write,key_780,305.80,true,false,135
2025-11-27T17:14:26.102958-08:00,read,key_458,2.53,false,false,0
2025-11-27T17:14:26.114037-08:00,read,key_566,1.56,true,false,127
2025-11-27T17:14:25.81534-08:00,write,key_784,307.80,true,false,135
2025-11-27T17:14:26.124275-08:00,read,key_630,1.09,true,false,128
2025-11-27T17:14:26.135585-08:00,read,key_276,2.71,true,false,49
2025-11-27T17:14:25.837678-08:00,write,key_316,310.35,true,false,135
2025-11-27T17:14:26.146719-08:00,read,key_794,1.44,false,false,0
2025-11-27T17:14:26.157277-08:00,read,key_51,1.52,true,false,52
2025-11-27T17:14:26.168366-08:00,read,key_239,2.42,false,false,0
2025-11-27T17:14:26.179137-08:00,read,key_541,2.02,false,false,0
2025-11-27T17:14:25.871777-08:00,write,key_32,309.40,true,false,136
2025-11-27T17:14:26.190079-08:00,read,key_225,1.45,false,false,0
2025-11-27T17:14:26.201228-08:00,read,key_799,1.76,false,false,0
2025-11-27T17:14:26.212092-08:00,read,key_983,2.00,false,false,0
2025-11-27T17:14:26.223177-08:00,read,key_422,1.87,true,false,123
2025-11-27T17:14:26.233945-08:00,read,key_96,1.68,true,false,111
2025-11-27T17:14:26.244401-08:00,read,key_66,2.99,false,false,0
2025-11-27T17:14:26.255479-08:00,read,key_90,1.84,false,false,0
2025-11-27T17:14:26.266618-08:00,read,key_842,1.90,false,false,0
2025-11-27T17:14:26.277939-08:00,read,key_132,2.73,false,false,0
2025-11-27T17:14:26.288287-08:00,read,key_818,2.31,true,false,89
2025-11-27T17:14:25.983076-08:00,write,key_740,308.19,true,false,137
2025-11-27T17:14:26.299101-08:00,read,key_381,1.44,false,false,0
2025-11-27T17:14:26.310253-08:00,read,key_68,1.89,false,false,0
2025-11-27T17:14:26.321496-08:00,read,key_387,2.20,false,false,0
2025-11-27T17:14:26.332626-08:00,read,key_678,1.73,true,false,49
2025-11-27T17:14:26.343392-08:00,read,key_28,1.65,false,false,0
2025-11-27T17:14:26.354543-08:00,read,key_564,1.76,true,false,125
2025-11-27T17:14:26.365545-08:00,read,key_564,2.00,true,false,125
2025-11-27T17:14:26.376685-08:00,read,key_778,1.80,true,false,97
2025-11-27T17:14:26.387854-08:00,read,key_292,1.60,true,false,2
2025-11-27T17:14:26.09239-08:00,write,key_39,306.56,true,false,138
2025-11-27T17:14:26.398861-08:00,read,key_447,0.91,false,false,0
2025-11-27T17:14:26.409671-08:00,read,key_995,1.97,false,false,0
2025-11-27T17:14:26.420841-08:00,read,key_296,1.77,false,false,0
2025-11-27T17:14:26.431983-08:00,read,key_906,1.55,false,false,0
2025-11-27T17:14:26.44306-08:00,read,key_693,2.42,false,false,0
2025-11-27T17:14:26.454203-08:00,read,key_413,1.79,true,false,79
2025-11-27T17:14:26.464983-08:00,read,key_436,1.64,false,false,0
2025-11-27T17:14:26.475182-08:00,read,key_498,1.71,true,false,104
2025-11-27T17:14:26.485936-08:00,read,key_206,2.35,false,false,0
2025-11-27T17:14:26.497024-08:00,read,key_672,1.80,false,false,0
2025-11-27T17:14:26.507228-08:00,read,key_628,1.59,false,false,0
2025-11-27T17:14:26.518333-08:00,read,key_496,1.39,false,false,0
2025-11-27T17:14:26.5297-08:00,read,key_364,1.69,false,false,0
2025-11-27T17:14:26.540322-08:00,read,key_795,1.72,false,false,0
2025-11-27T17:14:26.55151-08:00,read,key_64,2.16,false,false,0
2025-11-27T17:14:26.563036-08:00,read,key_363,2.16,false,false,0
2025-11-27T17:14:26.574227-08:00,read,key_23,1.70,false,false,0
2025-11-27T17:14:26.584437-08:00,read,key_242,2.20,false,false,0
2025-11-27T17:14:26.595571-08:00,read,key_806,2.24,false,false,0
2025-11-27T17:14:26.616652-08:00,read,key_945,1.95,false,false,0
2025-11-27T17:14:26.62773-08:00,read,key_434,2.53,false,false,0
2025-11-27T17:14:26.638778-08:00,read,key_684,1.60,true,false,70
2025-11-27T17:14:26.649916-08:00,read,key_247,1.40,false,false,0
2025-11-27T17:14:26.660985-08:00,read,key_321,2.78,false,false,0
2025-11-27T17:14:26.671831-08:00,read,key_525,1.89,false,false,0
2025-11-27T17:14:26.682126-08:00,read,key_312,1.88,false,false,0
2025-11-27T17:14:26.692455-08:00,read,key_841,1.49,false,false,0
2025-11-27T17:14:26.704013-08:00,read,key_384,2.08,false,false,0
2025-11-27T17:14:26.715169-08:00,read,key_382,1.41,true,false,88
2025-11-27T17:14:26.725605-08:00,read,key_98,1.71,true,false,46
2025-11-27T17:14:26.737088-08:00,read,key_123,2.67,false,false,0
2025-11-27T17:14:26.758171-08:00,read,key_907,1.62,false,false,0
2025-11-27T17:14:26.769282-08:00,read,key_852,2.34,true,false,117
2025-11-27T17:14:26.780326-08:00,read,key_970,1.50,false,false,0
2025-11-27T17:14:26.790537-08:00,read,key_55,1.15,false,false,0
2025-11-27T17:14:26.81186-08:00,read,key_293,2.42,false,false,0
2025-11-27T17:14:26.822014-08:00,read,key_731,1.63,false,false,0
2025-11-27T17:14:26.843502-08:00,read,key_635,1.46,false,false,0
2025-11-27T17:14:26.85479-08:00,read,key_496,2.00,false,false,0
2025-11-27T17:14:26.86557-08:00,read,key_806,1.74,false,false,0
2025-11-27T17:14:26.876758-08:00,read,key_42,1.50,true,false,65
2025-11-27T17:14:26.887937-08:00,read,key_380,1.83,true,false,94
2025-11-27T17:14:26.89851-08:00,read,key_283,1.65,false,false,0
2025-11-27T17:14:26.605912-08:00,write,key_309,304.45,true,false,139
2025-11-27T17:14:26.909691-08:00,read,key_898,1.27,true,false,116
2025-11-27T17:14:26.920581-08:00,read,key_395,2.02,true,false,124
2025-11-27T17:14:26.931743-08:00,read,key_815,1.50,false,false,0
2025-11-27T17:14:26.94291-08:00,read,key_729,2.86,false,false,0
2025-11-27T17:14:26.953932-08:00,read,key_803,2.86,false,false,0
2025-11-27T17:14:26.975978-08:00,read,key_986,1.95,true,false,127
2025-11-27T17:14:26.986857-08:00,read,key_391,2.35,false,false,0
2025-11-27T17:14:26.997956-08:00,read,key_4,1.64,false,false,0
2025-11-27T17:14:27.009113-08:00,read,key_971,1.24,false,false,0
2025-11-27T17:14:27.019469-08:00,read,key_192,2.53,false,false,0
2025-11-27T17:14:27.041744-08:00,read,key_601,5.12,false,false,0
2025-11-27T17:14:27.051966-08:00,read,key_565,1.17,false,false,0
2025-11-27T17:14:26.747356-08:00,write,key_791,311.66,true,false,139
2025-11-27T17:14:27.062468-08:00,read,key_226,1.58,true,false,61
2025-11-27T17:14:27.084813-08:00,read,key_482,3.41,false,false,0
2025-11-27T17:14:27.095782-08:00,read,key_446,1.73,false,false,0
2025-11-27T17:14:26.800675-08:00,write,key_855,306.35,true,false,140
2025-11-27T17:14:27.106003-08:00,read,key_973,1.84,false,false,0
2025-11-27T17:14:27.117156-08:00,read,key_547,1.29,false,false,0
2025-11-27T17:14:27.1283-08:00,read,key_436,2.57,false,false,0
2025-11-27T17:14:27.138925-08:00,read,key_164,1.73,false,false,0
2025-11-27T17:14:26.833195-08:00,write,key_5,307.52,true,false,139
2025-11-27T17:14:27.150073-08:00,read,key_682,1.82,false,false,0
2025-11-27T17:14:27.160452-08:00,read,key_851,2.59,false,false,0
2025-11-27T17:14:27.171536-08:00,read,key_691,1.53,false,false,0
2025-11-27T17:14:27.182091-08:00,read,key_633,1.31,false,false,0
2025-11-27T17:14:27.193259-08:00,read,key_40,1.86,false,false,0
2025-11-27T17:14:27.204696-08:00,read,key_247,1.74,false,false,0
2025-11-27T17:14:27.226885-08:00,read,key_773,1.86,false,false,0
2025-11-27T17:14:27.237768-08:00,read,key_675,2.05,false,false,0
2025-11-27T17:14:27.248877-08:00,read,key_663,1.64,false,false,0
2025-11-27T17:14:27.260056-08:00,read,key_831,1.61,false,false,0
2025-11-27T17:14:27.271001-08:00,read,key_634,1.72,false,false,0
2025-11-27T17:14:26.964991-08:00,write,key_528,308.97,true,false,140
2025-11-27T17:14:27.282046-08:00,read,key_989,1.81,false,false,0
2025-11-27T17:14:27.293206-08:00,read,key_622,1.82,false,false,0
2025-11-27T17:14:27.30491-08:00,read,key_195,1.92,false,false,0
2025-11-27T17:14:27.315553-08:00,read,key_645,1.66,false,false,0
2025-11-27T17:14:27.326697-08:00,read,key_818,2.48,true,false,89
2025-11-27T17:14:27.33792-08:00,read,key_104,1.68,false,false,0
2025-11-27T17:14:27.030579-08:00,write,key_877,309.36,true,false,141
2025-11-27T17:14:27.348812-08:00,read,key_518,1.34,false,false,0
2025-11-27T17:14:27.359964-08:00,read,key_875,1.79,false,false,0
2025-11-27T17:14:27.371078-08:00,read,key_19,2.32,false,false,0
2025-11-27T17:14:27.073627-08:00,write,key_474,305.30,true,false,141
2025-11-27T17:14:27.381474-08:00,read,key_671,1.41,false,false,0
2025-11-27T17:14:27.392609-08:00,read,key_656,1.24,false,false,0
2025-11-27T17:14:27.403145-08:00,read,key_939,2.81,false,false,0
2025-11-27T17:14:27.414215-08:00,read,key_119,1.66,false,false,0
2025-11-27T17:14:27.425369-08:00,read,key_632,1.57,false,false,0
2025-11-27T17:14:27.447528-08:00,read,key_746,2.19,true,false,15
2025-11-27T17:14:27.458651-08:00,read,key_109,1.65,true,false,132
2025-11-27T17:14:27.469309-08:00,read,key_99,2.64,true,false,128
2025-11-27T17:14:27.480385-08:00,read,key_536,1.72,false,false,0
2025-11-27T17:14:27.49052-08:00,read,key_667,1.58,false,false,0
2025-11-27T17:14:27.501678-08:00,read,key_108,1.73,false,false,0
2025-11-27T17:14:27.512468-08:00,read,key_601,2.57,false,false,0
2025-11-27T17:14:27.215695-08:00,write,key_674,305.39,true,false,142
2025-11-27T17:14:27.522838-08:00,read,key_322,0.92,false,false,0
2025-11-27T17:14:27.534085-08:00,read,key_714,1.78,false,false,0
2025-11-27T17:14:27.546395-08:00,read,key_811,1.66,false,false,0
2025-11-27T17:14:27.557404-08:00,read,key_432,1.58,false,false,0
2025-11-27T17:14:27.568584-08:00,read,key_57,2.97,false,false,0
2025-11-27T17:14:27.579588-08:00,read,key_848,1.91,true,false,71
2025-11-27T17:14:27.589898-08:00,read,key_45,1.71,true,false,104
2025-11-27T17:14:27.60065-08:00,read,key_684,2.63,true,false,70
2025-11-27T17:14:27.610916-08:00,read,key_939,2.41,false,false,0
2025-11-27T17:14:27.622141-08:00,read,key_607,1.41,false,false,0
2025-11-27T17:14:27.63328-08:00,read,key_104,1.62,false,false,0
2025-11-27T17:14:27.643821-08:00,read,key_49,1.90,true,false,120
2025-11-27T17:14:27.655027-08:00,read,key_361,1.79,false,false,0
2025-11-27T17:14:27.676739-08:00,read,key_559,2.82,false,false,0
2025-11-27T17:14:27.68786-08:00,read,key_699,1.68,false,false,0
2025-11-27T17:14:27.698026-08:00,read,key_839,1.33,false,false,0
2025-11-27T17:14:27.708925-08:00,read,key_794,1.21,false,false,0
2025-11-27T17:14:27.730668-08:00,read,key_879,1.64,false,false,0
2025-11-27T17:14:27.7418-08:00,read,key_105,2.21,false,false,0
2025-11-27T17:14:27.436411-08:00,write,key_342,310.35,true,false,142
2025-11-27T17:14:27.752518-08:00,read,key_670,2.58,false,false,0
2025-11-27T17:14:27.763178-08:00,read,key_715,1.48,false,false,0
2025-11-27T17:14:27.773659-08:00,read,key_738,1.28,false,false,0
2025-11-27T17:14:27.784791-08:00,read,key_29,4.24,false,false,0
2025-11-27T17:14:27.795721-08:00,read,key_451,1.92,false,false,0
2025-11-27T17:14:27.806172-08:00,read,key_298,1.81,false,false,0
2025-11-27T17:14:27.8173-08:00,read,key_727,1.57,false,false,0
2025-11-27T17:14:27.829383-08:00,read,key_381,1.37,false,false,0
2025-11-27T17:14:27.840477-08:00,read,key_445,1.67,false,false,0
2025-11-27T17:14:27.851611-08:00,read,key_780,3.62,true,false,135
2025-11-27T17:14:27.86239-08:00,read,key_169,1.81,false,false,0
2025-11-27T17:14:27.873553-08:00,read,key_818,1.65,true,false,89
2025-11-27T17:14:27.883941-08:00,read,key_3,1.76,false,false,0
2025-11-27T17:14:27.895057-08:00,read,key_637,2.29,false,false,0
2025-11-27T17:14:27.906163-08:00,read,key_492,1.60,true,false,103
2025-11-27T17:14:27.917377-08:00,read,key_299,1.46,true,false,33
2025-11-27T17:14:27.92824-08:00,read,key_640,2.30,false,false,0
2025-11-27T17:14:27.939309-08:00,read,key_417,1.76,false,false,0
2025-11-27T17:14:27.950558-08:00,read,key_696,1.77,true,false,24
2025-11-27T17:14:27.962416-08:00,read,key_0,1.53,true,false,61
2025-11-27T17:14:27.973069-08:00,read,key_540,1.48,true,false,114
2025-11-27T17:14:27.665493-08:00,write,key_437,309.98,true,false,143
2025-11-27T17:14:27.984138-08:00,read,key_37,1.82,false,false,0
2025-11-27T17:14:27.995246-08:00,read,key_892,2.70,false,false,0
2025-11-27T17:14:28.005875-08:00,read,key_634,1.92,false,false,0
2025-11-27T17:14:28.017071-08:00,read,key_346,1.79,false,false,0
2025-11-27T17:14:27.720119-08:00,write,key_43,308.11,true,false,144
2025-11-27T17:14:28.028073-08:00,read,key_340,2.50,false,false,0
2025-11-27T17:14:28.038834-08:00,read,key_625,1.42,false,false,0
2025-11-27T17:14:28.049975-08:00,read,key_85,1.57,false,false,0
2025-11-27T17:14:28.061108-08:00,read,key_417,2.59,false,false,0
2025-11-27T17:14:28.071976-08:00,read,key_447,1.48,false,false,0
2025-11-27T17:14:28.082202-08:00,read,key_631,1.58,false,false,0
2025-11-27T17:14:28.103722-08:00,read,key_757,2.26,false,false,0
2025-11-27T17:14:28.114805-08:00,read,key_502,1.56,false,false,0
2025-11-27T17:14:28.125896-08:00,read,key_309,1.44,true,false,139
2025-11-27T17:14:28.137349-08:00,read,key_53,2.12,false,false,0
2025-11-27T17:14:28.148516-08:00,read,key_354,1.52,false,false,0
2025-11-27T17:14:28.158911-08:00,read,key_536,1.82,false,false,0
2025-11-27T17:14:28.181292-08:00,read,key_932,1.63,false,false,0
2025-11-27T17:14:28.192438-08:00,read,key_365,1.77,false,false,0
2025-11-27T17:14:28.204145-08:00,read,key_445,2.10,false,false,0
2025-11-27T17:14:28.215277-08:00,read,key_515,1.30,false,false,0
2025-11-27T17:14:28.225442-08:00,read,key_975,1.65,false,false,0
2025-11-27T17:14:28.236605-08:00,read,key_361,3.08,false,false,0
2025-11-27T17:14:28.247159-08:00,read,key_761,1.56,true,false,68
2025-11-27T17:14:28.258296-08:00,read,key_222,1.59,false,false,0
2025-11-27T17:14:28.28174-08:00,read,key_516,1.95,false,false,0
2025-11-27T17:14:28.2923-08:00,read,key_433,1.46,true,false,56
2025-11-27T17:14:28.30307-08:00,read,key_443,2.04,false,false,0
2025-11-27T17:14:28.314193-08:00,read,key_343,1.34,false,false,0
2025-11-27T17:14:28.32533-08:00,read,key_253,2.10,false,false,0
2025-11-27T17:14:28.335812-08:00,read,key_976,2.47,false,false,0
2025-11-27T17:14:28.346942-08:00,read,key_677,1.64,true,false,121
2025-11-27T17:14:28.357479-08:00,read,key_742,1.50,false,false,0
2025-11-27T17:14:28.368616-08:00,read,key_69,4.56,false,false,0
2025-11-27T17:14:28.379649-08:00,read,key_387,1.55,false,false,0
2025-11-27T17:14:28.390752-08:00,read,key_633,1.61,false,false,0
2025-11-27T17:14:28.093376-08:00,write,key_292,309.91,true,false,145
2025-11-27T17:14:28.401901-08:00,read,key_623,3.33,false,false,0
2025-11-27T17:14:28.412932-08:00,read,key_5,1.93,true,false,139
2025-11-27T17:14:28.423853-08:00,read,key_273,1.60,true,false,93
2025-11-27T17:14:28.434947-08:00,read,key_357,1.88,false,false,0
2025-11-27T17:14:28.456712-08:00,read,key_699,1.73,false,false,0
2025-11-27T17:14:28.467269-08:00,read,key_748,2.08,false,false,0
2025-11-27T17:14:28.170172-08:00,write,key_225,304.49,true,false,145
2025-11-27T17:14:28.477701-08:00,read,key_949,2.81,false,false,0
2025-11-27T17:14:28.488383-08:00,read,key_791,1.85,true,false,139
2025-11-27T17:14:28.499533-08:00,read,key_310,1.40,false,false,0
2025-11-27T17:14:28.510122-08:00,read,key_471,2.11,true,false,131
2025-11-27T17:14:28.543762-08:00,read,key_670,3.06,false,false,0
2025-11-27T17:14:28.554766-08:00,read,key_755,3.68,false,false,0
2025-11-27T17:14:28.565645-08:00,read,key_91,1.19,false,false,0
2025-11-27T17:14:28.270755-08:00,write,key_555,305.97,true,false,146
2025-11-27T17:14:28.576503-08:00,read,key_616,1.21,false,false,0
2025-11-27T17:14:28.587651-08:00,read,key_357,2.02,false,false,0
2025-11-27T17:14:28.598795-08:00,read,key_206,1.62,false,false,0
2025-11-27T17:14:28.609973-08:00,read,key_694,1.63,false,false,0
2025-11-27T17:14:28.620439-08:00,read,key_282,2.83,false,false,0
2025-11-27T17:14:28.63148-08:00,read,key_96,1.53,true,false,111
2025-11-27T17:14:28.642186-08:00,read,key_320,1.61,false,false,0
2025-11-27T17:14:28.653703-08:00,read,key_858,2.10,true,false,126
2025-11-27T17:14:28.664782-08:00,read,key_973,1.86,false,false,0
2025-11-27T17:14:28.687178-08:00,read,key_118,2.24,false,false,0
2025-11-27T17:14:28.709463-08:00,read,key_855,1.87,true,false,140
2025-11-27T17:14:28.720233-08:00,read,key_256,2.45,false,false,0
2025-11-27T17:14:28.731307-08:00,read,key_890,1.58,false,false,0
2025-11-27T17:14:28.742441-08:00,read,key_149,1.30,false,false,0
2025-11-27T17:14:28.44559-08:00,write,key_433,306.47,true,false,146
2025-11-27T17:14:28.752618-08:00,read,key_22,1.68,false,false,0
2025-11-27T17:14:28.763441-08:00,read,key_748,1.35,false,false,0
2025-11-27T17:14:28.774611-08:00,read,key_708,1.83,false,false,0
2025-11-27T17:14:28.797644-08:00,read,key_754,1.86,false,false,0
2025-11-27T17:14:28.521397-08:00,write,key_384,303.91,true,false,147
2025-11-27T17:14:28.830221-08:00,read,key_998,3.31,false,false,0
2025-11-27T17:14:28.532571-08:00,write,key_107,308.59,true,false,147
2025-11-27T17:14:28.841114-08:00,read,key_895,0.96,false,false,0
2025-11-27T17:14:28.852675-08:00,read,key_997,2.78,false,false,0
2025-11-27T17:14:28.873888-08:00,read,key_562,1.73,false,false,0
2025-11-27T17:14:28.885068-08:00,read,key_325,1.95,false,false,0
2025-11-27T17:14:28.89621-08:00,read,key_354,1.62,false,false,0
2025-11-27T17:14:28.907247-08:00,read,key_636,1.34,true,false,73
2025-11-27T17:14:28.918425-08:00,read,key_434,1.93,false,false,0
2025-11-27T17:14:28.929549-08:00,read,key_521,3.95,false,false,0
2025-11-27T17:14:28.940016-08:00,read,key_14,1.79,true,false,78
2025-11-27T17:14:28.951191-08:00,read,key_323,1.63,false,false,0
2025-11-27T17:14:28.963539-08:00,read,key_873,2.08,false,false,0
2025-11-27T17:14:28.973901-08:00,read,key_105,1.55,false,false,0
2025-11-27T17:14:28.675507-08:00,write,key_230,304.90,true,false,148
2025-11-27T17:14:28.984473-08:00,read,key_720,2.12,false,false,0
2025-11-27T17:14:28.995844-08:00,read,key_814,2.16,false,false,0
2025-11-27T17:14:28.698299-08:00,write,key_419,307.88,true,false,147
2025-11-27T17:14:29.006212-08:00,read,key_931,1.07,false,false,0
2025-11-27T17:14:29.016602-08:00,read,key_633,1.35,false,false,0
2025-11-27T17:14:29.027461-08:00,read,key_836,3.73,true,false,99
2025-11-27T17:14:29.038333-08:00,read,key_18,2.15,false,false,0
2025-11-27T17:14:29.049429-08:00,read,key_344,1.48,true,false,29
2025-11-27T17:14:29.060642-08:00,read,key_380,2.55,true,false,94
2025-11-27T17:14:29.071813-08:00,read,key_730,1.67,true,false,16
2025-11-27T17:14:29.082919-08:00,read,key_604,1.54,false,false,0
2025-11-27T17:14:28.785971-08:00,write,key_245,311.44,true,false,148
2025-11-27T17:14:29.094141-08:00,read,key_459,3.56,false,false,0
2025-11-27T17:14:29.104917-08:00,read,key_981,1.53,true,false,1
2025-11-27T17:14:29.115481-08:00,read,key_220,1.63,false,false,0
2025-11-27T17:14:28.808837-08:00,write,key_283,308.96,true,false,149
2025-11-27T17:14:28.819538-08:00,write,key_467,305.46,true,false,149
2025-11-27T17:14:29.125676-08:00,read,key_410,0.93,false,false,0
2025-11-27T17:14:29.136885-08:00,read,key_946,2.28,false,false,0
2025-11-27T17:14:29.148022-08:00,read,key_695,1.57,false,false,0
2025-11-27T17:14:29.159067-08:00,read,key_599,1.40,false,false,0
2025-11-27T17:14:28.863544-08:00,write,key_562,307.78,true,false,150
2025-11-27T17:14:29.170237-08:00,read,key_892,2.37,false,false,0
2025-11-27T17:14:29.181358-08:00,read,key_674,1.70,true,false,142
2025-11-27T17:14:29.19254-08:00,read,key_64,1.52,false,false,0
2025-11-27T17:14:29.203684-08:00,read,key_939,2.46,false,false,0
2025-11-27T17:14:29.225845-08:00,read,key_872,1.27,false,false,0
2025-11-27T17:14:29.236822-08:00,read,key_245,3.15,true,false,148
2025-11-27T17:14:29.247893-08:00,read,key_251,1.60,false,false,0
2025-11-27T17:14:29.258867-08:00,read,key_529,1.26,false,false,0
2025-11-27T17:14:29.269504-08:00,read,key_569,2.79,false,false,0
2025-11-27T17:14:29.280557-08:00,read,key_517,1.53,false,false,0
2025-11-27T17:14:29.291694-08:00,read,key_988,1.99,true,false,106
2025-11-27T17:14:29.302495-08:00,read,key_185,2.85,false,false,0
2025-11-27T17:14:29.313614-08:00,read,key_911,1.71,true,false,47
2025-11-27T17:14:29.323826-08:00,read,key_680,1.51,true,false,133
2025-11-27T17:14:29.33498-08:00,read,key_81,3.14,false,false,0
2025-11-27T17:14:29.34643-08:00,read,key_302,2.05,true,false,89
2025-11-27T17:14:29.357154-08:00,read,key_500,1.54,false,false,0
2025-11-27T17:14:29.367475-08:00,read,key_786,1.63,false,false,0
2025-11-27T17:14:29.378499-08:00,read,key_654,2.38,false,false,0
2025-11-27T17:14:29.389618-08:00,read,key_194,1.71,false,false,0
2025-11-27T17:14:29.400174-08:00,read,key_43,1.77,true,false,144
2025-11-27T17:14:29.422137-08:00,read,key_603,1.92,false,false,0
2025-11-27T17:14:29.433274-08:00,read,key_560,1.82,false,false,0
2025-11-27T17:14:29.444217-08:00,read,key_57,2.81,false,false,0
2025-11-27T17:14:29.454953-08:00,read,key_389,1.47,false,false,0
2025-11-27T17:14:29.465482-08:00,read,key_192,1.49,false,false,0
2025-11-27T17:14:29.476197-08:00,read,key_144,2.33,false,false,0
2025-11-27T17:14:29.487312-08:00,read,key_141,3.11,true,false,76
2025-11-27T17:14:29.508552-08:00,read,key_731,1.82,false,false,0
2025-11-27T17:14:29.214643-08:00,write,key_774,307.37,true,false,151
2025-11-27T17:14:29.519221-08:00,read,key_983,3.14,false,false,0
2025-11-27T17:14:29.530164-08:00,read,key_441,1.34,false,false,0
2025-11-27T17:14:29.541288-08:00,read,key_715,1.33,false,false,0
2025-11-27T17:14:29.552512-08:00,read,key_419,2.89,true,false,147
2025-11-27T17:14:29.56305-08:00,read,key_283,1.63,true,false,149
2025-11-27T17:14:29.574159-08:00,read,key_807,1.46,false,false,0
2025-11-27T17:14:29.585246-08:00,read,key_101,1.61,true,false,116
2025-11-27T17:14:29.596319-08:00,read,key_658,1.45,false,false,0
2025-11-27T17:14:29.607421-08:00,read,key_11,1.14,false,false,0
2025-11-27T17:14:29.618484-08:00,read,key_975,1.48,false,false,0
2025-11-27T17:14:29.629715-08:00,read,key_164,1.60,false,false,0
2025-11-27T17:14:29.64086-08:00,read,key_100,1.58,false,false,0
2025-11-27T17:14:29.651128-08:00,read,key_872,1.26,false,false,0
2025-11-27T17:14:29.661791-08:00,read,key_746,2.44,true,false,15
2025-11-27T17:14:29.672882-08:00,read,key_142,1.94,false,false,0
2025-11-27T17:14:29.683934-08:00,read,key_671,1.65,false,false,0
2025-11-27T17:14:29.69422-08:00,read,key_452,2.69,false,false,0
2025-11-27T17:14:29.705424-08:00,read,key_535,1.56,false,false,0
2025-11-27T17:14:29.716605-08:00,read,key_124,1.93,false,false,0
2025-11-27T17:14:29.411382-08:00,write,key_34,307.17,true,false,151
2025-11-27T17:14:29.727011-08:00,read,key_144,2.73,false,false,0
2025-11-27T17:14:29.737849-08:00,read,key_63,1.65,true,false,59
2025-11-27T17:14:29.748674-08:00,read,key_804,1.57,true,false,114
2025-11-27T17:14:29.759888-08:00,read,key_61,2.27,true,false,40
2025-11-27T17:14:29.770229-08:00,read,key_189,2.51,false,false,0
2025-11-27T17:14:29.781294-08:00,read,key_164,1.48,false,false,0
2025-11-27T17:14:29.792208-08:00,read,key_90,1.62,false,false,0
2025-11-27T17:14:29.802611-08:00,read,key_325,3.06,false,false,0
2025-11-27T17:14:29.498328-08:00,write,key_541,308.13,true,false,151
2025-11-27T17:14:29.813485-08:00,read,key_978,1.38,false,false,0
2025-11-27T17:14:29.824631-08:00,read,key_684,1.90,true,false,70
2025-11-27T17:14:29.835803-08:00,read,key_83,2.48,false,false,0
2025-11-27T17:14:29.84668-08:00,read,key_291,2.40,false,false,0
2025-11-27T17:14:29.857744-08:00,read,key_232,1.44,false,false,0
2025-11-27T17:14:29.86813-08:00,read,key_519,2.49,false,false,0
2025-11-27T17:14:29.8788-08:00,read,key_564,2.00,true,false,125
2025-11-27T17:14:29.889166-08:00,read,key_247,1.38,false,false,0
2025-11-27T17:14:29.900318-08:00,read,key_282,1.79,false,false,0
2025-11-27T17:14:29.911179-08:00,read,key_109,2.56,true,false,132
2025-11-27T17:14:29.922244-08:00,read,key_716,1.53,false,false,0
2025-11-27T17:14:29.933364-08:00,read,key_78,1.73,false,false,0
2025-11-27T17:14:29.944565-08:00,read,key_491,3.13,true,false,112
2025-11-27T17:14:29.955111-08:00,read,key_894,1.66,false,false,0
2025-11-27T17:14:29.966237-08:00,read,key_538,1.51,false,false,0
2025-11-27T17:14:29.977414-08:00,read,key_836,2.39,true,false,99
2025-11-27T17:14:29.988526-08:00,read,key_459,1.61,false,false,0
2025-11-27T17:14:29.99895-08:00,read,key_653,1.51,false,false,0
2025-11-27T17:14:30.010098-08:00,read,key_45,2.73,true,false,104
2025-11-27T17:14:30.020889-08:00,read,key_484,2.42,false,false,0
2025-11-27T17:14:30.031949-08:00,read,key_347,1.44,false,false,0
2025-11-27T17:14:30.042245-08:00,read,key_677,2.38,true,false,121
2025-11-27T17:14:30.052478-08:00,read,key_255,2.73,false,false,0
2025-11-27T17:14:30.063643-08:00,read,key_614,1.46,false,false,0
2025-11-27T17:14:30.074784-08:00,read,key_478,1.57,true,false,68
2025-11-27T17:14:30.085382-08:00,read,key_455,3.07,false,false,0
2025-11-27T17:14:30.096022-08:00,read,key_252,1.59,true,false,50
2025-11-27T17:14:30.1072-08:00,read,key_734,1.57,false,false,0
2025-11-27T17:14:30.118351-08:00,read,key_320,2.96,false,false,0
2025-11-27T17:14:30.129821-08:00,read,key_231,1.91,false,false,0
2025-11-27T17:14:30.141006-08:00,read,key_209,1.75,false,false,0
2025-11-27T17:14:30.152105-08:00,read,key_79,2.78,false,false,0
2025-11-27T17:14:30.163211-08:00,read,key_819,1.76,false,false,0
2025-11-27T17:14:30.174331-08:00,read,key_0,1.53,true,false,61
2025-11-27T17:14:30.185525-08:00,read,key_312,2.83,false,false,0
2025-11-27T17:14:30.196611-08:00,read,key_754,1.81,false,false,0
2025-11-27T17:14:30.207725-08:00,read,key_694,1.66,false,false,0
2025-11-27T17:14:30.217918-08:00,read,key_908,2.15,true,false,74
2025-11-27T17:14:30.228852-08:00,read,key_1,1.51,true,false,39
2025-11-27T17:14:30.238994-08:00,read,key_411,1.63,false,false,0
2025-11-27T17:14:30.250136-08:00,read,key_144,1.66,false,false,0
2025-11-27T17:14:30.260908-08:00,read,key_734,2.56,false,false,0
2025-11-27T17:14:30.271726-08:00,read,key_677,1.87,true,false,121
2025-11-27T17:14:30.282831-08:00,read,key_194,1.68,false,false,0
2025-11-27T17:14:30.29408-08:00,read,key_870,2.43,false,false,0
2025-11-27T17:14:30.304845-08:00,read,key_439,1.71,false,false,0
2025-11-27T17:14:30.326714-08:00,read,key_810,2.11,true,false,128
2025-11-27T17:14:30.337044-08:00,read,key_982,2.90,true,false,5
2025-11-27T17:14:30.348037-08:00,read,key_5,1.62,true,false,139
2025-11-27T17:14:30.358429-08:00,read,key_804,1.49,true,false,114
2025-11-27T17:14:30.369018-08:00,read,key_477,2.49,true,false,87
2025-11-27T17:14:30.380105-08:00,read,key_812,1.41,false,false,0
2025-11-27T17:14:30.390544-08:00,read,key_639,1.37,false,false,0
2025-11-27T17:14:30.401754-08:00,read,key_603,1.85,false,false,0
2025-11-27T17:14:30.412949-08:00,read,key_566,1.43,true,false,127
2025-11-27T17:14:30.423847-08:00,read,key_675,3.71,false,false,0
2025-11-27T17:14:30.446261-08:00,read,key_165,1.99,false,false,0
2025-11-27T17:14:30.456584-08:00,read,key_983,1.55,false,false,0
2025-11-27T17:14:30.467486-08:00,read,key_271,1.89,false,false,0
2025-11-27T17:14:30.477889-08:00,read,key_898,2.52,true,false,116
2025-11-27T17:14:30.488748-08:00,read,key_758,1.59,false,false,0
2025-11-27T17:14:30.49988-08:00,read,key_195,1.73,false,false,0
2025-11-27T17:14:30.511152-08:00,read,key_659,2.68,false,false,0
2025-11-27T17:14:30.521668-08:00,read,key_784,1.99,true,false,135
2025-11-27T17:14:30.532163-08:00,read,key_743,1.62,true,false,100
2025-11-27T17:14:30.543307-08:00,read,key_606,1.40,false,false,0
2025-11-27T17:14:30.555274-08:00,read,key_160,2.38,false,false,0
2025-11-27T17:14:30.565531-08:00,read,key_300,2.09,false,false,0
2025-11-27T17:14:30.576696-08:00,read,key_257,1.97,false,false,0
2025-11-27T17:14:30.587549-08:00,read,key_100,2.35,false,false,0
2025-11-27T17:14:30.598642-08:00,read,key_427,1.63,false,false,0
2025-11-27T17:14:30.609809-08:00,read,key_944,2.17,false,false,0
2025-11-27T17:14:30.620645-08:00,read,key_792,1.77,true,false,70
2025-11-27T17:14:30.315515-08:00,write,key_528,313.45,true,false,152
2025-11-27T17:14:30.631029-08:00,read,key_564,1.34,true,false,125
2025-11-27T17:14:30.642281-08:00,read,key_475,1.73,false,false,0
2025-11-27T17:14:30.654754-08:00,read,key_515,2.27,false,false,0
2025-11-27T17:14:30.665737-08:00,read,key_433,1.87,true,false,146
2025-11-27T17:14:30.676919-08:00,read,key_391,3.31,false,false,0
2025-11-27T17:14:30.688219-08:00,read,key_565,2.03,false,false,0
2025-11-27T17:14:30.699354-08:00,read,key_23,1.82,false,false,0
2025-11-27T17:14:30.709849-08:00,read,key_564,1.95,true,false,125
2025-11-27T17:14:30.720677-08:00,read,key_757,2.54,false,false,0
2025-11-27T17:14:30.731664-08:00,read,key_310,1.93,false,false,0
2025-11-27T17:14:30.7428-08:00,read,key_267,1.86,false,false,0
2025-11-27T17:14:30.435051-08:00,write,key_360,311.53,true,false,153
2025-11-27T17:14:30.753715-08:00,read,key_476,2.13,true,false,123
2025-11-27T17:14:30.764837-08:00,read,key_834,1.50,false,false,0
2025-11-27T17:14:30.775994-08:00,read,key_651,1.93,false,false,0
2025-11-27T17:14:30.798618-08:00,read,key_383,1.96,true,false,129
2025-11-27T17:14:30.809231-08:00,read,key_302,1.73,true,false,89
2025-11-27T17:14:30.820262-08:00,read,key_10,2.56,false,false,0
2025-11-27T17:14:30.831301-08:00,read,key_563,2.22,true,false,129
2025-11-27T17:14:30.842423-08:00,read,key_854,1.58,false,false,0
2025-11-27T17:14:30.853587-08:00,read,key_347,3.05,false,false,0
2025-11-27T17:14:30.864594-08:00,read,key_980,1.58,true,false,83
2025-11-27T17:14:30.876159-08:00,read,key_363,3.02,false,false,0
2025-11-27T17:14:30.886893-08:00,read,key_658,2.49,false,false,0
2025-11-27T17:14:30.897934-08:00,read,key_733,1.34,false,false,0
2025-11-27T17:14:30.908818-08:00,read,key_996,1.69,false,false,0
2025-11-27T17:14:30.919512-08:00,read,key_931,2.80,false,false,0
2025-11-27T17:14:30.930461-08:00,read,key_688,2.18,true,false,36
2025-11-27T17:14:30.941254-08:00,read,key_72,1.76,true,false,37
2025-11-27T17:14:30.951987-08:00,read,key_478,3.06,true,false,68
2025-11-27T17:14:30.962985-08:00,read,key_59,1.47,false,false,0
2025-11-27T17:14:30.974133-08:00,read,key_742,1.77,false,false,0
2025-11-27T17:14:30.985239-08:00,read,key_831,1.76,false,false,0
2025-11-27T17:14:30.9964-08:00,read,key_658,1.96,false,false,0
2025-11-27T17:14:31.007493-08:00,read,key_160,1.57,false,false,0
2025-11-27T17:14:31.018277-08:00,read,key_168,2.01,false,false,0
2025-11-27T17:14:31.029457-08:00,read,key_126,1.85,false,false,0
2025-11-27T17:14:31.040497-08:00,read,key_744,1.59,false,false,0
2025-11-27T17:14:31.051636-08:00,read,key_434,2.44,false,false,0
2025-11-27T17:14:31.062822-08:00,read,key_76,1.86,true,false,99
2025-11-27T17:14:31.085099-08:00,read,key_12,3.76,true,false,75
2025-11-27T17:14:30.787437-08:00,write,key_163,305.60,true,false,154
2025-11-27T17:14:31.095494-08:00,read,key_559,2.19,false,false,0
2025-11-27T17:14:31.106645-08:00,read,key_630,1.73,true,false,128
2025-11-27T17:14:31.11759-08:00,read,key_751,1.86,false,false,0
2025-11-27T17:14:31.128927-08:00,read,key_324,2.20,false,false,0
2025-11-27T17:14:31.140117-08:00,read,key_81,1.77,false,false,0
2025-11-27T17:14:31.151333-08:00,read,key_530,1.83,true,false,45
2025-11-27T17:14:31.162295-08:00,read,key_103,2.39,false,false,0
2025-11-27T17:14:31.173382-08:00,read,key_49,1.61,true,false,120
2025-11-27T17:14:31.195534-08:00,read,key_293,2.71,false,false,0
2025-11-27T17:14:31.206598-08:00,read,key_657,1.51,false,false,0
2025-11-27T17:14:31.217055-08:00,read,key_541,1.94,true,false,151
2025-11-27T17:14:31.228238-08:00,read,key_316,2.33,true,false,135
2025-11-27T17:14:31.239072-08:00,read,key_398,1.47,false,false,0
2025-11-27T17:14:31.250163-08:00,read,key_519,1.89,false,false,0
2025-11-27T17:14:31.26132-08:00,read,key_346,2.88,false,false,0
2025-11-27T17:14:31.2722-08:00,read,key_359,1.59,false,false,0
2025-11-27T17:14:31.282353-08:00,read,key_274,1.55,true,false,57
2025-11-27T17:14:31.293503-08:00,read,key_318,1.37,false,false,0
2025-11-27T17:14:31.304779-08:00,read,key_317,2.00,false,false,0
2025-11-27T17:14:31.315724-08:00,read,key_808,1.76,false,false,0
2025-11-27T17:14:31.326888-08:00,read,key_549,1.91,false,false,0
2025-11-27T17:14:31.338207-08:00,read,key_180,1.95,false,false,0
2025-11-27T17:14:31.348647-08:00,read,key_272,1.73,false,false,0
2025-11-27T17:14:31.358982-08:00,read,key_848,1.61,true,false,71
2025-11-27T17:14:31.370396-08:00,read,key_58,2.31,true,false,41
2025-11-27T17:14:31.073919-08:00,write,key_277,307.26,true,false,154
2025-11-27T17:14:31.381053-08:00,read,key_525,1.02,false,false,0
2025-11-27T17:14:31.392233-08:00,read,key_579,1.61,false,false,0
2025-11-27T17:14:31.413915-08:00,read,key_5,1.70,true,false,139
2025-11-27T17:14:31.425065-08:00,read,key_389,4.27,false,false,0
2025-11-27T17:14:31.435799-08:00,read,key_20,2.35,false,false,0
2025-11-27T17:14:31.446849-08:00,read,key_834,1.45,false,false,0
2025-11-27T17:14:31.458011-08:00,read,key_675,1.69,false,false,0
2025-11-27T17:14:31.469282-08:00,read,key_64,2.26,false,false,0
2025-11-27T17:14:31.480374-08:00,read,key_798,1.44,false,false,0
2025-11-27T17:14:31.1845-08:00,write,key_276,306.61,true,false,155
2025-11-27T17:14:31.490756-08:00,read,key_661,0.80,false,false,0
2025-11-27T17:14:31.513139-08:00,read,key_464,1.72,false,false,0
2025-11-27T17:14:31.535346-08:00,read,key_18,2.54,false,false,0
2025-11-27T17:14:31.545814-08:00,read,key_166,1.87,false,false,0
2025-11-27T17:14:31.556952-08:00,read,key_631,1.52,false,false,0
2025-11-27T17:14:31.579215-08:00,read,key_129,2.13,false,false,0
2025-11-27T17:14:31.590373-08:00,read,key_474,1.65,true,false,141
2025-11-27T17:14:31.601521-08:00,read,key_638,3.53,false,false,0
2025-11-27T17:14:31.612876-08:00,read,key_937,1.64,false,false,0
2025-11-27T17:14:31.634578-08:00,read,key_857,4.44,true,false,113
2025-11-27T17:14:31.6456-08:00,read,key_227,1.48,false,false,0
2025-11-27T17:14:31.656803-08:00,read,key_517,1.58,false,false,0
2025-11-27T17:14:31.66793-08:00,read,key_626,1.80,false,false,0
2025-11-27T17:14:31.679125-08:00,read,key_564,2.67,true,false,125
2025-11-27T17:14:31.689431-08:00,read,key_549,1.71,false,false,0
2025-11-27T17:14:31.700569-08:00,read,key_986,2.10,true,false,127
2025-11-27T17:14:31.403304-08:00,write,key_547,308.05,true,false,156
2025-11-27T17:14:31.711038-08:00,read,key_427,2.38,false,false,0
2025-11-27T17:14:31.722116-08:00,read,key_570,1.55,true,false,120
2025-11-27T17:14:31.733277-08:00,read,key_619,1.30,false,false,0
2025-11-27T17:14:31.744152-08:00,read,key_345,2.18,false,false,0
2025-11-27T17:14:31.754864-08:00,read,key_661,1.88,false,false,0
2025-11-27T17:14:31.766014-08:00,read,key_57,1.64,false,false,0
2025-11-27T17:14:31.777152-08:00,read,key_472,2.93,true,false,112
2025-11-27T17:14:31.78826-08:00,read,key_641,1.66,false,false,0
2025-11-27T17:14:31.799418-08:00,read,key_479,1.74,true,false,51
2025-11-27T17:14:31.501929-08:00,write,key_899,306.25,true,false,156
2025-11-27T17:14:31.809679-08:00,read,key_221,1.57,false,false,0
2025-11-27T17:14:31.820155-08:00,read,key_512,2.72,false,false,0
2025-11-27T17:14:31.830957-08:00,read,key_11,1.66,false,false,0
2025-11-27T17:14:31.524163-08:00,write,key_446,308.98,true,false,156
2025-11-27T17:14:31.842111-08:00,read,key_746,1.62,true,false,15
2025-11-27T17:14:31.85243-08:00,read,key_784,3.18,true,false,135
2025-11-27T17:14:31.863425-08:00,read,key_517,2.45,false,false,0
2025-11-27T17:14:31.567684-08:00,write,key_88,306.74,true,false,157
2025-11-27T17:14:31.884981-08:00,read,key_85,1.71,false,false,0
2025-11-27T17:14:31.896153-08:00,read,key_526,1.78,false,false,0
2025-11-27T17:14:31.907299-08:00,read,key_509,1.69,false,false,0
2025-11-27T17:14:31.918402-08:00,read,key_883,1.72,false,false,0
2025-11-27T17:14:31.929592-08:00,read,key_551,1.73,false,false,0
2025-11-27T17:14:31.624061-08:00,write,key_808,308.77,true,false,157
2025-11-27T17:14:31.940482-08:00,read,key_58,1.46,true,false,41
2025-11-27T17:14:31.951665-08:00,read,key_689,1.63,false,false,0
2025-11-27T17:14:31.962688-08:00,read,key_601,1.33,false,false,0
2025-11-27T17:14:31.973838-08:00,read,key_691,1.59,false,false,0
2025-11-27T17:14:31.984244-08:00,read,key_992,1.21,false,false,0
2025-11-27T17:14:31.995582-08:00,read,key_252,1.53,true,false,50
2025-11-27T17:14:32.006731-08:00,read,key_777,1.62,false,false,0
2025-11-27T17:14:32.02899-08:00,read,key_106,1.58,true,false,101
2025-11-27T17:14:32.039931-08:00,read,key_751,1.49,false,false,0
2025-11-27T17:14:32.050132-08:00,read,key_631,1.44,false,false,0
2025-11-27T17:14:32.060888-08:00,read,key_317,2.67,false,false,0
2025-11-27T17:14:32.071596-08:00,read,key_444,1.50,false,false,0
2025-11-27T17:14:32.09356-08:00,read,key_183,2.73,true,false,34
2025-11-27T17:14:32.104668-08:00,read,key_734,1.73,false,false,0
2025-11-27T17:14:32.137128-08:00,read,key_754,2.29,false,false,0
2025-11-27T17:14:32.148274-08:00,read,key_499,1.58,false,false,0
2025-11-27T17:14:32.159405-08:00,read,key_47,4.68,true,false,115
2025-11-27T17:14:32.170547-08:00,read,key_388,1.75,false,false,0
2025-11-27T17:14:31.873835-08:00,write,key_471,307.12,true,false,158
2025-11-27T17:14:32.180918-08:00,read,key_410,0.85,false,false,0
2025-11-27T17:14:32.191971-08:00,read,key_89,1.50,true,false,86
2025-11-27T17:14:32.203113-08:00,read,key_693,2.78,false,false,0
2025-11-27T17:14:32.214174-08:00,read,key_318,1.56,false,false,0
2025-11-27T17:14:32.235839-08:00,read,key_561,3.07,false,false,0
2025-11-27T17:14:32.246959-08:00,read,key_193,1.72,true,false,7
2025-11-27T17:14:32.268264-08:00,read,key_432,2.53,false,false,0
2025-11-27T17:14:32.290466-08:00,read,key_701,1.60,false,false,0
2025-11-27T17:14:32.301589-08:00,read,key_233,2.03,false,false,0
2025-11-27T17:14:32.312866-08:00,read,key_324,5.23,false,false,0
2025-11-27T17:14:32.323575-08:00,read,key_693,1.32,false,false,0
2025-11-27T17:14:32.017678-08:00,write,key_55,308.24,true,false,158
2025-11-27T17:14:32.333854-08:00,read,key_895,1.46,false,false,0
2025-11-27T17:14:32.344733-08:00,read,key_452,2.91,false,false,0
2025-11-27T17:14:32.355759-08:00,read,key_574,2.02,true,false,122
2025-11-27T17:14:32.366935-08:00,read,key_896,1.89,false,false,0
2025-11-27T17:14:32.378086-08:00,read,key_512,2.46,false,false,0
2025-11-27T17:14:32.082406-08:00,write,key_920,306.68,true,false,159
2025-11-27T17:14:32.388984-08:00,read,key_850,1.56,false,false,0
2025-11-27T17:14:32.400122-08:00,read,key_718,1.78,false,false,0
2025-11-27T17:14:32.411436-08:00,read,key_242,2.06,false,false,0
2025-11-27T17:14:32.115688-08:00,write,key_508,307.15,true,false,158
2025-11-27T17:14:32.421746-08:00,read,key_86,1.50,true,false,37
2025-11-27T17:14:32.126849-08:00,write,key_872,305.33,true,false,159
2025-11-27T17:14:32.431906-08:00,read,key_366,1.08,false,false,0
2025-11-27T17:14:32.442226-08:00,read,key_910,1.44,false,false,0
2025-11-27T17:14:32.453541-08:00,read,key_810,2.80,true,false,128
2025-11-27T17:14:32.464297-08:00,read,key_531,1.30,false,false,0
2025-11-27T17:14:32.475455-08:00,read,key_184,1.95,false,false,0
2025-11-27T17:14:32.486667-08:00,read,key_659,2.57,false,false,0
2025-11-27T17:14:32.508852-08:00,read,key_264,1.64,false,false,0
2025-11-27T17:14:32.520027-08:00,read,key_493,2.14,true,false,31
2025-11-27T17:14:32.224954-08:00,write,key_235,307.70,true,false,159
2025-11-27T17:14:32.531115-08:00,read,key_872,1.57,true,false,159
2025-11-27T17:14:32.542246-08:00,read,key_389,1.29,true,false,160
2025-11-27T17:14:32.55269-08:00,read,key_722,2.59,false,false,0
2025-11-27T17:14:32.563758-08:00,read,key_3,2.09,false,false,0
2025-11-27T17:14:32.257135-08:00,write,key_389,309.17,true,false,160
2025-11-27T17:14:32.574834-08:00,read,key_834,1.56,false,false,0
2025-11-27T17:14:32.279298-08:00,write,key_387,304.56,true,false,161
2025-11-27T17:14:32.58508-08:00,read,key_688,1.12,true,false,36
2025-11-27T17:14:32.596472-08:00,read,key_167,1.94,false,false,0
2025-11-27T17:14:32.607154-08:00,read,key_414,1.42,false,false,0
2025-11-27T17:14:32.618282-08:00,read,key_824,3.29,false,false,0
2025-11-27T17:14:32.628517-08:00,read,key_979,2.23,false,false,0
2025-11-27T17:14:32.639203-08:00,read,key_816,1.51,false,false,0
2025-11-27T17:14:32.660962-08:00,read,key_682,2.53,false,false,0
2025-11-27T17:14:32.672044-08:00,read,key_626,1.61,false,false,0
2025-11-27T17:14:32.694482-08:00,read,key_54,2.38,false,false,0
2025-11-27T17:14:32.705593-08:00,read,key_294,1.19,false,false,0
2025-11-27T17:14:32.716125-08:00,read,key_249,1.65,false,false,0
2025-11-27T17:14:32.727224-08:00,read,key_85,2.38,false,false,0
2025-11-27T17:14:32.738244-08:00,read,key_411,1.76,false,false,0
2025-11-27T17:14:32.74883-08:00,read,key_42,2.06,true,false,65
2025-11-27T17:14:32.759974-08:00,read,key_61,1.90,true,false,40
2025-11-27T17:14:32.782173-08:00,read,key_544,1.68,false,false,0
2025-11-27T17:14:32.793332-08:00,read,key_65,2.19,false,false,0
2025-11-27T17:14:32.804915-08:00,read,key_706,2.12,false,false,0
2025-11-27T17:14:32.49764-08:00,write,key_326,310.69,true,false,160
2025-11-27T17:14:32.815884-08:00,read,key_437,1.33,true,false,143
2025-11-27T17:14:32.827007-08:00,read,key_21,2.49,false,false,0
2025-11-27T17:14:32.849308-08:00,read,key_746,1.87,true,false,15
2025-11-27T17:14:32.860455-08:00,read,key_633,4.78,false,false,0
2025-11-27T17:14:32.871021-08:00,read,key_474,2.12,true,false,141
2025-11-27T17:14:32.882131-08:00,read,key_224,1.35,false,false,0
2025-11-27T17:14:32.893276-08:00,read,key_982,4.34,true,false,5
2025-11-27T17:14:32.903441-08:00,read,key_104,2.56,false,false,0
2025-11-27T17:14:32.914519-08:00,read,key_68,0.94,false,false,0
2025-11-27T17:14:32.924956-08:00,read,key_980,1.79,true,false,83
2025-11-27T17:14:32.936078-08:00,read,key_451,1.47,false,false,0
2025-11-27T17:14:32.649773-08:00,write,key_723,307.09,true,false,162
2025-11-27T17:14:32.957356-08:00,read,key_719,0.58,false,false,0
2025-11-27T17:14:32.683212-08:00,write,key_386,307.34,true,false,162
2025-11-27T17:14:33.001275-08:00,read,key_288,0.85,false,false,0
2025-11-27T17:14:33.012008-08:00,read,key_817,3.24,true,false,130
2025-11-27T17:14:33.022994-08:00,read,key_899,0.82,true,false,156
2025-11-27T17:14:33.033832-08:00,read,key_935,0.69,false,false,0
2025-11-27T17:14:33.045625-08:00,read,key_565,1.79,false,false,0
2025-11-27T17:14:33.056629-08:00,read,key_246,1.36,false,false,0
2025-11-27T17:14:33.067123-08:00,read,key_679,1.79,true,false,55
2025-11-27T17:14:32.771287-08:00,write,key_728,304.17,true,false,163
2025-11-27T17:14:33.077536-08:00,read,key_812,1.99,false,false,0
2025-11-27T17:14:33.088137-08:00,read,key_279,1.37,false,false,0
2025-11-27T17:14:33.098777-08:00,read,key_381,1.32,false,false,0
2025-11-27T17:14:33.109929-08:00,read,key_861,2.34,false,false,0
2025-11-27T17:14:33.121087-08:00,read,key_897,1.86,false,false,0
2025-11-27T17:14:33.132197-08:00,read,key_67,1.68,true,false,69
2025-11-27T17:14:33.142662-08:00,read,key_797,2.05,true,false,67
2025-11-27T17:14:32.838204-08:00,write,key_5,306.58,true,false,163
2025-11-27T17:14:33.153896-08:00,read,key_182,2.31,false,false,0
2025-11-27T17:14:33.16496-08:00,read,key_881,1.58,false,false,0
2025-11-27T17:14:33.176139-08:00,read,key_792,2.00,true,false,70
2025-11-27T17:14:33.198532-08:00,read,key_436,1.62,false,false,0
2025-11-27T17:14:33.20918-08:00,read,key_549,4.63,false,false,0
2025-11-27T17:14:33.21966-08:00,read,key_151,2.58,false,false,0
2025-11-27T17:14:33.230563-08:00,read,key_694,1.31,false,false,0
2025-11-27T17:14:33.241516-08:00,read,key_298,1.89,false,false,0
2025-11-27T17:14:32.947223-08:00,write,key_548,308.29,true,false,162
2025-11-27T17:14:33.252655-08:00,read,key_339,3.30,false,false,0
2025-11-27T17:14:33.263507-08:00,read,key_516,1.42,false,false,0
2025-11-27T17:14:32.968485-08:00,write,key_71,306.53,true,false,164
2025-11-27T17:14:33.273857-08:00,read,key_694,1.37,false,false,0
2025-11-27T17:14:32.978791-08:00,write,key_749,304.36,true,false,164
2025-11-27T17:14:33.284109-08:00,read,key_13,0.99,true,false,68
2025-11-27T17:14:32.990126-08:00,write,key_268,307.68,true,false,165
2025-11-27T17:14:33.295213-08:00,read,key_568,3.02,false,false,0
2025-11-27T17:14:33.306195-08:00,read,key_252,1.37,true,false,50
2025-11-27T17:14:33.317341-08:00,read,key_936,1.56,false,false,0
2025-11-27T17:14:33.327797-08:00,read,key_698,2.15,false,false,0
2025-11-27T17:14:33.338923-08:00,read,key_450,1.67,false,false,0
2025-11-27T17:14:33.350026-08:00,read,key_250,1.78,false,false,0
2025-11-27T17:14:33.361118-08:00,read,key_565,2.62,false,false,0
2025-11-27T17:14:33.372048-08:00,read,key_976,1.70,false,false,0
2025-11-27T17:14:33.383165-08:00,read,key_161,1.71,false,false,0
2025-11-27T17:14:33.394434-08:00,read,key_531,3.54,false,false,0
2025-11-27T17:14:33.405386-08:00,read,key_43,1.69,true,false,144
2025-11-27T17:14:33.415583-08:00,read,key_931,1.55,false,false,0
2025-11-27T17:14:33.426719-08:00,read,key_41,2.18,true,false,102
2025-11-27T17:14:33.437243-08:00,read,key_320,2.02,false,false,0
2025-11-27T17:14:33.448364-08:00,read,key_125,1.51,false,false,0
2025-11-27T17:14:33.458879-08:00,read,key_592,1.76,false,false,0
2025-11-27T17:14:33.470584-08:00,read,key_168,3.70,false,false,0
2025-11-27T17:14:33.481093-08:00,read,key_512,1.67,false,false,0
2025-11-27T17:14:33.491762-08:00,read,key_75,2.19,false,false,0
2025-11-27T17:14:33.187314-08:00,write,key_677,307.89,true,false,164
2025-11-27T17:14:33.502839-08:00,read,key_585,3.24,false,false,0
2025-11-27T17:14:33.513835-08:00,read,key_226,1.50,true,false,61
2025-11-27T17:14:33.524968-08:00,read,key_808,1.51,true,false,157
2025-11-27T17:14:33.536119-08:00,read,key_413,2.47,true,false,79
2025-11-27T17:14:33.547235-08:00,read,key_494,1.62,false,false,0
2025-11-27T17:14:33.569013-08:00,read,key_242,2.55,false,false,0
2025-11-27T17:14:33.5802-08:00,read,key_283,1.94,true,false,149
2025-11-27T17:14:33.591309-08:00,read,key_14,1.60,true,false,78
2025-11-27T17:14:33.624951-08:00,read,key_947,1.77,true,false,40
2025-11-27T17:14:33.636325-08:00,read,key_706,2.30,false,false,0
2025-11-27T17:14:33.647478-08:00,read,key_116,1.44,false,false,0
2025-11-27T17:14:33.658573-08:00,read,key_317,1.45,false,false,0
2025-11-27T17:14:33.669897-08:00,read,key_459,2.66,false,false,0
2025-11-27T17:14:33.680954-08:00,read,key_283,1.75,true,false,149
2025-11-27T17:14:33.692129-08:00,read,key_63,1.79,true,false,59
2025-11-27T17:14:33.702826-08:00,read,key_413,2.86,true,false,79
2025-11-27T17:14:33.713885-08:00,read,key_607,1.53,false,false,0
2025-11-27T17:14:33.725032-08:00,read,key_383,1.61,true,false,129
2025-11-27T17:14:33.735807-08:00,read,key_806,3.06,false,false,0
2025-11-27T17:14:33.746911-08:00,read,key_563,1.67,true,false,129
2025-11-27T17:14:33.76846-08:00,read,key_795,3.00,false,false,0
2025-11-27T17:14:33.779873-08:00,read,key_147,2.18,false,false,0
2025-11-27T17:14:33.790447-08:00,read,key_810,1.67,true,false,128
2025-11-27T17:14:33.801601-08:00,read,key_350,1.37,false,false,0
2025-11-27T17:14:33.813236-08:00,read,key_689,1.90,false,false,0
2025-11-27T17:14:33.823687-08:00,read,key_836,1.50,true,false,99
2025-11-27T17:14:33.833858-08:00,read,key_486,1.67,false,false,0
2025-11-27T17:14:33.844994-08:00,read,key_912,2.80,true,false,81
2025-11-27T17:14:33.855821-08:00,read,key_755,1.38,false,false,0
2025-11-27T17:14:33.55785-08:00,write,key_993,306.68,true,false,166
2025-11-27T17:14:33.866091-08:00,read,key_567,1.02,true,false,128
2025-11-27T17:14:33.877242-08:00,read,key_319,2.55,true,false,60
2025-11-27T17:14:33.887928-08:00,read,key_489,1.85,false,false,0
2025-11-27T17:14:33.89894-08:00,read,key_683,1.45,false,false,0
2025-11-27T17:14:33.910117-08:00,read,key_785,3.20,true,false,87
2025-11-27T17:14:33.602931-08:00,write,key_262,310.42,true,false,166
2025-11-27T17:14:33.614118-08:00,write,key_380,307.54,true,false,166
2025-11-27T17:14:33.921395-08:00,read,key_18,1.62,false,false,0
2025-11-27T17:14:33.932484-08:00,read,key_328,1.55,false,false,0
2025-11-27T17:14:33.943006-08:00,read,key_389,1.40,true,false,160
2025-11-27T17:14:33.95395-08:00,read,key_917,1.70,false,false,0
2025-11-27T17:14:33.964468-08:00,read,key_99,1.59,true,false,128
2025-11-27T17:14:33.97563-08:00,read,key_37,1.77,false,false,0
2025-11-27T17:14:33.986839-08:00,read,key_691,2.73,false,false,0
2025-11-27T17:14:34.009087-08:00,read,key_286,2.15,false,false,0
2025-11-27T17:14:34.022131-08:00,read,key_645,1.85,false,false,0
2025-11-27T17:14:34.031981-08:00,read,key_270,1.88,false,false,0
2025-11-27T17:14:34.04313-08:00,read,key_447,1.59,false,false,0
2025-11-27T17:14:34.053661-08:00,read,key_451,2.42,false,false,0
2025-11-27T17:14:34.064781-08:00,read,key_728,1.79,true,false,163
2025-11-27T17:14:33.757315-08:00,write,key_695,309.91,true,false,166
2025-11-27T17:14:34.075943-08:00,read,key_19,2.09,false,false,0
2025-11-27T17:14:34.08681-08:00,read,key_832,3.01,false,false,0
2025-11-27T17:14:34.097388-08:00,read,key_697,1.28,false,false,0
2025-11-27T17:14:34.108591-08:00,read,key_568,1.81,false,false,0
2025-11-27T17:14:34.119148-08:00,read,key_60,2.37,false,false,0
2025-11-27T17:14:34.130229-08:00,read,key_786,1.63,false,false,0
2025-11-27T17:14:34.140486-08:00,read,key_53,1.57,false,false,0
2025-11-27T17:14:34.151732-08:00,read,key_225,1.80,true,false,145
2025-11-27T17:14:34.162475-08:00,read,key_697,2.18,false,false,0
2025-11-27T17:14:34.173601-08:00,read,key_412,1.58,false,false,0
2025-11-27T17:14:34.183817-08:00,read,key_603,1.48,false,false,0
2025-11-27T17:14:34.19498-08:00,read,key_292,2.96,true,false,145
2025-11-27T17:14:34.205772-08:00,read,key_459,1.74,false,false,0
2025-11-27T17:14:34.216943-08:00,read,key_543,1.96,false,false,0
2025-11-27T17:14:34.228217-08:00,read,key_566,2.73,true,false,127
2025-11-27T17:14:34.239307-08:00,read,key_560,1.38,false,false,0
2025-11-27T17:14:34.250451-08:00,read,key_564,1.76,true,false,125
2025-11-27T17:14:34.261675-08:00,read,key_898,2.79,true,false,116
2025-11-27T17:14:34.272748-08:00,read,key_827,2.01,false,false,0
2025-11-27T17:14:34.28388-08:00,read,key_122,1.97,false,false,0
2025-11-27T17:14:34.295464-08:00,read,key_483,2.28,true,false,14
2025-11-27T17:14:33.997927-08:00,write,key_355,307.24,true,false,167
2025-11-27T17:14:34.305626-08:00,read,key_750,1.29,false,false,0
2025-11-27T17:14:34.316273-08:00,read,key_698,1.56,false,false,0
2025-11-27T17:14:34.348545-08:00,read,key_848,1.76,true,false,71
2025-11-27T17:14:34.359739-08:00,read,key_602,1.95,false,false,0
2025-11-27T17:14:34.370917-08:00,read,key_10,1.70,false,false,0
2025-11-27T17:14:34.381973-08:00,read,key_11,1.44,false,false,0
2025-11-27T17:14:34.392203-08:00,read,key_119,1.74,false,false,0
2025-11-27T17:14:34.403063-08:00,read,key_222,2.42,false,false,0
2025-11-27T17:14:34.414139-08:00,read,key_809,1.38,false,false,0
2025-11-27T17:14:34.424302-08:00,read,key_505,1.98,false,false,0
2025-11-27T17:14:34.435078-08:00,read,key_836,2.60,true,false,99
2025-11-27T17:14:34.44646-08:00,read,key_544,1.79,false,false,0
2025-11-27T17:14:34.457598-08:00,read,key_102,1.69,false,false,0
2025-11-27T17:14:34.468397-08:00,read,key_150,1.83,false,false,0
2025-11-27T17:14:34.490468-08:00,read,key_683,1.58,false,false,0
2025-11-27T17:14:34.501614-08:00,read,key_398,2.12,false,false,0
2025-11-27T17:14:34.512849-08:00,read,key_61,1.83,true,false,40
2025-11-27T17:14:34.523998-08:00,read,key_256,1.50,false,false,0
2025-11-27T17:14:34.535104-08:00,read,key_86,2.00,true,false,37
2025-11-27T17:14:34.546229-08:00,read,key_691,1.73,false,false,0
2025-11-27T17:14:34.55741-08:00,read,key_858,1.89,true,false,126
2025-11-27T17:14:34.568065-08:00,read,key_106,1.75,true,false,101
2025-11-27T17:14:34.578842-08:00,read,key_607,1.76,false,false,0
2025-11-27T17:14:34.590034-08:00,read,key_795,1.79,false,false,0
2025-11-27T17:14:34.60123-08:00,read,key_778,1.96,true,false,97
2025-11-27T17:14:34.612455-08:00,read,key_356,2.75,false,false,0
2025-11-27T17:14:34.623472-08:00,read,key_653,1.47,false,false,0
2025-11-27T17:14:34.326529-08:00,write,key_974,308.47,true,false,168
2025-11-27T17:14:34.634651-08:00,read,key_116,1.79,false,false,0
2025-11-27T17:14:34.338012-08:00,write,key_444,305.60,true,false,168
2025-11-27T17:14:34.64492-08:00,read,key_442,1.85,true,false,127
2025-11-27T17:14:34.656087-08:00,read,key_3,1.34,false,false,0
2025-11-27T17:14:34.667223-08:00,read,key_700,1.77,false,false,0
2025-11-27T17:14:34.678405-08:00,read,key_643,2.39,false,false,0
2025-11-27T17:14:34.689505-08:00,read,key_782,1.57,false,false,0
2025-11-27T17:14:34.700673-08:00,read,key_69,2.48,false,false,0
2025-11-27T17:14:34.711288-08:00,read,key_699,2.69,false,false,0
2025-11-27T17:14:34.722354-08:00,read,key_260,1.45,false,false,0
2025-11-27T17:14:34.733497-08:00,read,key_988,2.03,true,false,106
2025-11-27T17:14:34.744043-08:00,read,key_602,2.38,false,false,0
2025-11-27T17:14:34.754944-08:00,read,key_560,1.57,false,false,0
2025-11-27T17:14:34.765628-08:00,read,key_388,1.49,false,false,0
2025-11-27T17:14:34.776769-08:00,read,key_102,2.54,false,false,0
2025-11-27T17:14:34.479798-08:00,write,key_738,304.50,true,false,168
2025-11-27T17:14:34.787197-08:00,read,key_426,1.83,false,false,0
2025-11-27T17:14:34.797554-08:00,read,key_437,1.69,true,false,143
2025-11-27T17:14:34.808605-08:00,read,key_443,1.73,false,false,0
2025-11-27T17:14:34.819792-08:00,read,key_411,2.87,false,false,0
2025-11-27T17:14:34.830334-08:00,read,key_58,1.39,true,false,41
2025-11-27T17:14:34.841468-08:00,read,key_413,1.81,true,false,79
2025-11-27T17:14:34.863032-08:00,read,key_666,2.12,false,false,0
2025-11-27T17:14:34.874061-08:00,read,key_211,1.57,false,false,0
2025-11-27T17:14:34.884526-08:00,read,key_281,1.72,false,false,0
2025-11-27T17:14:34.895369-08:00,read,key_448,2.24,true,false,115
2025-11-27T17:14:34.905687-08:00,read,key_981,1.77,true,false,1
2025-11-27T17:14:34.916843-08:00,read,key_46,1.60,false,false,0
2025-11-27T17:14:34.938719-08:00,read,key_447,1.71,false,false,0
2025-11-27T17:14:34.960195-08:00,read,key_99,1.87,true,false,128
2025-11-27T17:14:34.971826-08:00,read,key_595,2.36,false,false,0
2025-11-27T17:14:34.98291-08:00,read,key_697,0.65,false,false,0
2025-11-27T17:14:34.994072-08:00,read,key_283,1.55,true,false,149
2025-11-27T17:14:35.005447-08:00,read,key_155,0.69,false,false,0
2025-11-27T17:14:35.01663-08:00,read,key_12,1.09,true,false,75
2025-11-27T17:14:35.027829-08:00,read,key_611,0.92,false,false,0
2025-11-27T17:14:35.049483-08:00,read,key_639,0.96,false,false,0
2025-11-27T17:14:35.071876-08:00,read,key_815,1.96,false,false,0
2025-11-27T17:14:35.082969-08:00,read,key_857,0.70,true,false,113
2025-11-27T17:14:35.09468-08:00,read,key_709,1.31,false,false,0
2025-11-27T17:14:35.105817-08:00,read,key_441,0.60,false,false,0
2025-11-27T17:14:35.116999-08:00,read,key_648,0.77,false,false,0
2025-11-27T17:14:35.128135-08:00,read,key_743,1.27,true,false,100
2025-11-27T17:14:35.150468-08:00,read,key_413,1.92,true,false,79
2025-11-27T17:14:34.851777-08:00,write,key_411,305.31,true,false,169
2025-11-27T17:14:35.160908-08:00,read,key_698,2.37,false,false,0
2025-11-27T17:14:35.172048-08:00,read,key_790,1.59,false,false,0
2025-11-27T17:14:35.183204-08:00,read,key_453,1.59,false,false,0
2025-11-27T17:14:35.19444-08:00,read,key_568,2.25,false,false,0
2025-11-27T17:14:35.20557-08:00,read,key_326,1.83,true,false,160
2025-11-27T17:14:35.216686-08:00,read,key_984,1.70,false,false,0
2025-11-27T17:14:35.227836-08:00,read,key_324,2.60,false,false,0
2025-11-27T17:14:34.928113-08:00,write,key_460,306.43,true,false,170
2025-11-27T17:14:35.238427-08:00,read,key_788,1.37,false,false,0
2025-11-27T17:14:35.249545-08:00,read,key_484,1.46,false,false,0
2025-11-27T17:14:34.949087-08:00,write,key_59,306.50,true,false,169
2025-11-27T17:14:35.260189-08:00,read,key_204,4.01,false,false,0
2025-11-27T17:14:35.271231-08:00,read,key_878,1.47,false,false,0
2025-11-27T17:14:35.282366-08:00,read,key_663,1.62,false,false,0
2025-11-27T17:14:35.29308-08:00,read,key_227,1.25,false,false,0
2025-11-27T17:14:35.304727-08:00,read,key_470,1.99,true,false,38
2025-11-27T17:14:35.315425-08:00,read,key_641,1.76,false,false,0
2025-11-27T17:14:35.325824-08:00,read,key_602,1.49,false,false,0
2025-11-27T17:14:35.337993-08:00,read,key_538,1.80,false,false,0
2025-11-27T17:14:35.038294-08:00,write,key_636,308.64,true,false,171
2025-11-27T17:14:35.348292-08:00,read,key_542,0.99,false,false,0
2025-11-27T17:14:35.359213-08:00,read,key_330,1.73,false,false,0
2025-11-27T17:14:35.060679-08:00,write,key_430,307.35,true,false,169
2025-11-27T17:14:35.369566-08:00,read,key_73,2.13,false,false,0
2025-11-27T17:14:35.380752-08:00,read,key_192,1.86,false,false,0
2025-11-27T17:14:35.390988-08:00,read,key_424,1.72,true,false,130
2025-11-27T17:14:35.402119-08:00,read,key_269,2.51,false,false,0
2025-11-27T17:14:35.413217-08:00,read,key_980,1.55,true,false,83
2025-11-27T17:14:35.424371-08:00,read,key_397,1.78,false,false,0
2025-11-27T17:14:35.435618-08:00,read,key_603,2.75,false,false,0
2025-11-27T17:14:35.446657-08:00,read,key_752,1.73,false,false,0
2025-11-27T17:14:35.139316-08:00,write,key_921,309.19,true,false,170
2025-11-27T17:14:35.457801-08:00,read,key_183,1.62,true,false,34
2025-11-27T17:14:35.468928-08:00,read,key_155,2.79,false,false,0
2025-11-27T17:14:35.479978-08:00,read,key_269,1.36,false,false,0
2025-11-27T17:14:35.491099-08:00,read,key_326,1.13,true,false,160
2025-11-27T17:14:35.51353-08:00,read,key_199,1.49,false,false,0
2025-11-27T17:14:35.524662-08:00,read,key_360,1.69,true,false,153
2025-11-27T17:14:35.535867-08:00,read,key_704,2.65,false,false,0
2025-11-27T17:14:35.546942-08:00,read,key_434,1.57,false,false,0
2025-11-27T17:14:35.558111-08:00,read,key_391,1.89,false,false,0
2025-11-27T17:14:35.569863-08:00,read,key_40,2.68,false,false,0
2025-11-27T17:14:35.5809-08:00,read,key_659,1.48,false,false,0
2025-11-27T17:14:35.591668-08:00,read,key_870,1.57,false,false,0
2025-11-27T17:14:35.602853-08:00,read,key_314,2.46,true,false,12
2025-11-27T17:14:35.613975-08:00,read,key_79,1.86,false,false,0
2025-11-27T17:14:35.624323-08:00,read,key_654,1.87,false,false,0
2025-11-27T17:14:35.635498-08:00,read,key_456,2.95,false,false,0
2025-11-27T17:14:35.646569-08:00,read,key_746,2.11,true,false,15
2025-11-27T17:14:35.657738-08:00,read,key_285,1.62,false,false,0
2025-11-27T17:14:35.668894-08:00,read,key_515,2.85,false,false,0
2025-11-27T17:14:35.679732-08:00,read,key_293,1.70,false,false,0
2025-11-27T17:14:35.690619-08:00,read,key_320,1.66,false,false,0
2025-11-27T17:14:35.701791-08:00,read,key_610,2.03,true,false,45
2025-11-27T17:14:35.713101-08:00,read,key_461,1.88,false,false,0
2025-11-27T17:14:35.724269-08:00,read,key_490,1.42,false,false,0
2025-11-27T17:14:35.735518-08:00,read,key_281,2.61,false,false,0
2025-11-27T17:14:35.74664-08:00,read,key_530,1.73,true,false,45
2025-11-27T17:14:35.757765-08:00,read,key_518,1.57,false,false,0
2025-11-27T17:14:35.769006-08:00,read,key_438,3.17,false,false,0
2025-11-27T17:14:35.779963-08:00,read,key_234,1.48,false,false,0
2025-11-27T17:14:35.790736-08:00,read,key_250,1.58,false,false,0
2025-11-27T17:14:35.802001-08:00,read,key_988,3.03,true,false,106
2025-11-27T17:14:35.502687-08:00,write,key_650,304.34,true,false,172
2025-11-27T17:14:35.812822-08:00,read,key_50,1.48,false,false,0
2025-11-27T17:14:35.834034-08:00,read,key_899,2.88,true,false,156
2025-11-27T17:14:35.845377-08:00,read,key_272,2.54,false,false,0
2025-11-27T17:14:35.856431-08:00,read,key_931,1.61,false,false,0
2025-11-27T17:14:35.86673-08:00,read,key_90,1.45,false,false,0
2025-11-27T17:14:35.878086-08:00,read,key_558,2.05,false,false,0
2025-11-27T17:14:35.88921-08:00,read,key_992,1.39,false,false,0
2025-11-27T17:14:35.900042-08:00,read,key_473,1.87,false,false,0
2025-11-27T17:14:35.911223-08:00,read,key_635,2.91,false,false,0
2025-11-27T17:14:35.921394-08:00,read,key_921,1.28,true,false,170
2025-11-27T17:14:35.943626-08:00,read,key_12,3.08,true,false,75
2025-11-27T17:14:35.976447-08:00,read,key_935,2.00,false,false,0
2025-11-27T17:14:35.986907-08:00,read,key_389,2.58,true,false,160
2025-11-27T17:14:35.997993-08:00,read,key_26,1.32,false,false,0
2025-11-27T17:14:36.00821-08:00,read,key_371,1.23,false,false,0
2025-11-27T17:14:36.019393-08:00,read,key_671,3.07,false,false,0
2025-11-27T17:14:36.041274-08:00,read,key_671,3.57,false,false,0
2025-11-27T17:14:36.052251-08:00,read,key_514,2.86,false,false,0
2025-11-27T17:14:36.063029-08:00,read,key_522,1.68,false,false,0
2025-11-27T17:14:36.074229-08:00,read,key_575,1.37,false,false,0
2025-11-27T17:14:36.085117-08:00,read,key_468,1.74,false,false,0
2025-11-27T17:14:36.096522-08:00,read,key_146,2.00,false,false,0
2025-11-27T17:14:36.107631-08:00,read,key_679,1.75,true,false,55
2025-11-27T17:14:36.11881-08:00,read,key_106,3.28,true,false,101
2025-11-27T17:14:36.129862-08:00,read,key_424,1.63,true,false,130
2025-11-27T17:14:35.823456-08:00,write,key_100,309.56,true,false,173
2025-11-27T17:14:36.140846-08:00,read,key_494,1.68,false,false,0
2025-11-27T17:14:36.151143-08:00,read,key_914,1.77,false,false,0
2025-11-27T17:14:36.161801-08:00,read,key_928,2.78,false,false,0
2025-11-27T17:14:36.172788-08:00,read,key_315,2.04,true,false,99
2025-11-27T17:14:36.183938-08:00,read,key_992,1.44,false,false,0
2025-11-27T17:14:36.206434-08:00,read,key_159,1.86,true,false,18
2025-11-27T17:14:36.217184-08:00,read,key_145,1.94,false,false,0
2025-11-27T17:14:35.932573-08:00,write,key_322,304.49,true,false,174
2025-11-27T17:14:36.238694-08:00,read,key_13,1.56,true,false,68
2025-11-27T17:14:36.249893-08:00,read,key_93,1.79,false,false,0
2025-11-27T17:14:35.954626-08:00,write,key_272,309.29,true,false,173
2025-11-27T17:14:36.260556-08:00,read,key_850,3.38,false,false,0
2025-11-27T17:14:35.965259-08:00,write,key_592,307.23,true,false,173
2025-11-27T17:14:36.271302-08:00,read,key_604,1.23,false,false,0
2025-11-27T17:14:36.293617-08:00,read,key_126,2.93,false,false,0
2025-11-27T17:14:36.304682-08:00,read,key_912,2.13,true,false,81
2025-11-27T17:14:36.315829-08:00,read,key_11,1.33,false,false,0
2025-11-27T17:14:36.030111-08:00,write,key_427,304.34,true,false,174
2025-11-27T17:14:36.337775-08:00,read,key_331,1.63,false,false,0
2025-11-27T17:14:36.348753-08:00,read,key_902,1.44,true,false,90
2025-11-27T17:14:36.35992-08:00,read,key_639,1.75,false,false,0
2025-11-27T17:14:36.371121-08:00,read,key_259,3.80,false,false,0
2025-11-27T17:14:36.382019-08:00,read,key_48,1.84,true,false,94
2025-11-27T17:14:36.393182-08:00,read,key_451,1.91,false,false,0
2025-11-27T17:14:36.403522-08:00,read,key_249,3.07,false,false,0
2025-11-27T17:14:36.414528-08:00,read,key_600,1.50,false,false,0
2025-11-27T17:14:36.425711-08:00,read,key_25,1.98,false,false,0
2025-11-27T17:14:36.436828-08:00,read,key_327,3.08,true,false,43
2025-11-27T17:14:36.447837-08:00,read,key_632,1.46,false,false,0
2025-11-27T17:14:36.45877-08:00,read,key_640,2.11,false,false,0
2025-11-27T17:14:36.470074-08:00,read,key_814,2.60,false,false,0
2025-11-27T17:14:36.481145-08:00,read,key_11,1.44,false,false,0
2025-11-27T17:14:36.492226-08:00,read,key_418,1.24,false,false,0
2025-11-27T17:14:36.19508-08:00,write,key_285,306.18,true,false,174
2025-11-27T17:14:36.502465-08:00,read,key_486,3.41,false,false,0
2025-11-27T17:14:36.513471-08:00,read,key_476,1.96,true,false,123
2025-11-27T17:14:36.524589-08:00,read,key_438,1.69,false,false,0
2025-11-27T17:14:36.535768-08:00,read,key_698,3.15,false,false,0
2025-11-27T17:14:36.228546-08:00,write,key_995,310.42,true,false,175
2025-11-27T17:14:36.546643-08:00,read,key_605,1.52,false,false,0
2025-11-27T17:14:36.557802-08:00,read,key_281,1.52,false,false,0
2025-11-27T17:14:36.569401-08:00,read,key_56,2.62,false,false,0
2025-11-27T17:14:36.58048-08:00,read,key_416,1.72,false,false,0
2025-11-27T17:14:36.282425-08:00,write,key_425,309.13,true,false,175
2025-11-27T17:14:36.590905-08:00,read,key_744,1.24,false,false,0
2025-11-27T17:14:36.602029-08:00,read,key_6,2.58,false,false,0
2025-11-27T17:14:36.613136-08:00,read,key_485,1.57,true,false,91
2025-11-27T17:14:36.62427-08:00,read,key_88,1.33,true,false,157
2025-11-27T17:14:36.327025-08:00,write,key_878,306.08,true,false,175
2025-11-27T17:14:36.634538-08:00,read,key_104,1.90,false,false,0
2025-11-27T17:14:36.645575-08:00,read,key_18,2.85,false,false,0
2025-11-27T17:14:36.656592-08:00,read,key_35,1.47,true,false,60
2025-11-27T17:14:36.667009-08:00,read,key_476,1.73,true,false,123
2025-11-27T17:14:36.677565-08:00,read,key_239,2.78,false,false,0
2025-11-27T17:14:36.688319-08:00,read,key_675,1.32,false,false,0
2025-11-27T17:14:36.699479-08:00,read,key_694,1.96,false,false,0
2025-11-27T17:14:36.710627-08:00,read,key_541,2.91,true,false,151
2025-11-27T17:14:36.721747-08:00,read,key_916,1.81,false,false,0
2025-11-27T17:14:36.732904-08:00,read,key_505,1.76,false,false,0
2025-11-27T17:14:36.75509-08:00,read,key_173,1.80,true,false,111
2025-11-27T17:14:36.766245-08:00,read,key_91,1.52,false,false,0
2025-11-27T17:14:36.777388-08:00,read,key_679,2.68,true,false,55
2025-11-27T17:14:36.788577-08:00,read,key_169,1.72,false,false,0
2025-11-27T17:14:36.799719-08:00,read,key_249,1.59,false,false,0
2025-11-27T17:14:36.811046-08:00,read,key_602,2.87,false,false,0
2025-11-27T17:14:36.821563-08:00,read,key_694,1.52,false,false,0
2025-11-27T17:14:36.832758-08:00,read,key_989,1.99,false,false,0
2025-11-27T17:14:36.843335-08:00,read,key_536,2.94,false,false,0
2025-11-27T17:14:36.854409-08:00,read,key_262,1.55,true,false,166
2025-11-27T17:14:36.865652-08:00,read,key_62,1.99,false,false,0
2025-11-27T17:14:36.876781-08:00,read,key_422,1.37,true,false,123
2025-11-27T17:14:36.887941-08:00,read,key_294,2.03,false,false,0
2025-11-27T17:14:36.899086-08:00,read,key_63,1.76,true,false,59
2025-11-27T17:14:36.910237-08:00,read,key_893,2.10,false,false,0
2025-11-27T17:14:36.921441-08:00,read,key_562,1.74,true,false,150
2025-11-27T17:14:36.93233-08:00,read,key_117,1.47,false,false,0
2025-11-27T17:14:36.943152-08:00,read,key_920,1.57,true,false,159
2025-11-27T17:14:36.954264-08:00,read,key_56,1.33,false,false,0
2025-11-27T17:14:36.964596-08:00,read,key_433,1.44,true,false,146
2025-11-27T17:14:36.975767-08:00,read,key_479,2.09,true,false,51
2025-11-27T17:14:36.987012-08:00,read,key_807,3.28,false,false,0
2025-11-27T17:14:36.997741-08:00,read,key_791,1.99,true,false,139
2025-11-27T17:14:37.008908-08:00,read,key_266,1.56,false,false,0
2025-11-27T17:14:37.020082-08:00,read,key_685,2.66,false,false,0
2025-11-27T17:14:37.030746-08:00,read,key_756,1.70,false,false,0
2025-11-27T17:14:37.041884-08:00,read,key_43,1.75,true,false,144
2025-11-27T17:14:36.743839-08:00,write,key_507,309.02,true,false,176
2025-11-27T17:14:37.052838-08:00,read,key_976,2.41,false,false,0
2025-11-27T17:14:37.063144-08:00,read,key_477,1.77,true,false,87
2025-11-27T17:14:37.073469-08:00,read,key_935,1.53,false,false,0
2025-11-27T17:14:37.083789-08:00,read,key_280,1.52,true,false,92
2025-11-27T17:14:37.094961-08:00,read,key_570,2.99,true,false,120
2025-11-27T17:14:37.106027-08:00,read,key_451,1.85,false,false,0
2025-11-27T17:14:37.117248-08:00,read,key_380,1.54,true,false,166
2025-11-27T17:14:37.128638-08:00,read,key_638,2.12,false,false,0
2025-11-27T17:14:37.139796-08:00,read,key_419,1.77,true,false,147
2025-11-27T17:14:37.151016-08:00,read,key_691,1.70,false,false,0
2025-11-27T17:14:37.162281-08:00,read,key_542,2.61,false,false,0
2025-11-27T17:14:37.173346-08:00,read,key_899,1.65,true,false,156
2025-11-27T17:14:37.183576-08:00,read,key_34,1.48,true,false,151
2025-11-27T17:14:37.194773-08:00,read,key_673,3.00,false,false,0
2025-11-27T17:14:37.217001-08:00,read,key_101,1.48,true,false,116
2025-11-27T17:14:37.239508-08:00,read,key_21,1.88,false,false,0
2025-11-27T17:14:37.250731-08:00,read,key_733,1.23,false,false,0
2025-11-27T17:14:37.261744-08:00,read,key_493,2.67,true,false,31
2025-11-27T17:14:37.27248-08:00,read,key_569,1.11,false,false,0
2025-11-27T17:14:37.283638-08:00,read,key_238,1.55,false,false,0
2025-11-27T17:14:37.294826-08:00,read,key_560,2.58,false,false,0
2025-11-27T17:14:37.305928-08:00,read,key_297,1.93,true,false,95
2025-11-27T17:14:37.349833-08:00,read,key_561,1.58,false,false,0
2025-11-27T17:14:37.361205-08:00,read,key_732,2.20,true,false,13
2025-11-27T17:14:37.371979-08:00,read,key_413,1.45,true,false,79
2025-11-27T17:14:37.382712-08:00,read,key_941,3.33,false,false,0
2025-11-27T17:14:37.392967-08:00,read,key_568,1.27,false,false,0
2025-11-27T17:14:37.403816-08:00,read,key_452,2.85,false,false,0
2025-11-27T17:14:37.414871-08:00,read,key_315,1.70,true,false,99
2025-11-27T17:14:37.426021-08:00,read,key_669,1.87,false,false,0
2025-11-27T17:14:37.437201-08:00,read,key_511,2.80,false,false,0
2025-11-27T17:14:37.448379-08:00,read,key_426,1.83,false,false,0
2025-11-27T17:14:37.459503-08:00,read,key_327,2.41,true,false,43
2025-11-27T17:14:37.470269-08:00,read,key_230,2.17,true,false,148
2025-11-27T17:14:37.481443-08:00,read,key_541,1.85,true,false,151
2025-11-27T17:14:37.492585-08:00,read,key_855,2.09,true,false,140
2025-11-27T17:14:37.503446-08:00,read,key_329,5.38,false,false,0
2025-11-27T17:14:37.205872-08:00,write,key_107,308.93,true,false,177
2025-11-27T17:14:37.514181-08:00,read,key_439,1.30,false,false,0
2025-11-27T17:14:37.525336-08:00,read,key_644,1.41,false,false,0
2025-11-27T17:14:37.228187-08:00,write,key_38,306.54,true,false,177
2025-11-27T17:14:37.535582-08:00,read,key_520,2.85,false,false,0
2025-11-27T17:14:37.546702-08:00,read,key_602,1.67,false,false,0
2025-11-27T17:14:37.557818-08:00,read,key_338,1.61,false,false,0
2025-11-27T17:14:37.580151-08:00,read,key_700,1.43,false,false,0
2025-11-27T17:14:37.591301-08:00,read,key_449,1.50,false,false,0
2025-11-27T17:14:37.602362-08:00,read,key_746,2.94,true,false,15
2025-11-27T17:14:37.613415-08:00,read,key_331,1.39,false,false,0
2025-11-27T17:14:37.317075-08:00,write,key_688,308.30,true,false,177
2025-11-27T17:14:37.624534-08:00,read,key_6,1.18,false,false,0
2025-11-27T17:14:37.3284-08:00,write,key_492,310.56,true,false,178
2025-11-27T17:14:37.338653-08:00,write,key_976,305.25,true,false,177
2025-11-27T17:14:37.645823-08:00,read,key_382,1.56,true,false,88
2025-11-27T17:14:37.656637-08:00,read,key_984,1.75,false,false,0
2025-11-27T17:14:37.667298-08:00,read,key_260,1.66,false,false,0
2025-11-27T17:14:37.678612-08:00,read,key_699,2.68,false,false,0
2025-11-27T17:14:37.689622-08:00,read,key_236,1.35,false,false,0
2025-11-27T17:14:37.700233-08:00,read,key_323,1.86,false,false,0
2025-11-27T17:14:37.711091-08:00,read,key_195,2.73,false,false,0
2025-11-27T17:14:37.732734-08:00,read,key_856,1.80,false,false,0
2025-11-27T17:14:37.743025-08:00,read,key_464,1.60,false,false,0
2025-11-27T17:14:37.76466-08:00,read,key_267,3.73,false,false,0
2025-11-27T17:14:37.774979-08:00,read,key_972,1.57,false,false,0
2025-11-27T17:14:37.796996-08:00,read,key_994,1.40,false,false,0
2025-11-27T17:14:37.807307-08:00,read,key_640,2.01,false,false,0
2025-11-27T17:14:37.818579-08:00,read,key_875,5.01,false,false,0
2025-11-27T17:14:37.829405-08:00,read,key_109,1.57,true,false,132
2025-11-27T17:14:37.839903-08:00,read,key_568,1.90,false,false,0
2025-11-27T17:14:37.862356-08:00,read,key_742,2.57,false,false,0
2025-11-27T17:14:37.568984-08:00,write,key_810,307.57,true,false,178
2025-11-27T17:14:37.872692-08:00,read,key_918,4.53,true,false,40
2025-11-27T17:14:37.894642-08:00,read,key_813,2.27,true,false,119
2025-11-27T17:14:37.905772-08:00,read,key_606,1.91,false,false,0
2025-11-27T17:14:37.916905-08:00,read,key_161,1.54,false,false,0
2025-11-27T17:14:37.927962-08:00,read,key_419,3.00,true,false,147
2025-11-27T17:14:37.938319-08:00,read,key_316,2.12,true,false,135
2025-11-27T17:14:37.635533-08:00,write,key_190,312.63,true,false,179
2025-11-27T17:14:37.948478-08:00,read,key_649,1.19,false,false,0
2025-11-27T17:14:37.95961-08:00,read,key_456,1.50,false,false,0
2025-11-27T17:14:37.970763-08:00,read,key_352,1.73,false,false,0
2025-11-27T17:14:37.981865-08:00,read,key_494,1.53,false,false,0
2025-11-27T17:14:37.993059-08:00,read,key_677,1.43,true,false,164
2025-11-27T17:14:38.004084-08:00,read,key_298,1.73,false,false,0
2025-11-27T17:14:38.014504-08:00,read,key_985,1.49,false,false,0
2025-11-27T17:14:38.025395-08:00,read,key_88,1.70,true,false,157
2025-11-27T17:14:37.72158-08:00,write,key_414,313.49,true,false,179
2025-11-27T17:14:38.03554-08:00,read,key_358,2.02,false,false,0
2025-11-27T17:14:37.754415-08:00,write,key_806,304.47,true,false,180
2025-11-27T17:14:38.068801-08:00,read,key_693,2.66,false,false,0
2025-11-27T17:14:38.079505-08:00,read,key_94,1.67,true,false,68
2025-11-27T17:14:38.090673-08:00,read,key_180,1.67,false,false,0
2025-11-27T17:14:37.786151-08:00,write,key_233,307.54,true,false,179
2025-11-27T17:14:38.100944-08:00,read,key_832,1.34,false,false,0
2025-11-27T17:14:38.112376-08:00,read,key_589,2.12,false,false,0
2025-11-27T17:14:38.123511-08:00,read,key_995,1.76,true,false,175
2025-11-27T17:14:38.134506-08:00,read,key_649,2.39,false,false,0
2025-11-27T17:14:38.145637-08:00,read,key_856,1.81,false,false,0
2025-11-27T17:14:37.851056-08:00,write,key_735,305.42,true,false,180
2025-11-27T17:14:38.167057-08:00,read,key_59,1.70,true,false,169
2025-11-27T17:14:38.178985-08:00,read,key_720,1.44,false,false,0
2025-11-27T17:14:37.883502-08:00,write,key_424,307.59,true,false,179
2025-11-27T17:14:38.210776-08:00,read,key_515,2.88,false,false,0
2025-11-27T17:14:38.221793-08:00,read,key_408,1.62,false,false,0
2025-11-27T17:14:38.232089-08:00,read,key_230,1.54,true,false,148
2025-11-27T17:14:38.243252-08:00,read,key_891,2.97,true,false,119
2025-11-27T17:14:38.254248-08:00,read,key_82,1.58,false,false,0
2025-11-27T17:14:38.26545-08:00,read,key_412,1.73,false,false,0
2025-11-27T17:14:38.276707-08:00,read,key_286,5.05,false,false,0
2025-11-27T17:14:38.287309-08:00,read,key_973,1.53,false,false,0
2025-11-27T17:14:38.298435-08:00,read,key_491,1.70,true,false,112
2025-11-27T17:14:38.309634-08:00,read,key_707,2.02,false,false,0
2025-11-27T17:14:38.320829-08:00,read,key_53,2.05,true,false,182
2025-11-27T17:14:38.331984-08:00,read,key_892,1.46,false,false,0
2025-11-27T17:14:38.343154-08:00,read,key_560,1.71,false,false,0
2025-11-27T17:14:38.046688-08:00,write,key_187,309.89,true,false,181
2025-11-27T17:14:38.354216-08:00,read,key_838,2.42,false,false,0
2025-11-27T17:14:38.057597-08:00,write,key_879,306.64,true,false,181
2025-11-27T17:14:38.364314-08:00,read,key_356,1.47,false,false,0
2025-11-27T17:14:38.375465-08:00,read,key_548,1.78,true,false,162
2025-11-27T17:14:38.385813-08:00,read,key_418,2.19,false,false,0
2025-11-27T17:14:38.396957-08:00,read,key_891,2.03,true,false,119
2025-11-27T17:14:38.407515-08:00,read,key_799,1.58,false,false,0
2025-11-27T17:14:38.418647-08:00,read,key_384,2.64,true,false,147
2025-11-27T17:14:38.429717-08:00,read,key_599,1.40,false,false,0
2025-11-27T17:14:38.440858-08:00,read,key_188,1.94,true,false,112
2025-11-27T17:14:38.452014-08:00,read,key_316,2.70,true,false,135
2025-11-27T17:14:38.463157-08:00,read,key_474,1.04,true,false,141
2025-11-27T17:14:38.155862-08:00,write,key_783,308.34,true,false,181
2025-11-27T17:14:38.474281-08:00,read,key_278,1.42,true,false,46
2025-11-27T17:14:38.485466-08:00,read,key_595,2.71,false,false,0
2025-11-27T17:14:38.190085-08:00,write,key_53,309.02,true,false,182
2025-11-27T17:14:38.200262-08:00,write,key_18,307.63,true,false,182
2025-11-27T17:14:38.507002-08:00,read,key_824,1.21,false,false,0
2025-11-27T17:14:38.518116-08:00,read,key_487,1.38,false,false,0
2025-11-27T17:14:38.528615-08:00,read,key_985,2.98,false,false,0
2025-11-27T17:14:38.539605-08:00,read,key_2,1.32,true,false,80
2025-11-27T17:14:38.550737-08:00,read,key_893,1.50,false,false,0
2025-11-27T17:14:38.573594-08:00,read,key_648,1.59,false,false,0
2025-11-27T17:14:38.584231-08:00,read,key_349,1.34,false,false,0
2025-11-27T17:14:38.595465-08:00,read,key_504,2.59,false,false,0
2025-11-27T17:14:38.605485-08:00,read,key_520,1.63,false,false,0
2025-11-27T17:14:38.6166-08:00,read,key_561,1.34,false,false,0
2025-11-27T17:14:38.627369-08:00,read,key_982,2.71,true,false,5
2025-11-27T17:14:38.649645-08:00,read,key_753,1.58,false,false,0
2025-11-27T17:14:38.660751-08:00,read,key_640,2.62,false,false,0
2025-11-27T17:14:38.671948-08:00,read,key_499,1.72,false,false,0
2025-11-27T17:14:38.682357-08:00,read,key_49,1.53,true,false,120
2025-11-27T17:14:38.693622-08:00,read,key_725,2.56,false,false,0
2025-11-27T17:14:38.705217-08:00,read,key_106,1.48,true,false,101
2025-11-27T17:14:38.72728-08:00,read,key_521,3.07,false,false,0
2025-11-27T17:14:38.738288-08:00,read,key_566,1.60,true,false,127
2025-11-27T17:14:38.748924-08:00,read,key_267,1.60,false,false,0
2025-11-27T17:14:38.760201-08:00,read,key_653,1.16,false,false,0
2025-11-27T17:14:38.771381-08:00,read,key_313,1.89,false,false,0
2025-11-27T17:14:38.782497-08:00,read,key_671,1.67,false,false,0
2025-11-27T17:14:38.495986-08:00,write,key_95,309.66,true,false,183
2025-11-27T17:14:38.804052-08:00,read,key_534,2.13,false,false,0
2025-11-27T17:14:38.815195-08:00,read,key_525,1.26,false,false,0
2025-11-27T17:14:38.826366-08:00,read,key_797,1.70,true,false,67
2025-11-27T17:14:38.837088-08:00,read,key_996,1.51,false,false,0
2025-11-27T17:14:38.847983-08:00,read,key_414,1.30,true,false,179
2025-11-27T17:14:38.858762-08:00,read,key_854,1.87,false,false,0
2025-11-27T17:14:38.562037-08:00,write,key_163,311.16,true,false,184
2025-11-27T17:14:38.881144-08:00,read,key_859,1.83,false,false,0
2025-11-27T17:14:38.892258-08:00,read,key_686,1.45,false,false,0
2025-11-27T17:14:38.903448-08:00,read,key_66,2.27,false,false,0
2025-11-27T17:14:38.914557-08:00,read,key_973,1.53,false,false,0
2025-11-27T17:14:38.9249-08:00,read,key_27,1.35,false,false,0
2025-11-27T17:14:38.936243-08:00,read,key_929,2.88,false,false,0
2025-11-27T17:14:38.638504-08:00,write,key_326,305.29,true,false,183
2025-11-27T17:14:38.94676-08:00,read,key_969,1.29,false,false,0
2025-11-27T17:14:38.957182-08:00,read,key_808,1.44,true,false,157
2025-11-27T17:14:38.968405-08:00,read,key_332,2.26,false,false,0
2025-11-27T17:14:38.979882-08:00,read,key_490,1.88,false,false,0
2025-11-27T17:14:38.991115-08:00,read,key_30,1.67,false,false,0
2025-11-27T17:14:39.002277-08:00,read,key_756,3.36,false,false,0
2025-11-27T17:14:39.013268-08:00,read,key_894,2.44,false,false,0
2025-11-27T17:14:39.023784-08:00,read,key_572,1.93,false,false,0
2025-11-27T17:14:38.716107-08:00,write,key_34,309.63,true,false,185
2025-11-27T17:14:39.034656-08:00,read,key_602,3.95,false,false,0
2025-11-27T17:14:39.067669-08:00,read,key_382,1.49,true,false,88
2025-11-27T17:14:39.078434-08:00,read,key_608,3.02,false,false,0
2025-11-27T17:14:39.089407-08:00,read,key_937,1.05,false,false,0
2025-11-27T17:14:39.099961-08:00,read,key_441,1.20,false,false,0
2025-11-27T17:14:38.79369-08:00,write,key_331,308.68,true,false,183
2025-11-27T17:14:39.111162-08:00,read,key_909,2.47,true,false,107
2025-11-27T17:14:39.133326-08:00,read,key_999,1.86,false,false,0
2025-11-27T17:14:39.155866-08:00,read,key_876,3.41,false,false,0
2025-11-27T17:14:39.166613-08:00,read,key_938,1.41,false,false,0
2025-11-27T17:14:38.870373-08:00,write,key_281,307.11,true,false,186
2025-11-27T17:14:39.176913-08:00,read,key_231,2.60,false,false,0
2025-11-27T17:14:39.187961-08:00,read,key_149,1.46,false,false,0
2025-11-27T17:14:39.19911-08:00,read,key_691,1.89,false,false,0
2025-11-27T17:14:39.210322-08:00,read,key_817,2.87,true,false,130
2025-11-27T17:14:39.221394-08:00,read,key_745,1.54,false,false,0
2025-11-27T17:14:39.243241-08:00,read,key_315,2.08,true,false,99
2025-11-27T17:14:39.25502-08:00,read,key_299,1.58,true,false,33
2025-11-27T17:14:39.266167-08:00,read,key_8,1.48,false,false,0
2025-11-27T17:14:39.277333-08:00,read,key_221,2.84,false,false,0
2025-11-27T17:14:39.298652-08:00,read,key_82,1.76,false,false,0
2025-11-27T17:14:39.309471-08:00,read,key_67,2.23,true,false,69
2025-11-27T17:14:39.320298-08:00,read,key_27,2.70,false,false,0
2025-11-27T17:14:39.331388-08:00,read,key_3,1.34,false,false,0
2025-11-27T17:14:39.045186-08:00,write,key_66,307.30,true,false,187
2025-11-27T17:14:39.352476-08:00,read,key_41,3.01,true,false,102
2025-11-27T17:14:39.056404-08:00,write,key_565,306.75,true,false,186
2025-11-27T17:14:39.374026-08:00,read,key_41,3.09,true,false,102
2025-11-27T17:14:39.384998-08:00,read,key_165,0.97,false,false,0
2025-11-27T17:14:39.396223-08:00,read,key_817,1.71,true,false,130
2025-11-27T17:14:39.406797-08:00,read,key_241,1.46,false,false,0
2025-11-27T17:14:39.417901-08:00,read,key_185,1.59,false,false,0
2025-11-27T17:14:39.429521-08:00,read,key_999,2.12,false,false,0
2025-11-27T17:14:39.122153-08:00,write,key_834,309.51,true,false,188
2025-11-27T17:14:39.43981-08:00,read,key_740,1.50,true,false,137
2025-11-27T17:14:39.144673-08:00,write,key_568,305.21,true,false,187
2025-11-27T17:14:39.450006-08:00,read,key_683,1.28,false,false,0
2025-11-27T17:14:39.46115-08:00,read,key_988,2.75,true,false,106
2025-11-27T17:14:39.483052-08:00,read,key_444,1.43,true,false,168
2025-11-27T17:14:39.493882-08:00,read,key_782,3.04,false,false,0
2025-11-27T17:14:39.505139-08:00,read,key_918,1.66,true,false,40
2025-11-27T17:14:39.516272-08:00,read,key_781,1.62,false,false,0
2025-11-27T17:14:39.527606-08:00,read,key_793,2.77,true,false,10
2025-11-27T17:14:39.232093-08:00,write,key_539,307.96,true,false,187
2025-11-27T17:14:39.538666-08:00,read,key_639,2.35,false,false,0
2025-11-27T17:14:39.549743-08:00,read,key_541,1.69,true,false,151
2025-11-27T17:14:39.561111-08:00,read,key_320,2.57,false,false,0
2025-11-27T17:14:39.572042-08:00,read,key_108,1.31,false,false,0
2025-11-27T17:14:39.583172-08:00,read,key_412,1.51,false,false,0
2025-11-27T17:14:39.288442-08:00,write,key_259,308.97,true,false,189
2025-11-27T17:14:39.594337-08:00,read,key_891,3.25,true,false,119
2025-11-27T17:14:39.605163-08:00,read,key_898,1.30,true,false,116
2025-11-27T17:14:39.6156-08:00,read,key_514,1.37,false,false,0
2025-11-27T17:14:39.626791-08:00,read,key_445,3.13,false,false,0
2025-11-27T17:14:39.638078-08:00,read,key_743,1.99,true,false,100
2025-11-27T17:14:39.342023-08:00,write,key_26,308.20,true,false,188
2025-11-27T17:14:39.649214-08:00,read,key_804,1.46,true,false,114
2025-11-27T17:14:39.660391-08:00,read,key_791,2.36,true,false,139
2025-11-27T17:14:39.671457-08:00,read,key_658,1.71,false,false,0
2025-11-27T17:14:39.362897-08:00,write,key_313,310.29,true,false,189
2025-11-27T17:14:39.682065-08:00,read,key_746,1.87,true,false,15
2025-11-27T17:14:39.704478-08:00,read,key_948,1.37,false,false,0
2025-11-27T17:14:39.715627-08:00,read,key_373,1.63,false,false,0
2025-11-27T17:14:39.726754-08:00,read,key_402,2.68,false,false,0
2025-11-27T17:14:39.737605-08:00,read,key_816,1.59,false,false,0
2025-11-27T17:14:39.748715-08:00,read,key_222,1.44,false,false,0
2025-11-27T17:14:39.759898-08:00,read,key_320,1.85,false,false,0
2025-11-27T17:14:39.771394-08:00,read,key_43,2.16,true,false,144
2025-11-27T17:14:39.471901-08:00,write,key_456,309.16,true,false,190
2025-11-27T17:14:39.78157-08:00,read,key_67,0.84,true,false,69
2025-11-27T17:14:39.792761-08:00,read,key_515,1.48,false,false,0
2025-11-27T17:14:39.803465-08:00,read,key_460,2.69,true,false,170
2025-11-27T17:14:39.825014-08:00,read,key_738,1.78,true,false,168
2025-11-27T17:14:39.835731-08:00,read,key_39,2.68,true,false,138
2025-11-27T17:14:39.846806-08:00,read,key_816,1.51,false,false,0
2025-11-27T17:14:39.868282-08:00,read,key_474,2.95,true,false,141
2025-11-27T17:14:39.879167-08:00,read,key_148,1.63,false,false,0
2025-11-27T17:14:39.889987-08:00,read,key_30,1.46,false,false,0
2025-11-27T17:14:39.90045-08:00,read,key_414,1.18,true,false,179
2025-11-27T17:14:39.921977-08:00,read,key_998,1.58,false,false,0
2025-11-27T17:14:39.933177-08:00,read,key_916,2.01,false,false,0
2025-11-27T17:14:39.944357-08:00,read,key_108,2.56,false,false,0
2025-11-27T17:14:39.95454-08:00,read,key_35,3.47,true,false,60
2025-11-27T17:14:39.965466-08:00,read,key_90,1.31,false,false,0
2025-11-27T17:14:39.976635-08:00,read,key_417,2.97,false,false,0
2025-11-27T17:14:39.988128-08:00,read,key_803,2.11,false,false,0
2025-11-27T17:14:39.693196-08:00,write,key_676,306.83,true,false,190
2025-11-27T17:14:39.998834-08:00,read,key_558,1.85,false,false,0
2025-11-27T17:14:40.009131-08:00,read,key_834,1.58,true,false,188
2025-11-27T17:14:40.020125-08:00,read,key_435,2.56,false,false,0
2025-11-27T17:14:40.031224-08:00,read,key_351,1.60,true,false,54
2025-11-27T17:14:40.042144-08:00,read,key_91,1.95,false,false,0
2025-11-27T17:14:40.053352-08:00,read,key_952,2.94,false,false,0
2025-11-27T17:14:40.064374-08:00,read,key_513,1.61,false,false,0
2025-11-27T17:14:40.075528-08:00,read,key_816,1.88,false,false,0
2025-11-27T17:14:40.08734-08:00,read,key_974,2.16,true,false,168
2025-11-27T17:14:40.098074-08:00,read,key_63,1.82,true,false,59
2025-11-27T17:14:40.108834-08:00,read,key_751,1.88,false,false,0
2025-11-27T17:14:39.813868-08:00,write,key_994,307.28,true,false,191
2025-11-27T17:14:40.119102-08:00,read,key_562,3.05,true,false,150
2025-11-27T17:14:40.130128-08:00,read,key_487,1.58,false,false,0
2025-11-27T17:14:40.140402-08:00,read,key_381,1.91,false,false,0
2025-11-27T17:14:40.151552-08:00,read,key_677,3.04,true,false,164
2025-11-27T17:14:39.857039-08:00,write,key_705,308.09,true,false,191
2025-11-27T17:14:40.162936-08:00,read,key_992,2.26,false,false,0
2025-11-27T17:14:40.184862-08:00,read,key_17,2.20,true,false,125
2025-11-27T17:14:40.196102-08:00,read,key_63,1.76,true,false,59
2025-11-27T17:14:40.207058-08:00,read,key_265,1.76,false,false,0
2025-11-27T17:14:39.910767-08:00,write,key_226,309.95,true,false,192
2025-11-27T17:14:40.229371-08:00,read,key_533,3.26,false,false,0
2025-11-27T17:14:40.239746-08:00,read,key_798,1.82,false,false,0
2025-11-27T17:14:40.249979-08:00,read,key_253,1.64,false,false,0
2025-11-27T17:14:40.260781-08:00,read,key_39,2.85,true,false,138
2025-11-27T17:14:40.271913-08:00,read,key_833,1.80,true,false,94
2025-11-27T17:14:40.282999-08:00,read,key_71,1.34,true,false,164
2025-11-27T17:14:40.293554-08:00,read,key_511,3.44,false,false,0
2025-11-27T17:14:40.304771-08:00,read,key_731,1.64,false,false,0
2025-11-27T17:14:40.315428-08:00,read,key_72,2.01,true,false,37
2025-11-27T17:14:40.327002-08:00,read,key_653,2.82,false,false,0
2025-11-27T17:14:40.33809-08:00,read,key_182,1.97,false,false,0
2025-11-27T17:14:40.348587-08:00,read,key_606,1.52,false,false,0
2025-11-27T17:14:40.359777-08:00,read,key_250,1.94,false,false,0
2025-11-27T17:14:40.380882-08:00,read,key_823,1.36,false,false,0
2025-11-27T17:14:40.391056-08:00,read,key_961,1.64,false,false,0
2025-11-27T17:14:40.402189-08:00,read,key_499,2.92,false,false,0
2025-11-27T17:14:40.413192-08:00,read,key_588,1.31,true,false,96
2025-11-27T17:14:40.435442-08:00,read,key_51,2.91,true,false,52
2025-11-27T17:14:40.446514-08:00,read,key_11,1.57,false,false,0
2025-11-27T17:14:40.457679-08:00,read,key_898,1.99,true,false,116
2025-11-27T17:14:40.469455-08:00,read,key_198,1.98,true,false,192
2025-11-27T17:14:40.480605-08:00,read,key_469,1.44,false,false,0
2025-11-27T17:14:40.173717-08:00,write,key_198,309.01,true,false,192
2025-11-27T17:14:40.491727-08:00,read,key_509,1.46,false,false,0
2025-11-27T17:14:40.502898-08:00,read,key_837,2.49,false,false,0
2025-11-27T17:14:40.513752-08:00,read,key_1,2.95,true,false,39
2025-11-27T17:14:40.523928-08:00,read,key_920,1.86,true,false,159
2025-11-27T17:14:40.218222-08:00,write,key_683,307.89,true,false,193
2025-11-27T17:14:40.535032-08:00,read,key_171,3.55,false,false,0
2025-11-27T17:14:40.557571-08:00,read,key_744,2.18,false,false,0
2025-11-27T17:14:40.56867-08:00,read,key_554,3.97,false,false,0
2025-11-27T17:14:40.579642-08:00,read,key_260,4.08,false,false,0
2025-11-27T17:14:40.590544-08:00,read,key_196,1.10,false,false,0
2025-11-27T17:14:40.601754-08:00,read,key_559,3.33,false,false,0
2025-11-27T17:14:40.612541-08:00,read,key_320,2.02,false,false,0
2025-11-27T17:14:40.623682-08:00,read,key_247,1.52,false,false,0
2025-11-27T17:14:40.634166-08:00,read,key_642,1.11,false,false,0
2025-11-27T17:14:40.645105-08:00,read,key_907,1.85,false,false,0
2025-11-27T17:14:40.655784-08:00,read,key_756,1.60,false,false,0
2025-11-27T17:14:40.666526-08:00,read,key_946,1.64,true,false,195
2025-11-27T17:14:40.370159-08:00,write,key_869,306.57,true,false,193
2025-11-27T17:14:40.676766-08:00,read,key_991,0.67,true,false,76
2025-11-27T17:14:40.688018-08:00,read,key_743,2.20,true,false,100
2025-11-27T17:14:40.699096-08:00,read,key_500,1.44,false,false,0
2025-11-27T17:14:40.721331-08:00,read,key_105,1.86,false,false,0
2025-11-27T17:14:40.731952-08:00,read,key_982,1.62,true,false,5
2025-11-27T17:14:40.424303-08:00,write,key_689,310.47,true,false,194
2025-11-27T17:14:40.743038-08:00,read,key_32,1.71,true,false,136
2025-11-27T17:14:40.753372-08:00,read,key_387,2.35,true,false,161
2025-11-27T17:14:40.764499-08:00,read,key_228,1.64,true,false,85
2025-11-27T17:14:40.775699-08:00,read,key_333,2.00,false,false,0
2025-11-27T17:14:40.787162-08:00,read,key_704,1.67,false,false,0
2025-11-27T17:14:40.797736-08:00,read,key_695,1.56,true,false,166
2025-11-27T17:14:40.80846-08:00,read,key_738,1.59,true,false,168
2025-11-27T17:14:40.819141-08:00,read,key_807,2.46,false,false,0
2025-11-27T17:14:40.840514-08:00,read,key_413,1.68,true,false,79
2025-11-27T17:14:40.546296-08:00,write,key_946,305.20,true,false,195
2025-11-27T17:14:40.850769-08:00,read,key_851,0.95,false,false,0
2025-11-27T17:14:40.862206-08:00,read,key_166,2.17,false,false,0
2025-11-27T17:14:40.873346-08:00,read,key_11,1.22,false,false,0
2025-11-27T17:14:40.88452-08:00,read,key_960,1.83,false,false,0
2025-11-27T17:14:40.906401-08:00,read,key_148,1.59,false,false,0
2025-11-27T17:14:40.916697-08:00,read,key_447,1.29,false,false,0
2025-11-27T17:14:40.927285-08:00,read,key_634,4.89,false,false,0
2025-11-27T17:14:40.938179-08:00,read,key_738,1.67,true,false,168
2025-11-27T17:14:40.948786-08:00,read,key_493,1.53,true,false,31
2025-11-27T17:14:40.959924-08:00,read,key_684,1.93,true,false,70
2025-11-27T17:14:40.971427-08:00,read,key_684,2.15,true,false,70
2025-11-27T17:14:40.981729-08:00,read,key_60,1.40,false,false,0
2025-11-27T17:14:40.992871-08:00,read,key_81,1.46,false,false,0
2025-11-27T17:14:41.003553-08:00,read,key_997,2.64,false,false,0
2025-11-27T17:14:40.710001-08:00,write,key_25,305.90,true,false,196
2025-11-27T17:14:41.014221-08:00,read,key_269,1.93,false,false,0
2025-11-27T17:14:41.025346-08:00,read,key_560,1.41,false,false,0
2025-11-27T17:14:41.036481-08:00,read,key_531,2.69,false,false,0
2025-11-27T17:14:41.047046-08:00,read,key_693,1.57,false,false,0
2025-11-27T17:14:41.058201-08:00,read,key_564,1.63,true,false,125
2025-11-27T17:14:41.069284-08:00,read,key_106,2.83,true,false,101
2025-11-27T17:14:41.080306-08:00,read,key_537,1.56,false,false,0
2025-11-27T17:14:41.091494-08:00,read,key_870,1.72,false,false,0
2025-11-27T17:14:41.113905-08:00,read,key_500,1.94,false,false,0
2025-11-27T17:14:41.124935-08:00,read,key_907,1.62,false,false,0
2025-11-27T17:14:40.830198-08:00,write,key_520,308.62,true,false,195
2025-11-27T17:14:41.146681-08:00,read,key_752,1.25,false,false,0
2025-11-27T17:14:41.168237-08:00,read,key_58,1.67,true,false,41
2025-11-27T17:14:41.179667-08:00,read,key_749,1.85,true,false,164
2025-11-27T17:14:41.190813-08:00,read,key_463,1.61,false,false,0
2025-11-27T17:14:41.201979-08:00,read,key_291,3.15,false,false,0
2025-11-27T17:14:40.895214-08:00,write,key_281,309.95,true,false,197
2025-11-27T17:14:41.213007-08:00,read,key_6,1.74,false,false,0
2025-11-27T17:14:41.224133-08:00,read,key_121,1.47,false,false,0
2025-11-27T17:14:41.235264-08:00,read,key_322,2.99,true,false,174
2025-11-27T17:14:41.245889-08:00,read,key_915,1.33,false,false,0
2025-11-27T17:14:41.257031-08:00,read,key_855,1.59,true,false,140
2025-11-27T17:14:41.268192-08:00,read,key_233,2.64,true,false,179
2025-11-27T17:14:41.279378-08:00,read,key_940,1.98,true,false,63
2025-11-27T17:14:41.300408-08:00,read,key_284,1.63,true,false,129
2025-11-27T17:14:41.311087-08:00,read,key_730,3.04,true,false,16
2025-11-27T17:14:41.321253-08:00,read,key_314,1.96,true,false,12
2025-11-27T17:14:41.332032-08:00,read,key_676,1.46,true,false,190
2025-11-27T17:14:41.343146-08:00,read,key_807,5.24,false,false,0
2025-11-27T17:14:41.353335-08:00,read,key_987,2.35,false,false,0
2025-11-27T17:14:41.364439-08:00,read,key_422,1.67,true,false,123
2025-11-27T17:14:41.374734-08:00,read,key_939,1.71,false,false,0
2025-11-27T17:14:41.385974-08:00,read,key_593,2.53,false,false,0
2025-11-27T17:14:41.397059-08:00,read,key_483,1.80,true,false,14
2025-11-27T17:14:41.102644-08:00,write,key_699,312.87,true,false,197
2025-11-27T17:14:41.419222-08:00,read,key_877,2.86,true,false,141
2025-11-27T17:14:41.430245-08:00,read,key_359,1.55,false,false,0
2025-11-27T17:14:41.441456-08:00,read,key_468,1.74,false,false,0
2025-11-27T17:14:41.135705-08:00,write,key_93,312.02,true,false,198
2025-11-27T17:14:41.157059-08:00,write,key_519,309.13,true,false,197
2025-11-27T17:14:41.463094-08:00,read,key_128,3.76,false,false,0
2025-11-27T17:14:41.473653-08:00,read,key_222,1.40,false,false,0
2025-11-27T17:14:41.484481-08:00,read,key_472,1.69,true,false,112
2025-11-27T17:14:41.496025-08:00,read,key_485,1.79,true,false,91
2025-11-27T17:14:41.507002-08:00,read,key_433,1.44,true,false,146
2025-11-27T17:14:41.518159-08:00,read,key_566,1.75,true,false,127
2025-11-27T17:14:41.529109-08:00,read,key_366,2.65,false,false,0
2025-11-27T17:14:41.54014-08:00,read,key_635,1.70,false,false,0
2025-11-27T17:14:41.551294-08:00,read,key_496,2.01,false,false,0
2025-11-27T17:14:41.562446-08:00,read,key_539,2.85,true,false,187
2025-11-27T17:14:41.584361-08:00,read,key_480,3.04,false,false,0
2025-11-27T17:14:41.595397-08:00,read,key_270,2.11,false,false,0
2025-11-27T17:14:41.290051-08:00,write,key_834,307.52,true,false,199
2025-11-27T17:14:41.606587-08:00,read,key_652,1.56,false,false,0
2025-11-27T17:14:41.617694-08:00,read,key_142,1.29,false,false,0
2025-11-27T17:14:41.62902-08:00,read,key_356,1.55,false,false,0
2025-11-27T17:14:41.639856-08:00,read,key_230,2.05,true,false,148
2025-11-27T17:14:41.650324-08:00,read,key_459,1.55,false,false,0
2025-11-27T17:14:41.661495-08:00,read,key_97,2.55,false,false,0
2025-11-27T17:14:41.672591-08:00,read,key_469,1.52,false,false,0
2025-11-27T17:14:41.683736-08:00,read,key_2,1.83,true,false,80
2025-11-27T17:14:41.694053-08:00,read,key_649,2.89,false,false,0
2025-11-27T17:14:41.705091-08:00,read,key_809,1.75,false,false,0
2025-11-27T17:14:41.715878-08:00,read,key_85,1.37,false,false,0
2025-11-27T17:14:41.408552-08:00,write,key_697,309.34,true,false,198
2025-11-27T17:14:41.738202-08:00,read,key_673,1.53,false,false,0
2025-11-27T17:14:41.451587-08:00,write,key_656,306.53,true,false,199
2025-11-27T17:14:41.759587-08:00,read,key_143,1.26,false,false,0
2025-11-27T17:14:41.771518-08:00,read,key_689,1.77,true,false,194
2025-11-27T17:14:41.782564-08:00,read,key_726,1.77,true,false,122
2025-11-27T17:14:41.793689-08:00,read,key_588,2.62,true,false,96
2025-11-27T17:14:41.80475-08:00,read,key_103,1.63,false,false,0
2025-11-27T17:14:41.815381-08:00,read,key_675,1.91,false,false,0
2025-11-27T17:14:41.826566-08:00,read,key_217,3.18,true,false,108
2025-11-27T17:14:41.837519-08:00,read,key_603,2.20,false,false,0
2025-11-27T17:14:41.848688-08:00,read,key_682,1.90,false,false,0
2025-11-27T17:14:41.859478-08:00,read,key_944,1.95,false,false,0
2025-11-27T17:14:41.870536-08:00,read,key_790,2.29,false,false,0
2025-11-27T17:14:41.573159-08:00,write,key_621,307.48,true,false,200
2025-11-27T17:14:41.880626-08:00,read,key_992,0.77,false,false,0
2025-11-27T17:14:41.891814-08:00,read,key_645,1.53,false,false,0
2025-11-27T17:14:41.91419-08:00,read,key_292,1.87,true,false,145
2025-11-27T17:14:41.925317-08:00,read,key_984,1.43,false,false,0
2025-11-27T17:14:41.93652-08:00,read,key_387,2.98,true,false,161
2025-11-27T17:14:41.946966-08:00,read,key_148,1.35,false,false,0
2025-11-27T17:14:41.958121-08:00,read,key_540,5.46,true,false,114
2025-11-27T17:14:41.99034-08:00,read,key_936,4.04,false,false,0
2025-11-27T17:14:42.012876-08:00,read,key_756,1.63,false,false,0
2025-11-27T17:14:42.023375-08:00,read,key_589,1.29,false,false,0
2025-11-27T17:14:42.034543-08:00,read,key_602,3.04,false,false,0
2025-11-27T17:14:41.72704-08:00,write,key_234,311.58,true,false,200
2025-11-27T17:14:42.045407-08:00,read,key_354,2.25,false,false,0
2025-11-27T17:14:41.749343-08:00,write,key_255,305.14,true,false,200
2025-11-27T17:14:42.055681-08:00,read,key_915,1.14,false,false,0
2025-11-27T17:14:42.066853-08:00,read,key_749,1.45,true,false,164
2025-11-27T17:14:42.077564-08:00,read,key_513,2.44,false,false,0
2025-11-27T17:14:42.088647-08:00,read,key_998,1.46,false,false,0
2025-11-27T17:14:42.110193-08:00,read,key_696,2.90,true,false,24
2025-11-27T17:14:42.132671-08:00,read,key_798,1.33,false,false,0
2025-11-27T17:14:42.14387-08:00,read,key_420,3.59,false,false,0
2025-11-27T17:14:42.154869-08:00,read,key_223,1.35,false,false,0
2025-11-27T17:14:42.165171-08:00,read,key_647,1.13,false,false,0
2025-11-27T17:14:42.17647-08:00,read,key_325,2.75,false,false,0
2025-11-27T17:14:42.187431-08:00,read,key_3,1.72,false,false,0
2025-11-27T17:14:42.19857-08:00,read,key_59,1.83,true,false,169
2025-11-27T17:14:41.903007-08:00,write,key_542,305.91,true,false,201
2025-11-27T17:14:42.208822-08:00,read,key_853,1.03,false,false,0
2025-11-27T17:14:42.219952-08:00,read,key_575,2.70,false,false,0
2025-11-27T17:14:42.230669-08:00,read,key_141,1.33,true,false,76
2025-11-27T17:14:42.24164-08:00,read,key_337,1.72,false,false,0
2025-11-27T17:14:42.252637-08:00,read,key_462,2.65,false,false,0
2025-11-27T17:14:42.263548-08:00,read,key_650,1.79,true,false,172
2025-11-27T17:14:41.968815-08:00,write,key_742,306.87,true,false,202
2025-11-27T17:14:42.273932-08:00,read,key_913,1.78,true,false,132
2025-11-27T17:14:41.979952-08:00,write,key_279,309.67,true,false,201
2025-11-27T17:14:42.296266-08:00,read,key_426,1.99,false,false,0
2025-11-27T17:14:42.001292-08:00,write,key_293,305.47,true,false,202
2025-11-27T17:14:42.306827-08:00,read,key_189,0.89,false,false,0
2025-11-27T17:14:42.318037-08:00,read,key_553,1.59,true,false,75
2025-11-27T17:14:42.329203-08:00,read,key_15,1.34,false,false,0
2025-11-27T17:14:42.33984-08:00,read,key_865,1.43,false,false,0
2025-11-27T17:14:42.350786-08:00,read,key_586,1.78,false,false,0
2025-11-27T17:14:42.362133-08:00,read,key_982,2.64,true,false,5
2025-11-27T17:14:42.373194-08:00,read,key_225,1.74,true,false,145
2025-11-27T17:14:42.384369-08:00,read,key_751,1.73,false,false,0
2025-11-27T17:14:42.099778-08:00,write,key_606,306.73,true,false,203
2025-11-27T17:14:42.406279-08:00,read,key_197,1.12,false,false,0
2025-11-27T17:14:42.121457-08:00,write,key_692,308.97,true,false,201
2025-11-27T17:14:42.438141-08:00,read,key_693,3.20,false,false,0
2025-11-27T17:14:42.449108-08:00,read,key_100,1.57,true,false,173
2025-11-27T17:14:42.459356-08:00,read,key_96,1.31,true,false,111
2025-11-27T17:14:42.470106-08:00,read,key_574,2.92,true,false,122
2025-11-27T17:14:42.481226-08:00,read,key_695,1.70,true,false,166
2025-11-27T17:14:42.491969-08:00,read,key_673,1.26,false,false,0
2025-11-27T17:14:42.503182-08:00,read,key_356,2.28,false,false,0
2025-11-27T17:14:42.513758-08:00,read,key_603,1.63,false,false,0
2025-11-27T17:14:42.523951-08:00,read,key_226,1.67,true,false,192
2025-11-27T17:14:42.535086-08:00,read,key_545,1.64,true,false,82
2025-11-27T17:14:42.546225-08:00,read,key_540,1.69,true,false,114
2025-11-27T17:14:42.557402-08:00,read,key_40,1.86,false,false,0
2025-11-27T17:14:42.568523-08:00,read,key_26,2.92,true,false,188
2025-11-27T17:14:42.579726-08:00,read,key_536,1.73,false,false,0
2025-11-27T17:14:42.590341-08:00,read,key_993,1.58,true,false,166
2025-11-27T17:14:42.285061-08:00,write,key_419,308.22,true,false,204
2025-11-27T17:14:42.600962-08:00,read,key_251,1.18,false,false,0
2025-11-27T17:14:42.612092-08:00,read,key_269,2.47,false,false,0
2025-11-27T17:14:42.622839-08:00,read,key_586,1.78,false,false,0
2025-11-27T17:14:42.634006-08:00,read,key_427,1.26,true,false,174
2025-11-27T17:14:42.645124-08:00,read,key_907,1.60,false,false,0
2025-11-27T17:14:42.655602-08:00,read,key_703,1.53,true,false,90
2025-11-27T17:14:42.665835-08:00,read,key_31,1.87,true,false,107
2025-11-27T17:14:42.677021-08:00,read,key_472,2.84,true,false,112
2025-11-27T17:14:42.688084-08:00,read,key_970,1.80,false,false,0
2025-11-27T17:14:42.698631-08:00,read,key_470,1.39,true,false,38
2025-11-27T17:14:42.395333-08:00,write,key_994,310.62,true,false,205
2025-11-27T17:14:42.70911-08:00,read,key_895,1.13,false,false,0
2025-11-27T17:14:42.720065-08:00,read,key_417,3.57,false,false,0
2025-11-27T17:14:42.416454-08:00,write,key_315,307.38,true,false,205
2025-11-27T17:14:42.73102-08:00,read,key_857,1.90,true,false,113
2025-11-27T17:14:42.427496-08:00,write,key_636,308.01,true,false,206
2025-11-27T17:14:42.741859-08:00,read,key_692,1.44,true,false,201
2025-11-27T17:14:42.764462-08:00,read,key_142,1.70,false,false,0
2025-11-27T17:14:42.774947-08:00,read,key_894,1.74,false,false,0
2025-11-27T17:14:42.786127-08:00,read,key_636,2.77,true,false,206
2025-11-27T17:14:42.797203-08:00,read,key_93,2.06,true,false,198
2025-11-27T17:14:42.807793-08:00,read,key_78,1.55,false,false,0
2025-11-27T17:14:42.818496-08:00,read,key_90,2.87,false,false,0
2025-11-27T17:14:42.828829-08:00,read,key_646,2.61,false,false,0
2025-11-27T17:14:42.851121-08:00,read,key_61,3.21,true,false,40
2025-11-27T17:14:42.862-08:00,read,key_24,2.34,false,false,0
2025-11-27T17:14:42.872422-08:00,read,key_418,1.72,false,false,0
2025-11-27T17:14:42.883577-08:00,read,key_892,1.34,false,false,0
2025-11-27T17:14:42.894748-08:00,read,key_374,3.05,false,false,0
2025-11-27T17:14:42.916418-08:00,read,key_238,0.88,false,false,0
2025-11-27T17:14:42.927204-08:00,read,key_609,1.29,true,false,23
2025-11-27T17:14:42.938008-08:00,read,key_652,0.91,false,false,0
2025-11-27T17:14:42.949211-08:00,read,key_546,0.76,true,false,112
2025-11-27T17:14:42.971203-08:00,read,key_602,1.00,false,false,0
2025-11-27T17:14:42.98238-08:00,read,key_613,0.71,false,false,0
2025-11-27T17:14:42.993516-08:00,read,key_568,0.78,true,false,187
2025-11-27T17:14:43.004698-08:00,read,key_475,0.87,false,false,0
2025-11-27T17:14:43.015365-08:00,read,key_732,0.86,true,false,13
2025-11-27T17:14:43.037913-08:00,read,key_937,2.32,false,false,0
2025-11-27T17:14:43.04862-08:00,read,key_432,3.30,false,false,0
2025-11-27T17:14:43.059202-08:00,read,key_357,1.23,false,false,0
2025-11-27T17:14:42.753067-08:00,write,key_460,307.42,true,false,207
2025-11-27T17:14:43.07075-08:00,read,key_50,2.02,false,false,0
2025-11-27T17:14:43.081938-08:00,read,key_808,1.86,true,false,157
2025-11-27T17:14:43.092831-08:00,read,key_100,1.86,true,false,173
2025-11-27T17:14:43.10419-08:00,read,key_800,2.20,false,false,0
2025-11-27T17:14:43.115292-08:00,read,key_650,1.91,true,false,172
2025-11-27T17:14:43.126446-08:00,read,key_676,3.30,true,false,190
2025-11-27T17:14:43.137244-08:00,read,key_10,1.91,false,false,0
2025-11-27T17:14:42.839913-08:00,write,key_574,310.13,true,false,207
2025-11-27T17:14:43.159028-08:00,read,key_898,1.57,true,false,116
2025-11-27T17:14:43.170205-08:00,read,key_351,2.56,true,false,54
2025-11-27T17:14:43.18127-08:00,read,key_925,1.47,false,false,0
2025-11-27T17:14:43.192071-08:00,read,key_798,1.73,false,false,0
2025-11-27T17:14:43.202315-08:00,read,key_749,2.72,true,false,164
2025-11-27T17:14:42.905239-08:00,write,key_383,309.17,true,false,207
2025-11-27T17:14:43.213472-08:00,read,key_804,1.16,true,false,114
2025-11-27T17:14:43.224604-08:00,read,key_829,1.51,false,false,0
2025-11-27T17:14:43.235853-08:00,read,key_99,2.84,true,false,128
2025-11-27T17:14:43.246997-08:00,read,key_846,1.78,false,false,0
2025-11-27T17:14:43.258101-08:00,read,key_471,1.49,true,false,158
2025-11-27T17:14:42.960035-08:00,write,key_925,305.09,true,false,208
2025-11-27T17:14:43.268625-08:00,read,key_32,2.30,true,false,136
2025-11-27T17:14:43.29016-08:00,read,key_693,3.15,false,false,0
2025-11-27T17:14:43.301042-08:00,read,key_357,1.68,false,false,0
2025-11-27T17:14:43.31206-08:00,read,key_256,2.65,false,false,0
2025-11-27T17:14:43.334284-08:00,read,key_418,1.24,false,false,0
2025-11-27T17:14:43.026718-08:00,write,key_202,308.83,true,false,207
2025-11-27T17:14:43.345528-08:00,read,key_523,2.41,true,false,126
2025-11-27T17:14:43.356667-08:00,read,key_511,1.79,false,false,0
2025-11-27T17:14:43.366876-08:00,read,key_555,1.57,true,false,146
2025-11-27T17:14:43.378049-08:00,read,key_356,2.25,false,false,0
2025-11-27T17:14:43.38857-08:00,read,key_403,1.46,false,false,0
2025-11-27T17:14:43.410023-08:00,read,key_65,2.00,false,false,0
2025-11-27T17:14:43.420524-08:00,read,key_54,2.00,false,false,0
2025-11-27T17:14:43.430739-08:00,read,key_787,1.41,false,false,0
2025-11-27T17:14:43.441926-08:00,read,key_858,1.33,true,false,126
2025-11-27T17:14:43.147879-08:00,write,key_519,307.34,true,false,208
2025-11-27T17:14:43.453183-08:00,read,key_829,2.49,false,false,0
2025-11-27T17:14:43.464278-08:00,read,key_231,1.57,false,false,0
2025-11-27T17:14:43.47515-08:00,read,key_291,1.81,false,false,0
2025-11-27T17:14:43.486317-08:00,read,key_971,3.51,false,false,0
2025-11-27T17:14:43.497255-08:00,read,key_645,1.62,false,false,0
2025-11-27T17:14:43.508418-08:00,read,key_373,1.61,false,false,0
2025-11-27T17:14:43.519295-08:00,read,key_367,2.79,false,false,0
2025-11-27T17:14:43.530342-08:00,read,key_278,1.48,true,false,46
2025-11-27T17:14:43.541552-08:00,read,key_500,1.96,false,false,0
2025-11-27T17:14:43.55239-08:00,read,key_529,2.61,false,false,0
2025-11-27T17:14:43.56361-08:00,read,key_929,1.99,false,false,0
2025-11-27T17:14:43.574789-08:00,read,key_524,2.00,false,false,0
2025-11-27T17:14:43.279756-08:00,write,key_343,311.28,true,false,209
2025-11-27T17:14:43.596309-08:00,read,key_673,1.52,false,false,0
2025-11-27T17:14:43.606991-08:00,read,key_67,1.57,true,false,69
2025-11-27T17:14:43.617906-08:00,read,key_989,4.56,false,false,0
2025-11-27T17:14:43.32311-08:00,write,key_77,306.96,true,false,210
2025-11-27T17:14:43.62894-08:00,read,key_703,1.60,true,false,90
2025-11-27T17:14:43.639555-08:00,read,key_975,1.39,false,false,0
2025-11-27T17:14:43.650498-08:00,read,key_632,1.83,false,false,0
2025-11-27T17:14:43.66185-08:00,read,key_126,2.80,false,false,0
2025-11-27T17:14:43.672544-08:00,read,key_279,1.40,true,false,201
2025-11-27T17:14:43.683747-08:00,read,key_655,1.33,false,false,0
2025-11-27T17:14:43.695367-08:00,read,key_919,2.21,true,false,38
2025-11-27T17:14:43.706466-08:00,read,key_493,1.45,true,false,31
2025-11-27T17:14:43.398842-08:00,write,key_608,309.26,true,false,210
2025-11-27T17:14:43.716626-08:00,read,key_918,1.80,true,false,40
2025-11-27T17:14:43.738603-08:00,read,key_528,1.77,true,false,152
2025-11-27T17:14:43.749731-08:00,read,key_816,1.49,false,false,0
2025-11-27T17:14:43.76077-08:00,read,key_972,2.84,false,false,0
2025-11-27T17:14:43.771807-08:00,read,key_237,1.52,false,false,0
2025-11-27T17:14:43.782964-08:00,read,key_520,1.72,true,false,195
2025-11-27T17:14:43.793804-08:00,read,key_101,2.65,true,false,116
2025-11-27T17:14:43.80492-08:00,read,key_935,1.45,false,false,0
2025-11-27T17:14:43.816043-08:00,read,key_443,1.69,false,false,0
2025-11-27T17:14:43.827289-08:00,read,key_293,2.51,true,false,202
2025-11-27T17:14:43.849686-08:00,read,key_224,1.80,false,false,0
2025-11-27T17:14:43.871857-08:00,read,key_163,1.64,true,false,184
2025-11-27T17:14:43.88302-08:00,read,key_705,1.55,true,false,191
2025-11-27T17:14:43.585313-08:00,write,key_691,307.82,true,false,211
2025-11-27T17:14:43.893175-08:00,read,key_337,1.26,false,false,0
2025-11-27T17:14:43.905574-08:00,read,key_47,1.98,true,false,115
2025-11-27T17:14:43.916585-08:00,read,key_854,1.55,false,false,0
2025-11-27T17:14:43.939093-08:00,read,key_282,1.77,false,false,0
2025-11-27T17:14:43.950267-08:00,read,key_337,0.90,false,false,0
2025-11-27T17:14:43.960581-08:00,read,key_460,2.75,true,false,207
2025-11-27T17:14:43.99395-08:00,read,key_234,4.34,true,false,200
2025-11-27T17:14:44.004792-08:00,read,key_52,1.43,false,false,0
2025-11-27T17:14:44.026252-08:00,read,key_566,5.03,true,false,127
2025-11-27T17:14:43.727377-08:00,write,key_117,305.09,true,false,212
2025-11-27T17:14:44.037341-08:00,read,key_730,3.75,true,false,16
2025-11-27T17:14:44.04828-08:00,read,key_634,1.62,false,false,0
2025-11-27T17:14:44.059415-08:00,read,key_531,1.25,false,false,0
2025-11-27T17:14:44.069982-08:00,read,key_988,2.65,true,false,106
2025-11-27T17:14:44.080759-08:00,read,key_540,1.58,true,false,114
2025-11-27T17:14:44.091916-08:00,read,key_573,1.37,false,false,0
2025-11-27T17:14:44.102358-08:00,read,key_458,3.26,false,false,0
2025-11-27T17:14:44.113356-08:00,read,key_789,2.06,false,false,0
2025-11-27T17:14:44.124495-08:00,read,key_213,1.82,false,false,0
2025-11-27T17:14:44.1352-08:00,read,key_99,2.63,true,false,128
2025-11-27T17:14:43.83845-08:00,write,key_433,303.79,true,false,211
2025-11-27T17:14:44.145703-08:00,read,key_126,1.92,false,false,0
2025-11-27T17:14:43.860688-08:00,write,key_262,307.82,true,false,211
2025-11-27T17:14:44.178282-08:00,read,key_851,2.59,false,false,0
2025-11-27T17:14:44.189321-08:00,read,key_740,1.48,true,false,137
2025-11-27T17:14:44.200313-08:00,read,key_720,1.17,false,false,0
2025-11-27T17:14:44.212054-08:00,read,key_851,2.93,false,false,0
2025-11-27T17:14:43.927767-08:00,write,key_895,310.46,true,false,213
2025-11-27T17:14:44.234258-08:00,read,key_885,4.52,false,false,0
2025-11-27T17:14:44.245523-08:00,read,key_218,3.07,true,false,53
2025-11-27T17:14:44.256121-08:00,read,key_609,1.62,true,false,23
2025-11-27T17:14:44.26728-08:00,read,key_540,1.50,true,false,114
2025-11-27T17:14:43.971637-08:00,write,key_419,304.88,true,false,212
2025-11-27T17:14:43.982788-08:00,write,key_44,306.97,true,false,212
2025-11-27T17:14:44.288781-08:00,read,key_23,1.32,false,false,0
2025-11-27T17:14:44.299926-08:00,read,key_180,1.45,false,false,0
2025-11-27T17:14:44.311172-08:00,read,key_425,3.17,true,false,175
2025-11-27T17:14:44.015956-08:00,write,key_470,305.90,true,false,213
2025-11-27T17:14:44.321633-08:00,read,key_323,0.72,false,false,0
2025-11-27T17:14:44.33184-08:00,read,key_118,1.66,false,false,0
2025-11-27T17:14:44.342012-08:00,read,key_670,1.38,false,false,0
2025-11-27T17:14:44.352721-08:00,read,key_6,2.14,false,false,0
2025-11-27T17:14:44.363851-08:00,read,key_161,1.63,false,false,0
2025-11-27T17:14:44.375003-08:00,read,key_242,1.89,false,false,0
2025-11-27T17:14:44.386158-08:00,read,key_252,2.11,true,false,50
2025-11-27T17:14:44.397273-08:00,read,key_802,1.38,false,false,0
2025-11-27T17:14:44.408467-08:00,read,key_452,1.59,false,false,0
2025-11-27T17:14:44.419432-08:00,read,key_63,2.16,true,false,59
2025-11-27T17:14:44.429848-08:00,read,key_285,1.49,true,false,174
2025-11-27T17:14:44.44097-08:00,read,key_988,1.89,true,false,106
2025-11-27T17:14:44.452254-08:00,read,key_958,2.31,false,false,0
2025-11-27T17:14:44.15653-08:00,write,key_692,307.78,true,false,213
2025-11-27T17:14:44.463245-08:00,read,key_828,1.29,false,false,0
2025-11-27T17:14:44.167666-08:00,write,key_7,306.40,true,false,214
2025-11-27T17:14:44.473976-08:00,read,key_526,1.02,false,false,0
2025-11-27T17:14:44.485239-08:00,read,key_26,2.97,true,false,188
2025-11-27T17:14:44.496237-08:00,read,key_414,1.64,true,false,179
2025-11-27T17:14:44.506633-08:00,read,key_69,1.90,false,false,0
2025-11-27T17:14:44.517041-08:00,read,key_926,1.66,false,false,0
2025-11-27T17:14:44.527475-08:00,read,key_899,2.73,true,false,156
2025-11-27T17:14:44.223103-08:00,write,key_902,310.87,true,false,215
2025-11-27T17:14:44.538166-08:00,read,key_572,1.47,false,false,0
2025-11-27T17:14:44.548647-08:00,read,key_748,1.42,false,false,0
2025-11-27T17:14:44.559824-08:00,read,key_533,2.37,false,false,0
2025-11-27T17:14:44.570797-08:00,read,key_754,2.93,false,false,0
2025-11-27T17:14:44.581889-08:00,read,key_703,2.33,true,false,90
2025-11-27T17:14:44.278435-08:00,write,key_517,310.30,true,false,214
2025-11-27T17:14:44.592453-08:00,read,key_378,0.96,false,false,0
2025-11-27T17:14:44.603415-08:00,read,key_419,1.85,true,false,212
2025-11-27T17:14:44.614612-08:00,read,key_371,1.67,false,false,0
2025-11-27T17:14:44.625814-08:00,read,key_729,1.76,false,false,0
2025-11-27T17:14:44.636689-08:00,read,key_60,2.78,false,false,0
2025-11-27T17:14:44.647726-08:00,read,key_600,1.65,false,false,0
2025-11-27T17:14:44.657942-08:00,read,key_670,1.57,false,false,0
2025-11-27T17:14:44.668994-08:00,read,key_963,2.83,false,false,0
2025-11-27T17:14:44.680108-08:00,read,key_897,1.62,false,false,0
2025-11-27T17:14:44.691237-08:00,read,key_980,1.49,true,false,83
2025-11-27T17:14:44.702422-08:00,read,key_21,2.64,false,false,0
2025-11-27T17:14:44.713594-08:00,read,key_463,1.79,false,false,0
2025-11-27T17:14:44.723866-08:00,read,key_26,1.55,true,false,188
2025-11-27T17:14:44.735038-08:00,read,key_836,2.27,true,false,99
2025-11-27T17:14:44.746158-08:00,read,key_41,1.55,true,false,102
2025-11-27T17:14:44.757296-08:00,read,key_733,1.42,false,false,0
2025-11-27T17:14:44.768513-08:00,read,key_232,2.20,false,false,0
2025-11-27T17:14:44.790792-08:00,read,key_68,1.46,false,false,0
2025-11-27T17:14:44.801934-08:00,read,key_857,3.00,true,false,113
2025-11-27T17:14:44.813548-08:00,read,key_786,1.60,false,false,0
2025-11-27T17:14:44.823796-08:00,read,key_271,1.32,false,false,0
2025-11-27T17:14:44.834933-08:00,read,key_742,2.20,true,false,202
2025-11-27T17:14:44.845407-08:00,read,key_727,2.66,false,false,0
2025-11-27T17:14:44.856441-08:00,read,key_344,1.45,true,false,29
2025-11-27T17:14:44.877894-08:00,read,key_862,2.76,false,false,0
2025-11-27T17:14:44.888939-08:00,read,key_696,1.48,true,false,24
2025-11-27T17:14:44.900099-08:00,read,key_79,1.76,false,false,0
2025-11-27T17:14:44.910931-08:00,read,key_801,2.95,false,false,0
2025-11-27T17:14:44.933047-08:00,read,key_952,1.84,false,false,0
2025-11-27T17:14:44.943289-08:00,read,key_598,1.98,false,false,0
2025-11-27T17:14:44.954282-08:00,read,key_358,2.07,false,false,0
2025-11-27T17:14:44.965435-08:00,read,key_933,1.20,false,false,0
2025-11-27T17:14:44.98799-08:00,read,key_536,1.75,false,false,0
2025-11-27T17:14:44.999128-08:00,read,key_813,1.70,true,false,119
2025-11-27T17:14:45.009986-08:00,read,key_34,4.62,true,false,185
2025-11-27T17:14:45.020814-08:00,read,key_681,1.50,true,false,117
2025-11-27T17:14:45.032009-08:00,read,key_124,1.38,false,false,0
2025-11-27T17:14:45.042944-08:00,read,key_349,2.01,false,false,0
2025-11-27T17:14:45.053986-08:00,read,key_198,1.84,true,false,192
2025-11-27T17:14:45.06516-08:00,read,key_873,0.94,false,false,0
2025-11-27T17:14:45.075454-08:00,read,key_727,0.99,false,false,0
2025-11-27T17:14:44.780012-08:00,write,key_607,306.62,true,false,216
2025-11-27T17:14:45.087263-08:00,read,key_598,0.65,false,false,0
2025-11-27T17:14:45.097855-08:00,read,key_810,0.89,true,false,178
2025-11-27T17:14:45.108651-08:00,read,key_436,0.85,false,false,0
2025-11-27T17:14:45.120562-08:00,read,key_806,1.12,true,false,180
2025-11-27T17:14:45.131772-08:00,read,key_754,0.79,false,false,0
2025-11-27T17:14:45.142976-08:00,read,key_782,0.81,false,false,0
2025-11-27T17:14:45.153369-08:00,read,key_35,0.97,true,false,60
2025-11-27T17:14:44.867568-08:00,write,key_295,304.19,true,false,217
2025-11-27T17:14:45.17487-08:00,read,key_644,1.20,false,false,0
2025-11-27T17:14:45.186421-08:00,read,key_997,2.64,false,false,0
2025-11-27T17:14:45.197462-08:00,read,key_433,1.54,true,false,211
2025-11-27T17:14:45.208665-08:00,read,key_538,1.26,false,false,0
2025-11-27T17:14:45.21998-08:00,read,key_934,2.39,false,false,0
2025-11-27T17:14:44.921873-08:00,write,key_90,303.58,true,false,216
2025-11-27T17:14:45.230499-08:00,read,key_565,1.64,true,false,186
2025-11-27T17:14:45.241612-08:00,read,key_808,1.48,true,false,157
2025-11-27T17:14:45.253523-08:00,read,key_634,2.06,false,false,0
2025-11-27T17:14:45.264285-08:00,read,key_52,1.41,false,false,0
2025-11-27T17:14:45.275403-08:00,read,key_792,1.40,true,false,70
2025-11-27T17:14:44.976586-08:00,write,key_748,306.40,true,false,216
2025-11-27T17:14:45.285801-08:00,read,key_20,2.26,false,false,0
2025-11-27T17:14:45.29662-08:00,read,key_241,2.05,false,false,0
2025-11-27T17:14:45.307738-08:00,read,key_61,1.62,true,false,40
2025-11-27T17:14:45.330212-08:00,read,key_809,1.75,false,false,0
2025-11-27T17:14:45.341361-08:00,read,key_235,1.69,true,false,159
2025-11-27T17:14:45.352587-08:00,read,key_750,5.15,false,false,0
2025-11-27T17:14:45.363392-08:00,read,key_990,1.88,false,false,0
2025-11-27T17:14:45.374574-08:00,read,key_894,1.71,false,false,0
2025-11-27T17:14:45.385156-08:00,read,key_610,3.07,true,false,45
2025-11-27T17:14:45.396191-08:00,read,key_671,1.58,false,false,0
2025-11-27T17:14:45.407373-08:00,read,key_382,2.14,true,false,88
2025-11-27T17:14:45.418554-08:00,read,key_818,3.26,true,false,89
2025-11-27T17:14:45.429831-08:00,read,key_981,1.86,true,false,1
2025-11-27T17:14:45.440993-08:00,read,key_799,1.92,false,false,0
2025-11-27T17:14:45.452244-08:00,read,key_746,3.26,true,false,15
2025-11-27T17:14:45.463222-08:00,read,key_242,1.48,false,false,0
2025-11-27T17:14:45.164301-08:00,write,key_691,308.39,true,false,218
2025-11-27T17:14:45.484572-08:00,read,key_996,0.82,false,false,0
2025-11-27T17:14:45.494955-08:00,read,key_23,1.31,false,false,0
2025-11-27T17:14:45.505991-08:00,read,key_859,1.03,false,false,0
2025-11-27T17:14:45.516969-08:00,read,key_809,1.59,false,false,0
2025-11-27T17:14:45.527549-08:00,read,key_430,1.91,true,false,169
2025-11-27T17:14:45.538723-08:00,read,key_12,1.46,true,false,75
2025-11-27T17:14:45.549868-08:00,read,key_349,1.53,false,false,0
2025-11-27T17:14:45.560329-08:00,read,key_804,2.60,true,false,114
2025-11-27T17:14:45.570514-08:00,read,key_448,2.07,true,false,115
2025-11-27T17:14:45.581504-08:00,read,key_510,1.99,false,false,0
2025-11-27T17:14:45.592027-08:00,read,key_690,1.18,false,false,0
2025-11-27T17:14:45.602268-08:00,read,key_41,2.42,true,false,102
2025-11-27T17:14:45.613417-08:00,read,key_604,1.93,false,false,0
2025-11-27T17:14:45.624093-08:00,read,key_880,1.68,false,false,0
2025-11-27T17:14:45.319-08:00,write,key_274,308.59,true,false,219
2025-11-27T17:14:45.635149-08:00,read,key_543,2.59,false,false,0
2025-11-27T17:14:45.64622-08:00,read,key_41,1.66,true,false,102
2025-11-27T17:14:45.657349-08:00,read,key_376,1.62,false,false,0
2025-11-27T17:14:45.668521-08:00,read,key_68,3.07,false,false,0
2025-11-27T17:14:45.679572-08:00,read,key_540,1.82,true,false,114
2025-11-27T17:14:45.690681-08:00,read,key_533,1.30,false,false,0
2025-11-27T17:14:45.701919-08:00,read,key_623,2.94,false,false,0
2025-11-27T17:14:45.724229-08:00,read,key_903,1.69,false,false,0
2025-11-27T17:14:45.735375-08:00,read,key_84,2.96,false,false,0
2025-11-27T17:14:45.745594-08:00,read,key_647,2.17,false,false,0
2025-11-27T17:14:45.75597-08:00,read,key_584,1.25,false,false,0
2025-11-27T17:14:45.76695-08:00,read,key_433,1.72,true,false,211
2025-11-27T17:14:45.473382-08:00,write,key_823,309.36,true,false,220
2025-11-27T17:14:45.798426-08:00,read,key_532,1.88,false,false,0
2025-11-27T17:14:45.809556-08:00,read,key_236,2.19,false,false,0
2025-11-27T17:14:45.821056-08:00,read,key_784,1.59,true,false,135
2025-11-27T17:14:45.832218-08:00,read,key_190,1.57,true,false,179
2025-11-27T17:14:45.843388-08:00,read,key_977,1.91,false,false,0
2025-11-27T17:14:45.853795-08:00,read,key_325,2.93,false,false,0
2025-11-27T17:14:45.864371-08:00,read,key_230,2.31,true,false,148
2025-11-27T17:14:45.875305-08:00,read,key_25,1.84,true,false,196
2025-11-27T17:14:45.887022-08:00,read,key_996,1.80,false,false,0
2025-11-27T17:14:45.898204-08:00,read,key_417,1.69,false,false,0
2025-11-27T17:14:45.909379-08:00,read,key_338,2.14,false,false,0
2025-11-27T17:14:45.92053-08:00,read,key_830,1.93,false,false,0
2025-11-27T17:14:45.93167-08:00,read,key_695,1.46,true,false,166
2025-11-27T17:14:45.942888-08:00,read,key_422,2.50,true,false,123
2025-11-27T17:14:45.9544-08:00,read,key_608,2.02,true,false,210
2025-11-27T17:14:45.976577-08:00,read,key_1,3.36,true,false,39
2025-11-27T17:14:45.987166-08:00,read,key_146,2.39,false,false,0
2025-11-27T17:14:45.998278-08:00,read,key_972,1.47,false,false,0
2025-11-27T17:14:46.008887-08:00,read,key_227,1.71,false,false,0
2025-11-27T17:14:45.713046-08:00,write,key_27,310.25,true,false,220
2025-11-27T17:14:46.020435-08:00,read,key_299,2.98,true,false,33
2025-11-27T17:14:46.031556-08:00,read,key_542,1.82,true,false,201
2025-11-27T17:14:46.042054-08:00,read,key_478,1.74,true,false,68
2025-11-27T17:14:46.054004-08:00,read,key_303,2.22,false,false,0
2025-11-27T17:14:46.065127-08:00,read,key_414,1.51,true,false,179
2025-11-27T17:14:46.075328-08:00,read,key_638,1.78,false,false,0
2025-11-27T17:14:45.777377-08:00,write,key_381,306.29,true,false,221
2025-11-27T17:14:46.085707-08:00,read,key_793,2.26,true,false,10
2025-11-27T17:14:45.788134-08:00,write,key_230,305.73,true,false,221
2025-11-27T17:14:46.09611-08:00,read,key_347,1.43,false,false,0
2025-11-27T17:14:46.107132-08:00,read,key_832,1.33,false,false,0
2025-11-27T17:14:46.117811-08:00,read,key_422,1.80,true,false,123
2025-11-27T17:14:46.128783-08:00,read,key_340,2.61,false,false,0
2025-11-27T17:14:46.139483-08:00,read,key_490,1.70,false,false,0
2025-11-27T17:14:46.150341-08:00,read,key_416,2.17,false,false,0
2025-11-27T17:14:46.1619-08:00,read,key_474,2.72,true,false,141
2025-11-27T17:14:46.171958-08:00,read,key_581,1.30,false,false,0
2025-11-27T17:14:46.183116-08:00,read,key_541,1.33,true,false,151
2025-11-27T17:14:46.193398-08:00,read,key_640,2.13,false,false,0
2025-11-27T17:14:46.204816-08:00,read,key_309,1.91,true,false,139
2025-11-27T17:14:46.215163-08:00,read,key_120,1.84,false,false,0
2025-11-27T17:14:46.226309-08:00,read,key_381,2.21,true,false,221
2025-11-27T17:14:46.260455-08:00,read,key_66,2.76,true,false,187
2025-11-27T17:14:46.271534-08:00,read,key_350,1.80,false,false,0
2025-11-27T17:14:45.965354-08:00,write,key_321,311.27,true,false,221
2025-11-27T17:14:46.282309-08:00,read,key_770,1.19,false,false,0
2025-11-27T17:14:46.293421-08:00,read,key_185,2.11,false,false,0
2025-11-27T17:14:46.304548-08:00,read,key_740,1.26,true,false,137
2025-11-27T17:14:46.315279-08:00,read,key_803,1.47,false,false,0
2025-11-27T17:14:46.326014-08:00,read,key_658,1.68,false,false,0
2025-11-27T17:14:46.337066-08:00,read,key_788,2.94,false,false,0
2025-11-27T17:14:46.347469-08:00,read,key_985,1.48,false,false,0
2025-11-27T17:14:46.357894-08:00,read,key_517,1.54,true,false,214
2025-11-27T17:14:46.380637-08:00,read,key_898,1.57,true,false,116
2025-11-27T17:14:46.391782-08:00,read,key_656,1.57,true,false,199
2025-11-27T17:14:46.40287-08:00,read,key_655,2.20,false,false,0
2025-11-27T17:14:46.413851-08:00,read,key_975,1.39,false,false,0
2025-11-27T17:14:46.425025-08:00,read,key_816,1.66,false,false,0
2025-11-27T17:14:46.435698-08:00,read,key_871,2.40,true,false,25
2025-11-27T17:14:46.446487-08:00,read,key_265,3.26,false,false,0
2025-11-27T17:14:46.457483-08:00,read,key_260,1.56,false,false,0
2025-11-27T17:14:46.468611-08:00,read,key_129,2.74,false,false,0
2025-11-27T17:14:46.479816-08:00,read,key_593,1.70,false,false,0
2025-11-27T17:14:46.490579-08:00,read,key_475,1.63,false,false,0
2025-11-27T17:14:46.501677-08:00,read,key_747,2.15,false,false,0
2025-11-27T17:14:46.512817-08:00,read,key_809,2.18,false,false,0
2025-11-27T17:14:46.523785-08:00,read,key_757,1.50,false,false,0
2025-11-27T17:14:46.545296-08:00,read,key_643,2.20,false,false,0
2025-11-27T17:14:46.238118-08:00,write,key_30,310.50,true,false,222
2025-11-27T17:14:46.555504-08:00,read,key_197,1.60,false,false,0
2025-11-27T17:14:46.249207-08:00,write,key_889,307.98,true,false,222
2025-11-27T17:14:46.565935-08:00,read,key_799,1.65,false,false,0
2025-11-27T17:14:46.577091-08:00,read,key_486,3.12,false,false,0
2025-11-27T17:14:46.609909-08:00,read,key_99,3.65,true,false,128
2025-11-27T17:14:46.620991-08:00,read,key_502,1.79,false,false,0
2025-11-27T17:14:46.631989-08:00,read,key_551,1.68,false,false,0
2025-11-27T17:14:46.654701-08:00,read,key_71,1.90,true,false,164
2025-11-27T17:14:46.665855-08:00,read,key_591,1.80,false,false,0
2025-11-27T17:14:46.677112-08:00,read,key_635,3.12,false,false,0
2025-11-27T17:14:46.369453-08:00,write,key_794,310.80,true,false,223
2025-11-27T17:14:46.688115-08:00,read,key_239,1.22,false,false,0
2025-11-27T17:14:46.699258-08:00,read,key_782,1.65,false,false,0
2025-11-27T17:14:46.710382-08:00,read,key_341,2.50,true,false,28
2025-11-27T17:14:46.743399-08:00,read,key_76,3.33,true,false,99
2025-11-27T17:14:46.754484-08:00,read,key_189,1.55,false,false,0
2025-11-27T17:14:46.765619-08:00,read,key_195,1.35,false,false,0
2025-11-27T17:14:46.775834-08:00,read,key_475,1.65,false,false,0
2025-11-27T17:14:46.78748-08:00,read,key_41,2.55,true,false,102
2025-11-27T17:14:46.798627-08:00,read,key_388,1.93,false,false,0
2025-11-27T17:14:46.809859-08:00,read,key_359,2.69,false,false,0
2025-11-27T17:14:46.820601-08:00,read,key_654,1.86,false,false,0
2025-11-27T17:14:46.831401-08:00,read,key_141,1.53,true,false,76
2025-11-27T17:14:46.534997-08:00,write,key_491,306.51,true,false,224
2025-11-27T17:14:46.841501-08:00,read,key_271,4.98,false,false,0
2025-11-27T17:14:46.852391-08:00,read,key_223,3.02,false,false,0
2025-11-27T17:14:46.874443-08:00,read,key_439,1.84,false,false,0
2025-11-27T17:14:46.885231-08:00,read,key_806,2.55,true,false,180
2025-11-27T17:14:46.588008-08:00,write,key_374,308.96,true,false,224
2025-11-27T17:14:46.895928-08:00,read,key_268,1.63,true,false,165
2025-11-27T17:14:46.598677-08:00,write,key_410,305.96,true,false,223
2025-11-27T17:14:46.906304-08:00,read,key_359,1.27,false,false,0
2025-11-27T17:14:46.916997-08:00,read,key_757,1.44,false,false,0
2025-11-27T17:14:46.928076-08:00,read,key_563,2.31,true,false,129
2025-11-27T17:14:46.938709-08:00,read,key_100,1.52,true,false,173
2025-11-27T17:14:46.64314-08:00,write,key_826,306.72,true,false,223
2025-11-27T17:14:46.960283-08:00,read,key_26,3.05,true,false,188
2025-11-27T17:14:46.97126-08:00,read,key_785,1.50,true,false,87
2025-11-27T17:14:46.982444-08:00,read,key_443,1.99,false,false,0
2025-11-27T17:14:46.993594-08:00,read,key_638,2.78,false,false,0
2025-11-27T17:14:47.004256-08:00,read,key_580,1.40,false,false,0
2025-11-27T17:14:47.015441-08:00,read,key_20,2.10,false,false,0
2025-11-27T17:14:47.025834-08:00,read,key_463,2.17,false,false,0
2025-11-27T17:14:46.721485-08:00,write,key_991,307.26,true,false,225
2025-11-27T17:14:47.037391-08:00,read,key_536,3.23,false,false,0
2025-11-27T17:14:46.732216-08:00,write,key_266,308.43,true,false,225
2025-11-27T17:14:47.059604-08:00,read,key_396,2.21,false,false,0
2025-11-27T17:14:47.070424-08:00,read,key_671,2.09,false,false,0
2025-11-27T17:14:47.081561-08:00,read,key_284,1.51,true,false,129
2025-11-27T17:14:47.092697-08:00,read,key_454,1.64,true,false,98
2025-11-27T17:14:47.11451-08:00,read,key_162,4.02,false,false,0
2025-11-27T17:14:47.125371-08:00,read,key_482,1.54,false,false,0
2025-11-27T17:14:47.136585-08:00,read,key_789,2.57,false,false,0
2025-11-27T17:14:47.158374-08:00,read,key_673,1.58,false,false,0
2025-11-27T17:14:46.863279-08:00,write,key_370,309.18,true,false,225
2025-11-27T17:14:47.169247-08:00,read,key_325,3.55,false,false,0
2025-11-27T17:14:47.180208-08:00,read,key_445,1.57,false,false,0
2025-11-27T17:14:47.190767-08:00,read,key_707,1.26,false,false,0
2025-11-27T17:14:47.20191-08:00,read,key_61,2.66,true,false,40
2025-11-27T17:14:47.212942-08:00,read,key_189,1.90,false,false,0
2025-11-27T17:14:47.224103-08:00,read,key_145,1.72,false,false,0
2025-11-27T17:14:47.235357-08:00,read,key_651,2.56,false,false,0
2025-11-27T17:14:47.24641-08:00,read,key_521,2.01,false,false,0
2025-11-27T17:14:46.94992-08:00,write,key_933,305.75,true,false,225
2025-11-27T17:14:47.256655-08:00,read,key_871,0.88,true,false,25
2025-11-27T17:14:47.267822-08:00,read,key_416,1.46,false,false,0
2025-11-27T17:14:47.278308-08:00,read,key_895,2.78,true,false,213
2025-11-27T17:14:47.288589-08:00,read,key_554,1.68,false,false,0
2025-11-27T17:14:47.299724-08:00,read,key_255,1.56,true,false,200
2025-11-27T17:14:47.332252-08:00,read,key_141,1.70,true,false,76
2025-11-27T17:14:47.343545-08:00,read,key_666,2.82,false,false,0
2025-11-27T17:14:47.048404-08:00,write,key_634,303.11,true,false,226
2025-11-27T17:14:47.353928-08:00,read,key_666,1.76,false,false,0
2025-11-27T17:14:47.364915-08:00,read,key_607,1.85,true,false,216
2025-11-27T17:14:47.375336-08:00,read,key_392,1.54,false,false,0
2025-11-27T17:14:47.386845-08:00,read,key_271,2.53,false,false,0
2025-11-27T17:14:47.39779-08:00,read,key_439,1.60,false,false,0
2025-11-27T17:14:47.103326-08:00,write,key_893,309.15,true,false,226
2025-11-27T17:14:47.419555-08:00,read,key_781,2.85,false,false,0
2025-11-27T17:14:47.429796-08:00,read,key_975,1.55,false,false,0
2025-11-27T17:14:47.440258-08:00,read,key_189,1.25,false,false,0
2025-11-27T17:14:47.451404-08:00,read,key_490,2.79,false,false,0
2025-11-27T17:14:47.147173-08:00,write,key_383,308.13,true,false,226
2025-11-27T17:14:47.462469-08:00,read,key_834,1.45,true,false,199
2025-11-27T17:14:47.473062-08:00,read,key_795,1.34,false,false,0
2025-11-27T17:14:47.483362-08:00,read,key_76,5.13,true,false,99
2025-11-27T17:14:47.49409-08:00,read,key_188,2.48,true,false,112
2025-11-27T17:14:47.505037-08:00,read,key_724,1.39,true,false,115
2025-11-27T17:14:47.515317-08:00,read,key_835,2.12,false,false,0
2025-11-27T17:14:47.526469-08:00,read,key_782,2.67,false,false,0
2025-11-27T17:14:47.537589-08:00,read,key_559,2.02,false,false,0
2025-11-27T17:14:47.560026-08:00,read,key_472,2.62,true,false,112
2025-11-27T17:14:47.571214-08:00,read,key_819,1.71,false,false,0
2025-11-27T17:14:47.582363-08:00,read,key_446,1.51,true,false,156
2025-11-27T17:14:47.593496-08:00,read,key_61,2.61,true,false,40
2025-11-27T17:14:47.604917-08:00,read,key_246,1.87,false,false,0
2025-11-27T17:14:47.615264-08:00,read,key_555,1.26,true,false,146
2025-11-27T17:14:47.311323-08:00,write,key_564,306.30,true,false,226
2025-11-27T17:14:47.321977-08:00,write,key_183,304.32,true,false,227
2025-11-27T17:14:47.625617-08:00,read,key_783,1.38,true,false,181
2025-11-27T17:14:47.636304-08:00,read,key_694,2.41,false,false,0
2025-11-27T17:14:47.647401-08:00,read,key_445,1.67,false,false,0
2025-11-27T17:14:47.658646-08:00,read,key_229,1.80,true,false,48
2025-11-27T17:14:47.669807-08:00,read,key_324,2.82,false,false,0
2025-11-27T17:14:47.680596-08:00,read,key_632,1.63,false,false,0
2025-11-27T17:14:47.691739-08:00,read,key_292,1.59,true,false,145
2025-11-27T17:14:47.702968-08:00,read,key_515,2.68,false,false,0
2025-11-27T17:14:47.714076-08:00,read,key_103,1.82,false,false,0
2025-11-27T17:14:47.408621-08:00,write,key_471,307.34,true,false,227
2025-11-27T17:14:47.725258-08:00,read,key_552,1.46,false,false,0
2025-11-27T17:14:47.736505-08:00,read,key_652,2.86,false,false,0
2025-11-27T17:14:47.747582-08:00,read,key_477,1.68,true,false,87
2025-11-27T17:14:47.758021-08:00,read,key_759,1.55,true,false,133
2025-11-27T17:14:47.769223-08:00,read,key_721,2.27,false,false,0
2025-11-27T17:14:47.780367-08:00,read,key_435,1.87,false,false,0
2025-11-27T17:14:47.80284-08:00,read,key_552,2.74,false,false,0
2025-11-27T17:14:47.813423-08:00,read,key_918,1.65,true,false,40
2025-11-27T17:14:47.824608-08:00,read,key_910,1.90,false,false,0
2025-11-27T17:14:47.835739-08:00,read,key_797,2.52,true,false,67
2025-11-27T17:14:47.84683-08:00,read,key_236,1.43,false,false,0
2025-11-27T17:14:47.857992-08:00,read,key_954,1.46,true,false,51
2025-11-27T17:14:47.548781-08:00,write,key_192,310.69,true,false,227
2025-11-27T17:14:47.869955-08:00,read,key_788,2.47,false,false,0
2025-11-27T17:14:47.881025-08:00,read,key_980,1.82,true,false,83
2025-11-27T17:14:47.892136-08:00,read,key_636,1.86,true,false,206
2025-11-27T17:14:47.903714-08:00,read,key_8,1.73,false,false,0
2025-11-27T17:14:47.914474-08:00,read,key_213,1.72,false,false,0
2025-11-27T17:14:47.925433-08:00,read,key_706,1.42,false,false,0
2025-11-27T17:14:47.936182-08:00,read,key_640,2.21,false,false,0
2025-11-27T17:14:47.947288-08:00,read,key_537,1.38,false,false,0
2025-11-27T17:14:47.958541-08:00,read,key_853,1.52,false,false,0
2025-11-27T17:14:47.969666-08:00,read,key_241,3.22,false,false,0
2025-11-27T17:14:47.9807-08:00,read,key_442,1.55,true,false,127
2025-11-27T17:14:47.991801-08:00,read,key_26,1.50,true,false,188
2025-11-27T17:14:48.003025-08:00,read,key_764,2.62,false,false,0
2025-11-27T17:14:48.014128-08:00,read,key_872,1.36,true,false,159
2025-11-27T17:14:48.025297-08:00,read,key_744,1.65,false,false,0
2025-11-27T17:14:48.036112-08:00,read,key_925,2.86,true,false,208
2025-11-27T17:14:48.04716-08:00,read,key_480,1.72,false,false,0
2025-11-27T17:14:48.057717-08:00,read,key_523,1.52,true,false,126
2025-11-27T17:14:48.06894-08:00,read,key_51,2.80,true,false,52
2025-11-27T17:14:48.079567-08:00,read,key_519,1.92,true,false,208
2025-11-27T17:14:48.0908-08:00,read,key_530,2.17,true,false,45
2025-11-27T17:14:47.791546-08:00,write,key_389,310.19,true,false,228
2025-11-27T17:14:48.11169-08:00,read,key_182,2.57,false,false,0
2025-11-27T17:14:48.122772-08:00,read,key_902,1.68,true,false,215
2025-11-27T17:14:48.133063-08:00,read,key_535,1.42,false,false,0
2025-11-27T17:14:48.144608-08:00,read,key_741,2.66,true,false,115
2025-11-27T17:14:48.155649-08:00,read,key_528,1.46,true,false,152
2025-11-27T17:14:48.166789-08:00,read,key_682,1.53,false,false,0
2025-11-27T17:14:48.177964-08:00,read,key_934,2.53,false,false,0
2025-11-27T17:14:48.200248-08:00,read,key_538,1.45,false,false,0
2025-11-27T17:14:48.211406-08:00,read,key_741,2.28,true,false,115
2025-11-27T17:14:48.222547-08:00,read,key_199,1.72,false,false,0
2025-11-27T17:14:48.232886-08:00,read,key_980,1.31,true,false,83
2025-11-27T17:14:48.244249-08:00,read,key_94,2.93,true,false,68
2025-11-27T17:14:48.254474-08:00,read,key_241,1.91,false,false,0
2025-11-27T17:14:48.265648-08:00,read,key_257,1.44,false,false,0
2025-11-27T17:14:48.276712-08:00,read,key_876,3.13,false,false,0
2025-11-27T17:14:48.298817-08:00,read,key_697,5.26,true,false,198
2025-11-27T17:14:48.309484-08:00,read,key_321,1.71,true,false,221
2025-11-27T17:14:48.320026-08:00,read,key_637,2.50,false,false,0
2025-11-27T17:14:48.342266-08:00,read,key_692,1.60,true,false,213
2025-11-27T17:14:48.353782-08:00,read,key_70,3.80,false,false,0
2025-11-27T17:14:48.364681-08:00,read,key_73,1.87,false,false,0
2025-11-27T17:14:48.375331-08:00,read,key_765,1.36,false,false,0
2025-11-27T17:14:48.386612-08:00,read,key_891,2.25,true,false,119
2025-11-27T17:14:48.397746-08:00,read,key_382,1.74,true,false,88
2025-11-27T17:14:48.101325-08:00,write,key_380,307.25,true,false,229
2025-11-27T17:14:48.408609-08:00,read,key_192,1.07,true,false,227
2025-11-27T17:14:48.419336-08:00,read,key_714,2.43,false,false,0
2025-11-27T17:14:48.430044-08:00,read,key_186,2.18,false,false,0
2025-11-27T17:14:48.440981-08:00,read,key_322,1.77,true,false,174
2025-11-27T17:14:48.452121-08:00,read,key_887,2.51,false,false,0
2025-11-27T17:14:48.462887-08:00,read,key_733,2.15,false,false,0
2025-11-27T17:14:48.473631-08:00,read,key_105,2.01,false,false,0
2025-11-27T17:14:48.484756-08:00,read,key_562,2.20,true,false,150
2025-11-27T17:14:48.189085-08:00,write,key_294,306.53,true,false,229
2025-11-27T17:14:48.495716-08:00,read,key_98,2.07,true,false,46
2025-11-27T17:14:48.506847-08:00,read,key_998,1.41,false,false,0
2025-11-27T17:14:48.517983-08:00,read,key_66,2.47,true,false,187
2025-11-27T17:14:48.529348-08:00,read,key_497,1.87,false,false,0
2025-11-27T17:14:48.539738-08:00,read,key_736,1.70,false,false,0
2025-11-27T17:14:48.561305-08:00,read,key_994,2.66,true,false,205
2025-11-27T17:14:48.572389-08:00,read,key_634,1.79,true,false,226
2025-11-27T17:14:48.583525-08:00,read,key_390,1.64,false,false,0
2025-11-27T17:14:48.287756-08:00,write,key_43,309.64,true,false,230
2025-11-27T17:14:48.594596-08:00,read,key_747,3.13,false,false,0
2025-11-27T17:14:48.605605-08:00,read,key_712,1.68,false,false,0
2025-11-27T17:14:48.616179-08:00,read,key_568,2.08,true,false,187
2025-11-27T17:14:48.627308-08:00,read,key_791,2.68,true,false,139
2025-11-27T17:14:48.331134-08:00,write,key_597,307.81,true,false,231
2025-11-27T17:14:48.637953-08:00,read,key_508,2.09,true,false,158
2025-11-27T17:14:48.649099-08:00,read,key_607,1.69,true,false,216
2025-11-27T17:14:48.660287-08:00,read,key_379,2.46,false,false,0
2025-11-27T17:14:48.671433-08:00,read,key_818,1.72,true,false,89
2025-11-27T17:14:48.692317-08:00,read,key_421,2.02,false,false,0
2025-11-27T17:14:48.70387-08:00,read,key_243,2.40,false,false,0
2025-11-27T17:14:48.714956-08:00,read,key_671,1.45,false,false,0
2025-11-27T17:14:48.736611-08:00,read,key_700,3.08,false,false,0
2025-11-27T17:14:48.747131-08:00,read,key_649,1.68,false,false,0
2025-11-27T17:14:48.758361-08:00,read,key_444,1.90,true,false,168
2025-11-27T17:14:48.769075-08:00,read,key_231,2.72,false,false,0
2025-11-27T17:14:48.780131-08:00,read,key_544,1.42,false,false,0
2025-11-27T17:14:48.791299-08:00,read,key_515,1.35,false,false,0
2025-11-27T17:14:48.802548-08:00,read,key_630,2.78,true,false,128
2025-11-27T17:14:48.813797-08:00,read,key_553,1.85,true,false,75
2025-11-27T17:14:48.824187-08:00,read,key_184,2.01,false,false,0
2025-11-27T17:14:48.835333-08:00,read,key_523,2.66,true,false,126
2025-11-27T17:14:48.846399-08:00,read,key_278,1.85,true,false,46
2025-11-27T17:14:48.857537-08:00,read,key_719,1.51,false,false,0
2025-11-27T17:14:48.550894-08:00,write,key_813,308.19,true,false,230
2025-11-27T17:14:48.868682-08:00,read,key_458,2.48,false,false,0
2025-11-27T17:14:48.879775-08:00,read,key_600,1.68,false,false,0
2025-11-27T17:14:48.890917-08:00,read,key_322,1.48,true,false,174
2025-11-27T17:14:48.902067-08:00,read,key_678,1.78,true,false,49
2025-11-27T17:14:48.923586-08:00,read,key_793,1.80,true,false,10
2025-11-27T17:14:48.93469-08:00,read,key_2,1.33,true,false,80
2025-11-27T17:14:48.946099-08:00,read,key_717,2.02,true,false,9
2025-11-27T17:14:48.956739-08:00,read,key_357,3.51,false,false,0
2025-11-27T17:14:48.967579-08:00,read,key_976,1.84,true,false,177
2025-11-27T17:14:48.978607-08:00,read,key_512,2.72,false,false,0
2025-11-27T17:14:48.681897-08:00,write,key_784,307.43,true,false,232
2025-11-27T17:14:48.989069-08:00,read,key_706,1.00,false,false,0
2025-11-27T17:14:49.000212-08:00,read,key_26,1.69,true,false,188
2025-11-27T17:14:49.011662-08:00,read,key_494,2.77,false,false,0
2025-11-27T17:14:49.021763-08:00,read,key_534,1.45,false,false,0
2025-11-27T17:14:48.726157-08:00,write,key_907,307.13,true,false,232
2025-11-27T17:14:49.03261-08:00,read,key_799,1.31,false,false,0
2025-11-27T17:14:49.043323-08:00,read,key_124,3.25,false,false,0
2025-11-27T17:14:49.054347-08:00,read,key_690,1.85,false,false,0
2025-11-27T17:14:49.064618-08:00,read,key_529,1.66,false,false,0
2025-11-27T17:14:49.075873-08:00,read,key_499,1.54,false,false,0
2025-11-27T17:14:49.086565-08:00,read,key_52,2.74,false,false,0
2025-11-27T17:14:49.09764-08:00,read,key_223,1.74,false,false,0
2025-11-27T17:14:49.108782-08:00,read,key_630,1.81,true,false,128
2025-11-27T17:14:49.119962-08:00,read,key_696,2.66,true,false,24
2025-11-27T17:14:49.142115-08:00,read,key_527,1.61,false,false,0
2025-11-27T17:14:49.153187-08:00,read,key_230,2.49,true,false,221
2025-11-27T17:14:49.16428-08:00,read,key_476,1.57,true,false,123
2025-11-27T17:14:49.18567-08:00,read,key_185,3.14,false,false,0
2025-11-27T17:14:49.196206-08:00,read,key_815,1.50,false,false,0
2025-11-27T17:14:49.207252-08:00,read,key_56,1.44,false,false,0
2025-11-27T17:14:49.218375-08:00,read,key_549,3.31,false,false,0
2025-11-27T17:14:48.91328-08:00,write,key_754,309.23,true,false,233
2025-11-27T17:14:49.229596-08:00,read,key_355,1.80,true,false,167
2025-11-27T17:14:49.240063-08:00,read,key_700,1.47,false,false,0
2025-11-27T17:14:49.25077-08:00,read,key_30,1.90,true,false,222
2025-11-27T17:14:49.261667-08:00,read,key_693,2.95,false,false,0
2025-11-27T17:14:49.272458-08:00,read,key_597,1.78,true,false,231
2025-11-27T17:14:49.283605-08:00,read,key_414,1.45,true,false,179
2025-11-27T17:14:49.294811-08:00,read,key_267,2.72,false,false,0
2025-11-27T17:14:49.305838-08:00,read,key_193,1.39,true,false,7
2025-11-27T17:14:49.316973-08:00,read,key_863,1.69,false,false,0
2025-11-27T17:14:49.339477-08:00,read,key_522,1.94,false,false,0
2025-11-27T17:14:49.361865-08:00,read,key_685,5.52,false,false,0
2025-11-27T17:14:49.372601-08:00,read,key_270,1.26,false,false,0
2025-11-27T17:14:49.383713-08:00,read,key_64,3.60,false,false,0
2025-11-27T17:14:49.394631-08:00,read,key_236,1.78,false,false,0
2025-11-27T17:14:49.405782-08:00,read,key_498,1.75,true,false,104
2025-11-27T17:14:49.416932-08:00,read,key_6,1.91,false,false,0
2025-11-27T17:14:49.4288-08:00,read,key_952,1.87,false,false,0
2025-11-27T17:14:49.13099-08:00,write,key_983,310.40,true,false,233
2025-11-27T17:14:49.439927-08:00,read,key_18,1.46,true,false,182
2025-11-27T17:14:49.450926-08:00,read,key_705,1.23,true,false,191
2025-11-27T17:14:49.462077-08:00,read,key_15,2.29,false,false,0
2025-11-27T17:14:49.473196-08:00,read,key_222,1.46,false,false,0
2025-11-27T17:14:49.174643-08:00,write,key_727,310.71,true,false,233
2025-11-27T17:14:49.484339-08:00,read,key_920,1.35,true,false,159
2025-11-27T17:14:49.495122-08:00,read,key_750,2.19,false,false,0
2025-11-27T17:14:49.506228-08:00,read,key_933,1.99,true,false,225
2025-11-27T17:14:49.51701-08:00,read,key_293,2.04,true,false,202
2025-11-27T17:14:49.528305-08:00,read,key_57,2.39,false,false,0
2025-11-27T17:14:49.550007-08:00,read,key_491,1.65,true,false,224
2025-11-27T17:14:49.561194-08:00,read,key_282,2.31,false,false,0
2025-11-27T17:14:49.572299-08:00,read,key_939,1.57,false,false,0
2025-11-27T17:14:49.583446-08:00,read,key_338,1.70,false,false,0
2025-11-27T17:14:49.594608-08:00,read,key_326,2.83,true,false,183
2025-11-27T17:14:49.605679-08:00,read,key_259,1.53,true,false,189
2025-11-27T17:14:49.616836-08:00,read,key_633,1.26,false,false,0
2025-11-27T17:14:49.628006-08:00,read,key_780,2.48,true,false,135
2025-11-27T17:14:49.328217-08:00,write,key_971,307.49,true,false,234
2025-11-27T17:14:49.638456-08:00,read,key_515,1.08,false,false,0
2025-11-27T17:14:49.649637-08:00,read,key_30,1.53,true,false,222
2025-11-27T17:14:49.350633-08:00,write,key_120,307.75,true,false,234
2025-11-27T17:14:49.65981-08:00,read,key_630,1.32,true,false,128
2025-11-27T17:14:49.671188-08:00,read,key_69,1.99,false,false,0
2025-11-27T17:14:49.681663-08:00,read,key_631,1.43,false,false,0
2025-11-27T17:14:49.691979-08:00,read,key_528,1.71,true,false,152
2025-11-27T17:14:49.703545-08:00,read,key_38,2.79,true,false,177
2025-11-27T17:14:49.714282-08:00,read,key_683,1.76,true,false,193
2025-11-27T17:14:49.725417-08:00,read,key_740,1.78,true,false,137
2025-11-27T17:14:49.735981-08:00,read,key_965,2.97,false,false,0
2025-11-27T17:14:49.746989-08:00,read,key_723,1.48,true,false,162
2025-11-27T17:14:49.758206-08:00,read,key_429,1.61,true,false,134
2025-11-27T17:14:49.769048-08:00,read,key_908,2.52,true,false,74
2025-11-27T17:14:49.780228-08:00,read,key_802,1.94,false,false,0
2025-11-27T17:14:49.791375-08:00,read,key_680,1.47,true,false,133
2025-11-27T17:14:49.802603-08:00,read,key_211,2.71,false,false,0
2025-11-27T17:14:49.813716-08:00,read,key_804,1.63,true,false,114
2025-11-27T17:14:49.824861-08:00,read,key_298,1.48,false,false,0
2025-11-27T17:14:49.835641-08:00,read,key_540,2.64,true,false,114
2025-11-27T17:14:49.53883-08:00,write,key_896,307.88,true,false,235
2025-11-27T17:14:49.846655-08:00,read,key_306,0.81,false,false,0
2025-11-27T17:14:49.857801-08:00,read,key_699,1.62,true,false,197
2025-11-27T17:14:49.86847-08:00,read,key_735,2.83,true,false,180
2025-11-27T17:14:49.879511-08:00,read,key_650,1.75,true,false,172
2025-11-27T17:14:49.890655-08:00,read,key_4,1.70,false,false,0
2025-11-27T17:14:49.901059-08:00,read,key_508,1.98,true,false,158
2025-11-27T17:14:49.911568-08:00,read,key_59,2.97,true,false,169
2025-11-27T17:14:49.921972-08:00,read,key_52,1.33,false,false,0
2025-11-27T17:14:49.933155-08:00,read,key_822,1.73,false,false,0
2025-11-27T17:14:49.944243-08:00,read,key_972,2.39,false,false,0
2025-11-27T17:14:49.95533-08:00,read,key_11,1.44,false,false,0
2025-11-27T17:14:49.966467-08:00,read,key_793,1.82,true,false,10
2025-11-27T17:14:49.977692-08:00,read,key_787,2.68,false,false,0
2025-11-27T17:14:49.988778-08:00,read,key_677,2.01,true,false,164
2025-11-27T17:14:49.999765-08:00,read,key_749,1.41,true,false,164
2025-11-27T17:14:50.010496-08:00,read,key_79,2.84,false,false,0
2025-11-27T17:14:50.021577-08:00,read,key_388,1.74,false,false,0
2025-11-27T17:14:50.032719-08:00,read,key_804,1.59,true,false,114
2025-11-27T17:14:50.044357-08:00,read,key_0,3.02,true,false,61
2025-11-27T17:14:50.055328-08:00,read,key_188,1.38,true,false,112
2025-11-27T17:14:50.066473-08:00,read,key_104,1.42,false,false,0
2025-11-27T17:14:50.07796-08:00,read,key_238,2.39,false,false,0
2025-11-27T17:14:50.089082-08:00,read,key_585,1.95,false,false,0
2025-11-27T17:14:50.110231-08:00,read,key_997,3.60,false,false,0
2025-11-27T17:14:50.121208-08:00,read,key_274,1.91,true,false,219
2025-11-27T17:14:50.131574-08:00,read,key_537,1.70,false,false,0
2025-11-27T17:14:50.142088-08:00,read,key_192,1.31,true,false,227
2025-11-27T17:14:50.153232-08:00,read,key_385,2.67,false,false,0
2025-11-27T17:14:50.163469-08:00,read,key_907,1.63,true,false,232
2025-11-27T17:14:50.174625-08:00,read,key_289,1.75,true,false,63
2025-11-27T17:14:50.185803-08:00,read,key_859,2.74,false,false,0
2025-11-27T17:14:50.196916-08:00,read,key_483,1.52,true,false,14
2025-11-27T17:14:50.208052-08:00,read,key_284,1.71,true,false,129
2025-11-27T17:14:50.219298-08:00,read,key_738,3.58,true,false,168
2025-11-27T17:14:50.230294-08:00,read,key_235,1.73,true,false,159
2025-11-27T17:14:50.241433-08:00,read,key_706,1.93,false,false,0
2025-11-27T17:14:50.252477-08:00,read,key_32,2.80,true,false,136
2025-11-27T17:14:50.264479-08:00,read,key_509,1.95,false,false,0
2025-11-27T17:14:50.275478-08:00,read,key_489,2.03,false,false,0
2025-11-27T17:14:50.287074-08:00,read,key_701,1.89,false,false,0
2025-11-27T17:14:50.308473-08:00,read,key_634,1.72,true,false,226
2025-11-27T17:14:50.319578-08:00,read,key_978,2.89,false,false,0
2025-11-27T17:14:50.330604-08:00,read,key_322,1.49,true,false,174
2025-11-27T17:14:50.341778-08:00,read,key_166,1.61,false,false,0
2025-11-27T17:14:50.364835-08:00,read,key_11,1.53,false,false,0
2025-11-27T17:14:50.375957-08:00,read,key_19,4.77,false,false,0
2025-11-27T17:14:50.386677-08:00,read,key_890,2.35,false,false,0
2025-11-27T17:14:50.397778-08:00,read,key_65,1.51,false,false,0
2025-11-27T17:14:50.09957-08:00,write,key_323,305.30,true,false,236
2025-11-27T17:14:50.408313-08:00,read,key_618,1.40,true,false,64
2025-11-27T17:14:50.4313-08:00,read,key_557,1.73,false,false,0
2025-11-27T17:14:50.441985-08:00,read,key_837,1.57,false,false,0
2025-11-27T17:14:50.46466-08:00,read,key_301,1.67,false,false,0
2025-11-27T17:14:50.475846-08:00,read,key_480,3.23,false,false,0
2025-11-27T17:14:50.486704-08:00,read,key_75,2.67,false,false,0
2025-11-27T17:14:50.497795-08:00,read,key_789,1.88,false,false,0
2025-11-27T17:14:50.51953-08:00,read,key_351,2.77,true,false,54
2025-11-27T17:14:50.530508-08:00,read,key_975,1.63,false,false,0
2025-11-27T17:14:50.541642-08:00,read,key_327,1.76,true,false,43
2025-11-27T17:14:50.552841-08:00,read,key_530,2.58,true,false,45
2025-11-27T17:14:50.563659-08:00,read,key_792,1.64,true,false,70
2025-11-27T17:14:50.574787-08:00,read,key_438,2.18,false,false,0
2025-11-27T17:14:50.585935-08:00,read,key_345,2.73,false,false,0
2025-11-27T17:14:50.596777-08:00,read,key_205,1.86,false,false,0
2025-11-27T17:14:50.607125-08:00,read,key_244,1.55,false,false,0
2025-11-27T17:14:50.298189-08:00,write,key_981,310.50,true,false,236
2025-11-27T17:14:50.618412-08:00,read,key_32,2.82,true,false,136
2025-11-27T17:14:50.628857-08:00,read,key_239,2.29,false,false,0
2025-11-27T17:14:50.639728-08:00,read,key_486,1.53,false,false,0
2025-11-27T17:14:50.353345-08:00,write,key_36,305.61,true,false,237
2025-11-27T17:14:50.66066-08:00,read,key_685,2.36,false,false,0
2025-11-27T17:14:50.671836-08:00,read,key_77,3.27,true,false,210
2025-11-27T17:14:50.683305-08:00,read,key_939,1.91,false,false,0
2025-11-27T17:14:50.694457-08:00,read,key_276,3.27,true,false,155
2025-11-27T17:14:50.705489-08:00,read,key_649,1.82,false,false,0
2025-11-27T17:14:50.716729-08:00,read,key_652,1.85,false,false,0
2025-11-27T17:14:50.420101-08:00,write,key_324,307.02,true,false,237
2025-11-27T17:14:50.727204-08:00,read,key_642,2.85,false,false,0
2025-11-27T17:14:50.7383-08:00,read,key_237,1.84,false,false,0
2025-11-27T17:14:50.749487-08:00,read,key_446,1.81,true,false,156
2025-11-27T17:14:50.759812-08:00,read,key_856,2.64,false,false,0
2025-11-27T17:14:50.453423-08:00,write,key_686,310.21,true,false,238
2025-11-27T17:14:50.770769-08:00,read,key_749,2.39,true,false,164
2025-11-27T17:14:50.781035-08:00,read,key_297,1.72,true,false,95
2025-11-27T17:14:50.791975-08:00,read,key_802,2.32,false,false,0
2025-11-27T17:14:50.803255-08:00,read,key_553,2.92,true,false,75
2025-11-27T17:14:50.508318-08:00,write,key_930,306.88,true,false,237
2025-11-27T17:14:50.836491-08:00,read,key_300,2.65,false,false,0
2025-11-27T17:14:50.847552-08:00,read,key_591,1.72,false,false,0
2025-11-27T17:14:50.858739-08:00,read,key_998,0.90,false,false,0
2025-11-27T17:14:50.870179-08:00,read,key_872,2.39,true,false,159
2025-11-27T17:14:50.880523-08:00,read,key_337,1.65,false,false,0
2025-11-27T17:14:50.891709-08:00,read,key_133,1.47,false,false,0
2025-11-27T17:14:50.902838-08:00,read,key_746,2.34,true,false,15
2025-11-27T17:14:50.913935-08:00,read,key_999,1.50,false,false,0
2025-11-27T17:14:50.925058-08:00,read,key_17,1.59,true,false,125
2025-11-27T17:14:50.935478-08:00,read,key_198,2.39,true,false,192
2025-11-27T17:14:50.946689-08:00,read,key_34,1.84,true,false,185
2025-11-27T17:14:50.957634-08:00,read,key_15,1.32,false,false,0
2025-11-27T17:14:50.650233-08:00,write,key_568,312.64,true,false,238
2025-11-27T17:14:50.968388-08:00,read,key_445,0.89,false,false,0
2025-11-27T17:14:50.978797-08:00,read,key_836,2.37,true,false,99
2025-11-27T17:14:50.98994-08:00,read,key_67,1.54,true,false,69
2025-11-27T17:14:51.001082-08:00,read,key_356,1.65,false,false,0
2025-11-27T17:14:51.011521-08:00,read,key_216,2.60,false,false,0
2025-11-27T17:14:51.02185-08:00,read,key_260,1.33,false,false,0
2025-11-27T17:14:51.033015-08:00,read,key_236,1.46,false,false,0
2025-11-27T17:14:51.044162-08:00,read,key_474,2.90,true,false,141
2025-11-27T17:14:51.055458-08:00,read,key_690,2.42,false,false,0
2025-11-27T17:14:51.066528-08:00,read,key_600,1.62,false,false,0
2025-11-27T17:14:51.077714-08:00,read,key_659,3.08,false,false,0
2025-11-27T17:14:51.088092-08:00,read,key_282,1.64,false,false,0
2025-11-27T17:14:51.099155-08:00,read,key_18,1.99,true,false,182
2025-11-27T17:14:50.814055-08:00,write,key_881,307.00,true,false,239
2025-11-27T17:14:51.121136-08:00,read,key_560,1.44,false,false,0
2025-11-27T17:14:50.825236-08:00,write,key_789,306.14,true,false,239
2025-11-27T17:14:51.131336-08:00,read,key_40,1.20,false,false,0
2025-11-27T17:14:51.142446-08:00,read,key_53,1.96,true,false,182
2025-11-27T17:14:51.153767-08:00,read,key_188,1.99,true,false,112
2025-11-27T17:14:51.164061-08:00,read,key_380,1.62,true,false,229
2025-11-27T17:14:51.175249-08:00,read,key_63,1.85,true,false,59
2025-11-27T17:14:51.186444-08:00,read,key_779,2.59,false,false,0
2025-11-27T17:14:51.19673-08:00,read,key_447,1.51,false,false,0
2025-11-27T17:14:51.207896-08:00,read,key_526,1.53,false,false,0
2025-11-27T17:14:51.219081-08:00,read,key_539,2.50,true,false,187
2025-11-27T17:14:51.23019-08:00,read,key_853,1.64,false,false,0
2025-11-27T17:14:51.24136-08:00,read,key_592,1.91,true,false,173
2025-11-27T17:14:51.252567-08:00,read,key_215,2.83,true,false,122
2025-11-27T17:14:51.262987-08:00,read,key_520,1.58,true,false,195
2025-11-27T17:14:51.274133-08:00,read,key_993,1.49,true,false,166
2025-11-27T17:14:51.285293-08:00,read,key_486,3.12,false,false,0
2025-11-27T17:14:51.296417-08:00,read,key_199,1.57,false,false,0
2025-11-27T17:14:51.307573-08:00,read,key_97,1.62,false,false,0
2025-11-27T17:14:51.318453-08:00,read,key_92,2.77,true,false,65
2025-11-27T17:14:51.329387-08:00,read,key_369,1.97,false,false,0
2025-11-27T17:14:51.340096-08:00,read,key_873,1.57,false,false,0
2025-11-27T17:14:51.351273-08:00,read,key_48,4.33,true,false,94
2025-11-27T17:14:51.362179-08:00,read,key_683,1.93,true,false,193
2025-11-27T17:14:51.373351-08:00,read,key_27,1.64,true,false,220
2025-11-27T17:14:51.384508-08:00,read,key_654,1.74,false,false,0
2025-11-27T17:14:51.395681-08:00,read,key_672,1.62,false,false,0
2025-11-27T17:14:51.406461-08:00,read,key_265,1.93,false,false,0
2025-11-27T17:14:51.416908-08:00,read,key_561,1.71,false,false,0
2025-11-27T17:14:51.110343-08:00,write,key_550,312.01,true,false,240
2025-11-27T17:14:51.427619-08:00,read,key_33,3.05,false,false,0
2025-11-27T17:14:51.438365-08:00,read,key_73,1.82,false,false,0
2025-11-27T17:14:51.449534-08:00,read,key_321,1.82,true,false,221
2025-11-27T17:14:51.462506-08:00,read,key_493,1.91,true,false,31
2025-11-27T17:14:51.473664-08:00,read,key_448,2.04,true,false,115
2025-11-27T17:14:51.484875-08:00,read,key_559,1.52,false,false,0
2025-11-27T17:14:51.496093-08:00,read,key_539,1.31,true,false,187
2025-11-27T17:14:51.507232-08:00,read,key_480,1.86,false,false,0
2025-11-27T17:14:51.518383-08:00,read,key_127,2.31,false,false,0
2025-11-27T17:14:51.528778-08:00,read,key_804,2.45,true,false,114
2025-11-27T17:14:51.539864-08:00,read,key_428,1.81,false,false,0
2025-11-27T17:14:51.550056-08:00,read,key_62,1.83,false,false,0
2025-11-27T17:14:51.560814-08:00,read,key_797,2.65,true,false,67
2025-11-27T17:14:51.571376-08:00,read,key_557,1.39,false,false,0
2025-11-27T17:14:51.582527-08:00,read,key_34,1.70,true,false,185
2025-11-27T17:14:51.59368-08:00,read,key_515,2.95,false,false,0
2025-11-27T17:14:51.604684-08:00,read,key_419,1.47,true,false,212
2025-11-27T17:14:51.626292-08:00,read,key_203,1.52,false,false,0
2025-11-27T17:14:51.63729-08:00,read,key_654,2.16,false,false,0
2025-11-27T17:14:51.648095-08:00,read,key_277,1.47,true,false,154
2025-11-27T17:14:51.669689-08:00,read,key_741,3.01,true,false,115
2025-11-27T17:14:51.680172-08:00,read,key_288,1.69,false,false,0
2025-11-27T17:14:51.702665-08:00,read,key_449,2.59,false,false,0
2025-11-27T17:14:51.713678-08:00,read,key_69,1.71,false,false,0
2025-11-27T17:14:51.724828-08:00,read,key_647,1.50,false,false,0
2025-11-27T17:14:51.735952-08:00,read,key_373,2.54,false,false,0
2025-11-27T17:14:51.746449-08:00,read,key_73,1.45,false,false,0
2025-11-27T17:14:51.757589-08:00,read,key_646,1.44,false,false,0
2025-11-27T17:14:51.768772-08:00,read,key_567,2.92,true,false,128
2025-11-27T17:14:51.779899-08:00,read,key_126,1.81,false,false,0
2025-11-27T17:14:51.791059-08:00,read,key_795,1.47,false,false,0
2025-11-27T17:14:51.802284-08:00,read,key_270,2.60,false,false,0
2025-11-27T17:14:51.813355-08:00,read,key_281,1.68,true,false,197
2025-11-27T17:14:51.823723-08:00,read,key_611,1.46,false,false,0
2025-11-27T17:14:51.834863-08:00,read,key_277,1.08,true,false,154
2025-11-27T17:14:51.84552-08:00,read,key_242,1.23,false,false,0
2025-11-27T17:14:51.856746-08:00,read,key_821,0.90,false,false,0
2025-11-27T17:14:51.879197-08:00,read,key_360,1.45,true,false,153
2025-11-27T17:14:51.890357-08:00,read,key_379,1.40,false,false,0
2025-11-27T17:14:51.901494-08:00,read,key_284,1.48,true,false,129
2025-11-27T17:14:51.615151-08:00,write,key_912,311.20,true,false,241
2025-11-27T17:14:51.923715-08:00,read,key_333,3.37,false,false,0
2025-11-27T17:14:51.934723-08:00,read,key_604,1.69,false,false,0
2025-11-27T17:14:51.945871-08:00,read,key_482,1.65,false,false,0
2025-11-27T17:14:51.957004-08:00,read,key_642,1.32,false,false,0
2025-11-27T17:14:51.658553-08:00,write,key_187,309.49,true,false,241
2025-11-27T17:14:51.96809-08:00,read,key_7,1.32,true,false,214
2025-11-27T17:14:51.979468-08:00,read,key_42,1.69,true,false,65
2025-11-27T17:14:51.990494-08:00,read,key_128,1.78,false,false,0
2025-11-27T17:14:51.691322-08:00,write,key_797,313.31,true,false,241
2025-11-27T17:14:52.001612-08:00,read,key_271,3.88,false,false,0
2025-11-27T17:14:52.012959-08:00,read,key_222,1.85,false,false,0
2025-11-27T17:14:52.023841-08:00,read,key_381,1.45,true,false,221
2025-11-27T17:14:52.035022-08:00,read,key_16,3.58,false,false,0
2025-11-27T17:14:52.068094-08:00,read,key_911,2.43,true,false,47
2025-11-27T17:14:52.079328-08:00,read,key_283,1.90,true,false,149
2025-11-27T17:14:52.090532-08:00,read,key_728,1.98,true,false,163
2025-11-27T17:14:52.101668-08:00,read,key_990,2.87,false,false,0
2025-11-27T17:14:52.112958-08:00,read,key_425,1.71,true,false,175
2025-11-27T17:14:52.124099-08:00,read,key_261,1.85,false,false,0
2025-11-27T17:14:52.14656-08:00,read,key_817,1.92,true,false,130
2025-11-27T17:14:52.157707-08:00,read,key_983,2.15,true,false,233
2025-11-27T17:14:52.168844-08:00,read,key_90,3.30,true,false,216
2025-11-27T17:14:51.867945-08:00,write,key_328,306.75,true,false,242
2025-11-27T17:14:52.179645-08:00,read,key_145,1.30,false,false,0
2025-11-27T17:14:52.190806-08:00,read,key_63,1.69,true,false,59
2025-11-27T17:14:52.201961-08:00,read,key_290,4.95,true,false,66
2025-11-27T17:14:52.21291-08:00,read,key_330,1.79,false,false,0
2025-11-27T17:14:51.91348-08:00,write,key_300,308.88,true,false,242
2025-11-27T17:14:52.223113-08:00,read,key_119,0.87,false,false,0
2025-11-27T17:14:52.233637-08:00,read,key_419,1.47,true,false,212
2025-11-27T17:14:52.25601-08:00,read,key_79,1.80,false,false,0
2025-11-27T17:14:52.266975-08:00,read,key_246,1.33,false,false,0
2025-11-27T17:14:52.277318-08:00,read,key_367,2.62,false,false,0
2025-11-27T17:14:52.28838-08:00,read,key_549,1.61,false,false,0
2025-11-27T17:14:52.298555-08:00,read,key_527,1.42,false,false,0
2025-11-27T17:14:52.309783-08:00,read,key_986,1.94,true,false,127
2025-11-27T17:14:52.320398-08:00,read,key_804,2.08,true,false,114
2025-11-27T17:14:52.331562-08:00,read,key_979,1.38,false,false,0
2025-11-27T17:14:52.341947-08:00,read,key_752,1.16,false,false,0
2025-11-27T17:14:52.046268-08:00,write,key_675,306.12,true,false,243
2025-11-27T17:14:52.352483-08:00,read,key_121,1.90,false,false,0
2025-11-27T17:14:52.056946-08:00,write,key_259,306.27,true,false,243
2025-11-27T17:14:52.363263-08:00,read,key_497,0.91,false,false,0
2025-11-27T17:14:52.374397-08:00,read,key_72,1.44,true,false,37
2025-11-27T17:14:52.385011-08:00,read,key_531,1.31,false,false,0
2025-11-27T17:14:52.396206-08:00,read,key_235,2.20,true,false,159
2025-11-27T17:14:52.418052-08:00,read,key_580,3.98,false,false,0
2025-11-27T17:14:52.428402-08:00,read,key_745,1.96,false,false,0
2025-11-27T17:14:52.439517-08:00,read,key_594,1.91,false,false,0
2025-11-27T17:14:52.135354-08:00,write,key_3,310.85,true,false,244
2025-11-27T17:14:52.449784-08:00,read,key_280,0.89,true,false,92
2025-11-27T17:14:52.471276-08:00,read,key_453,1.86,false,false,0
2025-11-27T17:14:52.482436-08:00,read,key_270,1.57,false,false,0
2025-11-27T17:14:52.493718-08:00,read,key_2,2.91,true,false,80
2025-11-27T17:14:52.504715-08:00,read,key_385,1.63,false,false,0
2025-11-27T17:14:52.515871-08:00,read,key_18,1.76,true,false,182
2025-11-27T17:14:52.527035-08:00,read,key_688,3.35,true,false,177
2025-11-27T17:14:52.538377-08:00,read,key_989,2.03,false,false,0
2025-11-27T17:14:52.548647-08:00,read,key_739,2.10,true,false,52
2025-11-27T17:14:52.244834-08:00,write,key_13,310.81,true,false,243
2025-11-27T17:14:52.559185-08:00,read,key_724,1.73,true,false,115
2025-11-27T17:14:52.570388-08:00,read,key_562,2.93,true,false,150
2025-11-27T17:14:52.581443-08:00,read,key_809,1.57,false,false,0
2025-11-27T17:14:52.591946-08:00,read,key_994,1.64,true,false,205
2025-11-27T17:14:52.603839-08:00,read,key_385,2.93,false,false,0
2025-11-27T17:14:52.614914-08:00,read,key_606,1.63,true,false,203
2025-11-27T17:14:52.626056-08:00,read,key_897,1.48,false,false,0
2025-11-27T17:14:52.637512-08:00,read,key_17,3.02,true,false,125
2025-11-27T17:14:52.647912-08:00,read,key_645,1.71,false,false,0
2025-11-27T17:14:52.659065-08:00,read,key_559,2.09,false,false,0
2025-11-27T17:14:52.670296-08:00,read,key_784,5.87,true,false,232
2025-11-27T17:14:52.68091-08:00,read,key_901,2.51,false,false,0
2025-11-27T17:14:52.703233-08:00,read,key_786,2.91,false,false,0
2025-11-27T17:14:52.406893-08:00,write,key_658,307.52,true,false,244
2025-11-27T17:14:52.714175-08:00,read,key_197,1.26,false,false,0
2025-11-27T17:14:52.739641-08:00,read,key_292,1.62,true,false,145
2025-11-27T17:14:52.750807-08:00,read,key_184,1.78,false,false,0
2025-11-27T17:14:52.761674-08:00,read,key_242,2.78,false,false,0
2025-11-27T17:14:52.459962-08:00,write,key_796,306.36,true,false,245
2025-11-27T17:14:52.77255-08:00,read,key_982,3.86,true,false,5
2025-11-27T17:14:52.782908-08:00,read,key_93,1.38,true,false,198
2025-11-27T17:14:52.805083-08:00,read,key_981,1.64,true,false,236
2025-11-27T17:14:52.815673-08:00,read,key_742,1.71,true,false,202
2025-11-27T17:14:52.826816-08:00,read,key_410,3.59,true,false,223
2025-11-27T17:14:52.837878-08:00,read,key_234,2.12,true,false,200
2025-11-27T17:14:52.849045-08:00,read,key_269,1.77,false,false,0
2025-11-27T17:14:52.860293-08:00,read,key_879,2.37,true,false,181
2025-11-27T17:14:52.871548-08:00,read,key_985,1.87,false,false,0
2025-11-27T17:14:52.882805-08:00,read,key_538,2.01,false,false,0
2025-11-27T17:14:52.893789-08:00,read,key_727,3.03,true,false,233
2025-11-27T17:14:52.90482-08:00,read,key_101,1.87,true,false,116
2025-11-27T17:14:52.915964-08:00,read,key_149,1.11,false,false,0
2025-11-27T17:14:52.926855-08:00,read,key_996,0.98,false,false,0
2025-11-27T17:14:52.938015-08:00,read,key_472,1.92,true,false,112
2025-11-27T17:14:52.949188-08:00,read,key_351,0.77,true,false,54
2025-11-27T17:14:52.960345-08:00,read,key_70,0.81,false,false,0
2025-11-27T17:14:52.982635-08:00,read,key_9,1.16,false,false,0
2025-11-27T17:14:52.993734-08:00,read,key_698,1.04,false,false,0
2025-11-27T17:14:52.691901-08:00,write,key_256,313.76,true,false,246
2025-11-27T17:14:53.004866-08:00,read,key_816,1.24,false,false,0
2025-11-27T17:14:53.027301-08:00,read,key_798,1.44,false,false,0
2025-11-27T17:14:52.72535-08:00,write,key_180,305.24,true,false,247
2025-11-27T17:14:53.038239-08:00,read,key_594,1.29,false,false,0
2025-11-27T17:14:53.049364-08:00,read,key_535,1.13,false,false,0
2025-11-27T17:14:53.071631-08:00,read,key_994,0.99,true,false,205
2025-11-27T17:14:53.082722-08:00,read,key_727,1.44,true,false,233
2025-11-27T17:14:53.093844-08:00,read,key_238,1.06,false,false,0
2025-11-27T17:14:53.104949-08:00,read,key_711,1.35,false,false,0
2025-11-27T17:14:52.794178-08:00,write,key_72,313.01,true,false,246
2025-11-27T17:14:53.116054-08:00,read,key_10,1.36,false,false,0
2025-11-27T17:14:53.138235-08:00,read,key_92,2.97,true,false,65
2025-11-27T17:14:53.171404-08:00,read,key_705,1.28,true,false,191
2025-11-27T17:14:53.181832-08:00,read,key_787,1.81,false,false,0
2025-11-27T17:14:53.192926-08:00,read,key_622,1.72,false,false,0
2025-11-27T17:14:53.203987-08:00,read,key_885,1.13,false,false,0
2025-11-27T17:14:53.214661-08:00,read,key_945,1.34,false,false,0
2025-11-27T17:14:53.225729-08:00,read,key_327,1.11,true,false,43
2025-11-27T17:14:53.236809-08:00,read,key_144,1.24,false,false,0
2025-11-27T17:14:53.247888-08:00,read,key_586,3.01,false,false,0
2025-11-27T17:14:53.258862-08:00,read,key_345,1.14,false,false,0
2025-11-27T17:14:53.269719-08:00,read,key_657,1.41,false,false,0
2025-11-27T17:14:52.971498-08:00,write,key_370,306.78,true,false,248
2025-11-27T17:14:53.279999-08:00,read,key_898,1.28,true,false,116
2025-11-27T17:14:53.29108-08:00,read,key_642,1.08,false,false,0
2025-11-27T17:14:53.302231-08:00,read,key_796,2.37,true,false,245
2025-11-27T17:14:53.31329-08:00,read,key_43,1.52,true,false,230
2025-11-27T17:14:53.323753-08:00,read,key_288,1.35,false,false,0
2025-11-27T17:14:53.016198-08:00,write,key_638,309.62,true,false,249
2025-11-27T17:14:53.334599-08:00,read,key_546,1.44,true,false,112
2025-11-27T17:14:53.345041-08:00,read,key_639,2.62,false,false,0
2025-11-27T17:14:53.355708-08:00,read,key_828,1.35,false,false,0
2025-11-27T17:14:53.060515-08:00,write,key_630,305.52,true,false,248
2025-11-27T17:14:53.366129-08:00,read,key_644,1.27,false,false,0
2025-11-27T17:14:53.377266-08:00,read,key_758,3.53,false,false,0
2025-11-27T17:14:53.388275-08:00,read,key_297,1.49,true,false,95
2025-11-27T17:14:53.399413-08:00,read,key_802,1.46,false,false,0
2025-11-27T17:14:53.410603-08:00,read,key_415,2.18,false,false,0
2025-11-27T17:14:53.421816-08:00,read,key_635,1.38,false,false,0
2025-11-27T17:14:53.12718-08:00,write,key_933,305.49,true,false,250
2025-11-27T17:14:53.432563-08:00,read,key_898,0.87,true,false,116
2025-11-27T17:14:53.443874-08:00,read,key_459,2.64,false,false,0
2025-11-27T17:14:53.455017-08:00,read,key_546,1.96,true,false,112
2025-11-27T17:14:53.149214-08:00,write,key_700,308.53,true,false,248
2025-11-27T17:14:53.466095-08:00,read,key_149,1.23,false,false,0
2025-11-27T17:14:53.160342-08:00,write,key_815,307.03,true,false,249
2025-11-27T17:14:53.477245-08:00,read,key_947,3.15,true,false,40
2025-11-27T17:14:53.488252-08:00,read,key_199,1.49,false,false,0
2025-11-27T17:14:53.498502-08:00,read,key_140,1.45,false,false,0
2025-11-27T17:14:53.509757-08:00,read,key_245,2.38,true,false,148
2025-11-27T17:14:53.521333-08:00,read,key_18,2.19,true,false,182
2025-11-27T17:14:53.532405-08:00,read,key_503,2.02,true,false,84
2025-11-27T17:14:53.543576-08:00,read,key_641,3.24,false,false,0
2025-11-27T17:14:53.554704-08:00,read,key_495,1.52,false,false,0
2025-11-27T17:14:53.565852-08:00,read,key_770,1.72,false,false,0
2025-11-27T17:14:53.577081-08:00,read,key_828,2.70,false,false,0
2025-11-27T17:14:53.588178-08:00,read,key_664,1.84,false,false,0
2025-11-27T17:14:53.599334-08:00,read,key_256,1.94,true,false,246
2025-11-27T17:14:53.610481-08:00,read,key_734,2.42,false,false,0
2025-11-27T17:14:53.621159-08:00,read,key_508,2.33,true,false,158
2025-11-27T17:14:53.631882-08:00,read,key_478,1.88,true,false,68
2025-11-27T17:14:53.653398-08:00,read,key_25,2.73,true,false,196
2025-11-27T17:14:53.663857-08:00,read,key_512,1.89,false,false,0
2025-11-27T17:14:53.686112-08:00,read,key_898,2.67,true,false,116
2025-11-27T17:14:53.697253-08:00,read,key_160,1.93,false,false,0
2025-11-27T17:14:53.708523-08:00,read,key_711,1.77,false,false,0
2025-11-27T17:14:53.719798-08:00,read,key_293,3.29,true,false,202
2025-11-27T17:14:53.730517-08:00,read,key_839,1.86,false,false,0
2025-11-27T17:14:53.741686-08:00,read,key_529,2.45,false,false,0
2025-11-27T17:14:53.752359-08:00,read,key_102,2.90,false,false,0
2025-11-27T17:14:53.763503-08:00,read,key_765,1.58,false,false,0
2025-11-27T17:14:53.774655-08:00,read,key_851,1.60,false,false,0
2025-11-27T17:14:53.785619-08:00,read,key_811,3.33,false,false,0
2025-11-27T17:14:53.796591-08:00,read,key_8,1.30,false,false,0
2025-11-27T17:14:53.807754-08:00,read,key_928,1.91,false,false,0
2025-11-27T17:14:53.829983-08:00,read,key_808,1.47,true,false,157
2025-11-27T17:14:53.84023-08:00,read,key_348,3.10,false,false,0
2025-11-27T17:14:53.852813-08:00,read,key_330,1.86,false,false,0
2025-11-27T17:14:53.863934-08:00,read,key_623,1.58,false,false,0
2025-11-27T17:14:53.875792-08:00,read,key_214,4.11,false,false,0
2025-11-27T17:14:53.897729-08:00,read,key_191,1.73,false,false,0
2025-11-27T17:14:53.908805-08:00,read,key_655,1.93,false,false,0
2025-11-27T17:14:53.919898-08:00,read,key_428,3.46,false,false,0
2025-11-27T17:14:53.930817-08:00,read,key_356,1.44,false,false,0
2025-11-27T17:14:53.941892-08:00,read,key_168,1.46,false,false,0
2025-11-27T17:14:53.952977-08:00,read,key_807,0.74,false,false,0
2025-11-27T17:14:53.642884-08:00,write,key_827,312.27,true,false,251
2025-11-27T17:14:53.964024-08:00,read,key_483,1.23,true,false,14
2025-11-27T17:14:53.975091-08:00,read,key_568,1.61,true,false,238
2025-11-27T17:14:53.674987-08:00,write,key_337,307.27,true,false,251
2025-11-27T17:14:53.985561-08:00,read,key_555,0.80,true,false,146
2025-11-27T17:14:53.996681-08:00,read,key_82,0.98,false,false,0
2025-11-27T17:14:54.00781-08:00,read,key_211,1.49,false,false,0
2025-11-27T17:14:54.018895-08:00,read,key_417,1.12,false,false,0
2025-11-27T17:14:54.030005-08:00,read,key_900,1.62,true,false,82
2025-11-27T17:14:54.052204-08:00,read,key_677,1.28,true,false,164
2025-11-27T17:14:54.073857-08:00,read,key_659,1.53,false,false,0
2025-11-27T17:14:54.084921-08:00,read,key_983,1.39,true,false,233
2025-11-27T17:14:54.107097-08:00,read,key_697,1.43,true,false,198
2025-11-27T17:14:54.118206-08:00,read,key_35,1.19,true,false,60
2025-11-27T17:14:53.819382-08:00,write,key_835,308.35,true,false,251
2025-11-27T17:14:54.12837-08:00,read,key_804,0.98,true,false,114
2025-11-27T17:14:54.139571-08:00,read,key_412,3.46,false,false,0
2025-11-27T17:14:54.150193-08:00,read,key_67,1.50,true,false,69
2025-11-27T17:14:54.161338-08:00,read,key_557,1.76,false,false,0
2025-11-27T17:14:54.172562-08:00,read,key_87,3.06,false,false,0
2025-11-27T17:14:53.886631-08:00,write,key_156,308.81,true,false,252
2025-11-27T17:14:54.19441-08:00,read,key_803,1.34,false,false,0
2025-11-27T17:14:54.205525-08:00,read,key_374,2.12,true,false,224
2025-11-27T17:14:54.227972-08:00,read,key_736,1.42,false,false,0
2025-11-27T17:14:54.239095-08:00,read,key_695,2.60,true,false,166
2025-11-27T17:14:54.250505-08:00,read,key_772,1.55,false,false,0
2025-11-27T17:14:54.26114-08:00,read,key_238,1.20,false,false,0
2025-11-27T17:14:54.283781-08:00,read,key_273,4.30,true,false,93
2025-11-27T17:14:54.294617-08:00,read,key_643,1.45,false,false,0
2025-11-27T17:14:54.305853-08:00,read,key_790,2.75,false,false,0
2025-11-27T17:14:54.316132-08:00,read,key_48,1.82,true,false,94
2025-11-27T17:14:54.327264-08:00,read,key_806,1.38,true,false,180
2025-11-27T17:14:54.338434-08:00,read,key_268,1.71,true,false,165
2025-11-27T17:14:54.041081-08:00,write,key_273,310.45,true,false,253
2025-11-27T17:14:54.350042-08:00,read,key_633,1.77,false,false,0
2025-11-27T17:14:54.361022-08:00,read,key_821,1.44,false,false,0
2025-11-27T17:14:54.063285-08:00,write,key_490,310.00,true,false,252
2025-11-27T17:14:54.372236-08:00,read,key_595,1.27,false,false,0
2025-11-27T17:14:54.383367-08:00,read,key_685,1.30,false,false,0
2025-11-27T17:14:54.095999-08:00,write,key_691,309.23,true,false,253
2025-11-27T17:14:54.404998-08:00,read,key_928,0.94,false,false,0
2025-11-27T17:14:54.416068-08:00,read,key_899,2.39,true,false,156
2025-11-27T17:14:54.42719-08:00,read,key_152,1.53,false,false,0
2025-11-27T17:14:54.438345-08:00,read,key_414,1.73,true,false,179
2025-11-27T17:14:54.449644-08:00,read,key_693,1.66,false,false,0
2025-11-27T17:14:54.46075-08:00,read,key_637,1.41,false,false,0
2025-11-27T17:14:54.471315-08:00,read,key_21,1.82,false,false,0
2025-11-27T17:14:54.482661-08:00,read,key_102,2.20,false,false,0
2025-11-27T17:14:54.183952-08:00,write,key_204,308.84,true,false,252
2025-11-27T17:14:54.492746-08:00,read,key_986,0.96,true,false,127
2025-11-27T17:14:54.503478-08:00,read,key_812,1.51,false,false,0
2025-11-27T17:14:54.514669-08:00,read,key_602,2.85,false,false,0
2025-11-27T17:14:54.216948-08:00,write,key_970,305.39,true,false,253
2025-11-27T17:14:54.525187-08:00,read,key_44,1.53,true,false,212
2025-11-27T17:14:54.536369-08:00,read,key_743,1.77,true,false,100
2025-11-27T17:14:54.547577-08:00,read,key_3,3.79,true,false,244
2025-11-27T17:14:54.558535-08:00,read,key_933,1.39,true,false,250
2025-11-27T17:14:54.569681-08:00,read,key_606,1.70,true,false,203
2025-11-27T17:14:54.27233-08:00,write,key_321,305.91,true,false,254
2025-11-27T17:14:54.591264-08:00,read,key_700,2.58,true,false,248
2025-11-27T17:14:54.602344-08:00,read,key_519,1.68,true,false,208
2025-11-27T17:14:54.613518-08:00,read,key_227,1.59,false,false,0
2025-11-27T17:14:54.624197-08:00,read,key_443,2.37,false,false,0
2025-11-27T17:14:54.635234-08:00,read,key_218,1.45,true,false,53
2025-11-27T17:14:54.646369-08:00,read,key_422,2.04,true,false,123
2025-11-27T17:14:54.657418-08:00,read,key_200,2.83,false,false,0
2025-11-27T17:14:54.668477-08:00,read,key_163,1.57,true,false,184
2025-11-27T17:14:54.679418-08:00,read,key_300,1.55,true,false,242
2025-11-27T17:14:54.690862-08:00,read,key_802,2.35,false,false,0
2025-11-27T17:14:54.394261-08:00,write,key_535,305.00,true,false,255
2025-11-27T17:14:54.701236-08:00,read,key_115,1.56,false,false,0
2025-11-27T17:14:54.712438-08:00,read,key_495,1.77,false,false,0
2025-11-27T17:14:54.723689-08:00,read,key_707,2.80,false,false,0
2025-11-27T17:14:54.734777-08:00,read,key_970,1.69,true,false,253
2025-11-27T17:14:54.745908-08:00,read,key_891,1.56,true,false,119
2025-11-27T17:14:54.756473-08:00,read,key_66,3.10,true,false,187
2025-11-27T17:14:54.76689-08:00,read,key_293,1.92,true,false,202
2025-11-27T17:14:54.778028-08:00,read,key_342,1.64,true,false,142
2025-11-27T17:14:54.789153-08:00,read,key_783,1.61,true,false,181
2025-11-27T17:14:54.800369-08:00,read,key_484,1.74,false,false,0
2025-11-27T17:14:54.821897-08:00,read,key_818,2.15,true,false,89
2025-11-27T17:14:54.832673-08:00,read,key_107,3.08,true,false,177
2025-11-27T17:14:54.854346-08:00,read,key_749,1.37,true,false,164
2025-11-27T17:14:54.865526-08:00,read,key_736,2.85,false,false,0
2025-11-27T17:14:54.876598-08:00,read,key_515,1.70,false,false,0
2025-11-27T17:14:54.579975-08:00,write,key_93,308.45,true,false,256
2025-11-27T17:14:54.887775-08:00,read,key_144,0.92,false,false,0
2025-11-27T17:14:54.898577-08:00,read,key_385,2.20,false,false,0
2025-11-27T17:14:54.909696-08:00,read,key_202,1.51,true,false,207
2025-11-27T17:14:54.920635-08:00,read,key_245,1.50,true,false,148
2025-11-27T17:14:54.931766-08:00,read,key_446,2.49,true,false,156
2025-11-27T17:14:54.942883-08:00,read,key_297,1.83,true,false,95
2025-11-27T17:14:54.95371-08:00,read,key_15,3.27,false,false,0
2025-11-27T17:14:54.964976-08:00,read,key_654,1.30,false,false,0
2025-11-27T17:14:54.976159-08:00,read,key_724,1.01,true,false,115
2025-11-27T17:14:54.987359-08:00,read,key_839,1.77,false,false,0
2025-11-27T17:14:55.009284-08:00,read,key_995,1.83,true,false,175
2025-11-27T17:14:55.020416-08:00,read,key_143,1.40,false,false,0
2025-11-27T17:14:55.031601-08:00,read,key_751,2.98,false,false,0
2025-11-27T17:14:55.04232-08:00,read,key_788,1.89,false,false,0
2025-11-27T17:14:55.053451-08:00,read,key_648,2.11,false,false,0
2025-11-27T17:14:55.06432-08:00,read,key_380,3.04,true,false,229
2025-11-27T17:14:55.075843-08:00,read,key_559,1.53,false,false,0
2025-11-27T17:14:55.086487-08:00,read,key_953,2.43,false,false,0
2025-11-27T17:14:55.096692-08:00,read,key_703,1.69,true,false,90
2025-11-27T17:14:55.107865-08:00,read,key_419,1.33,true,false,212
2025-11-27T17:14:54.81154-08:00,write,key_358,305.25,true,false,256
2025-11-27T17:14:55.118176-08:00,read,key_182,0.67,false,false,0
2025-11-27T17:14:55.129354-08:00,read,key_653,1.09,false,false,0
2025-11-27T17:14:55.140543-08:00,read,key_69,1.52,false,false,0
2025-11-27T17:14:54.843707-08:00,write,key_521,304.65,true,false,257
2025-11-27T17:14:55.150948-08:00,read,key_534,0.75,false,false,0
2025-11-27T17:14:55.162137-08:00,read,key_338,0.99,false,false,0
2025-11-27T17:14:55.17329-08:00,read,key_322,0.85,true,false,174
2025-11-27T17:14:55.184453-08:00,read,key_564,0.83,true,false,226
2025-11-27T17:14:55.195596-08:00,read,key_320,0.65,false,false,0
2025-11-27T17:14:55.206783-08:00,read,key_827,1.33,true,false,251
2025-11-27T17:14:55.217981-08:00,read,key_292,0.76,true,false,145
2025-11-27T17:14:55.229125-08:00,read,key_941,0.78,false,false,0
2025-11-27T17:14:55.239804-08:00,read,key_972,2.70,false,false,0
2025-11-27T17:14:55.251291-08:00,read,key_295,1.90,true,false,217
2025-11-27T17:14:55.262462-08:00,read,key_788,1.52,false,false,0
2025-11-27T17:14:55.27346-08:00,read,key_823,2.38,true,false,220
2025-11-27T17:14:55.28463-08:00,read,key_477,1.74,true,false,87
2025-11-27T17:14:54.998105-08:00,write,key_231,310.87,true,false,257
2025-11-27T17:14:55.306368-08:00,read,key_792,2.63,true,false,70
2025-11-27T17:14:55.317392-08:00,read,key_969,1.45,false,false,0
2025-11-27T17:14:55.328606-08:00,read,key_29,1.69,false,false,0
2025-11-27T17:14:55.339769-08:00,read,key_299,2.72,true,false,33
2025-11-27T17:14:55.35083-08:00,read,key_770,1.69,false,false,0
2025-11-27T17:14:55.361008-08:00,read,key_545,1.60,true,false,82
2025-11-27T17:14:55.383316-08:00,read,key_222,1.56,false,false,0
2025-11-27T17:14:55.394373-08:00,read,key_546,1.59,true,false,112
2025-11-27T17:14:55.405625-08:00,read,key_617,2.66,false,false,0
2025-11-27T17:14:55.416705-08:00,read,key_104,1.42,false,false,0
2025-11-27T17:14:55.427897-08:00,read,key_421,2.10,false,false,0
2025-11-27T17:14:55.439208-08:00,read,key_451,2.77,false,false,0
2025-11-27T17:14:55.450335-08:00,read,key_426,1.67,false,false,0
2025-11-27T17:14:55.46147-08:00,read,key_685,1.43,false,false,0
2025-11-27T17:14:55.472608-08:00,read,key_530,1.49,true,false,45
2025-11-27T17:14:55.483184-08:00,read,key_418,1.25,false,false,0
2025-11-27T17:14:55.494347-08:00,read,key_690,0.80,false,false,0
2025-11-27T17:14:55.505478-08:00,read,key_547,0.88,true,false,156
2025-11-27T17:14:55.51568-08:00,read,key_538,2.12,false,false,0
2025-11-27T17:14:55.52678-08:00,read,key_385,1.46,false,false,0
2025-11-27T17:14:55.537555-08:00,read,key_231,1.64,true,false,257
2025-11-27T17:14:55.548446-08:00,read,key_334,2.52,false,false,0
2025-11-27T17:14:55.559019-08:00,read,key_515,1.43,false,false,0
2025-11-27T17:14:55.570203-08:00,read,key_413,1.90,true,false,79
2025-11-27T17:14:55.581815-08:00,read,key_296,2.86,false,false,0
2025-11-27T17:14:55.592838-08:00,read,key_726,1.68,true,false,122
2025-11-27T17:14:55.295729-08:00,write,key_490,307.11,true,false,258
2025-11-27T17:14:55.602918-08:00,read,key_818,1.21,true,false,89
2025-11-27T17:14:55.614122-08:00,read,key_558,3.14,false,false,0
2025-11-27T17:14:55.625283-08:00,read,key_272,1.61,true,false,173
2025-11-27T17:14:55.636412-08:00,read,key_827,1.48,true,false,251
2025-11-27T17:14:55.647667-08:00,read,key_102,2.83,false,false,0
2025-11-27T17:14:55.658723-08:00,read,key_802,1.39,false,false,0
2025-11-27T17:14:55.669314-08:00,read,key_129,1.42,false,false,0
2025-11-27T17:14:55.372157-08:00,write,key_140,308.57,true,false,258
2025-11-27T17:14:55.679643-08:00,read,key_277,1.42,true,false,154
2025-11-27T17:14:55.691585-08:00,read,key_251,1.79,false,false,0
2025-11-27T17:14:55.702789-08:00,read,key_807,1.76,false,false,0
2025-11-27T17:14:55.714033-08:00,read,key_224,2.93,false,false,0
2025-11-27T17:14:55.736332-08:00,read,key_53,2.02,true,false,182
2025-11-27T17:14:55.747634-08:00,read,key_752,3.23,false,false,0
2025-11-27T17:14:55.758863-08:00,read,key_37,1.89,false,false,0
2025-11-27T17:14:55.770083-08:00,read,key_851,1.91,false,false,0
2025-11-27T17:14:55.780943-08:00,read,key_810,3.14,true,false,178
2025-11-27T17:14:55.792127-08:00,read,key_692,1.96,true,false,213
2025-11-27T17:14:55.802578-08:00,read,key_70,1.58,false,false,0
2025-11-27T17:14:55.825146-08:00,read,key_986,1.77,true,false,127
2025-11-27T17:14:55.847394-08:00,read,key_144,3.10,false,false,0
2025-11-27T17:14:55.8581-08:00,read,key_405,1.46,false,false,0
2025-11-27T17:14:55.870791-08:00,read,key_744,1.69,false,false,0
2025-11-27T17:14:55.894801-08:00,read,key_738,1.74,true,false,168
2025-11-27T17:14:55.917143-08:00,read,key_562,1.56,true,false,150
2025-11-27T17:14:55.928154-08:00,read,key_42,1.74,true,false,65
2025-11-27T17:14:55.939293-08:00,read,key_730,4.36,true,false,16
2025-11-27T17:14:55.950273-08:00,read,key_986,1.53,true,false,127
2025-11-27T17:14:55.972273-08:00,read,key_820,3.20,false,false,0
2025-11-27T17:14:55.983384-08:00,read,key_956,1.56,false,false,0
2025-11-27T17:14:55.994359-08:00,read,key_36,1.39,true,false,237
2025-11-27T17:14:56.005523-08:00,read,key_5,2.86,true,false,163
2025-11-27T17:14:56.017041-08:00,read,key_317,1.91,false,false,0
2025-11-27T17:14:56.028187-08:00,read,key_531,1.45,false,false,0
2025-11-27T17:14:55.725173-08:00,write,key_696,308.12,true,false,259
2025-11-27T17:14:56.038956-08:00,read,key_717,3.03,true,false,9
2025-11-27T17:14:56.049879-08:00,read,key_510,1.71,false,false,0
2025-11-27T17:14:56.072207-08:00,read,key_75,1.48,false,false,0
2025-11-27T17:14:56.082802-08:00,read,key_531,2.97,false,false,0
2025-11-27T17:14:56.0939-08:00,read,key_227,1.92,false,false,0
2025-11-27T17:14:56.104207-08:00,read,key_470,1.37,true,false,213
2025-11-27T17:14:56.11474-08:00,read,key_775,2.62,false,false,0
2025-11-27T17:14:55.813772-08:00,write,key_497,306.49,true,false,259
2025-11-27T17:14:56.125548-08:00,read,key_870,3.05,false,false,0
2025-11-27T17:14:56.135658-08:00,read,key_18,1.54,true,false,182
2025-11-27T17:14:55.836215-08:00,write,key_411,306.44,true,false,259
2025-11-27T17:14:56.146318-08:00,read,key_20,1.19,false,false,0
2025-11-27T17:14:56.157743-08:00,read,key_604,2.03,false,false,0
2025-11-27T17:14:56.168835-08:00,read,key_409,1.51,true,false,48
2025-11-27T17:14:56.179966-08:00,read,key_985,1.94,false,false,0
2025-11-27T17:14:55.883649-08:00,write,key_643,309.11,true,false,259
2025-11-27T17:14:56.191325-08:00,read,key_544,1.60,false,false,0
2025-11-27T17:14:55.905937-08:00,write,key_431,309.89,true,false,260
2025-11-27T17:14:56.21391-08:00,read,key_831,2.11,false,false,0
2025-11-27T17:14:56.236071-08:00,read,key_445,1.35,false,false,0
2025-11-27T17:14:56.247247-08:00,read,key_901,3.56,false,false,0
2025-11-27T17:14:56.258237-08:00,read,key_547,2.35,true,false,156
2025-11-27T17:14:55.961023-08:00,write,key_279,305.84,true,false,260
2025-11-27T17:14:56.268558-08:00,read,key_74,0.80,true,false,90
2025-11-27T17:14:56.279184-08:00,read,key_650,2.16,true,false,172
2025-11-27T17:14:56.28979-08:00,read,key_389,3.51,true,false,228
2025-11-27T17:14:56.310752-08:00,read,key_562,1.53,true,false,150
2025-11-27T17:14:56.321893-08:00,read,key_662,1.54,false,false,0
2025-11-27T17:14:56.333605-08:00,read,key_728,1.83,true,false,163
2025-11-27T17:14:56.344306-08:00,read,key_418,1.13,false,false,0
2025-11-27T17:14:56.355254-08:00,read,key_831,1.60,false,false,0
2025-11-27T17:14:56.061008-08:00,write,key_39,307.63,true,false,260
2025-11-27T17:14:56.366256-08:00,read,key_970,2.92,true,false,253
2025-11-27T17:14:56.377181-08:00,read,key_745,1.83,false,false,0
2025-11-27T17:14:56.388328-08:00,read,key_446,2.65,true,false,156
2025-11-27T17:14:56.399139-08:00,read,key_277,1.96,true,false,154
2025-11-27T17:14:56.40939-08:00,read,key_104,1.99,false,false,0
2025-11-27T17:14:56.420295-08:00,read,key_531,1.52,false,false,0
2025-11-27T17:14:56.431365-08:00,read,key_701,3.58,false,false,0
2025-11-27T17:14:56.442436-08:00,read,key_426,1.52,false,false,0
2025-11-27T17:14:56.45269-08:00,read,key_167,1.86,false,false,0
2025-11-27T17:14:56.463827-08:00,read,key_478,2.45,true,false,68
2025-11-27T17:14:56.486842-08:00,read,key_994,1.98,true,false,205
2025-11-27T17:14:56.498089-08:00,read,key_880,3.17,false,false,0
2025-11-27T17:14:56.202471-08:00,write,key_99,307.26,true,false,261
2025-11-27T17:14:56.509148-08:00,read,key_442,1.50,true,false,127
2025-11-27T17:14:56.519862-08:00,read,key_744,3.30,false,false,0
2025-11-27T17:14:56.225127-08:00,write,key_650,310.63,true,false,261
2025-11-27T17:14:56.541937-08:00,read,key_102,1.47,false,false,0
2025-11-27T17:14:56.552664-08:00,read,key_971,2.16,true,false,234
2025-11-27T17:14:56.563789-08:00,read,key_619,1.56,false,false,0
2025-11-27T17:14:56.575031-08:00,read,key_37,1.64,false,false,0
2025-11-27T17:14:56.585985-08:00,read,key_36,1.59,true,false,237
2025-11-27T17:14:56.597112-08:00,read,key_748,3.70,true,false,216
2025-11-27T17:14:56.608094-08:00,read,key_975,2.04,false,false,0
2025-11-27T17:14:56.300516-08:00,write,key_798,309.66,true,false,261
2025-11-27T17:14:56.61924-08:00,read,key_472,1.66,true,false,112
2025-11-27T17:14:56.630415-08:00,read,key_159,3.07,true,false,18
2025-11-27T17:14:56.641465-08:00,read,key_427,2.48,true,false,174
2025-11-27T17:14:56.652595-08:00,read,key_938,1.93,false,false,0
2025-11-27T17:14:56.663761-08:00,read,key_452,1.90,false,false,0
2025-11-27T17:14:56.673966-08:00,read,key_321,2.79,true,false,254
2025-11-27T17:14:56.685088-08:00,read,key_192,1.77,true,false,227
2025-11-27T17:14:56.696243-08:00,read,key_345,1.61,false,false,0
2025-11-27T17:14:56.707382-08:00,read,key_638,2.79,true,false,249
2025-11-27T17:14:56.717816-08:00,read,key_996,1.89,false,false,0
2025-11-27T17:14:56.739753-08:00,read,key_698,2.97,false,false,0
2025-11-27T17:14:56.750787-08:00,read,key_454,1.53,true,false,98
2025-11-27T17:14:56.761563-08:00,read,key_375,1.55,false,false,0
2025-11-27T17:14:56.7723-08:00,read,key_778,2.87,true,false,97
2025-11-27T17:14:56.475635-08:00,write,key_516,307.82,true,false,262
2025-11-27T17:14:56.783031-08:00,read,key_149,1.27,false,false,0
2025-11-27T17:14:56.793797-08:00,read,key_215,1.65,true,false,122
2025-11-27T17:14:56.804764-08:00,read,key_809,1.62,false,false,0
2025-11-27T17:14:56.81613-08:00,read,key_77,2.67,true,false,210
2025-11-27T17:14:56.827268-08:00,read,key_422,1.65,true,false,123
2025-11-27T17:14:56.530907-08:00,write,key_650,305.47,true,false,262
2025-11-27T17:14:56.837593-08:00,read,key_975,1.04,false,false,0
2025-11-27T17:14:56.84878-08:00,read,key_2,2.58,true,false,80
2025-11-27T17:14:56.859826-08:00,read,key_188,1.29,true,false,112
2025-11-27T17:14:56.871062-08:00,read,key_17,1.69,true,false,125
2025-11-27T17:14:56.88221-08:00,read,key_610,2.91,true,false,45
2025-11-27T17:14:56.893281-08:00,read,key_897,1.79,false,false,0
2025-11-27T17:14:56.904402-08:00,read,key_782,1.58,false,false,0
2025-11-27T17:14:56.91569-08:00,read,key_580,1.65,false,false,0
2025-11-27T17:14:56.926004-08:00,read,key_655,1.56,false,false,0
2025-11-27T17:14:56.936754-08:00,read,key_479,1.48,true,false,51
2025-11-27T17:14:56.947987-08:00,read,key_652,2.93,false,false,0
2025-11-27T17:14:56.958815-08:00,read,key_613,1.24,false,false,0
2025-11-27T17:14:56.969966-08:00,read,key_633,1.66,false,false,0
2025-11-27T17:14:56.981143-08:00,read,key_492,3.55,true,false,178
2025-11-27T17:14:56.992089-08:00,read,key_481,1.59,false,false,0
2025-11-27T17:14:57.00322-08:00,read,key_387,1.58,true,false,161
2025-11-27T17:14:57.025765-08:00,read,key_700,1.69,true,false,248
2025-11-27T17:14:57.036954-08:00,read,key_858,1.47,true,false,126
2025-11-27T17:14:56.728981-08:00,write,key_150,309.46,true,false,263
2025-11-27T17:14:57.048126-08:00,read,key_596,3.53,false,false,0
2025-11-27T17:14:57.058259-08:00,read,key_510,1.75,false,false,0
2025-11-27T17:14:57.06916-08:00,read,key_27,1.42,true,false,220
2025-11-27T17:14:57.079627-08:00,read,key_41,1.56,true,false,102
2025-11-27T17:14:57.09059-08:00,read,key_234,3.02,true,false,200
2025-11-27T17:14:57.100995-08:00,read,key_609,1.57,true,false,23
2025-11-27T17:14:57.122571-08:00,read,key_381,2.16,true,false,221
2025-11-27T17:14:57.133671-08:00,read,key_257,1.36,false,false,0
2025-11-27T17:14:57.144044-08:00,read,key_566,1.69,true,false,127
2025-11-27T17:14:57.154326-08:00,read,key_511,1.30,false,false,0
2025-11-27T17:14:57.165159-08:00,read,key_821,2.81,false,false,0
2025-11-27T17:14:57.175954-08:00,read,key_686,1.66,true,false,238
2025-11-27T17:14:57.198342-08:00,read,key_831,3.03,false,false,0
2025-11-27T17:14:57.219732-08:00,read,key_743,1.91,true,false,100
2025-11-27T17:14:57.230847-08:00,read,key_974,2.70,true,false,168
2025-11-27T17:14:57.242782-08:00,read,key_148,3.10,false,false,0
2025-11-27T17:14:57.253787-08:00,read,key_784,1.71,true,false,232
2025-11-27T17:14:57.264082-08:00,read,key_635,1.56,false,false,0
2025-11-27T17:14:57.275433-08:00,read,key_781,2.00,false,false,0
2025-11-27T17:14:57.286621-08:00,read,key_653,2.01,false,false,0
2025-11-27T17:14:57.297704-08:00,read,key_451,2.61,false,false,0
2025-11-27T17:14:57.308799-08:00,read,key_10,1.50,false,false,0
2025-11-27T17:14:57.31907-08:00,read,key_33,1.48,false,false,0
2025-11-27T17:14:57.01449-08:00,write,key_293,307.21,true,false,263
2025-11-27T17:14:57.329525-08:00,read,key_522,1.47,false,false,0
2025-11-27T17:14:57.341009-08:00,read,key_162,2.29,false,false,0
2025-11-27T17:14:57.352079-08:00,read,key_57,1.49,false,false,0
2025-11-27T17:14:57.362404-08:00,read,key_820,1.74,false,false,0
2025-11-27T17:14:57.373426-08:00,read,key_749,2.39,true,false,164
2025-11-27T17:14:57.384155-08:00,read,key_303,2.01,false,false,0
2025-11-27T17:14:57.395279-08:00,read,key_449,1.26,false,false,0
2025-11-27T17:14:57.405711-08:00,read,key_380,1.49,true,false,229
2025-11-27T17:14:57.417081-08:00,read,key_275,2.10,false,false,0
2025-11-27T17:14:57.112151-08:00,write,key_698,307.06,true,false,264
2025-11-27T17:14:57.428222-08:00,read,key_514,1.62,false,false,0
2025-11-27T17:14:57.439469-08:00,read,key_409,3.05,true,false,48
2025-11-27T17:14:57.450599-08:00,read,key_145,1.69,false,false,0
2025-11-27T17:14:57.461732-08:00,read,key_801,1.45,false,false,0
2025-11-27T17:14:57.472906-08:00,read,key_700,3.05,true,false,248
2025-11-27T17:14:57.484263-08:00,read,key_128,1.31,false,false,0
2025-11-27T17:14:57.187108-08:00,write,key_733,306.71,true,false,264
2025-11-27T17:14:57.494425-08:00,read,key_703,0.98,true,false,90
2025-11-27T17:14:57.505185-08:00,read,key_729,2.39,false,false,0
2025-11-27T17:14:57.516878-08:00,read,key_903,1.83,false,false,0
2025-11-27T17:14:57.209347-08:00,write,key_23,311.01,true,false,265
2025-11-27T17:14:57.527905-08:00,read,key_199,1.92,false,false,0
2025-11-27T17:14:57.53826-08:00,read,key_608,1.66,true,false,210
2025-11-27T17:14:57.54907-08:00,read,key_416,2.87,false,false,0
2025-11-27T17:14:57.560114-08:00,read,key_756,1.77,false,false,0
2025-11-27T17:14:57.571227-08:00,read,key_271,1.45,false,false,0
2025-11-27T17:14:57.582094-08:00,read,key_521,2.69,true,false,257
2025-11-27T17:14:57.593155-08:00,read,key_352,1.65,false,false,0
2025-11-27T17:14:57.603364-08:00,read,key_599,1.63,false,false,0
2025-11-27T17:14:57.614527-08:00,read,key_98,3.20,true,false,46
2025-11-27T17:14:57.625565-08:00,read,key_558,1.51,false,false,0
2025-11-27T17:14:57.636747-08:00,read,key_897,1.67,false,false,0
2025-11-27T17:14:57.648056-08:00,read,key_500,3.19,false,false,0
2025-11-27T17:14:57.65903-08:00,read,key_997,1.46,false,false,0
2025-11-27T17:14:57.681457-08:00,read,key_892,2.57,false,false,0
2025-11-27T17:14:57.692531-08:00,read,key_152,1.42,false,false,0
2025-11-27T17:14:57.703691-08:00,read,key_517,1.65,true,false,214
2025-11-27T17:14:57.715002-08:00,read,key_269,2.35,false,false,0
2025-11-27T17:14:57.726108-08:00,read,key_104,1.69,false,false,0
2025-11-27T17:14:57.737227-08:00,read,key_78,1.49,false,false,0
2025-11-27T17:14:57.748053-08:00,read,key_559,3.30,false,false,0
2025-11-27T17:14:57.759125-08:00,read,key_525,1.57,false,false,0
2025-11-27T17:14:57.781957-08:00,read,key_421,2.52,false,false,0
2025-11-27T17:14:57.792468-08:00,read,key_734,1.45,false,false,0
2025-11-27T17:14:57.803597-08:00,read,key_84,1.42,false,false,0
2025-11-27T17:14:57.815002-08:00,read,key_583,2.33,false,false,0
2025-11-27T17:14:57.825695-08:00,read,key_513,1.58,false,false,0
2025-11-27T17:14:57.836901-08:00,read,key_960,2.01,false,false,0
2025-11-27T17:14:57.848148-08:00,read,key_698,3.02,true,false,264
2025-11-27T17:14:57.859181-08:00,read,key_442,1.78,true,false,127
2025-11-27T17:14:57.870346-08:00,read,key_516,2.37,true,false,262
2025-11-27T17:14:57.881553-08:00,read,key_541,1.95,true,false,151
2025-11-27T17:14:57.891994-08:00,read,key_897,1.92,false,false,0
2025-11-27T17:14:57.903158-08:00,read,key_746,1.67,true,false,15
2025-11-27T17:14:57.914299-08:00,read,key_123,2.86,false,false,0
2025-11-27T17:14:57.925419-08:00,read,key_605,1.65,false,false,0
2025-11-27T17:14:57.936517-08:00,read,key_78,1.54,false,false,0
2025-11-27T17:14:57.947757-08:00,read,key_301,2.51,false,false,0
2025-11-27T17:14:57.958718-08:00,read,key_105,1.54,false,false,0
2025-11-27T17:14:57.969853-08:00,read,key_472,1.56,true,false,112
2025-11-27T17:14:57.670226-08:00,write,key_445,305.99,true,false,266
2025-11-27T17:14:57.980468-08:00,read,key_187,1.15,true,false,241
2025-11-27T17:14:57.991333-08:00,read,key_753,2.64,false,false,0
2025-11-27T17:14:58.002461-08:00,read,key_447,2.01,false,false,0
2025-11-27T17:14:58.013662-08:00,read,key_742,2.55,true,false,202
2025-11-27T17:14:58.025017-08:00,read,key_242,1.92,false,false,0
2025-11-27T17:14:58.036189-08:00,read,key_563,2.04,true,false,129
2025-11-27T17:14:58.058234-08:00,read,key_862,1.66,false,false,0
2025-11-27T17:14:58.069107-08:00,read,key_12,1.42,true,false,75
2025-11-27T17:14:57.770261-08:00,write,key_244,305.83,true,false,266
2025-11-27T17:14:58.079724-08:00,read,key_873,1.36,false,false,0
2025-11-27T17:14:58.090631-08:00,read,key_500,1.71,false,false,0
2025-11-27T17:14:58.101645-08:00,read,key_73,1.46,false,false,0
2025-11-27T17:14:58.112769-08:00,read,key_371,1.59,false,false,0
2025-11-27T17:14:58.124029-08:00,read,key_164,2.87,false,false,0
2025-11-27T17:14:58.13463-08:00,read,key_79,1.71,false,false,0
2025-11-27T17:14:58.145766-08:00,read,key_259,1.61,true,false,243
2025-11-27T17:14:58.157069-08:00,read,key_243,3.01,false,false,0
2025-11-27T17:14:58.167304-08:00,read,key_742,1.47,true,false,202
2025-11-27T17:14:58.188985-08:00,read,key_191,2.08,false,false,0
2025-11-27T17:14:58.200398-08:00,read,key_529,1.70,false,false,0
2025-11-27T17:14:58.211581-08:00,read,key_539,2.10,true,false,187
2025-11-27T17:14:58.222717-08:00,read,key_417,2.92,false,false,0
2025-11-27T17:14:58.23384-08:00,read,key_798,1.75,true,false,261
2025-11-27T17:14:58.256189-08:00,read,key_657,2.85,false,false,0
2025-11-27T17:14:58.267436-08:00,read,key_292,1.38,true,false,145
2025-11-27T17:14:58.278582-08:00,read,key_981,5.50,true,false,236
2025-11-27T17:14:58.289318-08:00,read,key_522,3.06,false,false,0
2025-11-27T17:14:58.300367-08:00,read,key_414,1.72,true,false,179
2025-11-27T17:14:58.311562-08:00,read,key_261,1.87,false,false,0
2025-11-27T17:14:58.324715-08:00,read,key_479,2.34,true,false,51
2025-11-27T17:14:58.335807-08:00,read,key_252,2.05,true,false,50
2025-11-27T17:14:58.345967-08:00,read,key_507,2.04,true,false,176
2025-11-27T17:14:58.047331-08:00,write,key_895,308.36,true,false,267
2025-11-27T17:14:58.367403-08:00,read,key_995,2.03,true,false,175
2025-11-27T17:14:58.389306-08:00,read,key_185,2.56,false,false,0
2025-11-27T17:14:58.401149-08:00,read,key_77,1.83,true,false,210
2025-11-27T17:14:58.423569-08:00,read,key_787,2.38,false,false,0
2025-11-27T17:14:58.43429-08:00,read,key_988,1.61,true,false,106
2025-11-27T17:14:58.445449-08:00,read,key_746,2.16,true,false,15
2025-11-27T17:14:58.467864-08:00,read,key_33,1.48,false,false,0
2025-11-27T17:14:58.478971-08:00,read,key_21,2.28,false,false,0
2025-11-27T17:14:58.178456-08:00,write,key_405,305.90,true,false,267
2025-11-27T17:14:58.500933-08:00,read,key_291,1.40,false,false,0
2025-11-27T17:14:58.512004-08:00,read,key_211,1.81,false,false,0
2025-11-27T17:14:58.522521-08:00,read,key_55,2.42,true,false,158
2025-11-27T17:14:58.533681-08:00,read,key_907,3.30,true,false,232
2025-11-27T17:14:58.54465-08:00,read,key_442,1.63,true,false,127
2025-11-27T17:14:58.245002-08:00,write,key_386,306.01,true,false,268
2025-11-27T17:14:58.555287-08:00,read,key_838,1.13,false,false,0
2025-11-27T17:14:58.565728-08:00,read,key_159,5.03,true,false,18
2025-11-27T17:14:58.576053-08:00,read,key_187,1.81,true,false,241
2025-11-27T17:14:58.58718-08:00,read,key_326,1.60,true,false,183
2025-11-27T17:14:58.599767-08:00,read,key_793,2.07,true,false,10
2025-11-27T17:14:58.61046-08:00,read,key_646,1.79,true,false,269
2025-11-27T17:14:58.621673-08:00,read,key_539,1.44,true,false,187
2025-11-27T17:14:58.633151-08:00,read,key_703,2.44,true,false,90
2025-11-27T17:14:58.644238-08:00,read,key_706,1.40,false,false,0
2025-11-27T17:14:58.356145-08:00,write,key_520,307.94,true,false,268
2025-11-27T17:14:58.666625-08:00,read,key_730,2.02,true,false,16
2025-11-27T17:14:58.378249-08:00,write,key_67,305.41,true,false,269
2025-11-27T17:14:58.688264-08:00,read,key_18,1.15,true,false,271
2025-11-27T17:14:58.69861-08:00,read,key_681,2.67,true,false,117
2025-11-27T17:14:58.70977-08:00,read,key_556,1.77,false,false,0
2025-11-27T17:14:58.41238-08:00,write,key_646,307.35,true,false,269
2025-11-27T17:14:58.719881-08:00,read,key_10,1.07,false,false,0
2025-11-27T17:14:58.731096-08:00,read,key_517,2.63,true,false,214
2025-11-27T17:14:58.742259-08:00,read,key_692,1.83,true,false,213
2025-11-27T17:14:58.752968-08:00,read,key_154,1.57,false,false,0
2025-11-27T17:14:58.456592-08:00,write,key_933,310.51,true,false,270
2025-11-27T17:14:58.764129-08:00,read,key_845,2.98,false,false,0
2025-11-27T17:14:58.775582-08:00,read,key_429,1.56,true,false,134
2025-11-27T17:14:58.786729-08:00,read,key_164,1.44,false,false,0
2025-11-27T17:14:58.797644-08:00,read,key_653,2.62,false,false,0
2025-11-27T17:14:58.489764-08:00,write,key_18,311.74,true,false,271
2025-11-27T17:14:58.80866-08:00,read,key_607,1.49,true,false,216
2025-11-27T17:14:58.819803-08:00,read,key_581,1.84,false,false,0
2025-11-27T17:14:58.842319-08:00,read,key_36,1.45,true,false,237
2025-11-27T17:14:58.853323-08:00,read,key_533,1.78,false,false,0
2025-11-27T17:14:58.864567-08:00,read,key_445,2.24,true,false,266
2025-11-27T17:14:58.875684-08:00,read,key_424,1.53,true,false,179
2025-11-27T17:14:58.886658-08:00,read,key_180,1.56,true,false,247
2025-11-27T17:14:58.8978-08:00,read,key_599,3.10,false,false,0
2025-11-27T17:14:58.90901-08:00,read,key_107,1.64,true,false,177
2025-11-27T17:14:58.920195-08:00,read,key_938,1.76,false,false,0
2025-11-27T17:14:58.931331-08:00,read,key_990,2.70,false,false,0
2025-11-27T17:14:58.942388-08:00,read,key_479,1.53,true,false,51
2025-11-27T17:14:58.953535-08:00,read,key_471,1.63,true,false,227
2025-11-27T17:14:58.655437-08:00,write,key_744,311.70,true,false,269
2025-11-27T17:14:58.976321-08:00,read,key_267,1.71,false,false,0
2025-11-27T17:14:58.986549-08:00,read,key_896,1.55,true,false,235
2025-11-27T17:14:58.677655-08:00,write,key_800,314.07,true,false,270
2025-11-27T17:14:58.997393-08:00,read,key_141,2.19,true,false,76
2025-11-27T17:14:59.008033-08:00,read,key_936,2.16,false,false,0
2025-11-27T17:14:59.019213-08:00,read,key_486,1.54,false,false,0
2025-11-27T17:14:59.029545-08:00,read,key_352,1.80,false,false,0
2025-11-27T17:14:59.040926-08:00,read,key_136,2.62,false,false,0
2025-11-27T17:14:59.06232-08:00,read,key_715,1.83,false,false,0
2025-11-27T17:14:59.073569-08:00,read,key_803,2.79,false,false,0
2025-11-27T17:14:59.08467-08:00,read,key_103,1.64,false,false,0
2025-11-27T17:14:59.095921-08:00,read,key_531,2.95,false,false,0
2025-11-27T17:14:59.106273-08:00,read,key_892,2.58,false,false,0
2025-11-27T17:14:59.117451-08:00,read,key_72,1.98,true,false,246
2025-11-27T17:14:59.128158-08:00,read,key_70,1.54,false,false,0
2025-11-27T17:14:58.831001-08:00,write,key_980,305.48,true,false,272
2025-11-27T17:14:59.138489-08:00,read,key_740,1.72,true,false,137
2025-11-27T17:14:59.14995-08:00,read,key_489,1.88,false,false,0
2025-11-27T17:14:59.160627-08:00,read,key_133,1.80,false,false,0
2025-11-27T17:14:59.171769-08:00,read,key_536,1.52,false,false,0
2025-11-27T17:14:59.183579-08:00,read,key_557,2.18,false,false,0
2025-11-27T17:14:59.194742-08:00,read,key_984,1.85,false,false,0
2025-11-27T17:14:59.206117-08:00,read,key_417,2.72,false,false,0
2025-11-27T17:14:59.217153-08:00,read,key_56,1.82,false,false,0
2025-11-27T17:14:59.227901-08:00,read,key_716,2.03,false,false,0
2025-11-27T17:14:59.239079-08:00,read,key_525,3.28,false,false,0
2025-11-27T17:14:59.250178-08:00,read,key_531,1.73,false,false,0
2025-11-27T17:14:59.261355-08:00,read,key_348,1.49,false,false,0
2025-11-27T17:14:58.965118-08:00,write,key_255,307.92,true,false,273
2025-11-27T17:14:59.271682-08:00,read,key_270,1.95,false,false,0
2025-11-27T17:14:59.282702-08:00,read,key_636,2.21,true,false,206
2025-11-27T17:14:59.293834-08:00,read,key_211,1.42,false,false,0
2025-11-27T17:14:59.304497-08:00,read,key_102,1.97,false,false,0
2025-11-27T17:14:59.314915-08:00,read,key_650,2.96,true,false,262
2025-11-27T17:14:59.325929-08:00,read,key_770,1.39,false,false,0
2025-11-27T17:14:59.347534-08:00,read,key_249,2.68,false,false,0
2025-11-27T17:14:59.05117-08:00,write,key_858,308.26,true,false,273
2025-11-27T17:14:59.35797-08:00,read,key_794,1.47,true,false,223
2025-11-27T17:14:59.369461-08:00,read,key_426,1.82,false,false,0
2025-11-27T17:14:59.390909-08:00,read,key_967,1.90,false,false,0
2025-11-27T17:14:59.402092-08:00,read,key_276,1.56,true,false,155
2025-11-27T17:14:59.41249-08:00,read,key_559,1.46,false,false,0
2025-11-27T17:14:59.42418-08:00,read,key_108,2.84,false,false,0
2025-11-27T17:14:59.435225-08:00,read,key_739,1.45,true,false,52
2025-11-27T17:14:59.457944-08:00,read,key_293,2.41,true,false,263
2025-11-27T17:14:59.469105-08:00,read,key_509,1.53,false,false,0
2025-11-27T17:14:59.490564-08:00,read,key_391,3.06,false,false,0
2025-11-27T17:14:59.501445-08:00,read,key_74,3.54,true,false,90
2025-11-27T17:14:59.512389-08:00,read,key_720,1.71,false,false,0
2025-11-27T17:14:59.52365-08:00,read,key_812,2.66,false,false,0
2025-11-27T17:14:59.534706-08:00,read,key_650,1.50,true,true,261
2025-11-27T17:14:59.556416-08:00,read,key_826,2.73,true,false,223
2025-11-27T17:14:59.567086-08:00,read,key_774,1.66,true,false,151
2025-11-27T17:14:59.577477-08:00,read,key_851,1.43,false,false,0
2025-11-27T17:14:59.587649-08:00,read,key_645,1.09,false,false,0
2025-11-27T17:14:59.599511-08:00,read,key_489,2.46,false,false,0
2025-11-27T17:14:59.62163-08:00,read,key_499,3.02,false,false,0
2025-11-27T17:14:59.632708-08:00,read,key_306,2.49,false,false,0
2025-11-27T17:14:59.337155-08:00,write,key_2,307.71,true,false,274
2025-11-27T17:14:59.643703-08:00,read,key_890,1.44,false,false,0
2025-11-27T17:14:59.654846-08:00,read,key_451,1.13,false,false,0
2025-11-27T17:14:59.665863-08:00,read,key_721,4.77,false,false,0
2025-11-27T17:14:59.676145-08:00,read,key_298,1.84,false,false,0
2025-11-27T17:14:59.379822-08:00,write,key_781,308.99,true,false,274
2025-11-27T17:14:59.687091-08:00,read,key_729,1.87,false,false,0
2025-11-27T17:14:59.698334-08:00,read,key_133,2.92,false,false,0
2025-11-27T17:14:59.731287-08:00,read,key_515,2.87,false,false,0
2025-11-27T17:14:59.742325-08:00,read,key_384,1.55,true,false,147
2025-11-27T17:14:59.446395-08:00,write,key_870,305.50,true,false,275
2025-11-27T17:14:59.752472-08:00,read,key_70,0.99,false,false,0
2025-11-27T17:14:59.763072-08:00,read,key_893,1.09,true,false,226
2025-11-27T17:14:59.774152-08:00,read,key_936,2.30,false,false,0
2025-11-27T17:14:59.785256-08:00,read,key_381,1.61,true,false,221
2025-11-27T17:14:59.4793-08:00,write,key_630,314.38,true,false,276
2025-11-27T17:14:59.795559-08:00,read,key_485,1.05,true,false,91
2025-11-27T17:14:59.806491-08:00,read,key_56,2.83,false,false,0
2025-11-27T17:14:59.817621-08:00,read,key_32,1.89,true,false,136
2025-11-27T17:14:59.828746-08:00,read,key_292,1.36,true,false,145
2025-11-27T17:14:59.840006-08:00,read,key_831,2.40,false,false,0
2025-11-27T17:14:59.850502-08:00,read,key_107,1.38,true,false,177
2025-11-27T17:14:59.5452-08:00,write,key_687,308.17,true,false,275
2025-11-27T17:14:59.86155-08:00,read,key_814,1.62,false,false,0
2025-11-27T17:14:59.872552-08:00,read,key_895,2.65,true,false,267
2025-11-27T17:14:59.883269-08:00,read,key_212,1.79,false,false,0
2025-11-27T17:14:59.894416-08:00,read,key_223,1.73,false,false,0
2025-11-27T17:14:59.905565-08:00,read,key_747,2.08,false,false,0
2025-11-27T17:14:59.916355-08:00,read,key_935,2.13,false,false,0
2025-11-27T17:14:59.610489-08:00,write,key_560,308.98,true,false,274
2025-11-27T17:14:59.926642-08:00,read,key_725,1.58,false,false,0
2025-11-27T17:14:59.937778-08:00,read,key_601,1.79,false,false,0
2025-11-27T17:14:59.949243-08:00,read,key_394,3.10,false,false,0
2025-11-27T17:14:59.959611-08:00,read,key_959,1.35,false,false,0
2025-11-27T17:14:59.97082-08:00,read,key_693,2.10,false,false,0
2025-11-27T17:14:59.981091-08:00,read,key_796,2.54,true,false,245
2025-11-27T17:14:59.991943-08:00,read,key_75,1.66,false,false,0
2025-11-27T17:15:00.002606-08:00,read,key_151,1.66,false,false,0
2025-11-27T17:15:00.013766-08:00,read,key_371,1.58,false,false,0
2025-11-27T17:14:59.7094-08:00,write,key_538,308.41,true,false,277
2025-11-27T17:14:59.720658-08:00,write,key_972,305.81,true,false,275
2025-11-27T17:15:00.024044-08:00,read,key_522,2.70,false,false,0
2025-11-27T17:15:00.0351-08:00,read,key_146,1.47,false,false,0
2025-11-27T17:15:00.046317-08:00,read,key_193,1.65,true,false,7
2025-11-27T17:15:00.057752-08:00,read,key_42,2.32,true,false,65
2025-11-27T17:15:00.068122-08:00,read,key_641,1.43,false,false,0
2025-11-27T17:15:00.090368-08:00,read,key_668,2.77,false,false,0
2025-11-27T17:15:00.10103-08:00,read,key_530,1.78,true,false,45
2025-11-27T17:15:00.111481-08:00,read,key_799,1.57,false,false,0
2025-11-27T17:15:00.122651-08:00,read,key_41,2.06,true,false,102
2025-11-27T17:15:00.145064-08:00,read,key_654,2.13,false,false,0
2025-11-27T17:15:00.156058-08:00,read,key_410,3.04,true,false,223
2025-11-27T17:15:00.167115-08:00,read,key_323,1.58,true,false,236
2025-11-27T17:15:00.177584-08:00,read,key_562,1.24,true,false,150
2025-11-27T17:15:00.188764-08:00,read,key_730,1.67,true,false,16
2025-11-27T17:15:00.20012-08:00,read,key_480,1.79,false,false,0
2025-11-27T17:15:00.210933-08:00,read,key_91,1.49,false,false,0
2025-11-27T17:15:00.222108-08:00,read,key_321,3.88,true,false,254
2025-11-27T17:15:00.233049-08:00,read,key_507,1.42,true,false,176
2025-11-27T17:15:00.243253-08:00,read,key_308,1.79,true,false,93
2025-11-27T17:15:00.253711-08:00,read,key_371,1.49,false,false,0
2025-11-27T17:15:00.265077-08:00,read,key_102,3.21,false,false,0
2025-11-27T17:15:00.27557-08:00,read,key_443,1.50,false,false,0
2025-11-27T17:15:00.286041-08:00,read,key_495,1.70,false,false,0
2025-11-27T17:15:00.308692-08:00,read,key_653,4.03,false,false,0
2025-11-27T17:15:00.31959-08:00,read,key_424,1.81,true,false,179
2025-11-27T17:15:00.330756-08:00,read,key_2,3.35,true,false,274
2025-11-27T17:15:00.352643-08:00,read,key_426,1.67,false,false,0
2025-11-27T17:15:00.363767-08:00,read,key_246,2.28,false,false,0
2025-11-27T17:15:00.375386-08:00,read,key_749,1.41,true,false,164
2025-11-27T17:15:00.386467-08:00,read,key_525,1.47,false,false,0
2025-11-27T17:15:00.079349-08:00,write,key_637,308.60,true,false,278
2025-11-27T17:15:00.397591-08:00,read,key_40,3.28,false,false,0
2025-11-27T17:15:00.419882-08:00,read,key_474,1.64,true,false,141
2025-11-27T17:15:00.431036-08:00,read,key_529,2.89,false,false,0
2025-11-27T17:15:00.441941-08:00,read,key_247,1.71,false,false,0
2025-11-27T17:15:00.133879-08:00,write,key_634,309.82,true,false,278
2025-11-27T17:15:00.452624-08:00,read,key_749,1.40,true,false,164
2025-11-27T17:15:00.463018-08:00,read,key_142,1.96,false,false,0
2025-11-27T17:15:00.474178-08:00,read,key_417,2.43,false,false,0
2025-11-27T17:15:00.485292-08:00,read,key_523,3.94,true,false,126
2025-11-27T17:15:00.496152-08:00,read,key_852,1.31,true,false,117
2025-11-27T17:15:00.507342-08:00,read,key_21,3.08,false,false,0
2025-11-27T17:15:00.518426-08:00,read,key_644,1.71,false,false,0
2025-11-27T17:15:00.529055-08:00,read,key_226,1.65,true,false,192
2025-11-27T17:15:00.540266-08:00,read,key_567,2.96,true,false,128
2025-11-27T17:15:00.550747-08:00,read,key_33,1.37,false,false,0
2025-11-27T17:15:00.561301-08:00,read,key_781,1.66,true,false,274
2025-11-27T17:15:00.572456-08:00,read,key_658,2.74,true,false,244
2025-11-27T17:15:00.582789-08:00,read,key_322,2.56,true,false,174
2025-11-27T17:15:00.593863-08:00,read,key_410,1.59,true,false,223
2025-11-27T17:15:00.297155-08:00,write,key_705,308.03,true,false,279
2025-11-27T17:15:00.604326-08:00,read,key_684,1.22,true,false,70
2025-11-27T17:15:00.614928-08:00,read,key_459,2.60,false,false,0
2025-11-27T17:15:00.626144-08:00,read,key_693,1.66,false,false,0
2025-11-27T17:15:00.637329-08:00,read,key_22,1.96,false,false,0
2025-11-27T17:15:00.341944-08:00,write,key_118,305.70,true,false,278
2025-11-27T17:15:00.657787-08:00,read,key_429,2.42,true,false,134
2025-11-27T17:15:00.68004-08:00,read,key_276,2.60,true,false,155
2025-11-27T17:15:00.691582-08:00,read,key_236,1.76,false,false,0
2025-11-27T17:15:00.702184-08:00,read,key_782,1.60,false,false,0
2025-11-27T17:15:00.713339-08:00,read,key_702,1.75,false,false,0
2025-11-27T17:15:00.40865-08:00,write,key_145,310.28,true,false,279
2025-11-27T17:15:00.736002-08:00,read,key_764,1.78,false,false,0
2025-11-27T17:15:00.747107-08:00,read,key_869,4.06,true,false,193
2025-11-27T17:15:00.758344-08:00,read,key_52,1.90,false,false,0
2025-11-27T17:15:00.780668-08:00,read,key_881,2.79,true,false,239
2025-11-27T17:15:00.791762-08:00,read,key_108,1.49,false,false,0
2025-11-27T17:15:00.80264-08:00,read,key_470,1.51,true,false,213
2025-11-27T17:15:00.813895-08:00,read,key_489,1.76,false,false,0
2025-11-27T17:15:00.825347-08:00,read,key_985,2.20,false,false,0
2025-11-27T17:15:00.836419-08:00,read,key_264,2.08,false,false,0
2025-11-27T17:15:00.847702-08:00,read,key_65,3.29,false,false,0
2025-11-27T17:15:00.858833-08:00,read,key_978,1.87,false,false,0
2025-11-27T17:15:00.870069-08:00,read,key_635,1.87,false,false,0
2025-11-27T17:15:00.892462-08:00,read,key_838,1.61,false,false,0
2025-11-27T17:15:00.647487-08:00,write,key_11,306.68,true,false,280
2025-11-27T17:15:00.66888-08:00,write,key_592,307.94,true,false,280
2025-11-27T17:15:00.724732-08:00,write,key_785,310.82,true,false,280
2025-11-27T17:15:00.76945-08:00,write,key_973,314.40,true,false,280
2025-11-27T17:15:00.881239-08:00,write,key_56,308.47,true,false,281
