timestamp,type,key,latency_ms,success,is_stale,version
2025-11-27T21:24:40.817886-08:00,read,key_868,4.56,true,false,319
2025-11-27T21:24:40.828178-08:00,read,key_832,2.06,true,false,761
2025-11-27T21:24:40.850231-08:00,read,key_869,3.42,true,false,1592
2025-11-27T21:24:40.861087-08:00,read,key_830,2.68,true,false,1382
2025-11-27T21:24:40.883072-08:00,read,key_835,1.11,true,false,1143
2025-11-27T21:24:40.893982-08:00,read,key_867,3.00,true,false,1256
2025-11-27T21:24:40.90489-08:00,read,key_986,3.89,true,false,1552
2025-11-27T21:24:40.915717-08:00,read,key_866,6.84,true,false,810
2025-11-27T21:24:40.926165-08:00,read,key_988,2.25,true,false,696
2025-11-27T21:24:40.949342-08:00,read,key_833,6.13,true,false,1586
2025-11-27T21:24:40.959968-08:00,read,key_862,2.39,true,false,318
2025-11-27T21:24:40.97118-08:00,read,key_793,5.99,true,false,1199
2025-11-27T21:24:40.994976-08:00,read,key_146,9.12,true,false,1125
2025-11-27T21:24:41.005293-08:00,read,key_861,2.59,true,false,1326
2025-11-27T21:24:41.016321-08:00,read,key_985,3.38,true,false,1600
2025-11-27T21:24:41.027305-08:00,read,key_630,1.95,true,false,1366
2025-11-27T21:24:41.038431-08:00,read,key_650,1.97,true,false,262
2025-11-27T21:24:41.049591-08:00,read,key_633,2.00,false,false,0
2025-11-27T21:24:41.060415-08:00,read,key_631,1.69,true,false,668
2025-11-27T21:24:41.071492-08:00,read,key_146,2.18,true,false,1125
2025-11-27T21:24:41.082534-08:00,read,key_836,2.12,true,false,904
2025-11-27T21:24:41.094184-08:00,read,key_983,3.43,true,false,1339
2025-11-27T21:24:41.104847-08:00,read,key_652,2.04,true,false,1495
2025-11-27T21:24:41.115978-08:00,read,key_652,1.72,true,false,1495
2025-11-27T21:24:41.127123-08:00,read,key_986,1.60,true,false,1552
2025-11-27T21:24:41.138414-08:00,read,key_143,2.69,true,false,1123
2025-11-27T21:24:40.839204-08:00,write,key_989,308.29,true,false,1624
2025-11-27T21:24:41.152437-08:00,read,key_861,3.22,true,false,1326
2025-11-27T21:24:41.163123-08:00,read,key_830,1.73,true,false,1382
2025-11-27T21:24:41.174267-08:00,read,key_656,3.31,true,false,1017
2025-11-27T21:24:40.872037-08:00,write,key_790,308.61,true,false,1624
2025-11-27T21:24:41.186199-08:00,read,key_147,4.18,true,false,1431
2025-11-27T21:24:41.197018-08:00,read,key_597,10.38,true,false,231
2025-11-27T21:24:41.207303-08:00,read,key_436,1.04,true,false,1338
2025-11-27T21:24:41.218237-08:00,read,key_864,2.07,false,false,0
2025-11-27T21:24:41.22889-08:00,read,key_797,8.70,true,false,1157
2025-11-27T21:24:41.240087-08:00,read,key_334,1.13,true,false,1012
2025-11-27T21:24:40.937297-08:00,write,key_980,317.29,true,false,1625
2025-11-27T21:24:41.26163-08:00,read,key_435,3.00,true,false,1154
2025-11-27T21:24:41.277533-08:00,read,key_172,4.74,true,false,1581
2025-11-27T21:24:41.28838-08:00,read,key_650,1.95,true,false,262
2025-11-27T21:24:41.299555-08:00,read,key_656,3.17,true,false,1017
2025-11-27T21:24:41.310982-08:00,read,key_597,8.97,true,false,231
2025-11-27T21:24:41.321256-08:00,read,key_835,2.85,true,false,1143
2025-11-27T21:24:41.332459-08:00,read,key_334,4.54,true,false,1012
2025-11-27T21:24:41.34337-08:00,read,key_176,3.72,true,false,1596
2025-11-27T21:24:41.365373-08:00,read,key_980,5.18,true,false,1625
2025-11-27T21:24:41.376363-08:00,read,key_434,1.83,true,false,1181
2025-11-27T21:24:41.387482-08:00,read,key_868,1.94,true,false,319
2025-11-27T21:24:41.397889-08:00,read,key_592,1.75,true,false,578
2025-11-27T21:24:41.408486-08:00,read,key_985,5.42,true,false,1600
2025-11-27T21:24:41.41916-08:00,read,key_658,1.86,true,false,1438
2025-11-27T21:24:41.430222-08:00,read,key_147,2.32,true,false,1431
2025-11-27T21:24:41.441251-08:00,read,key_338,1.82,true,false,1011
2025-11-27T21:24:41.452337-08:00,read,key_178,1.61,false,false,0
2025-11-27T21:24:41.462784-08:00,read,key_862,4.98,true,false,318
2025-11-27T21:24:41.473495-08:00,read,key_237,1.72,true,false,1276
2025-11-27T21:24:41.484555-08:00,read,key_147,6.17,true,false,1431
2025-11-27T21:24:41.495083-08:00,read,key_793,3.69,true,false,1199
2025-11-27T21:24:41.505942-08:00,read,key_149,1.95,true,false,1364
2025-11-27T21:24:41.51702-08:00,read,key_512,2.53,true,false,841
2025-11-27T21:24:41.527089-08:00,read,key_631,4.56,true,false,668
2025-11-27T21:24:41.537828-08:00,read,key_983,1.72,true,false,1339
2025-11-27T21:24:41.559325-08:00,read,key_868,1.51,true,false,319
2025-11-27T21:24:41.25073-08:00,write,key_331,310.11,true,false,1626
2025-11-27T21:24:41.570396-08:00,read,key_833,1.87,true,false,1586
2025-11-27T21:24:41.581493-08:00,read,key_948,1.86,true,false,917
2025-11-27T21:24:41.592555-08:00,read,key_433,1.51,true,false,1341
2025-11-27T21:24:41.603617-08:00,read,key_853,12.41,true,false,1491
2025-11-27T21:24:41.614726-08:00,read,key_235,2.38,true,false,1547
2025-11-27T21:24:41.625252-08:00,read,key_145,5.79,true,false,1075
2025-11-27T21:24:41.635918-08:00,read,key_269,3.68,false,false,0
2025-11-27T21:24:41.646804-08:00,read,key_796,3.29,true,false,1402
2025-11-27T21:24:41.657358-08:00,read,key_869,8.56,true,false,1592
2025-11-27T21:24:41.354293-08:00,write,key_865,311.63,true,false,1626
2025-11-27T21:24:41.667676-08:00,read,key_978,1.22,true,false,1463
2025-11-27T21:24:41.678853-08:00,read,key_630,2.20,true,false,1366
2025-11-27T21:24:41.691116-08:00,read,key_653,3.80,true,false,1005
2025-11-27T21:24:41.702023-08:00,read,key_330,14.61,true,false,713
2025-11-27T21:24:41.712946-08:00,read,key_656,3.75,true,false,1017
2025-11-27T21:24:41.7232-08:00,read,key_654,4.44,true,false,930
2025-11-27T21:24:41.733455-08:00,read,key_95,8.86,true,false,1458
2025-11-27T21:24:41.743828-08:00,read,key_234,0.89,true,false,1447
2025-11-27T21:24:41.754946-08:00,read,key_178,2.28,false,false,0
2025-11-27T21:24:41.766051-08:00,read,key_798,7.68,true,false,543
2025-11-27T21:24:41.777023-08:00,read,key_91,2.48,true,false,1559
2025-11-27T21:24:41.798325-08:00,read,key_860,3.52,true,false,827
2025-11-27T21:24:41.809245-08:00,read,key_836,4.54,true,false,904
2025-11-27T21:24:41.820025-08:00,read,key_630,1.57,true,false,1366
2025-11-27T21:24:41.830842-08:00,read,key_987,2.31,true,false,990
2025-11-27T21:24:41.842408-08:00,read,key_512,2.05,true,false,841
2025-11-27T21:24:41.853279-08:00,read,key_832,2.55,true,false,761
2025-11-27T21:24:41.548899-08:00,write,key_515,311.64,true,false,1626
2025-11-27T21:24:41.864233-08:00,read,key_334,2.52,true,false,1012
2025-11-27T21:24:41.874989-08:00,read,key_837,1.92,true,false,792
2025-11-27T21:24:41.898187-08:00,read,key_658,6.41,true,false,1438
2025-11-27T21:24:41.886905-08:00,read,key_266,17.71,true,false,495
2025-11-27T21:24:41.908942-08:00,read,key_227,1.81,true,false,893
2025-11-27T21:24:41.919633-08:00,read,key_636,0.88,true,false,696
2025-11-27T21:24:41.930862-08:00,read,key_685,0.75,true,false,808
2025-11-27T21:24:41.941282-08:00,read,key_837,1.25,true,false,792
2025-11-27T21:24:41.952404-08:00,read,key_231,1.45,true,false,1445
2025-11-27T21:24:41.974567-08:00,read,key_657,2.15,true,false,1471
2025-11-27T21:24:41.98564-08:00,read,key_330,4.85,true,false,713
2025-11-27T21:24:42.008025-08:00,read,key_333,31.15,true,false,1184
2025-11-27T21:24:42.030693-08:00,read,key_265,8.49,true,false,437
2025-11-27T21:24:41.996381-08:00,read,key_980,42.81,true,false,1625
2025-11-27T21:24:42.019561-08:00,read,key_141,19.85,true,false,656
2025-11-27T21:24:42.04098-08:00,read,key_790,0.88,true,false,1624
2025-11-27T21:24:42.06309-08:00,read,key_179,1.06,true,false,834
2025-11-27T21:24:42.085333-08:00,read,key_90,1.43,true,false,1566
2025-11-27T21:24:41.788061-08:00,write,key_972,317.08,true,false,1627
2025-11-27T21:24:42.09668-08:00,read,key_830,9.27,true,false,1382
2025-11-27T21:24:42.106862-08:00,read,key_549,0.73,true,false,769
2025-11-27T21:24:42.117912-08:00,read,key_951,1.08,true,false,1506
2025-11-27T21:24:42.129025-08:00,read,key_831,1.19,true,false,838
2025-11-27T21:24:42.151228-08:00,read,key_685,1.40,true,false,808
2025-11-27T21:24:42.162291-08:00,read,key_979,21.62,true,false,1579
2025-11-27T21:24:42.173401-08:00,read,key_979,10.53,true,false,1579
2025-11-27T21:24:42.194181-08:00,read,key_262,0.70,true,false,604
2025-11-27T21:24:42.205462-08:00,read,key_144,0.79,true,false,1103
2025-11-27T21:24:42.21693-08:00,read,key_517,1.49,true,false,1040
2025-11-27T21:24:42.228604-08:00,read,key_942,12.35,true,false,1267
2025-11-27T21:24:42.239247-08:00,read,key_172,5.11,true,false,1581
2025-11-27T21:24:42.262211-08:00,read,key_632,1.06,false,false,0
2025-11-27T21:24:42.300441-08:00,read,key_973,19.89,true,false,1246
2025-11-27T21:24:41.963474-08:00,write,key_514,356.88,true,false,1627
2025-11-27T21:24:42.28744-08:00,read,key_333,32.93,true,false,1184
2025-11-27T21:24:42.310659-08:00,read,key_335,9.75,false,false,0
2025-11-27T21:24:42.273966-08:00,read,key_633,46.46,false,false,0
2025-11-27T21:24:42.322495-08:00,read,key_540,2.81,true,false,839
2025-11-27T21:24:42.334183-08:00,read,key_545,0.98,true,false,873
2025-11-27T21:24:42.345652-08:00,read,key_588,0.92,true,false,1027
2025-11-27T21:24:42.052469-08:00,write,key_667,302.55,true,false,1628
2025-11-27T21:24:42.355807-08:00,read,key_176,0.52,true,false,1596
2025-11-27T21:24:42.366925-08:00,read,key_339,0.62,false,false,0
2025-11-27T21:24:42.388781-08:00,read,key_657,2.74,true,false,1471
2025-11-27T21:24:42.410831-08:00,read,key_261,2.26,true,false,568
2025-11-27T21:24:42.074224-08:00,write,key_957,348.70,true,false,1628
2025-11-27T21:24:42.421583-08:00,read,key_851,2.52,true,false,1527
2025-11-27T21:24:42.432202-08:00,read,key_438,1.03,true,false,1221
2025-11-27T21:24:42.140107-08:00,write,key_433,303.99,true,false,1628
2025-11-27T21:24:42.453584-08:00,read,key_233,0.87,true,false,1564
2025-11-27T21:24:42.463864-08:00,read,key_664,0.85,true,false,1072
2025-11-27T21:24:42.474936-08:00,read,key_138,1.84,true,false,1558
2025-11-27T21:24:42.486035-08:00,read,key_986,6.21,true,false,1552
2025-11-27T21:24:42.183505-08:00,write,key_237,310.83,true,false,1629
2025-11-27T21:24:42.506981-08:00,read,key_174,1.72,false,false,0
2025-11-27T21:24:42.517745-08:00,read,key_856,1.36,true,false,1378
2025-11-27T21:24:42.539663-08:00,read,key_507,0.91,true,false,1551
2025-11-27T21:24:42.550089-08:00,read,key_309,1.42,true,false,1277
2025-11-27T21:24:42.251157-08:00,write,key_434,307.13,true,false,1629
2025-11-27T21:24:42.56036-08:00,read,key_91,1.27,true,false,1559
2025-11-27T21:24:42.571447-08:00,read,key_4,0.92,true,false,1353
2025-11-27T21:24:42.58158-08:00,read,key_948,1.25,true,false,917
2025-11-27T21:24:42.591794-08:00,read,key_949,1.81,true,false,1372
2025-11-27T21:24:42.602897-08:00,read,key_505,1.70,true,false,1410
2025-11-27T21:24:42.613466-08:00,read,key_222,2.27,true,false,776
2025-11-27T21:24:42.624419-08:00,read,key_523,2.29,true,false,993
2025-11-27T21:24:42.635054-08:00,read,key_338,1.64,true,false,1011
2025-11-27T21:24:42.646198-08:00,read,key_436,2.68,true,false,1338
2025-11-27T21:24:42.667513-08:00,read,key_857,2.57,true,false,1443
2025-11-27T21:24:42.677727-08:00,read,key_238,1.23,true,false,1582
2025-11-27T21:24:42.377723-08:00,write,key_856,307.40,true,false,1630
2025-11-27T21:24:42.688047-08:00,read,key_650,0.67,true,true,261
2025-11-27T21:24:42.399733-08:00,write,key_685,306.25,true,false,1629
2025-11-27T21:24:42.708764-08:00,read,key_184,2.44,true,false,1447
2025-11-27T21:24:42.719868-08:00,read,key_140,1.40,true,false,904
2025-11-27T21:24:42.730854-08:00,read,key_523,0.87,true,false,993
2025-11-27T21:24:42.741944-08:00,read,key_302,1.73,true,false,1175
2025-11-27T21:24:42.442521-08:00,write,key_610,308.64,true,false,1630
2025-11-27T21:24:42.752073-08:00,read,key_9,0.63,true,false,1486
2025-11-27T21:24:42.763141-08:00,read,key_549,0.81,true,false,769
2025-11-27T21:24:42.774063-08:00,read,key_525,3.49,true,false,498
2025-11-27T21:24:42.78564-08:00,read,key_948,4.52,true,false,917
2025-11-27T21:24:42.796565-08:00,read,key_176,2.45,true,false,1596
2025-11-27T21:24:42.496294-08:00,write,key_186,310.28,true,false,1630
2025-11-27T21:24:42.817768-08:00,read,key_668,5.22,true,false,1125
2025-11-27T21:24:42.827969-08:00,read,key_331,13.00,true,false,1626
2025-11-27T21:24:42.528581-08:00,write,key_851,313.59,true,false,1630
2025-11-27T21:24:42.839355-08:00,read,key_570,5.74,true,false,1499
2025-11-27T21:24:42.84997-08:00,read,key_616,3.59,true,false,1451
2025-11-27T21:24:42.86029-08:00,read,key_439,1.02,true,false,1341
2025-11-27T21:24:42.871369-08:00,read,key_6,2.77,true,false,1290
2025-11-27T21:24:42.881716-08:00,read,key_304,1.45,true,false,1549
2025-11-27T21:24:42.892707-08:00,read,key_943,2.40,true,false,1500
2025-11-27T21:24:42.914825-08:00,read,key_226,0.66,true,false,1618
2025-11-27T21:24:42.925708-08:00,read,key_4,27.15,true,false,1353
2025-11-27T21:24:42.947806-08:00,read,key_504,5.06,true,false,1557
2025-11-27T21:24:42.936683-08:00,read,key_224,16.66,true,false,900
2025-11-27T21:24:42.958407-08:00,read,key_5,0.86,true,false,163
2025-11-27T21:24:42.656411-08:00,write,key_145,304.60,true,false,1630
2025-11-27T21:24:42.969405-08:00,read,key_187,0.76,true,false,1404
2025-11-27T21:24:42.979738-08:00,read,key_517,0.73,true,false,1040
2025-11-27T21:24:42.990729-08:00,read,key_619,0.78,true,false,1415
2025-11-27T21:24:43.002072-08:00,read,key_339,2.16,false,false,0
2025-11-27T21:24:42.698273-08:00,write,key_942,321.59,true,false,1631
2025-11-27T21:24:43.013244-08:00,read,key_515,6.65,true,false,1626
2025-11-27T21:24:43.023834-08:00,read,key_989,0.83,true,false,1624
2025-11-27T21:24:43.034021-08:00,read,key_236,0.87,true,false,1547
2025-11-27T21:24:43.044985-08:00,read,key_3,0.84,true,false,1329
2025-11-27T21:24:43.056145-08:00,read,key_135,5.39,true,false,1530
2025-11-27T21:24:43.066829-08:00,read,key_225,3.04,true,false,1604
2025-11-27T21:24:43.077801-08:00,read,key_860,20.28,true,false,827
2025-11-27T21:24:43.088287-08:00,read,key_174,9.82,false,false,0
2025-11-27T21:24:43.098321-08:00,read,key_171,1.63,false,false,0
2025-11-27T21:24:43.110479-08:00,read,key_110,0.78,true,false,1370
2025-11-27T21:24:42.806604-08:00,write,key_581,314.49,true,false,1632
2025-11-27T21:24:43.120953-08:00,read,key_0,0.68,true,false,1515
2025-11-27T21:24:43.132127-08:00,read,key_545,0.69,true,false,873
2025-11-27T21:24:43.142744-08:00,read,key_653,1.94,true,false,1005
2025-11-27T21:24:43.153343-08:00,read,key_330,7.49,true,false,713
2025-11-27T21:24:43.163746-08:00,read,key_358,0.57,true,false,1584
2025-11-27T21:24:43.174921-08:00,read,key_949,5.94,true,false,1372
2025-11-27T21:24:43.185949-08:00,read,key_685,4.18,true,false,1629
2025-11-27T21:24:43.196398-08:00,read,key_976,2.86,true,false,1371
2025-11-27T21:24:43.207501-08:00,read,key_942,10.19,true,false,1631
2025-11-27T21:24:42.903743-08:00,write,key_350,315.25,true,false,1631
2025-11-27T21:24:43.228802-08:00,read,key_374,0.79,true,false,1157
2025-11-27T21:24:43.239999-08:00,read,key_0,13.21,true,false,1515
2025-11-27T21:24:43.25061-08:00,read,key_139,2.73,true,false,1525
2025-11-27T21:24:43.26161-08:00,read,key_4,18.01,true,false,1353
2025-11-27T21:24:43.296224-08:00,read,key_525,1.07,true,false,498
2025-11-27T21:24:43.307794-08:00,read,key_610,2.60,true,false,1630
2025-11-27T21:24:43.33076-08:00,read,key_584,1.00,true,false,1307
2025-11-27T21:24:43.319735-08:00,read,key_116,12.07,true,false,347
2025-11-27T21:24:43.341647-08:00,read,key_96,2.57,true,false,1450
2025-11-27T21:24:43.353174-08:00,read,key_985,2.46,true,false,1600
2025-11-27T21:24:43.366141-08:00,read,key_511,8.40,true,false,1201
2025-11-27T21:24:43.376583-08:00,read,key_225,15.31,true,false,1604
2025-11-27T21:24:43.387828-08:00,read,key_2,4.09,true,false,1575
2025-11-27T21:24:43.398682-08:00,read,key_373,0.76,true,false,1563
2025-11-27T21:24:43.409796-08:00,read,key_352,0.77,true,false,1473
2025-11-27T21:24:43.44267-08:00,read,key_514,7.17,true,false,1627
2025-11-27T21:24:43.432296-08:00,read,key_176,17.55,true,false,1596
2025-11-27T21:24:43.420954-08:00,read,key_131,28.90,true,false,1588
2025-11-27T21:24:43.453115-08:00,read,key_630,0.66,true,false,1366
2025-11-27T21:24:43.464216-08:00,read,key_9,0.48,true,false,1486
2025-11-27T21:24:43.475292-08:00,read,key_945,0.55,true,false,1262
2025-11-27T21:24:43.487223-08:00,read,key_523,1.15,true,false,993
2025-11-27T21:24:43.51464-08:00,read,key_146,3.48,true,false,1125
2025-11-27T21:24:43.50222-08:00,read,key_954,15.91,true,false,1472
2025-11-27T21:24:43.526727-08:00,read,key_508,0.69,true,false,1349
2025-11-27T21:24:43.536908-08:00,read,key_270,0.73,true,false,522
2025-11-27T21:24:43.217716-08:00,write,key_359,333.59,true,false,1633
2025-11-27T21:24:43.558646-08:00,read,key_185,12.46,false,false,0
2025-11-27T21:24:43.569867-08:00,read,key_2,6.82,true,false,1575
2025-11-27T21:24:43.580369-08:00,read,key_990,1.06,true,false,857
2025-11-27T21:24:43.285189-08:00,write,key_889,304.46,true,false,1633
2025-11-27T21:24:43.274309-08:00,write,key_544,316.13,true,false,1634
2025-11-27T21:24:43.590461-08:00,read,key_7,0.66,true,false,1508
2025-11-27T21:24:43.602773-08:00,read,key_3,7.53,true,false,1329
2025-11-27T21:24:43.624677-08:00,read,key_983,1.13,true,false,1339
2025-11-27T21:24:43.63627-08:00,read,key_527,10.70,true,false,1290
2025-11-27T21:24:43.646819-08:00,read,key_350,2.54,true,false,1631
2025-11-27T21:24:43.657922-08:00,read,key_183,5.62,true,false,1035
2025-11-27T21:24:43.669544-08:00,read,key_950,3.46,true,false,1085
2025-11-27T21:24:43.680494-08:00,read,key_56,5.59,true,false,1513
2025-11-27T21:24:43.691239-08:00,read,key_304,0.91,true,false,1549
2025-11-27T21:24:43.702401-08:00,read,key_9,2.14,true,false,1486
2025-11-27T21:24:43.712511-08:00,read,key_980,2.29,true,false,1625
2025-11-27T21:24:43.723585-08:00,read,key_381,5.00,true,false,1019
2025-11-27T21:24:43.733884-08:00,read,key_795,4.23,true,false,907
2025-11-27T21:24:43.755942-08:00,read,key_13,2.34,true,false,1244
2025-11-27T21:24:43.767226-08:00,read,key_996,1.50,true,false,554
2025-11-27T21:24:43.790683-08:00,read,key_895,9.34,true,false,1287
2025-11-27T21:24:43.779416-08:00,read,key_868,20.62,true,false,319
2025-11-27T21:24:43.800904-08:00,read,key_510,0.79,true,false,1063
2025-11-27T21:24:43.812035-08:00,read,key_797,0.86,true,false,1157
2025-11-27T21:24:43.834157-08:00,read,key_577,3.05,true,false,1415
2025-11-27T21:24:43.845141-08:00,read,key_836,40.01,true,false,904
2025-11-27T21:24:43.878335-08:00,read,key_599,6.83,true,false,1569
2025-11-27T21:24:43.867542-08:00,read,key_3,17.64,true,false,1329
2025-11-27T21:24:43.548244-08:00,write,key_540,336.96,true,false,1633
2025-11-27T21:24:43.856313-08:00,read,key_5,29.29,true,false,163
2025-11-27T21:24:43.888777-08:00,read,key_233,0.70,true,false,1564
2025-11-27T21:24:43.900256-08:00,read,key_669,1.16,true,false,976
2025-11-27T21:24:43.911515-08:00,read,key_589,1.03,true,false,647
2025-11-27T21:24:43.922743-08:00,read,key_575,1.02,true,false,1126
2025-11-27T21:24:43.613209-08:00,write,key_897,312.27,true,false,1635
2025-11-27T21:24:43.933719-08:00,read,key_270,9.78,true,false,522
2025-11-27T21:24:43.944116-08:00,read,key_522,1.16,true,false,1171
2025-11-27T21:24:43.954802-08:00,read,key_173,11.80,true,false,111
2025-11-27T21:24:43.965893-08:00,read,key_354,0.75,true,false,1519
2025-11-27T21:24:43.976104-08:00,read,key_542,1.51,true,false,686
2025-11-27T21:24:43.986609-08:00,read,key_263,0.86,true,false,617
2025-11-27T21:24:43.997844-08:00,read,key_423,1.10,true,false,718
2025-11-27T21:24:44.01935-08:00,read,key_945,9.64,true,false,1262
2025-11-27T21:24:44.009002-08:00,read,key_433,19.99,true,false,1628
2025-11-27T21:24:44.029473-08:00,read,key_385,0.69,false,false,0
2025-11-27T21:24:44.039933-08:00,read,key_189,0.94,false,false,0
2025-11-27T21:24:43.744813-08:00,write,key_665,331.47,true,false,1636
2025-11-27T21:24:44.064731-08:00,read,key_615,11.67,true,false,1375
2025-11-27T21:24:44.075772-08:00,read,key_935,1.09,false,false,0
2025-11-27T21:24:44.097378-08:00,read,key_253,1.04,true,false,1518
2025-11-27T21:24:44.108449-08:00,read,key_982,2.22,true,false,668
2025-11-27T21:24:44.119055-08:00,read,key_336,2.68,true,false,1195
2025-11-27T21:24:43.822967-08:00,write,key_894,308.86,true,false,1637
2025-11-27T21:24:44.129615-08:00,read,key_795,2.22,true,false,907
2025-11-27T21:24:44.140816-08:00,read,key_944,1.01,true,false,1369
2025-11-27T21:24:44.151107-08:00,read,key_983,1.22,true,false,1339
2025-11-27T21:24:44.161922-08:00,read,key_144,20.55,true,false,1103
2025-11-27T21:24:44.172809-08:00,read,key_789,9.73,true,false,239
2025-11-27T21:24:44.182953-08:00,read,key_272,1.07,true,false,173
2025-11-27T21:24:44.195259-08:00,read,key_343,1.91,true,false,1506
2025-11-27T21:24:44.229743-08:00,read,key_936,17.20,false,false,0
2025-11-27T21:24:44.208439-08:00,read,key_500,38.51,true,false,1487
2025-11-27T21:24:44.219527-08:00,read,key_8,27.43,true,false,1332
2025-11-27T21:24:44.24098-08:00,read,key_138,5.98,true,false,1558
2025-11-27T21:24:44.2518-08:00,read,key_175,1.22,true,false,396
2025-11-27T21:24:44.263233-08:00,read,key_780,0.80,true,false,623
2025-11-27T21:24:44.274422-08:00,read,key_833,0.82,true,false,1586
2025-11-27T21:24:44.285576-08:00,read,key_614,0.81,true,false,1531
2025-11-27T21:24:44.296689-08:00,read,key_674,16.36,true,false,685
2025-11-27T21:24:44.30786-08:00,read,key_333,5.42,true,false,1184
2025-11-27T21:24:44.318867-08:00,read,key_152,0.81,true,false,1469
2025-11-27T21:24:44.330286-08:00,read,key_351,0.81,true,false,1333
2025-11-27T21:24:44.341379-08:00,read,key_254,3.18,true,false,1522
2025-11-27T21:24:44.352334-08:00,read,key_353,1.97,true,false,1547
2025-11-27T21:24:44.053558-08:00,write,key_664,308.62,true,false,1636
2025-11-27T21:24:44.362416-08:00,read,key_705,1.92,true,false,1421
2025-11-27T21:24:44.373789-08:00,read,key_855,6.24,true,false,1487
2025-11-27T21:24:44.087028-08:00,write,key_176,310.07,true,false,1638
2025-11-27T21:24:44.394607-08:00,read,key_376,3.77,true,false,1179
2025-11-27T21:24:44.405472-08:00,read,key_439,2.22,true,false,1341
2025-11-27T21:24:44.416219-08:00,read,key_943,2.81,true,false,1500
2025-11-27T21:24:44.42731-08:00,read,key_18,1.95,true,false,789
2025-11-27T21:24:44.438115-08:00,read,key_690,1.95,true,false,1171
2025-11-27T21:24:44.449222-08:00,read,key_54,3.27,true,false,1561
2025-11-27T21:24:44.459626-08:00,read,key_939,3.37,true,false,730
2025-11-27T21:24:44.470576-08:00,read,key_173,1.80,true,false,111
2025-11-27T21:24:44.493812-08:00,read,key_791,8.79,true,false,572
2025-11-27T21:24:44.482004-08:00,read,key_981,20.67,true,false,1384
2025-11-27T21:24:44.504198-08:00,read,key_326,0.90,true,false,766
2025-11-27T21:24:44.516174-08:00,read,key_237,1.21,true,false,1629
2025-11-27T21:24:44.529301-08:00,read,key_336,4.52,true,false,1195
2025-11-27T21:24:44.545298-08:00,read,key_666,9.98,true,false,967
2025-11-27T21:24:44.555344-08:00,read,key_57,8.91,true,false,1162
2025-11-27T21:24:44.565603-08:00,read,key_934,1.17,false,false,0
2025-11-27T21:24:44.576149-08:00,read,key_258,1.22,true,false,1563
2025-11-27T21:24:44.586788-08:00,read,key_666,2.02,true,false,967
2025-11-27T21:24:44.597947-08:00,read,key_257,2.66,true,false,1539
2025-11-27T21:24:44.609266-08:00,read,key_795,2.85,true,false,907
2025-11-27T21:24:44.619886-08:00,read,key_173,2.21,true,false,111
2025-11-27T21:24:44.630939-08:00,read,key_834,2.50,true,false,1388
2025-11-27T21:24:44.642177-08:00,read,key_854,32.50,true,false,1463
2025-11-27T21:24:44.653428-08:00,read,key_60,21.27,true,false,1132
2025-11-27T21:24:44.66468-08:00,read,key_274,10.16,true,false,613
2025-11-27T21:24:44.685727-08:00,read,key_515,0.89,true,false,1626
2025-11-27T21:24:44.384104-08:00,write,key_662,307.48,true,false,1639
2025-11-27T21:24:44.70702-08:00,read,key_91,0.83,true,false,1559
2025-11-27T21:24:44.718313-08:00,read,key_181,1.27,true,false,1260
2025-11-27T21:24:44.740625-08:00,read,key_331,1.80,true,false,1626
2025-11-27T21:24:44.751768-08:00,read,key_849,2.03,true,false,1118
2025-11-27T21:24:44.762964-08:00,read,key_176,2.41,true,false,1638
2025-11-27T21:24:44.773486-08:00,read,key_549,1.78,true,false,769
2025-11-27T21:24:44.784594-08:00,read,key_432,3.80,true,false,1288
2025-11-27T21:24:44.795299-08:00,read,key_616,1.99,true,false,1451
2025-11-27T21:24:44.806391-08:00,read,key_257,2.00,true,false,1539
2025-11-27T21:24:44.816798-08:00,read,key_639,2.73,true,false,343
2025-11-27T21:24:44.827725-08:00,read,key_156,1.87,true,false,1296
2025-11-27T21:24:44.849604-08:00,read,key_181,2.64,true,false,1260
2025-11-27T21:24:44.86054-08:00,read,key_350,3.07,true,false,1631
2025-11-27T21:24:44.88178-08:00,read,key_159,2.00,true,false,1324
2025-11-27T21:24:44.905316-08:00,read,key_571,3.83,true,false,1459
2025-11-27T21:24:44.917304-08:00,read,key_857,2.30,true,false,1443
2025-11-27T21:24:44.928421-08:00,read,key_149,2.21,true,false,1364
2025-11-27T21:24:44.939544-08:00,read,key_137,1.67,true,false,1558
2025-11-27T21:24:44.950227-08:00,read,key_939,2.65,true,false,730
2025-11-27T21:24:44.961258-08:00,read,key_655,2.07,true,false,1598
2025-11-27T21:24:44.971692-08:00,read,key_890,1.76,true,false,1122
2025-11-27T21:24:44.674757-08:00,write,key_584,306.38,true,false,1640
2025-11-27T21:24:44.981954-08:00,read,key_163,1.34,true,false,1575
2025-11-27T21:24:44.695922-08:00,write,key_10,306.04,true,false,1640
2025-11-27T21:24:45.013123-08:00,read,key_130,2.59,true,false,1428
2025-11-27T21:24:45.024146-08:00,read,key_850,2.45,true,false,1514
2025-11-27T21:24:44.729416-08:00,write,key_353,306.66,true,false,1640
2025-11-27T21:24:45.034658-08:00,read,key_171,1.52,false,false,0
2025-11-27T21:24:45.045782-08:00,read,key_157,1.99,true,false,1222
2025-11-27T21:24:45.056909-08:00,read,key_3,1.67,true,false,1329
2025-11-27T21:24:45.089745-08:00,read,key_389,9.25,true,false,228
2025-11-27T21:24:45.099963-08:00,read,key_522,3.62,true,false,1171
2025-11-27T21:24:45.110899-08:00,read,key_861,3.65,true,false,1326
2025-11-27T21:24:45.12175-08:00,read,key_148,1.50,true,false,1072
2025-11-27T21:24:45.13282-08:00,read,key_581,1.50,true,false,1632
2025-11-27T21:24:44.838352-08:00,write,key_373,306.11,true,false,1641
2025-11-27T21:24:45.14388-08:00,read,key_8,1.27,true,false,1332
2025-11-27T21:24:45.154988-08:00,read,key_356,1.96,true,false,1287
2025-11-27T21:24:45.166407-08:00,read,key_790,2.70,true,false,1624
2025-11-27T21:24:45.177419-08:00,read,key_179,1.45,true,false,834
2025-11-27T21:24:44.871539-08:00,write,key_507,307.34,true,false,1640
2025-11-27T21:24:45.188515-08:00,read,key_168,1.79,true,false,1278
2025-11-27T21:24:45.19963-08:00,read,key_935,2.71,false,false,0
2025-11-27T21:24:44.894163-08:00,write,key_513,308.21,true,false,1640
2025-11-27T21:24:45.210756-08:00,read,key_503,1.80,true,false,1556
2025-11-27T21:24:45.232676-08:00,read,key_146,1.94,true,false,1125
2025-11-27T21:24:45.245919-08:00,read,key_331,4.36,true,false,1626
2025-11-27T21:24:45.256949-08:00,read,key_500,2.31,true,false,1487
2025-11-27T21:24:45.278516-08:00,read,key_703,1.63,true,false,1621
2025-11-27T21:24:45.289675-08:00,read,key_64,1.68,true,false,936
2025-11-27T21:24:45.300871-08:00,read,key_254,2.52,true,false,1522
2025-11-27T21:24:44.99275-08:00,write,key_886,311.33,true,false,1642
2025-11-27T21:24:45.002936-08:00,write,key_251,305.34,true,false,1642
2025-11-27T21:24:45.311086-08:00,read,key_946,1.50,true,false,924
2025-11-27T21:24:45.321424-08:00,read,key_852,1.51,true,false,1220
2025-11-27T21:24:45.332548-08:00,read,key_173,2.27,true,false,111
2025-11-27T21:24:45.342917-08:00,read,key_785,1.82,true,false,280
2025-11-27T21:24:45.354065-08:00,read,key_824,1.58,true,false,817
2025-11-27T21:24:45.36517-08:00,read,key_681,1.33,true,false,1606
2025-11-27T21:24:45.068284-08:00,write,key_583,302.94,true,false,1643
2025-11-27T21:24:45.375805-08:00,read,key_235,0.99,true,false,1547
2025-11-27T21:24:45.078959-08:00,write,key_657,306.48,true,false,1641
2025-11-27T21:24:45.385925-08:00,read,key_377,0.77,true,false,1183
2025-11-27T21:24:45.39645-08:00,read,key_545,0.96,true,false,873
2025-11-27T21:24:45.406583-08:00,read,key_852,1.21,true,false,1220
2025-11-27T21:24:45.417878-08:00,read,key_633,1.21,false,false,0
2025-11-27T21:24:45.438902-08:00,read,key_884,1.05,true,false,1527
2025-11-27T21:24:45.449997-08:00,read,key_650,1.95,true,false,262
2025-11-27T21:24:45.460818-08:00,read,key_6,1.62,true,false,1290
2025-11-27T21:24:45.471904-08:00,read,key_502,0.85,true,false,1569
2025-11-27T21:24:45.482962-08:00,read,key_344,1.16,true,false,768
2025-11-27T21:24:45.494034-08:00,read,key_172,1.33,true,false,1581
2025-11-27T21:24:45.504802-08:00,read,key_331,0.98,true,false,1626
2025-11-27T21:24:45.515927-08:00,read,key_348,1.17,true,false,615
2025-11-27T21:24:45.526992-08:00,read,key_835,1.16,true,false,1143
2025-11-27T21:24:45.221499-08:00,write,key_956,307.29,true,false,1642
2025-11-27T21:24:45.537363-08:00,read,key_504,0.96,true,false,1557
2025-11-27T21:24:45.548412-08:00,read,key_688,1.28,true,false,853
2025-11-27T21:24:45.55941-08:00,read,key_855,2.78,true,false,1487
2025-11-27T21:24:45.570465-08:00,read,key_657,2.36,true,false,1641
2025-11-27T21:24:45.267287-08:00,write,key_183,307.27,true,false,1644
2025-11-27T21:24:45.581407-08:00,read,key_846,1.95,true,false,1129
2025-11-27T21:24:45.592554-08:00,read,key_666,3.19,true,false,967
2025-11-27T21:24:45.603583-08:00,read,key_610,2.09,true,false,1630
2025-11-27T21:24:45.614394-08:00,read,key_182,1.87,true,false,1107
2025-11-27T21:24:45.625544-08:00,read,key_632,1.77,false,false,0
2025-11-27T21:24:45.63667-08:00,read,key_345,1.67,true,false,859
2025-11-27T21:24:45.647865-08:00,read,key_371,1.81,true,false,1563
2025-11-27T21:24:45.658756-08:00,read,key_229,2.61,true,false,420
2025-11-27T21:24:45.669807-08:00,read,key_589,3.38,true,false,647
2025-11-27T21:24:45.679929-08:00,read,key_590,0.88,false,false,0
2025-11-27T21:24:45.691027-08:00,read,key_324,1.09,true,false,1378
2025-11-27T21:24:45.702133-08:00,read,key_698,1.60,true,false,1613
2025-11-27T21:24:45.713247-08:00,read,key_983,1.01,true,false,1339
2025-11-27T21:24:45.723633-08:00,read,key_426,0.95,true,false,624
2025-11-27T21:24:45.734383-08:00,read,key_167,1.27,true,false,1391
2025-11-27T21:24:45.428652-08:00,write,key_683,310.51,true,false,1644
2025-11-27T21:24:45.745129-08:00,read,key_666,0.83,true,false,967
2025-11-27T21:24:45.756232-08:00,read,key_353,0.90,true,false,1640
2025-11-27T21:24:45.766494-08:00,read,key_549,1.19,true,false,769
2025-11-27T21:24:45.777047-08:00,read,key_798,1.07,true,false,543
2025-11-27T21:24:45.788103-08:00,read,key_304,1.14,true,false,1549
2025-11-27T21:24:45.799275-08:00,read,key_349,5.94,true,false,666
2025-11-27T21:24:45.809774-08:00,read,key_657,2.14,true,false,1641
2025-11-27T21:24:45.820703-08:00,read,key_56,2.02,true,false,1513
2025-11-27T21:24:45.831203-08:00,read,key_843,1.82,true,false,1090
2025-11-27T21:24:45.842973-08:00,read,key_841,1.94,true,false,1108
2025-11-27T21:24:45.854142-08:00,read,key_376,2.05,true,false,1179
2025-11-27T21:24:45.865251-08:00,read,key_864,2.13,false,false,0
2025-11-27T21:24:45.876121-08:00,read,key_559,3.17,true,false,627
2025-11-27T21:24:45.886988-08:00,read,key_186,2.48,true,false,1630
2025-11-27T21:24:45.898062-08:00,read,key_156,1.83,true,false,1296
2025-11-27T21:24:45.910029-08:00,read,key_234,1.64,true,false,1447
2025-11-27T21:24:45.920975-08:00,read,key_738,2.12,true,false,168
2025-11-27T21:24:45.932146-08:00,read,key_985,2.09,true,false,1600
2025-11-27T21:24:45.943141-08:00,read,key_447,2.51,true,false,1573
2025-11-27T21:24:45.95423-08:00,read,key_688,1.41,true,false,853
2025-11-27T21:24:45.964675-08:00,read,key_651,1.39,true,false,1090
2025-11-27T21:24:45.975095-08:00,read,key_836,1.98,true,false,904
2025-11-27T21:24:45.985815-08:00,read,key_797,1.58,true,false,1157
2025-11-27T21:24:45.996445-08:00,read,key_662,1.70,true,false,1639
2025-11-27T21:24:46.018725-08:00,read,key_698,2.22,true,false,1613
2025-11-27T21:24:46.029811-08:00,read,key_561,2.00,true,false,820
2025-11-27T21:24:46.040958-08:00,read,key_681,3.24,true,false,1606
2025-11-27T21:24:46.052019-08:00,read,key_431,1.63,true,false,822
2025-11-27T21:24:46.063174-08:00,read,key_446,1.92,true,false,1126
2025-11-27T21:24:46.074397-08:00,read,key_254,1.75,true,false,1522
2025-11-27T21:24:46.096494-08:00,read,key_896,1.14,true,false,1151
2025-11-27T21:24:46.118556-08:00,read,key_355,0.92,true,false,1454
2025-11-27T21:24:46.129634-08:00,read,key_784,0.74,true,false,997
2025-11-27T21:24:46.140159-08:00,read,key_331,0.94,true,false,1626
2025-11-27T21:24:46.150708-08:00,read,key_576,1.06,true,false,1434
2025-11-27T21:24:46.161788-08:00,read,key_989,0.67,true,false,1624
2025-11-27T21:24:46.172716-08:00,read,key_542,0.71,true,false,686
2025-11-27T21:24:46.1838-08:00,read,key_645,2.16,true,false,1423
2025-11-27T21:24:46.19487-08:00,read,key_184,0.80,true,false,1447
2025-11-27T21:24:46.206039-08:00,read,key_866,0.68,true,false,810
2025-11-27T21:24:46.21678-08:00,read,key_698,1.01,true,false,1613
2025-11-27T21:24:46.227518-08:00,read,key_528,1.57,true,false,152
2025-11-27T21:24:46.23814-08:00,read,key_503,1.67,true,false,1556
2025-11-27T21:24:46.249355-08:00,read,key_841,4.79,true,false,1108
2025-11-27T21:24:46.260136-08:00,read,key_184,2.65,true,false,1447
2025-11-27T21:24:46.271073-08:00,read,key_187,2.37,true,false,1404
2025-11-27T21:24:46.282157-08:00,read,key_689,2.38,true,false,719
2025-11-27T21:24:46.293356-08:00,read,key_328,3.68,true,false,617
2025-11-27T21:24:46.304334-08:00,read,key_358,1.70,true,false,1584
2025-11-27T21:24:46.007547-08:00,write,key_842,305.97,true,false,1645
2025-11-27T21:24:46.314694-08:00,read,key_820,1.78,false,false,0
2025-11-27T21:24:46.326032-08:00,read,key_211,2.66,true,false,1317
2025-11-27T21:24:46.35844-08:00,read,key_822,2.65,false,false,0
2025-11-27T21:24:46.36952-08:00,read,key_303,1.98,true,false,557
2025-11-27T21:24:46.380604-08:00,read,key_851,1.49,true,false,1630
2025-11-27T21:24:46.391154-08:00,read,key_686,1.57,true,false,880
2025-11-27T21:24:46.085565-08:00,write,key_653,313.15,true,false,1646
2025-11-27T21:24:46.401651-08:00,read,key_153,2.21,true,false,1575
2025-11-27T21:24:46.412622-08:00,read,key_497,1.77,true,false,1025
2025-11-27T21:24:46.107547-08:00,write,key_135,308.64,true,false,1645
2025-11-27T21:24:46.423568-08:00,read,key_340,2.18,true,false,820
2025-11-27T21:24:46.434161-08:00,read,key_333,2.58,true,false,1184
2025-11-27T21:24:46.444991-08:00,read,key_564,2.12,true,false,1570
2025-11-27T21:24:46.456142-08:00,read,key_949,1.69,true,false,1372
2025-11-27T21:24:46.467406-08:00,read,key_688,2.77,true,false,853
2025-11-27T21:24:46.477743-08:00,read,key_660,1.70,true,false,1141
2025-11-27T21:24:46.488893-08:00,read,key_221,2.13,true,false,586
2025-11-27T21:24:46.50017-08:00,read,key_506,2.02,true,false,1465
2025-11-27T21:24:46.510929-08:00,read,key_187,2.16,true,false,1404
2025-11-27T21:24:46.522053-08:00,read,key_221,2.17,true,false,586
2025-11-27T21:24:46.532536-08:00,read,key_890,1.80,true,false,1122
2025-11-27T21:24:46.543784-08:00,read,key_977,3.04,true,false,821
2025-11-27T21:24:46.554818-08:00,read,key_659,1.60,true,false,1510
2025-11-27T21:24:46.565834-08:00,read,key_175,1.99,true,false,396
2025-11-27T21:24:46.577461-08:00,read,key_338,2.24,true,false,1011
2025-11-27T21:24:46.588096-08:00,read,key_521,1.91,true,false,886
2025-11-27T21:24:46.599244-08:00,read,key_780,1.86,true,false,623
2025-11-27T21:24:46.610443-08:00,read,key_388,1.74,false,false,0
2025-11-27T21:24:46.621533-08:00,read,key_783,1.77,true,false,181
2025-11-27T21:24:46.632696-08:00,read,key_555,2.74,true,false,1577
2025-11-27T21:24:46.644217-08:00,read,key_631,2.59,true,false,668
2025-11-27T21:24:46.337079-08:00,write,key_706,310.07,true,false,1647
2025-11-27T21:24:46.347951-08:00,write,key_582,306.39,true,false,1646
2025-11-27T21:24:46.654257-08:00,read,key_251,1.40,true,false,1642
2025-11-27T21:24:46.665439-08:00,read,key_836,1.88,true,false,904
2025-11-27T21:24:46.67564-08:00,read,key_550,1.80,true,false,697
2025-11-27T21:24:46.686761-08:00,read,key_981,1.67,true,false,1384
2025-11-27T21:24:46.697024-08:00,read,key_369,1.58,true,false,1371
2025-11-27T21:24:46.708228-08:00,read,key_93,2.06,true,false,1480
2025-11-27T21:24:46.7187-08:00,read,key_499,1.50,true,false,746
2025-11-27T21:24:46.729407-08:00,read,key_779,1.94,false,false,0
2025-11-27T21:24:46.740459-08:00,read,key_837,2.32,true,false,792
2025-11-27T21:24:46.751546-08:00,read,key_785,1.80,true,false,280
2025-11-27T21:24:46.762691-08:00,read,key_942,1.94,true,false,1631
2025-11-27T21:24:46.7738-08:00,read,key_154,2.48,true,false,778
2025-11-27T21:24:46.78493-08:00,read,key_170,1.85,true,false,852
2025-11-27T21:24:46.796104-08:00,read,key_776,2.27,true,false,1128
2025-11-27T21:24:46.807225-08:00,read,key_773,3.19,true,false,324
2025-11-27T21:24:46.817716-08:00,read,key_544,2.75,true,false,1634
2025-11-27T21:24:46.828762-08:00,read,key_981,2.06,true,false,1384
2025-11-27T21:24:46.838888-08:00,read,key_212,2.16,true,false,1392
2025-11-27T21:24:46.849294-08:00,read,key_163,3.19,true,false,1575
2025-11-27T21:24:46.871199-08:00,read,key_460,1.82,true,false,1549
2025-11-27T21:24:46.881793-08:00,read,key_159,1.47,true,false,1324
2025-11-27T21:24:46.892728-08:00,read,key_151,2.63,true,false,1572
2025-11-27T21:24:46.903794-08:00,read,key_986,1.55,true,false,1552
2025-11-27T21:24:46.913973-08:00,read,key_177,1.84,true,false,839
2025-11-27T21:24:46.925099-08:00,read,key_305,2.08,true,false,1221
2025-11-27T21:24:46.9358-08:00,read,key_611,2.27,true,false,1467
2025-11-27T21:24:46.946892-08:00,read,key_139,2.50,true,false,1525
2025-11-27T21:24:46.958077-08:00,read,key_188,3.94,true,false,1448
2025-11-27T21:24:46.968972-08:00,read,key_222,1.77,true,false,776
2025-11-27T21:24:46.980097-08:00,read,key_252,1.94,true,false,1525
2025-11-27T21:24:46.991206-08:00,read,key_797,2.45,true,false,1157
2025-11-27T21:24:47.002852-08:00,read,key_507,2.01,true,false,1640
2025-11-27T21:24:47.013999-08:00,read,key_337,2.25,true,false,1163
2025-11-27T21:24:47.027009-08:00,read,key_778,2.72,true,false,317
2025-11-27T21:24:47.038119-08:00,read,key_59,2.01,true,false,1479
2025-11-27T21:24:47.049464-08:00,read,key_264,1.97,true,false,427
2025-11-27T21:24:47.060609-08:00,read,key_6,2.12,true,false,1290
2025-11-27T21:24:47.071441-08:00,read,key_251,2.37,true,false,1642
2025-11-27T21:24:47.082561-08:00,read,key_655,3.17,true,false,1598
2025-11-27T21:24:47.104428-08:00,read,key_368,1.74,true,false,1610
2025-11-27T21:24:47.126165-08:00,read,key_365,2.27,true,false,865
2025-11-27T21:24:47.136408-08:00,read,key_74,1.53,true,false,1510
2025-11-27T21:24:47.147538-08:00,read,key_863,1.67,true,false,331
2025-11-27T21:24:47.158693-08:00,read,key_570,1.26,true,false,1499
2025-11-27T21:24:46.860345-08:00,write,key_151,307.49,true,false,1648
2025-11-27T21:24:47.168862-08:00,read,key_271,0.85,false,false,0
2025-11-27T21:24:47.179385-08:00,read,key_595,1.79,true,false,1454
2025-11-27T21:24:47.190334-08:00,read,key_220,1.95,true,false,642
2025-11-27T21:24:47.201347-08:00,read,key_225,2.45,true,false,1604
2025-11-27T21:24:47.212429-08:00,read,key_152,1.96,true,false,1469
2025-11-27T21:24:47.222932-08:00,read,key_215,1.69,true,false,1014
2025-11-27T21:24:47.234017-08:00,read,key_179,2.13,true,false,834
2025-11-27T21:24:47.245188-08:00,read,key_659,2.32,true,false,1510
2025-11-27T21:24:47.256286-08:00,read,key_841,1.82,true,false,1108
2025-11-27T21:24:47.267412-08:00,read,key_77,2.53,true,false,1564
2025-11-27T21:24:47.277614-08:00,read,key_564,2.13,true,false,1570
2025-11-27T21:24:47.288801-08:00,read,key_115,2.16,true,false,1392
2025-11-27T21:24:47.312834-08:00,read,key_548,2.72,true,false,905
2025-11-27T21:24:47.324031-08:00,read,key_181,4.32,true,false,1260
2025-11-27T21:24:47.335122-08:00,read,key_252,5.48,true,false,1525
2025-11-27T21:24:47.35695-08:00,read,key_325,1.93,true,false,753
2025-11-27T21:24:47.368135-08:00,read,key_122,1.96,true,false,1594
2025-11-27T21:24:47.379085-08:00,read,key_924,1.92,false,false,0
2025-11-27T21:24:47.390236-08:00,read,key_65,2.20,false,false,0
2025-11-27T21:24:47.093292-08:00,write,key_932,309.56,true,false,1648
2025-11-27T21:24:47.400642-08:00,read,key_618,3.95,true,false,1545
2025-11-27T21:24:47.411555-08:00,read,key_509,1.76,true,false,1560
2025-11-27T21:24:47.115037-08:00,write,key_8,307.84,true,false,1648
2025-11-27T21:24:47.422042-08:00,read,key_842,1.70,true,false,1645
2025-11-27T21:24:47.433288-08:00,read,key_245,2.47,true,false,1468
2025-11-27T21:24:47.444347-08:00,read,key_594,1.49,false,false,0
2025-11-27T21:24:47.455464-08:00,read,key_781,1.74,true,false,699
2025-11-27T21:24:47.466651-08:00,read,key_550,3.22,true,false,697
2025-11-27T21:24:47.477625-08:00,read,key_932,1.88,true,false,1648
2025-11-27T21:24:47.488773-08:00,read,key_237,2.47,true,false,1629
2025-11-27T21:24:47.499153-08:00,read,key_169,1.99,true,false,1307
2025-11-27T21:24:47.509802-08:00,read,key_336,2.12,true,false,1195
2025-11-27T21:24:47.520467-08:00,read,key_212,1.92,true,false,1392
2025-11-27T21:24:47.530843-08:00,read,key_308,2.59,true,false,1614
2025-11-27T21:24:47.541871-08:00,read,key_184,1.85,true,false,1447
2025-11-27T21:24:47.552579-08:00,read,key_90,2.34,true,false,1566
2025-11-27T21:24:47.563581-08:00,read,key_887,1.90,true,false,1400
2025-11-27T21:24:47.573978-08:00,read,key_577,1.88,true,false,1415
2025-11-27T21:24:47.584551-08:00,read,key_445,2.94,true,false,1560
2025-11-27T21:24:47.595493-08:00,read,key_346,1.86,true,false,626
2025-11-27T21:24:47.606668-08:00,read,key_682,1.85,true,false,542
2025-11-27T21:24:47.300006-08:00,write,key_6,309.46,true,false,1649
2025-11-27T21:24:47.617848-08:00,read,key_115,2.30,true,false,1392
2025-11-27T21:24:47.651648-08:00,read,key_513,2.73,true,false,1640
2025-11-27T21:24:47.345841-08:00,write,key_229,309.95,true,false,1649
2025-11-27T21:24:47.66256-08:00,read,key_170,2.29,true,false,852
2025-11-27T21:24:47.673706-08:00,read,key_361,1.92,true,false,1503
2025-11-27T21:24:47.684775-08:00,read,key_446,3.02,true,false,1126
2025-11-27T21:24:47.69515-08:00,read,key_664,2.32,true,false,1636
2025-11-27T21:24:47.706235-08:00,read,key_229,1.67,true,false,1649
2025-11-27T21:24:47.716986-08:00,read,key_986,2.54,true,false,1552
2025-11-27T21:24:47.728088-08:00,read,key_542,1.93,true,false,686
2025-11-27T21:24:47.739212-08:00,read,key_782,1.95,true,false,1594
2025-11-27T21:24:47.761465-08:00,read,key_673,1.73,true,false,309
2025-11-27T21:24:47.772579-08:00,read,key_131,2.60,true,false,1588
2025-11-27T21:24:47.783629-08:00,read,key_189,2.67,false,false,0
2025-11-27T21:24:47.793944-08:00,read,key_154,1.76,true,false,778
2025-11-27T21:24:47.805089-08:00,read,key_332,1.69,true,false,663
2025-11-27T21:24:47.816199-08:00,read,key_253,2.24,true,false,1518
2025-11-27T21:24:47.826617-08:00,read,key_160,3.40,true,false,1498
2025-11-27T21:24:47.837667-08:00,read,key_980,2.05,true,false,1625
2025-11-27T21:24:47.848806-08:00,read,key_599,1.63,true,false,1569
2025-11-27T21:24:47.859705-08:00,read,key_180,2.58,true,false,1413
2025-11-27T21:24:47.870761-08:00,read,key_781,1.84,true,false,699
2025-11-27T21:24:47.882032-08:00,read,key_27,1.58,true,false,1212
2025-11-27T21:24:47.892796-08:00,read,key_353,2.58,true,false,1640
2025-11-27T21:24:47.903859-08:00,read,key_984,1.89,true,false,1498
2025-11-27T21:24:47.914978-08:00,read,key_266,2.20,true,false,495
2025-11-27T21:24:47.926282-08:00,read,key_853,2.98,true,false,1491
2025-11-27T21:24:47.93684-08:00,read,key_383,1.43,true,false,1000
2025-11-27T21:24:47.628956-08:00,write,key_438,310.06,true,false,1650
2025-11-27T21:24:47.640185-08:00,write,key_167,306.67,true,false,1651
2025-11-27T21:24:47.946883-08:00,read,key_865,0.92,true,false,1626
2025-11-27T21:24:47.957991-08:00,read,key_884,1.89,true,false,1527
2025-11-27T21:24:47.969074-08:00,read,key_578,1.84,true,false,1325
2025-11-27T21:24:47.980224-08:00,read,key_796,1.92,true,false,1402
2025-11-27T21:24:47.99156-08:00,read,key_74,1.51,true,false,1510
2025-11-27T21:24:48.002765-08:00,read,key_595,2.21,true,false,1454
2025-11-27T21:24:48.0139-08:00,read,key_430,1.90,true,false,1149
2025-11-27T21:24:48.025025-08:00,read,key_782,2.32,true,false,1594
2025-11-27T21:24:48.036117-08:00,read,key_254,2.63,true,false,1522
2025-11-27T21:24:48.046319-08:00,read,key_640,2.17,false,false,0
2025-11-27T21:24:47.750348-08:00,write,key_571,307.28,true,false,1650
2025-11-27T21:24:48.057447-08:00,read,key_16,0.99,false,false,0
2025-11-27T21:24:48.068032-08:00,read,key_474,0.92,true,false,1570
2025-11-27T21:24:48.079132-08:00,read,key_333,0.95,true,false,1184
2025-11-27T21:24:48.090264-08:00,read,key_597,0.89,true,false,231
2025-11-27T21:24:48.112448-08:00,read,key_947,1.01,true,false,1262
2025-11-27T21:24:48.123285-08:00,read,key_546,0.90,true,false,1373
2025-11-27T21:24:48.134409-08:00,read,key_528,1.33,true,false,152
2025-11-27T21:24:48.145209-08:00,read,key_141,0.70,true,false,656
2025-11-27T21:24:48.156295-08:00,read,key_185,1.21,false,false,0
2025-11-27T21:24:48.178147-08:00,read,key_56,0.84,true,false,1513
2025-11-27T21:24:48.189304-08:00,read,key_324,0.96,true,false,1378
2025-11-27T21:24:48.201601-08:00,read,key_853,1.76,true,false,1491
2025-11-27T21:24:48.223134-08:00,read,key_695,1.71,true,false,989
2025-11-27T21:24:48.234258-08:00,read,key_492,4.21,true,false,1001
2025-11-27T21:24:48.245242-08:00,read,key_678,3.40,true,false,1346
2025-11-27T21:24:48.25617-08:00,read,key_738,3.63,true,false,168
2025-11-27T21:24:48.268486-08:00,read,key_588,2.97,true,false,1027
2025-11-27T21:24:48.279519-08:00,read,key_335,1.93,false,false,0
2025-11-27T21:24:48.29066-08:00,read,key_361,2.06,true,false,1503
2025-11-27T21:24:48.302421-08:00,read,key_334,2.84,true,false,1012
2025-11-27T21:24:48.313142-08:00,read,key_226,1.78,true,false,1618
2025-11-27T21:24:48.335587-08:00,read,key_470,2.35,true,false,1227
2025-11-27T21:24:48.346735-08:00,read,key_268,2.18,true,false,499
2025-11-27T21:24:48.357902-08:00,read,key_567,2.07,true,false,1551
2025-11-27T21:24:48.368999-08:00,read,key_579,1.39,true,false,1411
2025-11-27T21:24:48.379655-08:00,read,key_772,2.03,false,false,0
2025-11-27T21:24:48.390223-08:00,read,key_250,2.29,true,false,1378
2025-11-27T21:24:48.401396-08:00,read,key_694,1.82,true,false,1595
2025-11-27T21:24:48.101382-08:00,write,key_862,305.79,true,false,1652
2025-11-27T21:24:48.412165-08:00,read,key_155,1.86,true,false,1254
2025-11-27T21:24:48.422543-08:00,read,key_798,1.88,true,false,543
2025-11-27T21:24:48.433216-08:00,read,key_436,2.28,true,false,1338
2025-11-27T21:24:48.455096-08:00,read,key_122,4.03,true,false,1594
2025-11-27T21:24:48.465956-08:00,read,key_75,2.47,true,false,1523
2025-11-27T21:24:48.167047-08:00,write,key_972,308.27,true,false,1652
2025-11-27T21:24:48.476416-08:00,read,key_215,2.46,true,false,1014
2025-11-27T21:24:48.487297-08:00,read,key_986,1.76,true,false,1552
2025-11-27T21:24:48.498454-08:00,read,key_227,1.94,true,false,893
2025-11-27T21:24:48.508798-08:00,read,key_771,2.82,false,false,0
2025-11-27T21:24:48.212007-08:00,write,key_830,305.46,true,false,1652
2025-11-27T21:24:48.519083-08:00,read,key_626,1.39,true,false,1343
2025-11-27T21:24:48.529871-08:00,read,key_599,2.25,true,false,1569
2025-11-27T21:24:48.540932-08:00,read,key_628,2.08,true,false,1589
2025-11-27T21:24:48.552094-08:00,read,key_353,2.23,true,false,1640
2025-11-27T21:24:48.563235-08:00,read,key_496,1.86,true,false,1559
2025-11-27T21:24:48.574301-08:00,read,key_143,2.82,true,false,1123
2025-11-27T21:24:48.585384-08:00,read,key_250,3.31,true,false,1378
2025-11-27T21:24:48.596038-08:00,read,key_331,2.40,true,false,1626
2025-11-27T21:24:48.607157-08:00,read,key_231,2.85,true,false,1445
2025-11-27T21:24:48.617993-08:00,read,key_543,1.70,true,false,1455
2025-11-27T21:24:48.628439-08:00,read,key_468,1.83,true,false,1534
2025-11-27T21:24:48.324438-08:00,write,key_670,310.71,true,false,1653
2025-11-27T21:24:48.639041-08:00,read,key_215,1.73,true,false,1014
2025-11-27T21:24:48.650308-08:00,read,key_688,3.01,true,false,853
2025-11-27T21:24:48.661338-08:00,read,key_507,1.80,true,false,1640
2025-11-27T21:24:48.672195-08:00,read,key_679,2.13,true,false,1350
2025-11-27T21:24:48.683342-08:00,read,key_472,1.27,true,false,1513
2025-11-27T21:24:48.69408-08:00,read,key_690,0.67,true,false,1171
2025-11-27T21:24:48.716464-08:00,read,key_326,2.53,true,false,766
2025-11-27T21:24:48.727575-08:00,read,key_797,2.00,true,false,1157
2025-11-27T21:24:48.738375-08:00,read,key_835,2.07,true,false,1143
2025-11-27T21:24:48.74877-08:00,read,key_982,1.62,true,false,668
2025-11-27T21:24:48.444321-08:00,write,key_308,308.77,true,false,1654
2025-11-27T21:24:48.770105-08:00,read,key_989,2.25,true,false,1624
2025-11-27T21:24:48.781234-08:00,read,key_242,1.81,true,false,1205
2025-11-27T21:24:48.791969-08:00,read,key_368,2.25,true,false,1610
2025-11-27T21:24:48.803029-08:00,read,key_188,1.51,true,false,1448
2025-11-27T21:24:48.814204-08:00,read,key_326,1.78,true,false,766
2025-11-27T21:24:48.825309-08:00,read,key_749,2.07,true,false,891
2025-11-27T21:24:48.836325-08:00,read,key_405,1.89,true,false,1545
2025-11-27T21:24:48.847458-08:00,read,key_165,1.65,true,false,1515
2025-11-27T21:24:48.858717-08:00,read,key_214,2.29,true,false,1006
2025-11-27T21:24:48.86905-08:00,read,key_629,1.72,true,false,579
2025-11-27T21:24:48.880229-08:00,read,key_921,2.18,true,false,818
2025-11-27T21:24:48.891387-08:00,read,key_354,2.83,true,false,1519
2025-11-27T21:24:48.902441-08:00,read,key_191,1.89,false,false,0
2025-11-27T21:24:48.913216-08:00,read,key_285,2.14,true,false,1250
2025-11-27T21:24:48.935473-08:00,read,key_146,1.97,true,false,1125
2025-11-27T21:24:48.946468-08:00,read,key_864,2.03,false,false,0
2025-11-27T21:24:48.979069-08:00,read,key_231,2.15,true,false,1445
2025-11-27T21:24:48.990213-08:00,read,key_216,3.34,true,false,1430
2025-11-27T21:24:49.001151-08:00,read,key_708,2.24,true,false,1480
2025-11-27T21:24:48.705206-08:00,write,key_148,306.60,true,false,1655
2025-11-27T21:24:49.011379-08:00,read,key_279,1.50,true,false,632
2025-11-27T21:24:49.02254-08:00,read,key_673,2.03,true,false,309
2025-11-27T21:24:49.033722-08:00,read,key_673,2.16,true,false,309
2025-11-27T21:24:49.05507-08:00,read,key_675,6.87,true,false,1276
2025-11-27T21:24:48.759673-08:00,write,key_362,308.20,true,false,1655
2025-11-27T21:24:49.065776-08:00,read,key_180,4.31,true,false,1413
2025-11-27T21:24:49.109732-08:00,read,key_165,4.84,true,false,1515
2025-11-27T21:24:49.119942-08:00,read,key_683,2.20,true,false,1644
2025-11-27T21:24:49.13114-08:00,read,key_362,2.19,true,false,1655
2025-11-27T21:24:49.141987-08:00,read,key_622,2.00,true,false,1150
2025-11-27T21:24:49.153104-08:00,read,key_364,1.61,false,false,0
2025-11-27T21:24:49.16428-08:00,read,key_676,5.35,true,false,1392
2025-11-27T21:24:49.175007-08:00,read,key_381,4.58,true,false,1019
2025-11-27T21:24:49.186121-08:00,read,key_751,2.17,true,false,1289
2025-11-27T21:24:49.197239-08:00,read,key_308,1.93,true,false,1654
2025-11-27T21:24:49.219182-08:00,read,key_301,2.44,true,false,1208
2025-11-27T21:24:49.230332-08:00,read,key_857,2.15,true,false,1443
2025-11-27T21:24:48.924336-08:00,write,key_945,311.89,true,false,1656
2025-11-27T21:24:49.240971-08:00,read,key_465,2.42,true,false,1503
2025-11-27T21:24:49.251746-08:00,read,key_307,2.43,true,false,1164
2025-11-27T21:24:48.957674-08:00,write,key_178,306.38,true,false,1656
2025-11-27T21:24:49.261955-08:00,read,key_34,2.21,true,false,1343
2025-11-27T21:24:49.273137-08:00,read,key_184,3.08,true,false,1447
2025-11-27T21:24:48.967956-08:00,write,key_334,308.27,true,false,1655
2025-11-27T21:24:49.284174-08:00,read,key_700,2.36,true,false,1510
2025-11-27T21:24:49.29535-08:00,read,key_735,2.19,true,false,180
2025-11-27T21:24:49.305917-08:00,read,key_192,1.51,true,false,227
2025-11-27T21:24:49.317324-08:00,read,key_146,2.58,true,false,1125
2025-11-27T21:24:49.328424-08:00,read,key_922,1.75,true,false,616
2025-11-27T21:24:49.339572-08:00,read,key_443,2.01,true,false,987
2025-11-27T21:24:49.0439-08:00,write,key_2,309.91,true,false,1656
2025-11-27T21:24:49.350837-08:00,read,key_146,3.32,true,false,1125
2025-11-27T21:24:49.361877-08:00,read,key_659,2.20,true,false,1510
2025-11-27T21:24:49.373049-08:00,read,key_859,1.92,true,false,1528
2025-11-27T21:24:49.076607-08:00,write,key_349,308.63,true,false,1657
2025-11-27T21:24:49.383674-08:00,read,key_860,5.09,true,false,827
2025-11-27T21:24:49.087662-08:00,write,key_46,308.06,true,false,1657
2025-11-27T21:24:49.098844-08:00,write,key_308,306.88,true,false,1658
2025-11-27T21:24:49.404583-08:00,read,key_435,1.65,true,false,1154
2025-11-27T21:24:49.415135-08:00,read,key_647,1.80,false,false,0
2025-11-27T21:24:49.425948-08:00,read,key_781,2.27,true,false,699
2025-11-27T21:24:49.436438-08:00,read,key_439,2.04,true,false,1341
2025-11-27T21:24:49.447583-08:00,read,key_675,2.02,true,false,1276
2025-11-27T21:24:49.458551-08:00,read,key_226,2.25,true,false,1618
2025-11-27T21:24:49.469634-08:00,read,key_75,2.24,true,false,1523
2025-11-27T21:24:49.479939-08:00,read,key_333,2.37,true,false,1184
2025-11-27T21:24:49.501454-08:00,read,key_983,1.58,true,false,1339
2025-11-27T21:24:49.208522-08:00,write,key_774,306.16,true,false,1656
2025-11-27T21:24:49.523248-08:00,read,key_746,2.15,true,false,1431
2025-11-27T21:24:49.544797-08:00,read,key_687,1.95,true,false,411
2025-11-27T21:24:49.555382-08:00,read,key_443,1.72,true,false,987
2025-11-27T21:24:49.566642-08:00,read,key_465,3.49,true,false,1503
2025-11-27T21:24:49.577594-08:00,read,key_194,1.68,true,false,1037
2025-11-27T21:24:49.588463-08:00,read,key_265,2.44,true,false,437
2025-11-27T21:24:49.599632-08:00,read,key_330,2.56,true,false,713
2025-11-27T21:24:49.610645-08:00,read,key_112,1.75,true,false,1366
2025-11-27T21:24:49.621567-08:00,read,key_253,1.72,true,false,1518
2025-11-27T21:24:49.632782-08:00,read,key_223,1.65,true,false,1210
2025-11-27T21:24:49.643294-08:00,read,key_95,1.17,true,false,1458
2025-11-27T21:24:49.654448-08:00,read,key_214,1.80,true,false,1006
2025-11-27T21:24:49.665654-08:00,read,key_236,3.05,true,false,1547
2025-11-27T21:24:49.676113-08:00,read,key_928,2.46,true,false,810
2025-11-27T21:24:49.687023-08:00,read,key_740,2.19,true,false,1439
2025-11-27T21:24:49.697678-08:00,read,key_893,1.86,true,false,945
2025-11-27T21:24:49.394424-08:00,write,key_33,306.13,true,false,1659
2025-11-27T21:24:49.708494-08:00,read,key_362,2.68,true,false,1655
2025-11-27T21:24:49.719562-08:00,read,key_151,1.91,true,false,1648
2025-11-27T21:24:49.741864-08:00,read,key_400,2.33,true,false,1373
2025-11-27T21:24:49.753046-08:00,read,key_496,2.25,true,false,1559
2025-11-27T21:24:49.76416-08:00,read,key_271,2.30,false,false,0
2025-11-27T21:24:49.775161-08:00,read,key_702,2.21,true,false,1333
2025-11-27T21:24:49.78629-08:00,read,key_741,2.26,true,false,820
2025-11-27T21:24:49.491026-08:00,write,key_927,310.06,true,false,1659
2025-11-27T21:24:49.796742-08:00,read,key_508,4.68,true,false,1349
2025-11-27T21:24:49.808244-08:00,read,key_972,4.67,true,false,1652
2025-11-27T21:24:49.512094-08:00,write,key_337,307.46,true,false,1660
2025-11-27T21:24:49.819063-08:00,read,key_150,1.30,true,false,1501
2025-11-27T21:24:49.829824-08:00,read,key_185,1.83,false,false,0
2025-11-27T21:24:49.840701-08:00,read,key_660,1.94,true,false,1141
2025-11-27T21:24:49.533661-08:00,write,key_634,309.07,true,false,1659
2025-11-27T21:24:49.851749-08:00,read,key_620,1.81,true,false,1407
2025-11-27T21:24:49.862884-08:00,read,key_461,1.97,true,false,1566
2025-11-27T21:24:49.87402-08:00,read,key_542,1.95,true,false,686
2025-11-27T21:24:49.884493-08:00,read,key_382,2.06,true,false,88
2025-11-27T21:24:49.895408-08:00,read,key_145,2.21,true,false,1630
2025-11-27T21:24:49.906556-08:00,read,key_341,2.38,true,false,620
2025-11-27T21:24:49.917204-08:00,read,key_347,2.03,true,false,858
2025-11-27T21:24:49.927822-08:00,read,key_75,2.05,true,false,1523
2025-11-27T21:24:49.938175-08:00,read,key_561,1.61,true,false,820
2025-11-27T21:24:49.948502-08:00,read,key_226,1.38,true,false,1618
2025-11-27T21:24:49.960097-08:00,read,key_496,2.37,true,false,1559
2025-11-27T21:24:49.971031-08:00,read,key_789,2.06,true,false,239
2025-11-27T21:24:49.982132-08:00,read,key_669,2.74,true,false,976
2025-11-27T21:24:50.004362-08:00,read,key_619,1.91,true,false,1415
2025-11-27T21:24:50.014939-08:00,read,key_947,1.92,true,false,1262
2025-11-27T21:24:50.025522-08:00,read,key_49,3.39,true,false,1075
2025-11-27T21:24:49.730735-08:00,write,key_338,308.24,true,false,1661
2025-11-27T21:24:50.036488-08:00,read,key_144,2.79,true,false,1103
2025-11-27T21:24:50.04668-08:00,read,key_996,1.72,true,false,554
2025-11-27T21:24:50.057036-08:00,read,key_198,2.43,true,false,1277
2025-11-27T21:24:50.078987-08:00,read,key_937,2.14,true,false,632
2025-11-27T21:24:50.090203-08:00,read,key_982,1.80,true,false,668
2025-11-27T21:24:50.100437-08:00,read,key_40,2.21,true,false,821
2025-11-27T21:24:50.110984-08:00,read,key_686,1.54,true,false,880
2025-11-27T21:24:50.1221-08:00,read,key_157,1.90,true,false,1222
2025-11-27T21:24:50.133238-08:00,read,key_236,2.39,true,false,1547
2025-11-27T21:24:50.155291-08:00,read,key_853,1.74,true,false,1491
2025-11-27T21:24:50.166458-08:00,read,key_675,1.86,true,false,1276
2025-11-27T21:24:50.177761-08:00,read,key_689,2.23,true,false,719
2025-11-27T21:24:50.188732-08:00,read,key_145,3.66,true,false,1630
2025-11-27T21:24:50.19983-08:00,read,key_256,1.72,true,false,1495
2025-11-27T21:24:50.222095-08:00,read,key_788,3.75,true,false,424
2025-11-27T21:24:50.243799-08:00,read,key_495,2.75,true,false,1509
2025-11-27T21:24:50.254827-08:00,read,key_190,2.08,true,false,1218
2025-11-27T21:24:50.26604-08:00,read,key_544,2.39,true,false,1634
2025-11-27T21:24:50.277007-08:00,read,key_158,1.79,true,false,1274
2025-11-27T21:24:50.288146-08:00,read,key_987,1.77,true,false,990
2025-11-27T21:24:49.993256-08:00,write,key_389,306.06,true,false,1661
2025-11-27T21:24:50.298581-08:00,read,key_986,1.16,true,false,1552
2025-11-27T21:24:50.309387-08:00,read,key_224,1.93,true,false,900
2025-11-27T21:24:50.320324-08:00,read,key_695,1.77,true,false,989
2025-11-27T21:24:50.331447-08:00,read,key_795,2.06,true,false,907
2025-11-27T21:24:50.341947-08:00,read,key_581,2.78,true,false,1632
2025-11-27T21:24:50.353153-08:00,read,key_743,2.05,true,false,894
2025-11-27T21:24:50.364286-08:00,read,key_647,1.74,false,false,0
2025-11-27T21:24:50.06782-08:00,write,key_79,305.40,true,false,1662
2025-11-27T21:24:50.374583-08:00,read,key_978,3.24,true,false,1463
2025-11-27T21:24:50.385631-08:00,read,key_333,1.83,true,false,1184
2025-11-27T21:24:50.395824-08:00,read,key_278,2.57,true,false,547
2025-11-27T21:24:50.406923-08:00,read,key_383,2.15,true,false,1000
2025-11-27T21:24:50.417847-08:00,read,key_154,2.49,true,false,778
2025-11-27T21:24:50.439305-08:00,read,key_825,2.01,true,false,769
2025-11-27T21:24:50.450079-08:00,read,key_156,2.78,true,false,1296
2025-11-27T21:24:50.144283-08:00,write,key_50,308.59,true,false,1662
2025-11-27T21:24:50.460524-08:00,read,key_821,1.72,true,false,855
2025-11-27T21:24:50.471596-08:00,read,key_135,1.42,true,false,1645
2025-11-27T21:24:50.482745-08:00,read,key_980,2.43,true,false,1625
2025-11-27T21:24:50.504927-08:00,read,key_920,3.51,true,false,159
2025-11-27T21:24:50.210962-08:00,write,key_160,305.18,true,false,1663
2025-11-27T21:24:50.515043-08:00,read,key_626,1.69,true,false,1343
2025-11-27T21:24:50.526443-08:00,read,key_983,3.25,true,false,1339
2025-11-27T21:24:50.537143-08:00,read,key_663,2.33,false,false,0
2025-11-27T21:24:50.233053-08:00,write,key_670,313.58,true,false,1662
2025-11-27T21:24:50.547375-08:00,read,key_48,2.07,true,false,1086
2025-11-27T21:24:50.558448-08:00,read,key_266,2.87,true,false,495
2025-11-27T21:24:50.569462-08:00,read,key_186,1.61,true,false,1630
2025-11-27T21:24:50.579833-08:00,read,key_596,1.64,false,false,0
2025-11-27T21:24:50.590896-08:00,read,key_234,1.69,true,false,1447
2025-11-27T21:24:50.601968-08:00,read,key_65,1.93,false,false,0
2025-11-27T21:24:50.613155-08:00,read,key_463,1.95,true,false,1483
2025-11-27T21:24:50.624351-08:00,read,key_849,3.05,true,false,1118
2025-11-27T21:24:50.634967-08:00,read,key_544,2.98,true,false,1634
2025-11-27T21:24:50.657438-08:00,read,key_174,4.90,false,false,0
2025-11-27T21:24:50.668498-08:00,read,key_176,1.65,true,false,1638
2025-11-27T21:24:50.690003-08:00,read,key_385,1.73,false,false,0
2025-11-27T21:24:50.700144-08:00,read,key_935,2.55,false,false,0
2025-11-27T21:24:50.710672-08:00,read,key_379,3.26,true,false,531
2025-11-27T21:24:50.721011-08:00,read,key_951,1.52,true,false,1506
2025-11-27T21:24:50.732143-08:00,read,key_172,1.79,true,false,1581
2025-11-27T21:24:50.428931-08:00,write,key_230,307.42,true,false,1664
2025-11-27T21:24:50.743531-08:00,read,key_860,5.73,true,false,827
2025-11-27T21:24:50.754189-08:00,read,key_953,1.99,true,false,1178
2025-11-27T21:24:50.764744-08:00,read,key_465,2.41,true,false,1503
2025-11-27T21:24:50.776004-08:00,read,key_46,2.11,true,false,1657
2025-11-27T21:24:50.786373-08:00,read,key_159,1.88,true,false,1324
2025-11-27T21:24:50.797107-08:00,read,key_687,2.38,true,false,411
2025-11-27T21:24:50.493827-08:00,write,key_789,307.05,true,false,1665
2025-11-27T21:24:50.808018-08:00,read,key_154,2.20,true,false,778
2025-11-27T21:24:50.819129-08:00,read,key_262,2.53,true,false,604
2025-11-27T21:24:50.829806-08:00,read,key_276,2.15,true,false,476
2025-11-27T21:24:50.840454-08:00,read,key_155,2.41,true,false,1254
2025-11-27T21:24:50.862566-08:00,read,key_140,1.83,true,false,904
2025-11-27T21:24:50.873741-08:00,read,key_741,1.73,true,false,820
2025-11-27T21:24:50.884417-08:00,read,key_777,2.39,true,false,916
2025-11-27T21:24:50.895249-08:00,read,key_591,1.54,true,false,1499
2025-11-27T21:24:50.917551-08:00,read,key_217,3.21,true,false,1302
2025-11-27T21:24:50.928197-08:00,read,key_172,1.82,true,false,1581
2025-11-27T21:24:50.939317-08:00,read,key_188,1.79,true,false,1448
2025-11-27T21:24:50.950534-08:00,read,key_336,3.08,true,false,1195
2025-11-27T21:24:50.646056-08:00,write,key_957,307.56,true,false,1666
2025-11-27T21:24:50.961718-08:00,read,key_643,3.73,true,false,585
2025-11-27T21:24:50.972444-08:00,read,key_939,1.76,true,false,730
2025-11-27T21:24:50.983335-08:00,read,key_272,1.66,true,false,173
2025-11-27T21:24:50.679595-08:00,write,key_596,310.73,true,false,1666
2025-11-27T21:24:50.993867-08:00,read,key_867,1.76,true,false,1256
2025-11-27T21:24:51.005024-08:00,read,key_683,2.24,true,false,1644
2025-11-27T21:24:51.016105-08:00,read,key_438,2.23,true,false,1650
2025-11-27T21:24:51.026665-08:00,read,key_681,1.68,true,false,1606
2025-11-27T21:24:51.037657-08:00,read,key_846,1.82,true,false,1129
2025-11-27T21:24:51.048773-08:00,read,key_878,1.91,true,false,1470
2025-11-27T21:24:51.05951-08:00,read,key_354,3.17,true,false,1519
2025-11-27T21:24:51.070458-08:00,read,key_229,1.93,true,false,1649
2025-11-27T21:24:51.081761-08:00,read,key_384,2.37,true,false,830
2025-11-27T21:24:51.093043-08:00,read,key_277,2.57,true,false,154
2025-11-27T21:24:51.10415-08:00,read,key_777,2.97,true,false,916
2025-11-27T21:24:51.115115-08:00,read,key_556,1.69,true,false,1452
2025-11-27T21:24:51.126248-08:00,read,key_381,1.99,true,false,1019
2025-11-27T21:24:51.137375-08:00,read,key_397,1.90,true,false,600
2025-11-27T21:24:51.148248-08:00,read,key_129,1.55,true,false,875
2025-11-27T21:24:50.851422-08:00,write,key_580,309.18,true,false,1666
2025-11-27T21:24:51.158631-08:00,read,key_529,2.38,true,false,1248
2025-11-27T21:24:51.169607-08:00,read,key_578,1.79,true,false,1325
2025-11-27T21:24:51.17988-08:00,read,key_497,1.67,true,false,1025
2025-11-27T21:24:51.20187-08:00,read,key_8,1.69,true,false,1648
2025-11-27T21:24:50.906387-08:00,write,key_803,307.65,true,false,1667
2025-11-27T21:24:51.212746-08:00,read,key_375,1.30,true,false,1025
2025-11-27T21:24:51.223007-08:00,read,key_679,1.94,true,false,1350
2025-11-27T21:24:51.233367-08:00,read,key_228,2.25,true,false,554
2025-11-27T21:24:51.244486-08:00,read,key_673,1.73,true,false,309
2025-11-27T21:24:51.255871-08:00,read,key_775,2.63,true,false,606
2025-11-27T21:24:51.266879-08:00,read,key_55,3.36,true,false,1225
2025-11-27T21:24:51.27794-08:00,read,key_477,1.86,true,false,1538
2025-11-27T21:24:51.289116-08:00,read,key_212,1.77,true,false,1392
2025-11-27T21:24:51.300216-08:00,read,key_269,2.82,false,false,0
2025-11-27T21:24:51.311143-08:00,read,key_461,2.29,true,false,1566
2025-11-27T21:24:51.321755-08:00,read,key_989,2.19,true,false,1624
2025-11-27T21:24:51.332898-08:00,read,key_700,2.85,true,false,1510
2025-11-27T21:24:51.344063-08:00,read,key_353,2.52,true,false,1640
2025-11-27T21:24:51.354884-08:00,read,key_859,2.26,true,false,1528
2025-11-27T21:24:51.365984-08:00,read,key_78,1.99,true,false,1472
2025-11-27T21:24:51.376894-08:00,read,key_869,2.69,true,false,1592
2025-11-27T21:24:51.388011-08:00,read,key_15,1.87,true,false,879
2025-11-27T21:24:51.399136-08:00,read,key_565,1.58,true,false,1552
2025-11-27T21:24:51.40946-08:00,read,key_827,2.16,true,false,251
2025-11-27T21:24:51.420621-08:00,read,key_802,1.83,true,false,1249
2025-11-27T21:24:51.431765-08:00,read,key_970,1.82,true,false,1453
2025-11-27T21:24:51.442039-08:00,read,key_773,2.02,true,false,324
2025-11-27T21:24:51.452964-08:00,read,key_0,1.80,true,false,1515
2025-11-27T21:24:51.463188-08:00,read,key_130,2.29,true,false,1428
2025-11-27T21:24:51.474339-08:00,read,key_787,1.81,true,false,1328
2025-11-27T21:24:51.485533-08:00,read,key_72,2.39,true,false,1296
2025-11-27T21:24:51.190971-08:00,write,key_561,307.40,true,false,1668
2025-11-27T21:24:51.506936-08:00,read,key_546,1.75,true,false,1373
2025-11-27T21:24:51.518138-08:00,read,key_745,2.65,true,false,653
2025-11-27T21:24:51.528945-08:00,read,key_616,1.90,true,false,1451
2025-11-27T21:24:51.550758-08:00,read,key_184,3.58,true,false,1447
2025-11-27T21:24:51.561362-08:00,read,key_786,1.86,true,false,1620
2025-11-27T21:24:51.571504-08:00,read,key_156,1.80,true,false,1296
2025-11-27T21:24:51.593109-08:00,read,key_118,2.54,true,false,1529
2025-11-27T21:24:51.604203-08:00,read,key_274,1.99,true,false,613
2025-11-27T21:24:51.62619-08:00,read,key_285,2.17,true,false,1250
2025-11-27T21:24:51.637281-08:00,read,key_125,4.48,true,false,1326
2025-11-27T21:24:51.648194-08:00,read,key_387,1.90,true,false,161
2025-11-27T21:24:51.658446-08:00,read,key_740,2.27,true,false,1439
2025-11-27T21:24:51.669657-08:00,read,key_223,2.23,true,false,1210
2025-11-27T21:24:51.679968-08:00,read,key_345,2.26,true,false,859
2025-11-27T21:24:51.691077-08:00,read,key_62,2.89,true,false,1061
2025-11-27T21:24:51.702342-08:00,read,key_937,2.11,true,false,632
2025-11-27T21:24:51.713239-08:00,read,key_808,2.13,true,false,1570
2025-11-27T21:24:51.724388-08:00,read,key_589,1.64,true,false,647
2025-11-27T21:24:51.735925-08:00,read,key_677,2.83,true,false,1390
2025-11-27T21:24:51.747029-08:00,read,key_113,1.86,true,false,1561
2025-11-27T21:24:51.758112-08:00,read,key_370,2.22,true,false,248
2025-11-27T21:24:51.768345-08:00,read,key_557,2.08,true,false,1576
2025-11-27T21:24:51.790623-08:00,read,key_256,1.92,true,false,1495
2025-11-27T21:24:51.496287-08:00,write,key_957,306.87,true,false,1668
2025-11-27T21:24:51.802084-08:00,read,key_176,1.63,true,false,1638
2025-11-27T21:24:51.813211-08:00,read,key_618,1.91,true,false,1545
2025-11-27T21:24:51.824335-08:00,read,key_115,1.72,true,false,1392
2025-11-27T21:24:51.83466-08:00,read,key_749,2.10,true,false,891
2025-11-27T21:24:51.845783-08:00,read,key_829,1.71,true,false,828
2025-11-27T21:24:51.539537-08:00,write,key_737,310.89,true,false,1669
2025-11-27T21:24:51.856434-08:00,read,key_251,1.54,true,false,1642
2025-11-27T21:24:51.867576-08:00,read,key_624,2.66,true,false,1359
2025-11-27T21:24:51.878289-08:00,read,key_69,1.61,true,false,1349
2025-11-27T21:24:51.582684-08:00,write,key_223,307.05,true,false,1669
2025-11-27T21:24:51.8886-08:00,read,key_686,1.17,true,false,880
2025-11-27T21:24:51.909569-08:00,read,key_234,2.02,true,false,1447
2025-11-27T21:24:51.614462-08:00,write,key_205,307.84,true,false,1670
2025-11-27T21:24:51.920723-08:00,read,key_940,1.58,true,false,1467
2025-11-27T21:24:51.931357-08:00,read,key_747,1.78,true,false,789
2025-11-27T21:24:51.942497-08:00,read,key_851,1.77,true,false,1630
2025-11-27T21:24:51.953601-08:00,read,key_805,1.60,true,false,1511
2025-11-27T21:24:51.964123-08:00,read,key_857,1.84,true,false,1443
2025-11-27T21:24:51.985834-08:00,read,key_613,1.67,true,false,732
2025-11-27T21:24:51.996635-08:00,read,key_782,3.32,true,false,1594
2025-11-27T21:24:52.006782-08:00,read,key_788,1.42,true,false,424
2025-11-27T21:24:52.017961-08:00,read,key_980,2.56,true,false,1625
2025-11-27T21:24:52.029027-08:00,read,key_863,1.84,true,false,331
2025-11-27T21:24:52.04015-08:00,read,key_168,1.80,true,false,1278
2025-11-27T21:24:52.050678-08:00,read,key_741,2.09,true,false,820
2025-11-27T21:24:52.072887-08:00,read,key_154,3.92,true,false,778
2025-11-27T21:24:51.779494-08:00,write,key_740,306.31,true,false,1669
2025-11-27T21:24:52.084006-08:00,read,key_806,2.11,true,false,1572
2025-11-27T21:24:52.106003-08:00,read,key_575,1.42,true,false,1126
2025-11-27T21:24:52.117118-08:00,read,key_337,2.94,true,false,1660
2025-11-27T21:24:52.128138-08:00,read,key_307,1.57,true,false,1164
2025-11-27T21:24:52.139274-08:00,read,key_645,1.62,true,false,1423
2025-11-27T21:24:52.161531-08:00,read,key_782,1.95,true,false,1594
2025-11-27T21:24:52.172669-08:00,read,key_863,1.77,true,false,331
2025-11-27T21:24:52.183005-08:00,read,key_982,3.80,true,false,668
2025-11-27T21:24:52.19385-08:00,read,key_689,1.40,true,false,719
2025-11-27T21:24:51.899383-08:00,write,key_369,310.19,true,false,1671
2025-11-27T21:24:52.205007-08:00,read,key_988,7.31,true,false,696
2025-11-27T21:24:52.215582-08:00,read,key_132,3.62,true,false,1557
2025-11-27T21:24:52.227643-08:00,read,key_695,2.93,true,false,989
2025-11-27T21:24:52.238169-08:00,read,key_684,2.04,true,false,70
2025-11-27T21:24:52.249285-08:00,read,key_987,1.88,true,false,990
2025-11-27T21:24:52.260471-08:00,read,key_540,1.51,true,false,1633
2025-11-27T21:24:52.271614-08:00,read,key_51,1.93,true,false,1250
2025-11-27T21:24:51.9753-08:00,write,key_976,305.38,true,false,1671
2025-11-27T21:24:52.281892-08:00,read,key_550,1.34,true,false,1672
2025-11-27T21:24:52.292977-08:00,read,key_522,2.17,true,false,1171
2025-11-27T21:24:52.303902-08:00,read,key_788,1.75,true,false,424
2025-11-27T21:24:52.31487-08:00,read,key_876,1.61,true,false,1528
2025-11-27T21:24:52.325149-08:00,read,key_742,2.48,true,false,845
2025-11-27T21:24:52.336177-08:00,read,key_958,2.04,true,false,1498
2025-11-27T21:24:52.347173-08:00,read,key_218,1.63,true,false,1318
2025-11-27T21:24:52.357785-08:00,read,key_594,1.39,false,false,0
2025-11-27T21:24:52.061762-08:00,write,key_550,305.53,true,false,1672
2025-11-27T21:24:52.368206-08:00,read,key_957,1.17,true,false,1668
2025-11-27T21:24:52.379303-08:00,read,key_253,1.97,true,false,1518
2025-11-27T21:24:52.389869-08:00,read,key_358,1.99,true,false,1584
2025-11-27T21:24:52.40037-08:00,read,key_639,2.70,true,false,343
2025-11-27T21:24:52.094863-08:00,write,key_783,308.21,true,false,1671
2025-11-27T21:24:52.411401-08:00,read,key_186,1.86,true,false,1630
2025-11-27T21:24:52.433242-08:00,read,key_676,2.67,true,false,1392
2025-11-27T21:24:52.444286-08:00,read,key_636,1.78,true,false,696
2025-11-27T21:24:52.150413-08:00,write,key_929,308.60,true,false,1672
2025-11-27T21:24:52.465808-08:00,read,key_461,1.96,true,false,1566
2025-11-27T21:24:52.476502-08:00,read,key_748,1.57,true,false,560
2025-11-27T21:24:52.487659-08:00,read,key_339,1.83,false,false,0
2025-11-27T21:24:52.498874-08:00,read,key_93,1.91,true,false,1480
2025-11-27T21:24:52.510356-08:00,read,key_569,2.27,true,false,990
2025-11-27T21:24:52.532112-08:00,read,key_54,2.24,true,false,1561
2025-11-27T21:24:52.542808-08:00,read,key_986,1.32,true,false,1552
2025-11-27T21:24:52.553909-08:00,read,key_341,1.71,true,false,620
2025-11-27T21:24:52.565094-08:00,read,key_637,1.87,true,false,278
2025-11-27T21:24:52.587323-08:00,read,key_980,1.92,true,false,1625
2025-11-27T21:24:52.620794-08:00,read,key_545,3.36,true,false,873
2025-11-27T21:24:52.631763-08:00,read,key_176,1.32,true,false,1638
2025-11-27T21:24:52.642926-08:00,read,key_786,1.51,true,false,1620
2025-11-27T21:24:52.65404-08:00,read,key_601,1.59,true,false,1020
2025-11-27T21:24:52.665221-08:00,read,key_232,1.71,true,false,1538
2025-11-27T21:24:52.677837-08:00,read,key_805,1.92,true,false,1511
2025-11-27T21:24:52.688147-08:00,read,key_469,2.28,true,false,1573
2025-11-27T21:24:52.699244-08:00,read,key_582,3.55,true,false,1646
2025-11-27T21:24:52.710183-08:00,read,key_650,2.33,true,false,262
2025-11-27T21:24:52.721362-08:00,read,key_575,2.24,true,false,1126
2025-11-27T21:24:52.422017-08:00,write,key_185,306.04,true,false,1673
2025-11-27T21:24:52.731855-08:00,read,key_279,1.48,true,false,632
2025-11-27T21:24:52.742752-08:00,read,key_740,3.29,true,false,1669
2025-11-27T21:24:52.753769-08:00,read,key_186,2.06,true,false,1630
2025-11-27T21:24:52.454973-08:00,write,key_574,307.33,true,false,1673
2025-11-27T21:24:52.764066-08:00,read,key_928,1.58,true,false,810
2025-11-27T21:24:52.775148-08:00,read,key_332,2.35,true,false,663
2025-11-27T21:24:52.786243-08:00,read,key_575,1.76,true,false,1126
2025-11-27T21:24:52.797345-08:00,read,key_824,1.85,true,false,817
2025-11-27T21:24:52.808495-08:00,read,key_384,2.81,true,false,830
2025-11-27T21:24:52.819523-08:00,read,key_4,1.77,true,false,1353
2025-11-27T21:24:52.520974-08:00,write,key_801,308.78,true,false,1673
2025-11-27T21:24:52.829684-08:00,read,key_242,1.03,true,false,1205
2025-11-27T21:24:52.840808-08:00,read,key_609,1.79,true,false,990
2025-11-27T21:24:52.851467-08:00,read,key_69,2.24,true,false,1349
2025-11-27T21:24:52.873798-08:00,read,key_125,1.91,true,false,1326
2025-11-27T21:24:52.576194-08:00,write,key_356,308.50,true,false,1674
2025-11-27T21:24:52.884378-08:00,read,key_549,1.78,true,false,769
2025-11-27T21:24:52.895512-08:00,read,key_228,2.29,true,false,554
2025-11-27T21:24:52.906647-08:00,read,key_797,1.40,true,false,1157
2025-11-27T21:24:52.598457-08:00,write,key_149,309.71,true,false,1673
2025-11-27T21:24:52.609644-08:00,write,key_578,304.97,true,false,1674
2025-11-27T21:24:52.91699-08:00,read,key_338,1.85,true,false,1661
2025-11-27T21:24:52.92814-08:00,read,key_984,1.68,true,false,1498
2025-11-27T21:24:52.939283-08:00,read,key_345,2.22,true,false,859
2025-11-27T21:24:52.950395-08:00,read,key_805,2.02,true,false,1511
2025-11-27T21:24:52.961473-08:00,read,key_569,1.70,true,false,990
2025-11-27T21:24:52.983512-08:00,read,key_524,2.17,true,false,1268
2025-11-27T21:24:52.994615-08:00,read,key_15,2.07,true,false,879
2025-11-27T21:24:53.004817-08:00,read,key_491,1.65,true,false,596
2025-11-27T21:24:53.015083-08:00,read,key_344,2.07,true,false,768
2025-11-27T21:24:53.026156-08:00,read,key_525,2.33,true,false,498
2025-11-27T21:24:53.037331-08:00,read,key_369,1.78,true,false,1671
2025-11-27T21:24:53.048472-08:00,read,key_359,1.39,true,false,1633
2025-11-27T21:24:53.070212-08:00,read,key_942,1.76,true,false,1631
2025-11-27T21:24:53.081402-08:00,read,key_604,2.23,true,false,961
2025-11-27T21:24:53.09267-08:00,read,key_684,2.05,true,false,70
2025-11-27T21:24:53.103709-08:00,read,key_643,1.54,true,false,585
2025-11-27T21:24:53.114823-08:00,read,key_547,1.83,true,false,758
2025-11-27T21:24:53.125128-08:00,read,key_271,2.07,false,false,0
2025-11-27T21:24:53.157801-08:00,read,key_62,2.87,true,false,1061
2025-11-27T21:24:52.86262-08:00,write,key_732,307.69,true,false,1675
2025-11-27T21:24:53.169024-08:00,read,key_56,2.31,true,false,1513
2025-11-27T21:24:53.179811-08:00,read,key_864,1.37,false,false,0
2025-11-27T21:24:53.190931-08:00,read,key_982,1.78,true,false,668
2025-11-27T21:24:53.201111-08:00,read,key_342,2.40,true,false,470
2025-11-27T21:24:53.211348-08:00,read,key_579,1.66,true,false,1411
2025-11-27T21:24:53.222159-08:00,read,key_887,1.93,true,false,1400
2025-11-27T21:24:53.233283-08:00,read,key_344,2.31,true,false,768
2025-11-27T21:24:53.244401-08:00,read,key_545,1.73,true,false,873
2025-11-27T21:24:53.255549-08:00,read,key_399,1.71,true,false,870
2025-11-27T21:24:53.277863-08:00,read,key_515,1.52,true,false,1626
2025-11-27T21:24:52.972612-08:00,write,key_150,307.94,true,false,1675
2025-11-27T21:24:53.288927-08:00,read,key_737,2.26,true,false,1669
2025-11-27T21:24:53.300031-08:00,read,key_691,2.27,true,false,1074
2025-11-27T21:24:53.311111-08:00,read,key_791,1.51,true,false,572
2025-11-27T21:24:53.321997-08:00,read,key_300,1.83,true,false,1214
2025-11-27T21:24:53.332903-08:00,read,key_748,2.04,true,false,560
2025-11-27T21:24:53.344053-08:00,read,key_148,1.55,true,false,1655
2025-11-27T21:24:53.355184-08:00,read,key_220,5.32,true,false,642
2025-11-27T21:24:53.059551-08:00,write,key_461,305.99,true,false,1676
2025-11-27T21:24:53.365465-08:00,read,key_270,0.66,true,false,522
2025-11-27T21:24:53.376687-08:00,read,key_781,2.33,true,false,699
2025-11-27T21:24:53.39875-08:00,read,key_584,2.42,true,false,1640
2025-11-27T21:24:53.409513-08:00,read,key_360,2.36,true,false,1394
2025-11-27T21:24:53.136213-08:00,write,key_842,309.42,true,false,1675
2025-11-27T21:24:53.442004-08:00,read,key_851,4.61,true,false,1630
2025-11-27T21:24:53.452743-08:00,read,key_344,1.84,true,false,768
2025-11-27T21:24:53.146675-08:00,write,key_357,307.93,true,false,1676
2025-11-27T21:24:53.463752-08:00,read,key_684,1.65,true,false,70
2025-11-27T21:24:53.474165-08:00,read,key_938,1.64,true,false,1566
2025-11-27T21:24:53.485115-08:00,read,key_556,1.68,true,false,1452
2025-11-27T21:24:53.507449-08:00,read,key_326,3.99,true,false,766
2025-11-27T21:24:53.528242-08:00,read,key_894,1.70,true,false,1637
2025-11-27T21:24:53.539344-08:00,read,key_426,1.38,true,false,624
2025-11-27T21:24:53.55048-08:00,read,key_62,2.48,true,false,1061
2025-11-27T21:24:53.561477-08:00,read,key_71,1.83,true,false,1518
2025-11-27T21:24:53.266682-08:00,write,key_738,305.68,true,false,1676
2025-11-27T21:24:53.572118-08:00,read,key_604,0.92,true,false,961
2025-11-27T21:24:53.582824-08:00,read,key_852,2.38,true,false,1220
2025-11-27T21:24:53.594147-08:00,read,key_573,1.50,true,false,1593
2025-11-27T21:24:53.615013-08:00,read,key_660,1.93,true,false,1141
2025-11-27T21:24:53.626167-08:00,read,key_346,2.70,true,false,626
2025-11-27T21:24:53.637246-08:00,read,key_561,1.51,true,false,1668
2025-11-27T21:24:53.648426-08:00,read,key_523,1.92,true,false,993
2025-11-27T21:24:53.659528-08:00,read,key_443,2.94,true,false,987
2025-11-27T21:24:53.670575-08:00,read,key_956,2.17,true,false,1642
2025-11-27T21:24:53.681682-08:00,read,key_571,1.88,true,false,1650
2025-11-27T21:24:53.693329-08:00,read,key_373,2.44,true,false,1641
2025-11-27T21:24:53.38781-08:00,write,key_446,307.98,true,false,1677
2025-11-27T21:24:53.704292-08:00,read,key_32,1.61,true,false,1577
2025-11-27T21:24:53.715147-08:00,read,key_700,2.06,true,false,1510
2025-11-27T21:24:53.420336-08:00,write,key_332,307.07,true,false,1677
2025-11-27T21:24:53.725813-08:00,read,key_156,2.28,true,false,1296
2025-11-27T21:24:53.736953-08:00,read,key_231,1.97,true,false,1445
2025-11-27T21:24:53.43151-08:00,write,key_325,308.63,true,false,1677
2025-11-27T21:24:53.747913-08:00,read,key_940,1.53,true,false,1467
2025-11-27T21:24:53.758452-08:00,read,key_77,1.64,true,false,1564
2025-11-27T21:24:53.769617-08:00,read,key_790,1.75,true,false,1624
2025-11-27T21:24:53.780613-08:00,read,key_984,2.15,true,false,1498
2025-11-27T21:24:53.791889-08:00,read,key_252,2.57,true,false,1525
2025-11-27T21:24:53.496264-08:00,write,key_628,304.68,true,false,1678
2025-11-27T21:24:53.802094-08:00,read,key_436,1.04,true,false,1338
2025-11-27T21:24:53.813169-08:00,read,key_366,1.87,true,false,1095
2025-11-27T21:24:53.517886-08:00,write,key_590,305.36,true,false,1678
2025-11-27T21:24:53.823287-08:00,read,key_363,0.94,true,false,607
2025-11-27T21:24:53.834542-08:00,read,key_673,2.77,true,false,309
2025-11-27T21:24:53.844737-08:00,read,key_671,1.89,true,false,507
2025-11-27T21:24:53.855881-08:00,read,key_372,1.75,true,false,530
2025-11-27T21:24:53.866188-08:00,read,key_137,1.58,true,false,1558
2025-11-27T21:24:53.877321-08:00,read,key_222,1.84,true,false,776
2025-11-27T21:24:53.888462-08:00,read,key_342,1.75,true,false,470
2025-11-27T21:24:53.899225-08:00,read,key_224,1.96,true,false,900
2025-11-27T21:24:53.909678-08:00,read,key_861,2.10,true,false,1326
2025-11-27T21:24:53.604443-08:00,write,key_676,307.39,true,false,1677
2025-11-27T21:24:53.9208-08:00,read,key_546,1.68,true,false,1373
2025-11-27T21:24:53.932064-08:00,read,key_445,1.45,true,false,1560
2025-11-27T21:24:53.94379-08:00,read,key_575,2.58,true,false,1126
2025-11-27T21:24:53.954827-08:00,read,key_922,2.20,true,false,616
2025-11-27T21:24:53.965921-08:00,read,key_332,1.59,true,false,1677
2025-11-27T21:24:53.987501-08:00,read,key_179,2.17,true,false,834
2025-11-27T21:24:53.998002-08:00,read,key_302,2.00,true,false,1175
2025-11-27T21:24:54.008489-08:00,read,key_91,3.47,true,false,1559
2025-11-27T21:24:54.019004-08:00,read,key_930,2.69,true,false,1607
2025-11-27T21:24:54.029825-08:00,read,key_64,2.20,true,false,936
2025-11-27T21:24:54.052175-08:00,read,key_823,1.82,true,false,841
2025-11-27T21:24:54.062535-08:00,read,key_858,2.16,true,false,1444
2025-11-27T21:24:54.073775-08:00,read,key_825,3.23,true,false,769
2025-11-27T21:24:54.084188-08:00,read,key_232,1.68,true,false,1538
2025-11-27T21:24:54.095326-08:00,read,key_350,1.82,true,false,1631
2025-11-27T21:24:54.105729-08:00,read,key_16,2.12,false,false,0
2025-11-27T21:24:54.11685-08:00,read,key_829,2.74,true,false,828
2025-11-27T21:24:54.127252-08:00,read,key_797,3.44,true,false,1157
2025-11-27T21:24:54.1382-08:00,read,key_231,2.21,true,false,1445
2025-11-27T21:24:54.148479-08:00,read,key_987,1.37,true,false,990
2025-11-27T21:24:54.159027-08:00,read,key_312,2.53,true,false,1026
2025-11-27T21:24:54.170143-08:00,read,key_278,1.91,true,false,547
2025-11-27T21:24:54.181301-08:00,read,key_242,2.18,true,false,1205
2025-11-27T21:24:54.192361-08:00,read,key_194,1.89,true,false,1037
2025-11-27T21:24:54.203499-08:00,read,key_978,2.41,true,false,1463
2025-11-27T21:24:54.225781-08:00,read,key_570,3.20,true,false,1499
2025-11-27T21:24:54.236794-08:00,read,key_255,3.82,true,false,1482
2025-11-27T21:24:54.247733-08:00,read,key_338,1.77,true,false,1661
2025-11-27T21:24:54.258853-08:00,read,key_217,2.11,true,false,1302
2025-11-27T21:24:54.26927-08:00,read,key_342,1.69,true,false,470
2025-11-27T21:24:54.280019-08:00,read,key_935,2.03,false,false,0
2025-11-27T21:24:53.976334-08:00,write,key_742,312.34,true,false,1679
2025-11-27T21:24:54.2903-08:00,read,key_744,1.54,true,false,1460
2025-11-27T21:24:54.301424-08:00,read,key_750,2.72,true,false,1503
2025-11-27T21:24:54.311802-08:00,read,key_789,1.81,true,false,1665
2025-11-27T21:24:54.322936-08:00,read,key_157,1.65,true,false,1222
2025-11-27T21:24:54.334004-08:00,read,key_1,2.14,true,false,1597
2025-11-27T21:24:54.040934-08:00,write,key_863,305.84,true,false,1680
2025-11-27T21:24:54.355542-08:00,read,key_448,2.11,true,false,1403
2025-11-27T21:24:54.3658-08:00,read,key_162,1.96,true,false,1545
2025-11-27T21:24:54.388244-08:00,read,key_75,1.97,true,false,1523
2025-11-27T21:24:54.399389-08:00,read,key_823,3.84,true,false,841
2025-11-27T21:24:54.410283-08:00,read,key_380,1.99,true,false,1170
2025-11-27T21:24:54.421113-08:00,read,key_861,1.33,true,false,1326
2025-11-27T21:24:54.431244-08:00,read,key_738,1.98,true,false,1676
2025-11-27T21:24:54.441775-08:00,read,key_684,1.92,true,false,70
2025-11-27T21:24:54.45292-08:00,read,key_69,1.85,true,false,1349
2025-11-27T21:24:54.464209-08:00,read,key_342,1.79,true,false,470
2025-11-27T21:24:54.475298-08:00,read,key_841,2.10,true,false,1108
2025-11-27T21:24:54.486456-08:00,read,key_246,1.72,true,false,1483
2025-11-27T21:24:54.497649-08:00,read,key_88,2.76,true,false,1553
2025-11-27T21:24:54.508892-08:00,read,key_118,3.89,true,false,1529
2025-11-27T21:24:54.519463-08:00,read,key_223,2.84,true,false,1669
2025-11-27T21:24:54.214644-08:00,write,key_853,307.87,true,false,1681
2025-11-27T21:24:54.529797-08:00,read,key_184,2.17,true,false,1447
2025-11-27T21:24:54.54092-08:00,read,key_37,3.14,true,false,1479
2025-11-27T21:24:54.551875-08:00,read,key_790,1.80,true,false,1624
2025-11-27T21:24:54.563033-08:00,read,key_744,1.73,true,false,1460
2025-11-27T21:24:54.574129-08:00,read,key_648,2.33,false,false,0
2025-11-27T21:24:54.584586-08:00,read,key_517,1.86,true,false,1040
2025-11-27T21:24:54.595734-08:00,read,key_681,1.99,true,false,1606
2025-11-27T21:24:54.606177-08:00,read,key_473,1.77,true,false,1563
2025-11-27T21:24:54.617308-08:00,read,key_873,3.25,true,false,1479
2025-11-27T21:24:54.62775-08:00,read,key_179,1.90,true,false,834
2025-11-27T21:24:54.638136-08:00,read,key_731,1.76,true,false,1598
2025-11-27T21:24:54.649277-08:00,read,key_211,4.06,true,false,1317
2025-11-27T21:24:54.344446-08:00,write,key_702,309.78,true,false,1681
2025-11-27T21:24:54.659464-08:00,read,key_153,2.11,true,false,1575
2025-11-27T21:24:54.670673-08:00,read,key_170,2.22,true,false,852
2025-11-27T21:24:54.3779-08:00,write,key_564,307.56,true,false,1682
2025-11-27T21:24:54.703677-08:00,read,key_123,1.96,true,false,1601
2025-11-27T21:24:54.714934-08:00,read,key_152,2.22,true,false,1469
2025-11-27T21:24:54.726023-08:00,read,key_971,1.72,true,false,1619
2025-11-27T21:24:54.736221-08:00,read,key_669,2.68,true,false,976
2025-11-27T21:24:54.747278-08:00,read,key_849,1.75,true,false,1118
2025-11-27T21:24:54.758376-08:00,read,key_155,3.89,true,false,1254
2025-11-27T21:24:54.768843-08:00,read,key_690,1.74,true,false,1171
2025-11-27T21:24:54.780015-08:00,read,key_511,1.74,true,false,1201
2025-11-27T21:24:54.791177-08:00,read,key_667,2.00,true,false,1628
2025-11-27T21:24:54.824337-08:00,read,key_698,1.67,true,false,1613
2025-11-27T21:24:54.835512-08:00,read,key_645,1.90,true,false,1423
2025-11-27T21:24:54.84649-08:00,read,key_809,1.54,true,false,1534
2025-11-27T21:24:54.85696-08:00,read,key_687,1.59,true,false,411
2025-11-27T21:24:54.868214-08:00,read,key_4,3.19,true,false,1353
2025-11-27T21:24:54.878532-08:00,read,key_307,2.24,true,false,1164
2025-11-27T21:24:54.889671-08:00,read,key_445,2.02,true,false,1560
2025-11-27T21:24:54.900957-08:00,read,key_946,2.51,true,false,924
2025-11-27T21:24:54.911901-08:00,read,key_233,2.12,true,false,1564
2025-11-27T21:24:54.922372-08:00,read,key_65,1.57,false,false,0
2025-11-27T21:24:54.933856-08:00,read,key_71,3.14,true,false,1518
2025-11-27T21:24:54.94485-08:00,read,key_634,1.82,true,false,1659
2025-11-27T21:24:54.955301-08:00,read,key_557,2.12,true,false,1576
2025-11-27T21:24:54.966484-08:00,read,key_493,1.71,true,false,991
2025-11-27T21:24:54.97764-08:00,read,key_155,2.11,true,false,1254
2025-11-27T21:24:54.988302-08:00,read,key_42,1.56,true,false,1252
2025-11-27T21:24:54.681823-08:00,write,key_979,308.74,true,false,1683
2025-11-27T21:24:54.692742-08:00,write,key_510,305.02,true,false,1684
2025-11-27T21:24:54.998458-08:00,read,key_831,0.92,true,false,838
2025-11-27T21:24:55.009981-08:00,read,key_229,1.80,true,false,1649
2025-11-27T21:24:55.021131-08:00,read,key_148,1.86,true,false,1655
2025-11-27T21:24:55.032264-08:00,read,key_855,1.99,true,false,1487
2025-11-27T21:24:55.042854-08:00,read,key_677,2.46,true,false,1390
2025-11-27T21:24:55.064194-08:00,read,key_569,1.84,true,false,990
2025-11-27T21:24:55.075296-08:00,read,key_834,4.27,true,false,1388
2025-11-27T21:24:55.086152-08:00,read,key_682,2.31,true,false,542
2025-11-27T21:24:55.10714-08:00,read,key_599,1.16,true,false,1569
2025-11-27T21:24:54.802475-08:00,write,key_861,305.83,true,false,1683
2025-11-27T21:24:54.813171-08:00,write,key_78,305.53,true,false,1683
2025-11-27T21:24:55.117712-08:00,read,key_671,2.26,true,false,507
2025-11-27T21:24:55.128194-08:00,read,key_979,2.46,true,false,1683
2025-11-27T21:24:55.138875-08:00,read,key_230,1.50,true,false,1664
2025-11-27T21:24:55.149995-08:00,read,key_701,1.96,true,false,1456
2025-11-27T21:24:55.161184-08:00,read,key_210,1.91,true,false,990
2025-11-27T21:24:55.172281-08:00,read,key_681,1.81,true,false,1606
2025-11-27T21:24:55.183403-08:00,read,key_65,2.05,false,false,0
2025-11-27T21:24:55.194528-08:00,read,key_362,1.54,true,false,1655
2025-11-27T21:24:55.204848-08:00,read,key_213,1.67,true,false,1148
2025-11-27T21:24:55.215967-08:00,read,key_936,2.11,false,false,0
2025-11-27T21:24:55.227283-08:00,read,key_828,1.80,true,false,851
2025-11-27T21:24:55.238423-08:00,read,key_732,1.83,true,false,1675
2025-11-27T21:24:55.249568-08:00,read,key_338,1.44,true,false,1661
2025-11-27T21:24:55.260713-08:00,read,key_429,1.61,true,false,1160
2025-11-27T21:24:55.271448-08:00,read,key_981,2.11,true,false,1384
2025-11-27T21:24:55.293847-08:00,read,key_708,2.06,true,false,1480
2025-11-27T21:24:55.304534-08:00,read,key_873,1.57,true,false,1479
2025-11-27T21:24:55.315629-08:00,read,key_990,1.34,true,false,858
2025-11-27T21:24:55.326656-08:00,read,key_935,1.51,false,false,0
2025-11-27T21:24:55.337651-08:00,read,key_497,1.93,true,false,1025
2025-11-27T21:24:55.348808-08:00,read,key_931,1.81,true,false,999
2025-11-27T21:24:55.053937-08:00,write,key_388,307.59,true,false,1685
2025-11-27T21:24:55.360039-08:00,read,key_673,1.58,true,false,309
2025-11-27T21:24:55.370433-08:00,read,key_965,1.80,true,false,1183
2025-11-27T21:24:55.381737-08:00,read,key_894,3.09,true,false,1637
2025-11-27T21:24:55.403752-08:00,read,key_62,1.58,true,false,1061
2025-11-27T21:24:55.096573-08:00,write,key_651,310.05,true,false,1685
2025-11-27T21:24:55.414388-08:00,read,key_567,1.76,true,false,1551
2025-11-27T21:24:55.425481-08:00,read,key_859,2.02,true,false,1528
2025-11-27T21:24:55.43624-08:00,read,key_930,1.45,true,false,1607
2025-11-27T21:24:55.446896-08:00,read,key_137,2.26,true,false,1558
2025-11-27T21:24:55.457969-08:00,read,key_357,2.54,true,false,1676
2025-11-27T21:24:55.468799-08:00,read,key_922,1.84,true,false,616
2025-11-27T21:24:55.479204-08:00,read,key_148,1.83,true,false,1655
2025-11-27T21:24:55.490346-08:00,read,key_566,1.64,true,false,915
2025-11-27T21:24:55.501503-08:00,read,key_840,1.81,true,false,643
2025-11-27T21:24:55.512624-08:00,read,key_434,1.81,true,false,1629
2025-11-27T21:24:55.523022-08:00,read,key_860,1.62,true,false,827
2025-11-27T21:24:55.534116-08:00,read,key_749,2.53,true,false,891
2025-11-27T21:24:55.544485-08:00,read,key_542,1.79,true,false,686
2025-11-27T21:24:55.554834-08:00,read,key_592,1.71,true,false,578
2025-11-27T21:24:55.565955-08:00,read,key_845,1.60,false,false,0
2025-11-27T21:24:55.576628-08:00,read,key_528,2.16,true,false,152
2025-11-27T21:24:55.282552-08:00,write,key_236,310.72,true,false,1685
2025-11-27T21:24:55.598373-08:00,read,key_159,1.96,true,false,1324
2025-11-27T21:24:55.609774-08:00,read,key_772,2.72,false,false,0
2025-11-27T21:24:55.631313-08:00,read,key_852,2.47,true,false,1220
2025-11-27T21:24:55.642572-08:00,read,key_147,1.72,true,false,1431
2025-11-27T21:24:55.653397-08:00,read,key_573,1.88,true,false,1593
2025-11-27T21:24:55.664514-08:00,read,key_598,1.83,true,false,460
2025-11-27T21:24:55.675778-08:00,read,key_523,3.04,true,false,993
2025-11-27T21:24:55.686385-08:00,read,key_362,4.87,true,false,1655
2025-11-27T21:24:55.39262-08:00,write,key_355,304.88,true,false,1686
2025-11-27T21:24:55.696607-08:00,read,key_39,1.35,true,false,1574
2025-11-27T21:24:55.707747-08:00,read,key_946,2.85,true,false,924
2025-11-27T21:24:55.718774-08:00,read,key_501,1.70,true,false,1551
2025-11-27T21:24:55.729908-08:00,read,key_350,2.13,true,false,1631
2025-11-27T21:24:55.741001-08:00,read,key_341,1.77,true,false,620
2025-11-27T21:24:55.75211-08:00,read,key_932,2.06,true,false,1648
2025-11-27T21:24:55.763181-08:00,read,key_899,1.80,true,false,1294
2025-11-27T21:24:55.774352-08:00,read,key_234,2.66,true,false,1447
2025-11-27T21:24:55.785418-08:00,read,key_82,1.75,true,false,1461
2025-11-27T21:24:55.79655-08:00,read,key_520,1.99,true,false,1257
2025-11-27T21:24:55.818275-08:00,read,key_371,2.05,true,false,1563
2025-11-27T21:24:55.829198-08:00,read,key_222,1.79,true,false,776
2025-11-27T21:24:55.840342-08:00,read,key_648,1.71,false,false,0
2025-11-27T21:24:55.851451-08:00,read,key_895,3.61,true,false,1287
2025-11-27T21:24:55.872948-08:00,read,key_176,4.48,true,false,1638
2025-11-27T21:24:55.8835-08:00,read,key_743,1.74,true,false,894
2025-11-27T21:24:55.894638-08:00,read,key_585,1.51,true,false,898
2025-11-27T21:24:55.587766-08:00,write,key_57,308.38,true,false,1686
2025-11-27T21:24:55.905612-08:00,read,key_589,1.59,true,false,647
2025-11-27T21:24:55.620408-08:00,write,key_170,305.07,true,false,1687
2025-11-27T21:24:55.926961-08:00,read,key_944,1.22,true,false,1369
2025-11-27T21:24:55.938099-08:00,read,key_460,1.70,true,false,1549
2025-11-27T21:24:55.949211-08:00,read,key_869,1.64,true,false,1592
2025-11-27T21:24:55.971632-08:00,read,key_156,1.74,true,false,1296
2025-11-27T21:24:55.982762-08:00,read,key_740,2.59,true,false,1669
2025-11-27T21:24:55.993807-08:00,read,key_236,1.72,true,false,1685
2025-11-27T21:24:56.00485-08:00,read,key_952,1.53,true,false,1453
2025-11-27T21:24:56.01586-08:00,read,key_185,3.87,true,false,1673
2025-11-27T21:24:56.026804-08:00,read,key_248,1.82,true,false,879
2025-11-27T21:24:56.037976-08:00,read,key_860,1.69,true,false,827
2025-11-27T21:24:56.049097-08:00,read,key_785,3.31,true,false,280
2025-11-27T21:24:56.059803-08:00,read,key_257,1.81,true,false,1539
2025-11-27T21:24:56.070958-08:00,read,key_362,1.78,true,false,1655
2025-11-27T21:24:56.082086-08:00,read,key_668,1.90,true,false,1125
2025-11-27T21:24:56.093082-08:00,read,key_554,2.08,true,false,1219
2025-11-27T21:24:56.104241-08:00,read,key_976,1.81,true,false,1671
2025-11-27T21:24:55.807146-08:00,write,key_905,307.23,true,false,1687
2025-11-27T21:24:56.114307-08:00,read,key_163,0.99,true,false,1575
2025-11-27T21:24:56.125182-08:00,read,key_546,3.18,true,false,1373
2025-11-27T21:24:56.135751-08:00,read,key_54,1.36,true,false,1561
2025-11-27T21:24:56.146894-08:00,read,key_252,0.86,true,false,1525
2025-11-27T21:24:56.157606-08:00,read,key_806,2.72,true,false,1572
2025-11-27T21:24:55.862112-08:00,write,key_691,304.13,true,false,1688
2025-11-27T21:24:56.167895-08:00,read,key_275,1.05,true,false,1356
2025-11-27T21:24:56.179037-08:00,read,key_495,0.66,true,false,1509
2025-11-27T21:24:56.19025-08:00,read,key_676,0.72,true,false,1677
2025-11-27T21:24:56.201357-08:00,read,key_565,0.69,true,false,1552
2025-11-27T21:24:56.212537-08:00,read,key_276,0.76,true,false,476
2025-11-27T21:24:55.916718-08:00,write,key_571,305.92,true,false,1688
2025-11-27T21:24:56.22264-08:00,read,key_645,0.61,true,false,1423
2025-11-27T21:24:56.233789-08:00,read,key_790,0.81,true,false,1624
2025-11-27T21:24:56.244666-08:00,read,key_193,0.89,true,false,1239
2025-11-27T21:24:56.255746-08:00,read,key_188,1.26,true,false,1448
2025-11-27T21:24:55.96047-08:00,write,key_234,305.23,true,false,1689
2025-11-27T21:24:56.265857-08:00,read,key_738,0.65,true,false,1676
2025-11-27T21:24:56.277248-08:00,read,key_34,2.01,true,false,1343
2025-11-27T21:24:56.288394-08:00,read,key_961,1.83,true,false,1557
2025-11-27T21:24:56.310631-08:00,read,key_578,2.01,true,false,1674
2025-11-27T21:24:56.321031-08:00,read,key_156,1.76,true,false,1296
2025-11-27T21:24:56.332214-08:00,read,key_462,3.70,true,false,1562
2025-11-27T21:24:56.342751-08:00,read,key_73,1.42,true,false,1563
2025-11-27T21:24:56.353874-08:00,read,key_802,1.67,true,false,1249
2025-11-27T21:24:56.364997-08:00,read,key_178,1.80,true,false,1656
2025-11-27T21:24:56.375177-08:00,read,key_344,2.43,true,false,768
2025-11-27T21:24:56.386257-08:00,read,key_10,1.95,true,false,1640
2025-11-27T21:24:56.396676-08:00,read,key_741,1.90,true,false,820
2025-11-27T21:24:56.406847-08:00,read,key_687,1.66,true,false,411
2025-11-27T21:24:56.417818-08:00,read,key_320,2.31,true,false,1591
2025-11-27T21:24:56.42894-08:00,read,key_629,1.83,true,false,579
2025-11-27T21:24:56.439389-08:00,read,key_601,1.87,true,false,1020
2025-11-27T21:24:56.450286-08:00,read,key_411,2.47,true,false,259
2025-11-27T21:24:56.460684-08:00,read,key_223,1.84,true,false,1669
2025-11-27T21:24:56.471803-08:00,read,key_718,1.79,true,false,1501
2025-11-27T21:24:56.482994-08:00,read,key_732,2.23,true,false,1675
2025-11-27T21:24:56.494123-08:00,read,key_228,1.70,true,false,554
2025-11-27T21:24:56.505269-08:00,read,key_680,1.51,true,false,982
2025-11-27T21:24:56.51637-08:00,read,key_514,1.74,true,false,1627
2025-11-27T21:24:56.538704-08:00,read,key_942,1.87,true,false,1631
2025-11-27T21:24:56.549894-08:00,read,key_124,2.03,true,false,1309
2025-11-27T21:24:56.560201-08:00,read,key_305,3.08,true,false,1221
2025-11-27T21:24:56.581679-08:00,read,key_373,2.13,true,false,1641
2025-11-27T21:24:56.592426-08:00,read,key_172,1.93,true,false,1581
2025-11-27T21:24:56.603608-08:00,read,key_846,1.75,true,false,1129
2025-11-27T21:24:56.299504-08:00,write,key_964,306.49,true,false,1690
2025-11-27T21:24:56.613941-08:00,read,key_364,1.54,false,false,0
2025-11-27T21:24:56.625091-08:00,read,key_471,3.89,true,false,1235
2025-11-27T21:24:56.636309-08:00,read,key_541,3.20,true,false,1524
2025-11-27T21:24:56.647336-08:00,read,key_254,2.23,true,false,1522
2025-11-27T21:24:56.658494-08:00,read,key_933,2.10,true,false,1511
2025-11-27T21:24:56.680789-08:00,read,key_670,2.32,true,false,1662
2025-11-27T21:24:56.691807-08:00,read,key_385,2.14,false,false,0
2025-11-27T21:24:56.703264-08:00,read,key_55,2.45,true,false,1225
2025-11-27T21:24:56.714365-08:00,read,key_222,1.63,true,false,776
2025-11-27T21:24:56.724684-08:00,read,key_346,2.62,true,false,626
2025-11-27T21:24:56.735175-08:00,read,key_611,1.79,true,false,1467
2025-11-27T21:24:56.745998-08:00,read,key_746,2.16,true,false,1431
2025-11-27T21:24:56.757113-08:00,read,key_859,3.82,true,false,1528
2025-11-27T21:24:56.76828-08:00,read,key_466,1.54,true,false,1484
2025-11-27T21:24:56.779503-08:00,read,key_227,2.04,true,false,893
2025-11-27T21:24:56.790718-08:00,read,key_182,2.26,true,false,1107
2025-11-27T21:24:56.801013-08:00,read,key_378,3.03,true,false,1470
2025-11-27T21:24:56.812103-08:00,read,key_470,2.07,true,false,1227
2025-11-27T21:24:56.823223-08:00,read,key_573,1.83,true,false,1593
2025-11-27T21:24:56.52752-08:00,write,key_754,309.64,true,false,1691
2025-11-27T21:24:56.834941-08:00,read,key_569,2.26,true,false,990
2025-11-27T21:24:56.84546-08:00,read,key_706,2.04,true,false,1647
2025-11-27T21:24:56.856679-08:00,read,key_51,2.35,true,false,1250
2025-11-27T21:24:56.57052-08:00,write,key_544,307.60,true,false,1691
2025-11-27T21:24:56.878837-08:00,read,key_222,1.51,true,false,776
2025-11-27T21:24:56.890053-08:00,read,key_947,2.27,true,false,1262
2025-11-27T21:24:56.912247-08:00,read,key_1,1.51,true,false,1597
2025-11-27T21:24:56.923399-08:00,read,key_56,1.89,true,false,1513
2025-11-27T21:24:56.934654-08:00,read,key_19,2.08,true,false,1095
2025-11-27T21:24:56.945807-08:00,read,key_355,1.77,true,false,1686
2025-11-27T21:24:56.956449-08:00,read,key_241,2.40,true,false,1599
2025-11-27T21:24:56.967811-08:00,read,key_382,2.35,true,false,88
2025-11-27T21:24:56.66961-08:00,write,key_164,303.78,true,false,1692
2025-11-27T21:24:56.978538-08:00,read,key_122,2.63,true,false,1594
2025-11-27T21:24:57.00015-08:00,read,key_82,3.63,true,false,1461
2025-11-27T21:24:57.011014-08:00,read,key_699,2.20,true,false,1611
2025-11-27T21:24:57.022173-08:00,read,key_3,2.14,true,false,1329
2025-11-27T21:24:57.043488-08:00,read,key_619,1.50,true,false,1415
2025-11-27T21:24:57.05462-08:00,read,key_688,1.77,true,false,853
2025-11-27T21:24:57.065743-08:00,read,key_266,1.79,true,false,495
2025-11-27T21:24:57.076589-08:00,read,key_511,1.69,true,false,1201
2025-11-27T21:24:57.087609-08:00,read,key_942,2.07,true,false,1631
2025-11-27T21:24:57.098749-08:00,read,key_105,1.50,true,false,864
2025-11-27T21:24:57.120444-08:00,read,key_793,1.84,true,false,1199
2025-11-27T21:24:57.141843-08:00,read,key_571,1.93,true,false,1688
2025-11-27T21:24:57.163724-08:00,read,key_612,1.83,true,false,905
2025-11-27T21:24:57.174901-08:00,read,key_255,1.46,true,false,1482
2025-11-27T21:24:56.868446-08:00,write,key_4,309.75,true,false,1692
2025-11-27T21:24:57.18566-08:00,read,key_703,0.71,true,false,1621
2025-11-27T21:24:57.207591-08:00,read,key_849,1.53,true,false,1118
2025-11-27T21:24:56.90117-08:00,write,key_183,307.95,true,false,1693
2025-11-27T21:24:57.218285-08:00,read,key_425,1.76,true,false,1158
2025-11-27T21:24:57.229405-08:00,read,key_25,2.05,true,false,1208
2025-11-27T21:24:57.260921-08:00,read,key_593,1.57,true,false,883
2025-11-27T21:24:57.271454-08:00,read,key_352,2.22,true,false,1473
2025-11-27T21:24:57.282594-08:00,read,key_705,1.94,true,false,1421
2025-11-27T21:24:57.29328-08:00,read,key_477,2.62,true,false,1538
2025-11-27T21:24:56.989655-08:00,write,key_585,307.96,true,false,1693
2025-11-27T21:24:57.303469-08:00,read,key_689,1.76,true,false,719
2025-11-27T21:24:57.314623-08:00,read,key_786,1.65,true,false,1620
2025-11-27T21:24:57.325155-08:00,read,key_181,2.18,true,false,1260
2025-11-27T21:24:57.335614-08:00,read,key_30,1.73,true,false,1524
2025-11-27T21:24:57.032354-08:00,write,key_848,308.54,true,false,1694
2025-11-27T21:24:57.346007-08:00,read,key_180,2.48,true,false,1413
2025-11-27T21:24:57.357127-08:00,read,key_418,1.46,false,false,0
2025-11-27T21:24:57.368076-08:00,read,key_514,2.23,true,false,1627
2025-11-27T21:24:57.379121-08:00,read,key_595,1.85,true,false,1454
2025-11-27T21:24:57.390205-08:00,read,key_552,3.15,true,false,1126
2025-11-27T21:24:57.400734-08:00,read,key_933,3.14,true,false,1511
2025-11-27T21:24:57.411812-08:00,read,key_62,2.09,true,false,1061
2025-11-27T21:24:57.109535-08:00,write,key_252,307.23,true,false,1694
2025-11-27T21:24:57.422064-08:00,read,key_895,1.53,true,false,1287
2025-11-27T21:24:57.433173-08:00,read,key_256,2.55,true,false,1495
2025-11-27T21:24:57.131584-08:00,write,key_156,309.62,true,false,1695
2025-11-27T21:24:57.443331-08:00,read,key_375,1.14,true,false,1025
2025-11-27T21:24:57.152662-08:00,write,key_381,308.14,true,false,1693
2025-11-27T21:24:57.454506-08:00,read,key_967,7.27,true,false,1521
2025-11-27T21:24:57.464981-08:00,read,key_213,1.75,true,false,1148
2025-11-27T21:24:57.476272-08:00,read,key_939,3.33,true,false,730
2025-11-27T21:24:57.487308-08:00,read,key_883,1.84,false,false,0
2025-11-27T21:24:57.49757-08:00,read,key_228,5.32,true,false,554
2025-11-27T21:24:57.196562-08:00,write,key_226,308.88,true,false,1694
2025-11-27T21:24:57.508053-08:00,read,key_220,2.59,true,false,642
2025-11-27T21:24:57.519112-08:00,read,key_165,1.96,true,false,1515
2025-11-27T21:24:57.530115-08:00,read,key_270,2.25,true,false,522
2025-11-27T21:24:57.541193-08:00,read,key_258,4.04,true,false,1563
2025-11-27T21:24:57.239587-08:00,write,key_781,305.65,true,false,1694
2025-11-27T21:24:57.55203-08:00,read,key_802,2.16,true,false,1249
2025-11-27T21:24:57.249852-08:00,write,key_476,312.83,true,false,1695
2025-11-27T21:24:57.56266-08:00,read,key_186,1.16,true,false,1630
2025-11-27T21:24:57.573514-08:00,read,key_270,1.82,true,false,522
2025-11-27T21:24:57.584993-08:00,read,key_210,1.91,true,false,990
2025-11-27T21:24:57.595239-08:00,read,key_744,2.18,true,false,1460
2025-11-27T21:24:57.605649-08:00,read,key_854,2.17,true,false,1463
2025-11-27T21:24:57.616759-08:00,read,key_462,3.38,true,false,1562
2025-11-27T21:24:57.627718-08:00,read,key_269,2.70,false,false,0
2025-11-27T21:24:57.639065-08:00,read,key_745,2.38,true,false,653
2025-11-27T21:24:57.649283-08:00,read,key_387,2.04,true,false,161
2025-11-27T21:24:57.660834-08:00,read,key_890,2.92,true,false,1122
2025-11-27T21:24:57.671484-08:00,read,key_553,1.89,true,false,1125
2025-11-27T21:24:57.682212-08:00,read,key_188,2.68,true,false,1448
2025-11-27T21:24:57.692364-08:00,read,key_221,3.10,true,false,586
2025-11-27T21:24:57.7032-08:00,read,key_573,1.89,true,false,1593
2025-11-27T21:24:57.714363-08:00,read,key_532,3.84,true,false,1265
2025-11-27T21:24:57.735522-08:00,read,key_65,1.63,false,false,0
2025-11-27T21:24:57.746626-08:00,read,key_461,1.52,true,false,1676
2025-11-27T21:24:57.757743-08:00,read,key_320,1.53,true,false,1591
2025-11-27T21:24:57.768808-08:00,read,key_744,1.32,true,false,1460
2025-11-27T21:24:57.77985-08:00,read,key_577,1.93,true,false,1415
2025-11-27T21:24:57.790996-08:00,read,key_691,2.07,true,false,1688
2025-11-27T21:24:57.802108-08:00,read,key_112,1.80,true,false,1366
2025-11-27T21:24:57.813162-08:00,read,key_227,1.88,true,false,893
2025-11-27T21:24:57.824352-08:00,read,key_271,1.98,false,false,0
2025-11-27T21:24:57.835947-08:00,read,key_733,1.95,true,false,264
2025-11-27T21:24:57.846599-08:00,read,key_587,1.84,true,false,785
2025-11-27T21:24:57.857774-08:00,read,key_607,1.89,true,false,1033
2025-11-27T21:24:57.86905-08:00,read,key_46,2.72,true,false,1657
2025-11-27T21:24:57.879851-08:00,read,key_868,2.11,true,false,319
2025-11-27T21:24:57.891204-08:00,read,key_60,5.82,true,false,1132
2025-11-27T21:24:57.902012-08:00,read,key_984,1.62,true,false,1498
2025-11-27T21:24:57.924358-08:00,read,key_700,2.88,true,false,1510
2025-11-27T21:24:57.935239-08:00,read,key_597,1.90,true,false,231
2025-11-27T21:24:57.946348-08:00,read,key_698,1.74,true,false,1613
2025-11-27T21:24:57.956892-08:00,read,key_261,2.25,true,false,568
2025-11-27T21:24:57.96815-08:00,read,key_391,2.41,true,false,1523
2025-11-27T21:24:57.978409-08:00,read,key_209,1.76,true,false,1446
2025-11-27T21:24:57.989558-08:00,read,key_957,1.75,true,false,1668
2025-11-27T21:24:57.999977-08:00,read,key_685,2.81,true,false,1629
2025-11-27T21:24:58.011049-08:00,read,key_564,2.67,true,false,1682
2025-11-27T21:24:58.021545-08:00,read,key_687,1.89,true,false,411
2025-11-27T21:24:57.725365-08:00,write,key_167,307.77,true,false,1696
2025-11-27T21:24:58.042979-08:00,read,key_519,3.30,true,false,968
2025-11-27T21:24:58.0646-08:00,read,key_228,2.00,true,false,554
2025-11-27T21:24:58.075207-08:00,read,key_597,1.81,true,false,231
2025-11-27T21:24:58.086386-08:00,read,key_937,1.89,true,false,632
2025-11-27T21:24:58.0975-08:00,read,key_399,1.70,true,false,870
2025-11-27T21:24:58.10856-08:00,read,key_844,1.27,false,false,0
2025-11-27T21:24:58.1197-08:00,read,key_78,2.32,true,false,1683
2025-11-27T21:24:58.130796-08:00,read,key_239,1.17,true,false,1575
2025-11-27T21:24:58.141864-08:00,read,key_851,1.25,true,false,1630
2025-11-27T21:24:58.152951-08:00,read,key_748,0.87,true,false,560
2025-11-27T21:24:58.17438-08:00,read,key_956,0.94,true,false,1642
2025-11-27T21:24:58.195984-08:00,read,key_693,2.25,true,false,1048
2025-11-27T21:24:58.207156-08:00,read,key_600,0.69,true,false,1496
2025-11-27T21:24:57.913196-08:00,write,key_568,305.45,true,false,1697
2025-11-27T21:24:58.218511-08:00,read,key_320,0.73,true,false,1591
2025-11-27T21:24:58.229717-08:00,read,key_176,0.65,true,false,1638
2025-11-27T21:24:58.241037-08:00,read,key_842,1.08,true,false,1675
2025-11-27T21:24:58.252462-08:00,read,key_504,0.73,true,false,1557
2025-11-27T21:24:58.263484-08:00,read,key_549,1.62,true,false,769
2025-11-27T21:24:58.274638-08:00,read,key_7,3.52,true,false,1508
2025-11-27T21:24:58.285606-08:00,read,key_415,1.87,true,false,1488
2025-11-27T21:24:58.296711-08:00,read,key_336,1.85,true,false,1195
2025-11-27T21:24:58.306935-08:00,read,key_275,1.84,true,false,1356
2025-11-27T21:24:58.318282-08:00,read,key_787,1.73,true,false,1328
2025-11-27T21:24:58.329476-08:00,read,key_574,2.51,true,false,1673
2025-11-27T21:24:58.032522-08:00,write,key_516,308.35,true,false,1698
2025-11-27T21:24:58.339993-08:00,read,key_30,1.62,true,false,1524
2025-11-27T21:24:58.053411-08:00,write,key_636,306.07,true,false,1698
2025-11-27T21:24:58.36114-08:00,read,key_273,1.71,true,false,566
2025-11-27T21:24:58.372286-08:00,read,key_301,1.97,true,false,1208
2025-11-27T21:24:58.38251-08:00,read,key_598,3.82,true,false,460
2025-11-27T21:24:58.393395-08:00,read,key_679,2.31,true,false,1350
2025-11-27T21:24:58.404469-08:00,read,key_305,3.70,true,false,1221
2025-11-27T21:24:58.415397-08:00,read,key_949,3.00,true,false,1372
2025-11-27T21:24:58.425646-08:00,read,key_689,1.64,true,false,719
2025-11-27T21:24:58.43676-08:00,read,key_139,2.18,true,false,1525
2025-11-27T21:24:58.459161-08:00,read,key_864,4.65,false,false,0
2025-11-27T21:24:58.163207-08:00,write,key_674,303.72,true,false,1699
2025-11-27T21:24:58.469582-08:00,read,key_686,1.32,true,false,880
2025-11-27T21:24:58.480723-08:00,read,key_188,1.69,true,false,1448
2025-11-27T21:24:58.491923-08:00,read,key_568,2.55,true,false,1697
2025-11-27T21:24:58.184829-08:00,write,key_22,309.67,true,false,1697
2025-11-27T21:24:58.503051-08:00,read,key_752,1.91,true,false,1554
2025-11-27T21:24:58.513558-08:00,read,key_49,2.39,true,false,1075
2025-11-27T21:24:58.523961-08:00,read,key_295,3.46,true,false,1016
2025-11-27T21:24:58.534898-08:00,read,key_582,2.44,true,false,1646
2025-11-27T21:24:58.546054-08:00,read,key_586,2.35,true,false,1085
2025-11-27T21:24:58.55721-08:00,read,key_851,4.18,true,false,1630
2025-11-27T21:24:58.579395-08:00,read,key_636,2.27,true,false,1698
2025-11-27T21:24:58.590433-08:00,read,key_86,1.98,true,false,1535
2025-11-27T21:24:58.601106-08:00,read,key_678,2.82,true,false,1346
2025-11-27T21:24:58.611375-08:00,read,key_831,1.91,true,false,838
2025-11-27T21:24:58.622508-08:00,read,key_544,1.75,true,false,1691
2025-11-27T21:24:58.633505-08:00,read,key_379,2.53,true,false,531
2025-11-27T21:24:58.644314-08:00,read,key_664,1.89,true,false,1636
2025-11-27T21:24:58.655126-08:00,read,key_361,1.54,true,false,1503
2025-11-27T21:24:58.350961-08:00,write,key_686,309.43,true,false,1700
2025-11-27T21:24:58.66586-08:00,read,key_640,1.44,false,false,0
2025-11-27T21:24:58.676444-08:00,read,key_821,2.55,true,false,855
2025-11-27T21:24:58.687179-08:00,read,key_739,2.34,true,false,52
2025-11-27T21:24:58.69755-08:00,read,key_677,1.33,true,false,1390
2025-11-27T21:24:58.708483-08:00,read,key_360,1.19,true,false,1394
2025-11-27T21:24:58.719107-08:00,read,key_856,1.04,true,false,1630
2025-11-27T21:24:58.729927-08:00,read,key_170,0.88,true,false,1687
2025-11-27T21:24:58.740587-08:00,read,key_702,2.45,true,false,1681
2025-11-27T21:24:58.751643-08:00,read,key_142,1.78,true,false,1123
2025-11-27T21:24:58.447985-08:00,write,key_732,309.16,true,false,1701
2025-11-27T21:24:58.761726-08:00,read,key_904,1.69,true,false,1461
2025-11-27T21:24:58.772701-08:00,read,key_64,2.04,true,false,936
2025-11-27T21:24:58.783309-08:00,read,key_473,2.17,true,false,1563
2025-11-27T21:24:58.794452-08:00,read,key_546,1.81,true,false,1373
2025-11-27T21:24:58.805595-08:00,read,key_649,1.80,true,false,1541
2025-11-27T21:24:58.816746-08:00,read,key_254,3.80,true,false,1522
2025-11-27T21:24:58.827701-08:00,read,key_581,2.30,true,false,1632
2025-11-27T21:24:58.838832-08:00,read,key_412,1.69,true,false,1606
2025-11-27T21:24:58.849954-08:00,read,key_472,1.85,true,false,1513
2025-11-27T21:24:58.861179-08:00,read,key_100,2.37,true,false,1167
2025-11-27T21:24:58.568231-08:00,write,key_380,310.10,true,false,1700
2025-11-27T21:24:58.883078-08:00,read,key_492,1.88,true,false,1001
2025-11-27T21:24:58.893438-08:00,read,key_303,1.86,true,false,557
2025-11-27T21:24:58.915523-08:00,read,key_677,2.87,true,false,1390
2025-11-27T21:24:58.926933-08:00,read,key_24,1.90,true,false,1428
2025-11-27T21:24:58.938083-08:00,read,key_350,2.48,true,false,1631
2025-11-27T21:24:58.949195-08:00,read,key_590,4.97,true,false,1678
2025-11-27T21:24:58.971108-08:00,read,key_6,1.67,true,false,1649
2025-11-27T21:24:58.98224-08:00,read,key_151,2.73,true,false,1648
2025-11-27T21:24:58.993745-08:00,read,key_368,2.88,true,false,1610
2025-11-27T21:24:59.004781-08:00,read,key_748,1.59,true,false,560
2025-11-27T21:24:59.015923-08:00,read,key_497,2.27,true,false,1025
2025-11-27T21:24:59.027338-08:00,read,key_798,2.76,true,false,543
2025-11-27T21:24:59.038441-08:00,read,key_15,1.99,true,false,879
2025-11-27T21:24:59.049023-08:00,read,key_246,1.83,true,false,1483
2025-11-27T21:24:59.060028-08:00,read,key_794,2.80,true,false,846
2025-11-27T21:24:59.081822-08:00,read,key_878,2.07,true,false,1470
2025-11-27T21:24:59.092979-08:00,read,key_862,2.54,true,false,1652
2025-11-27T21:24:59.104061-08:00,read,key_390,1.99,true,false,1537
2025-11-27T21:24:59.115177-08:00,read,key_549,1.91,true,false,769
2025-11-27T21:24:59.126252-08:00,read,key_318,3.79,true,false,1615
2025-11-27T21:24:59.146961-08:00,read,key_526,1.81,true,false,1529
2025-11-27T21:24:59.158196-08:00,read,key_384,6.23,true,false,830
2025-11-27T21:24:59.168784-08:00,read,key_384,1.42,true,false,830
2025-11-27T21:24:58.872364-08:00,write,key_154,306.38,true,false,1702
2025-11-27T21:24:59.178875-08:00,read,key_57,1.34,true,false,1686
2025-11-27T21:24:59.189835-08:00,read,key_645,1.81,true,false,1423
2025-11-27T21:24:59.200991-08:00,read,key_528,2.19,true,false,152
2025-11-27T21:24:58.904586-08:00,write,key_584,307.36,true,false,1702
2025-11-27T21:24:59.21161-08:00,read,key_739,1.39,true,false,52
2025-11-27T21:24:59.222807-08:00,read,key_558,2.25,true,false,1486
2025-11-27T21:24:59.233989-08:00,read,key_460,2.73,true,false,1549
2025-11-27T21:24:59.244514-08:00,read,key_573,1.39,true,false,1593
2025-11-27T21:24:59.255729-08:00,read,key_472,2.58,true,false,1513
2025-11-27T21:24:59.266873-08:00,read,key_514,2.36,true,false,1627
2025-11-27T21:24:58.959919-08:00,write,key_646,309.36,true,false,1702
2025-11-27T21:24:59.27794-08:00,read,key_542,1.70,true,false,686
2025-11-27T21:24:59.289139-08:00,read,key_653,1.99,true,false,1646
2025-11-27T21:24:59.300448-08:00,read,key_237,2.27,true,false,1629
2025-11-27T21:24:59.31091-08:00,read,key_223,1.78,true,false,1669
2025-11-27T21:24:59.32115-08:00,read,key_906,1.74,true,false,1358
2025-11-27T21:24:59.3322-08:00,read,key_862,2.17,true,false,1652
2025-11-27T21:24:59.342993-08:00,read,key_749,2.77,true,false,891
2025-11-27T21:24:59.354049-08:00,read,key_140,2.37,true,false,904
2025-11-27T21:24:59.364211-08:00,read,key_151,1.82,true,false,1648
2025-11-27T21:24:59.375625-08:00,read,key_586,3.26,true,false,1085
2025-11-27T21:24:59.071016-08:00,write,key_423,307.87,true,false,1702
2025-11-27T21:24:59.386653-08:00,read,key_580,1.92,true,false,1666
2025-11-27T21:24:59.397801-08:00,read,key_863,2.14,true,false,1680
2025-11-27T21:24:59.408816-08:00,read,key_273,1.85,true,false,566
2025-11-27T21:24:59.419401-08:00,read,key_575,1.61,true,false,1126
2025-11-27T21:24:59.429891-08:00,read,key_653,2.41,true,false,1646
2025-11-27T21:24:59.440102-08:00,read,key_116,2.77,true,false,347
2025-11-27T21:24:59.136632-08:00,write,key_887,306.28,true,false,1703
2025-11-27T21:24:59.450456-08:00,read,key_993,2.54,true,false,1080
2025-11-27T21:24:59.461411-08:00,read,key_938,1.67,true,false,1566
2025-11-27T21:24:59.472537-08:00,read,key_104,1.91,true,false,860
2025-11-27T21:24:59.483716-08:00,read,key_707,2.40,true,false,1474
2025-11-27T21:24:59.493949-08:00,read,key_555,1.63,true,false,1577
2025-11-27T21:24:59.504975-08:00,read,key_344,2.04,true,false,768
2025-11-27T21:24:59.51566-08:00,read,key_796,1.89,true,false,1402
2025-11-27T21:24:59.548497-08:00,read,key_898,1.93,true,false,1090
2025-11-27T21:24:59.559493-08:00,read,key_62,1.97,true,false,1061
2025-11-27T21:24:59.569942-08:00,read,key_504,1.61,true,false,1557
2025-11-27T21:24:59.581105-08:00,read,key_565,1.49,true,false,1552
2025-11-27T21:24:59.603522-08:00,read,key_983,1.77,true,false,1339
2025-11-27T21:24:59.613914-08:00,read,key_91,1.76,true,false,1559
2025-11-27T21:24:59.625026-08:00,read,key_253,2.32,true,false,1518
2025-11-27T21:24:59.647143-08:00,read,key_340,1.69,true,false,820
2025-11-27T21:24:59.658257-08:00,read,key_251,2.26,true,false,1642
2025-11-27T21:24:59.669358-08:00,read,key_583,1.87,true,false,1643
2025-11-27T21:24:59.679923-08:00,read,key_225,1.88,true,false,1604
2025-11-27T21:24:59.691128-08:00,read,key_947,1.59,true,false,1262
2025-11-27T21:24:59.701627-08:00,read,key_903,1.64,true,false,1566
2025-11-27T21:24:59.712306-08:00,read,key_189,1.76,false,false,0
2025-11-27T21:24:59.723003-08:00,read,key_784,1.83,true,false,997
2025-11-27T21:24:59.734144-08:00,read,key_934,2.58,false,false,0
2025-11-27T21:24:59.744394-08:00,read,key_24,1.94,true,false,1428
2025-11-27T21:24:59.754883-08:00,read,key_46,2.27,true,false,1657
2025-11-27T21:24:59.766022-08:00,read,key_276,2.08,true,false,476
2025-11-27T21:24:59.777219-08:00,read,key_513,1.74,true,false,1640
2025-11-27T21:24:59.787782-08:00,read,key_665,2.29,true,false,1636
2025-11-27T21:24:59.798867-08:00,read,key_836,3.21,true,false,904
2025-11-27T21:24:59.809576-08:00,read,key_803,1.83,true,false,1667
2025-11-27T21:24:59.820716-08:00,read,key_35,1.82,true,false,1509
2025-11-27T21:24:59.831939-08:00,read,key_350,2.19,true,false,1631
2025-11-27T21:24:59.52676-08:00,write,key_700,308.39,true,false,1704
2025-11-27T21:24:59.537464-08:00,write,key_787,307.98,true,false,1704
2025-11-27T21:24:59.843059-08:00,read,key_539,2.39,true,false,187
2025-11-27T21:24:59.854139-08:00,read,key_300,2.21,true,false,1214
2025-11-27T21:24:59.865301-08:00,read,key_546,1.33,true,false,1373
2025-11-27T21:24:59.876559-08:00,read,key_850,1.99,true,false,1514
2025-11-27T21:24:59.887689-08:00,read,key_667,1.95,true,false,1628
2025-11-27T21:24:59.592318-08:00,write,key_330,308.08,true,false,1704
2025-11-27T21:24:59.898821-08:00,read,key_497,2.15,true,false,1025
2025-11-27T21:24:59.909372-08:00,read,key_349,2.00,true,false,1657
2025-11-27T21:24:59.920522-08:00,read,key_8,1.70,true,false,1648
2025-11-27T21:24:59.636079-08:00,write,key_188,305.86,true,false,1704
2025-11-27T21:24:59.953235-08:00,read,key_915,2.11,true,false,837
2025-11-27T21:24:59.963857-08:00,read,key_148,2.11,true,false,1655
2025-11-27T21:24:59.97419-08:00,read,key_765,1.79,true,false,1365
2025-11-27T21:25:00.017863-08:00,read,key_22,2.26,true,false,1697
2025-11-27T21:25:00.028935-08:00,read,key_679,1.63,true,false,1350
2025-11-27T21:25:00.040087-08:00,read,key_141,2.44,true,false,656
2025-11-27T21:25:00.050508-08:00,read,key_916,1.95,true,false,1241
2025-11-27T21:25:00.061249-08:00,read,key_776,1.88,true,false,1128
2025-11-27T21:25:00.072472-08:00,read,key_391,2.01,true,false,1523
2025-11-27T21:25:00.083625-08:00,read,key_890,2.10,true,false,1122
2025-11-27T21:25:00.094747-08:00,read,key_49,1.80,true,false,1075
2025-11-27T21:25:00.105881-08:00,read,key_278,1.68,true,false,547
2025-11-27T21:25:00.117042-08:00,read,key_339,2.40,false,false,0
2025-11-27T21:25:00.138974-08:00,read,key_865,1.75,true,false,1626
2025-11-27T21:25:00.160513-08:00,read,key_221,1.92,true,false,586
2025-11-27T21:25:00.171697-08:00,read,key_705,1.63,true,false,1421
2025-11-27T21:25:00.182262-08:00,read,key_58,5.39,true,false,1466
2025-11-27T21:25:00.192966-08:00,read,key_565,3.04,true,false,1552
2025-11-27T21:25:00.203209-08:00,read,key_694,1.71,true,false,1595
2025-11-27T21:25:00.21436-08:00,read,key_102,1.68,true,false,770
2025-11-27T21:24:59.931697-08:00,write,key_589,305.37,true,false,1705
2025-11-27T21:25:00.236048-08:00,read,key_645,1.35,true,false,1423
2025-11-27T21:24:59.941923-08:00,write,key_55,305.82,true,false,1705
2025-11-27T21:25:00.247173-08:00,read,key_780,1.55,true,false,623
2025-11-27T21:25:00.258305-08:00,read,key_171,1.91,false,false,0
2025-11-27T21:25:00.268967-08:00,read,key_589,2.93,true,false,1705
2025-11-27T21:25:00.279836-08:00,read,key_439,1.72,true,false,1341
2025-11-27T21:24:59.985409-08:00,write,key_751,305.34,true,false,1705
2025-11-27T21:25:00.290653-08:00,read,key_369,1.45,true,false,1671
2025-11-27T21:24:59.996564-08:00,write,key_847,307.98,true,false,1705
2025-11-27T21:25:00.301737-08:00,read,key_4,3.20,true,false,1692
2025-11-27T21:25:00.007391-08:00,write,key_298,307.07,true,false,1705
2025-11-27T21:25:00.312887-08:00,read,key_552,1.58,true,false,1126
2025-11-27T21:25:00.324059-08:00,read,key_240,1.77,true,false,1181
2025-11-27T21:25:00.334316-08:00,read,key_970,4.04,true,false,1453
2025-11-27T21:25:00.345289-08:00,read,key_844,3.46,false,false,0
2025-11-27T21:25:00.355893-08:00,read,key_274,2.19,true,false,613
2025-11-27T21:25:00.366894-08:00,read,key_682,2.16,true,false,542
2025-11-27T21:25:00.378-08:00,read,key_256,1.64,true,false,1495
2025-11-27T21:25:00.389114-08:00,read,key_225,2.00,true,false,1604
2025-11-27T21:25:00.400577-08:00,read,key_546,2.63,true,false,1373
2025-11-27T21:25:00.411635-08:00,read,key_341,1.66,true,false,620
2025-11-27T21:25:00.12781-08:00,write,key_384,304.17,true,false,1706
2025-11-27T21:25:00.432877-08:00,read,key_233,1.88,true,false,1564
2025-11-27T21:25:00.443996-08:00,read,key_386,1.51,true,false,1021
2025-11-27T21:25:00.455138-08:00,read,key_98,2.32,true,false,1295
2025-11-27T21:25:00.150121-08:00,write,key_683,307.34,true,false,1706
2025-11-27T21:25:00.466245-08:00,read,key_234,1.71,true,false,1689
2025-11-27T21:25:00.477392-08:00,read,key_227,1.88,true,false,893
2025-11-27T21:25:00.499312-08:00,read,key_607,1.76,true,false,1033
2025-11-27T21:25:00.510765-08:00,read,key_843,2.17,true,false,1090
2025-11-27T21:25:00.521861-08:00,read,key_415,1.77,true,false,1488
2025-11-27T21:25:00.224951-08:00,write,key_748,304.80,true,false,1706
2025-11-27T21:25:00.532327-08:00,read,key_182,2.42,true,false,1107
2025-11-27T21:25:00.543364-08:00,read,key_793,2.18,true,false,1199
2025-11-27T21:25:00.554485-08:00,read,key_842,1.80,true,false,1675
2025-11-27T21:25:00.565634-08:00,read,key_29,1.70,true,false,1236
2025-11-27T21:25:00.576799-08:00,read,key_799,2.25,true,false,663
2025-11-27T21:25:00.587963-08:00,read,key_592,2.05,true,false,578
2025-11-27T21:25:00.599066-08:00,read,key_975,1.89,true,false,1478
2025-11-27T21:25:00.609758-08:00,read,key_436,2.14,true,false,1338
2025-11-27T21:25:00.620823-08:00,read,key_476,1.79,true,false,1695
2025-11-27T21:25:00.631958-08:00,read,key_781,1.77,true,false,1694
2025-11-27T21:25:00.642334-08:00,read,key_673,2.41,true,false,309
2025-11-27T21:25:00.653476-08:00,read,key_363,2.14,true,false,607
2025-11-27T21:25:00.663984-08:00,read,key_101,2.33,true,false,822
2025-11-27T21:25:00.67521-08:00,read,key_789,2.02,true,false,1665
2025-11-27T21:25:00.686349-08:00,read,key_712,1.83,true,false,1313
2025-11-27T21:25:00.697526-08:00,read,key_269,1.87,false,false,0
2025-11-27T21:25:00.708552-08:00,read,key_691,1.64,true,false,1688
2025-11-27T21:25:00.719673-08:00,read,key_237,1.80,true,false,1629
2025-11-27T21:25:00.422661-08:00,write,key_689,308.49,true,false,1707
2025-11-27T21:25:00.730602-08:00,read,key_273,1.32,true,false,566
2025-11-27T21:25:00.74182-08:00,read,key_158,2.55,true,false,1274
2025-11-27T21:25:00.752937-08:00,read,key_784,1.92,true,false,997
2025-11-27T21:25:00.775225-08:00,read,key_851,3.36,true,false,1630
2025-11-27T21:25:00.785954-08:00,read,key_233,1.87,true,false,1564
2025-11-27T21:25:00.488163-08:00,write,key_958,309.63,true,false,1707
2025-11-27T21:25:00.796518-08:00,read,key_185,1.70,true,false,1673
2025-11-27T21:25:00.818017-08:00,read,key_208,2.55,true,false,1346
2025-11-27T21:25:00.829098-08:00,read,key_307,1.90,true,false,1164
2025-11-27T21:25:00.840252-08:00,read,key_10,1.87,true,false,1640
2025-11-27T21:25:00.852292-08:00,read,key_595,1.96,true,false,1454
2025-11-27T21:25:00.863421-08:00,read,key_27,2.04,true,false,1212
2025-11-27T21:25:00.874558-08:00,read,key_529,1.83,true,false,1248
2025-11-27T21:25:00.885876-08:00,read,key_25,2.17,true,false,1208
2025-11-27T21:25:00.896427-08:00,read,key_902,2.30,true,false,1541
2025-11-27T21:25:00.907561-08:00,read,key_471,2.17,true,false,1235
2025-11-27T21:25:00.918812-08:00,read,key_317,1.89,true,false,914
2025-11-27T21:25:00.929881-08:00,read,key_197,1.79,false,false,0
2025-11-27T21:25:00.962661-08:00,read,key_377,4.08,true,false,1183
2025-11-27T21:25:00.973597-08:00,read,key_587,1.85,true,false,785
2025-11-27T21:25:00.985301-08:00,read,key_301,1.43,true,false,1208
2025-11-27T21:25:00.996392-08:00,read,key_75,2.39,true,false,1523
2025-11-27T21:25:01.007484-08:00,read,key_255,2.21,true,false,1482
2025-11-27T21:25:01.029881-08:00,read,key_866,2.25,true,false,810
2025-11-27T21:25:01.04098-08:00,read,key_222,2.84,true,false,776
2025-11-27T21:25:01.051377-08:00,read,key_739,4.13,true,false,52
2025-11-27T21:25:01.062267-08:00,read,key_682,1.65,true,false,542
2025-11-27T21:25:00.764101-08:00,write,key_251,308.87,true,false,1708
2025-11-27T21:25:01.072688-08:00,read,key_182,1.79,true,false,1107
2025-11-27T21:25:01.083796-08:00,read,key_1,2.10,true,false,1597
2025-11-27T21:25:01.094929-08:00,read,key_213,2.38,true,false,1148
2025-11-27T21:25:01.106072-08:00,read,key_364,2.09,false,false,0
2025-11-27T21:25:00.807651-08:00,write,key_601,306.13,true,false,1708
2025-11-27T21:25:01.11658-08:00,read,key_580,3.05,true,false,1666
2025-11-27T21:25:01.127461-08:00,read,key_174,1.52,false,false,0
2025-11-27T21:25:01.138654-08:00,read,key_97,2.05,true,false,1562
2025-11-27T21:25:01.149257-08:00,read,key_646,1.92,true,false,1702
2025-11-27T21:25:01.160355-08:00,read,key_737,1.59,true,false,1669
2025-11-27T21:25:01.171007-08:00,read,key_24,1.87,true,false,1428
2025-11-27T21:25:01.182106-08:00,read,key_51,1.32,true,false,1250
2025-11-27T21:25:01.204411-08:00,read,key_84,1.86,true,false,1368
2025-11-27T21:25:01.215528-08:00,read,key_236,1.84,true,false,1685
2025-11-27T21:25:01.23773-08:00,read,key_574,1.60,true,false,1673
2025-11-27T21:25:00.940991-08:00,write,key_354,307.22,true,false,1709
2025-11-27T21:25:01.248233-08:00,read,key_709,1.27,true,false,1406
2025-11-27T21:25:00.951522-08:00,write,key_795,307.22,true,false,1710
2025-11-27T21:25:01.258496-08:00,read,key_705,1.72,true,false,1421
2025-11-27T21:25:01.269378-08:00,read,key_542,1.72,true,false,686
2025-11-27T21:25:01.280209-08:00,read,key_961,2.09,true,false,1557
2025-11-27T21:25:01.291355-08:00,read,key_798,2.39,true,false,543
2025-11-27T21:25:01.312807-08:00,read,key_794,1.64,true,false,846
2025-11-27T21:25:01.019101-08:00,write,key_350,310.62,true,false,1711
2025-11-27T21:25:01.323949-08:00,read,key_316,6.41,true,false,926
2025-11-27T21:25:01.33452-08:00,read,key_221,2.25,true,false,586
2025-11-27T21:25:01.344763-08:00,read,key_737,1.67,true,false,1669
2025-11-27T21:25:01.355917-08:00,read,key_367,2.01,true,false,1381
2025-11-27T21:25:01.368776-08:00,read,key_583,2.19,true,false,1643
2025-11-27T21:25:01.379885-08:00,read,key_625,1.79,true,false,1186
2025-11-27T21:25:01.391131-08:00,read,key_672,2.82,true,false,1037
2025-11-27T21:25:01.401538-08:00,read,key_808,1.92,true,false,1570
2025-11-27T21:25:01.413018-08:00,read,key_89,2.47,true,false,1364
2025-11-27T21:25:01.4242-08:00,read,key_78,2.87,true,false,1683
2025-11-27T21:25:01.435444-08:00,read,key_868,3.05,true,false,319
2025-11-27T21:25:01.446023-08:00,read,key_12,1.71,true,false,1251
2025-11-27T21:25:01.45717-08:00,read,key_56,2.33,true,false,1513
2025-11-27T21:25:01.46747-08:00,read,key_53,1.83,true,false,1535
2025-11-27T21:25:01.478688-08:00,read,key_180,1.78,true,false,1413
2025-11-27T21:25:01.489861-08:00,read,key_162,2.66,true,false,1545
2025-11-27T21:25:01.19324-08:00,write,key_35,311.04,true,false,1712
2025-11-27T21:25:01.501054-08:00,read,key_125,4.96,true,false,1326
2025-11-27T21:25:01.511913-08:00,read,key_428,2.01,true,false,1143
2025-11-27T21:25:01.523145-08:00,read,key_476,2.78,true,false,1695
2025-11-27T21:25:01.226663-08:00,write,key_558,308.25,true,false,1712
2025-11-27T21:25:01.533557-08:00,read,key_466,2.41,true,false,1484
2025-11-27T21:25:01.544715-08:00,read,key_183,1.92,true,false,1693
2025-11-27T21:25:01.554934-08:00,read,key_876,2.05,true,false,1528
2025-11-27T21:25:01.566027-08:00,read,key_54,2.15,true,false,1561
2025-11-27T21:25:01.577266-08:00,read,key_61,1.83,true,false,1561
2025-11-27T21:25:01.588501-08:00,read,key_142,1.80,true,false,1123
2025-11-27T21:25:01.599675-08:00,read,key_600,2.15,true,false,1496
2025-11-27T21:25:01.301599-08:00,write,key_309,305.72,true,false,1713
2025-11-27T21:25:01.609948-08:00,read,key_670,1.72,true,false,1662
2025-11-27T21:25:01.620481-08:00,read,key_706,1.79,true,false,1647
2025-11-27T21:25:01.630967-08:00,read,key_436,1.63,true,false,1338
2025-11-27T21:25:01.641574-08:00,read,key_553,2.19,true,false,1125
2025-11-27T21:25:01.663623-08:00,read,key_461,2.18,true,false,1676
2025-11-27T21:25:01.686711-08:00,read,key_943,2.22,true,false,1500
2025-11-27T21:25:01.697821-08:00,read,key_180,1.47,true,false,1413
2025-11-27T21:25:01.707999-08:00,read,key_381,2.31,true,false,1693
2025-11-27T21:25:01.719134-08:00,read,key_174,1.59,false,false,0
2025-11-27T21:25:01.7293-08:00,read,key_893,2.12,true,false,945
2025-11-27T21:25:01.740267-08:00,read,key_335,1.93,false,false,0
2025-11-27T21:25:01.751151-08:00,read,key_134,2.16,true,false,1554
2025-11-27T21:25:01.762317-08:00,read,key_802,1.75,true,false,1249
2025-11-27T21:25:01.773501-08:00,read,key_310,1.55,true,false,953
2025-11-27T21:25:01.784629-08:00,read,key_342,2.62,true,false,470
2025-11-27T21:25:01.806941-08:00,read,key_780,1.62,true,false,623
2025-11-27T21:25:01.818456-08:00,read,key_439,2.16,true,false,1341
2025-11-27T21:25:01.829343-08:00,read,key_647,2.17,false,false,0
2025-11-27T21:25:01.840089-08:00,read,key_141,1.91,true,false,656
2025-11-27T21:25:01.851463-08:00,read,key_52,1.80,true,false,1398
2025-11-27T21:25:01.862564-08:00,read,key_469,1.71,true,false,1573
2025-11-27T21:25:01.873704-08:00,read,key_875,1.70,true,false,1429
2025-11-27T21:25:01.884602-08:00,read,key_795,2.60,true,false,1710
2025-11-27T21:25:01.894947-08:00,read,key_918,1.73,true,false,717
2025-11-27T21:25:01.906088-08:00,read,key_10,2.66,true,false,1640
2025-11-27T21:25:01.916852-08:00,read,key_519,2.16,true,false,968
2025-11-27T21:25:01.927983-08:00,read,key_292,1.83,true,false,993
2025-11-27T21:25:01.938596-08:00,read,key_432,2.05,true,false,1288
2025-11-27T21:25:01.949803-08:00,read,key_842,2.24,true,false,1675
2025-11-27T21:25:01.65242-08:00,write,key_667,311.19,true,false,1714
2025-11-27T21:25:01.971928-08:00,read,key_52,1.94,true,false,1398
2025-11-27T21:25:01.674771-08:00,write,key_239,305.86,true,false,1714
2025-11-27T21:25:01.982235-08:00,read,key_874,1.36,true,false,1531
2025-11-27T21:25:01.994188-08:00,read,key_689,2.13,true,false,1707
2025-11-27T21:25:02.027198-08:00,read,key_10,2.01,true,false,1640
2025-11-27T21:25:02.03835-08:00,read,key_371,2.55,true,false,1563
2025-11-27T21:25:02.059841-08:00,read,key_676,2.14,true,false,1677
2025-11-27T21:25:02.070992-08:00,read,key_85,1.85,true,false,1608
2025-11-27T21:25:02.081801-08:00,read,key_734,1.66,false,false,0
2025-11-27T21:25:02.092992-08:00,read,key_983,2.12,true,false,1339
2025-11-27T21:25:01.795712-08:00,write,key_169,306.54,true,false,1714
2025-11-27T21:25:02.103177-08:00,read,key_973,1.56,true,false,1246
2025-11-27T21:25:02.114313-08:00,read,key_69,1.65,true,false,1349
2025-11-27T21:25:02.1245-08:00,read,key_970,1.73,true,false,1453
2025-11-27T21:25:02.13564-08:00,read,key_307,1.98,true,false,1164
2025-11-27T21:25:02.146735-08:00,read,key_666,1.76,true,false,967
2025-11-27T21:25:02.157859-08:00,read,key_642,2.50,true,false,344
2025-11-27T21:25:02.168698-08:00,read,key_795,1.47,true,false,1710
2025-11-27T21:25:02.190885-08:00,read,key_132,2.87,true,false,1557
2025-11-27T21:25:02.202-08:00,read,key_746,1.63,true,false,1431
2025-11-27T21:25:02.213145-08:00,read,key_213,1.51,true,false,1148
2025-11-27T21:25:02.224401-08:00,read,key_649,2.49,true,false,1541
2025-11-27T21:25:02.235462-08:00,read,key_207,1.66,true,false,1617
2025-11-27T21:25:02.247161-08:00,read,key_501,1.87,true,false,1551
2025-11-27T21:25:02.258347-08:00,read,key_472,2.68,true,false,1513
2025-11-27T21:25:01.96091-08:00,write,key_589,309.83,true,false,1715
2025-11-27T21:25:02.26944-08:00,read,key_5,1.41,true,false,163
2025-11-27T21:25:02.279673-08:00,read,key_11,2.03,true,false,767
2025-11-27T21:25:02.301958-08:00,read,key_838,1.46,true,false,665
2025-11-27T21:25:02.005358-08:00,write,key_883,309.31,true,false,1715
2025-11-27T21:25:02.016049-08:00,write,key_633,306.69,true,false,1715
2025-11-27T21:25:02.32272-08:00,read,key_582,4.61,true,false,1646
2025-11-27T21:25:02.333529-08:00,read,key_106,1.91,true,false,1437
2025-11-27T21:25:02.344509-08:00,read,key_546,1.21,true,false,1373
2025-11-27T21:25:02.048967-08:00,write,key_49,307.28,true,false,1715
2025-11-27T21:25:02.354942-08:00,read,key_2,1.40,true,false,1656
2025-11-27T21:25:02.366087-08:00,read,key_193,2.01,true,false,1239
2025-11-27T21:25:02.37736-08:00,read,key_552,1.79,true,false,1126
2025-11-27T21:25:02.388427-08:00,read,key_774,1.83,true,false,1656
2025-11-27T21:25:02.398644-08:00,read,key_229,3.95,true,false,1649
2025-11-27T21:25:02.409512-08:00,read,key_870,2.00,true,false,1485
2025-11-27T21:25:02.420161-08:00,read,key_303,1.66,true,false,557
2025-11-27T21:25:02.431227-08:00,read,key_780,1.72,true,false,623
2025-11-27T21:25:02.442034-08:00,read,key_368,2.18,true,false,1610
2025-11-27T21:25:02.453249-08:00,read,key_24,2.18,true,false,1428
2025-11-27T21:25:02.464421-08:00,read,key_845,2.06,false,false,0
2025-11-27T21:25:02.475584-08:00,read,key_873,2.10,true,false,1479
2025-11-27T21:25:02.179701-08:00,write,key_133,307.19,true,false,1716
2025-11-27T21:25:02.486721-08:00,read,key_529,0.91,true,false,1248
2025-11-27T21:25:02.509072-08:00,read,key_260,2.99,false,false,0
2025-11-27T21:25:02.52023-08:00,read,key_562,3.28,true,false,1520
2025-11-27T21:25:02.531191-08:00,read,key_3,2.22,true,false,1329
2025-11-27T21:25:02.542309-08:00,read,key_978,2.53,true,false,1463
2025-11-27T21:25:02.553415-08:00,read,key_263,2.29,true,false,617
2025-11-27T21:25:02.56457-08:00,read,key_977,2.72,true,false,821
2025-11-27T21:25:02.575264-08:00,read,key_897,2.17,true,false,1635
2025-11-27T21:25:02.290809-08:00,write,key_226,307.34,true,false,1716
2025-11-27T21:25:02.596741-08:00,read,key_542,1.90,true,false,686
2025-11-27T21:25:02.312541-08:00,write,key_793,307.44,true,false,1717
2025-11-27T21:25:02.618864-08:00,read,key_689,1.33,true,false,1707
2025-11-27T21:25:02.629994-08:00,read,key_850,1.78,true,false,1514
2025-11-27T21:25:02.641109-08:00,read,key_334,2.21,true,false,1655
2025-11-27T21:25:02.651541-08:00,read,key_237,1.30,true,false,1629
2025-11-27T21:25:02.673804-08:00,read,key_386,2.27,true,false,1021
2025-11-27T21:25:02.684851-08:00,read,key_247,2.39,false,false,0
2025-11-27T21:25:02.695702-08:00,read,key_792,1.84,true,false,1206
2025-11-27T21:25:02.728464-08:00,read,key_137,1.76,true,false,1558
2025-11-27T21:25:02.739155-08:00,read,key_181,1.97,true,false,1260
2025-11-27T21:25:02.750291-08:00,read,key_518,2.62,true,false,736
2025-11-27T21:25:02.761394-08:00,read,key_185,1.87,true,false,1673
2025-11-27T21:25:02.772569-08:00,read,key_427,2.00,true,false,1071
2025-11-27T21:25:02.783707-08:00,read,key_376,3.58,true,false,1179
2025-11-27T21:25:02.794664-08:00,read,key_347,1.50,true,false,858
2025-11-27T21:25:02.49792-08:00,write,key_307,305.33,true,false,1718
2025-11-27T21:25:02.804955-08:00,read,key_736,1.39,true,false,745
2025-11-27T21:25:02.816131-08:00,read,key_913,1.69,true,false,132
2025-11-27T21:25:02.827273-08:00,read,key_88,1.77,true,false,1553
2025-11-27T21:25:02.838362-08:00,read,key_569,1.52,true,false,990
2025-11-27T21:25:02.849503-08:00,read,key_410,1.37,true,false,1122
2025-11-27T21:25:02.86061-08:00,read,key_101,1.34,true,false,822
2025-11-27T21:25:02.871362-08:00,read,key_387,1.39,true,false,161
2025-11-27T21:25:02.882484-08:00,read,key_242,2.60,true,false,1205
2025-11-27T21:25:02.892902-08:00,read,key_695,2.56,true,false,989
2025-11-27T21:25:02.586495-08:00,write,key_140,311.01,true,false,1718
2025-11-27T21:25:02.607873-08:00,write,key_802,306.02,true,false,1719
2025-11-27T21:25:02.913858-08:00,read,key_60,1.50,true,false,1132
2025-11-27T21:25:02.925031-08:00,read,key_221,2.57,true,false,586
2025-11-27T21:25:02.947328-08:00,read,key_303,1.98,true,false,557
2025-11-27T21:25:02.957597-08:00,read,key_70,2.04,true,false,1621
2025-11-27T21:25:02.968876-08:00,read,key_637,2.17,true,false,278
2025-11-27T21:25:02.662678-08:00,write,key_654,309.43,true,false,1718
2025-11-27T21:25:02.979099-08:00,read,key_954,1.77,true,false,1472
2025-11-27T21:25:02.990229-08:00,read,key_595,2.24,true,false,1454
2025-11-27T21:25:03.001148-08:00,read,key_190,3.12,true,false,1218
2025-11-27T21:25:02.706885-08:00,write,key_478,305.68,true,false,1718
2025-11-27T21:25:03.011618-08:00,read,key_642,1.22,true,false,344
2025-11-27T21:25:02.718004-08:00,write,key_243,305.01,true,false,1719
2025-11-27T21:25:03.022681-08:00,read,key_273,1.05,true,false,566
2025-11-27T21:25:03.033853-08:00,read,key_223,2.09,true,false,1669
2025-11-27T21:25:03.044067-08:00,read,key_134,1.41,true,false,1554
2025-11-27T21:25:03.06595-08:00,read,key_947,1.74,true,false,1262
2025-11-27T21:25:03.077064-08:00,read,key_791,1.74,true,false,572
2025-11-27T21:25:03.0882-08:00,read,key_298,1.91,true,false,1705
2025-11-27T21:25:03.099329-08:00,read,key_18,2.07,true,false,789
2025-11-27T21:25:03.109731-08:00,read,key_997,1.59,true,false,1109
2025-11-27T21:25:03.12088-08:00,read,key_89,1.83,true,false,1364
2025-11-27T21:25:03.131829-08:00,read,key_141,2.05,true,false,656
2025-11-27T21:25:03.142668-08:00,read,key_689,2.62,true,false,1707
2025-11-27T21:25:03.153916-08:00,read,key_390,1.74,true,false,1537
2025-11-27T21:25:03.165099-08:00,read,key_717,1.44,true,false,1568
2025-11-27T21:25:03.187302-08:00,read,key_252,2.30,true,false,1694
2025-11-27T21:25:03.198447-08:00,read,key_699,2.03,true,false,1611
2025-11-27T21:25:02.903722-08:00,write,key_791,307.27,true,false,1720
2025-11-27T21:25:03.209594-08:00,read,key_294,1.72,true,false,921
2025-11-27T21:25:03.220716-08:00,read,key_872,1.67,true,false,1481
2025-11-27T21:25:03.231907-08:00,read,key_271,3.77,false,false,0
2025-11-27T21:25:02.936127-08:00,write,key_466,308.00,true,false,1720
2025-11-27T21:25:03.242588-08:00,read,key_493,2.43,true,false,991
2025-11-27T21:25:03.253098-08:00,read,key_293,1.81,true,false,263
2025-11-27T21:25:03.264231-08:00,read,key_609,1.50,true,false,990
2025-11-27T21:25:03.275343-08:00,read,key_499,1.92,true,false,746
2025-11-27T21:25:03.286502-08:00,read,key_196,2.18,true,false,1488
2025-11-27T21:25:03.297533-08:00,read,key_769,2.26,true,false,1573
2025-11-27T21:25:03.308661-08:00,read,key_847,1.98,true,false,1705
2025-11-27T21:25:03.319833-08:00,read,key_499,1.99,true,false,746
2025-11-27T21:25:03.33095-08:00,read,key_677,1.87,true,false,1390
2025-11-27T21:25:03.341918-08:00,read,key_217,2.03,true,false,1302
2025-11-27T21:25:03.353331-08:00,read,key_593,2.51,true,false,883
2025-11-27T21:25:03.055214-08:00,write,key_76,309.07,true,false,1720
2025-11-27T21:25:03.363784-08:00,read,key_478,1.29,true,false,1718
2025-11-27T21:25:03.374929-08:00,read,key_468,2.00,true,false,1534
2025-11-27T21:25:03.397245-08:00,read,key_151,1.89,true,false,1648
2025-11-27T21:25:03.408441-08:00,read,key_755,2.07,true,false,1567
2025-11-27T21:25:03.419542-08:00,read,key_860,1.88,true,false,827
2025-11-27T21:25:03.430681-08:00,read,key_331,1.81,true,false,1626
2025-11-27T21:25:03.441563-08:00,read,key_850,2.71,true,false,1514
2025-11-27T21:25:03.452609-08:00,read,key_521,1.69,true,false,886
2025-11-27T21:25:03.463237-08:00,read,key_559,1.65,true,false,627
2025-11-27T21:25:03.475655-08:00,read,key_852,2.01,true,false,1220
2025-11-27T21:25:03.176118-08:00,write,key_152,307.73,true,false,1721
2025-11-27T21:25:03.485928-08:00,read,key_652,1.20,true,false,1495
2025-11-27T21:25:03.497075-08:00,read,key_556,1.64,true,false,1452
2025-11-27T21:25:03.508196-08:00,read,key_713,2.11,true,false,1547
2025-11-27T21:25:03.519308-08:00,read,key_524,1.74,true,false,1268
2025-11-27T21:25:03.529875-08:00,read,key_465,1.56,true,false,1503
2025-11-27T21:25:03.541019-08:00,read,key_333,1.88,true,false,1184
2025-11-27T21:25:03.552215-08:00,read,key_520,1.78,true,false,1257
2025-11-27T21:25:03.574559-08:00,read,key_274,2.21,true,false,613
2025-11-27T21:25:03.585725-08:00,read,key_254,1.69,true,false,1522
2025-11-27T21:25:03.596526-08:00,read,key_468,1.81,true,false,1534
2025-11-27T21:25:03.618786-08:00,read,key_686,2.42,true,false,1700
2025-11-27T21:25:03.629575-08:00,read,key_888,2.74,true,false,731
2025-11-27T21:25:03.640668-08:00,read,key_298,3.87,true,false,1705
2025-11-27T21:25:03.651411-08:00,read,key_743,2.44,true,false,894
2025-11-27T21:25:03.66256-08:00,read,key_306,2.30,true,false,607
2025-11-27T21:25:03.673484-08:00,read,key_294,3.18,true,true,919
2025-11-27T21:25:03.684534-08:00,read,key_4,2.86,true,false,1692
2025-11-27T21:25:03.386086-08:00,write,key_737,308.91,true,false,1722
2025-11-27T21:25:03.694668-08:00,read,key_237,1.89,true,false,1629
2025-11-27T21:25:03.704856-08:00,read,key_12,1.98,true,false,1251
2025-11-27T21:25:03.71601-08:00,read,key_155,2.09,true,false,1254
2025-11-27T21:25:03.726496-08:00,read,key_62,1.99,true,false,1061
2025-11-27T21:25:03.737683-08:00,read,key_362,2.06,true,false,1655
2025-11-27T21:25:03.748827-08:00,read,key_212,1.62,true,false,1392
2025-11-27T21:25:03.759926-08:00,read,key_655,1.89,true,false,1598
2025-11-27T21:25:03.771014-08:00,read,key_155,1.43,true,false,1254
2025-11-27T21:25:03.782117-08:00,read,key_65,1.54,false,false,0
2025-11-27T21:25:03.793321-08:00,read,key_803,2.13,true,false,1667
2025-11-27T21:25:03.804358-08:00,read,key_971,1.59,true,false,1619
2025-11-27T21:25:03.815485-08:00,read,key_336,1.45,true,false,1195
2025-11-27T21:25:03.826654-08:00,read,key_586,1.74,true,false,1085
2025-11-27T21:25:03.837827-08:00,read,key_682,2.34,true,false,542
2025-11-27T21:25:03.84898-08:00,read,key_732,3.26,true,false,1701
2025-11-27T21:25:03.860575-08:00,read,key_947,2.15,true,false,1262
2025-11-27T21:25:03.56338-08:00,write,key_583,310.27,true,false,1722
2025-11-27T21:25:03.871739-08:00,read,key_675,2.26,true,false,1276
2025-11-27T21:25:03.882885-08:00,read,key_440,3.39,true,false,1041
2025-11-27T21:25:03.893988-08:00,read,key_180,2.35,true,false,1413
2025-11-27T21:25:03.90512-08:00,read,key_845,2.35,false,false,0
2025-11-27T21:25:03.916276-08:00,read,key_981,3.38,true,false,1384
2025-11-27T21:25:03.607722-08:00,write,key_467,313.09,true,false,1722
2025-11-27T21:25:03.927197-08:00,read,key_845,1.88,false,false,0
2025-11-27T21:25:03.960695-08:00,read,key_9,1.73,true,false,1486
2025-11-27T21:25:03.971839-08:00,read,key_102,1.82,true,false,770
2025-11-27T21:25:03.98275-08:00,read,key_913,1.90,true,false,132
2025-11-27T21:25:03.993904-08:00,read,key_352,1.79,true,false,1473
2025-11-27T21:25:04.00411-08:00,read,key_767,1.97,true,false,1431
2025-11-27T21:25:04.015243-08:00,read,key_595,2.18,true,false,1454
2025-11-27T21:25:04.026155-08:00,read,key_153,1.99,true,false,1575
2025-11-27T21:25:04.037288-08:00,read,key_421,1.83,true,false,1162
2025-11-27T21:25:04.048412-08:00,read,key_581,2.18,true,false,1632
2025-11-27T21:25:04.059775-08:00,read,key_555,1.46,true,false,1577
2025-11-27T21:25:04.070697-08:00,read,key_679,1.98,true,false,1350
2025-11-27T21:25:04.081057-08:00,read,key_242,1.64,true,false,1205
2025-11-27T21:25:04.092335-08:00,read,key_717,3.09,true,false,1568
2025-11-27T21:25:04.103347-08:00,read,key_310,1.92,true,false,953
2025-11-27T21:25:04.113538-08:00,read,key_857,1.69,true,false,1443
2025-11-27T21:25:04.123724-08:00,read,key_80,2.21,true,false,1005
2025-11-27T21:25:04.134862-08:00,read,key_994,1.76,true,false,1194
2025-11-27T21:25:04.145871-08:00,read,key_559,2.12,true,false,627
2025-11-27T21:25:04.15711-08:00,read,key_56,2.43,true,false,1513
2025-11-27T21:25:04.168387-08:00,read,key_271,1.86,false,false,0
2025-11-27T21:25:04.180008-08:00,read,key_426,2.73,true,false,624
2025-11-27T21:25:04.190689-08:00,read,key_582,4.16,true,false,1646
2025-11-27T21:25:04.20121-08:00,read,key_333,2.08,true,false,1184
2025-11-27T21:25:04.212335-08:00,read,key_460,1.97,true,false,1549
2025-11-27T21:25:04.223542-08:00,read,key_31,2.54,true,false,1160
2025-11-27T21:25:04.23423-08:00,read,key_553,1.96,true,false,1125
2025-11-27T21:25:04.24458-08:00,read,key_225,1.86,true,false,1604
2025-11-27T21:25:03.938347-08:00,write,key_672,308.43,true,false,1723
2025-11-27T21:25:03.949521-08:00,write,key_788,308.21,true,false,1723
2025-11-27T21:25:04.255099-08:00,read,key_504,2.64,true,false,1557
2025-11-27T21:25:04.265516-08:00,read,key_549,2.17,true,false,769
2025-11-27T21:25:04.276613-08:00,read,key_67,1.93,true,false,1156
2025-11-27T21:25:04.287733-08:00,read,key_841,1.96,true,false,1108
2025-11-27T21:25:04.298856-08:00,read,key_545,1.81,true,false,873
2025-11-27T21:25:04.309973-08:00,read,key_38,1.97,true,false,1532
2025-11-27T21:25:04.321142-08:00,read,key_652,1.87,true,false,1495
2025-11-27T21:25:04.332309-08:00,read,key_28,1.81,true,false,1480
2025-11-27T21:25:04.35393-08:00,read,key_464,1.78,true,false,1497
2025-11-27T21:25:04.3651-08:00,read,key_702,1.89,true,false,1681
2025-11-27T21:25:04.375798-08:00,read,key_784,2.11,true,false,997
2025-11-27T21:25:04.398093-08:00,read,key_57,2.02,true,false,1686
2025-11-27T21:25:04.408833-08:00,read,key_502,2.83,true,false,1569
2025-11-27T21:25:04.419939-08:00,read,key_266,1.58,true,false,495
2025-11-27T21:25:04.431147-08:00,read,key_579,1.80,true,false,1411
2025-11-27T21:25:04.442259-08:00,read,key_593,1.96,true,false,883
2025-11-27T21:25:04.453404-08:00,read,key_552,1.83,true,false,1126
2025-11-27T21:25:04.464556-08:00,read,key_210,1.73,true,false,990
2025-11-27T21:25:04.475169-08:00,read,key_341,1.90,true,false,620
2025-11-27T21:25:04.486352-08:00,read,key_713,1.86,true,false,1547
2025-11-27T21:25:04.496536-08:00,read,key_427,1.80,true,false,1071
2025-11-27T21:25:04.50775-08:00,read,key_344,1.70,true,false,768
2025-11-27T21:25:04.51897-08:00,read,key_579,2.32,true,false,1411
2025-11-27T21:25:04.53007-08:00,read,key_13,1.82,true,false,1244
2025-11-27T21:25:04.541203-08:00,read,key_369,2.18,true,false,1671
2025-11-27T21:25:04.552214-08:00,read,key_9,1.92,true,false,1486
2025-11-27T21:25:04.563202-08:00,read,key_431,1.66,true,false,822
2025-11-27T21:25:04.574371-08:00,read,key_836,5.61,true,false,904
2025-11-27T21:25:04.585026-08:00,read,key_981,1.66,true,false,1384
2025-11-27T21:25:04.59607-08:00,read,key_752,2.29,true,false,1554
2025-11-27T21:25:04.606914-08:00,read,key_745,3.95,true,false,653
2025-11-27T21:25:04.617308-08:00,read,key_873,3.96,true,false,1479
2025-11-27T21:25:04.628277-08:00,read,key_334,1.62,true,false,1655
2025-11-27T21:25:04.639363-08:00,read,key_976,1.78,true,false,1671
2025-11-27T21:25:04.342902-08:00,write,key_853,309.00,true,false,1724
2025-11-27T21:25:04.650187-08:00,read,key_193,2.26,true,false,1239
2025-11-27T21:25:04.660531-08:00,read,key_911,1.48,true,false,761
2025-11-27T21:25:04.671676-08:00,read,key_786,1.83,true,false,1620
2025-11-27T21:25:04.6828-08:00,read,key_589,2.23,true,false,1715
2025-11-27T21:25:04.38696-08:00,write,key_719,308.69,true,false,1724
2025-11-27T21:25:04.694021-08:00,read,key_764,2.15,true,false,1274
2025-11-27T21:25:04.704538-08:00,read,key_581,2.45,true,false,1632
2025-11-27T21:25:04.715615-08:00,read,key_63,4.83,true,false,1131
2025-11-27T21:25:04.726383-08:00,read,key_193,1.74,true,false,1239
2025-11-27T21:25:04.759735-08:00,read,key_229,1.56,true,false,1649
2025-11-27T21:25:04.77082-08:00,read,key_226,1.56,true,false,1716
2025-11-27T21:25:04.782-08:00,read,key_822,1.32,false,false,0
2025-11-27T21:25:04.792892-08:00,read,key_431,2.03,true,false,822
2025-11-27T21:25:04.804082-08:00,read,key_862,1.91,true,false,1652
2025-11-27T21:25:04.815262-08:00,read,key_603,5.88,true,false,1094
2025-11-27T21:25:04.826572-08:00,read,key_736,3.18,true,false,745
2025-11-27T21:25:04.837648-08:00,read,key_678,2.83,true,false,1346
2025-11-27T21:25:04.84804-08:00,read,key_310,1.98,true,false,953
2025-11-27T21:25:04.869761-08:00,read,key_510,2.24,true,false,1684
2025-11-27T21:25:04.880657-08:00,read,key_397,3.97,true,false,600
2025-11-27T21:25:04.891445-08:00,read,key_417,3.38,true,false,693
2025-11-27T21:25:04.902455-08:00,read,key_101,1.38,true,false,822
2025-11-27T21:25:04.912832-08:00,read,key_633,1.84,true,false,1715
2025-11-27T21:25:04.923738-08:00,read,key_76,1.35,true,false,1720
2025-11-27T21:25:04.935141-08:00,read,key_60,2.18,true,false,1132
2025-11-27T21:25:04.945716-08:00,read,key_152,1.58,true,false,1721
2025-11-27T21:25:04.956068-08:00,read,key_344,1.64,true,false,768
2025-11-27T21:25:04.967248-08:00,read,key_56,1.96,true,false,1513
2025-11-27T21:25:04.978098-08:00,read,key_784,1.71,true,false,997
2025-11-27T21:25:04.988314-08:00,read,key_6,1.97,true,false,1649
2025-11-27T21:25:05.010226-08:00,read,key_805,1.59,true,false,1511
2025-11-27T21:25:05.021269-08:00,read,key_420,1.88,true,false,397
2025-11-27T21:25:05.032406-08:00,read,key_862,1.64,true,false,1652
2025-11-27T21:25:05.04355-08:00,read,key_780,1.77,true,false,623
2025-11-27T21:25:04.737469-08:00,write,key_956,309.29,true,false,1725
2025-11-27T21:25:04.748643-08:00,write,key_913,305.27,true,false,1725
2025-11-27T21:25:05.053913-08:00,read,key_68,1.13,true,false,759
2025-11-27T21:25:05.065069-08:00,read,key_710,1.64,true,false,1576
2025-11-27T21:25:05.076134-08:00,read,key_484,2.03,true,false,1481
2025-11-27T21:25:05.087289-08:00,read,key_870,1.81,true,false,1485
2025-11-27T21:25:05.098432-08:00,read,key_437,2.31,true,false,1188
2025-11-27T21:25:05.109498-08:00,read,key_156,2.19,true,false,1695
2025-11-27T21:25:05.120617-08:00,read,key_82,1.74,true,false,1461
2025-11-27T21:25:05.131795-08:00,read,key_146,2.21,true,false,1125
2025-11-27T21:25:05.142863-08:00,read,key_748,2.34,true,false,1706
2025-11-27T21:25:05.153046-08:00,read,key_808,1.75,true,false,1570
2025-11-27T21:25:05.163372-08:00,read,key_730,1.62,true,false,16
2025-11-27T21:25:04.858741-08:00,write,key_591,311.44,true,false,1726
2025-11-27T21:25:05.173893-08:00,read,key_747,1.31,true,false,789
2025-11-27T21:25:05.185198-08:00,read,key_568,2.06,true,false,1697
2025-11-27T21:25:05.20697-08:00,read,key_740,1.52,true,false,1669
2025-11-27T21:25:05.217756-08:00,read,key_238,2.37,true,false,1582
2025-11-27T21:25:05.240049-08:00,read,key_489,1.22,true,false,1390
2025-11-27T21:25:05.251223-08:00,read,key_744,2.06,true,false,1460
2025-11-27T21:25:05.261936-08:00,read,key_944,2.07,true,false,1369
2025-11-27T21:25:05.272611-08:00,read,key_589,1.81,true,false,1715
2025-11-27T21:25:05.283776-08:00,read,key_379,2.30,true,false,531
2025-11-27T21:25:05.294297-08:00,read,key_347,1.89,true,false,858
2025-11-27T21:25:04.999084-08:00,write,key_17,307.69,true,false,1725
2025-11-27T21:25:05.316434-08:00,read,key_131,2.06,true,false,1588
2025-11-27T21:25:05.327548-08:00,read,key_689,1.64,true,false,1707
2025-11-27T21:25:05.338683-08:00,read,key_644,1.94,false,false,0
2025-11-27T21:25:05.349032-08:00,read,key_496,2.22,true,false,1559
2025-11-27T21:25:05.360535-08:00,read,key_857,1.79,true,false,1443
2025-11-27T21:25:05.371677-08:00,read,key_904,1.71,true,false,1461
2025-11-27T21:25:05.382809-08:00,read,key_730,1.77,true,false,16
2025-11-27T21:25:05.394325-08:00,read,key_991,1.84,true,false,319
2025-11-27T21:25:05.405473-08:00,read,key_818,1.80,true,false,1402
2025-11-27T21:25:05.416115-08:00,read,key_55,5.01,true,false,1705
2025-11-27T21:25:05.427282-08:00,read,key_421,1.33,true,false,1162
2025-11-27T21:25:05.438046-08:00,read,key_988,0.95,true,false,696
2025-11-27T21:25:05.449208-08:00,read,key_704,1.14,true,false,1473
2025-11-27T21:25:05.4605-08:00,read,key_611,0.65,true,false,1467
2025-11-27T21:25:05.471648-08:00,read,key_234,1.83,true,false,1689
2025-11-27T21:25:05.482801-08:00,read,key_976,2.21,true,false,1671
2025-11-27T21:25:05.195922-08:00,write,key_840,305.32,true,false,1727
2025-11-27T21:25:05.504438-08:00,read,key_346,1.51,true,false,626
2025-11-27T21:25:05.515573-08:00,read,key_981,1.47,true,false,1384
2025-11-27T21:25:05.526372-08:00,read,key_601,2.22,true,false,1708
2025-11-27T21:25:05.228882-08:00,write,key_507,306.84,true,false,1727
2025-11-27T21:25:05.536581-08:00,read,key_149,1.22,true,false,1673
2025-11-27T21:25:05.547764-08:00,read,key_786,1.64,true,false,1620
2025-11-27T21:25:05.558887-08:00,read,key_208,2.06,true,false,1346
2025-11-27T21:25:05.569942-08:00,read,key_884,1.69,true,false,1527
2025-11-27T21:25:05.580997-08:00,read,key_807,1.85,true,false,1585
2025-11-27T21:25:05.592119-08:00,read,key_130,2.34,true,false,1428
2025-11-27T21:25:05.602615-08:00,read,key_590,1.65,true,false,1678
2025-11-27T21:25:05.305448-08:00,write,key_187,307.39,true,false,1727
2025-11-27T21:25:05.624029-08:00,read,key_142,2.15,true,false,1123
2025-11-27T21:25:05.634516-08:00,read,key_109,2.19,true,false,132
2025-11-27T21:25:05.645677-08:00,read,key_177,1.77,true,false,839
2025-11-27T21:25:05.656836-08:00,read,key_511,1.69,true,false,1201
2025-11-27T21:25:05.668721-08:00,read,key_777,2.00,true,false,916
2025-11-27T21:25:05.678908-08:00,read,key_317,1.86,true,false,914
2025-11-27T21:25:05.690052-08:00,read,key_179,1.49,true,false,834
2025-11-27T21:25:05.700643-08:00,read,key_631,0.99,true,false,668
2025-11-27T21:25:05.711712-08:00,read,key_239,1.21,true,false,1714
2025-11-27T21:25:05.722874-08:00,read,key_196,0.74,true,false,1488
2025-11-27T21:25:05.733627-08:00,read,key_43,1.21,true,false,639
2025-11-27T21:25:05.744891-08:00,read,key_690,0.87,true,false,1171
2025-11-27T21:25:05.756066-08:00,read,key_40,0.79,true,false,821
2025-11-27T21:25:05.766712-08:00,read,key_671,1.70,true,false,507
2025-11-27T21:25:05.777917-08:00,read,key_107,0.73,true,false,1435
2025-11-27T21:25:05.789093-08:00,read,key_586,1.05,true,false,1085
2025-11-27T21:25:05.493943-08:00,write,key_476,307.00,true,false,1728
2025-11-27T21:25:05.800537-08:00,read,key_300,0.86,true,false,1214
2025-11-27T21:25:05.82277-08:00,read,key_707,0.89,true,false,1474
2025-11-27T21:25:05.833634-08:00,read,key_748,0.67,true,false,1706
2025-11-27T21:25:05.844302-08:00,read,key_30,1.68,true,false,1524
2025-11-27T21:25:05.855396-08:00,read,key_686,0.48,true,false,1700
2025-11-27T21:25:05.865982-08:00,read,key_999,0.71,true,false,1116
2025-11-27T21:25:05.876228-08:00,read,key_679,0.96,true,false,1350
2025-11-27T21:25:05.898115-08:00,read,key_179,0.57,true,false,834
2025-11-27T21:25:05.908676-08:00,read,key_220,1.06,true,false,642
2025-11-27T21:25:05.612819-08:00,write,key_901,305.32,true,false,1728
2025-11-27T21:25:05.918916-08:00,read,key_8,0.64,true,false,1648
2025-11-27T21:25:05.930016-08:00,read,key_772,0.70,false,false,0
2025-11-27T21:25:05.940497-08:00,read,key_434,0.75,true,false,1629
2025-11-27T21:25:05.95167-08:00,read,key_253,0.72,true,false,1518
2025-11-27T21:25:05.962866-08:00,read,key_857,0.69,true,false,1443
2025-11-27T21:25:05.973938-08:00,read,key_568,0.77,true,false,1697
2025-11-27T21:25:05.985108-08:00,read,key_594,0.84,false,false,0
2025-11-27T21:25:05.99632-08:00,read,key_524,0.86,true,false,1268
2025-11-27T21:25:06.007453-08:00,read,key_545,0.72,true,false,873
2025-11-27T21:25:06.018984-08:00,read,key_297,0.93,true,false,924
2025-11-27T21:25:06.030134-08:00,read,key_548,1.50,true,false,905
2025-11-27T21:25:06.04094-08:00,read,key_362,2.93,true,false,1655
2025-11-27T21:25:06.052147-08:00,read,key_70,2.77,true,false,1621
2025-11-27T21:25:06.062703-08:00,read,key_984,1.93,true,false,1498
2025-11-27T21:25:06.073803-08:00,read,key_685,1.87,true,false,1629
2025-11-27T21:25:06.084752-08:00,read,key_781,2.03,true,false,1694
2025-11-27T21:25:06.095891-08:00,read,key_954,1.83,true,false,1472
2025-11-27T21:25:06.107471-08:00,read,key_597,2.54,true,false,231
2025-11-27T21:25:06.117588-08:00,read,key_173,2.38,true,false,111
2025-11-27T21:25:05.81162-08:00,write,key_159,308.37,true,false,1729
2025-11-27T21:25:06.128735-08:00,read,key_6,1.60,true,false,1649
2025-11-27T21:25:06.139082-08:00,read,key_696,1.31,true,false,1540
2025-11-27T21:25:06.150465-08:00,read,key_255,1.08,true,false,1482
2025-11-27T21:25:06.160981-08:00,read,key_981,1.64,true,false,1384
2025-11-27T21:25:06.183351-08:00,read,key_558,0.85,true,false,1712
2025-11-27T21:25:05.886986-08:00,write,key_148,304.54,true,false,1729
2025-11-27T21:25:06.193809-08:00,read,key_55,0.74,true,false,1705
2025-11-27T21:25:06.20499-08:00,read,key_364,0.63,false,false,0
2025-11-27T21:25:06.216114-08:00,read,key_635,0.57,true,false,1087
2025-11-27T21:25:06.227233-08:00,read,key_845,0.69,false,false,0
2025-11-27T21:25:06.238387-08:00,read,key_854,0.84,true,false,1463
2025-11-27T21:25:06.249496-08:00,read,key_817,0.61,true,false,853
2025-11-27T21:25:06.260659-08:00,read,key_843,0.68,true,false,1090
2025-11-27T21:25:06.271813-08:00,read,key_809,0.80,true,false,1534
2025-11-27T21:25:06.283024-08:00,read,key_595,2.40,true,false,1454
2025-11-27T21:25:06.294129-08:00,read,key_331,1.57,true,false,1626
2025-11-27T21:25:06.305301-08:00,read,key_277,2.33,true,false,154
2025-11-27T21:25:06.316477-08:00,read,key_641,2.08,true,false,1337
2025-11-27T21:25:06.337075-08:00,read,key_780,1.76,true,false,623
2025-11-27T21:25:06.348207-08:00,read,key_982,5.73,true,false,668
2025-11-27T21:25:06.358696-08:00,read,key_716,1.58,true,false,1482
2025-11-27T21:25:06.369798-08:00,read,key_519,1.57,true,false,968
2025-11-27T21:25:06.380599-08:00,read,key_319,1.67,true,false,920
2025-11-27T21:25:06.391886-08:00,read,key_694,2.37,true,false,1595
2025-11-27T21:25:06.402882-08:00,read,key_469,2.46,true,false,1573
2025-11-27T21:25:06.413974-08:00,read,key_577,1.80,true,false,1415
2025-11-27T21:25:06.425075-08:00,read,key_62,2.03,true,false,1061
2025-11-27T21:25:06.436214-08:00,read,key_492,2.15,true,false,1001
2025-11-27T21:25:06.44661-08:00,read,key_643,1.82,true,false,585
2025-11-27T21:25:06.457811-08:00,read,key_998,1.64,true,false,1118
2025-11-27T21:25:06.468577-08:00,read,key_418,2.00,false,false,0
2025-11-27T21:25:06.17212-08:00,write,key_84,308.85,true,false,1730
2025-11-27T21:25:06.479776-08:00,read,key_465,1.52,true,false,1503
2025-11-27T21:25:06.501229-08:00,read,key_513,3.05,true,false,1640
2025-11-27T21:25:06.512218-08:00,read,key_698,2.43,true,false,1613
2025-11-27T21:25:06.523382-08:00,read,key_254,1.66,true,false,1522
2025-11-27T21:25:06.533678-08:00,read,key_5,2.39,true,false,163
2025-11-27T21:25:06.544427-08:00,read,key_541,2.18,true,false,1524
2025-11-27T21:25:06.555203-08:00,read,key_202,1.68,true,false,1488
2025-11-27T21:25:06.566415-08:00,read,key_676,2.05,true,false,1677
2025-11-27T21:25:06.577431-08:00,read,key_291,1.98,true,false,1006
2025-11-27T21:25:06.587993-08:00,read,key_551,1.82,true,false,1512
2025-11-27T21:25:06.609599-08:00,read,key_468,2.14,true,false,1534
2025-11-27T21:25:06.62073-08:00,read,key_332,1.68,true,false,1677
2025-11-27T21:25:06.631897-08:00,read,key_143,1.39,true,false,1123
2025-11-27T21:25:06.326787-08:00,write,key_595,309.16,true,false,1731
2025-11-27T21:25:06.642836-08:00,read,key_638,2.86,true,false,538
2025-11-27T21:25:06.653873-08:00,read,key_952,1.74,true,false,1453
2025-11-27T21:25:06.664191-08:00,read,key_695,1.95,true,false,989
2025-11-27T21:25:06.67519-08:00,read,key_854,1.97,true,false,1463
2025-11-27T21:25:06.685842-08:00,read,key_272,1.89,true,false,173
2025-11-27T21:25:06.696972-08:00,read,key_575,1.49,true,false,1126
2025-11-27T21:25:06.708137-08:00,read,key_33,2.97,true,false,1659
2025-11-27T21:25:06.719427-08:00,read,key_815,3.31,true,false,658
2025-11-27T21:25:06.730477-08:00,read,key_333,2.27,true,false,1184
2025-11-27T21:25:06.741643-08:00,read,key_52,2.62,true,false,1398
2025-11-27T21:25:06.75273-08:00,read,key_866,2.10,true,false,810
2025-11-27T21:25:06.763832-08:00,read,key_917,1.80,true,false,1436
2025-11-27T21:25:06.775014-08:00,read,key_691,1.84,true,false,1688
2025-11-27T21:25:06.785393-08:00,read,key_156,1.78,true,false,1695
2025-11-27T21:25:06.490899-08:00,write,key_394,306.93,true,false,1731
2025-11-27T21:25:06.796525-08:00,read,key_187,1.31,true,false,1727
2025-11-27T21:25:06.807452-08:00,read,key_384,1.61,true,false,1706
2025-11-27T21:25:06.818975-08:00,read,key_690,1.78,true,false,1171
2025-11-27T21:25:06.829879-08:00,read,key_277,1.72,true,false,154
2025-11-27T21:25:06.841005-08:00,read,key_293,1.43,true,false,263
2025-11-27T21:25:06.852211-08:00,read,key_494,1.99,true,false,1081
2025-11-27T21:25:06.863357-08:00,read,key_461,1.68,true,false,1676
2025-11-27T21:25:06.874496-08:00,read,key_132,2.31,true,false,1557
2025-11-27T21:25:06.885627-08:00,read,key_472,1.51,true,false,1513
2025-11-27T21:25:06.89655-08:00,read,key_464,1.80,true,false,1497
2025-11-27T21:25:06.599143-08:00,write,key_499,306.85,true,false,1731
2025-11-27T21:25:06.90675-08:00,read,key_471,1.37,true,false,1235
2025-11-27T21:25:06.91788-08:00,read,key_422,3.04,true,false,1066
2025-11-27T21:25:06.928952-08:00,read,key_59,1.73,true,false,1479
2025-11-27T21:25:06.940102-08:00,read,key_673,1.86,true,false,309
2025-11-27T21:25:06.95151-08:00,read,key_686,1.83,true,false,1700
2025-11-27T21:25:06.962647-08:00,read,key_686,1.73,true,false,1700
2025-11-27T21:25:06.973737-08:00,read,key_159,1.41,true,false,1729
2025-11-27T21:25:06.984581-08:00,read,key_184,2.04,true,false,1447
2025-11-27T21:25:07.006064-08:00,read,key_680,2.14,true,false,982
2025-11-27T21:25:07.017194-08:00,read,key_521,2.12,true,false,886
2025-11-27T21:25:07.027947-08:00,read,key_170,1.79,true,false,1687
2025-11-27T21:25:07.039087-08:00,read,key_24,1.58,true,false,1428
2025-11-27T21:25:07.050205-08:00,read,key_679,1.96,true,false,1350
2025-11-27T21:25:07.061085-08:00,read,key_880,2.03,true,false,1089
2025-11-27T21:25:07.072148-08:00,read,key_380,1.94,true,false,1700
2025-11-27T21:25:07.083421-08:00,read,key_53,2.17,true,false,1535
2025-11-27T21:25:07.093849-08:00,read,key_750,1.56,true,false,1503
2025-11-27T21:25:07.104883-08:00,read,key_296,1.72,false,false,0
2025-11-27T21:25:07.116012-08:00,read,key_833,1.64,true,false,1586
2025-11-27T21:25:07.126676-08:00,read,key_574,2.07,true,false,1673
2025-11-27T21:25:07.13712-08:00,read,key_188,1.83,true,false,1704
2025-11-27T21:25:07.148286-08:00,read,key_839,1.54,true,false,828
2025-11-27T21:25:07.158628-08:00,read,key_799,2.72,true,false,663
2025-11-27T21:25:07.169686-08:00,read,key_981,1.64,true,false,1384
2025-11-27T21:25:07.179891-08:00,read,key_802,1.34,true,false,1719
2025-11-27T21:25:07.202292-08:00,read,key_559,1.68,true,false,627
2025-11-27T21:25:07.213233-08:00,read,key_297,2.32,true,false,924
2025-11-27T21:25:07.235229-08:00,read,key_343,1.74,true,false,1506
2025-11-27T21:25:07.25723-08:00,read,key_339,1.82,false,false,0
2025-11-27T21:25:07.268374-08:00,read,key_233,1.73,true,false,1564
2025-11-27T21:25:07.279514-08:00,read,key_565,1.97,true,false,1552
2025-11-27T21:25:07.290685-08:00,read,key_801,1.98,true,false,1673
2025-11-27T21:25:06.994915-08:00,write,key_177,309.55,true,false,1732
2025-11-27T21:25:07.302282-08:00,read,key_781,2.19,true,false,1694
2025-11-27T21:25:07.313446-08:00,read,key_793,2.03,true,false,1717
2025-11-27T21:25:07.324595-08:00,read,key_78,2.02,true,false,1683
2025-11-27T21:25:07.33546-08:00,read,key_181,1.82,true,false,1260
2025-11-27T21:25:07.357637-08:00,read,key_788,2.09,true,false,1723
2025-11-27T21:25:07.367789-08:00,read,key_85,2.20,true,false,1608
2025-11-27T21:25:07.378037-08:00,read,key_657,1.80,true,false,1641
2025-11-27T21:25:07.389031-08:00,read,key_207,1.49,true,false,1617
2025-11-27T21:25:07.400175-08:00,read,key_181,2.22,true,false,1260
2025-11-27T21:25:07.411318-08:00,read,key_183,1.99,true,false,1693
2025-11-27T21:25:07.421516-08:00,read,key_647,1.80,false,false,0
2025-11-27T21:25:07.432616-08:00,read,key_135,1.52,true,false,1645
2025-11-27T21:25:07.443727-08:00,read,key_923,2.67,true,false,1493
2025-11-27T21:25:07.454372-08:00,read,key_679,4.49,true,false,1350
2025-11-27T21:25:07.46516-08:00,read,key_180,1.44,true,false,1413
2025-11-27T21:25:07.475538-08:00,read,key_226,2.24,true,false,1716
2025-11-27T21:25:07.485917-08:00,read,key_801,1.93,true,false,1673
2025-11-27T21:25:07.496553-08:00,read,key_995,1.78,true,false,1489
2025-11-27T21:25:07.191008-08:00,write,key_795,312.62,true,false,1733
2025-11-27T21:25:07.507043-08:00,read,key_559,1.56,true,false,627
2025-11-27T21:25:07.224346-08:00,write,key_585,304.81,true,false,1732
2025-11-27T21:25:07.528996-08:00,read,key_465,1.28,true,false,1503
2025-11-27T21:25:07.540116-08:00,read,key_157,1.86,true,false,1222
2025-11-27T21:25:07.246035-08:00,write,key_478,307.68,true,false,1732
2025-11-27T21:25:07.550546-08:00,read,key_975,3.17,true,false,1478
2025-11-27T21:25:07.561562-08:00,read,key_917,1.68,true,false,1436
2025-11-27T21:25:07.572723-08:00,read,key_741,2.28,true,false,820
2025-11-27T21:25:07.594984-08:00,read,key_466,1.80,true,false,1720
2025-11-27T21:25:07.606116-08:00,read,key_353,1.82,true,false,1640
2025-11-27T21:25:07.61691-08:00,read,key_25,2.05,true,false,1208
2025-11-27T21:25:07.627307-08:00,read,key_210,1.31,true,false,990
2025-11-27T21:25:07.638446-08:00,read,key_787,2.19,true,false,1704
2025-11-27T21:25:07.648936-08:00,read,key_833,1.64,true,false,1586
2025-11-27T21:25:07.346481-08:00,write,key_588,309.77,true,false,1734
2025-11-27T21:25:07.659771-08:00,read,key_928,1.57,true,false,810
2025-11-27T21:25:07.670898-08:00,read,key_488,1.91,true,false,1232
2025-11-27T21:25:07.682035-08:00,read,key_879,2.07,true,false,1566
2025-11-27T21:25:07.692266-08:00,read,key_228,2.00,true,false,554
2025-11-27T21:25:07.702804-08:00,read,key_548,1.53,true,false,905
2025-11-27T21:25:07.713195-08:00,read,key_548,1.98,true,false,905
2025-11-27T21:25:07.723748-08:00,read,key_301,1.53,true,false,1208
2025-11-27T21:25:07.734776-08:00,read,key_920,4.08,true,false,159
2025-11-27T21:25:07.745125-08:00,read,key_993,2.84,true,false,1080
2025-11-27T21:25:07.755675-08:00,read,key_220,2.56,true,false,642
2025-11-27T21:25:07.766772-08:00,read,key_603,3.44,true,false,1094
2025-11-27T21:25:07.777703-08:00,read,key_435,1.82,true,false,1154
2025-11-27T21:25:07.788829-08:00,read,key_114,1.55,true,false,1290
2025-11-27T21:25:07.799264-08:00,read,key_844,3.34,false,false,0
2025-11-27T21:25:07.810034-08:00,read,key_462,1.99,true,true,1559
2025-11-27T21:25:07.821033-08:00,read,key_601,1.62,true,false,1708
2025-11-27T21:25:07.517851-08:00,write,key_436,309.82,true,false,1735
2025-11-27T21:25:07.831599-08:00,read,key_682,1.53,true,false,542
2025-11-27T21:25:07.853062-08:00,read,key_470,1.64,true,false,1227
2025-11-27T21:25:07.863615-08:00,read,key_864,2.24,false,false,0
2025-11-27T21:25:07.874635-08:00,read,key_211,1.69,true,false,1317
2025-11-27T21:25:07.885439-08:00,read,key_379,1.66,true,false,531
2025-11-27T21:25:07.583939-08:00,write,key_891,303.76,true,false,1734
2025-11-27T21:25:07.896281-08:00,read,key_529,1.74,true,false,1248
2025-11-27T21:25:07.907081-08:00,read,key_85,1.84,true,false,1608
2025-11-27T21:25:07.918213-08:00,read,key_841,2.15,true,false,1108
2025-11-27T21:25:07.928597-08:00,read,key_799,1.72,true,false,663
2025-11-27T21:25:07.939727-08:00,read,key_372,1.99,true,false,530
2025-11-27T21:25:07.950956-08:00,read,key_757,1.90,true,false,1602
2025-11-27T21:25:07.962123-08:00,read,key_182,1.94,true,false,1107
2025-11-27T21:25:07.973676-08:00,read,key_67,1.81,true,false,1156
2025-11-27T21:25:07.984858-08:00,read,key_52,2.38,true,false,1398
2025-11-27T21:25:07.99598-08:00,read,key_438,1.89,true,false,1650
2025-11-27T21:25:08.006143-08:00,read,key_980,1.64,true,false,1625
2025-11-27T21:25:08.016471-08:00,read,key_141,2.35,true,false,656
2025-11-27T21:25:08.027582-08:00,read,key_181,1.85,true,false,1260
2025-11-27T21:25:08.038753-08:00,read,key_139,2.17,true,false,1525
2025-11-27T21:25:08.049755-08:00,read,key_146,2.81,true,false,1125
2025-11-27T21:25:08.060812-08:00,read,key_896,1.90,true,false,1151
2025-11-27T21:25:08.071548-08:00,read,key_744,1.80,true,false,1460
2025-11-27T21:25:08.081772-08:00,read,key_579,1.70,true,false,1411
2025-11-27T21:25:08.092912-08:00,read,key_328,2.08,true,false,617
2025-11-27T21:25:08.104056-08:00,read,key_842,1.79,true,false,1675
2025-11-27T21:25:08.114254-08:00,read,key_438,1.80,true,false,1650
2025-11-27T21:25:08.125438-08:00,read,key_854,2.99,true,false,1463
2025-11-27T21:25:08.135986-08:00,read,key_481,3.62,true,false,1521
2025-11-27T21:25:08.146896-08:00,read,key_293,1.83,true,false,263
2025-11-27T21:25:07.841895-08:00,write,key_697,308.40,true,false,1736
2025-11-27T21:25:08.157955-08:00,read,key_736,1.24,true,false,745
2025-11-27T21:25:08.169135-08:00,read,key_136,1.15,true,false,1431
2025-11-27T21:25:08.180283-08:00,read,key_794,0.91,true,false,846
2025-11-27T21:25:08.19142-08:00,read,key_788,1.10,true,false,1723
2025-11-27T21:25:08.201705-08:00,read,key_183,1.23,true,false,1693
2025-11-27T21:25:08.212874-08:00,read,key_117,0.80,true,false,1583
2025-11-27T21:25:08.234504-08:00,read,key_687,1.11,true,false,411
2025-11-27T21:25:08.245662-08:00,read,key_268,0.70,true,false,499
2025-11-27T21:25:08.256425-08:00,read,key_730,0.83,true,false,16
2025-11-27T21:25:08.267359-08:00,read,key_469,0.89,true,false,1573
2025-11-27T21:25:08.278187-08:00,read,key_795,0.84,true,false,1733
2025-11-27T21:25:08.289019-08:00,read,key_145,1.75,true,false,1630
2025-11-27T21:25:08.300191-08:00,read,key_791,2.93,true,false,1720
2025-11-27T21:25:08.310933-08:00,read,key_432,1.77,true,false,1288
2025-11-27T21:25:08.322075-08:00,read,key_664,1.97,true,false,1636
2025-11-27T21:25:08.333221-08:00,read,key_849,4.19,true,false,1118
2025-11-27T21:25:08.344225-08:00,read,key_927,1.61,true,false,1659
2025-11-27T21:25:08.355375-08:00,read,key_752,1.80,true,false,1554
2025-11-27T21:25:08.366524-08:00,read,key_66,3.10,true,false,187
2025-11-27T21:25:08.377524-08:00,read,key_1,1.62,true,false,1597
2025-11-27T21:25:08.388424-08:00,read,key_477,1.87,true,false,1538
2025-11-27T21:25:08.39871-08:00,read,key_154,1.95,true,false,1702
2025-11-27T21:25:08.409565-08:00,read,key_277,2.41,true,false,154
2025-11-27T21:25:08.420565-08:00,read,key_51,1.78,true,false,1250
2025-11-27T21:25:08.431719-08:00,read,key_317,1.83,true,false,914
2025-11-27T21:25:08.454682-08:00,read,key_734,1.83,false,false,0
2025-11-27T21:25:08.465341-08:00,read,key_676,2.07,true,false,1677
2025-11-27T21:25:08.476274-08:00,read,key_704,2.45,true,false,1473
2025-11-27T21:25:08.486659-08:00,read,key_593,1.51,true,false,883
2025-11-27T21:25:08.508142-08:00,read,key_775,2.20,true,false,606
2025-11-27T21:25:08.519223-08:00,read,key_597,1.83,true,false,231
2025-11-27T21:25:08.224074-08:00,write,key_33,302.74,true,false,1737
2025-11-27T21:25:08.529684-08:00,read,key_293,1.46,true,false,263
2025-11-27T21:25:08.540796-08:00,read,key_738,1.12,true,false,1676
2025-11-27T21:25:08.551156-08:00,read,key_315,1.90,true,false,906
2025-11-27T21:25:08.56175-08:00,read,key_9,1.90,true,false,1486
2025-11-27T21:25:08.572247-08:00,read,key_557,1.52,true,false,1576
2025-11-27T21:25:08.582764-08:00,read,key_781,1.86,true,false,1694
2025-11-27T21:25:08.593948-08:00,read,key_9,1.70,true,false,1486
2025-11-27T21:25:08.605098-08:00,read,key_152,1.61,true,false,1721
2025-11-27T21:25:08.616291-08:00,read,key_592,1.24,true,false,578
2025-11-27T21:25:08.627534-08:00,read,key_692,1.63,true,false,515
2025-11-27T21:25:08.638665-08:00,read,key_861,1.73,true,false,1683
2025-11-27T21:25:08.649644-08:00,read,key_270,1.76,true,false,522
2025-11-27T21:25:08.659983-08:00,read,key_210,2.23,true,false,990
2025-11-27T21:25:08.671013-08:00,read,key_303,1.78,true,false,557
2025-11-27T21:25:08.681968-08:00,read,key_359,1.68,true,false,1633
2025-11-27T21:25:08.692774-08:00,read,key_549,2.25,true,false,769
2025-11-27T21:25:08.703889-08:00,read,key_181,1.37,true,false,1260
2025-11-27T21:25:08.715033-08:00,read,key_153,1.25,true,false,1575
2025-11-27T21:25:08.726164-08:00,read,key_483,2.10,true,false,1539
2025-11-27T21:25:08.736931-08:00,read,key_263,1.88,true,false,617
2025-11-27T21:25:08.748108-08:00,read,key_315,4.89,true,false,906
2025-11-27T21:25:08.443502-08:00,write,key_613,310.05,true,false,1737
2025-11-27T21:25:08.758647-08:00,read,key_945,1.62,true,false,1656
2025-11-27T21:25:08.769266-08:00,read,key_255,3.23,true,false,1482
2025-11-27T21:25:08.779919-08:00,read,key_490,2.22,true,false,1255
2025-11-27T21:25:08.791106-08:00,read,key_179,1.50,true,false,834
2025-11-27T21:25:08.802201-08:00,read,key_697,1.32,true,false,1736
2025-11-27T21:25:08.497797-08:00,write,key_185,308.61,true,false,1738
2025-11-27T21:25:08.81305-08:00,read,key_837,1.75,true,false,792
2025-11-27T21:25:08.824158-08:00,read,key_9,1.74,true,false,1486
2025-11-27T21:25:08.834799-08:00,read,key_232,1.93,true,false,1538
2025-11-27T21:25:08.845947-08:00,read,key_734,1.70,false,false,0
2025-11-27T21:25:08.856123-08:00,read,key_259,1.77,true,false,1364
2025-11-27T21:25:08.867072-08:00,read,key_326,2.91,true,false,766
2025-11-27T21:25:08.878098-08:00,read,key_946,1.85,true,false,924
2025-11-27T21:25:08.889221-08:00,read,key_354,1.74,true,false,1709
2025-11-27T21:25:08.900353-08:00,read,key_463,2.52,true,false,1483
2025-11-27T21:25:08.911548-08:00,read,key_121,1.78,true,false,821
2025-11-27T21:25:08.922824-08:00,read,key_58,2.40,true,false,1466
2025-11-27T21:25:08.933886-08:00,read,key_778,2.51,true,false,317
2025-11-27T21:25:08.945023-08:00,read,key_467,1.69,true,false,1722
2025-11-27T21:25:08.96694-08:00,read,key_115,2.20,true,false,1392
2025-11-27T21:25:08.978048-08:00,read,key_572,1.91,true,false,1313
2025-11-27T21:25:08.988464-08:00,read,key_647,1.77,false,false,0
2025-11-27T21:25:08.999635-08:00,read,key_601,3.08,true,false,1708
2025-11-27T21:25:09.010651-08:00,read,key_159,1.64,true,false,1729
2025-11-27T21:25:09.021794-08:00,read,key_898,1.90,true,false,1090
2025-11-27T21:25:09.044138-08:00,read,key_533,2.40,true,false,571
2025-11-27T21:25:09.055071-08:00,read,key_24,1.74,true,false,1428
2025-11-27T21:25:09.066184-08:00,read,key_587,1.61,true,false,785
2025-11-27T21:25:09.087926-08:00,read,key_471,2.71,true,false,1235
2025-11-27T21:25:09.098964-08:00,read,key_895,1.80,true,false,1287
2025-11-27T21:25:09.120706-08:00,read,key_304,1.85,true,false,1549
2025-11-27T21:25:09.142888-08:00,read,key_652,2.17,true,false,1495
2025-11-27T21:25:09.153094-08:00,read,key_297,1.53,true,false,924
2025-11-27T21:25:09.163782-08:00,read,key_112,3.91,true,false,1366
2025-11-27T21:25:09.174551-08:00,read,key_539,1.43,true,false,187
2025-11-27T21:25:09.185674-08:00,read,key_494,1.79,true,false,1081
2025-11-27T21:25:09.196155-08:00,read,key_175,1.62,true,false,396
2025-11-27T21:25:09.207289-08:00,read,key_647,3.88,false,false,0
2025-11-27T21:25:09.217477-08:00,read,key_869,2.23,true,false,1592
2025-11-27T21:25:09.228421-08:00,read,key_704,1.84,true,false,1473
2025-11-27T21:25:09.239538-08:00,read,key_360,1.67,true,false,1394
2025-11-27T21:25:09.250666-08:00,read,key_346,1.99,true,false,626
2025-11-27T21:25:08.956169-08:00,write,key_752,307.37,true,false,1739
2025-11-27T21:25:09.261756-08:00,read,key_186,2.26,true,false,1630
2025-11-27T21:25:09.272369-08:00,read,key_552,1.73,true,false,1126
2025-11-27T21:25:09.28352-08:00,read,key_145,1.92,true,false,1630
2025-11-27T21:25:09.293984-08:00,read,key_856,1.66,true,false,1630
2025-11-27T21:25:09.315691-08:00,read,key_432,1.64,true,false,1288
2025-11-27T21:25:09.326838-08:00,read,key_305,2.28,true,false,1221
2025-11-27T21:25:09.032809-08:00,write,key_845,306.64,true,false,1739
2025-11-27T21:25:09.338042-08:00,read,key_276,1.99,true,false,476
2025-11-27T21:25:09.348835-08:00,read,key_140,1.59,true,false,1718
2025-11-27T21:25:09.359621-08:00,read,key_253,2.70,true,false,1518
2025-11-27T21:25:09.370544-08:00,read,key_88,1.86,true,false,1553
2025-11-27T21:25:09.076753-08:00,write,key_520,307.16,true,false,1739
2025-11-27T21:25:09.381722-08:00,read,key_715,2.20,true,false,1469
2025-11-27T21:25:09.395231-08:00,read,key_895,3.35,true,false,1287
2025-11-27T21:25:09.406237-08:00,read,key_380,1.72,true,false,1700
2025-11-27T21:25:09.11001-08:00,write,key_135,305.22,true,false,1740
2025-11-27T21:25:09.416517-08:00,read,key_27,2.23,true,false,1212
2025-11-27T21:25:09.427792-08:00,read,key_292,2.18,true,false,993
2025-11-27T21:25:09.131766-08:00,write,key_754,308.36,true,false,1740
2025-11-27T21:25:09.438457-08:00,read,key_958,2.26,true,false,1707
2025-11-27T21:25:09.449591-08:00,read,key_791,2.64,true,false,1720
2025-11-27T21:25:09.460961-08:00,read,key_419,2.49,true,false,1556
2025-11-27T21:25:09.47129-08:00,read,key_846,2.41,true,false,1129
2025-11-27T21:25:09.481883-08:00,read,key_581,2.39,true,false,1632
2025-11-27T21:25:09.504631-08:00,read,key_841,1.87,true,false,1108
2025-11-27T21:25:09.515908-08:00,read,key_709,1.97,true,false,1406
2025-11-27T21:25:09.526651-08:00,read,key_731,2.24,true,false,1598
2025-11-27T21:25:09.537082-08:00,read,key_37,1.79,true,false,1479
2025-11-27T21:25:09.548366-08:00,read,key_76,2.64,true,false,1720
2025-11-27T21:25:09.570668-08:00,read,key_330,1.91,true,false,1704
2025-11-27T21:25:09.581845-08:00,read,key_887,4.73,true,false,1703
2025-11-27T21:25:09.592612-08:00,read,key_591,2.15,true,false,1726
2025-11-27T21:25:09.603751-08:00,read,key_602,1.84,true,false,1101
2025-11-27T21:25:09.304514-08:00,write,key_640,308.47,true,false,1740
2025-11-27T21:25:09.614039-08:00,read,key_987,1.67,true,false,990
2025-11-27T21:25:09.625199-08:00,read,key_607,2.91,true,false,1033
2025-11-27T21:25:09.635779-08:00,read,key_856,2.20,true,false,1630
2025-11-27T21:25:09.646972-08:00,read,key_3,2.16,true,false,1329
2025-11-27T21:25:09.658041-08:00,read,key_844,2.93,false,false,0
2025-11-27T21:25:09.67961-08:00,read,key_435,1.75,true,false,1154
2025-11-27T21:25:09.69073-08:00,read,key_881,1.97,true,false,1459
2025-11-27T21:25:09.701333-08:00,read,key_752,3.23,true,false,1739
2025-11-27T21:25:09.712368-08:00,read,key_377,1.66,true,false,1183
2025-11-27T21:25:09.723503-08:00,read,key_379,1.94,true,false,531
2025-11-27T21:25:09.734629-08:00,read,key_490,3.31,true,false,1255
2025-11-27T21:25:09.745081-08:00,read,key_941,2.48,true,false,1138
2025-11-27T21:25:09.756156-08:00,read,key_345,1.84,true,false,859
2025-11-27T21:25:09.766916-08:00,read,key_584,1.75,true,false,1702
2025-11-27T21:25:09.778045-08:00,read,key_144,1.75,true,false,1103
2025-11-27T21:25:09.799186-08:00,read,key_369,1.67,true,false,1671
2025-11-27T21:25:09.493486-08:00,write,key_437,310.48,true,false,1741
2025-11-27T21:25:09.809994-08:00,read,key_293,1.60,true,false,263
2025-11-27T21:25:09.821174-08:00,read,key_109,1.86,true,false,132
2025-11-27T21:25:09.832005-08:00,read,key_974,1.76,true,false,1521
2025-11-27T21:25:09.843211-08:00,read,key_914,2.60,true,false,886
2025-11-27T21:25:09.854316-08:00,read,key_775,2.21,true,false,606
2025-11-27T21:25:09.865463-08:00,read,key_710,1.49,true,false,1576
2025-11-27T21:25:09.559513-08:00,write,key_864,307.63,true,false,1741
2025-11-27T21:25:09.877487-08:00,read,key_416,2.54,true,false,891
2025-11-27T21:25:09.887453-08:00,read,key_572,1.89,true,false,1313
2025-11-27T21:25:09.898585-08:00,read,key_836,1.90,true,false,904
2025-11-27T21:25:09.909871-08:00,read,key_172,1.91,true,false,1581
2025-11-27T21:25:09.920377-08:00,read,key_840,2.01,true,false,1727
2025-11-27T21:25:09.931556-08:00,read,key_883,2.07,true,false,1715
2025-11-27T21:25:09.942914-08:00,read,key_140,4.40,true,false,1718
2025-11-27T21:25:09.953387-08:00,read,key_427,5.35,true,false,1071
2025-11-27T21:25:09.96364-08:00,read,key_476,2.38,true,false,1728
2025-11-27T21:25:09.973981-08:00,read,key_308,4.14,true,false,1658
2025-11-27T21:25:09.668464-08:00,write,key_545,310.13,true,false,1741
2025-11-27T21:25:09.984641-08:00,read,key_685,2.46,true,false,1629
2025-11-27T21:25:09.99579-08:00,read,key_262,2.41,true,false,604
2025-11-27T21:25:10.006291-08:00,read,key_851,2.11,true,false,1630
2025-11-27T21:25:10.027927-08:00,read,key_546,2.35,true,false,1373
2025-11-27T21:25:10.038973-08:00,read,key_464,1.86,true,false,1497
2025-11-27T21:25:10.050062-08:00,read,key_385,1.61,false,false,0
2025-11-27T21:25:10.061222-08:00,read,key_946,1.67,true,false,924
2025-11-27T21:25:10.083617-08:00,read,key_469,3.09,true,false,1573
2025-11-27T21:25:09.78841-08:00,write,key_686,307.98,true,false,1742
2025-11-27T21:25:10.094783-08:00,read,key_464,2.35,true,false,1497
2025-11-27T21:25:10.105782-08:00,read,key_605,1.58,false,false,0
2025-11-27T21:25:10.116887-08:00,read,key_976,1.38,true,false,1671
2025-11-27T21:25:10.128042-08:00,read,key_29,1.69,true,false,1236
2025-11-27T21:25:10.139104-08:00,read,key_253,1.71,true,false,1518
2025-11-27T21:25:10.161288-08:00,read,key_644,1.68,false,false,0
2025-11-27T21:25:10.17238-08:00,read,key_855,1.97,true,false,1487
2025-11-27T21:25:10.184386-08:00,read,key_957,13.41,true,false,1668
2025-11-27T21:25:10.195242-08:00,read,key_75,3.03,true,false,1523
2025-11-27T21:25:10.228819-08:00,read,key_819,1.25,false,false,0
2025-11-27T21:25:10.239944-08:00,read,key_147,1.93,true,false,1431
2025-11-27T21:25:10.251309-08:00,read,key_597,3.11,true,false,231
2025-11-27T21:25:10.262423-08:00,read,key_237,2.39,true,false,1629
2025-11-27T21:25:10.273636-08:00,read,key_854,2.90,true,false,1463
2025-11-27T21:25:10.285011-08:00,read,key_860,3.07,true,false,827
2025-11-27T21:25:10.296067-08:00,read,key_959,1.86,true,false,1580
2025-11-27T21:25:10.307216-08:00,read,key_75,1.98,true,false,1523
2025-11-27T21:25:10.318111-08:00,read,key_686,2.10,true,false,1742
2025-11-27T21:25:10.017569-08:00,write,key_854,305.98,true,false,1743
2025-11-27T21:25:10.328881-08:00,read,key_9,2.20,true,false,1486
2025-11-27T21:25:10.339997-08:00,read,key_682,1.72,true,false,542
2025-11-27T21:25:10.350352-08:00,read,key_483,1.94,true,false,1539
2025-11-27T21:25:10.360687-08:00,read,key_295,1.75,true,false,1016
2025-11-27T21:25:10.072423-08:00,write,key_706,309.83,true,false,1742
2025-11-27T21:25:10.381713-08:00,read,key_711,6.07,true,false,1231
2025-11-27T21:25:10.392485-08:00,read,key_229,2.01,true,false,1649
2025-11-27T21:25:10.403379-08:00,read,key_353,2.16,true,false,1640
2025-11-27T21:25:10.425328-08:00,read,key_513,3.09,true,false,1640
2025-11-27T21:25:10.436238-08:00,read,key_871,5.37,true,false,1327
2025-11-27T21:25:10.446511-08:00,read,key_318,1.63,true,false,1615
2025-11-27T21:25:10.150148-08:00,write,key_2,310.15,true,false,1743
2025-11-27T21:25:10.46793-08:00,read,key_301,2.22,true,false,1208
2025-11-27T21:25:10.478185-08:00,read,key_331,2.57,true,false,1626
2025-11-27T21:25:10.489288-08:00,read,key_802,1.79,true,false,1719
2025-11-27T21:25:10.206276-08:00,write,key_338,306.48,true,false,1743
2025-11-27T21:25:10.51152-08:00,read,key_711,1.94,true,false,1231
2025-11-27T21:25:10.217593-08:00,write,key_679,306.40,true,false,1743
2025-11-27T21:25:10.522643-08:00,read,key_55,1.85,true,false,1705
2025-11-27T21:25:10.533719-08:00,read,key_253,2.70,true,false,1518
2025-11-27T21:25:10.544095-08:00,read,key_857,1.95,true,false,1443
2025-11-27T21:25:10.555275-08:00,read,key_854,2.15,true,false,1743
2025-11-27T21:25:10.56653-08:00,read,key_137,2.69,true,false,1558
2025-11-27T21:25:10.577619-08:00,read,key_424,2.29,true,false,467
2025-11-27T21:25:10.588774-08:00,read,key_733,2.10,true,false,264
2025-11-27T21:25:10.600017-08:00,read,key_239,2.54,true,false,1714
2025-11-27T21:25:10.610362-08:00,read,key_108,2.31,true,false,866
2025-11-27T21:25:10.621547-08:00,read,key_619,1.62,true,false,1415
2025-11-27T21:25:10.631918-08:00,read,key_461,2.10,true,false,1676
2025-11-27T21:25:10.643393-08:00,read,key_324,3.02,true,false,1378
2025-11-27T21:25:10.654414-08:00,read,key_535,2.20,true,false,1489
2025-11-27T21:25:10.665588-08:00,read,key_182,2.13,true,false,1107
2025-11-27T21:25:10.676234-08:00,read,key_109,3.06,true,false,132
2025-11-27T21:25:10.371267-08:00,write,key_522,310.04,true,false,1744
2025-11-27T21:25:10.687165-08:00,read,key_290,2.20,true,false,470
2025-11-27T21:25:10.698298-08:00,read,key_547,2.06,true,false,758
2025-11-27T21:25:10.720061-08:00,read,key_67,2.39,true,false,1156
2025-11-27T21:25:10.414589-08:00,write,key_159,307.89,true,false,1744
2025-11-27T21:25:10.731213-08:00,read,key_507,2.06,true,false,1727
2025-11-27T21:25:10.742335-08:00,read,key_551,2.17,true,false,1512
2025-11-27T21:25:10.752999-08:00,read,key_591,1.73,true,false,1726
2025-11-27T21:25:10.456927-08:00,write,key_915,306.56,true,false,1744
2025-11-27T21:25:10.763167-08:00,read,key_698,1.43,true,false,1613
2025-11-27T21:25:10.774339-08:00,read,key_432,2.92,true,false,1288
2025-11-27T21:25:10.784561-08:00,read,key_28,1.46,true,false,1480
2025-11-27T21:25:10.794952-08:00,read,key_844,2.13,false,false,0
2025-11-27T21:25:10.500411-08:00,write,key_908,306.14,true,false,1745
2025-11-27T21:25:10.815814-08:00,read,key_580,1.69,true,false,1666
2025-11-27T21:25:10.826966-08:00,read,key_334,2.28,true,false,1655
2025-11-27T21:25:10.837747-08:00,read,key_696,2.55,true,false,1540
2025-11-27T21:25:10.848844-08:00,read,key_832,1.88,true,false,761
2025-11-27T21:25:10.860465-08:00,read,key_435,1.98,true,false,1154
2025-11-27T21:25:10.871569-08:00,read,key_174,1.81,false,false,0
2025-11-27T21:25:10.88236-08:00,read,key_597,1.96,true,false,231
2025-11-27T21:25:10.893402-08:00,read,key_641,2.59,true,false,1337
2025-11-27T21:25:10.904581-08:00,read,key_389,2.47,true,false,1661
2025-11-27T21:25:10.937481-08:00,read,key_892,1.81,true,false,1279
2025-11-27T21:25:10.948521-08:00,read,key_795,1.86,true,false,1733
2025-11-27T21:25:10.958872-08:00,read,key_365,1.87,true,false,865
2025-11-27T21:25:10.969897-08:00,read,key_492,1.45,true,false,1001
2025-11-27T21:25:10.981074-08:00,read,key_85,2.24,true,false,1608
2025-11-27T21:25:10.992151-08:00,read,key_175,1.91,true,false,396
2025-11-27T21:25:11.003322-08:00,read,key_732,4.20,true,false,1701
2025-11-27T21:25:11.014181-08:00,read,key_383,2.16,true,false,1000
2025-11-27T21:25:10.708973-08:00,write,key_772,310.90,true,false,1745
2025-11-27T21:25:11.024897-08:00,read,key_420,2.13,true,false,397
2025-11-27T21:25:11.046743-08:00,read,key_109,2.50,true,false,132
2025-11-27T21:25:11.057827-08:00,read,key_687,4.32,true,false,411
2025-11-27T21:25:11.068675-08:00,read,key_365,2.03,true,false,865
2025-11-27T21:25:11.079386-08:00,read,key_522,1.56,true,false,1744
2025-11-27T21:25:11.102097-08:00,read,key_677,1.96,true,false,1390
2025-11-27T21:25:10.805595-08:00,write,key_594,306.25,true,false,1746
2025-11-27T21:25:11.112244-08:00,read,key_957,1.07,true,false,1668
2025-11-27T21:25:11.123452-08:00,read,key_53,1.85,true,false,1535
2025-11-27T21:25:11.13428-08:00,read,key_403,2.50,true,false,1000
2025-11-27T21:25:11.14545-08:00,read,key_67,1.97,true,false,1156
2025-11-27T21:25:11.156577-08:00,read,key_744,2.35,true,false,1460
2025-11-27T21:25:11.178989-08:00,read,key_349,2.15,true,false,1657
2025-11-27T21:25:11.190182-08:00,read,key_68,2.21,true,false,759
2025-11-27T21:25:11.201192-08:00,read,key_707,1.63,true,false,1474
2025-11-27T21:25:11.21194-08:00,read,key_687,1.92,true,false,411
2025-11-27T21:25:10.915678-08:00,write,key_814,308.12,true,false,1747
2025-11-27T21:25:11.222744-08:00,read,key_872,1.40,true,false,1481
2025-11-27T21:25:10.926125-08:00,write,key_9,305.34,true,false,1748
2025-11-27T21:25:11.233002-08:00,read,key_57,1.96,true,false,1686
2025-11-27T21:25:11.24418-08:00,read,key_154,2.03,true,false,1702
2025-11-27T21:25:11.255166-08:00,read,key_840,2.13,true,false,1727
2025-11-27T21:25:11.276213-08:00,read,key_946,2.21,true,false,924
2025-11-27T21:25:11.28736-08:00,read,key_51,1.85,true,false,1250
2025-11-27T21:25:11.297575-08:00,read,key_376,1.52,true,false,1179
2025-11-27T21:25:11.308415-08:00,read,key_729,2.43,true,false,607
2025-11-27T21:25:11.319481-08:00,read,key_25,1.85,true,false,1208
2025-11-27T21:25:11.330641-08:00,read,key_25,2.16,true,false,1208
2025-11-27T21:25:11.035894-08:00,write,key_909,305.67,true,false,1749
2025-11-27T21:25:11.363328-08:00,read,key_856,2.05,true,false,1630
2025-11-27T21:25:11.374526-08:00,read,key_266,4.35,true,false,495
2025-11-27T21:25:11.384838-08:00,read,key_364,1.41,false,false,0
2025-11-27T21:25:11.395986-08:00,read,key_543,2.01,true,false,1455
2025-11-27T21:25:11.090481-08:00,write,key_751,311.09,true,false,1746
2025-11-27T21:25:11.406666-08:00,read,key_306,1.71,true,false,607
2025-11-27T21:25:11.416988-08:00,read,key_625,2.19,true,false,1186
2025-11-27T21:25:11.427327-08:00,read,key_84,2.99,true,false,1730
2025-11-27T21:25:11.438401-08:00,read,key_368,1.84,true,false,1610
2025-11-27T21:25:11.448703-08:00,read,key_604,1.62,true,false,961
2025-11-27T21:25:11.470656-08:00,read,key_752,3.52,true,false,1739
2025-11-27T21:25:11.16781-08:00,write,key_979,307.64,true,false,1747
2025-11-27T21:25:11.480876-08:00,read,key_499,1.44,true,false,1731
2025-11-27T21:25:11.492014-08:00,read,key_783,2.20,true,false,1671
2025-11-27T21:25:11.514273-08:00,read,key_921,1.82,true,false,818
2025-11-27T21:25:11.525317-08:00,read,key_529,5.16,true,false,1248
2025-11-27T21:25:11.53598-08:00,read,key_577,1.99,true,false,1415
2025-11-27T21:25:11.547167-08:00,read,key_658,1.61,true,false,1438
2025-11-27T21:25:11.558329-08:00,read,key_176,2.39,true,false,1638
2025-11-27T21:25:11.569278-08:00,read,key_102,2.80,true,false,770
2025-11-27T21:25:11.265687-08:00,write,key_176,306.39,true,false,1750
2025-11-27T21:25:11.580351-08:00,read,key_473,1.81,true,false,1563
2025-11-27T21:25:11.591089-08:00,read,key_630,2.09,true,false,1366
2025-11-27T21:25:11.61343-08:00,read,key_522,2.13,true,false,1744
2025-11-27T21:25:11.635722-08:00,read,key_116,1.85,true,false,347
2025-11-27T21:25:11.646103-08:00,read,key_460,2.11,true,false,1549
2025-11-27T21:25:11.341537-08:00,write,key_905,311.96,true,false,1750
2025-11-27T21:25:11.352388-08:00,write,key_482,303.71,true,false,1750
2025-11-27T21:25:11.656146-08:00,read,key_911,1.38,true,false,761
2025-11-27T21:25:11.667306-08:00,read,key_331,1.85,true,false,1626
2025-11-27T21:25:11.678334-08:00,read,key_630,2.35,true,false,1366
2025-11-27T21:25:11.688627-08:00,read,key_976,1.89,true,false,1671
2025-11-27T21:25:11.699777-08:00,read,key_471,2.99,true,false,1235
2025-11-27T21:25:11.710814-08:00,read,key_37,1.73,true,false,1479
2025-11-27T21:25:11.721179-08:00,read,key_380,1.89,true,false,1700
2025-11-27T21:25:11.732337-08:00,read,key_710,1.68,true,false,1576
2025-11-27T21:25:11.742881-08:00,read,key_912,3.10,true,false,677
2025-11-27T21:25:11.753291-08:00,read,key_498,1.78,true,false,1605
2025-11-27T21:25:11.764451-08:00,read,key_323,1.51,true,false,840
2025-11-27T21:25:11.459823-08:00,write,key_778,306.71,true,false,1750
2025-11-27T21:25:11.774991-08:00,read,key_814,2.76,true,false,1747
2025-11-27T21:25:11.786145-08:00,read,key_784,2.22,true,false,997
2025-11-27T21:25:11.797423-08:00,read,key_860,2.37,true,false,827
2025-11-27T21:25:11.503136-08:00,write,key_700,306.58,true,false,1751
2025-11-27T21:25:11.807766-08:00,read,key_842,2.90,true,false,1675
2025-11-27T21:25:11.818865-08:00,read,key_504,1.91,true,false,1557
2025-11-27T21:25:11.829655-08:00,read,key_367,1.63,true,false,1381
2025-11-27T21:25:11.840595-08:00,read,key_770,1.51,true,false,382
2025-11-27T21:25:11.851164-08:00,read,key_431,2.97,true,false,822
2025-11-27T21:25:11.862212-08:00,read,key_230,1.87,true,false,1664
2025-11-27T21:25:11.873362-08:00,read,key_172,1.98,true,false,1581
2025-11-27T21:25:11.884668-08:00,read,key_294,3.28,true,false,921
2025-11-27T21:25:11.90627-08:00,read,key_941,2.16,true,false,1138
2025-11-27T21:25:11.602291-08:00,write,key_704,306.14,true,false,1751
2025-11-27T21:25:11.917582-08:00,read,key_39,2.08,true,false,1574
2025-11-27T21:25:11.928676-08:00,read,key_378,2.18,true,false,1470
2025-11-27T21:25:11.624556-08:00,write,key_742,306.87,true,false,1752
2025-11-27T21:25:11.95025-08:00,read,key_166,2.16,true,false,1536
2025-11-27T21:25:11.961436-08:00,read,key_502,2.12,true,false,1569
2025-11-27T21:25:11.97253-08:00,read,key_273,2.05,true,false,566
2025-11-27T21:25:11.984421-08:00,read,key_564,2.31,true,false,1682
2025-11-27T21:25:11.995558-08:00,read,key_858,2.09,true,false,1444
2025-11-27T21:25:12.017014-08:00,read,key_368,2.24,true,false,1610
2025-11-27T21:25:12.028127-08:00,read,key_278,1.80,true,false,547
2025-11-27T21:25:12.039297-08:00,read,key_778,2.02,true,false,1750
2025-11-27T21:25:12.050318-08:00,read,key_715,2.41,true,false,1469
2025-11-27T21:25:12.060671-08:00,read,key_364,1.64,false,false,0
2025-11-27T21:25:12.071837-08:00,read,key_505,1.84,true,false,1410
2025-11-27T21:25:12.104453-08:00,read,key_599,2.26,true,false,1569
2025-11-27T21:25:12.126365-08:00,read,key_590,1.60,true,false,1678
2025-11-27T21:25:12.137559-08:00,read,key_733,4.84,true,false,264
2025-11-27T21:25:12.148514-08:00,read,key_645,1.75,true,false,1423
2025-11-27T21:25:12.159718-08:00,read,key_749,2.12,true,false,891
2025-11-27T21:25:12.170847-08:00,read,key_651,1.89,true,false,1685
2025-11-27T21:25:12.181707-08:00,read,key_739,2.33,true,false,52
2025-11-27T21:25:12.192953-08:00,read,key_957,2.15,true,false,1668
2025-11-27T21:25:11.895117-08:00,write,key_896,308.20,true,false,1752
2025-11-27T21:25:12.20305-08:00,read,key_743,1.09,true,false,894
2025-11-27T21:25:12.214194-08:00,read,key_807,1.77,true,false,1585
2025-11-27T21:25:12.225656-08:00,read,key_516,2.85,true,false,1698
2025-11-27T21:25:12.236687-08:00,read,key_904,2.08,true,false,1461
2025-11-27T21:25:11.939732-08:00,write,key_336,305.85,true,false,1753
2025-11-27T21:25:12.246941-08:00,read,key_594,1.30,true,false,1746
2025-11-27T21:25:12.257351-08:00,read,key_50,3.20,true,false,1662
2025-11-27T21:25:12.268416-08:00,read,key_61,2.34,true,false,1561
2025-11-27T21:25:12.279237-08:00,read,key_694,3.18,true,false,1595
2025-11-27T21:25:12.289558-08:00,read,key_496,3.29,true,false,1559
2025-11-27T21:25:12.30055-08:00,read,key_965,2.43,true,false,1183
2025-11-27T21:25:12.006459-08:00,write,key_729,306.09,true,false,1754
2025-11-27T21:25:12.311545-08:00,read,key_607,1.42,true,false,1033
2025-11-27T21:25:12.321704-08:00,read,key_722,1.51,true,false,1450
2025-11-27T21:25:12.332223-08:00,read,key_257,2.40,true,false,1539
2025-11-27T21:25:12.342547-08:00,read,key_470,3.15,true,false,1227
2025-11-27T21:25:12.363074-08:00,read,key_874,2.37,true,false,1531
2025-11-27T21:25:12.374273-08:00,read,key_982,2.62,true,false,668
2025-11-27T21:25:12.38534-08:00,read,key_816,1.83,false,false,0
2025-11-27T21:25:12.082956-08:00,write,key_793,306.73,true,false,1754
2025-11-27T21:25:12.396111-08:00,read,key_730,1.86,true,false,16
2025-11-27T21:25:12.093197-08:00,write,key_985,309.84,true,false,1753
2025-11-27T21:25:12.406666-08:00,read,key_509,1.27,true,false,1560
2025-11-27T21:25:12.416943-08:00,read,key_223,2.45,true,false,1669
2025-11-27T21:25:12.115145-08:00,write,key_461,307.16,true,false,1754
2025-11-27T21:25:12.427315-08:00,read,key_870,1.72,true,false,1485
2025-11-27T21:25:12.438478-08:00,read,key_959,2.15,true,false,1580
2025-11-27T21:25:12.449615-08:00,read,key_518,2.49,true,false,736
2025-11-27T21:25:12.460648-08:00,read,key_713,1.58,true,false,1547
2025-11-27T21:25:12.470857-08:00,read,key_189,2.06,false,false,0
2025-11-27T21:25:12.481766-08:00,read,key_847,2.41,true,false,1705
2025-11-27T21:25:12.502586-08:00,read,key_560,1.88,true,false,1512
2025-11-27T21:25:12.513759-08:00,read,key_250,3.40,true,false,1378
2025-11-27T21:25:12.524642-08:00,read,key_792,3.13,true,false,1206
2025-11-27T21:25:12.534913-08:00,read,key_480,2.84,true,false,1196
2025-11-27T21:25:12.545469-08:00,read,key_975,2.35,true,false,1478
2025-11-27T21:25:12.55658-08:00,read,key_980,1.73,true,false,1625
2025-11-27T21:25:12.578827-08:00,read,key_6,2.14,true,false,1649
2025-11-27T21:25:12.590028-08:00,read,key_464,2.12,true,false,1497
2025-11-27T21:25:12.600947-08:00,read,key_645,5.56,true,false,1423
2025-11-27T21:25:12.611844-08:00,read,key_727,1.92,true,false,1348
2025-11-27T21:25:12.622982-08:00,read,key_899,1.75,true,false,1294
2025-11-27T21:25:12.634117-08:00,read,key_68,2.10,true,false,759
2025-11-27T21:25:12.645237-08:00,read,key_4,1.90,true,false,1692
2025-11-27T21:25:12.656053-08:00,read,key_984,1.99,true,false,1498
2025-11-27T21:25:12.352777-08:00,write,key_150,310.37,true,false,1755
2025-11-27T21:25:12.666646-08:00,read,key_330,2.35,true,false,1704
2025-11-27T21:25:12.677631-08:00,read,key_26,1.49,true,false,1338
2025-11-27T21:25:12.733133-08:00,read,key_746,1.87,true,false,1431
2025-11-27T21:25:12.743901-08:00,read,key_977,2.21,true,false,821
2025-11-27T21:25:12.754072-08:00,read,key_2,1.50,true,false,1743
2025-11-27T21:25:12.764287-08:00,read,key_794,1.54,true,false,846
2025-11-27T21:25:12.775192-08:00,read,key_152,4.30,true,false,1721
2025-11-27T21:25:12.492218-08:00,write,key_739,304.62,true,false,1756
2025-11-27T21:25:12.796497-08:00,read,key_409,1.14,true,false,1347
2025-11-27T21:25:12.807697-08:00,read,key_523,1.49,true,false,993
2025-11-27T21:25:12.829955-08:00,read,key_78,1.78,true,false,1683
2025-11-27T21:25:12.840706-08:00,read,key_83,1.77,true,false,1405
2025-11-27T21:25:12.851926-08:00,read,key_567,3.53,true,false,1551
2025-11-27T21:25:12.862851-08:00,read,key_233,1.66,true,false,1564
2025-11-27T21:25:12.567724-08:00,write,key_964,306.65,true,false,1757
2025-11-27T21:25:12.874091-08:00,read,key_699,2.70,true,false,1611
2025-11-27T21:25:12.884506-08:00,read,key_387,2.01,true,false,161
2025-11-27T21:25:12.895086-08:00,read,key_431,1.56,true,false,822
2025-11-27T21:25:12.905733-08:00,read,key_474,1.80,true,false,1570
2025-11-27T21:25:12.916886-08:00,read,key_434,2.79,true,false,1629
2025-11-27T21:25:12.927919-08:00,read,key_697,1.57,true,false,1736
2025-11-27T21:25:12.939058-08:00,read,key_670,1.82,true,false,1662
2025-11-27T21:25:12.950276-08:00,read,key_494,2.24,true,false,1081
2025-11-27T21:25:12.961445-08:00,read,key_682,1.82,true,false,542
2025-11-27T21:25:12.971807-08:00,read,key_799,2.01,true,false,663
2025-11-27T21:25:12.688298-08:00,write,key_610,307.79,true,false,1756
2025-11-27T21:25:12.99415-08:00,read,key_65,2.69,false,false,0
2025-11-27T21:25:13.005021-08:00,read,key_402,1.26,true,false,1213
2025-11-27T21:25:12.699587-08:00,write,key_748,306.69,true,false,1758
2025-11-27T21:25:12.710764-08:00,write,key_750,305.93,true,false,1756
2025-11-27T21:25:13.015542-08:00,read,key_718,1.50,true,false,1501
2025-11-27T21:25:12.721927-08:00,write,key_306,306.86,true,false,1757
2025-11-27T21:25:13.026781-08:00,read,key_790,2.24,true,false,1624
2025-11-27T21:25:13.037634-08:00,read,key_851,1.34,true,false,1630
2025-11-27T21:25:13.048452-08:00,read,key_146,1.42,true,false,1125
2025-11-27T21:25:13.059686-08:00,read,key_309,1.57,true,false,1713
2025-11-27T21:25:13.070561-08:00,read,key_787,1.42,true,false,1704
2025-11-27T21:25:13.080972-08:00,read,key_589,1.74,true,false,1715
2025-11-27T21:25:13.091521-08:00,read,key_722,3.41,true,false,1450
2025-11-27T21:25:12.785781-08:00,write,key_155,310.48,true,false,1758
2025-11-27T21:25:13.102475-08:00,read,key_909,2.21,true,false,1749
2025-11-27T21:25:13.113569-08:00,read,key_561,1.64,true,false,1668
2025-11-27T21:25:12.818854-08:00,write,key_37,305.83,true,false,1757
2025-11-27T21:25:13.124545-08:00,read,key_414,0.82,true,false,661
2025-11-27T21:25:13.13572-08:00,read,key_416,1.74,true,false,891
2025-11-27T21:25:13.14687-08:00,read,key_855,2.45,true,false,1487
2025-11-27T21:25:13.16853-08:00,read,key_88,1.75,true,false,1553
2025-11-27T21:25:13.179729-08:00,read,key_620,2.46,true,false,1407
2025-11-27T21:25:13.190647-08:00,read,key_136,1.95,true,false,1431
2025-11-27T21:25:13.201805-08:00,read,key_479,1.75,true,false,1402
2025-11-27T21:25:13.212814-08:00,read,key_257,1.76,true,false,1539
2025-11-27T21:25:13.234324-08:00,read,key_423,2.36,true,false,1702
2025-11-27T21:25:13.244874-08:00,read,key_540,2.25,true,false,1633
2025-11-27T21:25:13.255969-08:00,read,key_534,1.58,false,false,0
2025-11-27T21:25:13.266171-08:00,read,key_733,2.44,true,false,264
2025-11-27T21:25:13.277325-08:00,read,key_319,1.77,true,false,920
2025-11-27T21:25:13.288282-08:00,read,key_556,1.87,true,false,1452
2025-11-27T21:25:12.983068-08:00,write,key_7,307.08,true,false,1759
2025-11-27T21:25:13.298872-08:00,read,key_22,1.38,true,false,1697
2025-11-27T21:25:13.309447-08:00,read,key_368,2.77,true,false,1610
2025-11-27T21:25:13.320486-08:00,read,key_66,1.80,true,false,187
2025-11-27T21:25:13.33163-08:00,read,key_822,1.65,false,false,0
2025-11-27T21:25:13.342766-08:00,read,key_299,2.68,true,false,925
2025-11-27T21:25:13.353676-08:00,read,key_528,3.70,true,false,152
2025-11-27T21:25:13.364483-08:00,read,key_143,1.18,true,false,1123
2025-11-27T21:25:13.375904-08:00,read,key_228,1.93,true,false,554
2025-11-27T21:25:13.386262-08:00,read,key_988,1.98,true,false,696
2025-11-27T21:25:13.39739-08:00,read,key_345,2.29,true,false,859
2025-11-27T21:25:13.408815-08:00,read,key_747,2.27,true,false,789
2025-11-27T21:25:13.419565-08:00,read,key_6,1.82,true,false,1649
2025-11-27T21:25:13.429869-08:00,read,key_104,2.03,true,false,860
2025-11-27T21:25:13.441053-08:00,read,key_680,2.17,true,false,982
2025-11-27T21:25:13.452141-08:00,read,key_853,2.04,true,false,1724
2025-11-27T21:25:13.463453-08:00,read,key_54,2.02,true,false,1561
2025-11-27T21:25:13.157976-08:00,write,key_877,310.76,true,false,1759
2025-11-27T21:25:13.473871-08:00,read,key_93,1.69,true,false,1480
2025-11-27T21:25:13.485306-08:00,read,key_782,3.13,true,false,1594
2025-11-27T21:25:13.496019-08:00,read,key_697,1.98,true,false,1736
2025-11-27T21:25:13.506382-08:00,read,key_793,1.88,true,false,1754
2025-11-27T21:25:13.516927-08:00,read,key_734,2.39,false,false,0
2025-11-27T21:25:13.223195-08:00,write,key_850,310.35,true,false,1760
2025-11-27T21:25:13.548913-08:00,read,key_863,1.97,true,false,1680
2025-11-27T21:25:13.560197-08:00,read,key_471,1.74,true,false,1235
2025-11-27T21:25:13.571338-08:00,read,key_325,1.48,true,false,1677
2025-11-27T21:25:13.582457-08:00,read,key_275,2.10,true,false,1356
2025-11-27T21:25:13.593553-08:00,read,key_543,2.41,true,false,1455
2025-11-27T21:25:13.604435-08:00,read,key_252,1.80,true,false,1694
2025-11-27T21:25:13.615515-08:00,read,key_781,1.42,true,false,1694
2025-11-27T21:25:13.626218-08:00,read,key_179,2.26,true,false,834
2025-11-27T21:25:13.636565-08:00,read,key_211,2.33,true,false,1317
2025-11-27T21:25:13.647673-08:00,read,key_604,1.58,true,false,961
2025-11-27T21:25:13.658136-08:00,read,key_572,2.09,true,false,1313
2025-11-27T21:25:13.66926-08:00,read,key_654,1.88,true,false,1718
2025-11-27T21:25:13.679702-08:00,read,key_147,2.29,true,false,1431
2025-11-27T21:25:13.6908-08:00,read,key_170,2.46,true,false,1687
2025-11-27T21:25:13.702259-08:00,read,key_729,1.66,true,false,1754
2025-11-27T21:25:13.71308-08:00,read,key_468,1.85,true,false,1534
2025-11-27T21:25:13.724219-08:00,read,key_983,3.25,true,false,1339
2025-11-27T21:25:13.735645-08:00,read,key_740,1.78,true,false,1669
2025-11-27T21:25:13.746569-08:00,read,key_874,1.76,true,false,1531
2025-11-27T21:25:13.757877-08:00,read,key_913,3.19,true,false,1725
2025-11-27T21:25:13.768876-08:00,read,key_269,1.70,false,false,0
2025-11-27T21:25:13.779354-08:00,read,key_726,1.95,true,false,1386
2025-11-27T21:25:13.790538-08:00,read,key_302,3.00,true,false,1175
2025-11-27T21:25:13.801567-08:00,read,key_564,1.57,true,false,1682
2025-11-27T21:25:13.812725-08:00,read,key_210,1.74,true,false,990
2025-11-27T21:25:13.8239-08:00,read,key_414,1.72,true,false,661
2025-11-27T21:25:13.527249-08:00,write,key_532,306.87,true,false,1761
2025-11-27T21:25:13.83428-08:00,read,key_5,2.40,true,false,163
2025-11-27T21:25:13.537743-08:00,write,key_958,305.11,true,false,1762
2025-11-27T21:25:13.844674-08:00,read,key_806,1.20,true,false,1572
2025-11-27T21:25:13.855617-08:00,read,key_282,1.69,true,false,1515
2025-11-27T21:25:13.866753-08:00,read,key_221,2.11,true,false,586
2025-11-27T21:25:13.877876-08:00,read,key_682,1.81,true,false,542
2025-11-27T21:25:13.90031-08:00,read,key_272,2.01,true,false,173
2025-11-27T21:25:13.910701-08:00,read,key_632,1.41,false,false,0
2025-11-27T21:25:13.921771-08:00,read,key_382,1.83,true,false,88
2025-11-27T21:25:13.932726-08:00,read,key_222,1.59,true,false,776
2025-11-27T21:25:13.943775-08:00,read,key_866,1.77,true,false,810
2025-11-27T21:25:13.9549-08:00,read,key_754,1.87,true,false,1740
2025-11-27T21:25:13.966048-08:00,read,key_702,2.40,true,false,1681
2025-11-27T21:25:13.977113-08:00,read,key_748,1.61,true,false,1758
2025-11-27T21:25:13.999416-08:00,read,key_852,2.26,true,false,1220
2025-11-27T21:25:14.010256-08:00,read,key_27,2.10,true,false,1212
2025-11-27T21:25:14.021124-08:00,read,key_863,1.70,true,false,1680
2025-11-27T21:25:14.031502-08:00,read,key_226,1.42,true,false,1716
2025-11-27T21:25:14.041925-08:00,read,key_788,2.67,true,false,1723
2025-11-27T21:25:14.053006-08:00,read,key_363,1.90,true,false,607
2025-11-27T21:25:14.06417-08:00,read,key_178,1.78,true,false,1656
2025-11-27T21:25:14.086707-08:00,read,key_177,1.72,true,false,1732
2025-11-27T21:25:14.09787-08:00,read,key_257,1.88,true,false,1539
2025-11-27T21:25:14.108567-08:00,read,key_348,2.02,true,false,615
2025-11-27T21:25:14.119021-08:00,read,key_7,1.80,true,false,1759
2025-11-27T21:25:14.130163-08:00,read,key_189,2.10,false,false,0
2025-11-27T21:25:14.152311-08:00,read,key_365,1.91,true,false,865
2025-11-27T21:25:14.163436-08:00,read,key_877,1.86,true,false,1759
2025-11-27T21:25:14.174694-08:00,read,key_695,2.39,true,false,989
2025-11-27T21:25:14.185182-08:00,read,key_806,1.93,true,false,1572
2025-11-27T21:25:13.889095-08:00,write,key_5,306.48,true,false,1763
2025-11-27T21:25:14.195608-08:00,read,key_788,1.13,true,false,1723
2025-11-27T21:25:14.206738-08:00,read,key_460,1.96,true,false,1549
2025-11-27T21:25:14.218014-08:00,read,key_59,3.83,true,false,1479
2025-11-27T21:25:14.228965-08:00,read,key_580,3.33,true,false,1666
2025-11-27T21:25:14.250399-08:00,read,key_133,2.92,true,false,1716
2025-11-27T21:25:14.271692-08:00,read,key_828,1.80,true,false,851
2025-11-27T21:25:14.292922-08:00,read,key_699,3.22,true,false,1611
2025-11-27T21:25:13.988261-08:00,write,key_469,307.89,true,false,1763
2025-11-27T21:25:14.303923-08:00,read,key_746,1.70,true,false,1431
2025-11-27T21:25:14.326411-08:00,read,key_65,3.09,false,false,0
2025-11-27T21:25:14.336649-08:00,read,key_112,4.41,true,false,1366
2025-11-27T21:25:14.347534-08:00,read,key_494,1.48,true,false,1081
2025-11-27T21:25:14.358694-08:00,read,key_851,2.04,true,false,1630
2025-11-27T21:25:14.369859-08:00,read,key_380,2.21,true,false,1700
2025-11-27T21:25:14.380961-08:00,read,key_73,2.21,true,false,1563
2025-11-27T21:25:14.075471-08:00,write,key_901,310.21,true,false,1764
2025-11-27T21:25:14.402213-08:00,read,key_923,4.26,true,false,1493
2025-11-27T21:25:14.413074-08:00,read,key_918,1.60,true,false,717
2025-11-27T21:25:14.423422-08:00,read,key_869,1.45,true,false,1592
2025-11-27T21:25:14.434187-08:00,read,key_105,1.62,true,false,864
2025-11-27T21:25:14.141164-08:00,write,key_525,305.88,true,false,1764
2025-11-27T21:25:14.445294-08:00,read,key_658,2.00,true,false,1438
2025-11-27T21:25:14.456481-08:00,read,key_361,2.42,true,false,1503
2025-11-27T21:25:14.466897-08:00,read,key_340,2.50,true,false,820
2025-11-27T21:25:14.477815-08:00,read,key_297,1.37,true,false,924
2025-11-27T21:25:14.488931-08:00,read,key_537,1.48,false,false,0
2025-11-27T21:25:14.499883-08:00,read,key_499,1.82,true,false,1731
2025-11-27T21:25:14.510045-08:00,read,key_804,1.29,true,false,1476
2025-11-27T21:25:14.532339-08:00,read,key_543,2.13,true,false,1455
2025-11-27T21:25:14.543481-08:00,read,key_805,2.71,true,false,1511
2025-11-27T21:25:14.239924-08:00,write,key_588,308.87,true,false,1764
2025-11-27T21:25:14.554196-08:00,read,key_844,1.32,false,false,0
2025-11-27T21:25:14.564861-08:00,read,key_198,1.79,true,false,1277
2025-11-27T21:25:14.261131-08:00,write,key_3,309.15,true,false,1764
2025-11-27T21:25:14.575388-08:00,read,key_853,1.98,true,false,1724
2025-11-27T21:25:14.586488-08:00,read,key_85,1.88,true,false,1608
2025-11-27T21:25:14.282204-08:00,write,key_80,309.09,true,false,1765
2025-11-27T21:25:14.597285-08:00,read,key_675,1.77,true,false,1276
2025-11-27T21:25:14.315147-08:00,write,key_833,305.37,true,false,1765
2025-11-27T21:25:14.619409-08:00,read,key_821,1.55,true,false,855
2025-11-27T21:25:14.629924-08:00,read,key_463,1.66,true,false,1483
2025-11-27T21:25:14.641109-08:00,read,key_159,1.62,true,false,1744
2025-11-27T21:25:14.652188-08:00,read,key_822,1.13,false,false,0
2025-11-27T21:25:14.663136-08:00,read,key_556,2.17,true,false,1452
2025-11-27T21:25:14.674294-08:00,read,key_854,2.68,true,false,1743
2025-11-27T21:25:14.685663-08:00,read,key_259,1.78,true,false,1364
2025-11-27T21:25:14.391784-08:00,write,key_316,307.28,true,false,1765
2025-11-27T21:25:14.69666-08:00,read,key_852,3.14,true,false,1220
2025-11-27T21:25:14.707953-08:00,read,key_959,1.71,true,false,1580
2025-11-27T21:25:14.730499-08:00,read,key_659,1.95,true,false,1510
2025-11-27T21:25:14.741518-08:00,read,key_709,1.65,true,false,1406
2025-11-27T21:25:14.752095-08:00,read,key_369,1.52,true,false,1671
2025-11-27T21:25:14.76243-08:00,read,key_727,1.73,true,false,1348
2025-11-27T21:25:14.773692-08:00,read,key_862,3.27,true,false,1652
2025-11-27T21:25:14.785063-08:00,read,key_552,1.65,true,false,1126
2025-11-27T21:25:14.796252-08:00,read,key_204,2.09,true,false,1576
2025-11-27T21:25:14.807415-08:00,read,key_131,2.00,true,false,1588
2025-11-27T21:25:14.521197-08:00,write,key_947,308.35,true,false,1766
2025-11-27T21:25:14.83937-08:00,read,key_863,1.59,true,false,1680
2025-11-27T21:25:14.850405-08:00,read,key_859,1.81,true,false,1528
2025-11-27T21:25:14.861632-08:00,read,key_554,1.97,true,false,1219
2025-11-27T21:25:14.872838-08:00,read,key_754,1.59,true,false,1740
2025-11-27T21:25:14.883977-08:00,read,key_217,2.29,true,false,1302
2025-11-27T21:25:14.895187-08:00,read,key_364,1.86,false,false,0
2025-11-27T21:25:14.906381-08:00,read,key_836,2.43,true,false,904
2025-11-27T21:25:14.608232-08:00,write,key_431,307.67,true,false,1766
2025-11-27T21:25:14.917742-08:00,read,key_335,1.82,false,false,0
2025-11-27T21:25:14.927406-08:00,read,key_535,1.93,true,false,1489
2025-11-27T21:25:14.938246-08:00,read,key_343,1.75,true,false,1506
2025-11-27T21:25:14.949401-08:00,read,key_972,2.44,true,false,1652
2025-11-27T21:25:14.960069-08:00,read,key_774,2.11,true,false,1656
2025-11-27T21:25:14.971066-08:00,read,key_444,2.05,true,false,868
2025-11-27T21:25:14.982204-08:00,read,key_163,1.85,true,false,1575
2025-11-27T21:25:14.99331-08:00,read,key_645,2.02,true,false,1423
2025-11-27T21:25:15.004477-08:00,read,key_479,1.73,true,false,1402
2025-11-27T21:25:15.014646-08:00,read,key_679,1.57,true,false,1743
2025-11-27T21:25:14.719294-08:00,write,key_527,304.48,true,false,1766
2025-11-27T21:25:15.036004-08:00,read,key_720,1.70,true,false,905
2025-11-27T21:25:15.047171-08:00,read,key_218,1.82,true,false,1318
2025-11-27T21:25:15.058373-08:00,read,key_161,2.14,true,false,1485
2025-11-27T21:25:15.079915-08:00,read,key_773,4.28,true,false,324
2025-11-27T21:25:15.090758-08:00,read,key_680,1.41,true,false,982
2025-11-27T21:25:15.102314-08:00,read,key_738,2.19,true,false,1676
2025-11-27T21:25:15.12451-08:00,read,key_367,2.62,true,false,1381
2025-11-27T21:25:14.817902-08:00,write,key_77,309.62,true,false,1767
2025-11-27T21:25:14.828206-08:00,write,key_365,304.84,true,false,1767
2025-11-27T21:25:15.134741-08:00,read,key_843,1.59,true,false,1090
2025-11-27T21:25:15.156095-08:00,read,key_81,1.41,true,false,976
2025-11-27T21:25:15.178858-08:00,read,key_787,2.09,true,false,1704
2025-11-27T21:25:15.190045-08:00,read,key_148,1.50,true,false,1729
2025-11-27T21:25:15.211059-08:00,read,key_132,1.73,true,false,1557
2025-11-27T21:25:15.222176-08:00,read,key_710,1.56,true,false,1576
2025-11-27T21:25:15.233252-08:00,read,key_24,2.01,true,false,1428
2025-11-27T21:25:15.24413-08:00,read,key_792,1.65,true,false,1206
2025-11-27T21:25:15.255276-08:00,read,key_560,1.73,true,false,1512
2025-11-27T21:25:15.266381-08:00,read,key_118,1.44,true,false,1529
2025-11-27T21:25:15.288256-08:00,read,key_130,3.70,true,false,1428
2025-11-27T21:25:15.299196-08:00,read,key_69,3.74,true,false,1349
2025-11-27T21:25:15.310591-08:00,read,key_347,2.00,true,false,858
2025-11-27T21:25:15.321628-08:00,read,key_803,1.54,true,false,1667
2025-11-27T21:25:15.024897-08:00,write,key_228,305.74,true,false,1768
2025-11-27T21:25:15.331899-08:00,read,key_645,1.36,true,false,1423
2025-11-27T21:25:15.342841-08:00,read,key_934,2.33,false,false,0
2025-11-27T21:25:15.353093-08:00,read,key_420,1.47,true,false,397
2025-11-27T21:25:15.363246-08:00,read,key_67,2.08,true,false,1156
2025-11-27T21:25:15.06951-08:00,write,key_846,305.07,true,false,1768
2025-11-27T21:25:15.37442-08:00,read,key_462,2.00,true,false,1559
2025-11-27T21:25:15.385597-08:00,read,key_681,2.11,true,false,1606
2025-11-27T21:25:15.396076-08:00,read,key_546,1.93,true,false,1373
2025-11-27T21:25:15.406986-08:00,read,key_740,2.93,true,false,1669
2025-11-27T21:25:15.113462-08:00,write,key_177,310.47,true,false,1767
2025-11-27T21:25:15.428789-08:00,read,key_170,1.83,true,false,1687
2025-11-27T21:25:15.438985-08:00,read,key_862,1.77,true,false,1652
2025-11-27T21:25:15.450126-08:00,read,key_967,1.99,true,false,1521
2025-11-27T21:25:15.145883-08:00,write,key_785,311.14,true,false,1768
2025-11-27T21:25:15.460705-08:00,read,key_383,1.45,true,false,1000
2025-11-27T21:25:15.471951-08:00,read,key_730,2.60,true,false,16
2025-11-27T21:25:15.16769-08:00,write,key_314,306.95,true,false,1769
2025-11-27T21:25:15.483071-08:00,read,key_189,2.39,false,false,0
2025-11-27T21:25:15.494186-08:00,read,key_318,1.84,true,false,1615
2025-11-27T21:25:15.505159-08:00,read,key_561,2.49,true,false,1668
2025-11-27T21:25:15.20025-08:00,write,key_795,309.75,true,false,1769
2025-11-27T21:25:15.515641-08:00,read,key_149,1.59,true,false,1673
2025-11-27T21:25:15.526536-08:00,read,key_151,2.18,true,false,1770
2025-11-27T21:25:15.548888-08:00,read,key_35,1.40,true,false,1712
2025-11-27T21:25:15.560037-08:00,read,key_490,1.71,true,false,1255
2025-11-27T21:25:15.571187-08:00,read,key_157,2.31,true,false,1222
2025-11-27T21:25:15.581642-08:00,read,key_536,1.46,true,false,1321
2025-11-27T21:25:15.277589-08:00,write,key_529,307.08,true,false,1770
2025-11-27T21:25:15.592611-08:00,read,key_631,1.66,true,false,668
2025-11-27T21:25:15.603731-08:00,read,key_845,1.76,true,false,1739
2025-11-27T21:25:15.614862-08:00,read,key_411,2.22,true,false,259
2025-11-27T21:25:15.626536-08:00,read,key_637,1.87,true,false,278
2025-11-27T21:25:15.637695-08:00,read,key_558,1.73,true,false,1712
2025-11-27T21:25:15.648825-08:00,read,key_296,1.36,false,false,0
2025-11-27T21:25:15.659972-08:00,read,key_82,1.70,true,false,1461
2025-11-27T21:25:15.671173-08:00,read,key_349,1.96,true,false,1657
2025-11-27T21:25:15.682311-08:00,read,key_789,1.44,true,false,1665
2025-11-27T21:25:15.693546-08:00,read,key_551,1.81,true,false,1512
2025-11-27T21:25:15.715638-08:00,read,key_487,1.47,true,false,1194
2025-11-27T21:25:15.418133-08:00,write,key_151,307.04,true,false,1770
2025-11-27T21:25:15.725806-08:00,read,key_304,1.75,true,false,1549
2025-11-27T21:25:15.736914-08:00,read,key_165,1.82,true,false,1515
2025-11-27T21:25:15.748075-08:00,read,key_968,2.40,true,false,1567
2025-11-27T21:25:15.759827-08:00,read,key_733,1.65,true,false,264
2025-11-27T21:25:15.771051-08:00,read,key_835,1.94,true,false,1143
2025-11-27T21:25:15.782193-08:00,read,key_616,7.21,true,false,1451
2025-11-27T21:25:15.793295-08:00,read,key_126,1.84,true,false,991
2025-11-27T21:25:15.804321-08:00,read,key_534,2.49,false,false,0
2025-11-27T21:25:15.815471-08:00,read,key_265,3.00,true,false,437
2025-11-27T21:25:15.826551-08:00,read,key_781,1.68,true,false,1694
2025-11-27T21:25:15.8377-08:00,read,key_419,1.87,true,false,1556
2025-11-27T21:25:15.537653-08:00,write,key_288,306.47,true,false,1770
2025-11-27T21:25:15.848351-08:00,read,key_539,1.34,true,false,187
2025-11-27T21:25:15.859556-08:00,read,key_816,1.93,false,false,0
2025-11-27T21:25:15.870726-08:00,read,key_893,1.90,true,false,945
2025-11-27T21:25:15.881987-08:00,read,key_565,1.49,true,false,1552
2025-11-27T21:25:15.893051-08:00,read,key_578,1.58,true,false,1674
2025-11-27T21:25:15.904214-08:00,read,key_424,1.73,true,false,467
2025-11-27T21:25:15.915365-08:00,read,key_179,2.00,true,false,834
2025-11-27T21:25:15.926537-08:00,read,key_644,1.17,false,false,0
2025-11-27T21:25:15.937729-08:00,read,key_694,1.78,true,false,1595
2025-11-27T21:25:15.948878-08:00,read,key_651,1.80,true,false,1685
2025-11-27T21:25:15.97079-08:00,read,key_160,1.81,true,false,1663
2025-11-27T21:25:15.981644-08:00,read,key_550,1.57,true,false,1672
2025-11-27T21:25:16.003287-08:00,read,key_853,2.22,true,false,1724
2025-11-27T21:25:15.704485-08:00,write,key_867,306.42,true,false,1771
2025-11-27T21:25:16.013716-08:00,read,key_917,1.33,true,false,1436
2025-11-27T21:25:16.024894-08:00,read,key_813,2.01,true,false,1503
2025-11-27T21:25:16.035104-08:00,read,key_657,1.79,true,false,1641
2025-11-27T21:25:16.057187-08:00,read,key_842,2.00,true,false,1675
2025-11-27T21:25:16.068333-08:00,read,key_224,1.50,true,false,900
2025-11-27T21:25:16.079532-08:00,read,key_731,1.82,true,false,1598
2025-11-27T21:25:16.090642-08:00,read,key_169,1.32,true,false,1714
2025-11-27T21:25:16.101345-08:00,read,key_89,2.42,true,false,1364
2025-11-27T21:25:16.112422-08:00,read,key_907,1.84,true,false,1576
2025-11-27T21:25:16.122837-08:00,read,key_301,1.75,true,false,1208
2025-11-27T21:25:16.133374-08:00,read,key_222,2.55,true,false,776
2025-11-27T21:25:16.144533-08:00,read,key_994,1.52,true,false,1194
2025-11-27T21:25:16.166844-08:00,read,key_715,1.00,true,false,1469
2025-11-27T21:25:16.177908-08:00,read,key_859,2.13,true,false,1528
2025-11-27T21:25:16.189046-08:00,read,key_460,0.72,true,false,1549
2025-11-27T21:25:16.200207-08:00,read,key_112,0.90,true,false,1366
2025-11-27T21:25:16.21068-08:00,read,key_548,0.96,true,false,905
2025-11-27T21:25:16.221606-08:00,read,key_988,0.77,true,false,696
2025-11-27T21:25:16.232876-08:00,read,key_906,0.62,true,false,1358
2025-11-27T21:25:16.243355-08:00,read,key_20,1.00,true,false,1218
2025-11-27T21:25:16.254575-08:00,read,key_987,1.68,true,false,990
2025-11-27T21:25:16.265674-08:00,read,key_646,1.91,true,false,1702
2025-11-27T21:25:15.959644-08:00,write,key_331,307.96,true,false,1771
2025-11-27T21:25:16.276305-08:00,read,key_844,1.95,false,false,0
2025-11-27T21:25:16.287447-08:00,read,key_697,1.77,true,false,1736
2025-11-27T21:25:16.298282-08:00,read,key_674,1.70,true,false,1699
2025-11-27T21:25:15.992778-08:00,write,key_558,307.54,true,false,1772
2025-11-27T21:25:16.319339-08:00,read,key_918,2.14,true,false,717
2025-11-27T21:25:16.329904-08:00,read,key_347,1.71,true,false,858
2025-11-27T21:25:16.341019-08:00,read,key_66,3.32,true,false,187
2025-11-27T21:25:16.352085-08:00,read,key_219,1.35,true,false,1456
2025-11-27T21:25:16.046391-08:00,write,key_223,307.78,true,false,1772
2025-11-27T21:25:16.363219-08:00,read,key_784,1.74,true,false,997
2025-11-27T21:25:16.374338-08:00,read,key_358,1.25,true,false,1584
2025-11-27T21:25:16.38554-08:00,read,key_332,1.77,true,false,1677
2025-11-27T21:25:16.396566-08:00,read,key_5,2.24,true,false,1763
2025-11-27T21:25:16.407404-08:00,read,key_185,2.37,true,false,1738
2025-11-27T21:25:16.418527-08:00,read,key_877,1.87,true,false,1759
2025-11-27T21:25:16.429055-08:00,read,key_691,2.12,true,false,1688
2025-11-27T21:25:16.440264-08:00,read,key_795,2.00,true,false,1769
2025-11-27T21:25:16.45152-08:00,read,key_733,1.84,true,false,264
2025-11-27T21:25:16.155686-08:00,write,key_403,306.71,true,false,1773
2025-11-27T21:25:16.461956-08:00,read,key_859,1.33,true,false,1528
2025-11-27T21:25:16.472657-08:00,read,key_569,1.64,true,false,990
2025-11-27T21:25:16.483983-08:00,read,key_871,2.03,true,false,1327
2025-11-27T21:25:16.495154-08:00,read,key_708,1.77,true,false,1480
2025-11-27T21:25:16.505716-08:00,read,key_794,1.79,true,false,846
2025-11-27T21:25:16.516713-08:00,read,key_290,1.90,true,false,470
2025-11-27T21:25:16.526953-08:00,read,key_965,2.11,true,false,1183
2025-11-27T21:25:16.538106-08:00,read,key_709,1.84,true,false,1406
2025-11-27T21:25:16.54896-08:00,read,key_524,1.91,true,false,1268
2025-11-27T21:25:16.560236-08:00,read,key_872,2.04,true,false,1481
2025-11-27T21:25:16.582572-08:00,read,key_254,2.58,true,false,1522
2025-11-27T21:25:16.593777-08:00,read,key_582,1.70,true,false,1646
2025-11-27T21:25:16.604962-08:00,read,key_477,1.75,true,false,1538
2025-11-27T21:25:16.616102-08:00,read,key_346,1.63,true,false,626
2025-11-27T21:25:16.309174-08:00,write,key_584,311.55,true,false,1773
2025-11-27T21:25:16.626314-08:00,read,key_191,1.88,false,false,0
2025-11-27T21:25:16.63747-08:00,read,key_535,1.86,true,false,1489
2025-11-27T21:25:16.648697-08:00,read,key_628,2.51,true,false,1678
2025-11-27T21:25:16.659909-08:00,read,key_29,2.36,true,false,1236
2025-11-27T21:25:16.682169-08:00,read,key_650,1.76,true,true,261
2025-11-27T21:25:16.693316-08:00,read,key_810,2.21,true,false,1587
2025-11-27T21:25:16.704364-08:00,read,key_693,1.84,true,false,1048
2025-11-27T21:25:16.71547-08:00,read,key_738,1.87,true,false,1676
2025-11-27T21:25:16.726504-08:00,read,key_226,1.77,true,false,1716
2025-11-27T21:25:16.737011-08:00,read,key_956,1.73,true,false,1725
2025-11-27T21:25:16.74819-08:00,read,key_516,2.21,true,false,1698
2025-11-27T21:25:16.759412-08:00,read,key_98,3.01,true,false,1295
2025-11-27T21:25:16.770469-08:00,read,key_690,2.65,true,false,1171
2025-11-27T21:25:16.781562-08:00,read,key_608,1.83,true,false,1057
2025-11-27T21:25:16.793605-08:00,read,key_28,3.01,true,false,1480
2025-11-27T21:25:16.804667-08:00,read,key_163,2.04,true,false,1575
2025-11-27T21:25:16.815101-08:00,read,key_462,2.69,true,false,1562
2025-11-27T21:25:16.826237-08:00,read,key_490,2.91,true,false,1255
2025-11-27T21:25:16.836598-08:00,read,key_981,1.72,true,false,1384
2025-11-27T21:25:16.847457-08:00,read,key_596,2.01,true,false,1666
2025-11-27T21:25:16.858263-08:00,read,key_79,2.01,true,false,1662
2025-11-27T21:25:16.869446-08:00,read,key_566,1.87,true,false,915
2025-11-27T21:25:16.571378-08:00,write,key_429,307.39,true,false,1774
2025-11-27T21:25:16.890753-08:00,read,key_970,1.69,true,false,1453
2025-11-27T21:25:16.90196-08:00,read,key_538,1.56,true,false,1434
2025-11-27T21:25:16.9131-08:00,read,key_131,1.88,true,false,1588
2025-11-27T21:25:16.923869-08:00,read,key_860,2.46,true,false,827
2025-11-27T21:25:16.934562-08:00,read,key_636,2.47,true,false,1698
2025-11-27T21:25:16.944934-08:00,read,key_338,1.81,true,false,1743
2025-11-27T21:25:16.955946-08:00,read,key_757,1.74,true,false,1602
2025-11-27T21:25:16.966692-08:00,read,key_339,2.19,false,false,0
2025-11-27T21:25:16.977456-08:00,read,key_325,1.75,true,false,1677
2025-11-27T21:25:16.671021-08:00,write,key_602,313.43,true,false,1774
2025-11-27T21:25:16.98805-08:00,read,key_844,1.64,false,false,0
2025-11-27T21:25:16.999225-08:00,read,key_728,1.86,true,false,1193
2025-11-27T21:25:17.009652-08:00,read,key_687,2.86,true,false,411
2025-11-27T21:25:17.020486-08:00,read,key_641,2.04,true,false,1337
2025-11-27T21:25:17.042857-08:00,read,key_940,2.49,true,false,1467
2025-11-27T21:25:17.053985-08:00,read,key_302,1.88,true,false,1175
2025-11-27T21:25:17.065126-08:00,read,key_172,1.90,true,false,1581
2025-11-27T21:25:17.086808-08:00,read,key_189,1.45,false,false,0
2025-11-27T21:25:17.097984-08:00,read,key_903,1.91,true,false,1566
2025-11-27T21:25:17.108616-08:00,read,key_79,2.04,true,false,1662
2025-11-27T21:25:17.13097-08:00,read,key_181,1.68,true,false,1260
2025-11-27T21:25:17.141906-08:00,read,key_449,2.28,true,false,1393
2025-11-27T21:25:17.153074-08:00,read,key_228,1.95,true,false,1768
2025-11-27T21:25:17.163744-08:00,read,key_632,1.62,false,false,0
2025-11-27T21:25:17.174958-08:00,read,key_585,1.24,true,false,1732
2025-11-27T21:25:17.186144-08:00,read,key_795,0.95,true,false,1769
2025-11-27T21:25:16.87963-08:00,write,key_299,308.42,true,false,1775
2025-11-27T21:25:17.196593-08:00,read,key_689,1.64,true,false,1707
2025-11-27T21:25:17.207754-08:00,read,key_252,1.72,true,false,1694
2025-11-27T21:25:17.218879-08:00,read,key_747,1.96,true,false,789
2025-11-27T21:25:17.229998-08:00,read,key_7,1.63,true,false,1759
2025-11-27T21:25:17.241145-08:00,read,key_789,2.19,true,false,1665
2025-11-27T21:25:17.252315-08:00,read,key_844,2.00,false,false,0
2025-11-27T21:25:17.26348-08:00,read,key_345,1.81,true,false,859
2025-11-27T21:25:17.274473-08:00,read,key_505,2.03,true,false,1410
2025-11-27T21:25:17.296587-08:00,read,key_864,2.13,true,false,1741
2025-11-27T21:25:17.308242-08:00,read,key_864,3.55,true,false,1741
2025-11-27T21:25:17.329931-08:00,read,key_171,3.38,false,false,0
2025-11-27T21:25:17.031673-08:00,write,key_157,307.99,true,false,1776
2025-11-27T21:25:17.340055-08:00,read,key_734,1.18,false,false,0
2025-11-27T21:25:17.351141-08:00,read,key_69,3.07,true,false,1349
2025-11-27T21:25:17.361906-08:00,read,key_465,1.49,true,false,1503
2025-11-27T21:25:17.373022-08:00,read,key_835,1.76,true,false,1143
2025-11-27T21:25:17.076247-08:00,write,key_323,308.10,true,false,1775
2025-11-27T21:25:17.383711-08:00,read,key_334,2.21,true,false,1655
2025-11-27T21:25:17.394849-08:00,read,key_159,1.90,true,false,1744
2025-11-27T21:25:17.406009-08:00,read,key_799,1.66,true,false,663
2025-11-27T21:25:17.416178-08:00,read,key_240,2.02,true,false,1181
2025-11-27T21:25:17.119822-08:00,write,key_557,309.03,true,false,1775
2025-11-27T21:25:17.427384-08:00,read,key_679,1.82,true,false,1743
2025-11-27T21:25:17.437545-08:00,read,key_659,1.69,true,false,1510
2025-11-27T21:25:17.448711-08:00,read,key_172,1.72,true,false,1581
2025-11-27T21:25:17.459653-08:00,read,key_528,2.07,true,false,152
2025-11-27T21:25:17.470841-08:00,read,key_240,1.83,true,false,1181
2025-11-27T21:25:17.492631-08:00,read,key_306,2.79,true,false,1757
2025-11-27T21:25:17.50368-08:00,read,key_385,1.54,false,false,0
2025-11-27T21:25:17.514833-08:00,read,key_650,2.51,true,false,262
2025-11-27T21:25:17.54849-08:00,read,key_257,2.91,true,false,1539
2025-11-27T21:25:17.560303-08:00,read,key_336,3.16,true,false,1753
2025-11-27T21:25:17.571062-08:00,read,key_54,1.68,true,false,1561
2025-11-27T21:25:17.581285-08:00,read,key_998,1.71,true,false,1118
2025-11-27T21:25:17.285547-08:00,write,key_579,306.49,true,false,1776
2025-11-27T21:25:17.592057-08:00,read,key_250,2.26,true,false,1378
2025-11-27T21:25:17.603065-08:00,read,key_803,3.15,true,false,1667
2025-11-27T21:25:17.614087-08:00,read,key_841,1.86,true,false,1108
2025-11-27T21:25:17.625275-08:00,read,key_387,2.98,true,false,161
2025-11-27T21:25:17.318924-08:00,write,key_567,312.52,true,false,1777
2025-11-27T21:25:17.636028-08:00,read,key_470,1.78,true,false,1227
2025-11-27T21:25:17.658329-08:00,read,key_828,2.11,true,false,851
2025-11-27T21:25:17.669492-08:00,read,key_528,3.40,true,false,152
2025-11-27T21:25:17.680392-08:00,read,key_257,1.57,true,false,1539
2025-11-27T21:25:17.691533-08:00,read,key_339,1.47,false,false,0
2025-11-27T21:25:17.702709-08:00,read,key_862,1.53,true,false,1652
2025-11-27T21:25:17.713819-08:00,read,key_258,1.82,true,false,1563
2025-11-27T21:25:17.72499-08:00,read,key_528,2.43,true,false,152
2025-11-27T21:25:17.735876-08:00,read,key_109,2.19,true,false,132
2025-11-27T21:25:17.747064-08:00,read,key_573,2.22,true,false,1593
2025-11-27T21:25:17.758226-08:00,read,key_558,3.67,true,false,1772
2025-11-27T21:25:17.769158-08:00,read,key_671,2.11,true,false,507
2025-11-27T21:25:17.78041-08:00,read,key_135,2.24,true,false,1740
2025-11-27T21:25:17.482016-08:00,write,key_314,305.99,true,false,1777
2025-11-27T21:25:17.79086-08:00,read,key_222,2.59,true,false,776
2025-11-27T21:25:17.801828-08:00,read,key_20,2.45,true,false,1218
2025-11-27T21:25:17.813139-08:00,read,key_183,2.06,true,false,1693
2025-11-27T21:25:17.82413-08:00,read,key_830,2.06,true,false,1652
2025-11-27T21:25:17.835237-08:00,read,key_790,1.10,true,false,1624
2025-11-27T21:25:17.526085-08:00,write,key_433,311.61,true,false,1777
2025-11-27T21:25:17.537259-08:00,write,key_312,305.09,true,false,1778
2025-11-27T21:25:17.84574-08:00,read,key_748,2.12,true,false,1758
2025-11-27T21:25:17.856731-08:00,read,key_284,1.51,true,false,1537
2025-11-27T21:25:17.878318-08:00,read,key_621,2.08,true,false,1247
2025-11-27T21:25:17.888517-08:00,read,key_843,1.80,true,false,1090
2025-11-27T21:25:17.89932-08:00,read,key_378,2.13,true,false,1470
2025-11-27T21:25:17.909647-08:00,read,key_900,2.01,true,false,815
2025-11-27T21:25:17.931155-08:00,read,key_517,1.74,true,false,1040
2025-11-27T21:25:17.942284-08:00,read,key_171,2.37,false,false,0
2025-11-27T21:25:17.952667-08:00,read,key_975,1.86,true,false,1478
2025-11-27T21:25:17.647187-08:00,write,key_549,309.56,true,false,1778
2025-11-27T21:25:17.963176-08:00,read,key_62,1.28,true,false,1061
2025-11-27T21:25:17.974295-08:00,read,key_843,1.49,true,false,1090
2025-11-27T21:25:17.984565-08:00,read,key_108,1.98,true,false,866
2025-11-27T21:25:17.995257-08:00,read,key_519,1.71,true,false,968
2025-11-27T21:25:18.005867-08:00,read,key_560,1.76,true,false,1512
2025-11-27T21:25:18.017056-08:00,read,key_167,2.24,true,false,1696
2025-11-27T21:25:18.039117-08:00,read,key_588,1.85,true,false,1764
2025-11-27T21:25:18.050528-08:00,read,key_564,1.88,true,false,1682
2025-11-27T21:25:18.060701-08:00,read,key_971,1.83,true,false,1619
2025-11-27T21:25:18.071853-08:00,read,key_366,1.60,true,false,1095
2025-11-27T21:25:18.082988-08:00,read,key_369,3.89,true,false,1671
2025-11-27T21:25:18.094146-08:00,read,key_49,1.88,true,false,1715
2025-11-27T21:25:18.105339-08:00,read,key_859,1.71,true,false,1528
2025-11-27T21:25:18.116453-08:00,read,key_339,1.81,false,false,0
2025-11-27T21:25:18.138743-08:00,read,key_798,1.77,true,false,543
2025-11-27T21:25:18.149896-08:00,read,key_169,2.37,true,false,1714
2025-11-27T21:25:18.160528-08:00,read,key_978,1.77,true,false,1463
2025-11-27T21:25:18.171364-08:00,read,key_568,1.70,true,false,1697
2025-11-27T21:25:17.867879-08:00,write,key_671,310.23,true,false,1779
2025-11-27T21:25:18.181897-08:00,read,key_577,4.16,true,false,1415
2025-11-27T21:25:18.193193-08:00,read,key_596,0.86,true,false,1666
2025-11-27T21:25:18.204042-08:00,read,key_89,2.62,true,false,1364
2025-11-27T21:25:18.215111-08:00,read,key_111,0.93,true,false,1544
2025-11-27T21:25:18.226184-08:00,read,key_797,0.94,true,false,1157
2025-11-27T21:25:17.92086-08:00,write,key_648,309.51,true,false,1779
2025-11-27T21:25:18.248247-08:00,read,key_133,0.97,true,false,1716
2025-11-27T21:25:18.258901-08:00,read,key_995,0.90,true,false,1489
2025-11-27T21:25:18.270278-08:00,read,key_464,0.77,true,false,1497
2025-11-27T21:25:18.281494-08:00,read,key_758,0.75,true,false,1401
2025-11-27T21:25:18.292669-08:00,read,key_843,0.99,true,false,1090
2025-11-27T21:25:18.303848-08:00,read,key_970,0.76,true,false,1453
2025-11-27T21:25:18.314591-08:00,read,key_238,0.91,true,false,1582
2025-11-27T21:25:18.32525-08:00,read,key_849,0.92,true,false,1118
2025-11-27T21:25:18.028184-08:00,write,key_638,303.01,true,false,1780
2025-11-27T21:25:18.335952-08:00,read,key_133,0.73,true,false,1716
2025-11-27T21:25:18.347139-08:00,read,key_557,1.74,true,false,1775
2025-11-27T21:25:18.35828-08:00,read,key_747,0.87,true,false,789
2025-11-27T21:25:18.368943-08:00,read,key_63,0.98,true,false,1131
2025-11-27T21:25:18.380093-08:00,read,key_619,1.01,true,false,1415
2025-11-27T21:25:18.391287-08:00,read,key_827,2.47,true,false,251
2025-11-27T21:25:18.402426-08:00,read,key_187,1.86,true,false,1727
2025-11-27T21:25:18.413604-08:00,read,key_33,1.85,true,false,1737
2025-11-27T21:25:18.424338-08:00,read,key_50,1.58,true,false,1662
2025-11-27T21:25:18.127674-08:00,write,key_413,308.84,true,false,1780
2025-11-27T21:25:18.435561-08:00,read,key_647,1.35,false,false,0
2025-11-27T21:25:18.446696-08:00,read,key_156,1.71,true,false,1695
2025-11-27T21:25:18.457155-08:00,read,key_63,1.78,true,false,1131
2025-11-27T21:25:18.467968-08:00,read,key_87,2.35,true,false,960
2025-11-27T21:25:18.479067-08:00,read,key_369,1.83,true,false,1671
2025-11-27T21:25:18.489663-08:00,read,key_113,1.65,true,false,1561
2025-11-27T21:25:18.500358-08:00,read,key_858,1.99,true,false,1444
2025-11-27T21:25:18.51146-08:00,read,key_971,1.78,true,false,1619
2025-11-27T21:25:18.522737-08:00,read,key_541,1.89,true,false,1524
2025-11-27T21:25:18.533888-08:00,read,key_179,2.57,true,false,834
2025-11-27T21:25:18.237072-08:00,write,key_110,304.40,true,false,1780
2025-11-27T21:25:18.544335-08:00,read,key_750,1.74,true,false,1756
2025-11-27T21:25:18.554898-08:00,read,key_783,2.03,true,false,1671
2025-11-27T21:25:18.565184-08:00,read,key_66,1.98,true,false,187
2025-11-27T21:25:18.57634-08:00,read,key_131,2.30,true,false,1588
2025-11-27T21:25:18.587531-08:00,read,key_315,1.94,true,false,906
2025-11-27T21:25:18.598326-08:00,read,key_860,1.86,true,false,827
2025-11-27T21:25:18.608567-08:00,read,key_981,2.20,true,false,1384
2025-11-27T21:25:18.619301-08:00,read,key_428,1.49,true,false,1143
2025-11-27T21:25:18.630424-08:00,read,key_278,1.79,true,false,547
2025-11-27T21:25:18.640923-08:00,read,key_750,2.42,true,false,1756
2025-11-27T21:25:18.66265-08:00,read,key_171,1.88,false,false,0
2025-11-27T21:25:18.673832-08:00,read,key_274,2.80,true,false,613
2025-11-27T21:25:18.684594-08:00,read,key_315,2.29,true,false,906
2025-11-27T21:25:18.695035-08:00,read,key_980,1.60,true,false,1625
2025-11-27T21:25:18.71714-08:00,read,key_536,1.46,true,false,1321
2025-11-27T21:25:18.728358-08:00,read,key_180,0.98,true,false,1413
2025-11-27T21:25:18.738959-08:00,read,key_978,1.86,true,false,1463
2025-11-27T21:25:18.750144-08:00,read,key_714,2.16,true,false,1474
2025-11-27T21:25:18.76086-08:00,read,key_422,1.64,true,false,1066
2025-11-27T21:25:18.782014-08:00,read,key_330,1.31,true,false,1704
2025-11-27T21:25:18.79293-08:00,read,key_624,2.28,true,false,1359
2025-11-27T21:25:18.80406-08:00,read,key_32,1.96,true,false,1577
2025-11-27T21:25:18.815199-08:00,read,key_733,1.58,true,false,264
2025-11-27T21:25:18.826537-08:00,read,key_35,3.82,true,false,1712
2025-11-27T21:25:18.837486-08:00,read,key_848,1.92,true,false,1694
2025-11-27T21:25:18.848666-08:00,read,key_280,1.49,true,false,1552
2025-11-27T21:25:18.859238-08:00,read,key_706,5.28,true,false,1742
2025-11-27T21:25:18.869962-08:00,read,key_388,2.78,true,false,1685
2025-11-27T21:25:18.880473-08:00,read,key_104,2.04,true,false,860
2025-11-27T21:25:18.89118-08:00,read,key_423,2.86,true,false,1702
2025-11-27T21:25:18.902186-08:00,read,key_817,2.16,true,false,853
2025-11-27T21:25:18.923959-08:00,read,key_970,2.77,true,false,1453
2025-11-27T21:25:18.934531-08:00,read,key_631,2.25,true,false,668
2025-11-27T21:25:18.945352-08:00,read,key_752,3.91,true,false,1739
2025-11-27T21:25:18.956111-08:00,read,key_765,1.40,true,false,1365
2025-11-27T21:25:18.651486-08:00,write,key_707,312.89,true,false,1781
2025-11-27T21:25:18.966495-08:00,read,key_302,1.24,true,false,1175
2025-11-27T21:25:18.977373-08:00,read,key_573,2.56,true,false,1593
2025-11-27T21:25:18.988471-08:00,read,key_900,2.41,true,false,815
2025-11-27T21:25:18.999695-08:00,read,key_119,3.99,true,false,1477
2025-11-27T21:25:19.010762-08:00,read,key_294,2.10,true,false,921
2025-11-27T21:25:18.705946-08:00,write,key_959,310.96,true,false,1781
2025-11-27T21:25:19.054396-08:00,read,key_129,4.37,true,false,875
2025-11-27T21:25:19.065193-08:00,read,key_703,1.77,true,false,1621
2025-11-27T21:25:19.075458-08:00,read,key_862,1.82,true,false,1652
2025-11-27T21:25:18.771626-08:00,write,key_225,311.08,true,false,1781
2025-11-27T21:25:19.085934-08:00,read,key_319,1.36,true,false,920
2025-11-27T21:25:19.096493-08:00,read,key_336,1.92,true,false,1753
2025-11-27T21:25:19.107632-08:00,read,key_322,2.95,true,false,1559
2025-11-27T21:25:19.129273-08:00,read,key_348,1.67,true,false,615
2025-11-27T21:25:19.139509-08:00,read,key_557,1.66,true,false,1775
2025-11-27T21:25:19.150229-08:00,read,key_971,2.15,true,false,1619
2025-11-27T21:25:19.161384-08:00,read,key_750,1.53,true,false,1756
2025-11-27T21:25:19.172532-08:00,read,key_813,1.83,true,false,1503
2025-11-27T21:25:19.183733-08:00,read,key_754,2.30,true,false,1740
2025-11-27T21:25:19.194839-08:00,read,key_620,1.88,true,false,1407
2025-11-27T21:25:19.206004-08:00,read,key_255,1.74,true,false,1482
2025-11-27T21:25:19.217186-08:00,read,key_64,3.47,true,false,936
2025-11-27T21:25:18.912751-08:00,write,key_699,307.91,true,false,1782
2025-11-27T21:25:19.227534-08:00,read,key_833,1.58,true,false,1765
2025-11-27T21:25:19.238679-08:00,read,key_273,1.65,true,false,566
2025-11-27T21:25:19.249818-08:00,read,key_369,2.54,true,false,1671
2025-11-27T21:25:19.271614-08:00,read,key_971,2.20,true,false,1619
2025-11-27T21:25:19.282709-08:00,read,key_346,1.97,true,false,626
2025-11-27T21:25:19.293018-08:00,read,key_547,2.01,true,false,758
2025-11-27T21:25:19.304153-08:00,read,key_581,1.50,true,false,1632
2025-11-27T21:25:19.315273-08:00,read,key_495,1.75,true,false,1509
2025-11-27T21:25:19.021545-08:00,write,key_817,306.78,true,false,1783
2025-11-27T21:25:19.325891-08:00,read,key_493,2.79,true,false,991
2025-11-27T21:25:19.336963-08:00,read,key_952,1.55,true,false,1453
2025-11-27T21:25:19.032711-08:00,write,key_115,305.80,true,false,1782
2025-11-27T21:25:19.043762-08:00,write,key_254,304.95,true,false,1782
2025-11-27T21:25:19.347392-08:00,read,key_290,1.70,true,false,470
2025-11-27T21:25:19.368903-08:00,read,key_843,1.56,true,false,1090
2025-11-27T21:25:19.380036-08:00,read,key_145,1.82,true,false,1630
2025-11-27T21:25:19.390912-08:00,read,key_861,1.88,true,false,1683
2025-11-27T21:25:19.402259-08:00,read,key_613,1.71,true,false,1737
2025-11-27T21:25:19.412408-08:00,read,key_555,1.79,true,false,1577
2025-11-27T21:25:19.423532-08:00,read,key_586,1.21,true,false,1085
2025-11-27T21:25:19.118103-08:00,write,key_89,306.64,true,false,1783
2025-11-27T21:25:19.434611-08:00,read,key_69,2.81,true,false,1349
2025-11-27T21:25:19.445185-08:00,read,key_591,1.85,true,false,1726
2025-11-27T21:25:19.455886-08:00,read,key_573,1.78,true,false,1593
2025-11-27T21:25:19.466928-08:00,read,key_1,2.54,true,false,1597
2025-11-27T21:25:19.477321-08:00,read,key_314,1.81,true,false,1777
2025-11-27T21:25:19.488226-08:00,read,key_198,1.80,true,false,1277
2025-11-27T21:25:19.510633-08:00,read,key_21,1.85,true,false,1414
2025-11-27T21:25:19.521783-08:00,read,key_859,1.73,true,false,1528
2025-11-27T21:25:19.532942-08:00,read,key_867,2.75,true,false,1771
2025-11-27T21:25:19.544017-08:00,read,key_946,3.19,true,false,924
2025-11-27T21:25:19.554979-08:00,read,key_406,1.56,true,false,1137
2025-11-27T21:25:19.260937-08:00,write,key_316,305.43,true,false,1783
2025-11-27T21:25:19.566118-08:00,read,key_75,0.88,true,false,1523
2025-11-27T21:25:19.577318-08:00,read,key_211,1.60,true,false,1317
2025-11-27T21:25:19.588811-08:00,read,key_720,1.98,true,false,905
2025-11-27T21:25:19.610805-08:00,read,key_985,1.81,true,false,1753
2025-11-27T21:25:19.621596-08:00,read,key_463,1.77,true,false,1483
2025-11-27T21:25:19.632168-08:00,read,key_870,1.29,true,false,1485
2025-11-27T21:25:19.642346-08:00,read,key_795,1.82,true,false,1769
2025-11-27T21:25:19.653511-08:00,read,key_89,1.80,true,false,1783
2025-11-27T21:25:19.358626-08:00,write,key_860,307.69,true,false,1784
2025-11-27T21:25:19.664683-08:00,read,key_637,1.63,true,false,278
2025-11-27T21:25:19.675626-08:00,read,key_708,2.03,true,false,1480
2025-11-27T21:25:19.686786-08:00,read,key_904,1.77,true,false,1461
2025-11-27T21:25:19.708832-08:00,read,key_629,2.76,true,false,579
2025-11-27T21:25:19.720499-08:00,read,key_961,1.97,true,false,1557
2025-11-27T21:25:19.742518-08:00,read,key_897,2.50,true,false,1635
2025-11-27T21:25:19.752789-08:00,read,key_902,1.63,true,false,1541
2025-11-27T21:25:19.763251-08:00,read,key_53,1.99,true,false,1535
2025-11-27T21:25:19.774387-08:00,read,key_855,3.68,true,false,1487
2025-11-27T21:25:19.784536-08:00,read,key_955,2.16,true,false,1567
2025-11-27T21:25:19.79473-08:00,read,key_224,1.68,true,false,900
2025-11-27T21:25:19.499449-08:00,write,key_107,305.56,true,false,1784
2025-11-27T21:25:19.80502-08:00,read,key_745,1.02,true,false,653
2025-11-27T21:25:19.816157-08:00,read,key_991,1.96,true,false,319
2025-11-27T21:25:19.826826-08:00,read,key_736,1.88,true,false,745
2025-11-27T21:25:19.837971-08:00,read,key_300,1.50,true,false,1214
2025-11-27T21:25:19.870898-08:00,read,key_602,1.94,true,false,1774
2025-11-27T21:25:19.882042-08:00,read,key_478,1.99,true,false,1732
2025-11-27T21:25:19.893225-08:00,read,key_989,1.75,true,false,1624
2025-11-27T21:25:19.904397-08:00,read,key_388,1.37,true,false,1685
2025-11-27T21:25:19.599954-08:00,write,key_31,305.82,true,false,1784
2025-11-27T21:25:19.915529-08:00,read,key_708,2.08,true,false,1480
2025-11-27T21:25:19.926875-08:00,read,key_155,1.73,true,false,1758
2025-11-27T21:25:19.949449-08:00,read,key_482,2.20,true,false,1750
2025-11-27T21:25:19.960667-08:00,read,key_0,5.71,true,false,1515
2025-11-27T21:25:19.971423-08:00,read,key_218,1.82,true,false,1318
2025-11-27T21:25:19.982547-08:00,read,key_615,1.61,true,false,1375
2025-11-27T21:25:19.993803-08:00,read,key_375,1.28,true,false,1025
2025-11-27T21:25:19.697965-08:00,write,key_866,307.06,true,false,1785
2025-11-27T21:25:20.004626-08:00,read,key_255,1.31,true,false,1482
2025-11-27T21:25:20.015003-08:00,read,key_334,1.69,true,false,1655
2025-11-27T21:25:20.025268-08:00,read,key_53,2.83,true,false,1535
2025-11-27T21:25:20.035933-08:00,read,key_230,1.71,true,false,1664
2025-11-27T21:25:19.731386-08:00,write,key_493,309.20,true,false,1785
2025-11-27T21:25:20.046753-08:00,read,key_313,1.52,true,false,1056
2025-11-27T21:25:20.057461-08:00,read,key_972,1.30,true,false,1652
2025-11-27T21:25:20.067836-08:00,read,key_631,1.84,true,false,668
2025-11-27T21:25:20.078966-08:00,read,key_750,1.72,true,false,1756
2025-11-27T21:25:20.089317-08:00,read,key_299,1.91,true,false,1775
2025-11-27T21:25:20.10049-08:00,read,key_250,2.30,true,false,1378
2025-11-27T21:25:20.111607-08:00,read,key_250,1.67,true,false,1378
2025-11-27T21:25:20.122176-08:00,read,key_538,1.79,true,false,1434
2025-11-27T21:25:20.133332-08:00,read,key_86,2.25,true,false,1535
2025-11-27T21:25:20.144456-08:00,read,key_621,1.61,true,false,1247
2025-11-27T21:25:19.84839-08:00,write,key_593,306.91,true,false,1785
2025-11-27T21:25:20.154854-08:00,read,key_796,1.37,true,false,1402
2025-11-27T21:25:20.165043-08:00,read,key_472,1.72,true,false,1513
2025-11-27T21:25:19.859678-08:00,write,key_491,309.74,true,false,1786
2025-11-27T21:25:20.175744-08:00,read,key_267,2.28,true,false,485
2025-11-27T21:25:20.186848-08:00,read,key_755,2.02,true,false,1567
2025-11-27T21:25:20.198003-08:00,read,key_702,2.00,true,false,1681
2025-11-27T21:25:20.208181-08:00,read,key_676,3.04,true,false,1677
2025-11-27T21:25:20.241315-08:00,read,key_321,1.58,true,false,504
2025-11-27T21:25:19.938078-08:00,write,key_54,311.39,true,false,1786
2025-11-27T21:25:20.251718-08:00,read,key_802,2.00,true,false,1719
2025-11-27T21:25:20.273906-08:00,read,key_864,1.81,true,false,1741
2025-11-27T21:25:20.285283-08:00,read,key_894,3.05,true,false,1637
2025-11-27T21:25:20.296248-08:00,read,key_516,1.90,true,false,1698
2025-11-27T21:25:20.307402-08:00,read,key_351,1.74,true,false,1333
2025-11-27T21:25:20.329361-08:00,read,key_9,1.82,true,false,1748
2025-11-27T21:25:20.339755-08:00,read,key_522,1.61,true,false,1744
2025-11-27T21:25:20.350909-08:00,read,key_309,2.41,true,false,1713
2025-11-27T21:25:20.36205-08:00,read,key_743,1.57,true,false,894
2025-11-27T21:25:20.373214-08:00,read,key_726,2.00,true,false,1386
2025-11-27T21:25:20.384387-08:00,read,key_556,3.67,true,false,1452
2025-11-27T21:25:20.395358-08:00,read,key_303,1.94,true,false,557
2025-11-27T21:25:20.406373-08:00,read,key_567,1.88,true,false,1777
2025-11-27T21:25:20.416899-08:00,read,key_570,2.30,true,false,1499
2025-11-27T21:25:20.428029-08:00,read,key_518,1.66,true,false,736
2025-11-27T21:25:20.4392-08:00,read,key_153,1.83,true,false,1575
2025-11-27T21:25:20.450363-08:00,read,key_286,2.17,true,false,1787
2025-11-27T21:25:20.461407-08:00,read,key_839,1.81,true,false,828
2025-11-27T21:25:20.472525-08:00,read,key_783,2.10,true,false,1671
2025-11-27T21:25:20.483006-08:00,read,key_24,2.34,true,false,1428
2025-11-27T21:25:20.494101-08:00,read,key_84,1.61,true,false,1730
2025-11-27T21:25:20.504916-08:00,read,key_185,1.89,true,false,1738
2025-11-27T21:25:20.219297-08:00,write,key_827,305.41,true,false,1787
2025-11-27T21:25:20.527057-08:00,read,key_850,1.58,true,false,1760
2025-11-27T21:25:20.230001-08:00,write,key_286,307.61,true,false,1787
2025-11-27T21:25:20.537214-08:00,read,key_123,1.65,true,false,1601
2025-11-27T21:25:20.548351-08:00,read,key_559,1.98,true,false,627
2025-11-27T21:25:20.559574-08:00,read,key_550,1.77,true,false,1672
2025-11-27T21:25:20.262745-08:00,write,key_544,308.43,true,false,1788
2025-11-27T21:25:20.570733-08:00,read,key_119,1.57,true,false,1477
2025-11-27T21:25:20.581582-08:00,read,key_877,1.67,true,false,1759
2025-11-27T21:25:20.591963-08:00,read,key_863,6.05,true,false,1680
2025-11-27T21:25:20.602573-08:00,read,key_582,1.35,true,false,1646
2025-11-27T21:25:20.613675-08:00,read,key_696,1.78,true,false,1540
2025-11-27T21:25:20.318131-08:00,write,key_492,303.87,true,false,1787
2025-11-27T21:25:20.635149-08:00,read,key_850,1.43,true,false,1760
2025-11-27T21:25:20.646228-08:00,read,key_411,1.73,true,false,259
2025-11-27T21:25:20.657383-08:00,read,key_154,1.72,true,false,1702
2025-11-27T21:25:20.667835-08:00,read,key_617,2.07,true,false,728
2025-11-27T21:25:20.678973-08:00,read,key_954,1.80,true,false,1472
2025-11-27T21:25:20.690143-08:00,read,key_792,1.91,true,false,1206
2025-11-27T21:25:20.701263-08:00,read,key_84,2.14,true,false,1730
2025-11-27T21:25:20.712364-08:00,read,key_892,1.71,true,false,1279
2025-11-27T21:25:20.723519-08:00,read,key_138,1.55,true,false,1558
2025-11-27T21:25:20.734741-08:00,read,key_855,2.06,true,false,1487
2025-11-27T21:25:20.745944-08:00,read,key_614,2.38,true,false,1531
2025-11-27T21:25:20.769068-08:00,read,key_861,2.36,true,false,1683
2025-11-27T21:25:20.780224-08:00,read,key_571,2.54,true,false,1688
2025-11-27T21:25:20.791366-08:00,read,key_100,3.46,true,false,1167
2025-11-27T21:25:20.802071-08:00,read,key_5,2.61,true,false,1763
2025-11-27T21:25:20.813788-08:00,read,key_741,2.43,true,false,820
2025-11-27T21:25:20.515195-08:00,write,key_435,307.65,true,false,1789
2025-11-27T21:25:20.823693-08:00,read,key_748,2.97,true,false,1758
2025-11-27T21:25:20.835237-08:00,read,key_219,2.07,true,false,1456
2025-11-27T21:25:20.846085-08:00,read,key_708,6.92,true,false,1480
2025-11-27T21:25:20.856614-08:00,read,key_854,0.76,true,false,1743
2025-11-27T21:25:20.866922-08:00,read,key_323,2.29,true,false,1775
2025-11-27T21:25:20.878077-08:00,read,key_971,2.30,true,false,1619
2025-11-27T21:25:20.889136-08:00,read,key_8,1.79,true,false,1648
2025-11-27T21:25:20.900332-08:00,read,key_743,2.15,true,false,894
2025-11-27T21:25:20.911475-08:00,read,key_151,1.81,true,false,1770
2025-11-27T21:25:20.624013-08:00,write,key_26,308.58,true,false,1789
2025-11-27T21:25:20.932412-08:00,read,key_28,1.43,true,false,1480
2025-11-27T21:25:20.942907-08:00,read,key_852,1.98,true,false,1220
2025-11-27T21:25:20.953818-08:00,read,key_61,1.78,true,false,1561
2025-11-27T21:25:20.965006-08:00,read,key_385,0.99,false,false,0
2025-11-27T21:25:20.976216-08:00,read,key_757,1.87,true,false,1602
2025-11-27T21:25:20.987333-08:00,read,key_461,1.89,true,false,1754
2025-11-27T21:25:20.998468-08:00,read,key_343,1.76,true,false,1506
2025-11-27T21:25:21.009793-08:00,read,key_587,2.54,true,false,785
2025-11-27T21:25:21.020786-08:00,read,key_842,1.69,true,false,1675
2025-11-27T21:25:21.031932-08:00,read,key_460,1.75,true,false,1549
2025-11-27T21:25:21.043071-08:00,read,key_718,1.84,true,false,1501
2025-11-27T21:25:21.054249-08:00,read,key_252,1.80,true,false,1694
2025-11-27T21:25:20.757102-08:00,write,key_207,307.81,true,false,1790
2025-11-27T21:25:21.064531-08:00,read,key_643,1.04,true,false,585
2025-11-27T21:25:21.075718-08:00,read,key_353,2.22,true,false,1640
2025-11-27T21:25:21.086855-08:00,read,key_946,1.88,true,false,924
2025-11-27T21:25:21.097992-08:00,read,key_706,1.80,true,false,1742
2025-11-27T21:25:21.108587-08:00,read,key_802,2.55,true,false,1719
2025-11-27T21:25:21.119679-08:00,read,key_907,1.69,true,false,1576
2025-11-27T21:25:21.130827-08:00,read,key_938,1.54,true,false,1566
2025-11-27T21:25:21.143553-08:00,read,key_682,1.86,true,false,542
2025-11-27T21:25:21.154962-08:00,read,key_492,2.73,true,false,1787
2025-11-27T21:25:21.166108-08:00,read,key_849,1.55,true,false,1118
2025-11-27T21:25:21.188258-08:00,read,key_905,1.75,true,false,1750
2025-11-27T21:25:21.199401-08:00,read,key_709,2.10,true,false,1406
2025-11-27T21:25:21.210609-08:00,read,key_57,1.84,true,false,1686
2025-11-27T21:25:21.221754-08:00,read,key_581,1.74,true,false,1632
2025-11-27T21:25:20.921733-08:00,write,key_472,308.91,true,false,1790
2025-11-27T21:25:21.23202-08:00,read,key_991,1.25,true,false,319
2025-11-27T21:25:21.242905-08:00,read,key_983,1.83,true,false,1339
2025-11-27T21:25:21.254044-08:00,read,key_54,1.88,true,false,1786
2025-11-27T21:25:21.275936-08:00,read,key_84,2.30,true,false,1730
2025-11-27T21:25:21.286103-08:00,read,key_718,1.89,true,false,1501
2025-11-27T21:25:21.29726-08:00,read,key_599,3.24,true,false,1569
2025-11-27T21:25:21.307637-08:00,read,key_477,1.57,true,false,1538
2025-11-27T21:25:21.318419-08:00,read,key_9,1.88,true,false,1748
2025-11-27T21:25:21.362448-08:00,read,key_797,1.84,true,false,1157
2025-11-27T21:25:21.3848-08:00,read,key_65,2.21,false,false,0
2025-11-27T21:25:21.395122-08:00,read,key_692,1.50,true,false,515
2025-11-27T21:25:21.406285-08:00,read,key_392,1.81,true,false,1590
2025-11-27T21:25:21.417259-08:00,read,key_724,2.26,true,false,898
2025-11-27T21:25:21.42851-08:00,read,key_31,1.71,true,false,1784
2025-11-27T21:25:21.438869-08:00,read,key_360,1.63,true,false,1394
2025-11-27T21:25:21.450028-08:00,read,key_250,1.96,true,false,1378
2025-11-27T21:25:21.460361-08:00,read,key_344,2.18,true,false,768
2025-11-27T21:25:21.471075-08:00,read,key_110,2.05,true,false,1780
2025-11-27T21:25:21.177244-08:00,write,key_67,306.78,true,false,1791
2025-11-27T21:25:21.481708-08:00,read,key_319,6.17,true,false,920
2025-11-27T21:25:21.492437-08:00,read,key_231,3.32,true,false,1445
2025-11-27T21:25:21.503451-08:00,read,key_328,1.75,true,false,617
2025-11-27T21:25:21.514576-08:00,read,key_641,2.11,true,false,1337
2025-11-27T21:25:21.525202-08:00,read,key_347,1.70,true,false,858
2025-11-27T21:25:21.535767-08:00,read,key_964,1.39,true,false,1757
2025-11-27T21:25:21.546831-08:00,read,key_971,1.45,true,false,1619
2025-11-27T21:25:21.568929-08:00,read,key_957,1.29,true,false,1668
2025-11-27T21:25:21.265197-08:00,write,key_317,307.03,true,false,1792
2025-11-27T21:25:21.579853-08:00,read,key_645,1.47,true,false,1423
2025-11-27T21:25:21.590934-08:00,read,key_536,1.72,true,false,1321
2025-11-27T21:25:21.613195-08:00,read,key_565,3.63,true,false,1552
2025-11-27T21:25:21.623635-08:00,read,key_645,1.68,true,false,1423
2025-11-27T21:25:21.329397-08:00,write,key_274,306.42,true,false,1791
2025-11-27T21:25:21.634625-08:00,read,key_749,2.21,true,false,891
2025-11-27T21:25:21.340512-08:00,write,key_670,305.73,true,false,1791
2025-11-27T21:25:21.645056-08:00,read,key_848,1.60,true,false,1694
2025-11-27T21:25:21.656099-08:00,read,key_635,1.85,true,false,1087
2025-11-27T21:25:21.351624-08:00,write,key_68,306.35,true,false,1791
2025-11-27T21:25:21.666328-08:00,read,key_903,1.65,true,false,1566
2025-11-27T21:25:21.677509-08:00,read,key_882,1.41,true,false,1455
2025-11-27T21:25:21.373587-08:00,write,key_792,306.76,true,false,1792
2025-11-27T21:25:21.688532-08:00,read,key_425,1.68,true,false,1158
2025-11-27T21:25:21.699681-08:00,read,key_974,1.97,true,false,1521
2025-11-27T21:25:21.710854-08:00,read,key_322,1.84,true,false,1559
2025-11-27T21:25:21.732524-08:00,read,key_732,1.72,true,false,1701
2025-11-27T21:25:21.776205-08:00,read,key_552,2.37,true,false,1126
2025-11-27T21:25:21.786563-08:00,read,key_674,1.84,true,false,1699
2025-11-27T21:25:21.797217-08:00,read,key_940,1.37,true,false,1467
2025-11-27T21:25:21.808335-08:00,read,key_368,1.93,true,false,1610
2025-11-27T21:25:21.819113-08:00,read,key_796,2.21,true,false,1402
2025-11-27T21:25:21.829931-08:00,read,key_620,1.58,true,false,1407
2025-11-27T21:25:21.841056-08:00,read,key_733,4.14,true,false,264
2025-11-27T21:25:21.851547-08:00,read,key_274,1.83,true,false,1791
2025-11-27T21:25:21.557883-08:00,write,key_293,305.58,true,false,1793
2025-11-27T21:25:21.862163-08:00,read,key_268,1.69,true,false,499
2025-11-27T21:25:21.873317-08:00,read,key_406,1.66,true,false,1137
2025-11-27T21:25:21.884658-08:00,read,key_460,1.76,true,false,1549
2025-11-27T21:25:21.89583-08:00,read,key_364,1.73,false,false,0
2025-11-27T21:25:21.906671-08:00,read,key_806,1.77,true,false,1572
2025-11-27T21:25:21.602027-08:00,write,key_785,306.44,true,false,1793
2025-11-27T21:25:21.917916-08:00,read,key_6,2.20,true,false,1649
2025-11-27T21:25:21.928873-08:00,read,key_367,1.88,true,false,1381
2025-11-27T21:25:21.939219-08:00,read,key_991,1.80,true,false,319
2025-11-27T21:25:21.951167-08:00,read,key_36,2.27,true,false,1555
2025-11-27T21:25:21.962286-08:00,read,key_476,1.81,true,false,1728
2025-11-27T21:25:21.973426-08:00,read,key_334,1.85,true,false,1655
2025-11-27T21:25:21.994829-08:00,read,key_674,1.84,true,false,1699
2025-11-27T21:25:22.005971-08:00,read,key_158,1.60,true,false,1274
2025-11-27T21:25:22.01655-08:00,read,key_468,2.24,true,false,1534
2025-11-27T21:25:22.027648-08:00,read,key_346,1.38,true,false,626
2025-11-27T21:25:21.722022-08:00,write,key_439,309.44,true,false,1793
2025-11-27T21:25:22.039124-08:00,read,key_971,1.94,true,false,1619
2025-11-27T21:25:22.050119-08:00,read,key_314,2.74,true,false,1777
2025-11-27T21:25:21.742964-08:00,write,key_329,312.41,true,false,1793
2025-11-27T21:25:21.75412-08:00,write,key_576,303.63,true,false,1794
2025-11-27T21:25:22.060556-08:00,read,key_618,1.41,true,false,1545
2025-11-27T21:25:21.765258-08:00,write,key_784,304.97,true,false,1794
2025-11-27T21:25:22.070704-08:00,read,key_85,1.12,true,false,1608
2025-11-27T21:25:22.092556-08:00,read,key_585,2.50,true,false,1732
2025-11-27T21:25:22.102998-08:00,read,key_850,2.06,true,false,1760
2025-11-27T21:25:22.113263-08:00,read,key_591,2.07,true,false,1726
2025-11-27T21:25:22.124405-08:00,read,key_338,2.41,true,false,1743
2025-11-27T21:25:22.146292-08:00,read,key_472,1.84,true,false,1790
2025-11-27T21:25:22.157426-08:00,read,key_515,1.80,true,false,1626
2025-11-27T21:25:22.168014-08:00,read,key_466,2.04,true,false,1720
2025-11-27T21:25:22.179174-08:00,read,key_867,2.10,true,false,1771
2025-11-27T21:25:22.190297-08:00,read,key_981,1.94,true,false,1384
2025-11-27T21:25:22.202699-08:00,read,key_26,2.85,true,false,1789
2025-11-27T21:25:22.213807-08:00,read,key_155,2.27,true,false,1758
2025-11-27T21:25:22.224524-08:00,read,key_4,1.77,true,false,1692
2025-11-27T21:25:22.235706-08:00,read,key_390,2.55,true,false,1537
2025-11-27T21:25:22.246873-08:00,read,key_461,2.13,true,false,1754
2025-11-27T21:25:22.25804-08:00,read,key_574,3.07,true,false,1673
2025-11-27T21:25:22.268765-08:00,read,key_624,2.83,true,false,1359
2025-11-27T21:25:22.279376-08:00,read,key_823,1.66,true,false,841
2025-11-27T21:25:21.983669-08:00,write,key_466,304.06,true,false,1795
2025-11-27T21:25:22.289658-08:00,read,key_737,1.33,true,false,1722
2025-11-27T21:25:22.300573-08:00,read,key_733,2.00,true,false,264
2025-11-27T21:25:22.311682-08:00,read,key_791,1.39,true,false,1720
2025-11-27T21:25:22.322788-08:00,read,key_642,1.67,true,false,344
2025-11-27T21:25:22.333964-08:00,read,key_734,2.24,false,false,0
2025-11-27T21:25:22.355632-08:00,read,key_494,1.58,true,false,1081
2025-11-27T21:25:22.377894-08:00,read,key_364,1.72,false,false,0
2025-11-27T21:25:22.081434-08:00,write,key_927,305.51,true,false,1795
2025-11-27T21:25:22.388087-08:00,read,key_431,1.02,true,false,1766
2025-11-27T21:25:22.399251-08:00,read,key_754,1.83,true,false,1740
2025-11-27T21:25:22.410361-08:00,read,key_878,1.13,true,false,1470
2025-11-27T21:25:22.432478-08:00,read,key_495,3.33,true,false,1509
2025-11-27T21:25:22.135083-08:00,write,key_929,305.29,true,false,1796
2025-11-27T21:25:22.442855-08:00,read,key_300,3.77,true,false,1214
2025-11-27T21:25:22.453684-08:00,read,key_493,1.70,true,false,1785
2025-11-27T21:25:22.46489-08:00,read,key_977,1.63,true,false,821
2025-11-27T21:25:22.475738-08:00,read,key_262,3.45,true,false,604
2025-11-27T21:25:22.486525-08:00,read,key_658,2.80,true,false,1438
2025-11-27T21:25:22.497601-08:00,read,key_620,2.48,true,false,1407
2025-11-27T21:25:22.508838-08:00,read,key_313,4.68,true,true,1053
2025-11-27T21:25:22.519518-08:00,read,key_583,1.90,true,false,1722
2025-11-27T21:25:22.530501-08:00,read,key_103,1.82,true,false,776
2025-11-27T21:25:22.541718-08:00,read,key_254,3.33,true,false,1782
2025-11-27T21:25:22.552694-08:00,read,key_259,2.50,true,false,1364
2025-11-27T21:25:22.563444-08:00,read,key_58,2.29,true,false,1466
2025-11-27T21:25:22.574583-08:00,read,key_99,3.53,true,false,1427
2025-11-27T21:25:22.585553-08:00,read,key_859,1.77,true,false,1528
2025-11-27T21:25:22.596623-08:00,read,key_867,1.88,true,false,1771
2025-11-27T21:25:22.607765-08:00,read,key_750,2.69,true,false,1756
2025-11-27T21:25:22.619062-08:00,read,key_905,2.10,true,false,1750
2025-11-27T21:25:22.630205-08:00,read,key_746,1.94,true,false,1431
2025-11-27T21:25:22.64138-08:00,read,key_755,2.15,true,false,1567
2025-11-27T21:25:22.65252-08:00,read,key_295,1.94,true,false,1016
2025-11-27T21:25:22.344547-08:00,write,key_846,310.22,true,false,1797
2025-11-27T21:25:22.366817-08:00,write,key_229,307.27,true,false,1797
2025-11-27T21:25:22.696114-08:00,read,key_982,2.21,true,false,668
2025-11-27T21:25:22.707027-08:00,read,key_28,2.09,true,false,1480
2025-11-27T21:25:22.717905-08:00,read,key_338,2.22,true,false,1743
2025-11-27T21:25:22.42144-08:00,write,key_625,305.10,true,false,1798
2025-11-27T21:25:22.728317-08:00,read,key_288,1.37,true,false,1770
2025-11-27T21:25:22.739446-08:00,read,key_586,1.63,true,false,1085
2025-11-27T21:25:22.750643-08:00,read,key_728,2.29,true,false,1193
2025-11-27T21:25:22.760983-08:00,read,key_238,1.61,true,false,1582
2025-11-27T21:25:22.771966-08:00,read,key_976,1.68,true,false,1671
2025-11-27T21:25:22.79423-08:00,read,key_690,1.79,true,false,1171
2025-11-27T21:25:22.804613-08:00,read,key_35,2.05,true,false,1712
2025-11-27T21:25:22.815839-08:00,read,key_364,3.49,false,false,0
2025-11-27T21:25:22.82699-08:00,read,key_502,2.04,true,false,1569
2025-11-27T21:25:22.838162-08:00,read,key_306,1.77,true,false,1757
2025-11-27T21:25:22.849334-08:00,read,key_303,1.53,true,false,557
2025-11-27T21:25:22.859923-08:00,read,key_702,1.63,true,false,1681
2025-11-27T21:25:22.871049-08:00,read,key_672,1.69,true,false,1723
2025-11-27T21:25:22.881655-08:00,read,key_185,1.61,true,false,1738
2025-11-27T21:25:22.89226-08:00,read,key_621,2.20,true,false,1247
2025-11-27T21:25:22.903396-08:00,read,key_432,1.79,true,false,1288
2025-11-27T21:25:22.914498-08:00,read,key_220,1.80,true,false,642
2025-11-27T21:25:22.925248-08:00,read,key_346,2.64,true,false,626
2025-11-27T21:25:22.935732-08:00,read,key_107,1.74,true,false,1784
2025-11-27T21:25:22.946719-08:00,read,key_877,1.76,true,false,1759
2025-11-27T21:25:22.957465-08:00,read,key_461,1.91,true,false,1754
2025-11-27T21:25:22.663266-08:00,write,key_628,306.78,true,false,1799
2025-11-27T21:25:22.968631-08:00,read,key_364,1.58,false,false,0
2025-11-27T21:25:22.673893-08:00,write,key_117,306.34,true,false,1799
2025-11-27T21:25:22.978848-08:00,read,key_733,1.52,true,false,264
2025-11-27T21:25:22.685095-08:00,write,key_741,305.37,true,false,1798
2025-11-27T21:25:22.989655-08:00,read,key_973,1.19,true,false,1246
2025-11-27T21:25:23.00097-08:00,read,key_780,1.78,true,false,623
2025-11-27T21:25:23.012126-08:00,read,key_271,1.83,false,false,0
2025-11-27T21:25:23.023329-08:00,read,key_291,1.34,true,false,1006
2025-11-27T21:25:23.04573-08:00,read,key_4,1.85,true,false,1692
2025-11-27T21:25:23.056885-08:00,read,key_641,1.81,true,false,1337
2025-11-27T21:25:23.067731-08:00,read,key_530,5.02,true,false,45
2025-11-27T21:25:23.078463-08:00,read,key_59,1.44,true,false,1479
2025-11-27T21:25:22.783077-08:00,write,key_763,307.47,true,false,1799
2025-11-27T21:25:23.08957-08:00,read,key_423,1.31,true,false,1702
2025-11-27T21:25:23.101474-08:00,read,key_652,1.86,true,false,1495
2025-11-27T21:25:23.111883-08:00,read,key_295,1.49,true,false,1016
2025-11-27T21:25:23.12309-08:00,read,key_726,2.18,true,false,1386
2025-11-27T21:25:23.133576-08:00,read,key_9,2.23,true,false,1748
2025-11-27T21:25:23.144748-08:00,read,key_20,1.79,true,false,1218
2025-11-27T21:25:23.155975-08:00,read,key_284,2.42,true,false,1537
2025-11-27T21:25:23.166879-08:00,read,key_843,2.08,true,false,1090
2025-11-27T21:25:23.177997-08:00,read,key_410,1.88,true,false,1122
2025-11-27T21:25:23.188415-08:00,read,key_666,2.07,true,false,967
2025-11-27T21:25:23.199583-08:00,read,key_680,1.86,true,false,982
2025-11-27T21:25:23.210784-08:00,read,key_525,1.79,true,false,1764
2025-11-27T21:25:23.221388-08:00,read,key_312,1.57,true,false,1778
2025-11-27T21:25:23.243554-08:00,read,key_837,2.57,true,false,792
2025-11-27T21:25:23.254728-08:00,read,key_211,1.80,true,false,1317
2025-11-27T21:25:23.265898-08:00,read,key_304,1.59,true,false,1549
2025-11-27T21:25:23.28661-08:00,read,key_199,1.60,true,false,1045
2025-11-27T21:25:23.29783-08:00,read,key_156,2.28,true,false,1695
2025-11-27T21:25:23.319308-08:00,read,key_181,2.71,true,false,1260
2025-11-27T21:25:23.034577-08:00,write,key_320,304.96,true,false,1800
2025-11-27T21:25:23.363251-08:00,read,key_831,1.89,true,false,838
2025-11-27T21:25:23.373394-08:00,read,key_471,1.44,true,false,1235
2025-11-27T21:25:23.38457-08:00,read,key_157,4.95,true,false,1776
2025-11-27T21:25:23.395307-08:00,read,key_174,1.89,false,false,0
2025-11-27T21:25:23.406547-08:00,read,key_820,1.46,false,false,0
2025-11-27T21:25:23.417716-08:00,read,key_830,2.00,true,false,1652
2025-11-27T21:25:23.428879-08:00,read,key_653,1.85,true,false,1646
2025-11-27T21:25:23.440011-08:00,read,key_620,1.57,true,false,1407
2025-11-27T21:25:23.45107-08:00,read,key_550,3.77,true,false,1672
2025-11-27T21:25:23.46201-08:00,read,key_591,1.75,true,false,1726
2025-11-27T21:25:23.473253-08:00,read,key_326,1.78,true,false,766
2025-11-27T21:25:23.483571-08:00,read,key_693,2.04,true,false,1048
2025-11-27T21:25:23.494703-08:00,read,key_699,1.67,true,false,1782
2025-11-27T21:25:23.504892-08:00,read,key_906,1.91,true,false,1358
2025-11-27T21:25:23.515833-08:00,read,key_490,2.96,true,false,1255
2025-11-27T21:25:23.52666-08:00,read,key_990,1.86,true,false,858
2025-11-27T21:25:23.232522-08:00,write,key_185,305.34,true,false,1800
2025-11-27T21:25:23.537763-08:00,read,key_229,0.93,true,false,1797
2025-11-27T21:25:23.548533-08:00,read,key_106,2.49,true,false,1437
2025-11-27T21:25:23.558838-08:00,read,key_194,2.25,true,false,1037
2025-11-27T21:25:23.56996-08:00,read,key_228,1.70,true,false,1768
2025-11-27T21:25:23.580475-08:00,read,key_24,1.89,true,false,1428
2025-11-27T21:25:23.276272-08:00,write,key_461,311.64,true,false,1801
2025-11-27T21:25:23.590982-08:00,read,key_137,1.50,true,false,1558
2025-11-27T21:25:23.602079-08:00,read,key_562,1.65,true,false,1520
2025-11-27T21:25:23.613148-08:00,read,key_45,2.09,true,false,1251
2025-11-27T21:25:23.308133-08:00,write,key_851,307.30,true,false,1802
2025-11-27T21:25:23.624325-08:00,read,key_871,4.73,true,false,1327
2025-11-27T21:25:23.330443-08:00,write,key_755,306.83,true,false,1801
2025-11-27T21:25:23.634716-08:00,read,key_41,2.56,true,false,1255
2025-11-27T21:25:23.645855-08:00,read,key_825,1.73,true,false,769
2025-11-27T21:25:23.34072-08:00,write,key_81,312.53,true,false,1803
2025-11-27T21:25:23.352319-08:00,write,key_473,305.71,true,false,1802
2025-11-27T21:25:23.667006-08:00,read,key_653,2.86,true,false,1646
2025-11-27T21:25:23.678063-08:00,read,key_623,1.88,true,false,1187
2025-11-27T21:25:23.688279-08:00,read,key_644,1.86,false,false,0
2025-11-27T21:25:23.699415-08:00,read,key_743,1.50,true,false,894
2025-11-27T21:25:23.710597-08:00,read,key_779,1.34,false,false,0
2025-11-27T21:25:23.721758-08:00,read,key_482,1.86,true,false,1750
2025-11-27T21:25:23.732901-08:00,read,key_570,2.97,true,false,1499
2025-11-27T21:25:23.743909-08:00,read,key_114,1.77,true,false,1290
2025-11-27T21:25:23.755035-08:00,read,key_418,1.74,false,false,0
2025-11-27T21:25:23.766163-08:00,read,key_563,2.17,true,false,1069
2025-11-27T21:25:23.788454-08:00,read,key_366,1.97,true,false,1095
2025-11-27T21:25:23.798984-08:00,read,key_743,1.46,true,false,894
2025-11-27T21:25:23.810101-08:00,read,key_732,1.25,true,false,1701
2025-11-27T21:25:23.820355-08:00,read,key_892,1.45,true,false,1279
2025-11-27T21:25:23.831492-08:00,read,key_1,1.62,true,false,1597
2025-11-27T21:25:23.84277-08:00,read,key_900,2.52,true,false,815
2025-11-27T21:25:23.853124-08:00,read,key_677,1.67,true,false,1390
2025-11-27T21:25:23.864256-08:00,read,key_124,1.88,true,false,1309
2025-11-27T21:25:23.87464-08:00,read,key_314,2.55,true,false,1777
2025-11-27T21:25:23.885714-08:00,read,key_60,1.63,true,false,1132
2025-11-27T21:25:23.896173-08:00,read,key_637,1.81,true,false,278
2025-11-27T21:25:23.907406-08:00,read,key_678,2.11,true,false,1346
2025-11-27T21:25:23.918568-08:00,read,key_218,2.02,true,false,1318
2025-11-27T21:25:23.929524-08:00,read,key_636,1.47,true,false,1698
2025-11-27T21:25:23.940652-08:00,read,key_559,1.71,true,false,627
2025-11-27T21:25:23.951363-08:00,read,key_679,1.91,true,false,1743
2025-11-27T21:25:23.656023-08:00,write,key_677,306.33,true,false,1804
2025-11-27T21:25:23.961846-08:00,read,key_1,1.29,true,false,1597
2025-11-27T21:25:23.994961-08:00,read,key_791,1.83,true,false,1720
2025-11-27T21:25:24.006107-08:00,read,key_426,1.67,true,false,624
2025-11-27T21:25:24.016983-08:00,read,key_752,2.30,true,false,1739
2025-11-27T21:25:24.028051-08:00,read,key_268,1.61,true,false,499
2025-11-27T21:25:24.039183-08:00,read,key_698,2.07,true,false,1613
2025-11-27T21:25:24.050544-08:00,read,key_176,2.25,true,false,1750
2025-11-27T21:25:24.061521-08:00,read,key_468,1.70,true,false,1534
2025-11-27T21:25:24.072678-08:00,read,key_576,2.00,true,false,1794
2025-11-27T21:25:23.777351-08:00,write,key_205,308.65,true,false,1804
2025-11-27T21:25:24.094054-08:00,read,key_941,1.80,true,false,1138
2025-11-27T21:25:24.10497-08:00,read,key_525,3.46,true,false,1764
2025-11-27T21:25:24.11595-08:00,read,key_648,1.77,true,false,1779
2025-11-27T21:25:24.126878-08:00,read,key_538,1.29,true,false,1434
2025-11-27T21:25:24.138385-08:00,read,key_482,1.89,true,false,1750
2025-11-27T21:25:24.171506-08:00,read,key_472,2.08,true,false,1790
2025-11-27T21:25:24.182723-08:00,read,key_460,2.58,true,false,1549
2025-11-27T21:25:24.193899-08:00,read,key_589,1.59,true,false,1715
2025-11-27T21:25:24.216236-08:00,read,key_986,3.80,true,false,1552
2025-11-27T21:25:24.227219-08:00,read,key_320,1.75,true,false,1800
2025-11-27T21:25:24.238368-08:00,read,key_512,1.82,true,false,841
2025-11-27T21:25:24.249491-08:00,read,key_52,1.37,true,false,1398
2025-11-27T21:25:24.260851-08:00,read,key_745,2.13,true,false,653
2025-11-27T21:25:23.97282-08:00,write,key_511,305.80,true,false,1805
2025-11-27T21:25:24.282149-08:00,read,key_705,1.50,true,false,1421
2025-11-27T21:25:23.983967-08:00,write,key_306,303.69,true,false,1805
2025-11-27T21:25:24.29286-08:00,read,key_269,2.03,false,false,0
2025-11-27T21:25:24.304018-08:00,read,key_672,2.09,true,false,1723
2025-11-27T21:25:24.315201-08:00,read,key_604,7.08,true,false,961
2025-11-27T21:25:24.325741-08:00,read,key_563,3.17,true,false,1069
2025-11-27T21:25:24.336211-08:00,read,key_485,3.47,true,false,1219
2025-11-27T21:25:24.346579-08:00,read,key_674,1.71,true,false,1699
2025-11-27T21:25:24.357127-08:00,read,key_89,1.66,true,false,1783
2025-11-27T21:25:24.368266-08:00,read,key_218,2.30,true,false,1318
2025-11-27T21:25:24.083023-08:00,write,key_645,307.96,true,false,1806
2025-11-27T21:25:24.390646-08:00,read,key_745,1.39,true,false,653
2025-11-27T21:25:24.402768-08:00,read,key_252,3.06,true,false,1694
2025-11-27T21:25:24.413761-08:00,read,key_642,1.65,true,false,344
2025-11-27T21:25:24.436001-08:00,read,key_804,1.71,true,false,1476
2025-11-27T21:25:24.446507-08:00,read,key_650,3.40,true,true,261
2025-11-27T21:25:24.149191-08:00,write,key_282,304.97,true,false,1807
2025-11-27T21:25:24.456872-08:00,read,key_507,1.19,true,false,1727
2025-11-27T21:25:24.160352-08:00,write,key_811,306.24,true,false,1806
2025-11-27T21:25:24.467007-08:00,read,key_111,3.00,true,false,1544
2025-11-27T21:25:24.477993-08:00,read,key_925,1.59,true,false,889
2025-11-27T21:25:24.489117-08:00,read,key_212,1.77,true,false,1392
2025-11-27T21:25:24.500214-08:00,read,key_305,1.66,true,false,1221
2025-11-27T21:25:24.511303-08:00,read,key_479,1.24,true,false,1402
2025-11-27T21:25:24.205046-08:00,write,key_571,307.50,true,false,1805
2025-11-27T21:25:24.52241-08:00,read,key_491,1.99,true,false,1786
2025-11-27T21:25:24.5335-08:00,read,key_865,1.60,true,false,1626
2025-11-27T21:25:24.555672-08:00,read,key_925,1.63,true,false,889
2025-11-27T21:25:24.566723-08:00,read,key_741,1.62,true,false,1798
2025-11-27T21:25:24.271642-08:00,write,key_436,305.28,true,false,1806
2025-11-27T21:25:24.57694-08:00,read,key_862,0.66,true,false,1652
2025-11-27T21:25:24.588025-08:00,read,key_859,1.18,true,false,1528
2025-11-27T21:25:24.599107-08:00,read,key_466,1.66,true,false,1795
2025-11-27T21:25:24.609538-08:00,read,key_467,1.60,true,false,1722
2025-11-27T21:25:24.620625-08:00,read,key_399,1.76,true,false,870
2025-11-27T21:25:24.631691-08:00,read,key_226,1.38,true,false,1716
2025-11-27T21:25:24.642776-08:00,read,key_908,1.66,true,false,1745
2025-11-27T21:25:24.653858-08:00,read,key_86,1.52,true,false,1535
2025-11-27T21:25:24.676036-08:00,read,key_649,1.21,true,false,1541
2025-11-27T21:25:24.379444-08:00,write,key_593,305.27,true,false,1807
2025-11-27T21:25:24.686264-08:00,read,key_790,2.75,true,false,1624
2025-11-27T21:25:24.697234-08:00,read,key_670,1.61,true,false,1791
2025-11-27T21:25:24.708303-08:00,read,key_276,1.63,true,false,476
2025-11-27T21:25:24.719507-08:00,read,key_736,1.79,true,false,745
2025-11-27T21:25:24.424885-08:00,write,key_830,305.42,true,false,1808
2025-11-27T21:25:24.741433-08:00,read,key_546,2.32,true,false,1373
2025-11-27T21:25:24.751846-08:00,read,key_219,2.22,true,false,1456
2025-11-27T21:25:24.763181-08:00,read,key_58,2.05,true,false,1466
2025-11-27T21:25:24.774281-08:00,read,key_853,1.62,true,false,1724
2025-11-27T21:25:24.796477-08:00,read,key_506,3.98,true,false,1465
2025-11-27T21:25:24.808319-08:00,read,key_902,1.21,true,false,1541
2025-11-27T21:25:24.819479-08:00,read,key_180,1.46,true,false,1413
2025-11-27T21:25:24.830626-08:00,read,key_482,1.57,true,false,1750
2025-11-27T21:25:24.841922-08:00,read,key_421,1.53,true,false,1162
2025-11-27T21:25:24.544563-08:00,write,key_677,304.74,true,false,1808
2025-11-27T21:25:24.852306-08:00,read,key_274,1.20,true,false,1791
2025-11-27T21:25:24.863408-08:00,read,key_854,1.39,true,false,1743
2025-11-27T21:25:24.874503-08:00,read,key_698,1.53,true,false,1613
2025-11-27T21:25:24.885583-08:00,read,key_6,1.02,true,false,1649
2025-11-27T21:25:24.896679-08:00,read,key_23,1.39,true,false,1305
2025-11-27T21:25:24.907743-08:00,read,key_299,1.16,true,false,1775
2025-11-27T21:25:24.918793-08:00,read,key_173,1.29,true,false,111
2025-11-27T21:25:24.929904-08:00,read,key_470,1.42,true,false,1227
2025-11-27T21:25:24.941022-08:00,read,key_133,1.37,true,false,1716
2025-11-27T21:25:24.963185-08:00,read,key_621,1.68,true,false,1247
2025-11-27T21:25:24.66493-08:00,write,key_164,305.41,true,false,1809
2025-11-27T21:25:24.973632-08:00,read,key_756,1.24,true,false,1532
2025-11-27T21:25:24.984651-08:00,read,key_369,1.32,true,false,1671
2025-11-27T21:25:24.995758-08:00,read,key_648,1.39,true,false,1779
2025-11-27T21:25:25.006852-08:00,read,key_119,1.52,true,false,1477
2025-11-27T21:25:25.017773-08:00,read,key_389,1.40,true,false,1661
2025-11-27T21:25:25.028332-08:00,read,key_367,1.55,true,false,1381
2025-11-27T21:25:24.730311-08:00,write,key_590,305.16,true,false,1809
2025-11-27T21:25:25.038787-08:00,read,key_399,1.48,true,false,870
2025-11-27T21:25:25.060925-08:00,read,key_790,1.41,true,false,1624
2025-11-27T21:25:25.071997-08:00,read,key_463,1.52,true,false,1483
2025-11-27T21:25:25.083062-08:00,read,key_689,1.45,true,false,1707
2025-11-27T21:25:24.785387-08:00,write,key_768,303.92,true,false,1809
2025-11-27T21:25:25.093608-08:00,read,key_229,1.11,true,false,1797
2025-11-27T21:25:25.126727-08:00,read,key_863,1.86,true,false,1680
2025-11-27T21:25:25.149095-08:00,read,key_334,3.89,true,false,1655
2025-11-27T21:25:25.160511-08:00,read,key_253,1.90,true,false,1518
2025-11-27T21:25:25.170417-08:00,read,key_388,1.87,true,false,1685
2025-11-27T21:25:25.180728-08:00,read,key_497,4.93,true,false,1025
2025-11-27T21:25:25.191552-08:00,read,key_608,2.30,true,false,1057
2025-11-27T21:25:25.202286-08:00,read,key_402,1.99,true,false,1213
2025-11-27T21:25:25.213467-08:00,read,key_905,1.56,true,false,1750
2025-11-27T21:25:25.223655-08:00,read,key_823,1.45,true,false,841
2025-11-27T21:25:25.245134-08:00,read,key_780,2.35,true,false,623
2025-11-27T21:25:24.952096-08:00,write,key_157,304.61,true,false,1809
2025-11-27T21:25:25.256243-08:00,read,key_7,1.78,true,false,1759
2025-11-27T21:25:25.266764-08:00,read,key_865,4.14,true,false,1626
2025-11-27T21:25:25.277793-08:00,read,key_526,1.80,true,false,1529
2025-11-27T21:25:25.28834-08:00,read,key_574,1.69,true,false,1673
2025-11-27T21:25:25.299541-08:00,read,key_255,1.89,true,false,1482
2025-11-27T21:25:25.310653-08:00,read,key_774,1.59,true,false,1656
2025-11-27T21:25:25.333064-08:00,read,key_839,2.56,true,false,828
2025-11-27T21:25:25.344163-08:00,read,key_279,1.38,true,false,632
2025-11-27T21:25:25.049861-08:00,write,key_3,305.23,true,false,1810
2025-11-27T21:25:25.354611-08:00,read,key_323,1.42,true,false,1775
2025-11-27T21:25:25.36576-08:00,read,key_846,1.66,true,false,1797
2025-11-27T21:25:25.376239-08:00,read,key_20,2.28,true,false,1218
2025-11-27T21:25:25.387386-08:00,read,key_306,1.81,true,false,1805
2025-11-27T21:25:25.397998-08:00,read,key_391,1.66,true,false,1523
2025-11-27T21:25:25.104444-08:00,write,key_725,306.18,true,false,1811
2025-11-27T21:25:25.419331-08:00,read,key_135,1.69,true,false,1740
2025-11-27T21:25:25.115617-08:00,write,key_345,309.56,true,false,1812
2025-11-27T21:25:25.430003-08:00,read,key_101,1.58,true,false,822
2025-11-27T21:25:25.13789-08:00,write,key_178,306.02,true,false,1810
2025-11-27T21:25:25.441145-08:00,read,key_367,4.01,true,false,1381
2025-11-27T21:25:25.452254-08:00,read,key_430,1.64,true,false,1149
2025-11-27T21:25:25.462703-08:00,read,key_857,1.61,true,false,1443
2025-11-27T21:25:25.473216-08:00,read,key_598,1.56,true,false,460
2025-11-27T21:25:25.484862-08:00,read,key_581,2.79,true,false,1632
2025-11-27T21:25:25.495932-08:00,read,key_805,1.92,true,false,1511
2025-11-27T21:25:25.507103-08:00,read,key_805,1.87,true,false,1511
2025-11-27T21:25:25.517938-08:00,read,key_491,1.85,true,false,1786
2025-11-27T21:25:25.529101-08:00,read,key_279,1.61,true,false,632
2025-11-27T21:25:25.540231-08:00,read,key_130,1.19,true,false,1428
2025-11-27T21:25:25.23492-08:00,write,key_283,307.79,true,false,1810
2025-11-27T21:25:25.551999-08:00,read,key_130,2.59,true,false,1428
2025-11-27T21:25:25.56275-08:00,read,key_301,1.77,true,false,1208
2025-11-27T21:25:25.573899-08:00,read,key_418,1.47,false,false,0
2025-11-27T21:25:25.585191-08:00,read,key_339,2.15,false,false,0
2025-11-27T21:25:25.596335-08:00,read,key_903,1.73,true,false,1566
2025-11-27T21:25:25.607538-08:00,read,key_134,1.66,true,false,1554
2025-11-27T21:25:25.618279-08:00,read,key_600,1.61,true,false,1496
2025-11-27T21:25:25.321873-08:00,write,key_754,308.73,true,false,1813
2025-11-27T21:25:25.629486-08:00,read,key_284,3.58,true,false,1537
2025-11-27T21:25:25.640413-08:00,read,key_840,1.73,true,false,1727
2025-11-27T21:25:25.651315-08:00,read,key_860,1.77,true,false,1784
2025-11-27T21:25:25.684843-08:00,read,key_789,2.52,true,false,1665
2025-11-27T21:25:25.695951-08:00,read,key_977,2.17,true,false,821
2025-11-27T21:25:25.707101-08:00,read,key_548,1.48,true,false,905
2025-11-27T21:25:25.409163-08:00,write,key_860,310.67,true,false,1814
2025-11-27T21:25:25.717569-08:00,read,key_844,2.69,false,false,0
2025-11-27T21:25:25.73983-08:00,read,key_80,1.50,true,false,1765
2025-11-27T21:25:25.750959-08:00,read,key_33,2.37,true,false,1737
2025-11-27T21:25:25.76171-08:00,read,key_309,1.84,true,false,1713
2025-11-27T21:25:25.772888-08:00,read,key_853,1.79,true,false,1724
2025-11-27T21:25:25.783657-08:00,read,key_745,2.80,true,false,653
2025-11-27T21:25:25.794024-08:00,read,key_588,1.31,true,false,1764
2025-11-27T21:25:25.805156-08:00,read,key_132,1.87,true,false,1557
2025-11-27T21:25:25.815646-08:00,read,key_690,1.96,true,false,1171
2025-11-27T21:25:25.826984-08:00,read,key_198,1.85,true,false,1277
2025-11-27T21:25:25.849254-08:00,read,key_469,1.89,true,false,1763
2025-11-27T21:25:25.859583-08:00,read,key_254,4.64,true,false,1782
2025-11-27T21:25:25.869874-08:00,read,key_741,1.62,true,false,1798
2025-11-27T21:25:25.880054-08:00,read,key_605,1.38,false,false,0
2025-11-27T21:25:25.891239-08:00,read,key_125,2.15,true,false,1326
2025-11-27T21:25:25.902374-08:00,read,key_268,1.96,true,false,499
2025-11-27T21:25:25.913514-08:00,read,key_113,1.95,true,false,1561
2025-11-27T21:25:25.924645-08:00,read,key_348,2.91,true,false,615
2025-11-27T21:25:25.935701-08:00,read,key_842,1.77,true,false,1675
2025-11-27T21:25:25.946761-08:00,read,key_61,1.77,true,false,1561
2025-11-27T21:25:25.95793-08:00,read,key_363,2.35,true,false,607
2025-11-27T21:25:25.968961-08:00,read,key_433,1.75,true,false,1777
2025-11-27T21:25:25.662486-08:00,write,key_835,308.23,true,false,1814
2025-11-27T21:25:25.673672-08:00,write,key_647,305.76,true,false,1814
2025-11-27T21:25:25.979092-08:00,read,key_677,1.09,true,false,1808
2025-11-27T21:25:25.989285-08:00,read,key_437,1.81,true,false,1741
2025-11-27T21:25:25.999615-08:00,read,key_320,2.05,true,false,1800
2025-11-27T21:25:26.010777-08:00,read,key_985,1.78,true,false,1753
2025-11-27T21:25:26.021024-08:00,read,key_399,1.75,true,false,870
2025-11-27T21:25:26.032194-08:00,read,key_582,1.42,true,false,1646
2025-11-27T21:25:25.72863-08:00,write,key_58,305.17,true,false,1815
2025-11-27T21:25:26.043756-08:00,read,key_183,1.51,true,false,1693
2025-11-27T21:25:26.054434-08:00,read,key_231,1.77,true,false,1445
2025-11-27T21:25:26.065397-08:00,read,key_708,2.13,true,false,1480
2025-11-27T21:25:26.076187-08:00,read,key_273,1.70,true,false,566
2025-11-27T21:25:26.087297-08:00,read,key_423,1.65,true,false,1702
2025-11-27T21:25:26.098386-08:00,read,key_980,1.73,true,false,1625
2025-11-27T21:25:26.109498-08:00,read,key_369,1.75,true,false,1671
2025-11-27T21:25:26.131748-08:00,read,key_867,2.03,true,false,1771
2025-11-27T21:25:25.838134-08:00,write,key_889,308.48,true,false,1815
2025-11-27T21:25:26.153115-08:00,read,key_381,0.86,true,false,1693
2025-11-27T21:25:26.163291-08:00,read,key_7,2.01,true,false,1759
2025-11-27T21:25:26.174175-08:00,read,key_444,0.92,true,false,868
2025-11-27T21:25:26.195786-08:00,read,key_559,0.72,true,false,627
2025-11-27T21:25:26.207053-08:00,read,key_689,0.53,true,false,1707
2025-11-27T21:25:26.217886-08:00,read,key_516,0.88,true,false,1698
2025-11-27T21:25:26.229119-08:00,read,key_865,0.74,true,false,1626
2025-11-27T21:25:26.239731-08:00,read,key_212,0.70,true,false,1392
2025-11-27T21:25:26.251041-08:00,read,key_976,0.85,true,false,1671
2025-11-27T21:25:26.261382-08:00,read,key_138,0.81,true,false,1558
2025-11-27T21:25:26.272571-08:00,read,key_635,0.82,true,false,1087
2025-11-27T21:25:26.283723-08:00,read,key_599,2.68,true,false,1569
2025-11-27T21:25:26.294762-08:00,read,key_341,1.94,true,false,620
2025-11-27T21:25:26.304936-08:00,read,key_499,1.76,true,false,1731
2025-11-27T21:25:26.316086-08:00,read,key_869,2.38,true,false,1592
2025-11-27T21:25:26.328166-08:00,read,key_157,2.34,true,false,1816
2025-11-27T21:25:26.349449-08:00,read,key_112,2.08,true,false,1366
2025-11-27T21:25:26.371703-08:00,read,key_542,1.82,true,false,686
2025-11-27T21:25:26.381887-08:00,read,key_757,1.87,true,false,1602
2025-11-27T21:25:26.392145-08:00,read,key_427,1.83,true,false,1071
2025-11-27T21:25:26.403202-08:00,read,key_924,2.07,false,false,0
2025-11-27T21:25:26.414318-08:00,read,key_678,1.65,true,false,1346
2025-11-27T21:25:26.425259-08:00,read,key_406,4.06,true,false,1137
2025-11-27T21:25:26.120586-08:00,write,key_157,309.95,true,false,1816
2025-11-27T21:25:26.435978-08:00,read,key_217,1.51,true,false,1302
2025-11-27T21:25:26.447151-08:00,read,key_521,2.58,true,false,886
2025-11-27T21:25:26.142285-08:00,write,key_158,307.44,true,false,1816
2025-11-27T21:25:26.469321-08:00,read,key_673,1.62,true,false,309
2025-11-27T21:25:26.480424-08:00,read,key_676,1.69,true,false,1677
2025-11-27T21:25:26.490952-08:00,read,key_733,1.74,true,false,264
2025-11-27T21:25:26.18458-08:00,write,key_272,312.06,true,false,1816
2025-11-27T21:25:26.501579-08:00,read,key_956,1.41,true,false,1725
2025-11-27T21:25:26.512681-08:00,read,key_780,1.66,true,false,623
2025-11-27T21:25:26.523768-08:00,read,key_739,1.67,true,false,1756
2025-11-27T21:25:26.534845-08:00,read,key_119,1.15,true,false,1477
2025-11-27T21:25:26.557-08:00,read,key_475,1.73,true,false,1417
2025-11-27T21:25:26.567815-08:00,read,key_105,1.99,true,false,864
2025-11-27T21:25:26.578891-08:00,read,key_413,3.70,true,false,1780
2025-11-27T21:25:26.589767-08:00,read,key_852,1.69,true,false,1220
2025-11-27T21:25:26.600151-08:00,read,key_56,3.22,true,false,1513
2025-11-27T21:25:26.611175-08:00,read,key_486,1.99,true,false,1362
2025-11-27T21:25:26.621614-08:00,read,key_346,1.87,true,false,626
2025-11-27T21:25:26.632135-08:00,read,key_121,1.43,true,false,821
2025-11-27T21:25:26.643234-08:00,read,key_855,1.80,true,false,1487
2025-11-27T21:25:26.338075-08:00,write,key_945,309.42,true,false,1817
2025-11-27T21:25:26.654077-08:00,read,key_992,1.73,true,false,1000
2025-11-27T21:25:26.360621-08:00,write,key_138,305.81,true,false,1817
2025-11-27T21:25:26.66522-08:00,read,key_528,1.41,true,false,152
2025-11-27T21:25:26.676-08:00,read,key_150,2.13,true,false,1755
2025-11-27T21:25:26.68673-08:00,read,key_33,1.81,true,false,1737
2025-11-27T21:25:26.697151-08:00,read,key_218,1.81,true,false,1318
2025-11-27T21:25:26.708348-08:00,read,key_700,1.33,true,false,1751
2025-11-27T21:25:26.730295-08:00,read,key_427,1.90,true,false,1071
2025-11-27T21:25:26.741538-08:00,read,key_750,2.08,true,false,1756
2025-11-27T21:25:26.752759-08:00,read,key_780,2.32,true,false,623
2025-11-27T21:25:26.76388-08:00,read,key_698,1.70,true,false,1613
2025-11-27T21:25:26.458221-08:00,write,key_283,308.08,true,false,1818
2025-11-27T21:25:26.785296-08:00,read,key_394,2.03,true,false,1731
2025-11-27T21:25:26.796456-08:00,read,key_423,1.85,true,false,1702
2025-11-27T21:25:26.807578-08:00,read,key_835,1.65,true,false,1814
2025-11-27T21:25:26.818703-08:00,read,key_683,1.83,true,false,1706
2025-11-27T21:25:26.829793-08:00,read,key_29,2.00,true,false,1236
2025-11-27T21:25:26.84094-08:00,read,key_595,1.99,true,false,1731
2025-11-27T21:25:26.852115-08:00,read,key_514,1.96,true,false,1627
2025-11-27T21:25:26.545951-08:00,write,key_139,308.75,true,false,1819
2025-11-27T21:25:26.862751-08:00,read,key_570,2.32,true,false,1499
2025-11-27T21:25:26.873325-08:00,read,key_624,1.48,true,false,1359
2025-11-27T21:25:26.895555-08:00,read,key_418,1.72,false,false,0
2025-11-27T21:25:26.906617-08:00,read,key_852,3.02,true,false,1220
2025-11-27T21:25:26.91758-08:00,read,key_607,1.32,true,false,1033
2025-11-27T21:25:26.928751-08:00,read,key_59,3.10,true,false,1479
2025-11-27T21:25:26.939772-08:00,read,key_223,1.82,true,false,1772
2025-11-27T21:25:26.950415-08:00,read,key_479,1.96,true,false,1402
2025-11-27T21:25:26.972801-08:00,read,key_258,1.71,true,false,1563
2025-11-27T21:25:26.983575-08:00,read,key_807,2.33,true,false,1585
2025-11-27T21:25:27.005858-08:00,read,key_865,1.58,true,false,1626
2025-11-27T21:25:27.016918-08:00,read,key_380,2.13,true,false,1700
2025-11-27T21:25:26.719245-08:00,write,key_745,306.60,true,false,1818
2025-11-27T21:25:27.027187-08:00,read,key_637,1.35,true,false,278
2025-11-27T21:25:27.038259-08:00,read,key_348,3.02,true,false,615
2025-11-27T21:25:27.048843-08:00,read,key_740,1.50,true,false,1669
2025-11-27T21:25:27.059886-08:00,read,key_984,1.87,true,false,1498
2025-11-27T21:25:27.07104-08:00,read,key_326,1.82,true,false,766
2025-11-27T21:25:26.774908-08:00,write,key_331,306.80,true,false,1820
2025-11-27T21:25:27.08175-08:00,read,key_333,1.15,true,false,1184
2025-11-27T21:25:27.09333-08:00,read,key_531,2.13,true,false,774
2025-11-27T21:25:27.104488-08:00,read,key_550,1.76,true,false,1672
2025-11-27T21:25:27.115608-08:00,read,key_309,1.67,true,false,1713
2025-11-27T21:25:27.126781-08:00,read,key_795,1.91,true,false,1769
2025-11-27T21:25:27.138002-08:00,read,key_869,1.84,true,false,1592
2025-11-27T21:25:27.148278-08:00,read,key_180,1.57,true,false,1413
2025-11-27T21:25:27.15945-08:00,read,key_868,2.00,true,false,319
2025-11-27T21:25:27.170549-08:00,read,key_794,2.31,true,false,846
2025-11-27T21:25:27.181653-08:00,read,key_908,1.27,true,false,1745
2025-11-27T21:25:26.884438-08:00,write,key_273,305.08,true,false,1821
2025-11-27T21:25:27.192045-08:00,read,key_460,1.98,true,false,1549
2025-11-27T21:25:27.214348-08:00,read,key_638,1.96,true,false,1780
2025-11-27T21:25:27.224731-08:00,read,key_684,1.69,true,false,70
2025-11-27T21:25:27.245703-08:00,read,key_178,1.67,true,false,1810
2025-11-27T21:25:27.256855-08:00,read,key_929,4.90,true,false,1796
2025-11-27T21:25:27.267804-08:00,read,key_369,2.41,true,false,1671
2025-11-27T21:25:26.961595-08:00,write,key_943,308.82,true,false,1821
2025-11-27T21:25:27.278909-08:00,read,key_729,1.50,true,false,1754
2025-11-27T21:25:27.289154-08:00,read,key_179,1.83,true,false,834
2025-11-27T21:25:26.994704-08:00,write,key_591,308.85,true,false,1822
2025-11-27T21:25:27.300432-08:00,read,key_126,3.13,true,false,991
2025-11-27T21:25:27.310934-08:00,read,key_573,1.93,true,false,1593
2025-11-27T21:25:27.321961-08:00,read,key_177,1.98,true,false,1767
2025-11-27T21:25:27.333129-08:00,read,key_783,3.40,true,false,1671
2025-11-27T21:25:27.343637-08:00,read,key_513,2.78,true,false,1640
2025-11-27T21:25:27.354674-08:00,read,key_20,1.13,true,false,1218
2025-11-27T21:25:27.365858-08:00,read,key_340,0.89,true,false,820
2025-11-27T21:25:27.377316-08:00,read,key_518,2.02,true,false,736
2025-11-27T21:25:27.388464-08:00,read,key_337,1.80,true,false,1660
2025-11-27T21:25:27.399589-08:00,read,key_62,2.11,true,false,1061
2025-11-27T21:25:27.410952-08:00,read,key_849,1.83,true,false,1118
2025-11-27T21:25:27.422123-08:00,read,key_185,2.24,true,false,1800
2025-11-27T21:25:27.43335-08:00,read,key_439,3.64,true,false,1793
2025-11-27T21:25:27.444579-08:00,read,key_240,3.21,true,false,1181
2025-11-27T21:25:27.455647-08:00,read,key_122,2.14,true,false,1594
2025-11-27T21:25:27.466818-08:00,read,key_634,3.99,true,false,1659
2025-11-27T21:25:27.477941-08:00,read,key_589,2.74,true,false,1715
2025-11-27T21:25:27.488333-08:00,read,key_840,2.09,true,false,1727
2025-11-27T21:25:27.203218-08:00,write,key_308,309.57,true,false,1823
2025-11-27T21:25:27.510514-08:00,read,key_908,3.56,true,false,1745
2025-11-27T21:25:27.521121-08:00,read,key_829,2.04,true,false,828
2025-11-27T21:25:27.531308-08:00,read,key_309,2.05,true,false,1713
2025-11-27T21:25:27.235491-08:00,write,key_130,310.67,true,false,1823
2025-11-27T21:25:27.542572-08:00,read,key_393,4.08,true,false,567
2025-11-27T21:25:27.553418-08:00,read,key_377,1.58,true,false,1183
2025-11-27T21:25:27.564508-08:00,read,key_630,1.70,true,false,1366
2025-11-27T21:25:27.575717-08:00,read,key_748,3.35,true,false,1758
2025-11-27T21:25:27.586696-08:00,read,key_423,1.71,true,false,1702
2025-11-27T21:25:27.59747-08:00,read,key_335,1.60,false,false,0
2025-11-27T21:25:27.60865-08:00,read,key_225,2.62,true,false,1781
2025-11-27T21:25:27.619677-08:00,read,key_478,1.82,true,false,1732
2025-11-27T21:25:27.630756-08:00,read,key_464,1.76,true,false,1497
2025-11-27T21:25:27.641963-08:00,read,key_757,3.34,true,false,1602
2025-11-27T21:25:27.652423-08:00,read,key_254,1.71,true,false,1782
2025-11-27T21:25:27.663524-08:00,read,key_106,1.66,true,false,1437
2025-11-27T21:25:27.674178-08:00,read,key_849,1.85,true,false,1118
2025-11-27T21:25:27.686325-08:00,read,key_743,2.04,true,false,894
2025-11-27T21:25:27.697431-08:00,read,key_286,1.69,true,false,1787
2025-11-27T21:25:27.708632-08:00,read,key_865,2.12,true,false,1626
2025-11-27T21:25:27.719919-08:00,read,key_117,1.64,true,false,1799
2025-11-27T21:25:27.731017-08:00,read,key_832,1.69,true,false,761
2025-11-27T21:25:27.74227-08:00,read,key_621,2.99,true,false,1247
2025-11-27T21:25:27.753237-08:00,read,key_785,1.45,true,false,1793
2025-11-27T21:25:27.764305-08:00,read,key_634,1.57,true,false,1659
2025-11-27T21:25:27.775531-08:00,read,key_912,2.03,true,false,677
2025-11-27T21:25:27.786673-08:00,read,key_734,1.74,false,false,0
2025-11-27T21:25:27.797823-08:00,read,key_341,2.29,true,false,620
2025-11-27T21:25:27.49933-08:00,write,key_795,311.23,true,false,1823
2025-11-27T21:25:27.810209-08:00,read,key_96,1.66,true,false,1450
2025-11-27T21:25:27.821149-08:00,read,key_958,2.43,true,false,1762
2025-11-27T21:25:27.832249-08:00,read,key_391,3.00,true,false,1523
2025-11-27T21:25:27.843496-08:00,read,key_84,2.33,true,false,1730
2025-11-27T21:25:27.854691-08:00,read,key_811,2.44,true,false,1806
2025-11-27T21:25:27.876792-08:00,read,key_983,2.63,true,false,1339
2025-11-27T21:25:27.887943-08:00,read,key_400,2.33,true,false,1373
2025-11-27T21:25:27.898998-08:00,read,key_560,3.68,true,false,1512
2025-11-27T21:25:27.909975-08:00,read,key_591,1.46,true,false,1822
2025-11-27T21:25:27.921091-08:00,read,key_849,1.84,true,false,1118
2025-11-27T21:25:27.931986-08:00,read,key_113,1.83,true,false,1561
2025-11-27T21:25:27.943062-08:00,read,key_347,2.71,true,false,858
2025-11-27T21:25:27.953548-08:00,read,key_604,1.62,true,false,961
2025-11-27T21:25:27.964733-08:00,read,key_868,1.94,true,false,319
2025-11-27T21:25:27.9753-08:00,read,key_677,2.15,true,false,1808
2025-11-27T21:25:27.985908-08:00,read,key_24,1.79,true,false,1428
2025-11-27T21:25:27.996198-08:00,read,key_59,1.85,true,false,1479
2025-11-27T21:25:28.006881-08:00,read,key_289,1.69,true,false,1622
2025-11-27T21:25:28.017937-08:00,read,key_225,1.92,true,false,1781
2025-11-27T21:25:28.028456-08:00,read,key_558,1.72,true,false,1772
2025-11-27T21:25:28.03944-08:00,read,key_805,1.80,true,false,1511
2025-11-27T21:25:28.050601-08:00,read,key_589,2.07,true,false,1715
2025-11-27T21:25:28.061087-08:00,read,key_335,1.95,false,false,0
2025-11-27T21:25:28.071639-08:00,read,key_463,2.08,true,false,1483
2025-11-27T21:25:28.082794-08:00,read,key_534,1.94,false,false,0
2025-11-27T21:25:28.093473-08:00,read,key_228,1.81,true,false,1768
2025-11-27T21:25:28.104637-08:00,read,key_804,2.21,true,false,1476
2025-11-27T21:25:28.126435-08:00,read,key_334,4.14,true,false,1655
2025-11-27T21:25:28.137312-08:00,read,key_460,1.88,true,false,1549
2025-11-27T21:25:28.147924-08:00,read,key_750,1.80,true,false,1756
2025-11-27T21:25:28.160809-08:00,read,key_649,2.02,true,false,1541
2025-11-27T21:25:27.865852-08:00,write,key_439,311.81,true,false,1824
2025-11-27T21:25:28.193197-08:00,read,key_997,0.87,true,false,1109
2025-11-27T21:25:28.20436-08:00,read,key_724,0.78,true,false,898
2025-11-27T21:25:28.214824-08:00,read,key_338,1.81,true,false,1743
2025-11-27T21:25:28.226025-08:00,read,key_727,2.01,true,false,1348
2025-11-27T21:25:28.237172-08:00,read,key_635,1.85,true,false,1087
2025-11-27T21:25:28.247736-08:00,read,key_746,5.21,true,false,1431
2025-11-27T21:25:28.258501-08:00,read,key_278,1.00,true,false,547
2025-11-27T21:25:28.269684-08:00,read,key_335,0.84,false,false,0
2025-11-27T21:25:28.280867-08:00,read,key_71,0.80,true,false,1518
2025-11-27T21:25:28.291184-08:00,read,key_343,1.23,true,false,1506
2025-11-27T21:25:28.313295-08:00,read,key_304,1.05,true,false,1549
2025-11-27T21:25:28.324516-08:00,read,key_842,0.85,true,false,1675
2025-11-27T21:25:28.346108-08:00,read,key_702,0.90,true,false,1681
2025-11-27T21:25:28.357321-08:00,read,key_781,1.32,true,false,1694
2025-11-27T21:25:28.368464-08:00,read,key_333,1.54,true,false,1184
2025-11-27T21:25:28.378714-08:00,read,key_150,0.64,true,false,1755
2025-11-27T21:25:28.389877-08:00,read,key_74,0.72,true,false,1510
2025-11-27T21:25:28.401192-08:00,read,key_473,1.17,true,false,1802
2025-11-27T21:25:28.412378-08:00,read,key_266,0.88,true,false,495
2025-11-27T21:25:28.115764-08:00,write,key_336,307.39,true,false,1825
2025-11-27T21:25:28.42317-08:00,read,key_543,0.54,true,false,1455
2025-11-27T21:25:28.445516-08:00,read,key_606,1.96,true,false,203
2025-11-27T21:25:28.456715-08:00,read,key_116,0.86,true,false,347
2025-11-27T21:25:28.467594-08:00,read,key_236,0.95,true,false,1685
2025-11-27T21:25:28.479181-08:00,read,key_789,1.67,true,false,1665
2025-11-27T21:25:28.17158-08:00,write,key_225,310.46,true,false,1826
2025-11-27T21:25:28.182187-08:00,write,key_52,307.39,true,false,1825
2025-11-27T21:25:28.489596-08:00,read,key_317,1.31,true,false,1792
2025-11-27T21:25:28.500798-08:00,read,key_136,2.37,true,false,1431
2025-11-27T21:25:28.511931-08:00,read,key_171,1.77,false,false,0
2025-11-27T21:25:28.523115-08:00,read,key_23,2.31,true,false,1305
2025-11-27T21:25:28.534022-08:00,read,key_901,3.64,true,false,1764
2025-11-27T21:25:28.545155-08:00,read,key_172,2.87,true,false,1581
2025-11-27T21:25:28.55623-08:00,read,key_53,2.20,true,false,1535
2025-11-27T21:25:28.56772-08:00,read,key_331,3.07,true,false,1820
2025-11-27T21:25:28.577817-08:00,read,key_603,2.46,true,false,1094
2025-11-27T21:25:28.599964-08:00,read,key_272,2.38,true,false,1816
2025-11-27T21:25:28.302515-08:00,write,key_283,303.86,true,false,1827
2025-11-27T21:25:28.610619-08:00,read,key_153,1.54,true,false,1575
2025-11-27T21:25:28.621625-08:00,read,key_390,1.88,true,false,1537
2025-11-27T21:25:28.632338-08:00,read,key_695,2.13,true,false,989
2025-11-27T21:25:28.335338-08:00,write,key_339,309.14,true,false,1828
2025-11-27T21:25:28.643952-08:00,read,key_759,1.72,true,false,1346
2025-11-27T21:25:28.655082-08:00,read,key_783,1.69,true,false,1671
2025-11-27T21:25:28.666194-08:00,read,key_281,1.50,true,false,1508
2025-11-27T21:25:28.677512-08:00,read,key_158,1.69,true,false,1816
2025-11-27T21:25:28.688602-08:00,read,key_181,1.89,true,false,1260
2025-11-27T21:25:28.699713-08:00,read,key_85,1.44,true,false,1608
2025-11-27T21:25:28.722016-08:00,read,key_788,0.83,true,false,1723
2025-11-27T21:25:28.733161-08:00,read,key_35,0.76,true,false,1712
2025-11-27T21:25:28.434407-08:00,write,key_430,311.18,true,false,1829
2025-11-27T21:25:28.744209-08:00,read,key_220,1.82,true,false,642
2025-11-27T21:25:28.788756-08:00,read,key_802,1.73,true,false,1719
2025-11-27T21:25:28.799911-08:00,read,key_195,2.54,true,false,1068
2025-11-27T21:25:28.810528-08:00,read,key_361,1.59,true,false,1503
2025-11-27T21:25:28.820673-08:00,read,key_481,1.26,true,false,1521
2025-11-27T21:25:28.831757-08:00,read,key_769,1.60,true,false,1573
2025-11-27T21:25:28.842897-08:00,read,key_566,1.80,true,false,915
2025-11-27T21:25:28.864451-08:00,read,key_153,1.61,true,false,1575
2025-11-27T21:25:28.874614-08:00,read,key_193,3.09,true,false,1239
2025-11-27T21:25:28.885522-08:00,read,key_338,2.62,true,false,1830
2025-11-27T21:25:28.58881-08:00,write,key_338,305.17,true,false,1830
2025-11-27T21:25:28.89576-08:00,read,key_329,1.13,true,false,1793
2025-11-27T21:25:28.906831-08:00,read,key_786,1.70,true,false,1620
2025-11-27T21:25:28.917922-08:00,read,key_562,1.09,true,false,1520
2025-11-27T21:25:28.929067-08:00,read,key_362,1.65,true,false,1655
2025-11-27T21:25:28.951105-08:00,read,key_439,1.11,true,false,1824
2025-11-27T21:25:28.984442-08:00,read,key_29,2.77,true,false,1236
2025-11-27T21:25:28.995433-08:00,read,key_594,3.17,true,false,1746
2025-11-27T21:25:29.006354-08:00,read,key_272,1.42,true,false,1816
2025-11-27T21:25:28.71087-08:00,write,key_844,307.40,true,false,1829
2025-11-27T21:25:29.017491-08:00,read,key_102,1.21,true,false,770
2025-11-27T21:25:29.028493-08:00,read,key_652,1.66,true,false,1495
2025-11-27T21:25:29.039578-08:00,read,key_587,1.66,true,false,785
2025-11-27T21:25:29.050645-08:00,read,key_925,1.19,true,false,889
2025-11-27T21:25:28.755306-08:00,write,key_854,305.48,true,false,1831
2025-11-27T21:25:29.060796-08:00,read,key_151,0.91,true,false,1770
2025-11-27T21:25:28.766395-08:00,write,key_413,303.71,true,false,1831
2025-11-27T21:25:29.070957-08:00,read,key_469,1.11,true,false,1763
2025-11-27T21:25:28.777591-08:00,write,key_300,305.15,true,false,1830
2025-11-27T21:25:29.082024-08:00,read,key_592,1.02,true,false,578
2025-11-27T21:25:29.104349-08:00,read,key_565,1.93,true,false,1552
2025-11-27T21:25:29.115497-08:00,read,key_750,2.49,true,false,1756
2025-11-27T21:25:29.137607-08:00,read,key_738,1.57,true,false,1676
2025-11-27T21:25:29.148512-08:00,read,key_279,1.40,true,false,632
2025-11-27T21:25:28.853381-08:00,write,key_403,307.38,true,false,1832
2025-11-27T21:25:29.158775-08:00,read,key_923,2.33,true,false,1493
2025-11-27T21:25:29.169813-08:00,read,key_434,1.51,true,false,1629
2025-11-27T21:25:29.180328-08:00,read,key_688,2.65,true,false,853
2025-11-27T21:25:29.201828-08:00,read,key_331,1.99,true,false,1820
2025-11-27T21:25:29.212987-08:00,read,key_127,2.29,true,false,983
2025-11-27T21:25:29.223838-08:00,read,key_274,1.31,true,false,1791
2025-11-27T21:25:29.235004-08:00,read,key_301,1.88,true,false,1208
2025-11-27T21:25:28.940178-08:00,write,key_530,306.40,true,false,1831
2025-11-27T21:25:29.245491-08:00,read,key_841,1.58,true,false,1108
2025-11-27T21:25:29.256652-08:00,read,key_805,1.93,true,false,1511
2025-11-27T21:25:28.962192-08:00,write,key_121,307.06,true,false,1833
2025-11-27T21:25:29.267668-08:00,read,key_458,2.51,true,false,1574
2025-11-27T21:25:28.97331-08:00,write,key_121,305.68,true,false,1831
2025-11-27T21:25:29.278481-08:00,read,key_271,1.03,false,false,0
2025-11-27T21:25:29.289754-08:00,read,key_126,1.66,true,false,991
2025-11-27T21:25:29.30026-08:00,read,key_804,2.16,true,false,1476
2025-11-27T21:25:29.31138-08:00,read,key_551,1.73,true,false,1512
2025-11-27T21:25:29.322522-08:00,read,key_310,1.71,true,false,953
2025-11-27T21:25:29.344487-08:00,read,key_361,1.78,true,false,1503
2025-11-27T21:25:29.35564-08:00,read,key_614,1.66,true,false,1531
2025-11-27T21:25:29.366795-08:00,read,key_362,2.37,true,false,1655
2025-11-27T21:25:29.377262-08:00,read,key_133,1.77,true,false,1716
2025-11-27T21:25:29.388425-08:00,read,key_465,1.90,true,false,1503
2025-11-27T21:25:29.093184-08:00,write,key_942,306.48,true,false,1832
2025-11-27T21:25:29.399512-08:00,read,key_476,1.06,true,false,1728
2025-11-27T21:25:29.410671-08:00,read,key_64,2.37,true,false,936
2025-11-27T21:25:29.421853-08:00,read,key_168,1.92,true,false,1278
2025-11-27T21:25:29.126336-08:00,write,key_108,310.05,true,false,1832
2025-11-27T21:25:29.432998-08:00,read,key_903,3.38,true,false,1566
2025-11-27T21:25:29.444182-08:00,read,key_384,2.11,true,false,1706
2025-11-27T21:25:29.455319-08:00,read,key_302,1.95,true,false,1175
2025-11-27T21:25:29.466478-08:00,read,key_247,3.04,false,false,0
2025-11-27T21:25:29.477455-08:00,read,key_404,2.19,true,false,1171
2025-11-27T21:25:29.488316-08:00,read,key_386,2.44,true,false,1021
2025-11-27T21:25:29.191445-08:00,write,key_489,306.96,true,false,1833
2025-11-27T21:25:29.498484-08:00,read,key_735,1.69,true,false,180
2025-11-27T21:25:29.510235-08:00,read,key_162,2.45,true,false,1545
2025-11-27T21:25:29.521314-08:00,read,key_338,2.09,true,false,1830
2025-11-27T21:25:29.543399-08:00,read,key_55,1.84,true,false,1705
2025-11-27T21:25:29.554522-08:00,read,key_816,1.69,false,false,0
2025-11-27T21:25:29.565637-08:00,read,key_986,1.55,true,false,1552
2025-11-27T21:25:29.576392-08:00,read,key_625,2.26,true,false,1798
2025-11-27T21:25:29.587417-08:00,read,key_380,1.78,true,false,1700
2025-11-27T21:25:29.598586-08:00,read,key_254,1.53,true,false,1782
2025-11-27T21:25:29.610288-08:00,read,key_830,2.95,true,false,1808
2025-11-27T21:25:29.621313-08:00,read,key_3,1.79,true,false,1810
2025-11-27T21:25:29.632509-08:00,read,key_837,3.34,true,false,792
2025-11-27T21:25:29.333721-08:00,write,key_238,307.75,true,false,1834
2025-11-27T21:25:29.64282-08:00,read,key_307,1.90,true,false,1718
2025-11-27T21:25:29.65299-08:00,read,key_840,1.61,true,false,1727
2025-11-27T21:25:29.664142-08:00,read,key_675,1.89,true,false,1276
2025-11-27T21:25:29.675104-08:00,read,key_904,2.24,true,false,1461
2025-11-27T21:25:29.686225-08:00,read,key_391,1.74,true,false,1523
2025-11-27T21:25:29.697146-08:00,read,key_164,1.95,true,false,1809
2025-11-27T21:25:29.707409-08:00,read,key_132,1.98,true,false,1557
2025-11-27T21:25:29.718549-08:00,read,key_460,2.04,true,false,1549
2025-11-27T21:25:29.729534-08:00,read,key_716,2.11,true,false,1482
2025-11-27T21:25:29.73982-08:00,read,key_301,1.57,true,false,1208
2025-11-27T21:25:29.751805-08:00,read,key_273,1.58,true,false,1821
2025-11-27T21:25:29.762194-08:00,read,key_784,1.70,true,false,1794
2025-11-27T21:25:29.773423-08:00,read,key_0,1.66,true,false,1515
2025-11-27T21:25:29.784985-08:00,read,key_266,1.47,true,false,495
2025-11-27T21:25:29.807347-08:00,read,key_885,1.91,true,false,1081
2025-11-27T21:25:29.829688-08:00,read,key_758,1.84,true,false,1401
2025-11-27T21:25:29.532486-08:00,write,key_47,307.84,true,false,1834
2025-11-27T21:25:29.8403-08:00,read,key_842,0.95,true,false,1675
2025-11-27T21:25:29.850899-08:00,read,key_691,2.36,true,false,1688
2025-11-27T21:25:29.862014-08:00,read,key_959,1.55,true,false,1781
2025-11-27T21:25:29.872566-08:00,read,key_958,1.77,true,false,1762
2025-11-27T21:25:29.883572-08:00,read,key_311,2.61,true,false,1050
2025-11-27T21:25:29.893982-08:00,read,key_519,1.39,true,false,968
2025-11-27T21:25:29.904169-08:00,read,key_366,1.63,true,false,1095
2025-11-27T21:25:29.915269-08:00,read,key_929,2.09,true,false,1796
2025-11-27T21:25:29.926278-08:00,read,key_397,2.18,true,false,600
2025-11-27T21:25:29.937278-08:00,read,key_783,1.84,true,false,1671
2025-11-27T21:25:29.948431-08:00,read,key_297,1.77,true,false,924
2025-11-27T21:25:29.959593-08:00,read,key_514,2.55,true,false,1627
2025-11-27T21:25:29.970692-08:00,read,key_368,1.79,true,false,1610
2025-11-27T21:25:29.981844-08:00,read,key_721,1.76,true,false,1387
2025-11-27T21:25:29.992319-08:00,read,key_317,2.10,true,false,1792
2025-11-27T21:25:30.003501-08:00,read,key_343,1.87,true,false,1506
2025-11-27T21:25:30.013773-08:00,read,key_808,1.81,true,false,1570
2025-11-27T21:25:30.024887-08:00,read,key_122,1.75,true,false,1594
2025-11-27T21:25:30.036041-08:00,read,key_39,1.65,true,false,1574
2025-11-27T21:25:30.046641-08:00,read,key_25,2.35,true,false,1208
2025-11-27T21:25:30.057733-08:00,read,key_514,2.53,true,false,1627
2025-11-27T21:25:30.068726-08:00,read,key_498,1.45,true,false,1605
2025-11-27T21:25:30.079899-08:00,read,key_950,1.79,true,false,1085
2025-11-27T21:25:30.091099-08:00,read,key_796,1.88,true,false,1402
2025-11-27T21:25:29.796185-08:00,write,key_429,307.02,true,false,1835
2025-11-27T21:25:30.101715-08:00,read,key_725,1.65,true,false,1811
2025-11-27T21:25:30.112861-08:00,read,key_624,1.69,true,false,1359
2025-11-27T21:25:30.124013-08:00,read,key_692,1.67,true,false,515
2025-11-27T21:25:29.818488-08:00,write,key_494,308.95,true,false,1835
2025-11-27T21:25:30.135-08:00,read,key_816,1.49,false,false,0
2025-11-27T21:25:30.145636-08:00,read,key_694,1.84,true,false,1595
2025-11-27T21:25:30.156783-08:00,read,key_419,1.94,true,false,1556
2025-11-27T21:25:30.168205-08:00,read,key_721,2.04,true,false,1387
2025-11-27T21:25:30.179351-08:00,read,key_589,1.71,true,false,1715
2025-11-27T21:25:30.190486-08:00,read,key_23,1.35,true,false,1305
2025-11-27T21:25:30.212508-08:00,read,key_940,2.26,true,false,1467
2025-11-27T21:25:30.222805-08:00,read,key_474,1.71,true,false,1570
2025-11-27T21:25:30.232979-08:00,read,key_342,1.71,true,false,470
2025-11-27T21:25:30.243872-08:00,read,key_308,1.16,true,false,1823
2025-11-27T21:25:30.254927-08:00,read,key_796,1.80,true,false,1402
2025-11-27T21:25:30.26612-08:00,read,key_506,2.15,true,false,1465
2025-11-27T21:25:30.277339-08:00,read,key_380,1.91,true,false,1700
2025-11-27T21:25:30.28849-08:00,read,key_380,1.76,true,false,1700
2025-11-27T21:25:30.29949-08:00,read,key_226,2.47,true,false,1716
2025-11-27T21:25:30.310778-08:00,read,key_134,1.71,true,false,1554
2025-11-27T21:25:30.321729-08:00,read,key_865,1.72,true,false,1626
2025-11-27T21:25:30.332946-08:00,read,key_792,2.15,true,false,1792
2025-11-27T21:25:30.344187-08:00,read,key_629,1.94,true,false,579
2025-11-27T21:25:30.377475-08:00,read,key_847,1.97,true,false,1705
2025-11-27T21:25:30.388611-08:00,read,key_107,1.76,true,false,1784
2025-11-27T21:25:30.39976-08:00,read,key_134,2.68,true,false,1554
2025-11-27T21:25:30.410293-08:00,read,key_744,1.69,true,false,1460
2025-11-27T21:25:30.421444-08:00,read,key_734,1.74,false,false,0
2025-11-27T21:25:30.443704-08:00,read,key_523,1.41,true,false,993
2025-11-27T21:25:30.454571-08:00,read,key_640,1.49,true,false,1740
2025-11-27T21:25:30.465721-08:00,read,key_18,2.04,true,false,789
2025-11-27T21:25:30.476549-08:00,read,key_425,1.99,true,false,1158
2025-11-27T21:25:30.498627-08:00,read,key_644,3.66,false,false,0
2025-11-27T21:25:30.201257-08:00,write,key_81,310.64,true,false,1836
2025-11-27T21:25:30.50912-08:00,read,key_871,2.78,true,false,1327
2025-11-27T21:25:30.520243-08:00,read,key_638,1.80,true,false,1780
2025-11-27T21:25:30.530886-08:00,read,key_749,1.60,true,false,891
2025-11-27T21:25:30.542262-08:00,read,key_534,1.86,false,false,0
2025-11-27T21:25:30.55344-08:00,read,key_706,1.93,true,false,1742
2025-11-27T21:25:30.574926-08:00,read,key_204,3.79,true,false,1576
2025-11-27T21:25:30.585572-08:00,read,key_591,3.05,true,false,1822
2025-11-27T21:25:30.596573-08:00,read,key_180,6.74,true,false,1413
2025-11-27T21:25:30.61738-08:00,read,key_377,4.00,true,false,1183
2025-11-27T21:25:30.628264-08:00,read,key_746,1.76,true,false,1431
2025-11-27T21:25:30.639426-08:00,read,key_600,1.53,true,false,1496
2025-11-27T21:25:30.650237-08:00,read,key_865,2.18,true,false,1626
2025-11-27T21:25:30.661339-08:00,read,key_377,1.84,true,false,1183
2025-11-27T21:25:30.355123-08:00,write,key_362,311.36,true,false,1837
2025-11-27T21:25:30.672103-08:00,read,key_978,1.37,true,false,1463
2025-11-27T21:25:30.366303-08:00,write,key_746,308.25,true,false,1836
2025-11-27T21:25:30.683182-08:00,read,key_568,2.41,true,false,1697
2025-11-27T21:25:30.7055-08:00,read,key_803,2.03,true,false,1667
2025-11-27T21:25:30.716112-08:00,read,key_324,2.28,true,false,1378
2025-11-27T21:25:30.727416-08:00,read,key_672,1.94,true,false,1723
2025-11-27T21:25:30.738615-08:00,read,key_794,2.24,true,false,846
2025-11-27T21:25:30.432585-08:00,write,key_417,312.20,true,false,1838
2025-11-27T21:25:30.770761-08:00,read,key_305,1.45,true,false,1221
2025-11-27T21:25:30.781916-08:00,read,key_285,1.50,true,false,1250
2025-11-27T21:25:30.792304-08:00,read,key_658,2.88,true,false,1438
2025-11-27T21:25:30.487484-08:00,write,key_67,307.70,true,false,1836
2025-11-27T21:25:30.802562-08:00,read,key_182,1.57,true,false,1107
2025-11-27T21:25:30.813732-08:00,read,key_439,1.55,true,false,1824
2025-11-27T21:25:30.824413-08:00,read,key_300,2.88,true,false,1830
2025-11-27T21:25:30.834685-08:00,read,key_919,2.33,true,false,876
2025-11-27T21:25:30.845525-08:00,read,key_254,2.15,true,false,1782
2025-11-27T21:25:30.855788-08:00,read,key_828,1.51,true,false,851
2025-11-27T21:25:30.867-08:00,read,key_132,2.27,true,false,1557
2025-11-27T21:25:30.564652-08:00,write,key_416,306.06,true,false,1837
2025-11-27T21:25:30.877907-08:00,read,key_795,1.62,true,false,1823
2025-11-27T21:25:30.888289-08:00,read,key_821,1.68,true,false,855
2025-11-27T21:25:30.89854-08:00,read,key_907,1.10,true,false,1576
2025-11-27T21:25:30.909592-08:00,read,key_964,2.27,true,false,1757
2025-11-27T21:25:30.607076-08:00,write,key_560,307.32,true,false,1838
2025-11-27T21:25:30.919808-08:00,read,key_452,1.82,true,false,1555
2025-11-27T21:25:30.930962-08:00,read,key_321,1.72,true,false,504
2025-11-27T21:25:30.942139-08:00,read,key_348,2.38,true,false,615
2025-11-27T21:25:30.952487-08:00,read,key_401,1.16,true,false,1410
2025-11-27T21:25:30.963638-08:00,read,key_277,1.58,true,false,154
2025-11-27T21:25:30.974746-08:00,read,key_594,1.59,true,false,1746
2025-11-27T21:25:30.985873-08:00,read,key_676,2.00,true,false,1677
2025-11-27T21:25:30.996165-08:00,read,key_433,2.32,true,false,1777
2025-11-27T21:25:30.694325-08:00,write,key_307,308.34,true,false,1839
2025-11-27T21:25:31.006332-08:00,read,key_676,1.26,true,false,1677
2025-11-27T21:25:31.017635-08:00,read,key_221,1.85,true,false,586
2025-11-27T21:25:31.028768-08:00,read,key_510,1.84,true,false,1684
2025-11-27T21:25:31.039971-08:00,read,key_884,2.18,true,false,1527
2025-11-27T21:25:31.051218-08:00,read,key_220,1.99,true,false,642
2025-11-27T21:25:30.749311-08:00,write,key_864,305.27,true,false,1839
2025-11-27T21:25:31.062197-08:00,read,key_734,2.15,false,false,0
2025-11-27T21:25:30.760008-08:00,write,key_870,305.27,true,false,1839
2025-11-27T21:25:31.073292-08:00,read,key_653,1.27,true,false,1646
2025-11-27T21:25:31.084741-08:00,read,key_225,2.67,true,false,1826
2025-11-27T21:25:31.105384-08:00,read,key_836,1.82,true,false,904
2025-11-27T21:25:31.115777-08:00,read,key_671,1.73,true,false,1779
2025-11-27T21:25:31.126315-08:00,read,key_943,2.01,true,false,1821
2025-11-27T21:25:31.137452-08:00,read,key_573,1.80,true,false,1593
2025-11-27T21:25:31.148393-08:00,read,key_633,1.81,true,false,1715
2025-11-27T21:25:31.158628-08:00,read,key_856,2.33,true,false,1630
2025-11-27T21:25:31.169257-08:00,read,key_24,1.43,true,false,1428
2025-11-27T21:25:31.179971-08:00,read,key_580,1.81,true,false,1666
2025-11-27T21:25:31.191229-08:00,read,key_688,2.01,true,false,853
2025-11-27T21:25:31.202309-08:00,read,key_271,1.71,false,false,0
2025-11-27T21:25:31.213151-08:00,read,key_472,1.82,true,false,1790
2025-11-27T21:25:31.223923-08:00,read,key_80,1.87,true,false,1765
2025-11-27T21:25:31.235255-08:00,read,key_841,2.06,true,false,1108
2025-11-27T21:25:31.268921-08:00,read,key_386,1.51,true,false,1021
2025-11-27T21:25:31.291123-08:00,read,key_900,3.55,true,false,815
2025-11-27T21:25:31.301911-08:00,read,key_461,1.57,true,false,1801
2025-11-27T21:25:31.313099-08:00,read,key_846,2.12,true,false,1797
2025-11-27T21:25:31.323511-08:00,read,key_183,1.52,true,false,1693
2025-11-27T21:25:31.334748-08:00,read,key_524,2.03,true,false,1268
2025-11-27T21:25:31.356558-08:00,read,key_331,1.46,true,false,1820
2025-11-27T21:25:31.367771-08:00,read,key_545,3.85,true,false,1741
2025-11-27T21:25:31.37866-08:00,read,key_334,1.79,true,false,1655
2025-11-27T21:25:31.389898-08:00,read,key_31,1.73,true,false,1784
2025-11-27T21:25:31.400478-08:00,read,key_560,2.48,true,false,1838
2025-11-27T21:25:31.095043-08:00,write,key_558,307.91,true,false,1840
2025-11-27T21:25:31.422726-08:00,read,key_382,1.79,true,false,88
2025-11-27T21:25:31.433904-08:00,read,key_258,2.44,true,false,1563
2025-11-27T21:25:31.445001-08:00,read,key_512,1.71,true,false,841
2025-11-27T21:25:31.456149-08:00,read,key_405,1.35,true,false,1545
2025-11-27T21:25:31.466946-08:00,read,key_793,2.33,true,false,1754
2025-11-27T21:25:31.478073-08:00,read,key_844,2.03,true,false,1829
2025-11-27T21:25:31.488255-08:00,read,key_363,1.56,true,false,607
2025-11-27T21:25:31.498567-08:00,read,key_27,1.71,true,false,1212
2025-11-27T21:25:31.510227-08:00,read,key_855,1.85,true,false,1487
2025-11-27T21:25:31.521394-08:00,read,key_617,1.95,true,false,728
2025-11-27T21:25:31.542878-08:00,read,key_39,2.01,true,false,1574
2025-11-27T21:25:31.246529-08:00,write,key_321,308.39,true,false,1840
2025-11-27T21:25:31.554009-08:00,read,key_50,1.52,true,false,1662
2025-11-27T21:25:31.257789-08:00,write,key_241,305.81,true,false,1841
2025-11-27T21:25:31.564165-08:00,read,key_477,1.05,true,false,1538
2025-11-27T21:25:31.575367-08:00,read,key_786,2.07,true,false,1620
2025-11-27T21:25:31.585733-08:00,read,key_266,1.59,true,false,495
2025-11-27T21:25:31.27995-08:00,write,key_943,308.70,true,false,1841
2025-11-27T21:25:31.596813-08:00,read,key_498,1.90,true,false,1605
2025-11-27T21:25:31.607343-08:00,read,key_215,2.17,true,false,1014
2025-11-27T21:25:31.618459-08:00,read,key_677,1.72,true,false,1808
2025-11-27T21:25:31.629592-08:00,read,key_596,1.82,true,false,1666
2025-11-27T21:25:31.651783-08:00,read,key_585,2.20,true,false,1732
2025-11-27T21:25:31.345897-08:00,write,key_265,308.09,true,false,1842
2025-11-27T21:25:31.662915-08:00,read,key_491,1.77,true,false,1786
2025-11-27T21:25:31.673688-08:00,read,key_334,2.05,true,false,1655
2025-11-27T21:25:31.684646-08:00,read,key_512,1.93,true,false,841
2025-11-27T21:25:31.706488-08:00,read,key_300,2.05,true,false,1830
2025-11-27T21:25:31.716975-08:00,read,key_550,3.21,true,false,1672
2025-11-27T21:25:31.411559-08:00,write,key_492,308.63,true,false,1841
2025-11-27T21:25:31.727937-08:00,read,key_457,1.59,true,false,1501
2025-11-27T21:25:31.738739-08:00,read,key_131,2.43,true,false,1588
2025-11-27T21:25:31.749878-08:00,read,key_650,4.03,true,false,262
2025-11-27T21:25:31.761099-08:00,read,key_135,2.12,true,false,1740
2025-11-27T21:25:31.771526-08:00,read,key_638,2.15,true,false,1780
2025-11-27T21:25:31.782677-08:00,read,key_88,1.64,true,false,1553
2025-11-27T21:25:31.793218-08:00,read,key_836,1.76,true,false,904
2025-11-27T21:25:31.804414-08:00,read,key_564,1.92,true,false,1682
2025-11-27T21:25:31.815051-08:00,read,key_134,1.68,true,false,1554
2025-11-27T21:25:31.825307-08:00,read,key_940,2.35,true,false,1467
2025-11-27T21:25:31.836451-08:00,read,key_533,1.79,true,false,571
2025-11-27T21:25:31.53254-08:00,write,key_297,306.74,true,false,1841
2025-11-27T21:25:31.857799-08:00,read,key_35,3.05,true,false,1712
2025-11-27T21:25:31.868359-08:00,read,key_472,2.10,true,false,1790
2025-11-27T21:25:31.879371-08:00,read,key_68,1.88,true,false,1791
2025-11-27T21:25:31.890472-08:00,read,key_369,1.47,true,false,1671
2025-11-27T21:25:31.901345-08:00,read,key_9,1.72,true,false,1748
2025-11-27T21:25:31.912494-08:00,read,key_256,1.78,true,false,1495
2025-11-27T21:25:31.923634-08:00,read,key_634,1.66,true,false,1659
2025-11-27T21:25:31.640641-08:00,write,key_659,305.50,true,false,1843
2025-11-27T21:25:31.945557-08:00,read,key_109,1.40,true,false,132
2025-11-27T21:25:31.956581-08:00,read,key_492,1.81,true,false,1841
2025-11-27T21:25:31.968272-08:00,read,key_925,1.46,true,false,889
2025-11-27T21:25:31.979439-08:00,read,key_540,1.65,true,false,1633
2025-11-27T21:25:31.989936-08:00,read,key_851,1.68,true,false,1802
2025-11-27T21:25:32.000841-08:00,read,key_55,2.37,true,false,1705
2025-11-27T21:25:31.695315-08:00,write,key_747,307.92,true,false,1843
2025-11-27T21:25:32.011672-08:00,read,key_609,1.61,true,false,990
2025-11-27T21:25:32.022837-08:00,read,key_610,2.35,true,false,1756
2025-11-27T21:25:32.033596-08:00,read,key_117,2.16,true,false,1799
2025-11-27T21:25:32.044723-08:00,read,key_330,1.71,true,false,1704
2025-11-27T21:25:32.055893-08:00,read,key_588,1.63,true,false,1764
2025-11-27T21:25:32.067019-08:00,read,key_736,2.27,true,false,745
2025-11-27T21:25:32.078115-08:00,read,key_3,1.75,true,false,1810
2025-11-27T21:25:32.089282-08:00,read,key_677,1.81,true,false,1808
2025-11-27T21:25:32.100634-08:00,read,key_517,2.56,true,false,1040
2025-11-27T21:25:32.110954-08:00,read,key_782,1.80,true,false,1594
2025-11-27T21:25:32.13245-08:00,read,key_363,1.85,true,false,607
2025-11-27T21:25:32.143063-08:00,read,key_903,1.97,true,false,1566
2025-11-27T21:25:31.846632-08:00,write,key_123,307.20,true,false,1843
2025-11-27T21:25:32.153475-08:00,read,key_727,1.53,true,false,1348
2025-11-27T21:25:32.164535-08:00,read,key_802,1.43,true,false,1719
2025-11-27T21:25:32.17574-08:00,read,key_607,2.19,true,false,1033
2025-11-27T21:25:32.185921-08:00,read,key_21,1.74,true,false,1414
2025-11-27T21:25:32.197043-08:00,read,key_328,1.82,true,false,617
2025-11-27T21:25:32.207519-08:00,read,key_726,1.45,true,false,1386
2025-11-27T21:25:32.218765-08:00,read,key_134,1.26,true,false,1554
2025-11-27T21:25:32.228979-08:00,read,key_720,1.56,true,false,905
2025-11-27T21:25:32.240145-08:00,read,key_848,1.67,true,false,1694
2025-11-27T21:25:31.934976-08:00,write,key_649,307.61,true,false,1844
2025-11-27T21:25:32.251231-08:00,read,key_193,2.03,true,false,1239
2025-11-27T21:25:32.26244-08:00,read,key_414,1.78,true,false,661
2025-11-27T21:25:32.273609-08:00,read,key_260,3.02,false,false,0
2025-11-27T21:25:32.296091-08:00,read,key_173,1.84,true,false,111
2025-11-27T21:25:32.307254-08:00,read,key_685,2.55,true,false,1629
2025-11-27T21:25:32.329013-08:00,read,key_318,1.55,true,false,1615
2025-11-27T21:25:32.340144-08:00,read,key_674,1.95,true,false,1699
2025-11-27T21:25:32.350633-08:00,read,key_220,1.88,true,false,642
2025-11-27T21:25:32.371945-08:00,read,key_466,1.57,true,false,1795
2025-11-27T21:25:32.383061-08:00,read,key_345,4.62,true,false,1812
2025-11-27T21:25:32.393966-08:00,read,key_431,1.43,true,false,1766
2025-11-27T21:25:32.405129-08:00,read,key_921,1.54,true,false,818
2025-11-27T21:25:32.416257-08:00,read,key_108,4.02,true,false,1832
2025-11-27T21:25:32.121258-08:00,write,key_637,304.77,true,false,1845
2025-11-27T21:25:32.426421-08:00,read,key_672,1.45,true,false,1723
2025-11-27T21:25:32.437542-08:00,read,key_543,1.80,true,false,1455
2025-11-27T21:25:32.460137-08:00,read,key_511,1.80,true,false,1805
2025-11-27T21:25:32.471298-08:00,read,key_735,1.76,true,false,180
2025-11-27T21:25:32.481546-08:00,read,key_852,1.88,true,false,1220
2025-11-27T21:25:32.49216-08:00,read,key_849,1.83,true,false,1118
2025-11-27T21:25:32.503311-08:00,read,key_478,1.80,true,false,1732
2025-11-27T21:25:32.514105-08:00,read,key_324,1.68,true,false,1378
2025-11-27T21:25:32.525265-08:00,read,key_800,2.28,true,false,1447
2025-11-27T21:25:32.536372-08:00,read,key_852,1.73,true,false,1220
2025-11-27T21:25:32.547538-08:00,read,key_38,1.80,true,false,1532
2025-11-27T21:25:32.570016-08:00,read,key_226,2.24,true,false,1716
2025-11-27T21:25:32.581132-08:00,read,key_544,1.66,true,false,1788
2025-11-27T21:25:32.284907-08:00,write,key_976,308.89,true,false,1846
2025-11-27T21:25:32.603432-08:00,read,key_262,1.50,true,false,604
2025-11-27T21:25:32.614619-08:00,read,key_497,1.70,true,false,1025
2025-11-27T21:25:32.625596-08:00,read,key_354,3.55,true,false,1709
2025-11-27T21:25:32.318237-08:00,write,key_307,310.91,true,false,1847
2025-11-27T21:25:32.636556-08:00,read,key_942,1.50,true,false,1832
2025-11-27T21:25:32.646853-08:00,read,key_684,3.60,true,false,70
2025-11-27T21:25:32.361749-08:00,write,key_301,308.00,true,false,1845
2025-11-27T21:25:32.667979-08:00,read,key_907,2.07,true,false,1576
2025-11-27T21:25:32.679116-08:00,read,key_872,1.80,true,false,1481
2025-11-27T21:25:32.690226-08:00,read,key_52,2.13,true,false,1825
2025-11-27T21:25:32.700711-08:00,read,key_384,2.08,true,false,1706
2025-11-27T21:25:32.711494-08:00,read,key_808,1.88,true,false,1570
2025-11-27T21:25:32.722375-08:00,read,key_303,1.77,true,false,557
2025-11-27T21:25:32.73358-08:00,read,key_496,2.30,true,false,1559
2025-11-27T21:25:32.744699-08:00,read,key_655,1.88,true,false,1598
2025-11-27T21:25:32.448788-08:00,write,key_905,306.93,true,false,1848
2025-11-27T21:25:32.766288-08:00,read,key_280,5.39,true,false,1552
2025-11-27T21:25:32.776986-08:00,read,key_780,1.82,true,false,623
2025-11-27T21:25:32.787905-08:00,read,key_506,3.20,true,false,1465
2025-11-27T21:25:32.798921-08:00,read,key_791,2.51,true,false,1720
2025-11-27T21:25:32.810313-08:00,read,key_821,1.97,true,false,855
2025-11-27T21:25:32.831534-08:00,read,key_752,1.94,true,false,1739
2025-11-27T21:25:32.843038-08:00,read,key_208,2.05,true,false,1346
2025-11-27T21:25:32.854194-08:00,read,key_415,1.77,true,false,1488
2025-11-27T21:25:32.558713-08:00,write,key_577,306.68,true,false,1849
2025-11-27T21:25:32.865426-08:00,read,key_259,1.03,true,false,1364
2025-11-27T21:25:32.876269-08:00,read,key_757,2.19,true,false,1602
2025-11-27T21:25:32.592291-08:00,write,key_988,305.46,true,false,1847
2025-11-27T21:25:32.920053-08:00,read,key_138,1.75,true,false,1817
2025-11-27T21:25:32.942312-08:00,read,key_860,2.01,true,false,1814
2025-11-27T21:25:32.952514-08:00,read,key_405,1.17,true,false,1545
2025-11-27T21:25:32.657784-08:00,write,key_229,306.87,true,false,1848
2025-11-27T21:25:32.963671-08:00,read,key_753,1.77,true,false,1419
2025-11-27T21:25:32.974798-08:00,read,key_262,2.29,true,false,604
2025-11-27T21:25:32.99632-08:00,read,key_57,1.72,true,false,1686
2025-11-27T21:25:33.007479-08:00,read,key_671,1.56,true,false,1779
2025-11-27T21:25:33.01881-08:00,read,key_905,1.44,true,false,1848
2025-11-27T21:25:33.029972-08:00,read,key_515,3.26,true,false,1626
2025-11-27T21:25:33.040964-08:00,read,key_943,1.50,true,false,1841
2025-11-27T21:25:33.052176-08:00,read,key_986,1.85,true,false,1552
2025-11-27T21:25:32.754988-08:00,write,key_480,306.90,true,false,1849
2025-11-27T21:25:33.072606-08:00,read,key_907,1.87,true,false,1576
2025-11-27T21:25:33.083738-08:00,read,key_595,2.21,true,false,1731
2025-11-27T21:25:33.094453-08:00,read,key_289,2.85,true,false,1622
2025-11-27T21:25:33.105466-08:00,read,key_601,1.68,true,false,1708
2025-11-27T21:25:33.116607-08:00,read,key_24,1.70,true,false,1428
2025-11-27T21:25:33.127286-08:00,read,key_939,1.67,true,false,730
2025-11-27T21:25:32.821177-08:00,write,key_308,310.35,true,false,1849
2025-11-27T21:25:33.1382-08:00,read,key_213,1.75,true,false,1148
2025-11-27T21:25:33.149321-08:00,read,key_689,1.68,true,false,1707
2025-11-27T21:25:33.160146-08:00,read,key_101,2.13,true,false,822
2025-11-27T21:25:33.171292-08:00,read,key_629,1.72,true,false,579
2025-11-27T21:25:33.18215-08:00,read,key_739,1.36,true,false,1756
2025-11-27T21:25:32.88742-08:00,write,key_606,308.95,true,false,1850
2025-11-27T21:25:32.897746-08:00,write,key_579,305.40,true,false,1850
2025-11-27T21:25:33.203429-08:00,read,key_685,1.26,true,false,1629
2025-11-27T21:25:33.214527-08:00,read,key_430,1.57,true,false,1829
2025-11-27T21:25:32.908944-08:00,write,key_278,307.30,true,false,1850
2025-11-27T21:25:33.225803-08:00,read,key_46,1.79,true,false,1657
2025-11-27T21:25:32.931198-08:00,write,key_849,303.71,true,false,1850
2025-11-27T21:25:33.236045-08:00,read,key_793,1.13,true,false,1754
2025-11-27T21:25:33.247213-08:00,read,key_461,1.83,true,false,1801
2025-11-27T21:25:33.258413-08:00,read,key_308,2.21,true,false,1849
2025-11-27T21:25:33.280241-08:00,read,key_868,2.36,true,false,319
2025-11-27T21:25:33.291416-08:00,read,key_239,2.89,true,false,1714
2025-11-27T21:25:32.985954-08:00,write,key_906,309.56,true,false,1851
2025-11-27T21:25:33.301789-08:00,read,key_746,1.66,true,false,1836
2025-11-27T21:25:33.312969-08:00,read,key_786,1.72,true,false,1620
2025-11-27T21:25:33.334621-08:00,read,key_790,2.29,true,false,1624
2025-11-27T21:25:33.345087-08:00,read,key_860,1.74,true,false,1814
2025-11-27T21:25:33.356321-08:00,read,key_496,2.08,true,false,1559
2025-11-27T21:25:33.062369-08:00,write,key_707,306.49,true,false,1852
2025-11-27T21:25:33.3673-08:00,read,key_740,1.74,true,false,1669
2025-11-27T21:25:33.378495-08:00,read,key_134,1.77,true,false,1554
2025-11-27T21:25:33.389656-08:00,read,key_820,1.71,false,false,0
2025-11-27T21:25:33.400767-08:00,read,key_104,2.12,true,false,860
2025-11-27T21:25:33.411932-08:00,read,key_170,2.06,true,false,1687
2025-11-27T21:25:33.423093-08:00,read,key_731,2.18,true,false,1598
2025-11-27T21:25:33.4342-08:00,read,key_542,1.65,true,false,686
2025-11-27T21:25:33.445342-08:00,read,key_569,1.45,true,false,990
2025-11-27T21:25:33.456524-08:00,read,key_604,1.85,true,false,961
2025-11-27T21:25:33.467887-08:00,read,key_59,1.44,true,false,1479
2025-11-27T21:25:33.479018-08:00,read,key_645,1.52,true,false,1806
2025-11-27T21:25:33.489414-08:00,read,key_544,1.40,true,false,1788
2025-11-27T21:25:33.193302-08:00,write,key_108,306.80,true,false,1851
2025-11-27T21:25:33.499992-08:00,read,key_121,0.96,true,false,1831
2025-11-27T21:25:33.510671-08:00,read,key_622,1.81,true,false,1150
2025-11-27T21:25:33.52101-08:00,read,key_780,2.12,true,false,623
2025-11-27T21:25:33.53215-08:00,read,key_548,2.18,true,false,905
2025-11-27T21:25:33.542927-08:00,read,key_781,3.00,true,false,1694
2025-11-27T21:25:33.55396-08:00,read,key_278,1.77,true,false,1850
2025-11-27T21:25:33.564615-08:00,read,key_365,2.29,true,false,1767
2025-11-27T21:25:33.269524-08:00,write,key_691,308.16,true,false,1853
2025-11-27T21:25:33.576145-08:00,read,key_387,3.16,true,false,161
2025-11-27T21:25:33.587165-08:00,read,key_626,2.30,true,false,1343
2025-11-27T21:25:33.598436-08:00,read,key_156,1.97,true,false,1695
2025-11-27T21:25:33.608942-08:00,read,key_838,2.73,true,false,665
2025-11-27T21:25:33.620012-08:00,read,key_905,2.22,true,false,1848
2025-11-27T21:25:33.324156-08:00,write,key_424,307.47,true,false,1854
2025-11-27T21:25:33.631197-08:00,read,key_682,1.29,true,false,542
2025-11-27T21:25:33.642327-08:00,read,key_813,2.18,true,false,1503
2025-11-27T21:25:33.653099-08:00,read,key_57,2.12,true,false,1686
2025-11-27T21:25:33.663916-08:00,read,key_259,1.86,true,false,1364
2025-11-27T21:25:33.674547-08:00,read,key_588,2.30,true,false,1764
2025-11-27T21:25:33.685698-08:00,read,key_542,1.95,true,false,686
2025-11-27T21:25:33.696621-08:00,read,key_272,1.80,true,false,1816
2025-11-27T21:25:33.707778-08:00,read,key_404,2.10,true,false,1171
2025-11-27T21:25:33.718919-08:00,read,key_650,2.05,true,false,262
2025-11-27T21:25:33.729966-08:00,read,key_234,2.08,true,false,1689
2025-11-27T21:25:33.741113-08:00,read,key_726,1.75,true,false,1386
2025-11-27T21:25:33.752163-08:00,read,key_0,1.87,true,false,1515
2025-11-27T21:25:33.785503-08:00,read,key_734,1.80,false,false,0
2025-11-27T21:25:33.795814-08:00,read,key_439,2.82,true,false,1824
2025-11-27T21:25:33.806331-08:00,read,key_7,1.47,true,false,1759
2025-11-27T21:25:33.817048-08:00,read,key_229,1.82,true,false,1848
2025-11-27T21:25:33.827849-08:00,read,key_950,1.64,true,false,1085
2025-11-27T21:25:33.839016-08:00,read,key_348,1.85,true,false,615
2025-11-27T21:25:33.849596-08:00,read,key_557,2.34,true,false,1775
2025-11-27T21:25:33.860698-08:00,read,key_549,1.64,true,false,1778
2025-11-27T21:25:33.871877-08:00,read,key_180,1.88,true,false,1413
2025-11-27T21:25:33.883122-08:00,read,key_682,2.82,true,false,542
2025-11-27T21:25:33.894435-08:00,read,key_216,2.25,true,false,1430
2025-11-27T21:25:33.905566-08:00,read,key_948,3.44,true,false,917
2025-11-27T21:25:33.916565-08:00,read,key_702,3.62,true,false,1681
2025-11-27T21:25:33.927527-08:00,read,key_251,2.03,true,false,1708
2025-11-27T21:25:33.937868-08:00,read,key_517,2.43,true,false,1040
2025-11-27T21:25:33.948958-08:00,read,key_302,1.22,true,false,1175
2025-11-27T21:25:33.971124-08:00,read,key_827,1.53,true,false,1787
2025-11-27T21:25:33.982231-08:00,read,key_188,1.75,true,false,1704
2025-11-27T21:25:34.003969-08:00,read,key_748,1.82,true,false,1758
2025-11-27T21:25:34.015069-08:00,read,key_157,1.77,true,false,1816
2025-11-27T21:25:34.026268-08:00,read,key_629,1.23,true,false,579
2025-11-27T21:25:34.037359-08:00,read,key_158,2.12,true,false,1816
2025-11-27T21:25:34.048395-08:00,read,key_419,1.57,true,false,1556
2025-11-27T21:25:34.059512-08:00,read,key_172,3.09,true,false,1581
2025-11-27T21:25:33.763277-08:00,write,key_594,303.96,true,false,1855
2025-11-27T21:25:33.774353-08:00,write,key_798,306.73,true,false,1855
2025-11-27T21:25:34.081012-08:00,read,key_633,1.26,true,false,1715
2025-11-27T21:25:34.092114-08:00,read,key_304,1.50,true,false,1549
2025-11-27T21:25:34.103215-08:00,read,key_151,1.76,true,false,1770
2025-11-27T21:25:34.124475-08:00,read,key_361,1.47,true,false,1503
2025-11-27T21:25:34.135475-08:00,read,key_717,1.34,true,false,1568
2025-11-27T21:25:34.146566-08:00,read,key_23,1.74,true,false,1305
2025-11-27T21:25:34.157673-08:00,read,key_901,1.30,true,false,1764
2025-11-27T21:25:34.167839-08:00,read,key_342,3.13,true,false,470
2025-11-27T21:25:34.178811-08:00,read,key_234,1.55,true,false,1689
2025-11-27T21:25:34.189891-08:00,read,key_314,1.67,true,false,1777
2025-11-27T21:25:34.201399-08:00,read,key_129,2.62,true,false,875
2025-11-27T21:25:34.212164-08:00,read,key_302,1.97,true,false,1175
2025-11-27T21:25:34.222418-08:00,read,key_461,1.92,true,false,1801
2025-11-27T21:25:34.233416-08:00,read,key_253,2.06,true,false,1518
2025-11-27T21:25:34.244611-08:00,read,key_654,1.74,true,false,1718
2025-11-27T21:25:34.255192-08:00,read,key_847,1.79,true,false,1705
2025-11-27T21:25:33.960127-08:00,write,key_695,307.18,true,false,1855
2025-11-27T21:25:34.265636-08:00,read,key_192,1.68,true,false,227
2025-11-27T21:25:34.276154-08:00,read,key_702,2.03,true,false,1681
2025-11-27T21:25:34.287133-08:00,read,key_905,1.70,true,false,1848
2025-11-27T21:25:34.298405-08:00,read,key_699,1.37,true,false,1782
2025-11-27T21:25:33.992889-08:00,write,key_307,307.22,true,false,1856
2025-11-27T21:25:34.309828-08:00,read,key_645,2.15,true,false,1806
2025-11-27T21:25:34.320967-08:00,read,key_289,1.70,true,false,1622
2025-11-27T21:25:34.332109-08:00,read,key_731,3.44,true,false,1598
2025-11-27T21:25:34.342466-08:00,read,key_909,2.25,true,false,1749
2025-11-27T21:25:34.353604-08:00,read,key_751,1.84,true,false,1746
2025-11-27T21:25:34.069892-08:00,write,key_364,308.75,true,false,1856
2025-11-27T21:25:34.376112-08:00,read,key_862,2.56,true,false,1652
2025-11-27T21:25:34.387176-08:00,read,key_322,2.97,true,false,1559
2025-11-27T21:25:34.39795-08:00,read,key_228,1.97,true,false,1768
2025-11-27T21:25:34.409357-08:00,read,key_743,1.91,true,false,894
2025-11-27T21:25:34.420467-08:00,read,key_253,1.65,true,false,1518
2025-11-27T21:25:34.114306-08:00,write,key_578,307.82,true,false,1857
2025-11-27T21:25:34.431626-08:00,read,key_652,1.76,true,false,1495
2025-11-27T21:25:34.443335-08:00,read,key_550,2.14,true,false,1672
2025-11-27T21:25:34.454548-08:00,read,key_842,2.17,true,false,1675
2025-11-27T21:25:34.465753-08:00,read,key_833,1.87,true,false,1765
2025-11-27T21:25:34.476169-08:00,read,key_229,2.07,true,false,1848
2025-11-27T21:25:34.487319-08:00,read,key_888,1.83,true,false,731
2025-11-27T21:25:34.497663-08:00,read,key_368,1.57,true,false,1610
2025-11-27T21:25:34.508867-08:00,read,key_569,2.20,true,false,990
2025-11-27T21:25:34.520009-08:00,read,key_29,1.88,true,false,1236
2025-11-27T21:25:34.531167-08:00,read,key_589,1.61,true,false,1715
2025-11-27T21:25:34.542071-08:00,read,key_657,2.32,true,false,1641
2025-11-27T21:25:34.552493-08:00,read,key_494,1.71,true,false,1835
2025-11-27T21:25:34.562754-08:00,read,key_367,1.84,true,false,1381
2025-11-27T21:25:34.573869-08:00,read,key_869,1.38,true,false,1592
2025-11-27T21:25:34.584588-08:00,read,key_7,1.94,true,false,1759
2025-11-27T21:25:34.595397-08:00,read,key_796,1.85,true,false,1402
2025-11-27T21:25:34.606596-08:00,read,key_173,1.86,true,false,111
2025-11-27T21:25:34.617755-08:00,read,key_83,2.47,true,false,1405
2025-11-27T21:25:34.627889-08:00,read,key_417,1.66,true,false,1838
2025-11-27T21:25:34.638306-08:00,read,key_523,2.31,true,false,993
2025-11-27T21:25:34.649444-08:00,read,key_158,1.65,true,false,1816
2025-11-27T21:25:34.660021-08:00,read,key_126,2.07,true,false,991
2025-11-27T21:25:34.36479-08:00,write,key_403,306.04,true,false,1858
2025-11-27T21:25:34.670601-08:00,read,key_546,1.07,true,false,1373
2025-11-27T21:25:34.681803-08:00,read,key_252,2.16,true,false,1694
2025-11-27T21:25:34.692936-08:00,read,key_498,2.53,true,false,1605
2025-11-27T21:25:34.714901-08:00,read,key_215,1.83,true,false,1014
2025-11-27T21:25:34.726357-08:00,read,key_927,1.89,true,false,1795
2025-11-27T21:25:34.737477-08:00,read,key_364,1.70,true,false,1856
2025-11-27T21:25:34.748631-08:00,read,key_732,1.17,true,false,1701
2025-11-27T21:25:34.760198-08:00,read,key_7,1.27,true,false,1759
2025-11-27T21:25:34.7714-08:00,read,key_699,1.91,true,false,1782
2025-11-27T21:25:34.782543-08:00,read,key_819,2.32,false,false,0
2025-11-27T21:25:34.79407-08:00,read,key_710,1.89,true,false,1576
2025-11-27T21:25:34.804977-08:00,read,key_275,2.22,true,false,1356
2025-11-27T21:25:34.826218-08:00,read,key_132,3.18,true,false,1557
2025-11-27T21:25:34.836619-08:00,read,key_755,1.73,true,false,1801
2025-11-27T21:25:34.847829-08:00,read,key_272,1.86,true,false,1816
2025-11-27T21:25:34.858684-08:00,read,key_579,1.95,true,false,1850
2025-11-27T21:25:34.869064-08:00,read,key_498,1.73,true,false,1605
2025-11-27T21:25:34.879968-08:00,read,key_109,2.15,true,false,132
2025-11-27T21:25:34.891244-08:00,read,key_693,2.65,true,false,1048
2025-11-27T21:25:34.902672-08:00,read,key_255,3.13,true,false,1482
2025-11-27T21:25:34.913252-08:00,read,key_604,2.12,true,false,961
2025-11-27T21:25:34.924416-08:00,read,key_26,1.68,true,false,1789
2025-11-27T21:25:34.935131-08:00,read,key_861,1.71,true,false,1683
2025-11-27T21:25:34.946259-08:00,read,key_853,3.09,true,false,1724
2025-11-27T21:25:34.957306-08:00,read,key_789,1.81,true,false,1665
2025-11-27T21:25:34.968492-08:00,read,key_9,1.79,true,false,1748
2025-11-27T21:25:34.979479-08:00,read,key_511,2.06,true,false,1805
2025-11-27T21:25:34.990589-08:00,read,key_797,1.46,true,false,1157
2025-11-27T21:25:34.704061-08:00,write,key_868,310.25,true,false,1859
2025-11-27T21:25:35.013283-08:00,read,key_608,1.23,true,false,1057
2025-11-27T21:25:35.024417-08:00,read,key_361,2.00,true,false,1503
2025-11-27T21:25:35.034595-08:00,read,key_430,2.29,true,false,1829
2025-11-27T21:25:35.045709-08:00,read,key_187,1.53,true,false,1727
2025-11-27T21:25:35.056907-08:00,read,key_842,3.45,true,false,1675
2025-11-27T21:25:35.067395-08:00,read,key_425,4.12,true,false,1158
2025-11-27T21:25:35.077687-08:00,read,key_987,1.61,true,false,990
2025-11-27T21:25:35.088847-08:00,read,key_409,1.93,true,false,1347
2025-11-27T21:25:35.099959-08:00,read,key_307,2.51,true,false,1856
2025-11-27T21:25:35.11023-08:00,read,key_37,1.88,true,false,1757
2025-11-27T21:25:35.121208-08:00,read,key_733,1.41,true,false,264
2025-11-27T21:25:34.81546-08:00,write,key_742,307.16,true,false,1860
2025-11-27T21:25:35.131658-08:00,read,key_590,1.83,true,false,1809
2025-11-27T21:25:35.142727-08:00,read,key_985,2.23,true,false,1753
2025-11-27T21:25:35.153867-08:00,read,key_355,1.81,true,false,1686
2025-11-27T21:25:35.164192-08:00,read,key_745,1.72,true,false,1818
2025-11-27T21:25:35.175388-08:00,read,key_675,2.09,true,false,1276
2025-11-27T21:25:35.186127-08:00,read,key_852,1.66,true,false,1220
2025-11-27T21:25:35.197283-08:00,read,key_709,1.86,true,false,1406
2025-11-27T21:25:35.208406-08:00,read,key_328,3.19,true,false,617
2025-11-27T21:25:35.219225-08:00,read,key_981,1.67,true,false,1384
2025-11-27T21:25:35.229953-08:00,read,key_84,1.76,true,false,1730
2025-11-27T21:25:35.241102-08:00,read,key_53,2.32,true,false,1535
2025-11-27T21:25:35.252361-08:00,read,key_372,1.93,true,false,530
2025-11-27T21:25:35.26274-08:00,read,key_675,1.83,true,false,1276
2025-11-27T21:25:35.273987-08:00,read,key_583,1.81,true,false,1722
2025-11-27T21:25:35.285215-08:00,read,key_101,1.77,true,false,822
2025-11-27T21:25:35.296077-08:00,read,key_584,1.93,true,false,1773
2025-11-27T21:25:35.00225-08:00,write,key_475,303.92,true,false,1861
2025-11-27T21:25:35.306162-08:00,read,key_27,1.04,true,false,1212
2025-11-27T21:25:35.327877-08:00,read,key_780,1.81,true,false,623
2025-11-27T21:25:35.338312-08:00,read,key_252,2.14,true,false,1694
2025-11-27T21:25:35.349155-08:00,read,key_57,1.86,true,false,1686
2025-11-27T21:25:35.360282-08:00,read,key_736,1.75,true,false,745
2025-11-27T21:25:35.371431-08:00,read,key_174,1.82,false,false,0
2025-11-27T21:25:35.382382-08:00,read,key_124,1.54,true,false,1309
2025-11-27T21:25:35.393283-08:00,read,key_860,1.76,true,false,1814
2025-11-27T21:25:35.404047-08:00,read,key_795,1.73,true,false,1823
2025-11-27T21:25:35.415153-08:00,read,key_278,1.40,true,false,1850
2025-11-27T21:25:35.425492-08:00,read,key_420,1.93,true,false,397
2025-11-27T21:25:35.43582-08:00,read,key_547,1.72,true,false,758
2025-11-27T21:25:35.446676-08:00,read,key_753,1.72,true,false,1419
2025-11-27T21:25:35.456969-08:00,read,key_59,1.30,true,false,1479
2025-11-27T21:25:35.468016-08:00,read,key_368,1.94,true,false,1610
2025-11-27T21:25:35.478697-08:00,read,key_702,1.93,true,false,1681
2025-11-27T21:25:35.489922-08:00,read,key_460,1.46,true,false,1549
2025-11-27T21:25:35.500335-08:00,read,key_864,2.07,true,false,1839
2025-11-27T21:25:35.5109-08:00,read,key_326,1.63,true,false,766
2025-11-27T21:25:35.522085-08:00,read,key_696,1.99,true,false,1540
2025-11-27T21:25:35.533217-08:00,read,key_800,2.01,true,false,1447
2025-11-27T21:25:35.544367-08:00,read,key_848,1.67,true,false,1694
2025-11-27T21:25:35.555565-08:00,read,key_276,1.72,true,false,476
2025-11-27T21:25:35.566557-08:00,read,key_534,2.18,false,false,0
2025-11-27T21:25:35.58829-08:00,read,key_651,3.68,true,false,1685
2025-11-27T21:25:35.599244-08:00,read,key_285,1.92,true,false,1250
2025-11-27T21:25:35.609706-08:00,read,key_563,2.20,true,false,1069
2025-11-27T21:25:35.620768-08:00,read,key_404,1.65,true,false,1171
2025-11-27T21:25:35.317336-08:00,write,key_493,311.90,true,false,1862
2025-11-27T21:25:35.630981-08:00,read,key_388,1.41,true,false,1685
2025-11-27T21:25:35.642135-08:00,read,key_335,2.04,false,false,0
2025-11-27T21:25:35.652959-08:00,read,key_284,1.78,true,false,1537
2025-11-27T21:25:35.664064-08:00,read,key_704,2.22,true,false,1751
2025-11-27T21:25:35.674589-08:00,read,key_573,2.50,true,false,1593
2025-11-27T21:25:35.685704-08:00,read,key_359,1.73,true,false,1633
2025-11-27T21:25:35.696866-08:00,read,key_738,1.85,true,false,1676
2025-11-27T21:25:35.708006-08:00,read,key_595,1.97,true,false,1731
2025-11-27T21:25:35.719365-08:00,read,key_173,2.19,true,false,111
2025-11-27T21:25:35.729805-08:00,read,key_614,1.86,true,false,1531
2025-11-27T21:25:35.740944-08:00,read,key_493,1.66,true,false,1862
2025-11-27T21:25:35.75138-08:00,read,key_544,1.86,true,false,1788
2025-11-27T21:25:35.761715-08:00,read,key_794,1.88,true,false,846
2025-11-27T21:25:35.772894-08:00,read,key_383,1.70,true,false,1000
2025-11-27T21:25:35.784056-08:00,read,key_279,1.62,true,false,632
2025-11-27T21:25:35.805776-08:00,read,key_620,1.71,true,false,1407
2025-11-27T21:25:35.816945-08:00,read,key_486,2.49,true,false,1362
2025-11-27T21:25:35.82802-08:00,read,key_257,1.51,true,false,1539
2025-11-27T21:25:35.850337-08:00,read,key_469,4.39,true,false,1763
2025-11-27T21:25:35.861237-08:00,read,key_338,1.62,true,false,1830
2025-11-27T21:25:35.872752-08:00,read,key_952,2.03,true,false,1453
2025-11-27T21:25:35.577642-08:00,write,key_522,307.96,true,false,1863
2025-11-27T21:25:35.883704-08:00,read,key_484,2.88,true,false,1481
2025-11-27T21:25:35.894222-08:00,read,key_313,1.76,true,false,1056
2025-11-27T21:25:35.905438-08:00,read,key_742,1.83,true,false,1860
2025-11-27T21:25:35.916598-08:00,read,key_477,2.47,true,false,1538
2025-11-27T21:25:35.927894-08:00,read,key_132,2.31,true,false,1557
2025-11-27T21:25:35.93834-08:00,read,key_866,2.59,true,false,1785
2025-11-27T21:25:35.949467-08:00,read,key_892,3.80,true,false,1279
2025-11-27T21:25:35.960161-08:00,read,key_329,1.74,true,false,1793
2025-11-27T21:25:35.993875-08:00,read,key_701,1.53,true,false,1456
2025-11-27T21:25:36.004949-08:00,read,key_329,1.31,true,false,1793
2025-11-27T21:25:36.016146-08:00,read,key_53,3.37,true,false,1535
2025-11-27T21:25:36.027145-08:00,read,key_176,1.51,true,false,1750
2025-11-27T21:25:36.038293-08:00,read,key_643,3.71,true,false,585
2025-11-27T21:25:36.049199-08:00,read,key_496,1.51,true,false,1559
2025-11-27T21:25:36.060095-08:00,read,key_3,1.83,true,false,1810
2025-11-27T21:25:36.071247-08:00,read,key_685,1.78,true,false,1629
2025-11-27T21:25:36.082405-08:00,read,key_899,2.39,true,false,1294
2025-11-27T21:25:36.0929-08:00,read,key_487,2.94,true,false,1194
2025-11-27T21:25:36.103954-08:00,read,key_867,1.68,true,false,1771
2025-11-27T21:25:35.794569-08:00,write,key_100,311.08,true,false,1864
2025-11-27T21:25:36.115093-08:00,read,key_477,1.15,true,false,1538
2025-11-27T21:25:36.126291-08:00,read,key_153,2.28,true,false,1575
2025-11-27T21:25:36.136459-08:00,read,key_672,1.83,true,false,1723
2025-11-27T21:25:35.839189-08:00,write,key_112,305.18,true,false,1865
2025-11-27T21:25:36.158203-08:00,read,key_744,1.12,true,false,1460
2025-11-27T21:25:36.168763-08:00,read,key_683,2.11,true,false,1706
2025-11-27T21:25:36.179515-08:00,read,key_866,0.99,true,false,1785
2025-11-27T21:25:36.190723-08:00,read,key_55,0.73,true,false,1705
2025-11-27T21:25:36.201261-08:00,read,key_20,0.75,true,false,1218
2025-11-27T21:25:36.212341-08:00,read,key_547,2.07,true,false,758
2025-11-27T21:25:36.2233-08:00,read,key_248,0.62,true,false,879
2025-11-27T21:25:36.23351-08:00,read,key_154,1.26,true,false,1702
2025-11-27T21:25:36.244684-08:00,read,key_57,0.66,true,false,1686
2025-11-27T21:25:36.255853-08:00,read,key_127,0.71,true,false,983
2025-11-27T21:25:36.267034-08:00,read,key_931,1.35,true,false,999
2025-11-27T21:25:35.97134-08:00,write,key_812,305.59,true,false,1866
2025-11-27T21:25:35.982466-08:00,write,key_49,306.20,true,false,1864
2025-11-27T21:25:36.288697-08:00,read,key_178,1.24,true,false,1810
2025-11-27T21:25:36.32169-08:00,read,key_677,1.74,true,false,1808
2025-11-27T21:25:36.33287-08:00,read,key_416,4.12,true,false,1837
2025-11-27T21:25:36.343622-08:00,read,key_251,1.70,true,false,1708
2025-11-27T21:25:36.3546-08:00,read,key_569,1.39,true,false,990
2025-11-27T21:25:36.36574-08:00,read,key_625,1.93,true,false,1798
2025-11-27T21:25:36.376332-08:00,read,key_854,1.96,true,false,1831
2025-11-27T21:25:36.387484-08:00,read,key_651,1.63,true,false,1685
2025-11-27T21:25:36.409833-08:00,read,key_738,1.45,true,false,1676
2025-11-27T21:25:36.431991-08:00,read,key_527,3.20,true,false,1766
2025-11-27T21:25:36.443301-08:00,read,key_988,1.97,true,false,1847
2025-11-27T21:25:36.454497-08:00,read,key_636,1.35,true,false,1698
2025-11-27T21:25:36.147037-08:00,write,key_787,308.83,true,false,1866
2025-11-27T21:25:36.464743-08:00,read,key_279,1.56,true,false,632
2025-11-27T21:25:36.475975-08:00,read,key_225,1.93,true,false,1826
2025-11-27T21:25:36.48712-08:00,read,key_682,1.92,true,false,542
2025-11-27T21:25:36.498265-08:00,read,key_747,1.80,true,false,1843
2025-11-27T21:25:36.508831-08:00,read,key_698,2.75,true,false,1613
2025-11-27T21:25:36.529808-08:00,read,key_130,1.76,true,false,1823
2025-11-27T21:25:36.540977-08:00,read,key_242,3.54,true,false,1205
2025-11-27T21:25:36.551955-08:00,read,key_638,2.11,true,false,1780
2025-11-27T21:25:36.562979-08:00,read,key_429,1.54,true,false,1835
2025-11-27T21:25:36.574151-08:00,read,key_786,1.98,true,false,1620
2025-11-27T21:25:36.584901-08:00,read,key_949,2.01,true,false,1372
2025-11-27T21:25:36.278003-08:00,write,key_465,308.91,true,false,1867
2025-11-27T21:25:36.59605-08:00,read,key_819,1.89,false,false,0
2025-11-27T21:25:36.299825-08:00,write,key_8,305.89,true,false,1867
2025-11-27T21:25:36.606211-08:00,read,key_345,1.23,true,false,1812
2025-11-27T21:25:36.310839-08:00,write,key_62,305.56,true,false,1867
2025-11-27T21:25:36.616454-08:00,read,key_588,1.73,true,false,1764
2025-11-27T21:25:36.626628-08:00,read,key_528,2.03,true,false,152
2025-11-27T21:25:36.637788-08:00,read,key_852,2.23,true,false,1220
2025-11-27T21:25:36.648368-08:00,read,key_400,1.43,true,false,1373
2025-11-27T21:25:36.660143-08:00,read,key_337,2.18,true,false,1660
2025-11-27T21:25:36.671177-08:00,read,key_551,1.67,true,false,1512
2025-11-27T21:25:36.682439-08:00,read,key_89,2.54,true,false,1783
2025-11-27T21:25:36.693315-08:00,read,key_226,1.27,true,false,1716
2025-11-27T21:25:36.703527-08:00,read,key_583,1.31,true,false,1722
2025-11-27T21:25:36.398636-08:00,write,key_59,306.20,true,false,1868
2025-11-27T21:25:36.714704-08:00,read,key_20,1.53,true,false,1218
2025-11-27T21:25:36.7256-08:00,read,key_360,2.26,true,false,1394
2025-11-27T21:25:36.420828-08:00,write,key_658,307.03,true,false,1868
2025-11-27T21:25:36.736546-08:00,read,key_479,2.09,true,false,1402
2025-11-27T21:25:36.74774-08:00,read,key_127,1.96,true,false,983
2025-11-27T21:25:36.758946-08:00,read,key_628,2.04,true,false,1799
2025-11-27T21:25:36.780663-08:00,read,key_804,1.73,true,false,1476
2025-11-27T21:25:36.791822-08:00,read,key_641,2.74,true,false,1337
2025-11-27T21:25:36.802957-08:00,read,key_56,1.73,true,false,1513
2025-11-27T21:25:36.814147-08:00,read,key_224,1.59,true,false,900
2025-11-27T21:25:36.825694-08:00,read,key_22,3.27,true,false,1697
2025-11-27T21:25:36.519089-08:00,write,key_658,309.88,true,false,1867
2025-11-27T21:25:36.836358-08:00,read,key_742,2.09,true,false,1860
2025-11-27T21:25:36.84752-08:00,read,key_367,1.83,true,false,1381
2025-11-27T21:25:36.858664-08:00,read,key_702,2.62,true,false,1681
2025-11-27T21:25:36.869419-08:00,read,key_106,1.64,true,false,1437
2025-11-27T21:25:36.880005-08:00,read,key_276,1.71,true,false,476
2025-11-27T21:25:36.90241-08:00,read,key_352,1.55,true,false,1473
2025-11-27T21:25:36.913573-08:00,read,key_375,1.78,true,false,1025
2025-11-27T21:25:36.924675-08:00,read,key_909,2.53,true,false,1749
2025-11-27T21:25:36.935111-08:00,read,key_974,2.17,true,false,1521
2025-11-27T21:25:36.945854-08:00,read,key_587,1.87,true,false,785
2025-11-27T21:25:36.968083-08:00,read,key_557,1.91,true,false,1775
2025-11-27T21:25:36.979179-08:00,read,key_576,1.64,true,false,1794
2025-11-27T21:25:36.990326-08:00,read,key_684,2.13,true,false,70
2025-11-27T21:25:37.001331-08:00,read,key_373,1.88,true,false,1641
2025-11-27T21:25:37.012501-08:00,read,key_334,1.83,true,false,1655
2025-11-27T21:25:37.023618-08:00,read,key_703,1.50,true,false,1621
2025-11-27T21:25:37.034796-08:00,read,key_344,3.97,true,false,768
2025-11-27T21:25:37.045702-08:00,read,key_151,1.84,true,false,1770
2025-11-27T21:25:37.056881-08:00,read,key_594,1.64,true,false,1855
2025-11-27T21:25:37.067781-08:00,read,key_568,2.03,true,false,1697
2025-11-27T21:25:36.769488-08:00,write,key_491,310.57,true,false,1869
2025-11-27T21:25:37.078906-08:00,read,key_157,3.25,true,false,1816
2025-11-27T21:25:37.089921-08:00,read,key_890,2.18,true,false,1122
2025-11-27T21:25:37.101099-08:00,read,key_238,3.23,true,false,1834
2025-11-27T21:25:37.112142-08:00,read,key_542,2.58,true,false,686
2025-11-27T21:25:37.123275-08:00,read,key_466,2.88,true,false,1795
2025-11-27T21:25:37.134538-08:00,read,key_517,1.90,true,false,1040
2025-11-27T21:25:37.145677-08:00,read,key_249,1.68,false,false,0
2025-11-27T21:25:37.156834-08:00,read,key_640,1.42,true,false,1740
2025-11-27T21:25:37.167908-08:00,read,key_380,2.72,true,false,1700
2025-11-27T21:25:37.178507-08:00,read,key_232,2.16,true,false,1538
2025-11-27T21:25:37.189691-08:00,read,key_204,1.16,true,false,1576
2025-11-27T21:25:36.891182-08:00,write,key_134,306.59,true,false,1869
2025-11-27T21:25:37.200057-08:00,read,key_262,0.75,true,false,604
2025-11-27T21:25:37.211019-08:00,read,key_797,1.93,true,false,1157
2025-11-27T21:25:37.221766-08:00,read,key_820,1.87,false,false,0
2025-11-27T21:25:37.232945-08:00,read,key_389,1.49,true,false,1661
2025-11-27T21:25:36.957039-08:00,write,key_986,306.59,true,false,1870
2025-11-27T21:25:37.265379-08:00,read,key_102,1.31,true,false,770
2025-11-27T21:25:37.276586-08:00,read,key_867,2.35,true,false,1771
2025-11-27T21:25:37.287688-08:00,read,key_344,1.51,true,false,768
2025-11-27T21:25:37.298084-08:00,read,key_346,1.57,true,false,626
2025-11-27T21:25:37.309815-08:00,read,key_133,2.23,true,false,1716
2025-11-27T21:25:37.320948-08:00,read,key_154,1.84,true,false,1702
2025-11-27T21:25:37.332081-08:00,read,key_69,1.87,true,false,1349
2025-11-27T21:25:37.344014-08:00,read,key_24,2.15,true,false,1428
2025-11-27T21:25:37.35517-08:00,read,key_547,1.81,true,false,758
2025-11-27T21:25:37.366316-08:00,read,key_810,2.76,true,false,1587
2025-11-27T21:25:37.37738-08:00,read,key_266,1.83,true,false,495
2025-11-27T21:25:37.387585-08:00,read,key_308,1.90,true,false,1849
2025-11-27T21:25:37.398712-08:00,read,key_387,1.32,true,false,161
2025-11-27T21:25:37.410063-08:00,read,key_122,1.27,true,false,1594
2025-11-27T21:25:37.420692-08:00,read,key_479,1.71,true,false,1402
2025-11-27T21:25:37.431835-08:00,read,key_334,1.79,true,false,1655
2025-11-27T21:25:37.442694-08:00,read,key_981,2.44,true,false,1384
2025-11-27T21:25:37.453805-08:00,read,key_20,1.82,true,false,1218
2025-11-27T21:25:37.46397-08:00,read,key_157,1.55,true,false,1816
2025-11-27T21:25:37.475128-08:00,read,key_211,2.44,true,false,1317
2025-11-27T21:25:37.485446-08:00,read,key_368,1.54,true,false,1610
2025-11-27T21:25:37.496116-08:00,read,key_784,1.93,true,false,1794
2025-11-27T21:25:37.507191-08:00,read,key_29,1.92,true,false,1236
2025-11-27T21:25:37.518116-08:00,read,key_85,2.63,true,false,1608
2025-11-27T21:25:37.529173-08:00,read,key_618,2.02,true,false,1545
2025-11-27T21:25:37.540367-08:00,read,key_981,1.95,true,false,1384
2025-11-27T21:25:37.244117-08:00,write,key_571,309.49,true,false,1871
2025-11-27T21:25:37.551304-08:00,read,key_688,2.97,true,false,853
2025-11-27T21:25:37.255088-08:00,write,key_780,308.14,true,false,1870
2025-11-27T21:25:37.562318-08:00,read,key_731,1.39,true,false,1598
2025-11-27T21:25:37.584776-08:00,read,key_938,2.58,true,false,1566
2025-11-27T21:25:37.595937-08:00,read,key_536,1.66,true,false,1321
2025-11-27T21:25:37.618011-08:00,read,key_186,1.89,true,false,1630
2025-11-27T21:25:37.629196-08:00,read,key_196,2.64,true,false,1488
2025-11-27T21:25:37.639878-08:00,read,key_54,2.31,true,false,1786
2025-11-27T21:25:37.651561-08:00,read,key_901,1.92,true,false,1764
2025-11-27T21:25:37.661856-08:00,read,key_202,2.43,true,false,1488
2025-11-27T21:25:37.673173-08:00,read,key_295,1.89,true,false,1016
2025-11-27T21:25:37.684848-08:00,read,key_706,2.02,true,false,1742
2025-11-27T21:25:37.695448-08:00,read,key_87,2.39,true,false,960
2025-11-27T21:25:37.70671-08:00,read,key_432,1.86,true,false,1288
2025-11-27T21:25:37.717958-08:00,read,key_364,1.62,true,false,1856
2025-11-27T21:25:37.72909-08:00,read,key_241,1.53,true,false,1841
2025-11-27T21:25:37.74025-08:00,read,key_159,1.42,true,false,1744
2025-11-27T21:25:37.750445-08:00,read,key_265,1.43,true,false,1842
2025-11-27T21:25:37.761087-08:00,read,key_600,1.93,true,false,1496
2025-11-27T21:25:37.772204-08:00,read,key_567,1.60,true,false,1777
2025-11-27T21:25:37.783321-08:00,read,key_265,2.02,true,false,1842
2025-11-27T21:25:37.793657-08:00,read,key_692,1.68,true,false,515
2025-11-27T21:25:37.804767-08:00,read,key_419,1.68,true,false,1556
2025-11-27T21:25:37.815985-08:00,read,key_352,2.52,true,false,1473
2025-11-27T21:25:37.826766-08:00,read,key_118,1.70,true,false,1529
2025-11-27T21:25:37.83792-08:00,read,key_413,2.29,true,false,1831
2025-11-27T21:25:37.849102-08:00,read,key_308,3.66,true,false,1849
2025-11-27T21:25:37.86027-08:00,read,key_639,2.53,true,false,343
2025-11-27T21:25:37.87144-08:00,read,key_329,2.62,true,false,1793
2025-11-27T21:25:37.882006-08:00,read,key_262,3.36,true,false,604
2025-11-27T21:25:37.573489-08:00,write,key_951,313.69,true,false,1872
2025-11-27T21:25:37.893261-08:00,read,key_175,2.64,true,false,396
2025-11-27T21:25:37.904394-08:00,read,key_809,2.26,true,false,1534
2025-11-27T21:25:37.915577-08:00,read,key_718,2.36,true,false,1501
2025-11-27T21:25:37.607103-08:00,write,key_22,312.75,true,false,1872
2025-11-27T21:25:37.937686-08:00,read,key_695,1.81,true,false,1855
2025-11-27T21:25:37.948886-08:00,read,key_401,1.95,true,false,1410
2025-11-27T21:25:37.97047-08:00,read,key_796,1.52,true,false,1402
2025-11-27T21:25:37.981667-08:00,read,key_412,1.58,true,false,1606
2025-11-27T21:25:37.992846-08:00,read,key_252,2.24,true,false,1694
2025-11-27T21:25:38.00394-08:00,read,key_184,1.67,true,false,1447
2025-11-27T21:25:38.015013-08:00,read,key_109,1.96,true,false,132
2025-11-27T21:25:38.025509-08:00,read,key_815,2.26,true,false,658
2025-11-27T21:25:38.036692-08:00,read,key_104,1.65,true,false,860
2025-11-27T21:25:38.047858-08:00,read,key_247,1.67,false,false,0
2025-11-27T21:25:38.059009-08:00,read,key_389,2.33,true,false,1661
2025-11-27T21:25:38.069772-08:00,read,key_686,1.74,true,false,1742
2025-11-27T21:25:38.079981-08:00,read,key_697,1.78,true,false,1736
2025-11-27T21:25:38.091212-08:00,read,key_559,2.25,true,false,627
2025-11-27T21:25:38.102433-08:00,read,key_900,1.91,true,false,815
2025-11-27T21:25:38.113292-08:00,read,key_72,2.01,true,false,1296
2025-11-27T21:25:38.124463-08:00,read,key_462,4.36,true,false,1562
2025-11-27T21:25:38.135254-08:00,read,key_737,2.86,true,false,1722
2025-11-27T21:25:38.146094-08:00,read,key_581,3.40,true,false,1632
2025-11-27T21:25:38.157171-08:00,read,key_468,1.96,true,false,1534
2025-11-27T21:25:38.16831-08:00,read,key_679,2.34,true,false,1743
2025-11-27T21:25:38.179496-08:00,read,key_819,1.71,false,false,0
2025-11-27T21:25:38.190509-08:00,read,key_497,3.30,true,false,1025
2025-11-27T21:25:38.201505-08:00,read,key_716,0.79,true,false,1482
2025-11-27T21:25:38.212743-08:00,read,key_328,0.87,true,false,617
2025-11-27T21:25:38.22366-08:00,read,key_986,1.95,true,false,1870
2025-11-27T21:25:37.926511-08:00,write,key_748,310.22,true,false,1873
2025-11-27T21:25:38.23531-08:00,read,key_955,1.44,true,false,1567
2025-11-27T21:25:38.246476-08:00,read,key_65,1.78,false,false,0
2025-11-27T21:25:38.257624-08:00,read,key_757,1.79,true,false,1602
2025-11-27T21:25:37.959726-08:00,write,key_816,305.92,true,false,1873
2025-11-27T21:25:38.267942-08:00,read,key_533,2.05,true,false,571
2025-11-27T21:25:38.278773-08:00,read,key_326,1.73,true,false,766
2025-11-27T21:25:38.290073-08:00,read,key_674,1.40,true,false,1699
2025-11-27T21:25:38.300645-08:00,read,key_585,3.91,true,false,1732
2025-11-27T21:25:38.31099-08:00,read,key_224,1.68,true,false,900
2025-11-27T21:25:38.321756-08:00,read,key_745,1.03,true,false,1818
2025-11-27T21:25:38.332979-08:00,read,key_850,0.86,true,false,1760
2025-11-27T21:25:38.343579-08:00,read,key_940,0.91,true,false,1467
2025-11-27T21:25:38.354807-08:00,read,key_224,1.18,true,false,900
2025-11-27T21:25:38.366018-08:00,read,key_60,1.07,true,false,1132
2025-11-27T21:25:38.377505-08:00,read,key_587,0.93,true,false,785
2025-11-27T21:25:38.388705-08:00,read,key_58,0.89,true,false,1815
2025-11-27T21:25:38.399835-08:00,read,key_252,0.80,true,false,1694
2025-11-27T21:25:38.410992-08:00,read,key_862,0.65,true,false,1652
2025-11-27T21:25:38.422204-08:00,read,key_727,0.82,true,false,1348
2025-11-27T21:25:38.433172-08:00,read,key_527,2.14,true,false,1766
2025-11-27T21:25:38.444342-08:00,read,key_185,1.74,true,false,1800
2025-11-27T21:25:38.455038-08:00,read,key_208,1.75,true,false,1346
2025-11-27T21:25:38.466188-08:00,read,key_515,1.90,true,false,1626
2025-11-27T21:25:38.477422-08:00,read,key_559,1.87,true,false,627
2025-11-27T21:25:38.488585-08:00,read,key_654,1.99,true,false,1718
2025-11-27T21:25:38.499722-08:00,read,key_954,2.24,true,false,1472
2025-11-27T21:25:38.51081-08:00,read,key_2,1.81,true,false,1743
2025-11-27T21:25:38.533095-08:00,read,key_787,2.23,true,false,1866
2025-11-27T21:25:38.554988-08:00,read,key_951,2.12,true,false,1872
2025-11-27T21:25:38.566061-08:00,read,key_224,2.22,true,false,900
2025-11-27T21:25:38.577422-08:00,read,key_54,2.04,true,false,1786
2025-11-27T21:25:38.588402-08:00,read,key_408,3.86,true,false,1366
2025-11-27T21:25:38.599242-08:00,read,key_838,1.53,true,false,665
2025-11-27T21:25:38.609484-08:00,read,key_23,2.06,true,false,1305
2025-11-27T21:25:38.620627-08:00,read,key_633,1.75,true,false,1715
2025-11-27T21:25:38.631017-08:00,read,key_809,1.82,true,false,1534
2025-11-27T21:25:38.64343-08:00,read,key_567,2.22,true,false,1777
2025-11-27T21:25:38.654578-08:00,read,key_706,1.98,true,false,1742
2025-11-27T21:25:38.665747-08:00,read,key_783,1.68,true,false,1671
2025-11-27T21:25:38.676255-08:00,read,key_228,3.17,true,false,1768
2025-11-27T21:25:38.687273-08:00,read,key_388,1.82,true,false,1685
2025-11-27T21:25:38.69842-08:00,read,key_261,1.71,true,false,568
2025-11-27T21:25:38.708874-08:00,read,key_713,2.12,true,false,1547
2025-11-27T21:25:38.72003-08:00,read,key_941,1.07,true,false,1138
2025-11-27T21:25:38.731207-08:00,read,key_60,0.84,true,false,1132
2025-11-27T21:25:38.753819-08:00,read,key_815,1.75,true,false,658
2025-11-27T21:25:38.765032-08:00,read,key_964,1.86,true,false,1757
2025-11-27T21:25:38.776337-08:00,read,key_132,2.18,true,false,1557
2025-11-27T21:25:38.787311-08:00,read,key_337,1.69,true,false,1660
2025-11-27T21:25:38.798217-08:00,read,key_399,1.54,true,false,870
2025-11-27T21:25:38.809407-08:00,read,key_345,2.23,true,false,1812
2025-11-27T21:25:38.819914-08:00,read,key_452,1.86,true,false,1555
2025-11-27T21:25:38.521971-08:00,write,key_19,305.07,true,false,1874
2025-11-27T21:25:38.830486-08:00,read,key_487,1.43,true,false,1194
2025-11-27T21:25:38.841636-08:00,read,key_153,2.62,true,false,1575
2025-11-27T21:25:38.544213-08:00,write,key_651,303.41,true,false,1875
2025-11-27T21:25:38.85229-08:00,read,key_193,1.43,true,false,1239
2025-11-27T21:25:38.863504-08:00,read,key_791,2.04,true,false,1720
2025-11-27T21:25:38.874673-08:00,read,key_49,1.32,true,false,1864
2025-11-27T21:25:38.885843-08:00,read,key_784,1.74,true,false,1794
2025-11-27T21:25:38.896263-08:00,read,key_460,1.92,true,false,1549
2025-11-27T21:25:38.90743-08:00,read,key_807,1.58,true,false,1585
2025-11-27T21:25:38.91866-08:00,read,key_629,2.68,true,false,579
2025-11-27T21:25:38.929741-08:00,read,key_858,1.94,true,false,1444
2025-11-27T21:25:38.940865-08:00,read,key_679,1.89,true,false,1743
2025-11-27T21:25:38.951658-08:00,read,key_361,2.26,true,false,1503
2025-11-27T21:25:38.962791-08:00,read,key_816,1.88,true,false,1873
2025-11-27T21:25:38.973946-08:00,read,key_840,1.70,true,false,1727
2025-11-27T21:25:38.985087-08:00,read,key_461,1.58,true,false,1801
2025-11-27T21:25:38.996245-08:00,read,key_578,1.91,true,false,1857
2025-11-27T21:25:39.007392-08:00,read,key_51,2.21,true,false,1250
2025-11-27T21:25:39.01857-08:00,read,key_484,2.06,true,false,1481
2025-11-27T21:25:39.040575-08:00,read,key_548,2.54,true,false,905
2025-11-27T21:25:38.742616-08:00,write,key_305,308.72,true,false,1874
2025-11-27T21:25:39.051423-08:00,read,key_134,1.90,true,false,1869
2025-11-27T21:25:39.062566-08:00,read,key_464,1.90,true,false,1497
2025-11-27T21:25:39.073713-08:00,read,key_139,1.28,true,false,1819
2025-11-27T21:25:39.084685-08:00,read,key_737,2.10,true,false,1722
2025-11-27T21:25:39.095042-08:00,read,key_781,1.96,true,false,1694
2025-11-27T21:25:39.106183-08:00,read,key_947,1.72,true,false,1766
2025-11-27T21:25:39.11736-08:00,read,key_587,2.52,true,false,785
2025-11-27T21:25:39.128461-08:00,read,key_597,1.89,true,false,231
2025-11-27T21:25:39.13968-08:00,read,key_224,1.72,true,false,900
2025-11-27T21:25:39.150857-08:00,read,key_2,2.74,true,false,1743
2025-11-27T21:25:39.17311-08:00,read,key_517,1.85,true,false,1040
2025-11-27T21:25:39.183768-08:00,read,key_807,2.46,true,false,1585
2025-11-27T21:25:39.194912-08:00,read,key_687,1.79,true,false,411
2025-11-27T21:25:39.206108-08:00,read,key_695,1.55,true,false,1855
2025-11-27T21:25:39.217204-08:00,read,key_570,2.62,true,false,1499
2025-11-27T21:25:39.227764-08:00,read,key_552,1.69,true,false,1126
2025-11-27T21:25:39.238352-08:00,read,key_118,1.73,true,false,1529
2025-11-27T21:25:39.248642-08:00,read,key_481,2.66,true,false,1521
2025-11-27T21:25:39.259706-08:00,read,key_854,1.90,true,false,1831
2025-11-27T21:25:39.270076-08:00,read,key_372,1.76,true,false,530
2025-11-27T21:25:39.281074-08:00,read,key_708,1.78,true,false,1480
2025-11-27T21:25:39.303629-08:00,read,key_196,1.71,true,false,1488
2025-11-27T21:25:39.326477-08:00,read,key_426,2.15,true,false,624
2025-11-27T21:25:39.029439-08:00,write,key_873,306.50,true,false,1876
2025-11-27T21:25:39.336661-08:00,read,key_536,1.46,true,false,1321
2025-11-27T21:25:39.34786-08:00,read,key_498,1.87,true,false,1605
2025-11-27T21:25:39.359022-08:00,read,key_865,2.28,true,false,1626
2025-11-27T21:25:39.370201-08:00,read,key_334,1.77,true,false,1655
2025-11-27T21:25:39.381114-08:00,read,key_483,1.99,true,false,1539
2025-11-27T21:25:39.391533-08:00,read,key_2,2.88,true,false,1743
2025-11-27T21:25:39.402573-08:00,read,key_862,1.55,true,false,1652
2025-11-27T21:25:39.413354-08:00,read,key_734,1.77,false,false,0
2025-11-27T21:25:39.424486-08:00,read,key_196,2.04,true,false,1488
2025-11-27T21:25:39.435732-08:00,read,key_7,1.83,true,false,1759
2025-11-27T21:25:39.446803-08:00,read,key_681,2.06,true,false,1606
2025-11-27T21:25:39.458004-08:00,read,key_80,3.16,true,false,1765
2025-11-27T21:25:39.161947-08:00,write,key_121,307.71,true,false,1876
2025-11-27T21:25:39.468481-08:00,read,key_888,1.63,true,false,731
2025-11-27T21:25:39.479672-08:00,read,key_50,2.05,true,false,1662
2025-11-27T21:25:39.49079-08:00,read,key_374,1.76,true,false,1157
2025-11-27T21:25:39.512841-08:00,read,key_879,1.79,true,false,1566
2025-11-27T21:25:39.524012-08:00,read,key_133,2.14,true,false,1716
2025-11-27T21:25:39.534658-08:00,read,key_804,2.45,true,false,1476
2025-11-27T21:25:39.545782-08:00,read,key_256,1.51,true,false,1495
2025-11-27T21:25:39.567658-08:00,read,key_118,1.71,true,false,1529
2025-11-27T21:25:39.578792-08:00,read,key_684,1.77,true,false,70
2025-11-27T21:25:39.588978-08:00,read,key_319,1.81,true,false,920
2025-11-27T21:25:39.292478-08:00,write,key_751,310.36,true,false,1877
2025-11-27T21:25:39.600204-08:00,read,key_596,3.35,true,false,1666
2025-11-27T21:25:39.6111-08:00,read,key_580,1.84,true,false,1666
2025-11-27T21:25:39.314854-08:00,write,key_708,306.63,true,false,1876
2025-11-27T21:25:39.621526-08:00,read,key_785,0.97,true,false,1793
2025-11-27T21:25:39.632192-08:00,read,key_640,2.11,true,false,1740
2025-11-27T21:25:39.643312-08:00,read,key_65,2.46,false,false,0
2025-11-27T21:25:39.654405-08:00,read,key_860,1.76,true,false,1814
2025-11-27T21:25:39.665384-08:00,read,key_601,1.53,true,false,1708
2025-11-27T21:25:39.676404-08:00,read,key_575,2.33,true,false,1126
2025-11-27T21:25:39.687561-08:00,read,key_371,1.78,true,false,1563
2025-11-27T21:25:39.698677-08:00,read,key_735,1.55,true,false,180
2025-11-27T21:25:39.7096-08:00,read,key_682,2.28,true,false,542
2025-11-27T21:25:39.720592-08:00,read,key_742,1.80,true,false,1860
2025-11-27T21:25:39.732144-08:00,read,key_519,2.36,true,false,968
2025-11-27T21:25:39.742879-08:00,read,key_804,1.95,true,false,1476
2025-11-27T21:25:39.764913-08:00,read,key_596,1.47,true,false,1666
2025-11-27T21:25:39.776024-08:00,read,key_800,2.51,true,false,1447
2025-11-27T21:25:39.78691-08:00,read,key_253,1.92,true,false,1518
2025-11-27T21:25:39.798068-08:00,read,key_827,4.38,true,false,1787
2025-11-27T21:25:39.502064-08:00,write,key_687,305.16,true,false,1878
2025-11-27T21:25:39.80835-08:00,read,key_547,2.07,true,false,758
2025-11-27T21:25:39.819034-08:00,read,key_48,1.76,true,false,1086
2025-11-27T21:25:39.829612-08:00,read,key_311,1.95,true,false,1050
2025-11-27T21:25:39.840756-08:00,read,key_546,2.13,true,false,1373
2025-11-27T21:25:39.851396-08:00,read,key_679,1.95,true,false,1743
2025-11-27T21:25:39.862544-08:00,read,key_478,1.71,true,false,1732
2025-11-27T21:25:39.556984-08:00,write,key_593,308.55,true,false,1877
2025-11-27T21:25:39.873552-08:00,read,key_198,1.72,true,false,1277
2025-11-27T21:25:39.884736-08:00,read,key_107,1.23,true,false,1784
2025-11-27T21:25:39.895927-08:00,read,key_931,1.77,true,false,999
2025-11-27T21:25:39.906435-08:00,read,key_46,1.68,true,false,1657
2025-11-27T21:25:39.917682-08:00,read,key_338,1.94,true,false,1830
2025-11-27T21:25:39.927936-08:00,read,key_33,1.76,true,false,1737
2025-11-27T21:25:39.939119-08:00,read,key_307,1.74,true,false,1856
2025-11-27T21:25:39.950279-08:00,read,key_807,2.13,true,false,1585
2025-11-27T21:25:39.972461-08:00,read,key_754,1.99,true,false,1813
2025-11-27T21:25:39.983667-08:00,read,key_422,2.17,true,false,1066
2025-11-27T21:25:39.994759-08:00,read,key_604,1.82,true,false,961
2025-11-27T21:25:40.006793-08:00,read,key_152,1.30,true,false,1721
2025-11-27T21:25:40.016971-08:00,read,key_37,2.84,true,false,1757
2025-11-27T21:25:40.03832-08:00,read,key_732,1.85,true,false,1701
2025-11-27T21:25:40.049491-08:00,read,key_678,2.88,true,false,1346
2025-11-27T21:25:40.060803-08:00,read,key_684,1.92,true,false,70
2025-11-27T21:25:39.753699-08:00,write,key_876,309.04,true,false,1878
2025-11-27T21:25:40.071952-08:00,read,key_47,1.57,true,false,1834
2025-11-27T21:25:40.083101-08:00,read,key_54,1.92,true,false,1786
2025-11-27T21:25:40.094034-08:00,read,key_335,1.37,false,false,0
2025-11-27T21:25:40.115225-08:00,read,key_815,1.75,true,false,658
2025-11-27T21:25:40.126742-08:00,read,key_755,1.84,true,false,1801
2025-11-27T21:25:40.137882-08:00,read,key_486,1.71,true,false,1362
2025-11-27T21:25:40.148917-08:00,read,key_427,2.88,true,false,1071
2025-11-27T21:25:40.159936-08:00,read,key_866,2.66,true,false,1785
2025-11-27T21:25:40.171086-08:00,read,key_830,2.42,true,false,1808
2025-11-27T21:25:40.182218-08:00,read,key_310,1.45,true,false,953
2025-11-27T21:25:40.192795-08:00,read,key_51,3.39,true,false,1250
2025-11-27T21:25:40.203277-08:00,read,key_836,1.91,true,false,904
2025-11-27T21:25:40.214424-08:00,read,key_414,1.74,true,false,661
2025-11-27T21:25:40.236537-08:00,read,key_605,3.64,false,false,0
2025-11-27T21:25:40.247472-08:00,read,key_134,1.56,true,false,1869
2025-11-27T21:25:39.961283-08:00,write,key_281,305.20,true,false,1879
2025-11-27T21:25:40.269075-08:00,read,key_589,1.52,true,false,1715
2025-11-27T21:25:40.279984-08:00,read,key_777,1.76,true,false,916
2025-11-27T21:25:40.291187-08:00,read,key_322,2.26,true,false,1559
2025-11-27T21:25:40.301992-08:00,read,key_759,2.17,true,false,1346
2025-11-27T21:25:40.324032-08:00,read,key_841,1.72,true,false,1108
2025-11-27T21:25:40.02807-08:00,write,key_706,305.67,true,false,1879
2025-11-27T21:25:40.334297-08:00,read,key_214,1.69,true,false,1006
2025-11-27T21:25:40.345457-08:00,read,key_256,1.85,true,false,1495
2025-11-27T21:25:40.356632-08:00,read,key_952,4.99,true,false,1453
2025-11-27T21:25:40.367431-08:00,read,key_814,1.64,true,false,1747
2025-11-27T21:25:40.378579-08:00,read,key_135,1.80,true,false,1740
2025-11-27T21:25:40.389214-08:00,read,key_539,1.70,true,false,187
2025-11-27T21:25:40.104262-08:00,write,key_749,307.82,true,false,1879
2025-11-27T21:25:40.410835-08:00,read,key_549,1.64,true,false,1778
2025-11-27T21:25:40.421686-08:00,read,key_869,1.68,true,false,1592
2025-11-27T21:25:40.432968-08:00,read,key_740,1.43,true,false,1669
2025-11-27T21:25:40.44417-08:00,read,key_786,1.58,true,false,1620
2025-11-27T21:25:40.455131-08:00,read,key_978,2.03,true,false,1463
2025-11-27T21:25:40.477369-08:00,read,key_12,1.82,true,false,1251
2025-11-27T21:25:40.488495-08:00,read,key_38,2.17,true,false,1532
2025-11-27T21:25:40.499639-08:00,read,key_909,2.02,true,false,1749
2025-11-27T21:25:40.510559-08:00,read,key_973,1.26,true,false,1246
2025-11-27T21:25:40.52106-08:00,read,key_134,1.63,true,false,1869
2025-11-27T21:25:40.225571-08:00,write,key_460,306.58,true,false,1880
2025-11-27T21:25:40.531889-08:00,read,key_940,0.91,true,false,1467
2025-11-27T21:25:40.54259-08:00,read,key_623,2.52,true,false,1187
2025-11-27T21:25:40.553695-08:00,read,key_67,2.06,true,false,1836
2025-11-27T21:25:40.258653-08:00,write,key_292,305.54,true,false,1880
2025-11-27T21:25:40.564171-08:00,read,key_212,1.10,true,false,1392
2025-11-27T21:25:40.574942-08:00,read,key_303,2.46,true,false,557
2025-11-27T21:25:40.586083-08:00,read,key_308,1.59,true,false,1849
2025-11-27T21:25:40.596664-08:00,read,key_29,1.92,true,false,1236
2025-11-27T21:25:40.607841-08:00,read,key_670,2.90,true,false,1791
2025-11-27T21:25:40.312869-08:00,write,key_89,307.76,true,false,1881
2025-11-27T21:25:40.618461-08:00,read,key_210,2.39,true,false,990
2025-11-27T21:25:40.629591-08:00,read,key_832,1.73,true,false,761
2025-11-27T21:25:40.640757-08:00,read,key_747,2.30,true,false,1843
2025-11-27T21:25:40.652064-08:00,read,key_693,2.05,true,false,1048
2025-11-27T21:25:40.663217-08:00,read,key_828,1.88,true,false,851
2025-11-27T21:25:40.674385-08:00,read,key_487,2.40,true,false,1194
2025-11-27T21:25:40.684887-08:00,read,key_573,2.44,true,false,1593
2025-11-27T21:25:40.695086-08:00,read,key_697,1.71,true,false,1736
2025-11-27T21:25:40.705701-08:00,read,key_320,1.70,true,false,1800
2025-11-27T21:25:40.400327-08:00,write,key_600,307.07,true,false,1880
2025-11-27T21:25:40.716917-08:00,read,key_689,2.44,true,false,1707
2025-11-27T21:25:40.728045-08:00,read,key_258,1.71,true,false,1563
2025-11-27T21:25:40.739427-08:00,read,key_738,1.77,true,false,1676
2025-11-27T21:25:40.75035-08:00,read,key_198,3.55,true,false,1277
2025-11-27T21:25:40.76134-08:00,read,key_277,1.91,true,false,154
2025-11-27T21:25:40.771666-08:00,read,key_755,1.63,true,false,1801
2025-11-27T21:25:40.466496-08:00,write,key_89,310.46,true,false,1880
2025-11-27T21:25:40.782417-08:00,read,key_970,2.11,true,false,1453
2025-11-27T21:25:40.80384-08:00,read,key_138,1.98,true,false,1817
2025-11-27T21:25:40.814418-08:00,read,key_343,1.78,true,false,1506
2025-11-27T21:25:40.792705-08:00,write,key_72,310.68,true,false,1882
