timestamp,type,key,latency_ms,success,is_stale,version
2025-11-27T15:57:05.247988-08:00,read,key_104,3.04,false,false,0
2025-11-27T15:57:05.258881-08:00,read,key_105,0.89,false,false,0
2025-11-27T15:57:05.28093-08:00,read,key_107,1.70,false,false,0
2025-11-27T15:57:05.291994-08:00,read,key_104,0.99,false,false,0
2025-11-27T15:57:05.314271-08:00,read,key_100,4.01,true,false,9
2025-11-27T15:57:05.325289-08:00,read,key_107,1.95,false,false,0
2025-11-27T15:57:05.336412-08:00,read,key_102,1.80,false,false,0
2025-11-27T15:57:05.347625-08:00,read,key_663,1.80,false,false,0
2025-11-27T15:57:05.358807-08:00,read,key_662,2.34,false,false,0
2025-11-27T15:57:05.369893-08:00,read,key_108,1.94,false,false,0
2025-11-27T15:57:05.381004-08:00,read,key_101,1.63,false,false,0
2025-11-27T15:57:05.391982-08:00,read,key_479,1.71,false,false,0
2025-11-27T15:57:05.403155-08:00,read,key_477,1.92,false,false,0
2025-11-27T15:57:05.425289-08:00,read,key_474,4.44,false,false,0
2025-11-27T15:57:05.436111-08:00,read,key_476,1.65,false,false,0
2025-11-27T15:57:05.447248-08:00,read,key_445,1.59,false,false,0
2025-11-27T15:57:05.457498-08:00,read,key_669,2.23,false,false,0
2025-11-27T15:57:05.46854-08:00,read,key_664,1.72,false,false,0
2025-11-27T15:57:05.479642-08:00,read,key_473,1.87,false,false,0
2025-11-27T15:57:05.490802-08:00,read,key_104,1.80,false,false,0
2025-11-27T15:57:05.501333-08:00,read,key_443,1.98,false,false,0
2025-11-27T15:57:05.511885-08:00,read,key_666,1.68,false,false,0
2025-11-27T15:57:05.52302-08:00,read,key_776,1.52,false,false,0
2025-11-27T15:57:05.534137-08:00,read,key_442,1.51,false,false,0
2025-11-27T15:57:05.544735-08:00,read,key_473,1.62,false,false,0
2025-11-27T15:57:05.555853-08:00,read,key_778,1.66,false,false,0
2025-11-27T15:57:05.566992-08:00,read,key_174,2.29,false,false,0
2025-11-27T15:57:05.269911-08:00,write,key_103,308.75,true,false,122
2025-11-27T15:57:05.57795-08:00,read,key_442,1.40,false,false,0
2025-11-27T15:57:05.589065-08:00,read,key_319,1.14,false,false,0
2025-11-27T15:57:05.600126-08:00,read,key_774,1.10,true,false,46
2025-11-27T15:57:05.303084-08:00,write,key_106,307.79,true,false,123
2025-11-27T15:57:05.610614-08:00,read,key_440,1.19,false,false,0
2025-11-27T15:57:05.621673-08:00,read,key_775,1.03,false,false,0
2025-11-27T15:57:05.632754-08:00,read,key_664,1.20,false,false,0
2025-11-27T15:57:05.643841-08:00,read,key_177,1.36,false,false,0
2025-11-27T15:57:05.654847-08:00,read,key_805,1.41,false,false,0
2025-11-27T15:57:05.665855-08:00,read,key_318,1.18,true,false,106
2025-11-27T15:57:05.676961-08:00,read,key_108,1.49,false,false,0
2025-11-27T15:57:05.688054-08:00,read,key_476,1.27,false,false,0
2025-11-27T15:57:05.698404-08:00,read,key_661,1.33,false,false,0
2025-11-27T15:57:05.708611-08:00,read,key_773,1.92,false,false,0
2025-11-27T15:57:05.414243-08:00,write,key_100,307.41,true,false,124
2025-11-27T15:57:05.719432-08:00,read,key_312,2.31,false,false,0
2025-11-27T15:57:05.730075-08:00,read,key_770,1.42,false,false,0
2025-11-27T15:57:05.741212-08:00,read,key_805,1.73,false,false,0
2025-11-27T15:57:05.751965-08:00,read,key_319,1.82,false,false,0
2025-11-27T15:57:05.762423-08:00,read,key_770,1.96,false,false,0
2025-11-27T15:57:05.773019-08:00,read,key_661,1.73,false,false,0
2025-11-27T15:57:05.784158-08:00,read,key_318,2.06,true,false,106
2025-11-27T15:57:05.805112-08:00,read,key_770,1.82,false,false,0
2025-11-27T15:57:05.816281-08:00,read,key_806,2.03,false,false,0
2025-11-27T15:57:05.827427-08:00,read,key_798,2.00,false,false,0
2025-11-27T15:57:05.838595-08:00,read,key_102,1.69,false,false,0
2025-11-27T15:57:05.849524-08:00,read,key_662,1.40,false,false,0
2025-11-27T15:57:05.860589-08:00,read,key_175,1.85,false,false,0
2025-11-27T15:57:05.871644-08:00,read,key_777,2.17,false,false,0
2025-11-27T15:57:05.890654-08:00,read,key_660,3.17,false,false,0
2025-11-27T15:57:05.901604-08:00,read,key_101,1.59,false,false,0
2025-11-27T15:57:05.912713-08:00,read,key_808,1.90,false,false,0
2025-11-27T15:57:05.923795-08:00,read,key_939,1.15,false,false,0
2025-11-27T15:57:05.93466-08:00,read,key_770,1.71,false,false,0
2025-11-27T15:57:05.945728-08:00,read,key_473,1.29,false,false,0
2025-11-27T15:57:05.956793-08:00,read,key_806,1.52,false,false,0
2025-11-27T15:57:05.967867-08:00,read,key_447,2.09,false,false,0
2025-11-27T15:57:05.978929-08:00,read,key_657,1.07,false,false,0
2025-11-27T15:57:05.990006-08:00,read,key_791,1.13,false,false,0
2025-11-27T15:57:06.001049-08:00,read,key_428,1.02,false,false,0
2025-11-27T15:57:06.012107-08:00,read,key_319,0.94,false,false,0
2025-11-27T15:57:06.0342-08:00,read,key_305,2.13,false,false,0
2025-11-27T15:57:06.045256-08:00,read,key_328,0.90,false,false,0
2025-11-27T15:57:06.056303-08:00,read,key_807,0.96,false,false,0
2025-11-27T15:57:06.066831-08:00,read,key_804,0.99,true,false,48
2025-11-27T15:57:06.077897-08:00,read,key_775,1.70,false,false,0
2025-11-27T15:57:06.088928-08:00,read,key_107,1.02,false,false,0
2025-11-27T15:57:05.79468-08:00,write,key_106,305.77,true,false,125
2025-11-27T15:57:06.099985-08:00,read,key_473,0.71,false,false,0
2025-11-27T15:57:06.111029-08:00,read,key_321,1.03,false,false,0
2025-11-27T15:57:06.121549-08:00,read,key_807,1.05,false,false,0
2025-11-27T15:57:06.132586-08:00,read,key_304,1.04,true,false,34
2025-11-27T15:57:06.143658-08:00,read,key_797,0.95,false,false,0
2025-11-27T15:57:06.165363-08:00,read,key_935,1.06,true,false,61
2025-11-27T15:57:06.176421-08:00,read,key_261,1.49,true,false,30
2025-11-27T15:57:06.187567-08:00,read,key_776,2.33,false,false,0
2025-11-27T15:57:06.209111-08:00,read,key_790,4.95,false,false,0
2025-11-27T15:57:06.219877-08:00,read,key_662,1.71,false,false,0
2025-11-27T15:57:06.230987-08:00,read,key_300,1.59,false,false,0
2025-11-27T15:57:06.241497-08:00,read,key_429,1.79,false,false,0
2025-11-27T15:57:06.263369-08:00,read,key_261,4.45,true,false,30
2025-11-27T15:57:06.274151-08:00,read,key_321,1.62,false,false,0
2025-11-27T15:57:06.295637-08:00,read,key_322,3.67,false,false,0
2025-11-27T15:57:06.306561-08:00,read,key_931,1.60,false,false,0
2025-11-27T15:57:06.317174-08:00,read,key_655,1.83,false,false,0
2025-11-27T15:57:06.327773-08:00,read,key_266,2.10,false,false,0
2025-11-27T15:57:06.023164-08:00,write,key_652,309.07,true,false,126
2025-11-27T15:57:06.338623-08:00,read,key_803,2.05,false,false,0
2025-11-27T15:57:06.349735-08:00,read,key_51,2.67,true,false,64
2025-11-27T15:57:06.360856-08:00,read,key_656,2.29,false,false,0
2025-11-27T15:57:06.372129-08:00,read,key_176,1.45,false,false,0
2025-11-27T15:57:06.383201-08:00,read,key_179,1.78,false,false,0
2025-11-27T15:57:06.394252-08:00,read,key_662,0.98,false,false,0
2025-11-27T15:57:06.405293-08:00,read,key_106,1.31,true,false,125
2025-11-27T15:57:06.416349-08:00,read,key_798,1.72,false,false,0
2025-11-27T15:57:06.427392-08:00,read,key_588,1.44,false,false,0
2025-11-27T15:57:06.438535-08:00,read,key_931,1.71,false,false,0
2025-11-27T15:57:06.449643-08:00,read,key_57,1.72,false,false,0
2025-11-27T15:57:06.15433-08:00,write,key_792,306.27,true,false,127
2025-11-27T15:57:06.459825-08:00,read,key_333,1.94,false,false,0
2025-11-27T15:57:06.481558-08:00,read,key_651,1.73,false,false,0
2025-11-27T15:57:06.492657-08:00,read,key_313,1.18,false,false,0
2025-11-27T15:57:06.19803-08:00,write,key_470,306.21,true,false,128
2025-11-27T15:57:06.503059-08:00,read,key_583,1.42,false,false,0
2025-11-27T15:57:06.513233-08:00,read,key_14,1.69,false,false,0
2025-11-27T15:57:06.524036-08:00,read,key_11,1.51,false,false,0
2025-11-27T15:57:06.534685-08:00,read,key_933,1.85,false,false,0
2025-11-27T15:57:06.545815-08:00,read,key_438,1.44,false,false,0
2025-11-27T15:57:06.556944-08:00,read,key_425,1.31,false,false,0
2025-11-27T15:57:06.252734-08:00,write,key_328,311.76,true,false,129
2025-11-27T15:57:06.567366-08:00,read,key_666,1.52,false,false,0
2025-11-27T15:57:06.578174-08:00,read,key_798,1.29,false,false,0
2025-11-27T15:57:06.285121-08:00,write,key_797,305.15,true,false,130
2025-11-27T15:57:06.600385-08:00,read,key_435,0.94,true,false,19
2025-11-27T15:57:06.621742-08:00,read,key_19,1.81,false,false,0
2025-11-27T15:57:06.643373-08:00,read,key_51,5.31,true,false,64
2025-11-27T15:57:06.653502-08:00,read,key_576,1.54,false,false,0
2025-11-27T15:57:06.664665-08:00,read,key_578,1.66,false,false,0
2025-11-27T15:57:06.675234-08:00,read,key_578,1.64,false,false,0
2025-11-27T15:57:06.69757-08:00,read,key_663,3.46,false,false,0
2025-11-27T15:57:06.719174-08:00,read,key_586,4.19,false,false,0
2025-11-27T15:57:06.729848-08:00,read,key_57,1.65,false,false,0
2025-11-27T15:57:06.74-08:00,read,key_261,1.50,true,false,30
2025-11-27T15:57:06.750469-08:00,read,key_420,2.16,false,false,0
2025-11-27T15:57:06.761543-08:00,read,key_477,0.89,false,false,0
2025-11-27T15:57:06.47099-08:00,write,key_928,308.32,true,false,131
2025-11-27T15:57:06.783229-08:00,read,key_933,2.01,false,false,0
2025-11-27T15:57:06.794386-08:00,read,key_170,2.34,false,false,0
2025-11-27T15:57:06.80497-08:00,read,key_109,2.75,false,false,0
2025-11-27T15:57:06.815979-08:00,read,key_437,0.74,true,false,10
2025-11-27T15:57:06.838138-08:00,read,key_445,2.53,false,false,0
2025-11-27T15:57:06.849116-08:00,read,key_306,1.30,false,false,0
2025-11-27T15:57:06.859493-08:00,read,key_16,1.35,false,false,0
2025-11-27T15:57:06.881595-08:00,read,key_797,2.43,true,false,130
2025-11-27T15:57:06.892628-08:00,read,key_925,1.57,false,false,0
2025-11-27T15:57:06.589258-08:00,write,key_263,304.96,true,false,132
2025-11-27T15:57:06.903666-08:00,read,key_320,1.13,true,false,97
2025-11-27T15:57:06.611507-08:00,write,key_926,304.88,true,false,133
2025-11-27T15:57:06.925829-08:00,read,key_105,1.29,true,false,134
2025-11-27T15:57:06.632899-08:00,write,key_105,304.94,true,false,134
2025-11-27T15:57:06.936902-08:00,read,key_926,1.13,true,false,133
2025-11-27T15:57:06.947965-08:00,read,key_935,1.35,true,false,61
2025-11-27T15:57:06.95904-08:00,read,key_267,1.38,false,false,0
2025-11-27T15:57:06.969509-08:00,read,key_794,1.67,false,false,0
2025-11-27T15:57:06.980562-08:00,read,key_566,1.15,true,false,101
2025-11-27T15:57:06.990948-08:00,read,key_17,1.13,false,false,0
2025-11-27T15:57:06.686399-08:00,write,key_174,306.13,true,false,135
2025-11-27T15:57:07.001151-08:00,read,key_400,1.22,false,false,0
2025-11-27T15:57:07.012227-08:00,read,key_106,1.77,true,false,125
2025-11-27T15:57:06.708051-08:00,write,key_339,305.95,true,false,136
2025-11-27T15:57:07.02332-08:00,read,key_922,1.18,false,false,0
2025-11-27T15:57:07.034363-08:00,read,key_494,1.06,true,false,139
2025-11-27T15:57:07.045411-08:00,read,key_303,1.25,false,false,0
2025-11-27T15:57:07.056474-08:00,read,key_304,1.57,true,false,34
2025-11-27T15:57:07.067536-08:00,read,key_105,1.55,true,false,134
2025-11-27T15:57:06.772686-08:00,write,key_448,304.20,true,false,137
2025-11-27T15:57:07.07765-08:00,read,key_581,1.56,false,false,0
2025-11-27T15:57:07.088706-08:00,read,key_938,1.13,false,false,0
2025-11-27T15:57:07.099746-08:00,read,key_408,1.71,false,false,0
2025-11-27T15:57:07.12182-08:00,read,key_50,2.11,false,false,0
2025-11-27T15:57:06.827057-08:00,write,key_327,306.15,true,false,138
2025-11-27T15:57:07.132876-08:00,read,key_568,1.01,true,false,100
2025-11-27T15:57:07.143929-08:00,read,key_563,1.78,false,false,0
2025-11-27T15:57:07.154978-08:00,read,key_318,1.54,true,false,106
2025-11-27T15:57:07.166044-08:00,read,key_800,1.19,false,false,0
2025-11-27T15:57:07.177106-08:00,read,key_656,1.71,false,false,0
2025-11-27T15:57:06.870549-08:00,write,key_494,309.05,true,false,139
2025-11-27T15:57:07.188092-08:00,read,key_490,1.41,false,false,0
2025-11-27T15:57:07.210445-08:00,read,key_756,1.77,false,false,0
2025-11-27T15:57:06.914745-08:00,write,key_808,305.74,true,false,140
2025-11-27T15:57:07.231544-08:00,read,key_58,1.55,true,false,57
2025-11-27T15:57:07.242611-08:00,read,key_561,1.36,false,false,0
2025-11-27T15:57:07.264737-08:00,read,key_663,4.97,false,false,0
2025-11-27T15:57:07.275418-08:00,read,key_175,1.93,false,false,0
2025-11-27T15:57:07.286462-08:00,read,key_406,2.55,false,false,0
2025-11-27T15:57:07.296882-08:00,read,key_449,1.18,false,false,0
2025-11-27T15:57:07.30795-08:00,read,key_698,2.00,false,false,0
2025-11-27T15:57:07.318746-08:00,read,key_180,1.59,false,false,0
2025-11-27T15:57:07.329821-08:00,read,key_135,1.35,false,false,0
2025-11-27T15:57:07.351969-08:00,read,key_52,3.30,false,false,0
2025-11-27T15:57:07.362868-08:00,read,key_575,1.16,true,false,79
2025-11-27T15:57:07.373948-08:00,read,key_139,1.69,false,false,0
2025-11-27T15:57:07.385007-08:00,read,key_831,1.12,false,false,0
2025-11-27T15:57:07.396075-08:00,read,key_290,1.14,false,false,0
2025-11-27T15:57:07.407147-08:00,read,key_795,1.41,true,false,85
2025-11-27T15:57:07.110773-08:00,write,key_732,303.87,true,false,141
2025-11-27T15:57:07.417509-08:00,read,key_446,1.05,true,false,41
2025-11-27T15:57:07.428581-08:00,read,key_429,1.43,false,false,0
2025-11-27T15:57:07.439615-08:00,read,key_424,1.56,false,false,0
2025-11-27T15:57:07.461751-08:00,read,key_770,2.29,false,false,0
2025-11-27T15:57:07.472681-08:00,read,key_446,1.18,true,false,41
2025-11-27T15:57:07.483753-08:00,read,key_69,1.27,false,false,0
2025-11-27T15:57:07.494829-08:00,read,key_477,1.70,false,false,0
2025-11-27T15:57:07.199333-08:00,write,key_860,304.36,true,false,142
2025-11-27T15:57:07.505038-08:00,read,key_401,1.21,false,false,0
2025-11-27T15:57:07.516104-08:00,read,key_300,1.48,false,false,0
2025-11-27T15:57:07.527196-08:00,read,key_767,1.16,false,false,0
2025-11-27T15:57:07.220483-08:00,write,key_735,307.92,true,false,143
2025-11-27T15:57:07.538206-08:00,read,key_19,1.09,false,false,0
2025-11-27T15:57:07.549258-08:00,read,key_920,1.47,false,false,0
2025-11-27T15:57:07.253683-08:00,write,key_338,307.84,true,false,144
2025-11-27T15:57:07.560319-08:00,read,key_932,1.97,false,false,0
2025-11-27T15:57:07.571393-08:00,read,key_318,2.32,true,false,106
2025-11-27T15:57:07.582414-08:00,read,key_421,2.03,false,false,0
2025-11-27T15:57:07.593474-08:00,read,key_792,1.73,true,false,127
2025-11-27T15:57:07.60452-08:00,read,key_53,1.46,false,false,0
2025-11-27T15:57:07.61559-08:00,read,key_17,2.18,false,false,0
2025-11-27T15:57:07.63769-08:00,read,key_736,1.49,true,false,105
2025-11-27T15:57:07.34089-08:00,write,key_55,308.65,true,false,145
2025-11-27T15:57:07.648739-08:00,read,key_777,1.28,false,false,0
2025-11-27T15:57:07.659778-08:00,read,key_315,1.55,false,false,0
2025-11-27T15:57:07.670846-08:00,read,key_57,1.90,false,false,0
2025-11-27T15:57:07.681909-08:00,read,key_377,1.78,true,false,116
2025-11-27T15:57:07.692978-08:00,read,key_314,1.77,true,false,88
2025-11-27T15:57:07.70404-08:00,read,key_498,1.58,false,false,0
2025-11-27T15:57:07.726137-08:00,read,key_370,3.82,false,false,0
2025-11-27T15:57:07.736981-08:00,read,key_938,1.15,false,false,0
2025-11-27T15:57:07.748015-08:00,read,key_931,1.51,false,false,0
2025-11-27T15:57:07.450676-08:00,write,key_757,307.27,true,false,146
2025-11-27T15:57:07.758058-08:00,read,key_67,0.94,false,false,0
2025-11-27T15:57:07.769125-08:00,read,key_657,1.53,false,false,0
2025-11-27T15:57:07.780203-08:00,read,key_470,1.80,true,false,128
2025-11-27T15:57:07.791261-08:00,read,key_908,1.10,false,false,0
2025-11-27T15:57:07.813347-08:00,read,key_838,1.36,false,false,0
2025-11-27T15:57:07.824387-08:00,read,key_739,1.55,false,false,0
2025-11-27T15:57:07.835458-08:00,read,key_895,1.50,false,false,0
2025-11-27T15:57:07.846508-08:00,read,key_109,1.34,false,false,0
2025-11-27T15:57:07.857552-08:00,read,key_434,1.65,true,false,103
2025-11-27T15:57:07.879687-08:00,read,key_171,3.15,false,false,0
2025-11-27T15:57:07.890612-08:00,read,key_652,1.71,true,false,126
2025-11-27T15:57:07.90169-08:00,read,key_929,1.88,false,false,0
2025-11-27T15:57:07.912779-08:00,read,key_445,1.90,false,false,0
2025-11-27T15:57:07.923821-08:00,read,key_496,1.50,false,false,0
2025-11-27T15:57:07.62663-08:00,write,key_185,304.30,true,false,147
2025-11-27T15:57:07.934246-08:00,read,key_295,1.42,false,false,0
2025-11-27T15:57:07.945278-08:00,read,key_494,1.81,true,false,139
2025-11-27T15:57:07.956321-08:00,read,key_308,1.51,true,false,45
2025-11-27T15:57:07.967387-08:00,read,key_269,1.42,false,false,0
2025-11-27T15:57:07.978454-08:00,read,key_15,1.48,false,false,0
2025-11-27T15:57:07.988592-08:00,read,key_573,1.36,true,false,82
2025-11-27T15:57:07.999659-08:00,read,key_305,2.12,false,false,0
2025-11-27T15:57:08.010674-08:00,read,key_566,1.41,true,false,101
2025-11-27T15:57:07.7151-08:00,write,key_313,304.52,true,false,148
2025-11-27T15:57:08.031912-08:00,read,key_732,1.41,true,false,141
2025-11-27T15:57:08.043003-08:00,read,key_652,1.26,true,false,126
2025-11-27T15:57:08.065093-08:00,read,key_569,2.56,false,false,0
2025-11-27T15:57:08.076054-08:00,read,key_325,2.13,false,false,0
2025-11-27T15:57:08.08708-08:00,read,key_864,0.99,false,false,0
2025-11-27T15:57:07.802298-08:00,write,key_422,306.51,true,false,149
2025-11-27T15:57:08.108802-08:00,read,key_314,0.76,true,false,88
2025-11-27T15:57:08.119933-08:00,read,key_375,1.48,false,false,0
2025-11-27T15:57:08.130431-08:00,read,key_362,3.47,false,false,0
2025-11-27T15:57:08.141424-08:00,read,key_929,1.17,false,false,0
2025-11-27T15:57:08.152533-08:00,read,key_421,1.62,false,false,0
2025-11-27T15:57:07.868601-08:00,write,key_336,309.18,true,false,150
2025-11-27T15:57:08.174795-08:00,read,key_379,4.65,false,false,0
2025-11-27T15:57:08.185564-08:00,read,key_655,1.87,false,false,0
2025-11-27T15:57:08.196682-08:00,read,key_587,1.65,false,false,0
2025-11-27T15:57:08.207745-08:00,read,key_108,1.54,false,false,0
2025-11-27T15:57:08.218802-08:00,read,key_447,2.17,false,false,0
2025-11-27T15:57:08.22987-08:00,read,key_303,1.68,false,false,0
2025-11-27T15:57:08.240905-08:00,read,key_904,2.54,false,false,0
2025-11-27T15:57:08.262965-08:00,read,key_433,1.43,false,false,0
2025-11-27T15:57:08.274026-08:00,read,key_269,1.26,false,false,0
2025-11-27T15:57:08.285103-08:00,read,key_303,1.55,false,false,0
2025-11-27T15:57:08.296174-08:00,read,key_105,1.70,true,false,134
2025-11-27T15:57:08.307225-08:00,read,key_790,1.55,false,false,0
2025-11-27T15:57:08.318268-08:00,read,key_178,1.44,false,false,0
2025-11-27T15:57:08.020848-08:00,write,key_424,304.00,true,false,151
2025-11-27T15:57:08.328766-08:00,read,key_887,1.26,false,false,0
2025-11-27T15:57:08.339836-08:00,read,key_17,1.46,false,false,0
2025-11-27T15:57:08.350373-08:00,read,key_922,1.39,false,false,0
2025-11-27T15:57:08.054045-08:00,write,key_296,304.27,true,false,152
2025-11-27T15:57:08.360738-08:00,read,key_72,1.12,false,false,0
2025-11-27T15:57:08.371415-08:00,read,key_52,1.16,false,false,0
2025-11-27T15:57:08.393534-08:00,read,key_326,1.28,true,false,76
2025-11-27T15:57:08.40458-08:00,read,key_423,1.26,false,false,0
2025-11-27T15:57:08.098151-08:00,write,key_578,309.68,true,false,153
2025-11-27T15:57:08.415497-08:00,read,key_75,1.14,true,false,28
2025-11-27T15:57:08.426571-08:00,read,key_406,1.91,false,false,0
2025-11-27T15:57:08.437616-08:00,read,key_766,1.63,false,false,0
2025-11-27T15:57:08.448675-08:00,read,key_301,1.71,false,false,0
2025-11-27T15:57:08.459744-08:00,read,key_326,2.00,true,false,76
2025-11-27T15:57:08.16365-08:00,write,key_750,305.79,true,false,154
2025-11-27T15:57:08.469836-08:00,read,key_103,1.18,true,false,122
2025-11-27T15:57:08.4805-08:00,read,key_72,1.57,false,false,0
2025-11-27T15:57:08.491639-08:00,read,key_377,1.78,true,false,116
2025-11-27T15:57:08.502433-08:00,read,key_927,1.61,false,false,0
2025-11-27T15:57:08.512799-08:00,read,key_65,2.21,false,false,0
2025-11-27T15:57:08.53471-08:00,read,key_735,1.88,true,false,143
2025-11-27T15:57:08.54582-08:00,read,key_732,2.34,true,false,141
2025-11-27T15:57:08.251919-08:00,write,key_260,307.86,true,false,155
2025-11-27T15:57:08.567154-08:00,read,key_776,1.56,false,false,0
2025-11-27T15:57:08.577423-08:00,read,key_806,2.33,false,false,0
2025-11-27T15:57:08.588018-08:00,read,key_419,2.09,false,false,0
2025-11-27T15:57:08.599177-08:00,read,key_189,1.63,false,false,0
2025-11-27T15:57:08.610316-08:00,read,key_864,1.78,false,false,0
2025-11-27T15:57:08.632606-08:00,read,key_105,4.31,true,false,134
2025-11-27T15:57:08.643444-08:00,read,key_336,1.78,true,false,150
2025-11-27T15:57:08.654422-08:00,read,key_297,2.13,false,false,0
2025-11-27T15:57:08.675778-08:00,read,key_732,4.10,true,false,141
2025-11-27T15:57:08.382483-08:00,write,key_300,306.76,true,false,156
2025-11-27T15:57:08.686565-08:00,read,key_266,3.02,false,false,0
2025-11-27T15:57:08.697074-08:00,read,key_556,1.97,false,false,0
2025-11-27T15:57:08.707508-08:00,read,key_651,1.57,false,false,0
2025-11-27T15:57:08.718601-08:00,read,key_2,1.67,false,false,0
2025-11-27T15:57:08.729752-08:00,read,key_904,1.97,false,false,0
2025-11-27T15:57:08.740246-08:00,read,key_199,1.84,false,false,0
2025-11-27T15:57:08.75099-08:00,read,key_251,1.74,false,false,0
2025-11-27T15:57:08.76198-08:00,read,key_794,1.43,false,false,0
2025-11-27T15:57:08.772666-08:00,read,key_372,1.55,false,false,0
2025-11-27T15:57:08.78382-08:00,read,key_310,1.62,false,false,0
2025-11-27T15:57:08.794883-08:00,read,key_893,1.51,false,false,0
2025-11-27T15:57:08.805963-08:00,read,key_769,0.93,false,false,0
2025-11-27T15:57:08.523968-08:00,write,key_493,303.94,true,false,157
2025-11-27T15:57:08.827901-08:00,read,key_379,1.03,false,false,0
2025-11-27T15:57:08.838943-08:00,read,key_439,1.25,true,false,50
2025-11-27T15:57:08.849989-08:00,read,key_100,1.58,true,false,124
2025-11-27T15:57:08.556187-08:00,write,key_180,306.30,true,false,158
2025-11-27T15:57:08.871914-08:00,read,key_760,1.11,false,false,0
2025-11-27T15:57:08.88296-08:00,read,key_428,1.17,false,false,0
2025-11-27T15:57:08.894025-08:00,read,key_410,1.18,false,false,0
2025-11-27T15:57:08.905061-08:00,read,key_373,1.24,false,false,0
2025-11-27T15:57:08.916117-08:00,read,key_752,1.25,false,false,0
2025-11-27T15:57:08.927178-08:00,read,key_234,1.18,false,false,0
2025-11-27T15:57:08.621389-08:00,write,key_320,307.14,true,false,159
2025-11-27T15:57:08.938264-08:00,read,key_327,1.00,true,false,138
2025-11-27T15:57:08.949333-08:00,read,key_393,1.33,false,false,0
2025-11-27T15:57:08.960384-08:00,read,key_735,1.69,true,false,143
2025-11-27T15:57:08.665036-08:00,write,key_260,305.67,true,false,160
2025-11-27T15:57:08.970688-08:00,read,key_872,1.28,true,false,109
2025-11-27T15:57:08.981724-08:00,read,key_792,1.37,true,false,127
2025-11-27T15:57:08.992788-08:00,read,key_6,1.53,false,false,0
2025-11-27T15:57:09.003846-08:00,read,key_754,1.87,false,false,0
2025-11-27T15:57:09.014921-08:00,read,key_565,1.49,false,false,0
2025-11-27T15:57:09.026-08:00,read,key_402,1.52,false,false,0
2025-11-27T15:57:09.03705-08:00,read,key_51,1.52,true,false,64
2025-11-27T15:57:09.048124-08:00,read,key_564,1.67,false,false,0
2025-11-27T15:57:09.059147-08:00,read,key_369,1.14,true,false,67
2025-11-27T15:57:09.081265-08:00,read,key_4,1.92,false,false,0
2025-11-27T15:57:09.092319-08:00,read,key_105,1.79,true,false,134
2025-11-27T15:57:09.114438-08:00,read,key_790,3.08,false,false,0
2025-11-27T15:57:08.817031-08:00,write,key_692,304.57,true,false,161
2025-11-27T15:57:09.124856-08:00,read,key_667,0.81,false,false,0
2025-11-27T15:57:09.1359-08:00,read,key_795,1.71,true,false,85
2025-11-27T15:57:09.146988-08:00,read,key_664,1.23,false,false,0
2025-11-27T15:57:09.158038-08:00,read,key_874,1.57,false,false,0
2025-11-27T15:57:08.861054-08:00,write,key_134,306.15,true,false,162
2025-11-27T15:57:09.168205-08:00,read,key_920,1.08,false,false,0
2025-11-27T15:57:09.179268-08:00,read,key_367,1.80,false,false,0
2025-11-27T15:57:09.190331-08:00,read,key_884,1.61,false,false,0
2025-11-27T15:57:09.201399-08:00,read,key_304,2.51,true,false,34
2025-11-27T15:57:09.212398-08:00,read,key_568,1.82,true,false,100
2025-11-27T15:57:09.223475-08:00,read,key_296,3.17,true,false,152
2025-11-27T15:57:09.234388-08:00,read,key_334,2.31,false,false,0
2025-11-27T15:57:09.245419-08:00,read,key_657,1.16,false,false,0
2025-11-27T15:57:09.25648-08:00,read,key_667,1.11,false,false,0
2025-11-27T15:57:09.278683-08:00,read,key_865,1.43,false,false,0
2025-11-27T15:57:09.288946-08:00,read,key_935,1.56,true,false,61
2025-11-27T15:57:09.300013-08:00,read,key_312,1.49,false,false,0
2025-11-27T15:57:09.311066-08:00,read,key_427,1.36,false,false,0
2025-11-27T15:57:09.321916-08:00,read,key_793,1.50,false,false,0
2025-11-27T15:57:09.332976-08:00,read,key_175,1.53,false,false,0
2025-11-27T15:57:09.344056-08:00,read,key_747,1.32,false,false,0
2025-11-27T15:57:09.355119-08:00,read,key_437,1.78,true,false,10
2025-11-27T15:57:09.366185-08:00,read,key_171,1.56,false,false,0
2025-11-27T15:57:09.070206-08:00,write,key_412,307.82,true,false,163
2025-11-27T15:57:09.37725-08:00,read,key_267,1.26,false,false,0
2025-11-27T15:57:09.388337-08:00,read,key_459,1.38,false,false,0
2025-11-27T15:57:09.398926-08:00,read,key_739,1.66,false,false,0
2025-11-27T15:57:09.103383-08:00,write,key_306,310.53,true,false,164
2025-11-27T15:57:09.410081-08:00,read,key_863,3.91,false,false,0
2025-11-27T15:57:09.420445-08:00,read,key_884,1.97,false,false,0
2025-11-27T15:57:09.43151-08:00,read,key_235,1.43,false,false,0
2025-11-27T15:57:09.442683-08:00,read,key_138,1.74,false,false,0
2025-11-27T15:57:09.45382-08:00,read,key_103,1.84,true,false,122
2025-11-27T15:57:09.463962-08:00,read,key_736,2.18,true,false,105
2025-11-27T15:57:09.475074-08:00,read,key_761,1.78,false,false,0
2025-11-27T15:57:09.485563-08:00,read,key_6,1.63,false,false,0
2025-11-27T15:57:09.507268-08:00,read,key_305,1.67,false,false,0
2025-11-27T15:57:09.528833-08:00,read,key_424,4.03,true,false,151
2025-11-27T15:57:09.539474-08:00,read,key_566,2.18,true,false,101
2025-11-27T15:57:09.550575-08:00,read,key_184,1.67,false,false,0
2025-11-27T15:57:09.561403-08:00,read,key_490,1.83,false,false,0
2025-11-27T15:57:09.267552-08:00,write,key_562,306.69,true,false,165
2025-11-27T15:57:09.57232-08:00,read,key_739,2.58,false,false,0
2025-11-27T15:57:09.582972-08:00,read,key_339,1.61,true,false,136
2025-11-27T15:57:09.59395-08:00,read,key_764,1.72,false,false,0
2025-11-27T15:57:09.604448-08:00,read,key_35,1.55,false,false,0
2025-11-27T15:57:09.61478-08:00,read,key_809,1.86,false,false,0
2025-11-27T15:57:09.62596-08:00,read,key_16,2.13,false,false,0
2025-11-27T15:57:09.647278-08:00,read,key_429,2.68,false,false,0
2025-11-27T15:57:09.658337-08:00,read,key_65,1.61,false,false,0
2025-11-27T15:57:09.66948-08:00,read,key_806,1.64,false,false,0
2025-11-27T15:57:09.680636-08:00,read,key_560,2.34,true,false,14
2025-11-27T15:57:09.691759-08:00,read,key_562,3.01,true,false,165
2025-11-27T15:57:09.70229-08:00,read,key_567,1.09,false,false,0
2025-11-27T15:57:09.71257-08:00,read,key_13,1.00,false,false,0
2025-11-27T15:57:09.723647-08:00,read,key_899,0.84,false,false,0
2025-11-27T15:57:09.734713-08:00,read,key_735,0.86,true,false,143
2025-11-27T15:57:09.745369-08:00,read,key_325,0.88,false,false,0
2025-11-27T15:57:09.756557-08:00,read,key_939,1.66,false,false,0
2025-11-27T15:57:09.76767-08:00,read,key_697,1.74,false,false,0
2025-11-27T15:57:09.778463-08:00,read,key_731,0.91,false,false,0
2025-11-27T15:57:09.789592-08:00,read,key_957,0.96,false,false,0
2025-11-27T15:57:09.496052-08:00,write,key_761,307.44,true,false,166
2025-11-27T15:57:09.800686-08:00,read,key_650,2.88,false,false,0
2025-11-27T15:57:09.811735-08:00,read,key_78,1.83,false,false,0
2025-11-27T15:57:09.517712-08:00,write,key_384,304.61,true,false,167
2025-11-27T15:57:09.82186-08:00,read,key_584,2.11,false,false,0
2025-11-27T15:57:09.843639-08:00,read,key_746,1.59,false,false,0
2025-11-27T15:57:09.854158-08:00,read,key_326,2.51,true,false,76
2025-11-27T15:57:09.865259-08:00,read,key_732,1.74,true,false,141
2025-11-27T15:57:09.876153-08:00,read,key_563,1.65,false,false,0
2025-11-27T15:57:09.898579-08:00,read,key_321,4.51,false,false,0
2025-11-27T15:57:09.909073-08:00,read,key_358,1.67,false,false,0
2025-11-27T15:57:09.920172-08:00,read,key_668,1.66,false,false,0
2025-11-27T15:57:09.930464-08:00,read,key_459,1.51,false,false,0
2025-11-27T15:57:09.941544-08:00,read,key_362,2.00,false,false,0
2025-11-27T15:57:09.636694-08:00,write,key_920,306.94,true,false,168
2025-11-27T15:57:09.952632-08:00,read,key_179,1.61,false,false,0
2025-11-27T15:57:09.973893-08:00,read,key_411,1.68,false,false,0
2025-11-27T15:57:09.985056-08:00,read,key_10,1.63,true,false,22
2025-11-27T15:57:09.996162-08:00,read,key_897,2.48,false,false,0
2025-11-27T15:57:10.007266-08:00,read,key_793,1.78,false,false,0
2025-11-27T15:57:10.018438-08:00,read,key_660,1.66,false,false,0
2025-11-27T15:57:10.028562-08:00,read,key_877,0.99,false,false,0
2025-11-27T15:57:10.039704-08:00,read,key_325,1.56,false,false,0
2025-11-27T15:57:10.050245-08:00,read,key_574,1.02,false,false,0
2025-11-27T15:57:10.060685-08:00,read,key_751,3.57,false,false,0
2025-11-27T15:57:10.071584-08:00,read,key_930,1.51,false,false,0
2025-11-27T15:57:10.082758-08:00,read,key_755,2.06,false,false,0
2025-11-27T15:57:10.093814-08:00,read,key_425,0.69,false,false,0
2025-11-27T15:57:10.104888-08:00,read,key_876,0.84,false,false,0
2025-11-27T15:57:10.115554-08:00,read,key_770,1.25,false,false,0
2025-11-27T15:57:10.126659-08:00,read,key_586,1.53,false,false,0
2025-11-27T15:57:10.1378-08:00,read,key_268,1.41,false,false,0
2025-11-27T15:57:09.832341-08:00,write,key_736,309.60,true,false,169
2025-11-27T15:57:10.148574-08:00,read,key_369,1.62,true,false,67
2025-11-27T15:57:10.15967-08:00,read,key_564,2.03,false,false,0
2025-11-27T15:57:10.170762-08:00,read,key_724,1.59,false,false,0
2025-11-27T15:57:10.18217-08:00,read,key_381,1.58,false,false,0
2025-11-27T15:57:09.887292-08:00,write,key_749,306.34,true,false,170
2025-11-27T15:57:10.193293-08:00,read,key_651,0.88,false,false,0
2025-11-27T15:57:10.204638-08:00,read,key_879,1.87,false,false,0
2025-11-27T15:57:10.215774-08:00,read,key_582,1.56,false,false,0
2025-11-27T15:57:10.226922-08:00,read,key_727,1.79,false,false,0
2025-11-27T15:57:10.238368-08:00,read,key_878,2.08,false,false,0
2025-11-27T15:57:10.249422-08:00,read,key_738,1.20,false,false,0
2025-11-27T15:57:09.963274-08:00,write,key_599,304.56,true,false,171
2025-11-27T15:57:10.270437-08:00,read,key_266,2.40,false,false,0
2025-11-27T15:57:10.281484-08:00,read,key_350,1.40,false,false,0
2025-11-27T15:57:10.292557-08:00,read,key_939,1.50,false,false,0
2025-11-27T15:57:10.303623-08:00,read,key_657,1.05,false,false,0
2025-11-27T15:57:10.314742-08:00,read,key_663,1.15,false,false,0
2025-11-27T15:57:10.325812-08:00,read,key_954,1.11,false,false,0
2025-11-27T15:57:10.349307-08:00,read,key_920,3.68,true,false,168
2025-11-27T15:57:10.360231-08:00,read,key_179,1.44,false,false,0
2025-11-27T15:57:10.371126-08:00,read,key_779,6.06,false,false,0
2025-11-27T15:57:10.402404-08:00,read,key_392,1.81,false,false,0
2025-11-27T15:57:10.413478-08:00,read,key_909,1.09,false,false,0
2025-11-27T15:57:10.424126-08:00,read,key_764,0.83,false,false,0
2025-11-27T15:57:10.435297-08:00,read,key_177,0.86,false,false,0
2025-11-27T15:57:10.446477-08:00,read,key_100,1.34,true,false,124
2025-11-27T15:57:10.45762-08:00,read,key_328,0.74,true,false,129
2025-11-27T15:57:10.468722-08:00,read,key_863,0.99,false,false,0
2025-11-27T15:57:10.479792-08:00,read,key_456,0.93,false,false,0
2025-11-27T15:57:10.490858-08:00,read,key_927,0.69,false,false,0
2025-11-27T15:57:10.501088-08:00,read,key_891,0.64,false,false,0
2025-11-27T15:57:10.512154-08:00,read,key_82,1.58,false,false,0
2025-11-27T15:57:10.523201-08:00,read,key_451,1.35,true,false,24
2025-11-27T15:57:10.534267-08:00,read,key_937,1.59,false,false,0
2025-11-27T15:57:10.545311-08:00,read,key_15,1.16,false,false,0
2025-11-27T15:57:10.556378-08:00,read,key_10,1.53,true,false,22
2025-11-27T15:57:10.259936-08:00,write,key_562,306.08,true,false,172
2025-11-27T15:57:10.566468-08:00,read,key_736,1.08,true,false,169
2025-11-27T15:57:10.588581-08:00,read,key_250,1.46,false,false,0
2025-11-27T15:57:10.599671-08:00,read,key_790,1.49,false,false,0
2025-11-27T15:57:10.62184-08:00,read,key_899,2.61,false,false,0
2025-11-27T15:57:10.632828-08:00,read,key_931,0.86,false,false,0
2025-11-27T15:57:10.643869-08:00,read,key_189,1.69,false,false,0
2025-11-27T15:57:10.336973-08:00,write,key_893,308.59,true,false,173
2025-11-27T15:57:10.655233-08:00,read,key_88,3.02,true,false,91
2025-11-27T15:57:10.666343-08:00,read,key_568,2.51,true,false,100
2025-11-27T15:57:10.677372-08:00,read,key_19,1.35,false,false,0
2025-11-27T15:57:10.688521-08:00,read,key_334,3.61,false,false,0
2025-11-27T15:57:10.381748-08:00,write,key_198,310.54,true,false,174
2025-11-27T15:57:10.699115-08:00,read,key_748,3.55,false,false,0
2025-11-27T15:57:10.392202-08:00,write,key_373,310.81,true,false,175
2025-11-27T15:57:10.710026-08:00,read,key_939,1.68,false,false,0
2025-11-27T15:57:10.7212-08:00,read,key_356,1.28,false,false,0
2025-11-27T15:57:10.732356-08:00,read,key_935,1.55,true,false,61
2025-11-27T15:57:10.743105-08:00,read,key_490,1.47,false,false,0
2025-11-27T15:57:10.75421-08:00,read,key_737,1.38,false,false,0
2025-11-27T15:57:10.765356-08:00,read,key_423,1.88,false,false,0
2025-11-27T15:57:10.775553-08:00,read,key_906,1.76,false,false,0
2025-11-27T15:57:10.78665-08:00,read,key_172,1.75,false,false,0
2025-11-27T15:57:10.797536-08:00,read,key_323,1.10,false,false,0
2025-11-27T15:57:10.808673-08:00,read,key_381,1.77,false,false,0
2025-11-27T15:57:10.83086-08:00,read,key_611,1.78,false,false,0
2025-11-27T15:57:10.842011-08:00,read,key_906,1.75,false,false,0
2025-11-27T15:57:10.853117-08:00,read,key_387,1.67,false,false,0
2025-11-27T15:57:10.864332-08:00,read,key_252,1.77,false,false,0
2025-11-27T15:57:10.875443-08:00,read,key_862,1.73,false,false,0
2025-11-27T15:57:10.577523-08:00,write,key_262,307.77,true,false,176
2025-11-27T15:57:10.885561-08:00,read,key_499,1.96,false,false,0
2025-11-27T15:57:10.896681-08:00,read,key_734,2.16,false,false,0
2025-11-27T15:57:10.907779-08:00,read,key_64,1.77,false,false,0
2025-11-27T15:57:10.610754-08:00,write,key_755,308.01,true,false,177
2025-11-27T15:57:10.918676-08:00,read,key_307,1.30,false,false,0
2025-11-27T15:57:10.929858-08:00,read,key_31,1.98,false,false,0
2025-11-27T15:57:10.940748-08:00,read,key_107,1.78,false,false,0
2025-11-27T15:57:10.950949-08:00,read,key_601,1.77,true,false,87
2025-11-27T15:57:10.962095-08:00,read,key_334,1.71,false,false,0
2025-11-27T15:57:10.972536-08:00,read,key_422,2.19,true,false,149
2025-11-27T15:57:10.994429-08:00,read,key_765,1.70,false,false,0
2025-11-27T15:57:11.005564-08:00,read,key_180,2.12,true,false,158
2025-11-27T15:57:11.016725-08:00,read,key_668,1.82,false,false,0
2025-11-27T15:57:11.027872-08:00,read,key_177,2.31,false,false,0
2025-11-27T15:57:11.039017-08:00,read,key_877,2.14,false,false,0
2025-11-27T15:57:11.050189-08:00,read,key_11,1.84,false,false,0
2025-11-27T15:57:11.060726-08:00,read,key_19,1.70,false,false,0
2025-11-27T15:57:11.071865-08:00,read,key_265,2.23,false,false,0
2025-11-27T15:57:11.083091-08:00,read,key_909,2.79,false,false,0
2025-11-27T15:57:11.094216-08:00,read,key_132,4.09,false,false,0
2025-11-27T15:57:11.104516-08:00,read,key_864,2.53,false,false,0
2025-11-27T15:57:11.115543-08:00,read,key_325,0.65,false,false,0
2025-11-27T15:57:10.819795-08:00,write,key_327,307.19,true,false,178
2025-11-27T15:57:11.157995-08:00,read,key_953,3.17,false,false,0
2025-11-27T15:57:11.168887-08:00,read,key_110,1.07,false,false,0
2025-11-27T15:57:11.202119-08:00,read,key_321,2.33,false,false,0
2025-11-27T15:57:11.213128-08:00,read,key_31,1.27,false,false,0
2025-11-27T15:57:11.224189-08:00,read,key_324,1.73,false,false,0
2025-11-27T15:57:11.235235-08:00,read,key_308,1.41,true,false,45
2025-11-27T15:57:11.246322-08:00,read,key_275,1.43,false,false,0
2025-11-27T15:57:11.257386-08:00,read,key_574,1.32,false,false,0
2025-11-27T15:57:11.268439-08:00,read,key_908,1.47,true,false,183
2025-11-27T15:57:11.278513-08:00,read,key_959,1.05,true,false,70
2025-11-27T15:57:10.983655-08:00,write,key_577,304.72,true,false,179
2025-11-27T15:57:11.288613-08:00,read,key_779,0.72,false,false,0
2025-11-27T15:57:11.299511-08:00,read,key_499,1.70,false,false,0
2025-11-27T15:57:11.31062-08:00,read,key_566,0.81,true,false,101
2025-11-27T15:57:11.321712-08:00,read,key_762,0.75,false,false,0
2025-11-27T15:57:11.33278-08:00,read,key_427,0.92,false,false,0
2025-11-27T15:57:11.343863-08:00,read,key_759,0.57,false,false,0
2025-11-27T15:57:11.377035-08:00,read,key_744,2.01,false,false,0
2025-11-27T15:57:11.388082-08:00,read,key_418,0.52,false,false,0
2025-11-27T15:57:11.399136-08:00,read,key_898,0.52,false,false,0
2025-11-27T15:57:11.4102-08:00,read,key_313,0.57,true,false,148
2025-11-27T15:57:11.421238-08:00,read,key_564,0.58,false,false,0
2025-11-27T15:57:11.125723-08:00,write,key_743,305.24,true,false,180
2025-11-27T15:57:11.431328-08:00,read,key_357,0.53,true,false,115
2025-11-27T15:57:11.442386-08:00,read,key_790,1.85,false,false,0
2025-11-27T15:57:11.136691-08:00,write,key_661,307.56,true,false,181
2025-11-27T15:57:11.146943-08:00,write,key_234,306.48,true,false,182
2025-11-27T15:57:11.453384-08:00,read,key_259,0.86,false,false,0
2025-11-27T15:57:11.463875-08:00,read,key_496,1.26,false,false,0
2025-11-27T15:57:11.474971-08:00,read,key_317,1.67,true,false,95
2025-11-27T15:57:11.179993-08:00,write,key_908,306.47,true,false,183
2025-11-27T15:57:11.486206-08:00,read,key_790,1.38,false,false,0
2025-11-27T15:57:11.191054-08:00,write,key_684,306.37,true,false,184
2025-11-27T15:57:11.496774-08:00,read,key_112,1.67,false,false,0
2025-11-27T15:57:11.507908-08:00,read,key_938,1.68,false,false,0
2025-11-27T15:57:11.519061-08:00,read,key_10,1.57,true,false,22
2025-11-27T15:57:11.530223-08:00,read,key_315,2.02,false,false,0
2025-11-27T15:57:11.541361-08:00,read,key_572,1.82,true,false,12
2025-11-27T15:57:11.552508-08:00,read,key_894,4.62,false,false,0
2025-11-27T15:57:11.574602-08:00,read,key_870,1.10,false,false,0
2025-11-27T15:57:11.585675-08:00,read,key_300,1.11,true,false,156
2025-11-27T15:57:11.596757-08:00,read,key_738,1.16,false,false,0
2025-11-27T15:57:11.607855-08:00,read,key_85,1.24,false,false,0
2025-11-27T15:57:11.618975-08:00,read,key_796,1.54,false,false,0
2025-11-27T15:57:11.63006-08:00,read,key_495,1.30,false,false,0
2025-11-27T15:57:11.64112-08:00,read,key_493,2.28,true,false,157
2025-11-27T15:57:11.652154-08:00,read,key_39,1.65,false,false,0
2025-11-27T15:57:11.354943-08:00,write,key_180,308.80,true,false,185
2025-11-27T15:57:11.663244-08:00,read,key_15,1.01,false,false,0
2025-11-27T15:57:11.365984-08:00,write,key_560,304.03,true,false,186
2025-11-27T15:57:11.673687-08:00,read,key_764,2.84,false,false,0
2025-11-27T15:57:11.684673-08:00,read,key_107,1.61,false,false,0
2025-11-27T15:57:11.695757-08:00,read,key_329,1.42,false,false,0
2025-11-27T15:57:11.717958-08:00,read,key_710,1.10,false,false,0
2025-11-27T15:57:11.740121-08:00,read,key_182,2.98,false,false,0
2025-11-27T15:57:11.751056-08:00,read,key_796,1.05,false,false,0
2025-11-27T15:57:11.762131-08:00,read,key_363,1.42,false,false,0
2025-11-27T15:57:11.773219-08:00,read,key_0,1.51,false,false,0
2025-11-27T15:57:11.784268-08:00,read,key_732,1.31,true,false,141
2025-11-27T15:57:11.795337-08:00,read,key_909,1.19,false,false,0
2025-11-27T15:57:11.806381-08:00,read,key_928,1.54,true,false,131
2025-11-27T15:57:11.817446-08:00,read,key_731,1.41,false,false,0
2025-11-27T15:57:11.850683-08:00,read,key_415,2.78,false,false,0
2025-11-27T15:57:11.8616-08:00,read,key_73,1.70,false,false,0
2025-11-27T15:57:11.563638-08:00,write,key_704,307.41,true,false,187
2025-11-27T15:57:11.871807-08:00,read,key_856,1.36,false,false,0
2025-11-27T15:57:11.882728-08:00,read,key_427,1.92,false,false,0
2025-11-27T15:57:11.893745-08:00,read,key_589,1.87,false,false,0
2025-11-27T15:57:11.904866-08:00,read,key_57,1.72,false,false,0
2025-11-27T15:57:11.91601-08:00,read,key_610,1.81,false,false,0
2025-11-27T15:57:11.926544-08:00,read,key_0,1.99,false,false,0
2025-11-27T15:57:11.948094-08:00,read,key_614,1.41,false,false,0
2025-11-27T15:57:11.958644-08:00,read,key_494,1.68,true,false,139
2025-11-27T15:57:11.969487-08:00,read,key_802,1.41,false,false,0
2025-11-27T15:57:11.980614-08:00,read,key_864,1.32,false,false,0
2025-11-27T15:57:11.991765-08:00,read,key_955,1.94,false,false,0
2025-11-27T15:57:12.002901-08:00,read,key_458,1.68,false,false,0
2025-11-27T15:57:11.706844-08:00,write,key_432,306.54,true,false,188
2025-11-27T15:57:12.013482-08:00,read,key_77,1.68,false,false,0
2025-11-27T15:57:12.024671-08:00,read,key_139,2.36,false,false,0
2025-11-27T15:57:11.729051-08:00,write,key_365,306.55,true,false,189
2025-11-27T15:57:12.03521-08:00,read,key_731,2.01,false,false,0
2025-11-27T15:57:12.046091-08:00,read,key_389,1.65,false,false,0
2025-11-27T15:57:12.067859-08:00,read,key_895,2.11,false,false,0
2025-11-27T15:57:12.078422-08:00,read,key_197,1.49,true,false,49
2025-11-27T15:57:12.089585-08:00,read,key_130,1.29,false,false,0
2025-11-27T15:57:12.100718-08:00,read,key_796,1.85,false,false,0
2025-11-27T15:57:12.111888-08:00,read,key_762,1.91,false,false,0
2025-11-27T15:57:12.123011-08:00,read,key_470,1.70,true,false,128
2025-11-27T15:57:12.134094-08:00,read,key_933,2.16,false,false,0
2025-11-27T15:57:11.828514-08:00,write,key_573,307.76,true,false,190
2025-11-27T15:57:12.144822-08:00,read,key_251,1.99,false,false,0
2025-11-27T15:57:11.839576-08:00,write,key_761,307.32,true,false,191
2025-11-27T15:57:12.155961-08:00,read,key_926,1.42,true,false,133
2025-11-27T15:57:12.167033-08:00,read,key_762,0.90,false,false,0
2025-11-27T15:57:12.178096-08:00,read,key_558,1.95,false,false,0
2025-11-27T15:57:12.189165-08:00,read,key_9,1.74,false,false,0
2025-11-27T15:57:12.222347-08:00,read,key_540,2.90,false,false,0
2025-11-27T15:57:12.233277-08:00,read,key_328,1.16,true,false,129
2025-11-27T15:57:12.244334-08:00,read,key_665,1.56,false,false,0
2025-11-27T15:57:11.937696-08:00,write,key_68,308.24,true,false,192
2025-11-27T15:57:12.255379-08:00,read,key_396,1.25,false,false,0
2025-11-27T15:57:12.266431-08:00,read,key_262,1.44,true,false,176
2025-11-27T15:57:12.277514-08:00,read,key_351,1.23,false,false,0
2025-11-27T15:57:12.288564-08:00,read,key_220,1.38,false,false,0
2025-11-27T15:57:12.29975-08:00,read,key_652,3.67,true,false,126
2025-11-27T15:57:12.310642-08:00,read,key_232,1.33,false,false,0
2025-11-27T15:57:12.321652-08:00,read,key_490,0.97,false,false,0
2025-11-27T15:57:12.332721-08:00,read,key_291,1.60,false,false,0
2025-11-27T15:57:12.343792-08:00,read,key_717,1.21,false,false,0
2025-11-27T15:57:12.354872-08:00,read,key_228,2.00,true,false,77
2025-11-27T15:57:12.057219-08:00,write,key_367,308.90,true,false,193
2025-11-27T15:57:12.366008-08:00,read,key_160,0.89,false,false,0
2025-11-27T15:57:12.377163-08:00,read,key_838,1.34,false,false,0
2025-11-27T15:57:12.388258-08:00,read,key_130,1.38,false,false,0
2025-11-27T15:57:12.399349-08:00,read,key_3,1.14,false,false,0
2025-11-27T15:57:12.409457-08:00,read,key_302,1.52,false,false,0
2025-11-27T15:57:12.420509-08:00,read,key_169,1.85,false,false,0
2025-11-27T15:57:12.431611-08:00,read,key_387,1.11,false,false,0
2025-11-27T15:57:12.442771-08:00,read,key_100,2.13,true,false,124
2025-11-27T15:57:12.453291-08:00,read,key_199,1.68,false,false,0
2025-11-27T15:57:12.464443-08:00,read,key_588,1.64,false,false,0
2025-11-27T15:57:12.475309-08:00,read,key_319,2.40,false,false,0
2025-11-27T15:57:12.486463-08:00,read,key_374,1.76,false,false,0
2025-11-27T15:57:12.496747-08:00,read,key_900,1.74,false,false,0
2025-11-27T15:57:12.200234-08:00,write,key_950,308.77,true,false,194
2025-11-27T15:57:12.507822-08:00,read,key_50,1.87,false,false,0
2025-11-27T15:57:12.211282-08:00,write,key_877,306.85,true,false,195
2025-11-27T15:57:12.518067-08:00,read,key_891,1.70,false,false,0
2025-11-27T15:57:12.529198-08:00,read,key_564,1.83,false,false,0
2025-11-27T15:57:12.539703-08:00,read,key_326,1.70,true,false,76
2025-11-27T15:57:12.550823-08:00,read,key_904,1.78,false,false,0
2025-11-27T15:57:12.561394-08:00,read,key_212,1.69,false,false,0
2025-11-27T15:57:12.57252-08:00,read,key_683,1.34,false,false,0
2025-11-27T15:57:12.584186-08:00,read,key_66,3.11,false,false,0
2025-11-27T15:57:12.616114-08:00,read,key_177,3.72,false,false,0
2025-11-27T15:57:12.62707-08:00,read,key_616,1.58,false,false,0
2025-11-27T15:57:12.638176-08:00,read,key_382,1.40,false,false,0
2025-11-27T15:57:12.648475-08:00,read,key_727,1.55,false,false,0
2025-11-27T15:57:12.670589-08:00,read,key_955,2.61,false,false,0
2025-11-27T15:57:12.692689-08:00,read,key_908,3.87,true,false,183
2025-11-27T15:57:12.714604-08:00,read,key_490,2.48,false,false,0
2025-11-27T15:57:12.725627-08:00,read,key_453,1.10,false,false,0
2025-11-27T15:57:12.736412-08:00,read,key_702,1.23,false,false,0
2025-11-27T15:57:12.747441-08:00,read,key_730,1.12,true,false,199
2025-11-27T15:57:12.758507-08:00,read,key_589,1.14,false,false,0
2025-11-27T15:57:12.769548-08:00,read,key_797,1.20,true,false,130
2025-11-27T15:57:12.780641-08:00,read,key_10,2.00,true,false,22
2025-11-27T15:57:12.791708-08:00,read,key_575,1.28,true,false,79
2025-11-27T15:57:12.802775-08:00,read,key_303,0.94,false,false,0
2025-11-27T15:57:12.813912-08:00,read,key_298,1.21,false,false,0
2025-11-27T15:57:12.825027-08:00,read,key_139,1.31,false,false,0
2025-11-27T15:57:12.83612-08:00,read,key_574,2.67,false,false,0
2025-11-27T15:57:12.847208-08:00,read,key_109,1.62,false,false,0
2025-11-27T15:57:12.858339-08:00,read,key_11,1.81,false,false,0
2025-11-27T15:57:12.869447-08:00,read,key_355,1.05,false,false,0
2025-11-27T15:57:12.880517-08:00,read,key_873,1.04,false,false,0
2025-11-27T15:57:12.891566-08:00,read,key_313,1.15,true,false,148
2025-11-27T15:57:12.594337-08:00,write,key_734,304.51,true,false,196
2025-11-27T15:57:12.901973-08:00,read,key_470,1.54,true,false,128
2025-11-27T15:57:12.605016-08:00,write,key_325,303.80,true,false,197
2025-11-27T15:57:12.912472-08:00,read,key_732,1.38,true,false,141
2025-11-27T15:57:12.923553-08:00,read,key_872,1.50,true,false,109
2025-11-27T15:57:12.934415-08:00,read,key_76,1.82,false,false,0
2025-11-27T15:57:12.945471-08:00,read,key_764,1.84,false,false,0
2025-11-27T15:57:12.956563-08:00,read,key_235,2.13,false,false,0
2025-11-27T15:57:12.967553-08:00,read,key_11,1.26,false,false,0
2025-11-27T15:57:12.659459-08:00,write,key_610,309.38,true,false,198
2025-11-27T15:57:12.978623-08:00,read,key_407,1.84,false,false,0
2025-11-27T15:57:12.681597-08:00,write,key_730,310.11,true,false,199
2025-11-27T15:57:12.989695-08:00,read,key_31,3.17,false,false,0
2025-11-27T15:57:13.000628-08:00,read,key_304,1.95,true,false,34
2025-11-27T15:57:12.703529-08:00,write,key_761,306.55,true,false,200
2025-11-27T15:57:13.010753-08:00,read,key_214,1.28,false,false,0
2025-11-27T15:57:13.021806-08:00,read,key_210,2.53,false,false,0
2025-11-27T15:57:13.032785-08:00,read,key_401,1.56,false,false,0
2025-11-27T15:57:13.043832-08:00,read,key_170,1.33,false,false,0
2025-11-27T15:57:13.054899-08:00,read,key_324,1.58,false,false,0
2025-11-27T15:57:13.065966-08:00,read,key_730,1.62,true,false,199
2025-11-27T15:57:13.077048-08:00,read,key_250,1.24,false,false,0
2025-11-27T15:57:13.088095-08:00,read,key_799,1.55,false,false,0
2025-11-27T15:57:13.099143-08:00,read,key_766,1.13,false,false,0
2025-11-27T15:57:13.110193-08:00,read,key_376,1.63,true,false,63
2025-11-27T15:57:13.121259-08:00,read,key_417,1.43,false,false,0
2025-11-27T15:57:13.132335-08:00,read,key_57,1.69,false,false,0
2025-11-27T15:57:13.143394-08:00,read,key_936,1.66,true,false,59
2025-11-27T15:57:13.15447-08:00,read,key_18,1.55,false,false,0
2025-11-27T15:57:13.165523-08:00,read,key_403,1.32,false,false,0
2025-11-27T15:57:13.175731-08:00,read,key_406,1.54,false,false,0
2025-11-27T15:57:13.186825-08:00,read,key_737,2.08,false,false,0
2025-11-27T15:57:13.197976-08:00,read,key_240,1.53,false,false,0
2025-11-27T15:57:13.209051-08:00,read,key_746,1.28,false,false,0
2025-11-27T15:57:13.220123-08:00,read,key_351,1.85,false,false,0
2025-11-27T15:57:13.231198-08:00,read,key_10,1.73,true,false,22
2025-11-27T15:57:13.242296-08:00,read,key_323,1.38,false,false,0
2025-11-27T15:57:13.253351-08:00,read,key_929,1.40,false,false,0
2025-11-27T15:57:13.264401-08:00,read,key_167,1.61,false,false,0
2025-11-27T15:57:13.27546-08:00,read,key_702,1.50,false,false,0
2025-11-27T15:57:13.286516-08:00,read,key_588,1.79,false,false,0
2025-11-27T15:57:13.297598-08:00,read,key_494,1.58,true,false,139
2025-11-27T15:57:13.308673-08:00,read,key_898,1.45,false,false,0
2025-11-27T15:57:13.319788-08:00,read,key_295,2.79,false,false,0
2025-11-27T15:57:13.330769-08:00,read,key_69,1.71,false,false,0
2025-11-27T15:57:13.341904-08:00,read,key_915,0.82,false,false,0
2025-11-27T15:57:13.352994-08:00,read,key_338,1.46,true,false,144
2025-11-27T15:57:13.364047-08:00,read,key_565,1.31,false,false,0
2025-11-27T15:57:13.37518-08:00,read,key_275,2.28,false,false,0
2025-11-27T15:57:13.386224-08:00,read,key_304,1.34,true,false,34
2025-11-27T15:57:13.397298-08:00,read,key_16,1.65,false,false,0
2025-11-27T15:57:13.409229-08:00,read,key_610,1.59,true,false,198
2025-11-27T15:57:13.420312-08:00,read,key_235,1.29,false,false,0
2025-11-27T15:57:13.431386-08:00,read,key_30,1.32,false,false,0
2025-11-27T15:57:13.442474-08:00,read,key_564,1.33,false,false,0
2025-11-27T15:57:13.453561-08:00,read,key_751,1.46,false,false,0
2025-11-27T15:57:13.475676-08:00,read,key_681,1.60,true,false,47
2025-11-27T15:57:13.486735-08:00,read,key_264,1.43,false,false,0
2025-11-27T15:57:13.497785-08:00,read,key_264,0.95,false,false,0
2025-11-27T15:57:13.520075-08:00,read,key_271,4.48,false,false,0
2025-11-27T15:57:13.530895-08:00,read,key_111,1.40,false,false,0
2025-11-27T15:57:13.54192-08:00,read,key_23,1.77,false,false,0
2025-11-27T15:57:13.552916-08:00,read,key_403,2.72,false,false,0
2025-11-27T15:57:13.56316-08:00,read,key_772,1.28,false,false,0
2025-11-27T15:57:13.574214-08:00,read,key_107,1.20,false,false,0
2025-11-27T15:57:13.596352-08:00,read,key_618,2.99,false,false,0
2025-11-27T15:57:13.607302-08:00,read,key_328,1.09,true,false,129
2025-11-27T15:57:13.617773-08:00,read,key_938,1.32,false,false,0
2025-11-27T15:57:13.62884-08:00,read,key_669,1.36,false,false,0
2025-11-27T15:57:13.639917-08:00,read,key_764,1.82,false,false,0
2025-11-27T15:57:13.65046-08:00,read,key_253,1.25,false,false,0
2025-11-27T15:57:13.661536-08:00,read,key_761,1.74,true,false,200
2025-11-27T15:57:13.672612-08:00,read,key_188,1.88,false,false,0
2025-11-27T15:57:13.683677-08:00,read,key_160,1.41,false,false,0
2025-11-27T15:57:13.694746-08:00,read,key_109,1.72,false,false,0
2025-11-27T15:57:13.705858-08:00,read,key_381,1.06,false,false,0
2025-11-27T15:57:13.716976-08:00,read,key_918,1.59,true,false,201
2025-11-27T15:57:13.727971-08:00,read,key_4,1.73,false,false,0
2025-11-27T15:57:13.739116-08:00,read,key_575,1.43,true,false,203
2025-11-27T15:57:13.749787-08:00,read,key_722,2.12,false,false,0
2025-11-27T15:57:13.761048-08:00,read,key_839,1.73,false,false,0
2025-11-27T15:57:13.771937-08:00,read,key_161,1.54,false,false,0
2025-11-27T15:57:13.464619-08:00,write,key_918,309.84,true,false,201
2025-11-27T15:57:13.783062-08:00,read,key_862,2.37,false,false,0
2025-11-27T15:57:13.7942-08:00,read,key_573,1.90,true,false,190
2025-11-27T15:57:13.804932-08:00,read,key_321,1.81,false,false,0
2025-11-27T15:57:13.508944-08:00,write,key_37,308.56,true,false,202
2025-11-27T15:57:13.816011-08:00,read,key_829,2.11,false,false,0
2025-11-27T15:57:13.826866-08:00,read,key_886,1.04,false,false,0
2025-11-27T15:57:13.837913-08:00,read,key_421,1.33,false,false,0
2025-11-27T15:57:13.849045-08:00,read,key_272,0.94,false,false,0
2025-11-27T15:57:13.859454-08:00,read,key_831,0.99,false,false,0
2025-11-27T15:57:13.870583-08:00,read,key_5,2.02,false,false,0
2025-11-27T15:57:13.881619-08:00,read,key_873,1.60,false,false,0
2025-11-27T15:57:13.892632-08:00,read,key_430,1.83,false,false,0
2025-11-27T15:57:13.585283-08:00,write,key_575,309.28,true,false,203
2025-11-27T15:57:13.903754-08:00,read,key_89,1.40,false,false,0
2025-11-27T15:57:13.914855-08:00,read,key_18,1.36,false,false,0
2025-11-27T15:57:13.925794-08:00,read,key_704,1.88,true,false,187
2025-11-27T15:57:13.936936-08:00,read,key_588,1.65,false,false,0
2025-11-27T15:57:13.948034-08:00,read,key_742,1.67,false,false,0
2025-11-27T15:57:13.959138-08:00,read,key_734,1.77,true,false,196
2025-11-27T15:57:13.97027-08:00,read,key_292,1.37,false,false,0
2025-11-27T15:57:13.981154-08:00,read,key_303,0.90,false,false,0
2025-11-27T15:57:13.992276-08:00,read,key_579,2.03,false,false,0
2025-11-27T15:57:14.014571-08:00,read,key_66,1.69,false,false,0
2025-11-27T15:57:14.024813-08:00,read,key_959,2.35,true,false,70
2025-11-27T15:57:14.035952-08:00,read,key_767,1.64,false,false,0
2025-11-27T15:57:14.057728-08:00,read,key_555,5.40,false,false,0
2025-11-27T15:57:14.068419-08:00,read,key_937,2.25,false,false,0
2025-11-27T15:57:14.079544-08:00,read,key_739,2.47,false,false,0
2025-11-27T15:57:14.090466-08:00,read,key_385,1.74,false,false,0
2025-11-27T15:57:14.10172-08:00,read,key_912,1.60,false,false,0
2025-11-27T15:57:14.112714-08:00,read,key_571,1.27,false,false,0
2025-11-27T15:57:14.134433-08:00,read,key_171,2.40,false,false,0
2025-11-27T15:57:14.145241-08:00,read,key_769,0.86,false,false,0
2025-11-27T15:57:14.156338-08:00,read,key_180,1.46,true,false,185
2025-11-27T15:57:14.167049-08:00,read,key_264,1.70,false,false,0
2025-11-27T15:57:14.178182-08:00,read,key_548,2.23,false,false,0
2025-11-27T15:57:14.189385-08:00,read,key_7,1.63,false,false,0
2025-11-27T15:57:14.200499-08:00,read,key_259,1.09,false,false,0
2025-11-27T15:57:14.211898-08:00,read,key_300,1.19,true,false,156
2025-11-27T15:57:14.223053-08:00,read,key_579,1.69,false,false,0
2025-11-27T15:57:14.234134-08:00,read,key_10,1.62,true,false,22
2025-11-27T15:57:14.245211-08:00,read,key_944,1.58,false,false,0
2025-11-27T15:57:14.256392-08:00,read,key_707,1.36,false,false,0
2025-11-27T15:57:14.267464-08:00,read,key_792,1.08,true,false,127
2025-11-27T15:57:14.278594-08:00,read,key_475,0.94,false,false,0
2025-11-27T15:57:14.289192-08:00,read,key_738,0.92,false,false,0
2025-11-27T15:57:14.300271-08:00,read,key_183,0.96,false,false,0
2025-11-27T15:57:14.003428-08:00,write,key_210,305.45,true,false,204
2025-11-27T15:57:14.310671-08:00,read,key_664,1.30,false,false,0
2025-11-27T15:57:14.321573-08:00,read,key_891,1.71,false,false,0
2025-11-27T15:57:14.33271-08:00,read,key_15,1.65,false,false,0
2025-11-27T15:57:14.342823-08:00,read,key_900,2.16,false,false,0
2025-11-27T15:57:14.046563-08:00,write,key_793,307.07,true,false,205
2025-11-27T15:57:14.35355-08:00,read,key_102,1.06,false,false,0
2025-11-27T15:57:14.375869-08:00,read,key_412,2.51,true,false,163
2025-11-27T15:57:14.386173-08:00,read,key_798,1.81,false,false,0
2025-11-27T15:57:14.397328-08:00,read,key_262,1.69,true,false,176
2025-11-27T15:57:14.407777-08:00,read,key_768,1.76,false,false,0
2025-11-27T15:57:14.418512-08:00,read,key_324,2.11,false,false,0
2025-11-27T15:57:14.123436-08:00,write,key_14,305.95,true,false,206
2025-11-27T15:57:14.428838-08:00,read,key_290,1.29,false,false,0
2025-11-27T15:57:14.451056-08:00,read,key_568,2.25,true,false,100
2025-11-27T15:57:14.461757-08:00,read,key_524,1.75,false,false,0
2025-11-27T15:57:14.472843-08:00,read,key_562,1.40,true,false,172
2025-11-27T15:57:14.494817-08:00,read,key_383,3.40,true,false,33
2025-11-27T15:57:14.516928-08:00,read,key_833,4.78,false,false,0
2025-11-27T15:57:14.527731-08:00,read,key_312,1.63,false,false,0
2025-11-27T15:57:14.538827-08:00,read,key_557,0.86,false,false,0
2025-11-27T15:57:14.560562-08:00,read,key_956,4.32,false,false,0
2025-11-27T15:57:14.592929-08:00,read,key_897,4.10,false,false,0
2025-11-27T15:57:14.603789-08:00,read,key_199,1.79,false,false,0
2025-11-27T15:57:14.614935-08:00,read,key_929,1.50,false,false,0
2025-11-27T15:57:14.63724-08:00,read,key_790,2.28,false,false,0
2025-11-27T15:57:14.6483-08:00,read,key_56,1.59,false,false,0
2025-11-27T15:57:14.658525-08:00,read,key_425,0.95,true,false,207
2025-11-27T15:57:14.668881-08:00,read,key_522,0.90,true,false,21
2025-11-27T15:57:14.364693-08:00,write,key_425,305.55,true,false,207
2025-11-27T15:57:14.680138-08:00,read,key_378,1.80,true,false,117
2025-11-27T15:57:14.691252-08:00,read,key_297,2.01,false,false,0
2025-11-27T15:57:14.702435-08:00,read,key_890,1.84,false,false,0
2025-11-27T15:57:14.71354-08:00,read,key_367,1.22,true,false,193
2025-11-27T15:57:14.724629-08:00,read,key_662,1.42,false,false,0
2025-11-27T15:57:14.735933-08:00,read,key_574,2.25,false,false,0
2025-11-27T15:57:14.439841-08:00,write,key_70,304.82,true,false,208
2025-11-27T15:57:14.746242-08:00,read,key_377,1.27,true,false,116
2025-11-27T15:57:14.757315-08:00,read,key_915,1.52,false,false,0
2025-11-27T15:57:14.768402-08:00,read,key_128,1.29,false,false,0
2025-11-27T15:57:14.779484-08:00,read,key_834,1.20,false,false,0
2025-11-27T15:57:14.483642-08:00,write,key_478,306.26,true,false,209
2025-11-27T15:57:14.789871-08:00,read,key_54,1.22,false,false,0
2025-11-27T15:57:14.800565-08:00,read,key_830,0.82,false,false,0
2025-11-27T15:57:14.811647-08:00,read,key_887,1.68,false,false,0
2025-11-27T15:57:14.505783-08:00,write,key_891,307.59,true,false,210
2025-11-27T15:57:14.822697-08:00,read,key_665,1.20,false,false,0
2025-11-27T15:57:14.833744-08:00,read,key_366,1.25,false,false,0
2025-11-27T15:57:14.844793-08:00,read,key_373,1.28,true,false,175
2025-11-27T15:57:14.855843-08:00,read,key_304,1.30,true,false,34
2025-11-27T15:57:14.549892-08:00,write,key_308,307.27,true,false,211
2025-11-27T15:57:14.866934-08:00,read,key_285,1.43,false,false,0
2025-11-27T15:57:14.571401-08:00,write,key_388,308.04,true,false,212
2025-11-27T15:57:14.878005-08:00,read,key_766,1.87,false,false,0
2025-11-27T15:57:14.889069-08:00,read,key_425,1.55,true,false,207
2025-11-27T15:57:14.581738-08:00,write,key_491,310.05,true,false,213
2025-11-27T15:57:14.911111-08:00,read,key_732,1.48,true,false,141
2025-11-27T15:57:14.922253-08:00,read,key_690,1.41,false,false,0
2025-11-27T15:57:14.626094-08:00,write,key_763,305.88,true,false,214
2025-11-27T15:57:14.932449-08:00,read,key_300,1.43,true,false,156
2025-11-27T15:57:14.943477-08:00,read,key_893,2.00,true,false,173
2025-11-27T15:57:14.954446-08:00,read,key_257,1.94,false,false,0
2025-11-27T15:57:14.964889-08:00,read,key_184,2.01,false,false,0
2025-11-27T15:57:14.975349-08:00,read,key_570,2.09,false,false,0
2025-11-27T15:57:14.986448-08:00,read,key_438,1.77,false,false,0
2025-11-27T15:57:14.997587-08:00,read,key_304,1.70,true,false,34
2025-11-27T15:57:15.019858-08:00,read,key_861,1.70,false,false,0
2025-11-27T15:57:15.031018-08:00,read,key_633,1.58,false,false,0
2025-11-27T15:57:15.04191-08:00,read,key_927,1.90,false,false,0
2025-11-27T15:57:15.052276-08:00,read,key_662,1.77,false,false,0
2025-11-27T15:57:15.063578-08:00,read,key_654,1.57,false,false,0
2025-11-27T15:57:15.07475-08:00,read,key_302,2.48,false,false,0
2025-11-27T15:57:15.08584-08:00,read,key_667,3.42,false,false,0
2025-11-27T15:57:15.096864-08:00,read,key_434,1.40,true,false,103
2025-11-27T15:57:15.107159-08:00,read,key_704,1.65,true,false,187
2025-11-27T15:57:15.117871-08:00,read,key_353,1.69,false,false,0
2025-11-27T15:57:15.129033-08:00,read,key_389,1.67,false,false,0
2025-11-27T15:57:15.150311-08:00,read,key_292,3.58,false,false,0
2025-11-27T15:57:15.16126-08:00,read,key_334,1.70,false,false,0
2025-11-27T15:57:15.172263-08:00,read,key_82,1.67,false,false,0
2025-11-27T15:57:15.183402-08:00,read,key_678,1.76,false,false,0
2025-11-27T15:57:15.194506-08:00,read,key_258,0.93,true,false,52
2025-11-27T15:57:15.20496-08:00,read,key_375,1.87,false,false,0
2025-11-27T15:57:14.900064-08:00,write,key_51,307.50,true,false,215
2025-11-27T15:57:15.216044-08:00,read,key_29,1.86,false,false,0
2025-11-27T15:57:15.22649-08:00,read,key_3,2.32,false,false,0
2025-11-27T15:57:15.237583-08:00,read,key_265,1.43,false,false,0
2025-11-27T15:57:15.248651-08:00,read,key_108,0.60,false,false,0
2025-11-27T15:57:15.259434-08:00,read,key_609,1.15,false,false,0
2025-11-27T15:57:15.270525-08:00,read,key_176,0.80,false,false,0
2025-11-27T15:57:15.291933-08:00,read,key_338,2.04,true,false,144
2025-11-27T15:57:15.303108-08:00,read,key_3,1.66,false,false,0
2025-11-27T15:57:15.314079-08:00,read,key_124,0.80,false,false,0
2025-11-27T15:57:15.008702-08:00,write,key_926,306.63,true,false,216
2025-11-27T15:57:15.32538-08:00,read,key_984,2.04,false,false,0
2025-11-27T15:57:15.336504-08:00,read,key_696,1.67,false,false,0
2025-11-27T15:57:15.347644-08:00,read,key_924,1.70,false,false,0
2025-11-27T15:57:15.358894-08:00,read,key_39,2.24,false,false,0
2025-11-27T15:57:15.369982-08:00,read,key_660,0.98,false,false,0
2025-11-27T15:57:15.38109-08:00,read,key_178,0.95,false,false,0
2025-11-27T15:57:15.392228-08:00,read,key_308,2.32,true,false,211
2025-11-27T15:57:15.403329-08:00,read,key_917,1.85,false,false,0
2025-11-27T15:57:15.414438-08:00,read,key_808,0.91,true,false,140
2025-11-27T15:57:15.425171-08:00,read,key_926,1.10,true,false,216
2025-11-27T15:57:15.436017-08:00,read,key_229,0.80,true,false,96
2025-11-27T15:57:15.139957-08:00,write,key_137,307.83,true,false,217
2025-11-27T15:57:15.447142-08:00,read,key_431,1.45,true,false,16
2025-11-27T15:57:15.457874-08:00,read,key_667,3.80,false,false,0
2025-11-27T15:57:15.469286-08:00,read,key_749,1.80,true,false,170
2025-11-27T15:57:15.479487-08:00,read,key_875,1.07,false,false,0
2025-11-27T15:57:15.489945-08:00,read,key_679,1.46,false,false,0
2025-11-27T15:57:15.50121-08:00,read,key_52,2.10,false,false,0
2025-11-27T15:57:15.512376-08:00,read,key_526,1.76,false,false,0
2025-11-27T15:57:15.523537-08:00,read,key_216,1.77,false,false,0
2025-11-27T15:57:15.534439-08:00,read,key_437,2.14,true,false,10
2025-11-27T15:57:15.545013-08:00,read,key_332,1.66,false,false,0
2025-11-27T15:57:15.556167-08:00,read,key_439,1.79,true,false,50
2025-11-27T15:57:15.566993-08:00,read,key_572,2.04,true,false,12
2025-11-27T15:57:15.578484-08:00,read,key_851,3.84,false,false,0
2025-11-27T15:57:15.281509-08:00,write,key_406,308.02,true,false,218
2025-11-27T15:57:15.6-08:00,read,key_6,0.86,false,false,0
2025-11-27T15:57:15.611067-08:00,read,key_828,0.89,false,false,0
2025-11-27T15:57:15.622143-08:00,read,key_937,0.97,false,false,0
2025-11-27T15:57:15.633211-08:00,read,key_251,0.88,false,false,0
2025-11-27T15:57:15.644263-08:00,read,key_30,1.27,false,false,0
2025-11-27T15:57:15.655408-08:00,read,key_170,1.58,false,false,0
2025-11-27T15:57:15.665772-08:00,read,key_959,1.57,true,false,70
2025-11-27T15:57:15.676174-08:00,read,key_178,1.87,false,false,0
2025-11-27T15:57:15.69846-08:00,read,key_735,1.92,true,false,143
2025-11-27T15:57:15.709584-08:00,read,key_80,2.01,false,false,0
2025-11-27T15:57:15.72076-08:00,read,key_799,1.80,false,false,0
2025-11-27T15:57:15.731867-08:00,read,key_73,1.38,false,false,0
2025-11-27T15:57:15.754185-08:00,read,key_427,3.54,false,false,0
2025-11-27T15:57:15.775484-08:00,read,key_903,4.48,true,false,38
2025-11-27T15:57:15.786367-08:00,read,key_636,1.35,false,false,0
2025-11-27T15:57:15.79755-08:00,read,key_309,1.66,false,false,0
2025-11-27T15:57:15.808558-08:00,read,key_406,2.73,true,false,218
2025-11-27T15:57:15.819553-08:00,read,key_634,1.51,true,false,80
2025-11-27T15:57:15.841517-08:00,read,key_16,4.83,false,false,0
2025-11-27T15:57:15.852343-08:00,read,key_479,1.79,false,false,0
2025-11-27T15:57:15.863678-08:00,read,key_177,1.78,false,false,0
2025-11-27T15:57:15.874798-08:00,read,key_490,2.03,false,false,0
2025-11-27T15:57:15.88596-08:00,read,key_124,1.84,false,false,0
2025-11-27T15:57:15.588926-08:00,write,key_387,304.98,true,false,219
2025-11-27T15:57:15.896391-08:00,read,key_668,1.46,false,false,0
2025-11-27T15:57:15.907529-08:00,read,key_742,1.90,false,false,0
2025-11-27T15:57:15.917904-08:00,read,key_702,2.05,false,false,0
2025-11-27T15:57:15.940828-08:00,read,key_19,1.95,false,false,0
2025-11-27T15:57:15.962336-08:00,read,key_618,4.87,false,false,0
2025-11-27T15:57:15.973085-08:00,read,key_983,1.53,false,false,0
2025-11-27T15:57:15.984382-08:00,read,key_637,2.26,false,false,0
2025-11-27T15:57:15.687307-08:00,write,key_104,308.06,true,false,220
2025-11-27T15:57:16.004889-08:00,read,key_762,1.67,false,false,0
2025-11-27T15:57:16.015991-08:00,read,key_741,1.70,false,false,0
2025-11-27T15:57:16.027232-08:00,read,key_556,1.94,false,false,0
2025-11-27T15:57:16.038352-08:00,read,key_437,1.56,true,false,10
2025-11-27T15:57:16.049498-08:00,read,key_533,2.06,false,false,0
2025-11-27T15:57:15.743054-08:00,write,key_727,308.71,true,false,221
2025-11-27T15:57:16.060595-08:00,read,key_772,1.77,false,false,0
2025-11-27T15:57:16.071769-08:00,read,key_795,1.89,true,false,85
2025-11-27T15:57:15.76433-08:00,write,key_250,309.92,true,false,222
2025-11-27T15:57:16.082371-08:00,read,key_820,1.92,false,false,0
2025-11-27T15:57:16.093614-08:00,read,key_857,2.19,false,false,0
2025-11-27T15:57:16.104337-08:00,read,key_938,1.34,false,false,0
2025-11-27T15:57:16.114556-08:00,read,key_411,1.57,false,false,0
2025-11-27T15:57:16.125686-08:00,read,key_415,2.04,false,false,0
2025-11-27T15:57:15.830408-08:00,write,key_911,304.44,true,false,223
2025-11-27T15:57:16.135951-08:00,read,key_318,1.36,true,false,106
2025-11-27T15:57:16.158287-08:00,read,key_18,2.39,false,false,0
2025-11-27T15:57:16.169412-08:00,read,key_310,1.36,false,false,0
2025-11-27T15:57:16.191613-08:00,read,key_198,2.37,true,false,174
2025-11-27T15:57:16.202647-08:00,read,key_65,1.23,false,false,0
2025-11-27T15:57:16.213771-08:00,read,key_264,1.39,false,false,0
2025-11-27T15:57:16.224876-08:00,read,key_263,1.71,true,false,132
2025-11-27T15:57:15.929567-08:00,write,key_744,305.27,true,false,224
2025-11-27T15:57:16.235032-08:00,read,key_33,1.54,false,false,0
2025-11-27T15:57:16.246051-08:00,read,key_470,1.68,true,false,128
2025-11-27T15:57:15.951161-08:00,write,key_5,306.97,true,false,225
2025-11-27T15:57:16.256943-08:00,read,key_228,1.59,true,false,77
2025-11-27T15:57:16.26805-08:00,read,key_791,2.25,false,false,0
2025-11-27T15:57:16.279138-08:00,read,key_938,1.66,false,false,0
2025-11-27T15:57:16.290296-08:00,read,key_408,1.66,false,false,0
2025-11-27T15:57:15.994544-08:00,write,key_0,304.94,true,false,226
2025-11-27T15:57:16.300414-08:00,read,key_759,1.76,false,false,0
2025-11-27T15:57:16.31104-08:00,read,key_254,1.57,false,false,0
2025-11-27T15:57:16.333384-08:00,read,key_768,2.17,false,false,0
2025-11-27T15:57:16.344608-08:00,read,key_604,1.65,false,false,0
2025-11-27T15:57:16.355768-08:00,read,key_179,1.55,false,false,0
2025-11-27T15:57:16.366478-08:00,read,key_133,1.64,false,false,0
2025-11-27T15:57:16.38854-08:00,read,key_715,4.30,false,false,0
2025-11-27T15:57:16.398687-08:00,read,key_187,1.66,false,false,0
2025-11-27T15:57:16.442103-08:00,read,key_351,4.24,false,false,0
2025-11-27T15:57:16.147119-08:00,write,key_530,306.39,true,false,227
2025-11-27T15:57:16.452805-08:00,read,key_12,1.41,false,false,0
2025-11-27T15:57:16.463891-08:00,read,key_69,0.84,false,false,0
2025-11-27T15:57:16.475028-08:00,read,key_371,2.02,false,false,0
2025-11-27T15:57:16.180498-08:00,write,key_733,302.57,true,false,228
2025-11-27T15:57:16.485235-08:00,read,key_668,1.78,false,false,0
2025-11-27T15:57:16.496058-08:00,read,key_499,1.70,false,false,0
2025-11-27T15:57:16.506646-08:00,read,key_775,1.57,false,false,0
2025-11-27T15:57:16.516992-08:00,read,key_578,1.98,true,false,153
2025-11-27T15:57:16.528174-08:00,read,key_657,1.49,false,false,0
2025-11-27T15:57:16.538789-08:00,read,key_913,1.65,false,false,0
2025-11-27T15:57:16.549923-08:00,read,key_412,2.05,true,false,163
2025-11-27T15:57:16.561073-08:00,read,key_179,1.58,false,false,0
2025-11-27T15:57:16.583384-08:00,read,key_88,2.45,true,false,91
2025-11-27T15:57:16.594452-08:00,read,key_32,0.85,false,false,0
2025-11-27T15:57:16.605588-08:00,read,key_834,1.05,false,false,0
2025-11-27T15:57:16.61675-08:00,read,key_33,1.99,false,false,0
2025-11-27T15:57:16.322229-08:00,write,key_293,306.49,true,false,229
2025-11-27T15:57:16.62704-08:00,read,key_876,2.17,false,false,0
2025-11-27T15:57:16.638124-08:00,read,key_31,1.55,false,false,0
2025-11-27T15:57:16.671561-08:00,read,key_303,4.59,false,false,0
2025-11-27T15:57:16.377561-08:00,write,key_76,302.48,true,false,230
2025-11-27T15:57:16.681841-08:00,read,key_508,0.75,false,false,0
2025-11-27T15:57:16.692137-08:00,read,key_499,1.62,false,false,0
2025-11-27T15:57:16.703204-08:00,read,key_409,0.90,false,false,0
2025-11-27T15:57:16.714328-08:00,read,key_650,1.70,false,false,0
2025-11-27T15:57:16.409692-08:00,write,key_410,306.87,true,false,231
2025-11-27T15:57:16.725503-08:00,read,key_357,2.08,true,false,115
2025-11-27T15:57:16.420072-08:00,write,key_869,311.87,true,false,232
2025-11-27T15:57:16.431229-08:00,write,key_365,307.47,true,false,233
2025-11-27T15:57:16.736295-08:00,read,key_121,2.55,true,false,35
2025-11-27T15:57:16.746888-08:00,read,key_312,1.41,false,false,0
2025-11-27T15:57:16.769322-08:00,read,key_869,1.88,true,false,232
2025-11-27T15:57:16.780496-08:00,read,key_746,1.96,false,false,0
2025-11-27T15:57:16.791561-08:00,read,key_945,0.95,false,false,0
2025-11-27T15:57:16.801729-08:00,read,key_408,1.84,false,false,0
2025-11-27T15:57:16.812879-08:00,read,key_902,1.46,false,false,0
2025-11-27T15:57:16.824012-08:00,read,key_456,1.77,false,false,0
2025-11-27T15:57:16.856443-08:00,read,key_70,4.06,true,false,208
2025-11-27T15:57:16.86729-08:00,read,key_928,1.95,true,false,131
2025-11-27T15:57:16.572239-08:00,write,key_214,306.49,true,false,234
2025-11-27T15:57:16.878398-08:00,read,key_886,1.48,false,false,0
2025-11-27T15:57:16.900741-08:00,read,key_551,2.02,false,false,0
2025-11-27T15:57:16.923081-08:00,read,key_273,3.00,false,false,0
2025-11-27T15:57:16.934089-08:00,read,key_386,1.70,false,false,0
2025-11-27T15:57:16.945244-08:00,read,key_298,1.67,false,false,0
2025-11-27T15:57:16.649285-08:00,write,key_522,305.06,true,false,235
2025-11-27T15:57:16.966407-08:00,read,key_556,2.09,false,false,0
2025-11-27T15:57:16.660492-08:00,write,key_430,308.14,true,false,236
2025-11-27T15:57:16.977418-08:00,read,key_321,1.65,false,false,0
2025-11-27T15:57:16.9885-08:00,read,key_935,0.81,true,false,61
2025-11-27T15:57:16.999586-08:00,read,key_667,0.93,false,false,0
2025-11-27T15:57:17.010678-08:00,read,key_624,0.97,false,false,0
2025-11-27T15:57:17.021505-08:00,read,key_387,0.91,true,false,219
2025-11-27T15:57:17.032636-08:00,read,key_503,0.92,true,false,104
2025-11-27T15:57:17.043425-08:00,read,key_86,1.99,false,false,0
2025-11-27T15:57:17.054597-08:00,read,key_9,1.55,false,false,0
2025-11-27T15:57:16.758194-08:00,write,key_734,305.17,true,false,237
2025-11-27T15:57:17.064876-08:00,read,key_165,1.32,true,false,75
2025-11-27T15:57:17.075581-08:00,read,key_30,1.82,false,false,0
2025-11-27T15:57:17.086689-08:00,read,key_534,1.84,false,false,0
2025-11-27T15:57:17.098163-08:00,read,key_376,1.03,true,false,63
2025-11-27T15:57:17.109342-08:00,read,key_709,1.98,false,false,0
2025-11-27T15:57:17.120256-08:00,read,key_913,1.20,false,false,0
2025-11-27T15:57:16.834295-08:00,write,key_103,305.72,true,false,238
2025-11-27T15:57:17.141656-08:00,read,key_408,1.79,false,false,0
2025-11-27T15:57:16.845322-08:00,write,key_693,308.99,true,false,239
2025-11-27T15:57:17.152835-08:00,read,key_863,1.51,false,false,0
2025-11-27T15:57:17.163407-08:00,read,key_228,0.89,true,false,77
2025-11-27T15:57:17.17454-08:00,read,key_17,0.87,false,false,0
2025-11-27T15:57:17.185251-08:00,read,key_634,1.74,true,false,80
2025-11-27T15:57:16.889614-08:00,write,key_736,307.64,true,false,240
2025-11-27T15:57:17.207574-08:00,read,key_985,1.82,false,false,0
2025-11-27T15:57:16.911908-08:00,write,key_383,307.91,true,false,241
2025-11-27T15:57:17.217916-08:00,read,key_562,2.52,true,false,172
2025-11-27T15:57:17.229081-08:00,read,key_315,1.66,false,false,0
2025-11-27T15:57:17.250885-08:00,read,key_180,2.23,true,false,185
2025-11-27T15:57:16.955409-08:00,write,key_70,307.83,true,false,242
2025-11-27T15:57:17.261799-08:00,read,key_750,1.95,true,false,154
2025-11-27T15:57:17.272485-08:00,read,key_258,1.35,true,false,52
2025-11-27T15:57:17.283519-08:00,read,key_87,1.93,true,false,94
2025-11-27T15:57:17.294673-08:00,read,key_250,1.79,true,false,222
2025-11-27T15:57:17.305771-08:00,read,key_309,0.99,false,false,0
2025-11-27T15:57:17.31688-08:00,read,key_901,1.96,false,false,0
2025-11-27T15:57:17.328104-08:00,read,key_543,1.85,false,false,0
2025-11-27T15:57:17.339215-08:00,read,key_698,1.63,false,false,0
2025-11-27T15:57:17.350546-08:00,read,key_14,2.31,true,false,206
2025-11-27T15:57:17.361488-08:00,read,key_792,1.65,true,false,127
2025-11-27T15:57:17.372599-08:00,read,key_553,0.88,false,false,0
2025-11-27T15:57:17.383287-08:00,read,key_555,1.89,false,false,0
2025-11-27T15:57:17.394431-08:00,read,key_435,1.82,true,false,19
2025-11-27T15:57:17.405583-08:00,read,key_376,1.60,true,false,63
2025-11-27T15:57:17.41672-08:00,read,key_874,2.40,false,false,0
2025-11-27T15:57:17.427966-08:00,read,key_384,1.60,true,false,167
2025-11-27T15:57:17.13135-08:00,write,key_877,306.80,true,false,243
2025-11-27T15:57:17.438161-08:00,read,key_73,1.45,false,false,0
2025-11-27T15:57:17.44893-08:00,read,key_981,1.58,false,false,0
2025-11-27T15:57:17.460054-08:00,read,key_877,0.97,true,false,243
2025-11-27T15:57:17.471206-08:00,read,key_361,1.81,false,false,0
2025-11-27T15:57:17.482361-08:00,read,key_174,1.66,true,false,135
2025-11-27T15:57:17.49351-08:00,read,key_550,2.14,false,false,0
2025-11-27T15:57:17.196419-08:00,write,key_802,307.62,true,false,244
2025-11-27T15:57:17.503943-08:00,read,key_381,1.26,false,false,0
2025-11-27T15:57:17.514583-08:00,read,key_879,1.45,false,false,0
2025-11-27T15:57:17.525285-08:00,read,key_162,1.99,false,false,0
2025-11-27T15:57:17.536412-08:00,read,key_293,1.51,true,false,229
2025-11-27T15:57:17.23996-08:00,write,key_515,305.24,true,false,245
2025-11-27T15:57:17.546715-08:00,read,key_402,1.14,false,false,0
2025-11-27T15:57:17.557838-08:00,read,key_571,1.82,false,false,0
2025-11-27T15:57:17.569009-08:00,read,key_639,1.76,false,false,0
2025-11-27T15:57:17.580145-08:00,read,key_57,1.68,false,false,0
2025-11-27T15:57:17.5913-08:00,read,key_234,1.87,true,false,182
2025-11-27T15:57:17.60253-08:00,read,key_731,1.63,false,false,0
2025-11-27T15:57:17.613242-08:00,read,key_646,1.61,false,false,0
2025-11-27T15:57:17.624314-08:00,read,key_699,0.97,false,false,0
2025-11-27T15:57:17.635496-08:00,read,key_305,1.85,false,false,0
2025-11-27T15:57:17.646667-08:00,read,key_256,1.73,false,false,0
2025-11-27T15:57:17.657792-08:00,read,key_16,0.87,false,false,0
2025-11-27T15:57:17.66902-08:00,read,key_921,2.14,false,false,0
2025-11-27T15:57:17.679882-08:00,read,key_491,1.94,true,false,213
2025-11-27T15:57:17.690967-08:00,read,key_836,1.51,false,false,0
2025-11-27T15:57:17.702056-08:00,read,key_119,1.93,false,false,0
2025-11-27T15:57:17.712709-08:00,read,key_253,1.75,false,false,0
2025-11-27T15:57:17.72329-08:00,read,key_20,1.64,false,false,0
2025-11-27T15:57:17.733559-08:00,read,key_239,2.29,true,false,18
2025-11-27T15:57:17.743909-08:00,read,key_183,1.65,false,false,0
2025-11-27T15:57:17.754825-08:00,read,key_317,1.62,true,false,95
2025-11-27T15:57:17.765883-08:00,read,key_493,2.86,true,false,157
2025-11-27T15:57:17.77686-08:00,read,key_87,1.73,true,false,94
2025-11-27T15:57:17.787992-08:00,read,key_891,1.48,true,false,210
2025-11-27T15:57:17.79911-08:00,read,key_707,1.50,false,false,0
2025-11-27T15:57:17.821429-08:00,read,key_518,1.79,false,false,0
2025-11-27T15:57:17.832569-08:00,read,key_695,1.61,false,false,0
2025-11-27T15:57:17.843827-08:00,read,key_892,1.73,false,false,0
2025-11-27T15:57:17.854896-08:00,read,key_873,1.58,false,false,0
2025-11-27T15:57:17.866046-08:00,read,key_181,1.64,false,false,0
2025-11-27T15:57:17.876563-08:00,read,key_113,1.96,false,false,0
2025-11-27T15:57:17.8877-08:00,read,key_261,1.87,true,false,30
2025-11-27T15:57:17.898826-08:00,read,key_3,1.53,false,false,0
2025-11-27T15:57:17.920546-08:00,read,key_890,4.40,false,false,0
2025-11-27T15:57:17.931358-08:00,read,key_416,1.55,true,false,121
2025-11-27T15:57:17.941915-08:00,read,key_406,1.98,true,false,218
2025-11-27T15:57:17.963504-08:00,read,key_886,3.94,false,false,0
2025-11-27T15:57:17.974488-08:00,read,key_912,2.03,false,false,0
2025-11-27T15:57:17.985642-08:00,read,key_198,2.00,true,false,174
2025-11-27T15:57:17.996583-08:00,read,key_651,1.60,false,false,0
2025-11-27T15:57:18.007205-08:00,read,key_381,1.56,false,false,0
2025-11-27T15:57:18.017826-08:00,read,key_378,1.84,true,false,117
2025-11-27T15:57:18.028506-08:00,read,key_707,1.58,false,false,0
2025-11-27T15:57:18.050794-08:00,read,key_250,3.66,true,false,222
2025-11-27T15:57:18.061587-08:00,read,key_129,1.17,true,false,54
2025-11-27T15:57:18.072712-08:00,read,key_664,1.37,false,false,0
2025-11-27T15:57:18.083737-08:00,read,key_385,3.95,false,false,0
2025-11-27T15:57:18.094764-08:00,read,key_39,1.65,false,false,0
2025-11-27T15:57:18.10588-08:00,read,key_555,1.02,false,false,0
2025-11-27T15:57:17.810288-08:00,write,key_585,305.74,true,false,246
2025-11-27T15:57:18.116073-08:00,read,key_197,1.47,true,false,49
2025-11-27T15:57:18.126485-08:00,read,key_235,2.10,false,false,0
2025-11-27T15:57:18.137579-08:00,read,key_380,1.80,false,false,0
2025-11-27T15:57:18.147884-08:00,read,key_915,1.60,false,false,0
2025-11-27T15:57:18.158976-08:00,read,key_294,1.75,false,false,0
2025-11-27T15:57:18.169833-08:00,read,key_350,0.85,false,false,0
2025-11-27T15:57:18.180921-08:00,read,key_215,0.87,false,false,0
2025-11-27T15:57:18.202971-08:00,read,key_308,1.64,true,false,211
2025-11-27T15:57:18.213244-08:00,read,key_733,1.54,true,false,228
2025-11-27T15:57:17.909395-08:00,write,key_139,307.54,true,false,247
2025-11-27T15:57:18.224165-08:00,read,key_377,1.44,true,false,116
2025-11-27T15:57:18.235084-08:00,read,key_243,1.72,false,false,0
2025-11-27T15:57:18.246183-08:00,read,key_550,1.60,false,false,0
2025-11-27T15:57:17.952482-08:00,write,key_532,306.50,true,false,248
2025-11-27T15:57:18.267987-08:00,read,key_32,2.15,false,false,0
2025-11-27T15:57:18.279085-08:00,read,key_759,1.41,false,false,0
2025-11-27T15:57:18.312581-08:00,read,key_746,3.53,false,false,0
2025-11-27T15:57:18.323478-08:00,read,key_759,1.30,false,false,0
2025-11-27T15:57:18.333694-08:00,read,key_86,1.37,false,false,0
2025-11-27T15:57:18.039648-08:00,write,key_191,305.90,true,false,249
2025-11-27T15:57:18.35517-08:00,read,key_212,1.11,false,false,0
2025-11-27T15:57:18.366324-08:00,read,key_748,1.80,false,false,0
2025-11-27T15:57:18.377653-08:00,read,key_108,1.73,false,false,0
2025-11-27T15:57:18.400006-08:00,read,key_435,3.67,true,false,19
2025-11-27T15:57:18.410947-08:00,read,key_71,1.31,false,false,0
2025-11-27T15:57:18.422079-08:00,read,key_740,1.42,false,false,0
2025-11-27T15:57:18.432454-08:00,read,key_577,1.62,true,false,179
2025-11-27T15:57:18.454116-08:00,read,key_559,3.97,false,false,0
2025-11-27T15:57:18.465021-08:00,read,key_474,1.55,false,false,0
2025-11-27T15:57:18.475719-08:00,read,key_412,1.82,true,false,163
2025-11-27T15:57:18.48632-08:00,read,key_526,1.69,false,false,0
2025-11-27T15:57:18.191845-08:00,write,key_565,303.73,true,false,250
2025-11-27T15:57:18.507346-08:00,read,key_134,1.23,true,false,162
2025-11-27T15:57:18.518286-08:00,read,key_319,2.05,false,false,0
2025-11-27T15:57:18.529414-08:00,read,key_71,1.63,false,false,0
2025-11-27T15:57:18.539927-08:00,read,key_71,1.55,false,false,0
2025-11-27T15:57:18.550294-08:00,read,key_3,1.68,false,false,0
2025-11-27T15:57:18.561334-08:00,read,key_36,2.04,false,false,0
2025-11-27T15:57:18.256809-08:00,write,key_683,306.80,true,false,251
2025-11-27T15:57:18.571506-08:00,read,key_561,1.66,false,false,0
2025-11-27T15:57:18.582319-08:00,read,key_665,1.85,false,false,0
2025-11-27T15:57:18.592958-08:00,read,key_84,2.14,false,false,0
2025-11-27T15:57:18.290251-08:00,write,key_763,306.98,true,false,252
2025-11-27T15:57:18.301391-08:00,write,key_579,303.65,true,false,253
2025-11-27T15:57:18.603746-08:00,read,key_233,1.68,false,false,0
2025-11-27T15:57:18.614887-08:00,read,key_602,1.47,false,false,0
2025-11-27T15:57:18.625969-08:00,read,key_236,0.85,false,false,0
2025-11-27T15:57:18.648192-08:00,read,key_552,1.87,false,false,0
2025-11-27T15:57:18.344054-08:00,write,key_355,308.17,true,false,254
2025-11-27T15:57:18.659279-08:00,read,key_361,2.29,false,false,0
2025-11-27T15:57:18.670362-08:00,read,key_39,0.95,false,false,0
2025-11-27T15:57:18.68131-08:00,read,key_935,0.87,true,false,61
2025-11-27T15:57:18.692225-08:00,read,key_559,1.18,false,false,0
2025-11-27T15:57:18.388841-08:00,write,key_918,310.22,true,false,255
2025-11-27T15:57:18.713309-08:00,read,key_549,1.46,false,false,0
2025-11-27T15:57:18.724469-08:00,read,key_350,2.34,false,false,0
2025-11-27T15:57:18.73564-08:00,read,key_959,1.83,true,false,70
2025-11-27T15:57:18.746374-08:00,read,key_932,2.16,false,false,0
2025-11-27T15:57:18.442924-08:00,write,key_324,305.68,true,false,256
2025-11-27T15:57:18.757515-08:00,read,key_596,1.58,false,false,0
2025-11-27T15:57:18.767893-08:00,read,key_916,2.08,false,false,0
2025-11-27T15:57:18.779025-08:00,read,key_572,1.47,true,false,12
2025-11-27T15:57:18.789807-08:00,read,key_438,1.31,false,false,0
2025-11-27T15:57:18.800435-08:00,read,key_418,1.60,false,false,0
2025-11-27T15:57:18.496546-08:00,write,key_459,306.74,true,false,257
2025-11-27T15:57:18.811436-08:00,read,key_763,0.93,true,false,252
2025-11-27T15:57:18.822557-08:00,read,key_911,0.83,true,false,223
2025-11-27T15:57:18.833206-08:00,read,key_989,1.40,false,false,0
2025-11-27T15:57:18.844065-08:00,read,key_734,2.03,true,false,237
2025-11-27T15:57:18.855412-08:00,read,key_18,1.65,false,false,0
2025-11-27T15:57:18.866516-08:00,read,key_918,1.95,true,false,255
2025-11-27T15:57:18.877716-08:00,read,key_647,1.82,false,false,0
2025-11-27T15:57:18.888217-08:00,read,key_235,1.62,false,false,0
2025-11-27T15:57:18.899339-08:00,read,key_289,1.68,false,false,0
2025-11-27T15:57:18.909505-08:00,read,key_376,1.95,true,false,63
2025-11-27T15:57:18.919916-08:00,read,key_2,1.63,false,false,0
2025-11-27T15:57:18.931084-08:00,read,key_634,1.81,true,false,80
2025-11-27T15:57:18.637087-08:00,write,key_91,306.29,true,false,258
2025-11-27T15:57:18.941967-08:00,read,key_164,2.42,false,false,0
2025-11-27T15:57:18.953118-08:00,read,key_122,1.53,false,false,0
2025-11-27T15:57:18.964305-08:00,read,key_103,1.61,true,false,238
2025-11-27T15:57:18.975432-08:00,read,key_280,1.95,false,false,0
2025-11-27T15:57:18.986037-08:00,read,key_34,1.80,false,false,0
2025-11-27T15:57:18.997203-08:00,read,key_217,1.60,false,false,0
2025-11-27T15:57:19.007859-08:00,read,key_589,2.13,false,false,0
2025-11-27T15:57:18.702825-08:00,write,key_900,307.27,true,false,259
2025-11-27T15:57:19.018999-08:00,read,key_289,0.90,false,false,0
2025-11-27T15:57:19.030104-08:00,read,key_610,1.74,true,false,198
2025-11-27T15:57:19.04124-08:00,read,key_173,1.94,false,false,0
2025-11-27T15:57:19.052238-08:00,read,key_493,1.69,true,false,157
2025-11-27T15:57:19.063336-08:00,read,key_499,0.88,false,false,0
2025-11-27T15:57:19.074476-08:00,read,key_297,1.73,false,false,0
2025-11-27T15:57:19.085596-08:00,read,key_909,0.90,false,false,0
2025-11-27T15:57:19.09666-08:00,read,key_429,1.08,false,false,0
2025-11-27T15:57:19.107743-08:00,read,key_402,0.84,false,false,0
2025-11-27T15:57:19.118847-08:00,read,key_421,1.05,false,false,0
2025-11-27T15:57:19.129655-08:00,read,key_577,1.12,true,false,179
2025-11-27T15:57:19.140745-08:00,read,key_581,1.08,false,false,0
2025-11-27T15:57:19.151532-08:00,read,key_493,2.08,true,false,157
2025-11-27T15:57:19.16276-08:00,read,key_569,1.79,false,false,0
2025-11-27T15:57:19.173555-08:00,read,key_61,1.88,false,false,0
2025-11-27T15:57:19.184545-08:00,read,key_711,2.28,false,false,0
2025-11-27T15:57:19.195211-08:00,read,key_258,1.85,true,false,52
2025-11-27T15:57:19.206339-08:00,read,key_105,1.69,true,false,134
2025-11-27T15:57:19.21747-08:00,read,key_431,1.76,true,false,16
2025-11-27T15:57:19.228577-08:00,read,key_1,1.77,false,false,0
2025-11-27T15:57:19.239704-08:00,read,key_988,1.66,false,false,0
2025-11-27T15:57:19.261966-08:00,read,key_306,1.53,true,false,164
2025-11-27T15:57:19.273103-08:00,read,key_892,1.32,false,false,0
2025-11-27T15:57:19.283611-08:00,read,key_450,2.61,true,false,89
2025-11-27T15:57:19.294715-08:00,read,key_932,2.04,false,false,0
2025-11-27T15:57:19.305873-08:00,read,key_410,1.70,true,false,231
2025-11-27T15:57:19.327735-08:00,read,key_240,4.28,false,false,0
2025-11-27T15:57:19.349712-08:00,read,key_803,4.70,true,false,260
2025-11-27T15:57:19.360463-08:00,read,key_627,1.23,false,false,0
2025-11-27T15:57:19.371162-08:00,read,key_739,1.65,false,false,0
2025-11-27T15:57:19.381652-08:00,read,key_228,1.44,true,false,77
2025-11-27T15:57:19.392604-08:00,read,key_638,1.50,false,false,0
2025-11-27T15:57:19.403719-08:00,read,key_653,1.70,false,false,0
2025-11-27T15:57:19.414173-08:00,read,key_162,1.70,false,false,0
2025-11-27T15:57:19.435536-08:00,read,key_199,4.40,false,false,0
2025-11-27T15:57:19.44588-08:00,read,key_381,1.81,false,false,0
2025-11-27T15:57:19.456986-08:00,read,key_73,0.87,false,false,0
2025-11-27T15:57:19.467127-08:00,read,key_18,1.32,false,false,0
2025-11-27T15:57:19.478216-08:00,read,key_492,0.93,false,false,0
2025-11-27T15:57:19.489307-08:00,read,key_538,0.93,false,false,0
2025-11-27T15:57:19.500312-08:00,read,key_249,2.20,false,false,0
2025-11-27T15:57:19.511424-08:00,read,key_334,1.25,false,false,0
2025-11-27T15:57:19.522523-08:00,read,key_768,1.61,false,false,0
2025-11-27T15:57:19.533633-08:00,read,key_922,2.40,false,false,0
2025-11-27T15:57:19.543963-08:00,read,key_53,1.98,false,false,0
2025-11-27T15:57:19.250876-08:00,write,key_803,306.05,true,false,260
2025-11-27T15:57:19.555081-08:00,read,key_738,1.85,false,false,0
2025-11-27T15:57:19.565756-08:00,read,key_693,1.51,true,false,239
2025-11-27T15:57:19.576882-08:00,read,key_231,2.32,false,false,0
2025-11-27T15:57:19.587722-08:00,read,key_898,1.73,false,false,0
2025-11-27T15:57:19.598989-08:00,read,key_809,1.84,false,false,0
2025-11-27T15:57:19.609373-08:00,read,key_959,2.09,true,false,70
2025-11-27T15:57:19.316908-08:00,write,key_79,304.08,true,false,261
2025-11-27T15:57:19.631504-08:00,read,key_129,0.88,true,false,54
2025-11-27T15:57:19.642653-08:00,read,key_298,2.25,false,false,0
2025-11-27T15:57:19.338554-08:00,write,key_265,309.23,true,false,262
2025-11-27T15:57:19.66452-08:00,read,key_407,1.57,false,false,0
2025-11-27T15:57:19.686905-08:00,read,key_400,4.21,false,false,0
2025-11-27T15:57:19.69778-08:00,read,key_435,1.91,true,false,19
2025-11-27T15:57:19.708469-08:00,read,key_354,1.98,false,false,0
2025-11-27T15:57:19.718956-08:00,read,key_552,1.42,false,false,0
2025-11-27T15:57:19.729886-08:00,read,key_800,1.68,false,false,0
2025-11-27T15:57:19.425306-08:00,write,key_6,307.51,true,false,263
2025-11-27T15:57:19.740184-08:00,read,key_892,1.53,false,false,0
2025-11-27T15:57:19.75114-08:00,read,key_324,2.02,true,false,256
2025-11-27T15:57:19.762275-08:00,read,key_917,2.53,false,false,0
2025-11-27T15:57:19.783821-08:00,read,key_645,2.06,false,false,0
2025-11-27T15:57:19.79503-08:00,read,key_113,1.42,false,false,0
2025-11-27T15:57:19.806113-08:00,read,key_523,1.37,true,false,56
2025-11-27T15:57:19.828018-08:00,read,key_933,3.71,false,false,0
2025-11-27T15:57:19.838992-08:00,read,key_291,1.65,false,false,0
2025-11-27T15:57:19.849263-08:00,read,key_328,1.77,true,false,129
2025-11-27T15:57:19.859765-08:00,read,key_982,2.32,false,false,0
2025-11-27T15:57:19.870894-08:00,read,key_768,1.88,false,false,0
2025-11-27T15:57:19.882065-08:00,read,key_550,1.58,false,false,0
2025-11-27T15:57:19.893102-08:00,read,key_64,2.49,false,false,0
2025-11-27T15:57:19.904168-08:00,read,key_577,2.33,true,false,179
2025-11-27T15:57:19.915327-08:00,read,key_406,1.65,true,false,218
2025-11-27T15:57:19.620454-08:00,write,key_223,307.54,true,false,264
2025-11-27T15:57:19.926734-08:00,read,key_898,1.74,false,false,0
2025-11-27T15:57:19.937319-08:00,read,key_293,1.94,true,false,229
2025-11-27T15:57:19.948001-08:00,read,key_216,1.57,false,false,0
2025-11-27T15:57:19.653364-08:00,write,key_61,307.23,true,false,265
2025-11-27T15:57:19.959203-08:00,read,key_708,2.28,false,false,0
2025-11-27T15:57:19.969375-08:00,read,key_593,1.69,false,false,0
2025-11-27T15:57:19.980476-08:00,read,key_550,1.61,false,false,0
2025-11-27T15:57:19.675681-08:00,write,key_350,307.44,true,false,266
2025-11-27T15:57:19.991559-08:00,read,key_479,2.06,false,false,0
2025-11-27T15:57:20.002843-08:00,read,key_987,1.81,false,false,0
2025-11-27T15:57:20.014035-08:00,read,key_308,1.64,true,false,211
2025-11-27T15:57:20.036427-08:00,read,key_603,1.78,true,false,26
2025-11-27T15:57:20.047409-08:00,read,key_706,1.59,false,false,0
2025-11-27T15:57:20.058626-08:00,read,key_615,2.12,false,false,0
2025-11-27T15:57:20.069559-08:00,read,key_763,1.68,true,false,252
2025-11-27T15:57:19.773359-08:00,write,key_376,308.70,true,false,267
2025-11-27T15:57:20.079887-08:00,read,key_131,2.25,false,false,0
2025-11-27T15:57:20.101867-08:00,read,key_215,1.82,false,false,0
2025-11-27T15:57:20.113044-08:00,read,key_817,1.81,true,false,93
2025-11-27T15:57:19.817067-08:00,write,key_226,305.85,true,false,268
2025-11-27T15:57:20.123174-08:00,read,key_52,1.25,false,false,0
2025-11-27T15:57:20.133945-08:00,read,key_173,2.15,false,false,0
2025-11-27T15:57:20.145165-08:00,read,key_503,1.49,true,false,104
2025-11-27T15:57:20.156368-08:00,read,key_683,1.41,true,false,251
2025-11-27T15:57:20.167499-08:00,read,key_300,1.76,true,false,156
2025-11-27T15:57:20.178206-08:00,read,key_174,1.46,true,false,135
2025-11-27T15:57:20.200508-08:00,read,key_323,2.12,false,false,0
2025-11-27T15:57:20.222875-08:00,read,key_358,5.33,false,false,0
2025-11-27T15:57:20.233687-08:00,read,key_181,3.24,false,false,0
2025-11-27T15:57:20.244755-08:00,read,key_604,1.72,false,false,0
2025-11-27T15:57:20.255933-08:00,read,key_263,1.62,true,false,132
2025-11-27T15:57:20.266883-08:00,read,key_336,2.44,true,false,150
2025-11-27T15:57:20.278033-08:00,read,key_508,1.71,false,false,0
2025-11-27T15:57:20.288716-08:00,read,key_2,1.72,false,false,0
2025-11-27T15:57:20.299863-08:00,read,key_14,1.77,true,false,206
2025-11-27T15:57:20.310582-08:00,read,key_74,2.05,false,false,0
2025-11-27T15:57:20.321745-08:00,read,key_741,1.67,false,false,0
2025-11-27T15:57:20.025209-08:00,write,key_716,308.19,true,false,269
2025-11-27T15:57:20.355233-08:00,read,key_72,5.43,false,false,0
2025-11-27T15:57:20.377122-08:00,read,key_500,4.26,false,false,0
2025-11-27T15:57:20.09074-08:00,write,key_436,304.84,true,false,270
2025-11-27T15:57:20.398097-08:00,read,key_103,1.46,true,false,238
2025-11-27T15:57:20.408936-08:00,read,key_780,1.43,false,false,0
2025-11-27T15:57:20.419782-08:00,read,key_222,3.21,true,false,276
2025-11-27T15:57:20.430022-08:00,read,key_380,0.70,false,false,0
2025-11-27T15:57:20.441131-08:00,read,key_337,1.13,false,false,0
2025-11-27T15:57:20.452376-08:00,read,key_11,0.71,false,false,0
2025-11-27T15:57:20.473826-08:00,read,key_364,2.39,false,false,0
2025-11-27T15:57:20.484774-08:00,read,key_384,0.89,true,false,167
2025-11-27T15:57:20.189338-08:00,write,key_829,305.13,true,false,271
2025-11-27T15:57:20.494944-08:00,read,key_223,0.75,true,false,264
2025-11-27T15:57:20.506095-08:00,read,key_162,0.59,false,false,0
2025-11-27T15:57:20.211693-08:00,write,key_587,304.24,true,false,272
2025-11-27T15:57:20.516216-08:00,read,key_74,0.52,false,false,0
2025-11-27T15:57:20.526715-08:00,read,key_915,2.17,false,false,0
2025-11-27T15:57:20.53697-08:00,read,key_755,1.71,true,false,177
2025-11-27T15:57:20.548011-08:00,read,key_395,1.54,false,false,0
2025-11-27T15:57:20.559224-08:00,read,key_554,2.10,false,false,0
2025-11-27T15:57:20.569774-08:00,read,key_591,1.60,false,false,0
2025-11-27T15:57:20.580975-08:00,read,key_156,1.49,false,false,0
2025-11-27T15:57:20.592146-08:00,read,key_373,3.66,true,false,175
2025-11-27T15:57:20.603136-08:00,read,key_125,1.40,false,false,0
2025-11-27T15:57:20.614273-08:00,read,key_57,1.54,false,false,0
2025-11-27T15:57:20.625682-08:00,read,key_423,1.85,false,false,0
2025-11-27T15:57:20.636783-08:00,read,key_423,1.52,false,false,0
2025-11-27T15:57:20.332904-08:00,write,key_940,307.75,true,false,273
2025-11-27T15:57:20.647129-08:00,read,key_286,1.79,false,false,0
2025-11-27T15:57:20.344083-08:00,write,key_751,304.97,true,false,274
2025-11-27T15:57:20.658283-08:00,read,key_985,1.53,false,false,0
2025-11-27T15:57:20.669434-08:00,read,key_758,1.34,false,false,0
2025-11-27T15:57:20.365948-08:00,write,key_890,307.12,true,false,275
2025-11-27T15:57:20.680349-08:00,read,key_817,1.23,true,false,93
2025-11-27T15:57:20.691124-08:00,read,key_273,0.93,false,false,0
2025-11-27T15:57:20.387673-08:00,write,key_222,308.08,true,false,276
2025-11-27T15:57:20.712182-08:00,read,key_769,1.07,false,false,0
2025-11-27T15:57:20.723278-08:00,read,key_383,1.33,true,false,241
2025-11-27T15:57:20.734186-08:00,read,key_406,1.55,true,false,218
2025-11-27T15:57:20.745411-08:00,read,key_381,1.19,false,false,0
2025-11-27T15:57:20.756539-08:00,read,key_337,1.31,false,false,0
2025-11-27T15:57:20.463511-08:00,write,key_36,308.63,true,false,277
2025-11-27T15:57:20.778577-08:00,read,key_742,1.59,false,false,0
2025-11-27T15:57:20.789427-08:00,read,key_10,1.21,true,false,22
2025-11-27T15:57:20.800483-08:00,read,key_403,1.78,false,false,0
2025-11-27T15:57:20.811559-08:00,read,key_694,0.82,false,false,0
2025-11-27T15:57:20.832823-08:00,read,key_526,2.20,false,false,0
2025-11-27T15:57:20.843679-08:00,read,key_960,0.82,true,false,90
2025-11-27T15:57:20.85476-08:00,read,key_822,0.87,false,false,0
2025-11-27T15:57:20.865671-08:00,read,key_303,0.75,false,false,0
2025-11-27T15:57:20.876797-08:00,read,key_453,0.92,false,false,0
2025-11-27T15:57:20.887714-08:00,read,key_51,1.80,true,false,215
2025-11-27T15:57:20.898853-08:00,read,key_618,1.71,false,false,0
2025-11-27T15:57:20.910085-08:00,read,key_938,1.61,false,false,0
2025-11-27T15:57:20.921181-08:00,read,key_879,1.02,false,false,0
2025-11-27T15:57:20.931319-08:00,read,key_2,1.45,false,false,0
2025-11-27T15:57:20.942421-08:00,read,key_944,1.07,false,false,0
2025-11-27T15:57:20.953511-08:00,read,key_694,0.83,false,false,0
2025-11-27T15:57:20.964653-08:00,read,key_325,1.63,true,false,197
2025-11-27T15:57:20.974934-08:00,read,key_11,1.77,false,false,0
2025-11-27T15:57:20.986249-08:00,read,key_637,1.63,false,false,0
2025-11-27T15:57:20.701407-08:00,write,key_300,310.04,true,false,278
2025-11-27T15:57:21.008699-08:00,read,key_635,4.87,false,false,0
2025-11-27T15:57:21.019413-08:00,read,key_610,2.05,true,false,198
2025-11-27T15:57:21.030618-08:00,read,key_405,1.05,false,false,0
2025-11-27T15:57:21.041733-08:00,read,key_566,1.07,true,false,101
2025-11-27T15:57:21.052807-08:00,read,key_214,1.13,true,false,234
2025-11-27T15:57:21.063892-08:00,read,key_554,0.88,false,false,0
2025-11-27T15:57:21.075026-08:00,read,key_238,2.93,false,false,0
2025-11-27T15:57:20.767735-08:00,write,key_696,311.29,true,false,279
2025-11-27T15:57:21.085944-08:00,read,key_11,1.65,false,false,0
2025-11-27T15:57:21.108256-08:00,read,key_897,1.84,false,false,0
2025-11-27T15:57:21.119444-08:00,read,key_785,1.59,false,false,0
2025-11-27T15:57:20.82266-08:00,write,key_380,304.10,true,false,280
2025-11-27T15:57:21.140924-08:00,read,key_745,0.81,false,false,0
2025-11-27T15:57:21.151617-08:00,read,key_915,0.91,false,false,0
2025-11-27T15:57:21.162707-08:00,read,key_381,0.94,false,false,0
2025-11-27T15:57:21.173187-08:00,read,key_531,0.97,false,false,0
2025-11-27T15:57:21.194875-08:00,read,key_835,3.34,false,false,0
2025-11-27T15:57:21.205465-08:00,read,key_514,1.51,false,false,0
2025-11-27T15:57:21.21663-08:00,read,key_812,1.91,false,false,0
2025-11-27T15:57:21.227731-08:00,read,key_69,1.68,false,false,0
2025-11-27T15:57:21.238718-08:00,read,key_257,1.64,false,false,0
2025-11-27T15:57:21.249887-08:00,read,key_684,2.34,true,false,184
2025-11-27T15:57:21.261016-08:00,read,key_136,1.61,false,false,0
2025-11-27T15:57:21.272617-08:00,read,key_128,1.84,false,false,0
2025-11-27T15:57:21.283802-08:00,read,key_894,1.26,false,false,0
2025-11-27T15:57:21.294613-08:00,read,key_635,0.93,false,false,0
2025-11-27T15:57:20.997427-08:00,write,key_419,305.67,true,false,281
2025-11-27T15:57:21.304807-08:00,read,key_237,1.29,true,false,73
2025-11-27T15:57:21.315919-08:00,read,key_797,0.78,true,false,130
2025-11-27T15:57:21.326062-08:00,read,key_590,0.78,false,false,0
2025-11-27T15:57:21.336442-08:00,read,key_989,0.71,false,false,0
2025-11-27T15:57:21.358644-08:00,read,key_806,0.76,false,false,0
2025-11-27T15:57:21.369787-08:00,read,key_322,0.78,false,false,0
2025-11-27T15:57:21.380139-08:00,read,key_609,0.80,false,false,0
2025-11-27T15:57:21.391302-08:00,read,key_490,0.72,false,false,0
2025-11-27T15:57:21.097112-08:00,write,key_920,304.47,true,false,282
2025-11-27T15:57:21.401574-08:00,read,key_224,0.75,false,false,0
2025-11-27T15:57:21.411785-08:00,read,key_635,2.14,false,false,0
2025-11-27T15:57:21.422935-08:00,read,key_221,1.95,false,false,0
2025-11-27T15:57:21.433743-08:00,read,key_20,2.19,false,false,0
2025-11-27T15:57:21.129825-08:00,write,key_809,309.34,true,false,283
2025-11-27T15:57:21.444478-08:00,read,key_927,1.66,false,false,0
2025-11-27T15:57:21.454873-08:00,read,key_17,1.62,false,false,0
2025-11-27T15:57:21.46569-08:00,read,key_217,1.94,false,false,0
2025-11-27T15:57:21.476972-08:00,read,key_891,2.05,true,false,210
2025-11-27T15:57:21.184289-08:00,write,key_689,306.32,true,false,284
2025-11-27T15:57:21.487714-08:00,read,key_293,2.90,true,false,229
2025-11-27T15:57:21.498792-08:00,read,key_570,1.74,false,false,0
2025-11-27T15:57:21.520747-08:00,read,key_471,1.82,false,false,0
2025-11-27T15:57:21.531938-08:00,read,key_256,1.57,false,false,0
2025-11-27T15:57:21.54264-08:00,read,key_791,1.95,false,false,0
2025-11-27T15:57:21.553842-08:00,read,key_240,1.63,false,false,0
2025-11-27T15:57:21.564824-08:00,read,key_553,1.59,false,false,0
2025-11-27T15:57:21.575285-08:00,read,key_403,2.26,false,false,0
2025-11-27T15:57:21.586392-08:00,read,key_562,1.75,true,false,172
2025-11-27T15:57:21.597667-08:00,read,key_240,1.32,false,false,0
2025-11-27T15:57:21.608731-08:00,read,key_134,1.85,true,false,162
2025-11-27T15:57:21.61982-08:00,read,key_0,0.86,true,false,226
2025-11-27T15:57:21.63092-08:00,read,key_712,0.88,true,false,55
2025-11-27T15:57:21.64211-08:00,read,key_564,1.50,false,false,0
2025-11-27T15:57:21.347666-08:00,write,key_911,306.49,true,false,285
2025-11-27T15:57:21.663355-08:00,read,key_367,1.68,true,false,193
2025-11-27T15:57:21.674522-08:00,read,key_299,2.10,false,false,0
2025-11-27T15:57:21.684734-08:00,read,key_689,2.03,true,false,284
2025-11-27T15:57:21.695909-08:00,read,key_696,1.67,true,false,279
2025-11-27T15:57:21.706492-08:00,read,key_296,1.97,true,false,152
2025-11-27T15:57:21.716927-08:00,read,key_226,2.21,true,false,268
2025-11-27T15:57:21.728153-08:00,read,key_592,1.76,false,false,0
2025-11-27T15:57:21.739265-08:00,read,key_651,1.69,false,false,0
2025-11-27T15:57:21.750412-08:00,read,key_411,2.10,false,false,0
2025-11-27T15:57:21.771657-08:00,read,key_986,2.15,false,false,0
2025-11-27T15:57:21.782803-08:00,read,key_363,1.67,false,false,0
2025-11-27T15:57:21.793982-08:00,read,key_433,1.97,false,false,0
2025-11-27T15:57:21.805192-08:00,read,key_167,1.51,false,false,0
2025-11-27T15:57:21.509621-08:00,write,key_733,306.30,true,false,286
2025-11-27T15:57:21.815594-08:00,read,key_361,1.25,false,false,0
2025-11-27T15:57:21.837671-08:00,read,key_842,1.29,false,false,0
2025-11-27T15:57:21.848778-08:00,read,key_204,1.74,false,false,0
2025-11-27T15:57:21.859027-08:00,read,key_280,2.04,false,false,0
2025-11-27T15:57:21.870149-08:00,read,key_200,1.22,false,false,0
2025-11-27T15:57:21.881244-08:00,read,key_311,0.89,false,false,0
2025-11-27T15:57:21.891878-08:00,read,key_259,2.44,false,false,0
2025-11-27T15:57:21.90297-08:00,read,key_611,1.63,false,false,0
2025-11-27T15:57:21.914081-08:00,read,key_502,0.95,true,false,114
2025-11-27T15:57:21.925209-08:00,read,key_891,2.35,true,false,210
2025-11-27T15:57:21.946556-08:00,read,key_665,4.55,false,false,0
2025-11-27T15:57:21.957409-08:00,read,key_438,3.84,false,false,0
2025-11-27T15:57:21.652781-08:00,write,key_6,309.53,true,false,287
2025-11-27T15:57:21.967854-08:00,read,key_17,1.98,false,false,0
2025-11-27T15:57:21.978994-08:00,read,key_243,1.57,false,false,0
2025-11-27T15:57:21.989911-08:00,read,key_475,1.35,false,false,0
2025-11-27T15:57:22.001057-08:00,read,key_354,2.15,false,false,0
2025-11-27T15:57:22.012195-08:00,read,key_822,1.91,false,false,0
2025-11-27T15:57:22.023332-08:00,read,key_419,1.78,true,false,281
2025-11-27T15:57:22.033576-08:00,read,key_217,1.80,false,false,0
2025-11-27T15:57:22.044727-08:00,read,key_117,1.26,false,false,0
2025-11-27T15:57:21.760829-08:00,write,key_934,306.12,true,false,288
2025-11-27T15:57:22.066762-08:00,read,key_669,1.61,false,false,0
2025-11-27T15:57:22.077976-08:00,read,key_162,1.66,false,false,0
2025-11-27T15:57:22.08823-08:00,read,key_16,1.65,false,false,0
2025-11-27T15:57:22.110569-08:00,read,key_10,1.53,true,false,22
2025-11-27T15:57:22.121695-08:00,read,key_125,1.15,false,false,0
2025-11-27T15:57:21.826733-08:00,write,key_379,307.43,true,false,289
2025-11-27T15:57:22.132824-08:00,read,key_601,2.81,true,false,87
2025-11-27T15:57:22.143683-08:00,read,key_126,2.03,true,false,8
2025-11-27T15:57:22.154848-08:00,read,key_974,1.60,false,false,0
2025-11-27T15:57:22.165988-08:00,read,key_291,1.52,false,false,0
2025-11-27T15:57:22.187599-08:00,read,key_500,1.69,false,false,0
2025-11-27T15:57:22.198702-08:00,read,key_297,0.85,false,false,0
2025-11-27T15:57:22.20987-08:00,read,key_691,1.37,false,false,0
2025-11-27T15:57:22.220219-08:00,read,key_929,0.85,false,false,0
2025-11-27T15:57:22.231364-08:00,read,key_989,1.64,false,false,0
2025-11-27T15:57:21.936383-08:00,write,key_496,307.05,true,false,290
2025-11-27T15:57:22.241779-08:00,read,key_297,1.68,false,false,0
2025-11-27T15:57:22.252896-08:00,read,key_56,0.95,false,false,0
2025-11-27T15:57:22.274964-08:00,read,key_641,1.23,false,false,0
2025-11-27T15:57:22.285304-08:00,read,key_614,1.64,false,false,0
2025-11-27T15:57:22.296483-08:00,read,key_408,2.05,false,false,0
2025-11-27T15:57:22.307617-08:00,read,key_160,3.12,false,false,0
2025-11-27T15:57:22.318334-08:00,read,key_83,3.26,false,false,0
2025-11-27T15:57:22.329063-08:00,read,key_611,1.35,false,false,0
2025-11-27T15:57:22.351106-08:00,read,key_169,4.46,false,false,0
2025-11-27T15:57:22.361922-08:00,read,key_956,1.52,false,false,0
2025-11-27T15:57:22.055871-08:00,write,key_137,308.94,true,false,291
2025-11-27T15:57:22.372985-08:00,read,key_871,1.51,false,false,0
2025-11-27T15:57:22.384152-08:00,read,key_981,1.78,false,false,0
2025-11-27T15:57:22.395316-08:00,read,key_7,1.41,false,false,0
2025-11-27T15:57:22.099357-08:00,write,key_761,308.40,true,false,292
2025-11-27T15:57:22.406425-08:00,read,key_471,1.35,false,false,0
2025-11-27T15:57:22.416883-08:00,read,key_139,1.47,true,false,247
2025-11-27T15:57:22.428062-08:00,read,key_505,1.35,false,false,0
2025-11-27T15:57:22.439168-08:00,read,key_6,1.31,true,false,287
2025-11-27T15:57:22.449413-08:00,read,key_877,2.07,true,false,243
2025-11-27T15:57:22.460652-08:00,read,key_704,0.83,true,false,187
2025-11-27T15:57:22.471902-08:00,read,key_93,1.37,false,false,0
2025-11-27T15:57:22.176461-08:00,write,key_793,306.27,true,false,293
2025-11-27T15:57:22.482795-08:00,read,key_367,1.68,true,false,193
2025-11-27T15:57:22.493941-08:00,read,key_760,2.04,false,false,0
2025-11-27T15:57:22.505086-08:00,read,key_899,1.47,false,false,0
2025-11-27T15:57:22.516238-08:00,read,key_172,1.74,false,false,0
2025-11-27T15:57:22.538509-08:00,read,key_847,1.70,false,false,0
2025-11-27T15:57:22.54966-08:00,read,key_696,1.91,true,false,279
2025-11-27T15:57:22.560581-08:00,read,key_117,1.96,false,false,0
2025-11-27T15:57:22.26399-08:00,write,key_783,309.05,true,false,294
2025-11-27T15:57:22.571524-08:00,read,key_900,2.11,true,false,259
2025-11-27T15:57:22.582654-08:00,read,key_470,1.86,true,false,128
2025-11-27T15:57:22.593057-08:00,read,key_760,2.47,false,false,0
2025-11-27T15:57:22.604518-08:00,read,key_659,1.84,false,false,0
2025-11-27T15:57:22.614611-08:00,read,key_739,0.99,false,false,0
2025-11-27T15:57:22.625244-08:00,read,key_116,2.40,false,false,0
2025-11-27T15:57:22.636432-08:00,read,key_355,1.90,true,false,254
2025-11-27T15:57:22.339962-08:00,write,key_537,309.25,true,false,295
2025-11-27T15:57:22.647486-08:00,read,key_131,1.96,false,false,0
2025-11-27T15:57:22.658653-08:00,read,key_555,2.65,false,false,0
2025-11-27T15:57:22.669719-08:00,read,key_805,1.29,false,false,0
2025-11-27T15:57:22.691897-08:00,read,key_499,1.35,false,false,0
2025-11-27T15:57:22.702983-08:00,read,key_293,1.10,true,false,229
2025-11-27T15:57:22.714135-08:00,read,key_460,1.39,false,false,0
2025-11-27T15:57:22.725244-08:00,read,key_827,1.78,false,false,0
2025-11-27T15:57:22.735941-08:00,read,key_2,1.57,false,false,0
2025-11-27T15:57:22.758299-08:00,read,key_305,5.73,false,false,0
2025-11-27T15:57:22.769005-08:00,read,key_950,1.21,true,false,194
2025-11-27T15:57:22.780008-08:00,read,key_903,1.63,true,false,38
2025-11-27T15:57:22.791148-08:00,read,key_508,1.48,false,false,0
2025-11-27T15:57:22.801348-08:00,read,key_843,2.21,false,false,0
2025-11-27T15:57:22.812051-08:00,read,key_309,1.53,false,false,0
2025-11-27T15:57:22.823202-08:00,read,key_739,1.38,false,false,0
2025-11-27T15:57:22.527397-08:00,write,key_753,309.01,true,false,296
2025-11-27T15:57:22.833851-08:00,read,key_400,2.59,false,false,0
2025-11-27T15:57:22.844882-08:00,read,key_10,1.40,true,false,22
2025-11-27T15:57:22.856014-08:00,read,key_556,1.41,false,false,0
2025-11-27T15:57:22.867181-08:00,read,key_557,2.57,false,false,0
2025-11-27T15:57:22.878233-08:00,read,key_187,0.95,false,false,0
2025-11-27T15:57:22.889023-08:00,read,key_610,0.94,true,false,198
2025-11-27T15:57:22.900166-08:00,read,key_961,1.89,false,false,0
2025-11-27T15:57:22.921591-08:00,read,key_862,1.72,false,false,0
2025-11-27T15:57:22.932698-08:00,read,key_956,1.37,false,false,0
2025-11-27T15:57:22.94387-08:00,read,key_134,1.39,true,false,162
2025-11-27T15:57:22.955039-08:00,read,key_887,1.76,false,false,0
2025-11-27T15:57:22.966192-08:00,read,key_232,1.95,false,false,0
2025-11-27T15:57:22.977344-08:00,read,key_827,1.85,false,false,0
2025-11-27T15:57:22.680884-08:00,write,key_168,308.86,true,false,297
2025-11-27T15:57:22.987987-08:00,read,key_14,2.20,true,false,206
2025-11-27T15:57:22.999065-08:00,read,key_460,1.78,false,false,0
2025-11-27T15:57:23.019855-08:00,read,key_232,1.53,false,false,0
2025-11-27T15:57:23.031006-08:00,read,key_192,1.51,false,false,0
2025-11-27T15:57:23.042222-08:00,read,key_125,2.13,false,false,0
2025-11-27T15:57:23.053403-08:00,read,key_25,1.52,false,false,0
2025-11-27T15:57:22.747145-08:00,write,key_62,307.91,true,false,298
2025-11-27T15:57:23.063848-08:00,read,key_663,1.64,false,false,0
2025-11-27T15:57:23.074857-08:00,read,key_688,1.02,false,false,0
2025-11-27T15:57:23.085963-08:00,read,key_899,0.95,false,false,0
2025-11-27T15:57:23.097475-08:00,read,key_731,2.32,false,false,0
2025-11-27T15:57:23.108493-08:00,read,key_565,2.27,true,false,250
2025-11-27T15:57:23.119663-08:00,read,key_915,1.64,false,false,0
2025-11-27T15:57:23.130644-08:00,read,key_73,1.63,false,false,0
2025-11-27T15:57:23.141871-08:00,read,key_501,1.99,false,false,0
2025-11-27T15:57:23.164163-08:00,read,key_974,1.71,false,false,0
2025-11-27T15:57:23.175256-08:00,read,key_156,2.14,false,false,0
2025-11-27T15:57:23.186392-08:00,read,key_783,1.71,true,false,294
2025-11-27T15:57:23.196645-08:00,read,key_574,1.53,false,false,0
2025-11-27T15:57:23.206874-08:00,read,key_680,2.57,false,false,0
2025-11-27T15:57:22.911247-08:00,write,key_910,303.95,true,false,299
2025-11-27T15:57:23.217283-08:00,read,key_922,1.78,false,false,0
2025-11-27T15:57:23.228487-08:00,read,key_352,1.82,false,false,0
2025-11-27T15:57:23.239641-08:00,read,key_919,1.71,false,false,0
2025-11-27T15:57:23.250304-08:00,read,key_576,1.97,false,false,0
2025-11-27T15:57:23.261434-08:00,read,key_359,1.48,false,false,0
2025-11-27T15:57:23.272654-08:00,read,key_357,1.92,true,false,115
2025-11-27T15:57:23.28354-08:00,read,key_554,2.32,false,false,0
2025-11-27T15:57:23.294742-08:00,read,key_550,1.81,false,false,0
2025-11-27T15:57:23.305112-08:00,read,key_631,1.70,false,false,0
2025-11-27T15:57:23.009486-08:00,write,key_217,307.06,true,false,300
2025-11-27T15:57:23.315411-08:00,read,key_269,1.53,false,false,0
2025-11-27T15:57:23.326288-08:00,read,key_470,2.37,true,false,128
2025-11-27T15:57:23.347977-08:00,read,key_173,0.94,false,false,0
2025-11-27T15:57:23.359509-08:00,read,key_313,1.04,true,false,148
2025-11-27T15:57:23.370098-08:00,read,key_601,1.56,true,false,87
2025-11-27T15:57:23.392376-08:00,read,key_617,4.94,false,false,0
2025-11-27T15:57:23.403207-08:00,read,key_559,1.58,false,false,0
2025-11-27T15:57:23.414408-08:00,read,key_42,1.66,false,false,0
2025-11-27T15:57:23.425137-08:00,read,key_240,2.36,false,false,0
2025-11-27T15:57:23.435465-08:00,read,key_110,1.70,false,false,0
2025-11-27T15:57:23.446535-08:00,read,key_425,1.89,true,false,207
2025-11-27T15:57:23.152998-08:00,write,key_106,309.24,true,false,301
2025-11-27T15:57:23.467143-08:00,read,key_358,1.09,false,false,0
2025-11-27T15:57:23.488915-08:00,read,key_799,3.60,false,false,0
2025-11-27T15:57:23.499883-08:00,read,key_220,1.57,false,false,0
2025-11-27T15:57:23.521527-08:00,read,key_387,3.83,true,false,219
2025-11-27T15:57:23.532076-08:00,read,key_318,1.78,true,false,106
2025-11-27T15:57:23.543241-08:00,read,key_937,1.76,false,false,0
2025-11-27T15:57:23.553992-08:00,read,key_202,1.29,false,false,0
2025-11-27T15:57:23.56492-08:00,read,key_291,1.55,true,false,305
2025-11-27T15:57:23.575562-08:00,read,key_170,2.10,false,false,0
2025-11-27T15:57:23.586152-08:00,read,key_303,5.04,false,false,0
2025-11-27T15:57:23.59789-08:00,read,key_381,1.79,false,false,0
2025-11-27T15:57:23.609236-08:00,read,key_944,2.40,false,false,0
2025-11-27T15:57:23.6309-08:00,read,key_480,4.88,false,false,0
2025-11-27T15:57:23.641302-08:00,read,key_615,1.82,false,false,0
2025-11-27T15:57:23.33747-08:00,write,key_660,308.58,true,false,302
2025-11-27T15:57:23.652145-08:00,read,key_618,1.65,false,false,0
2025-11-27T15:57:23.662544-08:00,read,key_90,1.03,false,false,0
2025-11-27T15:57:23.684812-08:00,read,key_351,1.77,false,false,0
2025-11-27T15:57:23.381258-08:00,write,key_24,309.80,true,false,303
2025-11-27T15:57:23.695106-08:00,read,key_903,1.31,true,false,38
2025-11-27T15:57:23.706243-08:00,read,key_687,0.92,true,false,25
2025-11-27T15:57:23.716821-08:00,read,key_186,0.98,false,false,0
2025-11-27T15:57:23.727565-08:00,read,key_593,0.86,false,false,0
2025-11-27T15:57:23.73816-08:00,read,key_500,0.92,false,false,0
2025-11-27T15:57:23.749281-08:00,read,key_793,0.79,true,false,293
2025-11-27T15:57:23.760373-08:00,read,key_376,0.85,true,false,267
2025-11-27T15:57:23.456667-08:00,write,key_835,307.20,true,false,304
2025-11-27T15:57:23.771209-08:00,read,key_172,0.96,false,false,0
2025-11-27T15:57:23.78181-08:00,read,key_106,1.29,true,false,301
2025-11-27T15:57:23.478276-08:00,write,key_291,304.92,true,false,305
2025-11-27T15:57:23.792579-08:00,read,key_917,1.57,false,false,0
2025-11-27T15:57:23.51108-08:00,write,key_457,305.82,true,false,306
2025-11-27T15:57:23.824635-08:00,read,key_88,1.97,true,false,91
2025-11-27T15:57:23.834831-08:00,read,key_909,1.98,false,false,0
2025-11-27T15:57:23.845741-08:00,read,key_835,1.76,true,false,304
2025-11-27T15:57:23.85645-08:00,read,key_352,1.69,false,false,0
2025-11-27T15:57:23.867546-08:00,read,key_703,1.22,false,false,0
2025-11-27T15:57:23.878677-08:00,read,key_264,0.95,false,false,0
2025-11-27T15:57:23.889803-08:00,read,key_386,0.86,false,false,0
2025-11-27T15:57:23.900946-08:00,read,key_631,1.54,false,false,0
2025-11-27T15:57:23.911354-08:00,read,key_910,1.71,true,false,299
2025-11-27T15:57:23.922494-08:00,read,key_592,1.89,false,false,0
2025-11-27T15:57:23.620293-08:00,write,key_164,305.36,true,false,307
2025-11-27T15:57:23.934041-08:00,read,key_224,2.51,false,false,0
2025-11-27T15:57:23.945119-08:00,read,key_596,1.64,false,false,0
2025-11-27T15:57:23.956258-08:00,read,key_526,1.57,false,false,0
2025-11-27T15:57:23.966999-08:00,read,key_13,2.04,false,false,0
2025-11-27T15:57:23.673664-08:00,write,key_124,305.80,true,false,308
2025-11-27T15:57:23.978225-08:00,read,key_936,1.35,true,false,59
2025-11-27T15:57:23.989383-08:00,read,key_816,1.72,true,false,39
2025-11-27T15:57:24.000574-08:00,read,key_12,2.32,false,false,0
2025-11-27T15:57:24.011676-08:00,read,key_281,1.73,false,false,0
2025-11-27T15:57:24.022246-08:00,read,key_682,1.64,true,false,53
2025-11-27T15:57:24.033493-08:00,read,key_434,2.02,true,false,103
2025-11-27T15:57:24.055383-08:00,read,key_936,1.69,true,false,59
2025-11-27T15:57:24.066567-08:00,read,key_298,2.02,false,false,0
2025-11-27T15:57:24.077744-08:00,read,key_940,2.05,true,false,273
2025-11-27T15:57:24.088256-08:00,read,key_613,1.71,false,false,0
2025-11-27T15:57:23.803755-08:00,write,key_245,309.87,true,false,309
2025-11-27T15:57:24.110578-08:00,read,key_814,3.09,false,false,0
2025-11-27T15:57:23.814265-08:00,write,key_475,304.75,true,false,310
2025-11-27T15:57:24.121016-08:00,read,key_843,1.47,false,false,0
2025-11-27T15:57:24.131419-08:00,read,key_632,0.88,false,false,0
2025-11-27T15:57:24.141841-08:00,read,key_648,1.17,true,false,83
2025-11-27T15:57:24.152355-08:00,read,key_983,1.39,false,false,0
2025-11-27T15:57:24.163132-08:00,read,key_803,1.00,true,false,260
2025-11-27T15:57:24.174257-08:00,read,key_159,1.51,false,false,0
2025-11-27T15:57:24.184786-08:00,read,key_221,1.88,false,false,0
2025-11-27T15:57:24.195397-08:00,read,key_17,1.34,false,false,0
2025-11-27T15:57:24.206445-08:00,read,key_212,1.54,false,false,0
2025-11-27T15:57:24.228877-08:00,read,key_161,1.81,false,false,0
2025-11-27T15:57:24.240063-08:00,read,key_247,2.10,false,false,0
2025-11-27T15:57:24.251324-08:00,read,key_265,2.28,true,false,262
2025-11-27T15:57:24.262466-08:00,read,key_227,2.23,false,false,0
2025-11-27T15:57:24.273656-08:00,read,key_873,2.25,false,false,0
2025-11-27T15:57:24.284487-08:00,read,key_567,2.26,false,false,0
2025-11-27T15:57:24.295629-08:00,read,key_295,1.75,false,false,0
2025-11-27T15:57:24.317109-08:00,read,key_662,3.76,false,false,0
2025-11-27T15:57:24.328084-08:00,read,key_972,1.67,true,false,40
2025-11-27T15:57:24.339198-08:00,read,key_230,1.21,false,false,0
2025-11-27T15:57:24.350268-08:00,read,key_662,2.63,false,false,0
2025-11-27T15:57:24.044726-08:00,write,key_240,308.34,true,false,311
2025-11-27T15:57:24.361338-08:00,read,key_578,1.55,true,false,153
2025-11-27T15:57:24.372478-08:00,read,key_807,1.32,false,false,0
2025-11-27T15:57:24.382874-08:00,read,key_348,1.42,true,false,99
2025-11-27T15:57:24.393283-08:00,read,key_836,2.10,false,false,0
2025-11-27T15:57:24.403829-08:00,read,key_409,1.78,false,false,0
2025-11-27T15:57:24.09943-08:00,write,key_103,307.30,true,false,312
2025-11-27T15:57:24.414611-08:00,read,key_488,0.75,false,false,0
2025-11-27T15:57:24.425362-08:00,read,key_836,0.87,false,false,0
2025-11-27T15:57:24.436484-08:00,read,key_662,0.83,false,false,0
2025-11-27T15:57:24.447589-08:00,read,key_408,0.92,false,false,0
2025-11-27T15:57:24.458558-08:00,read,key_592,1.06,false,false,0
2025-11-27T15:57:24.469686-08:00,read,key_838,1.24,false,false,0
2025-11-27T15:57:24.479881-08:00,read,key_754,1.64,false,false,0
2025-11-27T15:57:24.489988-08:00,read,key_890,0.98,true,false,275
2025-11-27T15:57:24.501175-08:00,read,key_430,1.58,true,false,236
2025-11-27T15:57:24.51174-08:00,read,key_705,0.93,false,false,0
2025-11-27T15:57:24.217731-08:00,write,key_302,305.88,true,false,313
2025-11-27T15:57:24.533363-08:00,read,key_210,2.69,true,false,204
2025-11-27T15:57:24.54448-08:00,read,key_497,1.72,false,false,0
2025-11-27T15:57:24.554904-08:00,read,key_456,1.52,false,false,0
2025-11-27T15:57:24.57705-08:00,read,key_32,1.87,false,false,0
2025-11-27T15:57:24.588247-08:00,read,key_274,1.69,false,false,0
2025-11-27T15:57:24.599394-08:00,read,key_755,0.89,true,false,177
2025-11-27T15:57:24.305936-08:00,write,key_789,306.28,true,false,314
2025-11-27T15:57:24.61055-08:00,read,key_550,2.07,false,false,0
2025-11-27T15:57:24.621691-08:00,read,key_568,1.71,true,false,100
2025-11-27T15:57:24.632261-08:00,read,key_751,0.86,true,false,274
2025-11-27T15:57:24.642376-08:00,read,key_978,1.86,false,false,0
2025-11-27T15:57:24.653562-08:00,read,key_14,1.59,true,false,206
2025-11-27T15:57:24.664705-08:00,read,key_6,1.68,true,false,287
2025-11-27T15:57:24.675146-08:00,read,key_132,1.19,false,false,0
2025-11-27T15:57:24.685976-08:00,read,key_358,1.46,false,false,0
2025-11-27T15:57:24.696544-08:00,read,key_711,1.76,false,false,0
2025-11-27T15:57:24.706917-08:00,read,key_58,1.45,true,false,57
2025-11-27T15:57:24.717829-08:00,read,key_906,1.74,false,false,0
2025-11-27T15:57:24.728978-08:00,read,key_133,1.68,false,false,0
2025-11-27T15:57:24.740134-08:00,read,key_88,1.71,true,false,91
2025-11-27T15:57:24.751416-08:00,read,key_870,2.07,false,false,0
2025-11-27T15:57:24.76253-08:00,read,key_436,1.42,true,false,270
2025-11-27T15:57:24.773266-08:00,read,key_653,1.55,false,false,0
2025-11-27T15:57:24.784426-08:00,read,key_689,2.05,true,false,284
2025-11-27T15:57:24.795552-08:00,read,key_939,1.28,false,false,0
2025-11-27T15:57:24.806541-08:00,read,key_912,1.67,false,false,0
2025-11-27T15:57:24.81777-08:00,read,key_407,2.16,false,false,0
2025-11-27T15:57:24.828911-08:00,read,key_50,1.58,false,false,0
2025-11-27T15:57:24.522855-08:00,write,key_917,307.85,true,false,315
2025-11-27T15:57:24.840084-08:00,read,key_520,1.55,false,false,0
2025-11-27T15:57:24.862382-08:00,read,key_417,1.61,false,false,0
2025-11-27T15:57:24.566036-08:00,write,key_927,307.43,true,false,316
2025-11-27T15:57:24.872881-08:00,read,key_422,0.78,true,false,149
2025-11-27T15:57:24.883575-08:00,read,key_922,2.32,false,false,0
2025-11-27T15:57:24.894672-08:00,read,key_559,1.01,false,false,0
2025-11-27T15:57:24.928415-08:00,read,key_494,4.64,true,false,139
2025-11-27T15:57:24.939311-08:00,read,key_309,1.73,false,false,0
2025-11-27T15:57:24.95049-08:00,read,key_685,2.15,true,false,66
2025-11-27T15:57:24.961682-08:00,read,key_553,1.80,false,false,0
2025-11-27T15:57:24.972848-08:00,read,key_176,1.85,false,false,0
2025-11-27T15:57:24.984046-08:00,read,key_298,2.03,false,false,0
2025-11-27T15:57:24.995212-08:00,read,key_606,1.72,false,false,0
2025-11-27T15:57:25.017576-08:00,read,key_553,4.51,false,false,0
2025-11-27T15:57:25.028004-08:00,read,key_211,1.52,false,false,0
2025-11-27T15:57:25.039092-08:00,read,key_435,0.81,true,false,19
2025-11-27T15:57:25.050335-08:00,read,key_18,2.31,false,false,0
2025-11-27T15:57:25.071827-08:00,read,key_925,5.01,false,false,0
2025-11-27T15:57:25.093914-08:00,read,key_138,6.07,false,false,0
2025-11-27T15:57:25.104401-08:00,read,key_983,1.59,false,false,0
2025-11-27T15:57:25.114953-08:00,read,key_260,1.73,true,false,160
2025-11-27T15:57:25.126148-08:00,read,key_139,1.70,true,false,247
2025-11-27T15:57:25.136612-08:00,read,key_347,1.19,false,false,0
2025-11-27T15:57:25.147856-08:00,read,key_407,1.77,false,false,0
2025-11-27T15:57:24.851207-08:00,write,key_100,305.84,true,false,317
2025-11-27T15:57:25.158754-08:00,read,key_352,3.27,false,false,0
2025-11-27T15:57:25.169466-08:00,read,key_37,1.87,true,false,202
2025-11-27T15:57:25.179919-08:00,read,key_152,1.82,false,false,0
2025-11-27T15:57:25.191061-08:00,read,key_983,1.49,false,false,0
2025-11-27T15:57:25.201487-08:00,read,key_562,1.97,true,false,172
2025-11-27T15:57:24.905882-08:00,write,key_988,306.00,true,false,318
2025-11-27T15:57:25.211827-08:00,read,key_769,1.37,false,false,0
2025-11-27T15:57:24.91729-08:00,write,key_179,306.61,true,false,319
2025-11-27T15:57:25.222731-08:00,read,key_262,1.46,true,false,176
2025-11-27T15:57:25.245042-08:00,read,key_456,1.86,false,false,0
2025-11-27T15:57:25.256161-08:00,read,key_497,1.65,false,false,0
2025-11-27T15:57:25.26658-08:00,read,key_122,2.48,false,false,0
2025-11-27T15:57:25.27772-08:00,read,key_87,1.72,true,false,94
2025-11-27T15:57:25.300057-08:00,read,key_647,5.45,false,false,0
2025-11-27T15:57:25.006367-08:00,write,key_297,306.19,true,false,320
2025-11-27T15:57:25.321901-08:00,read,key_65,1.64,false,false,0
2025-11-27T15:57:25.33307-08:00,read,key_118,2.17,false,false,0
2025-11-27T15:57:25.344594-08:00,read,key_410,2.77,true,false,231
2025-11-27T15:57:25.355579-08:00,read,key_196,1.72,true,false,69
2025-11-27T15:57:25.061448-08:00,write,key_956,305.66,true,false,321
2025-11-27T15:57:25.366572-08:00,read,key_937,2.73,false,false,0
2025-11-27T15:57:25.377614-08:00,read,key_848,1.71,false,false,0
2025-11-27T15:57:25.082592-08:00,write,key_239,308.30,true,false,322
2025-11-27T15:57:25.388846-08:00,read,key_425,2.55,true,false,207
2025-11-27T15:57:25.411159-08:00,read,key_909,1.86,false,false,0
2025-11-27T15:57:25.421898-08:00,read,key_925,1.72,false,false,0
2025-11-27T15:57:25.433065-08:00,read,key_491,2.64,true,false,213
2025-11-27T15:57:25.444255-08:00,read,key_899,1.60,false,false,0
2025-11-27T15:57:25.466169-08:00,read,key_666,5.11,false,false,0
2025-11-27T15:57:25.476911-08:00,read,key_919,1.14,false,false,0
2025-11-27T15:57:25.488034-08:00,read,key_7,1.30,false,false,0
2025-11-27T15:57:25.499179-08:00,read,key_657,1.75,false,false,0
2025-11-27T15:57:25.510386-08:00,read,key_7,1.32,false,false,0
2025-11-27T15:57:25.521512-08:00,read,key_601,1.19,true,false,87
2025-11-27T15:57:25.532627-08:00,read,key_227,1.33,false,false,0
2025-11-27T15:57:25.233883-08:00,write,key_956,309.53,true,false,323
2025-11-27T15:57:25.543474-08:00,read,key_612,0.90,false,false,0
2025-11-27T15:57:25.564782-08:00,read,key_7,1.65,false,false,0
2025-11-27T15:57:25.575183-08:00,read,key_615,0.93,false,false,0
2025-11-27T15:57:25.586407-08:00,read,key_113,1.57,false,false,0
2025-11-27T15:57:25.288916-08:00,write,key_905,307.11,true,false,324
2025-11-27T15:57:25.596729-08:00,read,key_109,0.73,false,false,0
2025-11-27T15:57:25.607843-08:00,read,key_9,0.86,false,false,0
2025-11-27T15:57:25.310718-08:00,write,key_303,307.73,true,false,325
2025-11-27T15:57:25.618485-08:00,read,key_15,0.72,false,false,0
2025-11-27T15:57:25.628893-08:00,read,key_0,0.99,true,false,226
2025-11-27T15:57:25.63999-08:00,read,key_665,0.92,false,false,0
2025-11-27T15:57:25.650146-08:00,read,key_407,1.16,false,false,0
2025-11-27T15:57:25.661251-08:00,read,key_571,0.90,false,false,0
2025-11-27T15:57:25.671525-08:00,read,key_839,1.62,false,false,0
2025-11-27T15:57:25.68267-08:00,read,key_359,1.66,false,false,0
2025-11-27T15:57:25.70429-08:00,read,key_66,2.12,false,false,0
2025-11-27T15:57:25.399907-08:00,write,key_749,309.02,true,false,326
2025-11-27T15:57:25.715099-08:00,read,key_297,0.88,true,false,320
2025-11-27T15:57:25.726194-08:00,read,key_9,0.90,false,false,0
2025-11-27T15:57:25.736698-08:00,read,key_793,0.84,true,false,293
2025-11-27T15:57:25.748054-08:00,read,key_657,2.23,false,false,0
2025-11-27T15:57:25.758937-08:00,read,key_248,2.63,false,false,0
2025-11-27T15:57:25.454969-08:00,write,key_914,306.68,true,false,327
2025-11-27T15:57:25.770043-08:00,read,key_709,1.56,false,false,0
2025-11-27T15:57:25.781217-08:00,read,key_838,1.84,false,false,0
2025-11-27T15:57:25.792404-08:00,read,key_100,2.23,true,false,317
2025-11-27T15:57:25.803517-08:00,read,key_760,2.04,false,false,0
2025-11-27T15:57:25.81469-08:00,read,key_115,1.81,false,false,0
2025-11-27T15:57:25.82596-08:00,read,key_435,2.43,true,false,19
2025-11-27T15:57:25.837088-08:00,read,key_340,2.04,true,false,86
2025-11-27T15:57:25.848131-08:00,read,key_39,1.91,false,false,0
2025-11-27T15:57:25.858812-08:00,read,key_658,2.92,false,false,0
2025-11-27T15:57:25.554592-08:00,write,key_84,307.28,true,false,328
2025-11-27T15:57:25.86982-08:00,read,key_749,1.60,true,false,326
2025-11-27T15:57:25.880621-08:00,read,key_804,1.97,true,false,48
2025-11-27T15:57:25.891835-08:00,read,key_480,1.80,false,false,0
2025-11-27T15:57:25.902677-08:00,read,key_131,1.73,false,false,0
2025-11-27T15:57:25.913735-08:00,read,key_159,0.74,false,false,0
2025-11-27T15:57:25.924852-08:00,read,key_787,1.79,false,false,0
2025-11-27T15:57:25.936097-08:00,read,key_132,1.79,false,false,0
2025-11-27T15:57:25.958532-08:00,read,key_240,2.50,true,false,311
2025-11-27T15:57:25.969625-08:00,read,key_100,1.52,true,false,317
2025-11-27T15:57:25.980809-08:00,read,key_399,1.79,false,false,0
2025-11-27T15:57:25.991992-08:00,read,key_366,1.75,false,false,0
2025-11-27T15:57:25.693076-08:00,write,key_263,308.45,true,false,329
2025-11-27T15:57:26.002154-08:00,read,key_436,1.67,true,false,270
2025-11-27T15:57:26.013375-08:00,read,key_94,1.92,false,false,0
2025-11-27T15:57:26.04658-08:00,read,key_73,4.82,false,false,0
2025-11-27T15:57:26.057328-08:00,read,key_660,0.80,true,false,302
2025-11-27T15:57:26.068883-08:00,read,key_265,1.57,true,false,262
2025-11-27T15:57:26.080299-08:00,read,key_572,2.50,true,false,12
2025-11-27T15:57:26.092261-08:00,read,key_937,4.20,false,false,0
2025-11-27T15:57:26.1032-08:00,read,key_273,1.88,false,false,0
2025-11-27T15:57:26.113979-08:00,read,key_274,0.81,false,false,0
2025-11-27T15:57:26.125103-08:00,read,key_225,3.01,true,false,119
2025-11-27T15:57:26.136203-08:00,read,key_942,1.69,false,false,0
2025-11-27T15:57:26.157234-08:00,read,key_257,5.69,false,false,0
2025-11-27T15:57:26.16794-08:00,read,key_242,1.83,false,false,0
2025-11-27T15:57:26.179106-08:00,read,key_961,1.79,false,false,0
2025-11-27T15:57:26.201457-08:00,read,key_930,3.04,false,false,0
2025-11-27T15:57:26.223211-08:00,read,key_878,4.41,false,false,0
2025-11-27T15:57:26.234057-08:00,read,key_144,1.61,true,false,92
2025-11-27T15:57:26.245202-08:00,read,key_241,1.09,false,false,0
2025-11-27T15:57:25.947329-08:00,write,key_642,306.21,true,false,330
2025-11-27T15:57:26.25554-08:00,read,key_92,1.00,false,false,0
2025-11-27T15:57:26.266681-08:00,read,key_132,1.46,false,false,0
2025-11-27T15:57:26.277795-08:00,read,key_985,1.14,false,false,0
2025-11-27T15:57:26.288977-08:00,read,key_273,1.11,false,false,0
2025-11-27T15:57:26.300243-08:00,read,key_199,1.94,false,false,0
2025-11-27T15:57:26.311363-08:00,read,key_716,1.75,true,false,269
2025-11-27T15:57:26.322565-08:00,read,key_269,1.90,false,false,0
2025-11-27T15:57:26.024571-08:00,write,key_895,307.66,true,false,331
2025-11-27T15:57:26.33276-08:00,read,key_843,1.36,false,false,0
2025-11-27T15:57:26.035742-08:00,write,key_188,308.11,true,false,332
2025-11-27T15:57:26.343746-08:00,read,key_638,1.88,false,false,0
2025-11-27T15:57:26.354905-08:00,read,key_786,1.59,true,false,111
2025-11-27T15:57:26.365713-08:00,read,key_768,1.84,false,false,0
2025-11-27T15:57:26.37694-08:00,read,key_848,1.88,false,false,0
2025-11-27T15:57:26.38812-08:00,read,key_9,2.31,false,false,0
2025-11-27T15:57:26.399207-08:00,read,key_176,1.18,false,false,0
2025-11-27T15:57:26.410409-08:00,read,key_144,1.08,true,false,92
2025-11-27T15:57:26.421523-08:00,read,key_691,0.89,false,false,0
2025-11-27T15:57:26.432171-08:00,read,key_277,1.21,false,false,0
2025-11-27T15:57:26.44246-08:00,read,key_261,2.27,true,false,30
2025-11-27T15:57:26.146537-08:00,write,key_554,306.70,true,false,333
2025-11-27T15:57:26.452668-08:00,read,key_616,1.93,false,false,0
2025-11-27T15:57:26.463213-08:00,read,key_865,1.82,false,false,0
2025-11-27T15:57:26.474386-08:00,read,key_109,1.83,false,false,0
2025-11-27T15:57:26.485553-08:00,read,key_618,1.87,false,false,0
2025-11-27T15:57:26.190258-08:00,write,key_188,308.85,true,false,334
2025-11-27T15:57:26.496792-08:00,read,key_803,2.68,true,false,260
2025-11-27T15:57:26.507852-08:00,read,key_558,2.19,false,false,0
2025-11-27T15:57:26.212089-08:00,write,key_682,308.33,true,false,335
2025-11-27T15:57:26.519029-08:00,read,key_302,1.87,true,false,313
2025-11-27T15:57:26.52988-08:00,read,key_493,1.68,true,false,157
2025-11-27T15:57:26.541044-08:00,read,key_652,1.87,true,false,126
2025-11-27T15:57:26.552283-08:00,read,key_200,2.05,false,false,0
2025-11-27T15:57:26.56351-08:00,read,key_757,1.97,true,false,146
2025-11-27T15:57:26.574677-08:00,read,key_943,1.89,false,false,0
2025-11-27T15:57:26.585913-08:00,read,key_114,2.00,false,false,0
2025-11-27T15:57:26.597-08:00,read,key_313,2.59,true,false,148
2025-11-27T15:57:26.608075-08:00,read,key_15,1.97,false,false,0
2025-11-27T15:57:26.619279-08:00,read,key_791,1.65,false,false,0
2025-11-27T15:57:26.629959-08:00,read,key_928,1.86,true,false,131
2025-11-27T15:57:26.652388-08:00,read,key_753,2.23,true,false,296
2025-11-27T15:57:26.673562-08:00,read,key_433,4.85,false,false,0
2025-11-27T15:57:26.695475-08:00,read,key_218,4.82,false,false,0
2025-11-27T15:57:26.70597-08:00,read,key_180,1.52,true,false,185
2025-11-27T15:57:26.717149-08:00,read,key_183,1.98,false,false,0
2025-11-27T15:57:26.728321-08:00,read,key_307,1.58,false,false,0
2025-11-27T15:57:26.75071-08:00,read,key_960,4.12,true,false,90
2025-11-27T15:57:26.761336-08:00,read,key_560,1.84,true,false,186
2025-11-27T15:57:26.78273-08:00,read,key_175,4.73,false,false,0
2025-11-27T15:57:26.793147-08:00,read,key_95,2.17,false,false,0
2025-11-27T15:57:26.804351-08:00,read,key_494,1.99,true,false,139
2025-11-27T15:57:26.814823-08:00,read,key_39,1.63,true,false,336
2025-11-27T15:57:26.826142-08:00,read,key_401,2.01,false,false,0
2025-11-27T15:57:26.837293-08:00,read,key_938,1.22,false,false,0
2025-11-27T15:57:26.847985-08:00,read,key_645,1.12,false,false,0
2025-11-27T15:57:26.859091-08:00,read,key_577,1.27,true,false,179
2025-11-27T15:57:26.870191-08:00,read,key_241,1.66,false,false,0
2025-11-27T15:57:26.880733-08:00,read,key_367,1.84,true,false,193
2025-11-27T15:57:26.891003-08:00,read,key_100,1.58,true,false,317
2025-11-27T15:57:26.902224-08:00,read,key_833,1.92,false,false,0
2025-11-27T15:57:26.913368-08:00,read,key_552,1.64,false,false,0
2025-11-27T15:57:26.935816-08:00,read,key_155,4.55,false,false,0
2025-11-27T15:57:26.641136-08:00,write,key_39,304.52,true,false,336
2025-11-27T15:57:26.945914-08:00,read,key_382,1.25,false,false,0
2025-11-27T15:57:26.956631-08:00,read,key_120,1.71,false,false,0
2025-11-27T15:57:26.662582-08:00,write,key_618,307.02,true,false,337
2025-11-27T15:57:26.967931-08:00,read,key_109,2.43,false,false,0
2025-11-27T15:57:26.978638-08:00,read,key_550,1.58,false,false,0
2025-11-27T15:57:26.989874-08:00,read,key_826,1.71,false,false,0
2025-11-27T15:57:26.684294-08:00,write,key_903,310.95,true,false,338
2025-11-27T15:57:27.000566-08:00,read,key_396,1.84,false,false,0
2025-11-27T15:57:27.011752-08:00,read,key_439,1.77,true,false,50
2025-11-27T15:57:27.02291-08:00,read,key_800,1.73,false,false,0
2025-11-27T15:57:27.034125-08:00,read,key_658,2.05,false,false,0
2025-11-27T15:57:27.044461-08:00,read,key_411,1.91,false,false,0
2025-11-27T15:57:26.739432-08:00,write,key_707,308.72,true,false,339
2025-11-27T15:57:27.066419-08:00,read,key_14,2.24,true,false,206
2025-11-27T15:57:27.077538-08:00,read,key_572,2.41,true,false,12
2025-11-27T15:57:26.771554-08:00,write,key_24,308.88,true,false,340
2025-11-27T15:57:27.088613-08:00,read,key_408,1.64,false,false,0
2025-11-27T15:57:27.099711-08:00,read,key_104,2.54,true,false,220
2025-11-27T15:57:27.110794-08:00,read,key_867,1.06,false,false,0
2025-11-27T15:57:27.121577-08:00,read,key_803,1.13,true,false,260
2025-11-27T15:57:27.132696-08:00,read,key_405,1.30,false,false,0
2025-11-27T15:57:27.154888-08:00,read,key_903,1.74,true,false,338
2025-11-27T15:57:27.166037-08:00,read,key_39,1.83,true,false,336
2025-11-27T15:57:27.177261-08:00,read,key_407,1.98,false,false,0
2025-11-27T15:57:27.199626-08:00,read,key_948,5.44,false,false,0
2025-11-27T15:57:27.210208-08:00,read,key_186,1.69,false,false,0
2025-11-27T15:57:27.221066-08:00,read,key_955,2.01,false,false,0
2025-11-27T15:57:26.924526-08:00,write,key_56,308.78,true,false,341
2025-11-27T15:57:27.231549-08:00,read,key_827,2.65,false,false,0
2025-11-27T15:57:27.242686-08:00,read,key_918,2.02,true,false,255
2025-11-27T15:57:27.253761-08:00,read,key_62,1.66,true,false,298
2025-11-27T15:57:27.264949-08:00,read,key_287,1.89,false,false,0
2025-11-27T15:57:27.276089-08:00,read,key_8,2.46,false,false,0
2025-11-27T15:57:27.28721-08:00,read,key_717,1.97,false,false,0
2025-11-27T15:57:27.329671-08:00,read,key_135,4.51,false,false,0
2025-11-27T15:57:27.340457-08:00,read,key_350,0.85,true,false,266
2025-11-27T15:57:27.357605-08:00,read,key_685,1.09,true,false,66
2025-11-27T15:57:27.055199-08:00,write,key_608,308.38,true,false,342
2025-11-27T15:57:27.368259-08:00,read,key_408,1.04,false,false,0
2025-11-27T15:57:27.379389-08:00,read,key_618,1.65,true,false,337
2025-11-27T15:57:27.401525-08:00,read,key_730,2.73,true,false,199
2025-11-27T15:57:27.390116-08:00,read,key_708,16.17,false,false,0
2025-11-27T15:57:27.414704-08:00,read,key_372,0.89,false,false,0
2025-11-27T15:57:27.425826-08:00,read,key_309,0.85,false,false,0
2025-11-27T15:57:27.437089-08:00,read,key_102,0.87,false,false,0
2025-11-27T15:57:27.143872-08:00,write,key_804,311.05,true,false,343
2025-11-27T15:57:27.45891-08:00,read,key_899,2.00,false,false,0
2025-11-27T15:57:27.470134-08:00,read,key_490,5.11,false,false,0
2025-11-27T15:57:27.480924-08:00,read,key_189,1.90,false,false,0
2025-11-27T15:57:27.188449-08:00,write,key_278,316.76,true,false,344
2025-11-27T15:57:27.514081-08:00,read,key_891,1.54,true,false,210
2025-11-27T15:57:27.536467-08:00,read,key_573,4.09,true,false,190
2025-11-27T15:57:27.547319-08:00,read,key_99,1.44,false,false,0
2025-11-27T15:57:27.558513-08:00,read,key_254,2.02,false,false,0
2025-11-27T15:57:27.569789-08:00,read,key_988,1.77,true,false,318
2025-11-27T15:57:27.58095-08:00,read,key_101,1.79,false,false,0
2025-11-27T15:57:27.592142-08:00,read,key_272,2.25,false,false,0
2025-11-27T15:57:27.6033-08:00,read,key_125,1.68,false,false,0
2025-11-27T15:57:27.298432-08:00,write,key_564,307.72,true,false,345
2025-11-27T15:57:27.625709-08:00,read,key_215,2.36,false,false,0
2025-11-27T15:57:27.309968-08:00,write,key_230,328.34,true,false,346
2025-11-27T15:57:27.63682-08:00,read,key_93,2.27,false,false,0
2025-11-27T15:57:27.659099-08:00,read,key_898,2.39,false,false,0
2025-11-27T15:57:27.67028-08:00,read,key_284,1.98,false,false,0
2025-11-27T15:57:27.681373-08:00,read,key_740,2.14,false,false,0
2025-11-27T15:57:27.703742-08:00,read,key_991,4.88,false,false,0
2025-11-27T15:57:27.714525-08:00,read,key_563,5.85,false,false,0
2025-11-27T15:57:27.725212-08:00,read,key_600,1.13,false,false,0
2025-11-27T15:57:27.736585-08:00,read,key_870,0.95,false,false,0
2025-11-27T15:57:27.747776-08:00,read,key_612,1.33,false,false,0
2025-11-27T15:57:27.448302-08:00,write,key_689,309.64,true,false,347
2025-11-27T15:57:27.757981-08:00,read,key_879,1.39,false,false,0
2025-11-27T15:57:27.769051-08:00,read,key_715,1.73,false,false,0
2025-11-27T15:57:27.779896-08:00,read,key_579,1.71,true,false,253
2025-11-27T15:57:27.791052-08:00,read,key_804,1.76,true,false,343
2025-11-27T15:57:27.492178-08:00,write,key_955,307.51,true,false,348
2025-11-27T15:57:27.801376-08:00,read,key_188,1.68,true,false,334
2025-11-27T15:57:27.812006-08:00,read,key_186,1.75,false,false,0
2025-11-27T15:57:27.502927-08:00,write,key_248,318.72,true,false,349
2025-11-27T15:57:27.822194-08:00,read,key_345,1.30,false,false,0
2025-11-27T15:57:27.525279-08:00,write,key_808,306.77,true,false,350
2025-11-27T15:57:27.8323-08:00,read,key_562,1.38,true,false,172
2025-11-27T15:57:27.843115-08:00,read,key_669,2.19,false,false,0
2025-11-27T15:57:27.853929-08:00,read,key_152,1.88,false,false,0
2025-11-27T15:57:27.865004-08:00,read,key_213,1.56,false,false,0
2025-11-27T15:57:27.875401-08:00,read,key_747,2.34,false,false,0
2025-11-27T15:57:27.886548-08:00,read,key_697,1.50,false,false,0
2025-11-27T15:57:27.896919-08:00,read,key_377,1.76,true,false,116
2025-11-27T15:57:27.908013-08:00,read,key_431,2.77,true,false,16
2025-11-27T15:57:27.919047-08:00,read,key_35,1.83,false,false,0
2025-11-27T15:57:27.614465-08:00,write,key_105,308.01,true,false,351
2025-11-27T15:57:27.930129-08:00,read,key_357,1.54,true,false,115
2025-11-27T15:57:27.941288-08:00,read,key_935,2.24,true,false,61
2025-11-27T15:57:27.647934-08:00,write,key_758,308.04,true,false,352
2025-11-27T15:57:27.963397-08:00,read,key_954,1.77,false,false,0
2025-11-27T15:57:27.97389-08:00,read,key_219,2.12,false,false,0
2025-11-27T15:57:27.984778-08:00,read,key_134,2.07,true,false,162
2025-11-27T15:57:27.995277-08:00,read,key_685,1.78,true,false,66
2025-11-27T15:57:27.692484-08:00,write,key_894,306.66,true,false,353
2025-11-27T15:57:28.006052-08:00,read,key_691,1.65,false,false,0
2025-11-27T15:57:28.01731-08:00,read,key_219,2.15,false,false,0
2025-11-27T15:57:28.028016-08:00,read,key_891,1.73,true,false,210
2025-11-27T15:57:28.039252-08:00,read,key_197,1.48,true,false,49
2025-11-27T15:57:28.050312-08:00,read,key_492,2.21,false,false,0
2025-11-27T15:57:28.061428-08:00,read,key_937,1.66,false,false,0
2025-11-27T15:57:28.072551-08:00,read,key_693,1.85,true,false,239
2025-11-27T15:57:28.083733-08:00,read,key_629,2.32,true,false,17
2025-11-27T15:57:28.094814-08:00,read,key_189,1.81,false,false,0
2025-11-27T15:57:28.105943-08:00,read,key_21,1.52,false,false,0
2025-11-27T15:57:28.117155-08:00,read,key_911,2.22,true,false,285
2025-11-27T15:57:28.128308-08:00,read,key_350,1.60,true,false,266
2025-11-27T15:57:28.139477-08:00,read,key_427,1.79,false,false,0
2025-11-27T15:57:28.15068-08:00,read,key_15,2.09,false,false,0
2025-11-27T15:57:28.161354-08:00,read,key_13,1.58,false,false,0
2025-11-27T15:57:28.172651-08:00,read,key_703,1.94,false,false,0
2025-11-27T15:57:28.182914-08:00,read,key_112,1.60,false,false,0
2025-11-27T15:57:28.194076-08:00,read,key_306,1.66,true,false,164
2025-11-27T15:57:28.204842-08:00,read,key_807,1.54,false,false,0
2025-11-27T15:57:28.215995-08:00,read,key_630,1.65,false,false,0
2025-11-27T15:57:28.23823-08:00,read,key_471,1.92,false,false,0
2025-11-27T15:57:28.249406-08:00,read,key_478,2.08,true,false,209
2025-11-27T15:57:27.95242-08:00,write,key_578,308.76,true,false,354
2025-11-27T15:57:28.25994-08:00,read,key_988,2.33,true,false,318
2025-11-27T15:57:28.271003-08:00,read,key_301,1.75,false,false,0
2025-11-27T15:57:28.281617-08:00,read,key_169,1.94,false,false,0
2025-11-27T15:57:28.291984-08:00,read,key_146,2.10,false,false,0
2025-11-27T15:57:28.303161-08:00,read,key_362,1.71,false,false,0
2025-11-27T15:57:28.31443-08:00,read,key_471,1.88,false,false,0
2025-11-27T15:57:28.325647-08:00,read,key_594,2.14,true,false,43
2025-11-27T15:57:28.336796-08:00,read,key_341,1.69,false,false,0
2025-11-27T15:57:28.357327-08:00,read,key_780,2.61,false,false,0
2025-11-27T15:57:28.368495-08:00,read,key_263,2.54,true,false,329
2025-11-27T15:57:28.379555-08:00,read,key_878,1.60,false,false,0
2025-11-27T15:57:28.390272-08:00,read,key_817,1.43,true,false,93
2025-11-27T15:57:28.401459-08:00,read,key_889,1.79,false,false,0
2025-11-27T15:57:28.412552-08:00,read,key_721,2.02,false,false,0
2025-11-27T15:57:28.423306-08:00,read,key_701,1.99,false,false,0
2025-11-27T15:57:28.434415-08:00,read,key_895,2.06,true,false,331
2025-11-27T15:57:28.445362-08:00,read,key_991,2.23,false,false,0
2025-11-27T15:57:28.456536-08:00,read,key_377,1.74,true,false,116
2025-11-27T15:57:28.466961-08:00,read,key_497,2.55,false,false,0
2025-11-27T15:57:28.477696-08:00,read,key_436,0.65,true,false,270
2025-11-27T15:57:28.488826-08:00,read,key_212,0.92,false,false,0
2025-11-27T15:57:28.499428-08:00,read,key_228,0.66,true,false,77
2025-11-27T15:57:28.510558-08:00,read,key_899,0.64,false,false,0
2025-11-27T15:57:28.227188-08:00,write,key_494,307.17,true,false,355
2025-11-27T15:57:28.532793-08:00,read,key_443,2.26,false,false,0
2025-11-27T15:57:28.543854-08:00,read,key_986,0.69,false,false,0
2025-11-27T15:57:28.554878-08:00,read,key_810,1.11,false,false,0
2025-11-27T15:57:28.567334-08:00,read,key_194,1.31,false,false,0
2025-11-27T15:57:28.578472-08:00,read,key_368,1.09,false,false,0
2025-11-27T15:57:28.589584-08:00,read,key_126,1.19,true,false,8
2025-11-27T15:57:28.600271-08:00,read,key_431,2.10,true,false,16
2025-11-27T15:57:28.611356-08:00,read,key_360,1.93,false,false,0
2025-11-27T15:57:28.622538-08:00,read,key_358,1.08,false,false,0
2025-11-27T15:57:28.633686-08:00,read,key_976,1.98,false,false,0
2025-11-27T15:57:28.644881-08:00,read,key_662,1.13,false,false,0
2025-11-27T15:57:28.347049-08:00,write,key_558,309.15,true,false,356
2025-11-27T15:57:28.656125-08:00,read,key_940,1.49,true,false,273
2025-11-27T15:57:28.667264-08:00,read,key_968,1.32,false,false,0
2025-11-27T15:57:28.677715-08:00,read,key_109,1.20,false,false,0
2025-11-27T15:57:28.687994-08:00,read,key_62,1.92,true,false,298
2025-11-27T15:57:28.699161-08:00,read,key_297,1.89,true,false,320
2025-11-27T15:57:28.710455-08:00,read,key_496,2.14,true,false,290
2025-11-27T15:57:28.74399-08:00,read,key_83,4.51,false,false,0
2025-11-27T15:57:28.754467-08:00,read,key_226,1.99,true,false,268
2025-11-27T15:57:28.765621-08:00,read,key_434,1.81,true,false,103
2025-11-27T15:57:28.7764-08:00,read,key_936,2.08,true,false,59
2025-11-27T15:57:28.78759-08:00,read,key_21,1.86,false,false,0
2025-11-27T15:57:28.79874-08:00,read,key_117,1.83,false,false,0
2025-11-27T15:57:28.809956-08:00,read,key_364,2.12,false,false,0
2025-11-27T15:57:28.521673-08:00,write,key_792,303.81,true,false,357
2025-11-27T15:57:28.854302-08:00,read,key_262,3.82,true,false,176
2025-11-27T15:57:28.865233-08:00,read,key_693,1.46,true,false,239
2025-11-27T15:57:28.876462-08:00,read,key_411,2.23,false,false,0
2025-11-27T15:57:28.887605-08:00,read,key_889,1.93,false,false,0
2025-11-27T15:57:28.898782-08:00,read,key_907,1.96,false,false,0
2025-11-27T15:57:28.90978-08:00,read,key_866,2.31,false,false,0
2025-11-27T15:57:28.920925-08:00,read,key_101,1.90,false,false,0
2025-11-27T15:57:28.931577-08:00,read,key_120,1.64,false,false,0
2025-11-27T15:57:28.942807-08:00,read,key_280,2.19,false,false,0
2025-11-27T15:57:28.953958-08:00,read,key_33,1.82,false,false,0
2025-11-27T15:57:28.964984-08:00,read,key_169,1.73,false,false,0
2025-11-27T15:57:28.976359-08:00,read,key_19,2.42,false,false,0
2025-11-27T15:57:28.987452-08:00,read,key_32,2.20,false,false,0
2025-11-27T15:57:28.998566-08:00,read,key_15,1.68,false,false,0
2025-11-27T15:57:29.009507-08:00,read,key_144,2.22,true,false,92
2025-11-27T15:57:29.020645-08:00,read,key_439,1.96,true,false,50
2025-11-27T15:57:28.721457-08:00,write,key_251,306.87,true,false,358
2025-11-27T15:57:29.03113-08:00,read,key_185,1.28,true,false,147
2025-11-27T15:57:28.73266-08:00,write,key_200,306.12,true,false,359
2025-11-27T15:57:29.04157-08:00,read,key_657,1.76,false,false,0
2025-11-27T15:57:29.051916-08:00,read,key_790,1.56,false,false,0
2025-11-27T15:57:29.072935-08:00,read,key_161,1.74,false,false,0
2025-11-27T15:57:29.084157-08:00,read,key_245,2.34,true,false,309
2025-11-27T15:57:29.095281-08:00,read,key_738,1.84,false,false,0
2025-11-27T15:57:29.106441-08:00,read,key_563,1.36,false,false,0
2025-11-27T15:57:29.117671-08:00,read,key_616,3.31,true,false,361
2025-11-27T15:57:29.12871-08:00,read,key_481,1.90,false,false,0
2025-11-27T15:57:28.821117-08:00,write,key_496,309.54,true,false,360
2025-11-27T15:57:28.831982-08:00,write,key_616,305.55,true,false,361
2025-11-27T15:57:29.138971-08:00,read,key_80,1.52,false,false,0
2025-11-27T15:57:28.843162-08:00,write,key_746,307.23,true,false,362
2025-11-27T15:57:29.161018-08:00,read,key_976,0.89,false,false,0
2025-11-27T15:57:29.172123-08:00,read,key_139,0.80,true,false,247
2025-11-27T15:57:29.183287-08:00,read,key_14,2.01,true,false,206
2025-11-27T15:57:29.194546-08:00,read,key_974,1.73,false,false,0
2025-11-27T15:57:29.204914-08:00,read,key_369,1.84,true,false,67
2025-11-27T15:57:29.216093-08:00,read,key_163,1.95,false,false,0
2025-11-27T15:57:29.227353-08:00,read,key_408,1.79,false,false,0
2025-11-27T15:57:29.238257-08:00,read,key_313,2.17,true,false,148
2025-11-27T15:57:29.249417-08:00,read,key_890,1.87,true,false,275
2025-11-27T15:57:29.259844-08:00,read,key_163,2.23,false,false,0
2025-11-27T15:57:29.27099-08:00,read,key_433,1.92,false,false,0
2025-11-27T15:57:29.292619-08:00,read,key_552,2.20,false,false,0
2025-11-27T15:57:29.30378-08:00,read,key_386,2.15,false,false,0
2025-11-27T15:57:29.31492-08:00,read,key_641,1.81,false,false,0
2025-11-27T15:57:29.325437-08:00,read,key_995,2.21,false,false,0
2025-11-27T15:57:29.336574-08:00,read,key_686,1.90,false,false,0
2025-11-27T15:57:29.347548-08:00,read,key_947,1.16,false,false,0
2025-11-27T15:57:29.358721-08:00,read,key_230,2.15,true,false,346
2025-11-27T15:57:29.062735-08:00,write,key_799,305.45,true,false,363
2025-11-27T15:57:29.369139-08:00,read,key_914,1.81,true,false,327
2025-11-27T15:57:29.379466-08:00,read,key_878,2.03,false,false,0
2025-11-27T15:57:29.389991-08:00,read,key_934,1.68,true,false,288
2025-11-27T15:57:29.401529-08:00,read,key_362,1.96,false,false,0
2025-11-27T15:57:29.412717-08:00,read,key_362,1.75,false,false,0
2025-11-27T15:57:29.423854-08:00,read,key_174,1.63,true,false,135
2025-11-27T15:57:29.435007-08:00,read,key_300,2.23,true,false,278
2025-11-27T15:57:29.446044-08:00,read,key_481,2.03,false,false,0
2025-11-27T15:57:29.149919-08:00,write,key_6,307.19,true,false,364
2025-11-27T15:57:29.456691-08:00,read,key_705,1.29,false,false,0
2025-11-27T15:57:29.468009-08:00,read,key_619,2.16,false,false,0
2025-11-27T15:57:29.47917-08:00,read,key_237,1.75,true,false,73
2025-11-27T15:57:29.490324-08:00,read,key_169,1.72,false,false,0
2025-11-27T15:57:29.501542-08:00,read,key_166,1.76,false,false,0
2025-11-27T15:57:29.512648-08:00,read,key_454,1.83,false,false,0
2025-11-27T15:57:29.523831-08:00,read,key_561,1.76,false,false,0
2025-11-27T15:57:29.545896-08:00,read,key_605,2.07,false,false,0
2025-11-27T15:57:29.557072-08:00,read,key_954,1.94,false,false,0
2025-11-27T15:57:29.568277-08:00,read,key_661,1.98,true,false,181
2025-11-27T15:57:29.578618-08:00,read,key_700,2.93,false,false,0
2025-11-27T15:57:29.282157-08:00,write,key_730,308.70,true,false,365
2025-11-27T15:57:29.600469-08:00,read,key_100,2.36,true,false,317
2025-11-27T15:57:29.611618-08:00,read,key_757,1.76,true,false,146
2025-11-27T15:57:29.622824-08:00,read,key_90,1.74,false,false,0
2025-11-27T15:57:29.63403-08:00,read,key_66,2.81,false,false,0
2025-11-27T15:57:29.645034-08:00,read,key_601,1.81,true,false,87
2025-11-27T15:57:29.65623-08:00,read,key_989,1.71,false,false,0
2025-11-27T15:57:29.667112-08:00,read,key_37,2.10,true,false,202
2025-11-27T15:57:29.678289-08:00,read,key_886,1.82,false,false,0
2025-11-27T15:57:29.688938-08:00,read,key_281,1.79,false,false,0
2025-11-27T15:57:29.70007-08:00,read,key_368,2.59,false,false,0
2025-11-27T15:57:29.711114-08:00,read,key_414,1.17,false,false,0
2025-11-27T15:57:29.722254-08:00,read,key_835,1.57,true,false,304
2025-11-27T15:57:29.733396-08:00,read,key_959,2.18,true,false,70
2025-11-27T15:57:29.744618-08:00,read,key_384,1.71,true,false,167
2025-11-27T15:57:29.755778-08:00,read,key_52,1.95,false,false,0
2025-11-27T15:57:29.766947-08:00,read,key_433,2.18,false,false,0
2025-11-27T15:57:29.777152-08:00,read,key_900,2.18,true,false,259
2025-11-27T15:57:29.788277-08:00,read,key_235,1.87,false,false,0
2025-11-27T15:57:29.799463-08:00,read,key_308,1.90,true,false,211
2025-11-27T15:57:29.810672-08:00,read,key_459,2.16,true,false,257
2025-11-27T15:57:29.82159-08:00,read,key_210,1.84,true,false,204
2025-11-27T15:57:29.832775-08:00,read,key_615,1.90,false,false,0
2025-11-27T15:57:29.534689-08:00,write,key_646,306.39,true,false,366
2025-11-27T15:57:29.843213-08:00,read,key_270,3.81,false,false,0
2025-11-27T15:57:29.854427-08:00,read,key_325,2.09,true,false,197
2025-11-27T15:57:29.886797-08:00,read,key_837,3.29,true,false,74
2025-11-27T15:57:29.589659-08:00,write,key_176,305.87,true,false,367
2025-11-27T15:57:29.896974-08:00,read,key_130,0.94,false,false,0
2025-11-27T15:57:29.908003-08:00,read,key_892,2.48,false,false,0
2025-11-27T15:57:29.918175-08:00,read,key_813,1.02,true,false,112
2025-11-27T15:57:29.929339-08:00,read,key_690,1.69,false,false,0
2025-11-27T15:57:29.940552-08:00,read,key_106,2.08,true,false,301
2025-11-27T15:57:29.950874-08:00,read,key_517,1.87,false,false,0
2025-11-27T15:57:29.962045-08:00,read,key_994,1.54,false,false,0
2025-11-27T15:57:29.973209-08:00,read,key_904,1.57,false,false,0
2025-11-27T15:57:29.983648-08:00,read,key_564,2.10,true,false,345
2025-11-27T15:57:29.994297-08:00,read,key_471,1.88,false,false,0
2025-11-27T15:57:30.005501-08:00,read,key_740,1.69,false,false,0
2025-11-27T15:57:30.026769-08:00,read,key_910,1.92,true,false,299
2025-11-27T15:57:30.048993-08:00,read,key_701,2.48,false,false,0
2025-11-27T15:57:30.060007-08:00,read,key_768,0.97,false,false,0
2025-11-27T15:57:30.071155-08:00,read,key_808,1.94,true,false,350
2025-11-27T15:57:30.081321-08:00,read,key_765,1.24,false,false,0
2025-11-27T15:57:30.091585-08:00,read,key_192,1.92,false,false,0
2025-11-27T15:57:30.102677-08:00,read,key_704,1.37,true,false,187
2025-11-27T15:57:30.113107-08:00,read,key_553,1.65,false,false,0
2025-11-27T15:57:30.124257-08:00,read,key_766,1.79,false,false,0
2025-11-27T15:57:30.135337-08:00,read,key_495,1.84,false,false,0
2025-11-27T15:57:30.146077-08:00,read,key_753,2.00,true,false,296
2025-11-27T15:57:30.157259-08:00,read,key_19,1.96,false,false,0
2025-11-27T15:57:30.16805-08:00,read,key_303,2.67,true,false,325
2025-11-27T15:57:29.865171-08:00,write,key_792,306.86,true,false,368
2025-11-27T15:57:30.178603-08:00,read,key_863,1.95,false,false,0
2025-11-27T15:57:29.876451-08:00,write,key_269,310.10,true,false,369
2025-11-27T15:57:30.189051-08:00,read,key_256,1.18,false,false,0
2025-11-27T15:57:30.200377-08:00,read,key_716,1.98,true,false,269
2025-11-27T15:57:30.211531-08:00,read,key_426,1.62,false,false,0
2025-11-27T15:57:30.222678-08:00,read,key_509,1.59,true,false,110
2025-11-27T15:57:30.244603-08:00,read,key_824,1.74,false,false,0
2025-11-27T15:57:30.277931-08:00,read,key_423,8.42,false,false,0
2025-11-27T15:57:30.288245-08:00,read,key_185,1.67,true,false,147
2025-11-27T15:57:30.29941-08:00,read,key_978,1.52,false,false,0
2025-11-27T15:57:30.016034-08:00,write,key_657,308.05,true,false,370
2025-11-27T15:57:30.321596-08:00,read,key_211,4.43,false,false,0
2025-11-27T15:57:30.332446-08:00,read,key_18,1.79,false,false,0
2025-11-27T15:57:30.037903-08:00,write,key_563,306.52,true,false,371
2025-11-27T15:57:30.342775-08:00,read,key_763,2.67,true,false,252
2025-11-27T15:57:30.353849-08:00,read,key_812,1.61,false,false,0
2025-11-27T15:57:30.364959-08:00,read,key_967,1.61,false,false,0
2025-11-27T15:57:30.375377-08:00,read,key_468,2.10,false,false,0
2025-11-27T15:57:30.397297-08:00,read,key_370,1.81,false,false,0
2025-11-27T15:57:30.408533-08:00,read,key_939,2.53,false,false,0
2025-11-27T15:57:30.419682-08:00,read,key_474,1.72,false,false,0
2025-11-27T15:57:30.441106-08:00,read,key_430,3.41,true,false,236
2025-11-27T15:57:30.452093-08:00,read,key_639,1.08,false,false,0
2025-11-27T15:57:30.463278-08:00,read,key_179,3.02,true,false,319
2025-11-27T15:57:30.473729-08:00,read,key_36,1.10,true,false,277
2025-11-27T15:57:30.48452-08:00,read,key_663,0.98,false,false,0
2025-11-27T15:57:30.495698-08:00,read,key_667,0.85,false,false,0
2025-11-27T15:57:30.506028-08:00,read,key_19,0.77,false,false,0
2025-11-27T15:57:30.516876-08:00,read,key_230,0.64,true,false,346
2025-11-27T15:57:30.528077-08:00,read,key_615,0.57,false,false,0
2025-11-27T15:57:30.233917-08:00,write,key_7,304.33,true,false,372
2025-11-27T15:57:30.538262-08:00,read,key_820,0.48,false,false,0
2025-11-27T15:57:30.549331-08:00,read,key_400,0.45,false,false,0
2025-11-27T15:57:30.255599-08:00,write,key_669,304.14,true,false,373
2025-11-27T15:57:30.559743-08:00,read,key_796,0.55,false,false,0
2025-11-27T15:57:30.266767-08:00,write,key_386,310.93,true,false,374
2025-11-27T15:57:30.581455-08:00,read,key_328,0.60,true,false,129
2025-11-27T15:57:30.591893-08:00,read,key_225,0.80,true,false,119
2025-11-27T15:57:30.602999-08:00,read,key_79,1.05,true,false,261
2025-11-27T15:57:30.614136-08:00,read,key_0,0.92,true,false,226
2025-11-27T15:57:30.310652-08:00,write,key_872,308.03,true,false,375
2025-11-27T15:57:30.62495-08:00,read,key_591,0.91,false,false,0
2025-11-27T15:57:30.636155-08:00,read,key_939,1.11,false,false,0
2025-11-27T15:57:30.647332-08:00,read,key_914,1.29,true,false,327
2025-11-27T15:57:30.658578-08:00,read,key_127,1.97,false,false,0
2025-11-27T15:57:30.669783-08:00,read,key_13,1.79,false,false,0
2025-11-27T15:57:30.680938-08:00,read,key_651,1.65,false,false,0
2025-11-27T15:57:30.386538-08:00,write,key_478,306.19,true,false,376
2025-11-27T15:57:30.692032-08:00,read,key_194,2.83,false,false,0
2025-11-27T15:57:30.703071-08:00,read,key_281,1.62,false,false,0
2025-11-27T15:57:30.713178-08:00,read,key_15,0.95,false,false,0
2025-11-27T15:57:30.724407-08:00,read,key_985,1.83,false,false,0
2025-11-27T15:57:30.42991-08:00,write,key_896,306.90,true,false,377
2025-11-27T15:57:30.734943-08:00,read,key_12,2.50,false,false,0
2025-11-27T15:57:30.745887-08:00,read,key_169,1.83,false,false,0
2025-11-27T15:57:30.756658-08:00,read,key_823,1.82,false,false,0
2025-11-27T15:57:30.767919-08:00,read,key_401,2.18,false,false,0
2025-11-27T15:57:30.779086-08:00,read,key_767,1.98,false,false,0
2025-11-27T15:57:30.790271-08:00,read,key_845,1.90,false,false,0
2025-11-27T15:57:30.801311-08:00,read,key_225,2.01,true,false,119
2025-11-27T15:57:30.812462-08:00,read,key_262,1.88,true,false,176
2025-11-27T15:57:30.822713-08:00,read,key_464,1.82,false,false,0
2025-11-27T15:57:30.833677-08:00,read,key_217,2.03,true,false,300
2025-11-27T15:57:30.844292-08:00,read,key_691,1.79,false,false,0
2025-11-27T15:57:30.855502-08:00,read,key_209,1.97,false,false,0
2025-11-27T15:57:30.866646-08:00,read,key_300,2.21,true,false,278
2025-11-27T15:57:30.876882-08:00,read,key_616,0.87,true,false,361
2025-11-27T15:57:30.570921-08:00,write,key_309,307.41,true,false,378
2025-11-27T15:57:30.888025-08:00,read,key_723,1.26,false,false,0
2025-11-27T15:57:30.898395-08:00,read,key_552,1.04,false,false,0
2025-11-27T15:57:30.90963-08:00,read,key_806,1.99,false,false,0
2025-11-27T15:57:30.920873-08:00,read,key_555,1.83,false,false,0
2025-11-27T15:57:30.932018-08:00,read,key_836,2.01,false,false,0
2025-11-27T15:57:30.942701-08:00,read,key_297,2.58,true,false,320
2025-11-27T15:57:30.965007-08:00,read,key_431,1.74,true,false,16
2025-11-27T15:57:30.975364-08:00,read,key_492,2.32,false,false,0
2025-11-27T15:57:30.986482-08:00,read,key_557,1.76,false,false,0
2025-11-27T15:57:30.997071-08:00,read,key_709,1.76,false,false,0
2025-11-27T15:57:31.0083-08:00,read,key_356,1.45,false,false,0
2025-11-27T15:57:31.019544-08:00,read,key_709,1.92,false,false,0
2025-11-27T15:57:31.030707-08:00,read,key_706,1.47,false,false,0
2025-11-27T15:57:31.041911-08:00,read,key_860,2.63,true,false,142
2025-11-27T15:57:31.052303-08:00,read,key_561,0.97,false,false,0
2025-11-27T15:57:31.085708-08:00,read,key_193,2.56,false,false,0
2025-11-27T15:57:31.0967-08:00,read,key_765,1.14,false,false,0
2025-11-27T15:57:31.106941-08:00,read,key_439,1.44,true,false,50
2025-11-27T15:57:31.117869-08:00,read,key_886,1.27,false,false,0
2025-11-27T15:57:31.129029-08:00,read,key_93,1.93,false,false,0
2025-11-27T15:57:31.140076-08:00,read,key_825,1.99,false,false,0
2025-11-27T15:57:31.151298-08:00,read,key_918,2.18,true,false,255
2025-11-27T15:57:31.162448-08:00,read,key_18,1.97,false,false,0
2025-11-27T15:57:31.173642-08:00,read,key_361,2.26,false,false,0
2025-11-27T15:57:31.184875-08:00,read,key_384,2.33,true,false,167
2025-11-27T15:57:31.196036-08:00,read,key_777,1.89,false,false,0
2025-11-27T15:57:31.206571-08:00,read,key_713,1.24,false,false,0
2025-11-27T15:57:31.217072-08:00,read,key_97,2.13,false,false,0
2025-11-27T15:57:31.228078-08:00,read,key_905,1.81,true,false,324
2025-11-27T15:57:31.2393-08:00,read,key_769,1.92,false,false,0
2025-11-27T15:57:31.25053-08:00,read,key_77,2.16,false,false,0
2025-11-27T15:57:30.953745-08:00,write,key_124,308.18,true,false,379
2025-11-27T15:57:31.261586-08:00,read,key_409,1.33,false,false,0
2025-11-27T15:57:31.272705-08:00,read,key_427,1.60,false,false,0
2025-11-27T15:57:31.283956-08:00,read,key_49,1.20,false,false,0
2025-11-27T15:57:31.305456-08:00,read,key_299,1.06,false,false,0
2025-11-27T15:57:31.316576-08:00,read,key_4,0.53,false,false,0
2025-11-27T15:57:31.327647-08:00,read,key_744,0.38,true,false,224
2025-11-27T15:57:31.350022-08:00,read,key_486,1.86,false,false,0
2025-11-27T15:57:31.361148-08:00,read,key_702,0.57,false,false,0
2025-11-27T15:57:31.063483-08:00,write,key_295,305.78,true,false,380
2025-11-27T15:57:31.074656-08:00,write,key_479,305.76,true,false,381
2025-11-27T15:57:31.381831-08:00,read,key_715,0.60,false,false,0
2025-11-27T15:57:31.392928-08:00,read,key_805,0.70,false,false,0
2025-11-27T15:57:31.414682-08:00,read,key_292,1.30,false,false,0
2025-11-27T15:57:31.425798-08:00,read,key_243,1.24,false,false,0
2025-11-27T15:57:31.43693-08:00,read,key_366,1.06,false,false,0
2025-11-27T15:57:31.44816-08:00,read,key_793,1.27,true,false,293
2025-11-27T15:57:31.45864-08:00,read,key_251,1.97,true,false,358
2025-11-27T15:57:31.469794-08:00,read,key_615,1.81,false,false,0
2025-11-27T15:57:31.491925-08:00,read,key_274,7.21,false,false,0
2025-11-27T15:57:31.502408-08:00,read,key_387,1.69,true,false,219
2025-11-27T15:57:31.524312-08:00,read,key_609,5.33,false,false,0
2025-11-27T15:57:31.546024-08:00,read,key_209,4.54,false,false,0
2025-11-27T15:57:31.556826-08:00,read,key_485,1.80,false,false,0
2025-11-27T15:57:31.568022-08:00,read,key_466,1.86,false,false,0
2025-11-27T15:57:31.579181-08:00,read,key_809,1.83,true,false,283
2025-11-27T15:57:31.589963-08:00,read,key_925,1.81,false,false,0
2025-11-27T15:57:31.294684-08:00,write,key_452,308.80,true,false,382
2025-11-27T15:57:31.601367-08:00,read,key_993,2.52,false,false,0
2025-11-27T15:57:31.612436-08:00,read,key_87,0.86,true,false,94
2025-11-27T15:57:31.623582-08:00,read,key_256,1.08,false,false,0
2025-11-27T15:57:31.634437-08:00,read,key_781,1.00,true,false,107
2025-11-27T15:57:31.338804-08:00,write,key_692,303.49,true,false,383
2025-11-27T15:57:31.644859-08:00,read,key_210,0.75,true,false,204
2025-11-27T15:57:31.65603-08:00,read,key_820,1.17,false,false,0
2025-11-27T15:57:31.666955-08:00,read,key_996,2.15,false,false,0
2025-11-27T15:57:31.371528-08:00,write,key_700,305.95,true,false,384
2025-11-27T15:57:31.688289-08:00,read,key_392,1.88,false,false,0
2025-11-27T15:57:31.699466-08:00,read,key_503,1.86,true,false,104
2025-11-27T15:57:31.404078-08:00,write,key_456,307.75,true,false,385
2025-11-27T15:57:31.710599-08:00,read,key_268,1.79,false,false,0
2025-11-27T15:57:31.721757-08:00,read,key_870,1.61,false,false,0
2025-11-27T15:57:31.732914-08:00,read,key_553,2.57,false,false,0
2025-11-27T15:57:31.744062-08:00,read,key_220,1.59,false,false,0
2025-11-27T15:57:31.755244-08:00,read,key_386,2.33,true,false,374
2025-11-27T15:57:31.766363-08:00,read,key_34,2.29,false,false,0
2025-11-27T15:57:31.777579-08:00,read,key_819,1.97,false,false,0
2025-11-27T15:57:31.48099-08:00,write,key_897,305.42,true,false,386
2025-11-27T15:57:31.787839-08:00,read,key_168,1.23,true,false,297
2025-11-27T15:57:31.799016-08:00,read,key_43,2.54,false,false,0
2025-11-27T15:57:31.809342-08:00,read,key_913,2.43,false,false,0
2025-11-27T15:57:31.51318-08:00,write,key_800,306.88,true,false,387
2025-11-27T15:57:31.820012-08:00,read,key_360,2.02,false,false,0
2025-11-27T15:57:31.831174-08:00,read,key_130,1.39,false,false,0
2025-11-27T15:57:31.534783-08:00,write,key_201,305.87,true,false,388
2025-11-27T15:57:31.841364-08:00,read,key_8,1.24,false,false,0
2025-11-27T15:57:31.852582-08:00,read,key_471,1.74,false,false,0
2025-11-27T15:57:31.863784-08:00,read,key_610,1.81,true,false,198
2025-11-27T15:57:31.874682-08:00,read,key_409,2.50,false,false,0
2025-11-27T15:57:31.88504-08:00,read,key_163,1.95,false,false,0
2025-11-27T15:57:31.896062-08:00,read,key_562,1.92,true,false,172
2025-11-27T15:57:31.906592-08:00,read,key_267,1.94,false,false,0
2025-11-27T15:57:31.917749-08:00,read,key_492,2.28,false,false,0
2025-11-27T15:57:31.928844-08:00,read,key_254,1.67,false,false,0
2025-11-27T15:57:31.940024-08:00,read,key_177,1.59,false,false,0
2025-11-27T15:57:31.951233-08:00,read,key_373,2.11,true,false,175
2025-11-27T15:57:31.962373-08:00,read,key_797,1.67,true,false,130
2025-11-27T15:57:31.973553-08:00,read,key_172,1.76,false,false,0
2025-11-27T15:57:31.677142-08:00,write,key_742,312.20,true,false,389
2025-11-27T15:57:31.984493-08:00,read,key_560,5.09,true,false,186
2025-11-27T15:57:31.995251-08:00,read,key_737,1.34,false,false,0
2025-11-27T15:57:32.017415-08:00,read,key_30,1.23,false,false,0
2025-11-27T15:57:32.028471-08:00,read,key_282,0.81,false,false,0
2025-11-27T15:57:32.039529-08:00,read,key_871,0.87,false,false,0
2025-11-27T15:57:32.061656-08:00,read,key_737,2.60,false,false,0
2025-11-27T15:57:32.072706-08:00,read,key_338,1.03,true,false,144
2025-11-27T15:57:32.083803-08:00,read,key_768,0.99,false,false,0
2025-11-27T15:57:32.105912-08:00,read,key_33,2.44,false,false,0
2025-11-27T15:57:32.116901-08:00,read,key_359,1.12,false,false,0
2025-11-27T15:57:32.127993-08:00,read,key_701,1.22,false,false,0
2025-11-27T15:57:32.139043-08:00,read,key_448,1.09,true,false,137
2025-11-27T15:57:32.150113-08:00,read,key_92,1.05,false,false,0
2025-11-27T15:57:32.161185-08:00,read,key_190,0.96,false,false,0
2025-11-27T15:57:32.172247-08:00,read,key_904,1.10,false,false,0
2025-11-27T15:57:32.183338-08:00,read,key_1,1.13,false,false,0
2025-11-27T15:57:32.19439-08:00,read,key_601,1.30,true,false,87
2025-11-27T15:57:32.205464-08:00,read,key_821,0.99,false,false,0
2025-11-27T15:57:32.216611-08:00,read,key_82,1.77,false,false,0
2025-11-27T15:57:32.22784-08:00,read,key_100,1.60,true,false,317
2025-11-27T15:57:32.239039-08:00,read,key_161,1.64,false,false,0
2025-11-27T15:57:32.250251-08:00,read,key_37,2.37,true,false,202
2025-11-27T15:57:32.261346-08:00,read,key_984,1.68,false,false,0
2025-11-27T15:57:32.272442-08:00,read,key_979,1.53,false,false,0
2025-11-27T15:57:32.283624-08:00,read,key_985,2.05,false,false,0
2025-11-27T15:57:32.294805-08:00,read,key_9,1.95,false,false,0
2025-11-27T15:57:32.305379-08:00,read,key_439,2.14,true,false,50
2025-11-27T15:57:32.006357-08:00,write,key_327,306.70,true,false,390
2025-11-27T15:57:32.315895-08:00,read,key_172,3.73,false,false,0
2025-11-27T15:57:32.326881-08:00,read,key_53,0.98,false,false,0
2025-11-27T15:57:32.337699-08:00,read,key_196,0.91,true,false,69
2025-11-27T15:57:32.348779-08:00,read,key_164,1.04,true,false,307
2025-11-27T15:57:32.050584-08:00,write,key_61,303.72,true,false,391
2025-11-27T15:57:32.369897-08:00,read,key_121,1.52,true,false,35
2025-11-27T15:57:32.381153-08:00,read,key_662,1.55,false,false,0
2025-11-27T15:57:32.392335-08:00,read,key_294,2.01,false,false,0
2025-11-27T15:57:32.094857-08:00,write,key_661,309.10,true,false,392
2025-11-27T15:57:32.403523-08:00,read,key_82,1.35,false,false,0
2025-11-27T15:57:32.414637-08:00,read,key_734,1.56,true,false,237
2025-11-27T15:57:32.436459-08:00,read,key_687,2.07,true,false,25
2025-11-27T15:57:32.457859-08:00,read,key_870,4.64,false,false,0
2025-11-27T15:57:32.468739-08:00,read,key_244,1.71,false,false,0
2025-11-27T15:57:32.501338-08:00,read,key_853,4.04,false,false,0
2025-11-27T15:57:32.511634-08:00,read,key_362,1.50,false,false,0
2025-11-27T15:57:32.522086-08:00,read,key_192,1.66,false,false,0
2025-11-27T15:57:32.533223-08:00,read,key_66,2.34,false,false,0
2025-11-27T15:57:32.544408-08:00,read,key_596,1.69,false,false,0
2025-11-27T15:57:32.554993-08:00,read,key_293,1.77,true,false,229
2025-11-27T15:57:32.566218-08:00,read,key_83,1.85,false,false,0
2025-11-27T15:57:32.576846-08:00,read,key_244,1.96,false,false,0
2025-11-27T15:57:32.587944-08:00,read,key_702,0.86,false,false,0
2025-11-27T15:57:32.609153-08:00,read,key_405,2.20,false,false,0
2025-11-27T15:57:32.619919-08:00,read,key_477,0.78,false,false,0
2025-11-27T15:57:32.631107-08:00,read,key_74,1.53,false,false,0
2025-11-27T15:57:32.642293-08:00,read,key_903,2.18,true,false,338
2025-11-27T15:57:32.653474-08:00,read,key_174,1.53,true,false,135
2025-11-27T15:57:32.359042-08:00,write,key_308,303.79,true,false,393
2025-11-27T15:57:32.663672-08:00,read,key_125,1.26,false,false,0
2025-11-27T15:57:32.674859-08:00,read,key_501,2.78,false,false,0
2025-11-27T15:57:32.68532-08:00,read,key_355,1.83,true,false,254
2025-11-27T15:57:32.696476-08:00,read,key_735,2.83,true,false,143
2025-11-27T15:57:32.70747-08:00,read,key_913,0.84,false,false,0
2025-11-27T15:57:32.718667-08:00,read,key_303,1.21,true,false,325
2025-11-27T15:57:32.729745-08:00,read,key_431,1.41,true,false,16
2025-11-27T15:57:32.425282-08:00,write,key_110,307.81,true,false,394
2025-11-27T15:57:32.740771-08:00,read,key_865,2.59,false,false,0
2025-11-27T15:57:32.751189-08:00,read,key_967,2.40,false,false,0
2025-11-27T15:57:32.447538-08:00,write,key_496,309.04,true,false,395
2025-11-27T15:57:32.761968-08:00,read,key_273,1.56,false,false,0
2025-11-27T15:57:32.772732-08:00,read,key_197,1.84,true,false,49
2025-11-27T15:57:32.783922-08:00,read,key_674,2.69,false,false,0
2025-11-27T15:57:32.479128-08:00,write,key_423,307.57,true,false,396
2025-11-27T15:57:32.794989-08:00,read,key_267,1.58,false,false,0
2025-11-27T15:57:32.490389-08:00,write,key_368,311.64,true,false,397
2025-11-27T15:57:32.81716-08:00,read,key_929,2.10,false,false,0
2025-11-27T15:57:32.828303-08:00,read,key_699,1.93,false,false,0
2025-11-27T15:57:32.839503-08:00,read,key_119,1.65,false,false,0
2025-11-27T15:57:32.850029-08:00,read,key_979,1.77,false,false,0
2025-11-27T15:57:32.872488-08:00,read,key_297,4.79,true,false,320
2025-11-27T15:57:32.883274-08:00,read,key_755,1.79,true,false,177
2025-11-27T15:57:32.893862-08:00,read,key_309,1.83,true,false,378
2025-11-27T15:57:32.598911-08:00,write,key_669,307.73,true,false,398
2025-11-27T15:57:32.904933-08:00,read,key_154,2.22,false,false,0
2025-11-27T15:57:32.91607-08:00,read,key_226,1.93,true,false,268
2025-11-27T15:57:32.927309-08:00,read,key_368,1.81,true,false,397
2025-11-27T15:57:32.938499-08:00,read,key_367,1.78,true,false,193
2025-11-27T15:57:32.949695-08:00,read,key_490,2.35,false,false,0
2025-11-27T15:57:32.960831-08:00,read,key_396,1.73,false,false,0
2025-11-27T15:57:32.971983-08:00,read,key_915,1.78,false,false,0
2025-11-27T15:57:32.983149-08:00,read,key_747,2.11,false,false,0
2025-11-27T15:57:32.994331-08:00,read,key_695,1.81,false,false,0
2025-11-27T15:57:33.005569-08:00,read,key_622,2.31,false,false,0
2025-11-27T15:57:33.016734-08:00,read,key_164,2.27,true,false,307
2025-11-27T15:57:33.027961-08:00,read,key_697,1.71,false,false,0
2025-11-27T15:57:33.049715-08:00,read,key_664,2.28,false,false,0
2025-11-27T15:57:33.060868-08:00,read,key_148,1.94,false,false,0
2025-11-27T15:57:33.081902-08:00,read,key_235,5.40,false,false,0
2025-11-27T15:57:33.092619-08:00,read,key_160,1.75,false,false,0
2025-11-27T15:57:33.102955-08:00,read,key_736,1.77,true,false,240
2025-11-27T15:57:32.80574-08:00,write,key_37,308.99,true,false,399
2025-11-27T15:57:33.11411-08:00,read,key_838,1.19,false,false,0
2025-11-27T15:57:33.125291-08:00,read,key_24,2.19,true,false,340
2025-11-27T15:57:33.135569-08:00,read,key_930,1.63,false,false,0
2025-11-27T15:57:33.145892-08:00,read,key_971,1.84,false,false,0
2025-11-27T15:57:33.156839-08:00,read,key_412,1.81,true,false,163
2025-11-27T15:57:33.168058-08:00,read,key_740,1.89,false,false,0
2025-11-27T15:57:32.861278-08:00,write,key_169,308.76,true,false,400
2025-11-27T15:57:33.179218-08:00,read,key_202,1.89,false,false,0
2025-11-27T15:57:33.190366-08:00,read,key_226,1.64,true,false,268
2025-11-27T15:57:33.200849-08:00,read,key_409,2.41,false,false,0
2025-11-27T15:57:33.211972-08:00,read,key_620,2.27,false,false,0
2025-11-27T15:57:33.223119-08:00,read,key_368,1.92,true,false,397
2025-11-27T15:57:33.245612-08:00,read,key_827,1.82,false,false,0
2025-11-27T15:57:33.267809-08:00,read,key_177,3.16,false,false,0
2025-11-27T15:57:33.278128-08:00,read,key_100,1.09,true,false,317
2025-11-27T15:57:33.289263-08:00,read,key_182,1.09,false,false,0
2025-11-27T15:57:33.300429-08:00,read,key_456,1.27,true,false,385
2025-11-27T15:57:33.311581-08:00,read,key_122,1.77,false,false,0
2025-11-27T15:57:33.32278-08:00,read,key_959,1.56,true,false,70
2025-11-27T15:57:33.333424-08:00,read,key_907,4.25,false,false,0
2025-11-27T15:57:33.344336-08:00,read,key_988,1.08,true,false,318
2025-11-27T15:57:33.039195-08:00,write,key_800,306.39,true,false,401
2025-11-27T15:57:33.355509-08:00,read,key_71,0.42,false,false,0
2025-11-27T15:57:33.366706-08:00,read,key_650,2.61,false,false,0
2025-11-27T15:57:33.071549-08:00,write,key_610,307.32,true,false,402
2025-11-27T15:57:33.377752-08:00,read,key_843,1.44,false,false,0
2025-11-27T15:57:33.387995-08:00,read,key_230,1.54,true,false,346
2025-11-27T15:57:33.411946-08:00,read,key_902,1.48,false,false,0
2025-11-27T15:57:33.423169-08:00,read,key_286,2.04,false,false,0
2025-11-27T15:57:33.433686-08:00,read,key_308,2.16,true,false,393
2025-11-27T15:57:33.444875-08:00,read,key_938,1.37,false,false,0
2025-11-27T15:57:33.455339-08:00,read,key_369,1.99,true,false,67
2025-11-27T15:57:33.466561-08:00,read,key_830,1.39,false,false,0
2025-11-27T15:57:33.477845-08:00,read,key_368,1.01,true,false,397
2025-11-27T15:57:33.489056-08:00,read,key_888,1.68,false,false,0
2025-11-27T15:57:33.500406-08:00,read,key_868,2.49,false,false,0
2025-11-27T15:57:33.511525-08:00,read,key_89,1.80,false,false,0
2025-11-27T15:57:33.522661-08:00,read,key_687,1.68,true,false,25
2025-11-27T15:57:33.53381-08:00,read,key_627,2.73,false,false,0
2025-11-27T15:57:33.234416-08:00,write,key_860,305.78,true,false,403
2025-11-27T15:57:33.544453-08:00,read,key_641,1.65,false,false,0
2025-11-27T15:57:33.555701-08:00,read,key_278,1.77,true,false,344
2025-11-27T15:57:33.256807-08:00,write,key_466,307.92,true,false,404
2025-11-27T15:57:33.56597-08:00,read,key_69,1.25,false,false,0
2025-11-27T15:57:33.587415-08:00,read,key_48,2.11,false,false,0
2025-11-27T15:57:33.598587-08:00,read,key_501,1.93,false,false,0
2025-11-27T15:57:33.609782-08:00,read,key_89,2.57,false,false,0
2025-11-27T15:57:33.62092-08:00,read,key_714,1.73,false,false,0
2025-11-27T15:57:33.632131-08:00,read,key_313,1.90,true,false,148
2025-11-27T15:57:33.642932-08:00,read,key_217,2.12,true,false,300
2025-11-27T15:57:33.654155-08:00,read,key_811,1.81,false,false,0
2025-11-27T15:57:33.665301-08:00,read,key_845,1.98,false,false,0
2025-11-27T15:57:33.675766-08:00,read,key_334,2.18,false,false,0
2025-11-27T15:57:33.698216-08:00,read,key_910,5.32,true,false,299
2025-11-27T15:57:33.399177-08:00,write,key_788,307.60,true,false,405
2025-11-27T15:57:33.708362-08:00,read,key_339,1.67,true,false,136
2025-11-27T15:57:33.719547-08:00,read,key_338,1.74,true,false,144
2025-11-27T15:57:33.730794-08:00,read,key_922,1.34,false,false,0
2025-11-27T15:57:33.742338-08:00,read,key_97,2.24,false,false,0
2025-11-27T15:57:33.753483-08:00,read,key_898,1.76,false,false,0
2025-11-27T15:57:33.764618-08:00,read,key_290,1.80,false,false,0
2025-11-27T15:57:33.775808-08:00,read,key_915,2.15,false,false,0
2025-11-27T15:57:33.786994-08:00,read,key_632,1.80,false,false,0
2025-11-27T15:57:33.79815-08:00,read,key_112,1.74,false,false,0
2025-11-27T15:57:33.809432-08:00,read,key_39,2.22,true,false,336
2025-11-27T15:57:33.820589-08:00,read,key_307,2.10,false,false,0
2025-11-27T15:57:33.830861-08:00,read,key_185,1.47,true,false,147
2025-11-27T15:57:33.842054-08:00,read,key_387,2.99,true,false,219
2025-11-27T15:57:33.852592-08:00,read,key_411,1.47,false,false,0
2025-11-27T15:57:33.863226-08:00,read,key_364,0.97,false,false,0
2025-11-27T15:57:33.874434-08:00,read,key_260,0.62,true,false,160
2025-11-27T15:57:33.576233-08:00,write,key_434,308.79,true,false,406
2025-11-27T15:57:33.884706-08:00,read,key_165,0.44,true,false,75
2025-11-27T15:57:33.895847-08:00,read,key_302,0.49,true,false,313
2025-11-27T15:57:33.917817-08:00,read,key_435,1.15,true,false,19
2025-11-27T15:57:33.928949-08:00,read,key_881,0.86,false,false,0
2025-11-27T15:57:33.939483-08:00,read,key_958,0.91,true,false,11
2025-11-27T15:57:33.949701-08:00,read,key_660,1.13,true,false,302
2025-11-27T15:57:33.960835-08:00,read,key_937,1.34,false,false,0
2025-11-27T15:57:33.97155-08:00,read,key_238,1.07,false,false,0
2025-11-27T15:57:33.982735-08:00,read,key_108,1.20,false,false,0
2025-11-27T15:57:33.994185-08:00,read,key_718,1.20,false,false,0
2025-11-27T15:57:33.686972-08:00,write,key_296,308.70,true,false,407
2025-11-27T15:57:34.004866-08:00,read,key_655,1.20,false,false,0
2025-11-27T15:57:34.027276-08:00,read,key_735,1.23,true,false,143
2025-11-27T15:57:34.03843-08:00,read,key_686,0.91,false,false,0
2025-11-27T15:57:34.049702-08:00,read,key_984,1.48,false,false,0
2025-11-27T15:57:34.060873-08:00,read,key_309,1.16,true,false,378
2025-11-27T15:57:34.071609-08:00,read,key_356,1.23,false,false,0
2025-11-27T15:57:34.082756-08:00,read,key_275,1.26,false,false,0
2025-11-27T15:57:34.093937-08:00,read,key_695,1.22,false,false,0
2025-11-27T15:57:34.104856-08:00,read,key_166,1.04,false,false,0
2025-11-27T15:57:34.116035-08:00,read,key_983,1.41,false,false,0
2025-11-27T15:57:34.127207-08:00,read,key_405,1.74,false,false,0
2025-11-27T15:57:34.137986-08:00,read,key_693,1.70,true,false,239
2025-11-27T15:57:34.149205-08:00,read,key_834,1.98,false,false,0
2025-11-27T15:57:34.160351-08:00,read,key_350,2.05,true,false,266
2025-11-27T15:57:34.171113-08:00,read,key_652,1.67,true,false,126
2025-11-27T15:57:34.182302-08:00,read,key_513,2.37,false,false,0
2025-11-27T15:57:34.193368-08:00,read,key_359,2.18,false,false,0
2025-11-27T15:57:34.204566-08:00,read,key_683,1.48,true,false,408
2025-11-27T15:57:33.906901-08:00,write,key_683,307.06,true,false,408
2025-11-27T15:57:34.214798-08:00,read,key_925,1.38,false,false,0
2025-11-27T15:57:34.226058-08:00,read,key_430,2.15,true,false,236
2025-11-27T15:57:34.237173-08:00,read,key_879,1.60,false,false,0
2025-11-27T15:57:34.248193-08:00,read,key_726,1.52,false,false,0
2025-11-27T15:57:34.27064-08:00,read,key_245,2.03,true,false,309
2025-11-27T15:57:34.281357-08:00,read,key_702,1.96,false,false,0
2025-11-27T15:57:34.291896-08:00,read,key_898,2.22,false,false,0
2025-11-27T15:57:34.303064-08:00,read,key_702,1.62,false,false,0
2025-11-27T15:57:34.314255-08:00,read,key_758,1.83,true,false,352
2025-11-27T15:57:34.016148-08:00,write,key_499,307.44,true,false,409
2025-11-27T15:57:34.324521-08:00,read,key_727,3.83,true,false,221
2025-11-27T15:57:34.335546-08:00,read,key_273,1.46,false,false,0
2025-11-27T15:57:34.346802-08:00,read,key_19,1.72,false,false,0
2025-11-27T15:57:34.358007-08:00,read,key_290,2.25,false,false,0
2025-11-27T15:57:34.369207-08:00,read,key_110,1.90,true,false,394
2025-11-27T15:57:34.380241-08:00,read,key_848,1.92,false,false,0
2025-11-27T15:57:34.390833-08:00,read,key_365,1.71,true,false,233
2025-11-27T15:57:34.401312-08:00,read,key_44,2.12,false,false,0
2025-11-27T15:57:34.412485-08:00,read,key_911,2.07,true,false,285
2025-11-27T15:57:34.423686-08:00,read,key_468,1.94,false,false,0
2025-11-27T15:57:34.434613-08:00,read,key_108,2.10,false,false,0
2025-11-27T15:57:34.445802-08:00,read,key_839,2.11,false,false,0
2025-11-27T15:57:34.456585-08:00,read,key_69,2.09,false,false,0
2025-11-27T15:57:34.467778-08:00,read,key_822,2.13,false,false,0
2025-11-27T15:57:34.478953-08:00,read,key_905,1.55,true,false,324
2025-11-27T15:57:34.50055-08:00,read,key_92,2.14,false,false,0
2025-11-27T15:57:34.511684-08:00,read,key_761,1.85,true,false,292
2025-11-27T15:57:34.533668-08:00,read,key_498,4.88,false,false,0
2025-11-27T15:57:34.544512-08:00,read,key_184,1.82,false,false,0
2025-11-27T15:57:34.25946-08:00,write,key_730,304.24,true,false,410
2025-11-27T15:57:34.577205-08:00,read,key_387,4.16,true,false,219
2025-11-27T15:57:34.587611-08:00,read,key_30,1.84,false,false,0
2025-11-27T15:57:34.597833-08:00,read,key_840,1.54,false,false,0
2025-11-27T15:57:34.608845-08:00,read,key_220,2.09,false,false,0
2025-11-27T15:57:34.631211-08:00,read,key_369,4.92,true,false,67
2025-11-27T15:57:34.642231-08:00,read,key_992,2.20,false,false,0
2025-11-27T15:57:34.653375-08:00,read,key_687,1.78,true,false,25
2025-11-27T15:57:34.664546-08:00,read,key_659,1.53,false,false,0
2025-11-27T15:57:34.675704-08:00,read,key_734,2.10,true,false,237
2025-11-27T15:57:34.686613-08:00,read,key_217,1.77,true,false,300
2025-11-27T15:57:34.697793-08:00,read,key_606,1.75,false,false,0
2025-11-27T15:57:34.709024-08:00,read,key_22,2.10,false,false,0
2025-11-27T15:57:34.720207-08:00,read,key_186,1.71,false,false,0
2025-11-27T15:57:34.731405-08:00,read,key_684,1.71,true,false,184
2025-11-27T15:57:34.742567-08:00,read,key_365,2.52,true,false,233
2025-11-27T15:57:34.753705-08:00,read,key_209,1.87,false,false,0
2025-11-27T15:57:34.76491-08:00,read,key_896,1.59,true,false,377
2025-11-27T15:57:34.775456-08:00,read,key_876,2.09,false,false,0
2025-11-27T15:57:34.786659-08:00,read,key_152,1.80,false,false,0
2025-11-27T15:57:34.489582-08:00,write,key_937,306.07,true,false,411
2025-11-27T15:57:34.796947-08:00,read,key_496,1.27,true,false,395
2025-11-27T15:57:34.808096-08:00,read,key_237,2.20,true,false,73
2025-11-27T15:57:34.819323-08:00,read,key_39,1.67,true,false,336
2025-11-27T15:57:34.522891-08:00,write,key_750,305.13,true,false,412
2025-11-27T15:57:34.829708-08:00,read,key_464,1.28,false,false,0
2025-11-27T15:57:34.840882-08:00,read,key_401,2.00,false,false,0
2025-11-27T15:57:34.852132-08:00,read,key_927,2.01,true,false,316
2025-11-27T15:57:34.555691-08:00,write,key_65,309.08,true,false,413
2025-11-27T15:57:34.86331-08:00,read,key_717,2.28,false,false,0
2025-11-27T15:57:34.566102-08:00,write,key_300,307.07,true,false,414
2025-11-27T15:57:34.873445-08:00,read,key_807,1.22,false,false,0
2025-11-27T15:57:34.88463-08:00,read,key_431,1.91,true,false,16
2025-11-27T15:57:34.895823-08:00,read,key_304,1.73,true,false,34
2025-11-27T15:57:34.907007-08:00,read,key_197,1.83,true,false,49
2025-11-27T15:57:34.918203-08:00,read,key_371,1.98,false,false,0
2025-11-27T15:57:34.620005-08:00,write,key_759,304.88,true,false,415
2025-11-27T15:57:34.928792-08:00,read,key_237,1.49,true,false,73
2025-11-27T15:57:34.94001-08:00,read,key_830,2.06,false,false,0
2025-11-27T15:57:34.950563-08:00,read,key_34,2.09,false,false,0
2025-11-27T15:57:34.961725-08:00,read,key_903,1.81,true,false,338
2025-11-27T15:57:34.972901-08:00,read,key_453,1.78,false,false,0
2025-11-27T15:57:34.994923-08:00,read,key_171,1.65,false,false,0
2025-11-27T15:57:35.006166-08:00,read,key_163,1.84,false,false,0
2025-11-27T15:57:35.016942-08:00,read,key_315,2.15,false,false,0
2025-11-27T15:57:35.028076-08:00,read,key_466,1.60,true,false,404
2025-11-27T15:57:35.039241-08:00,read,key_248,1.85,true,false,349
2025-11-27T15:57:35.050612-08:00,read,key_495,2.04,false,false,0
2025-11-27T15:57:35.061774-08:00,read,key_101,1.74,false,false,0
2025-11-27T15:57:35.073037-08:00,read,key_432,1.78,true,false,188
2025-11-27T15:57:35.083618-08:00,read,key_271,1.99,false,false,0
2025-11-27T15:57:35.09481-08:00,read,key_557,1.71,false,false,0
2025-11-27T15:57:35.105245-08:00,read,key_186,1.82,false,false,0
2025-11-27T15:57:35.116419-08:00,read,key_703,1.99,false,false,0
2025-11-27T15:57:35.12764-08:00,read,key_980,1.03,false,false,0
2025-11-27T15:57:35.138745-08:00,read,key_882,0.90,false,false,0
2025-11-27T15:57:35.149905-08:00,read,key_181,2.22,false,false,0
2025-11-27T15:57:35.161032-08:00,read,key_307,1.69,false,false,0
2025-11-27T15:57:35.184512-08:00,read,key_831,4.80,false,false,0
2025-11-27T15:57:35.195295-08:00,read,key_140,1.18,false,false,0
2025-11-27T15:57:35.217812-08:00,read,key_959,2.97,true,false,70
2025-11-27T15:57:35.228837-08:00,read,key_895,1.10,true,false,331
2025-11-27T15:57:35.239865-08:00,read,key_704,1.46,true,false,187
2025-11-27T15:57:35.251063-08:00,read,key_630,2.13,false,false,0
2025-11-27T15:57:35.262203-08:00,read,key_13,1.70,false,false,0
2025-11-27T15:57:35.273413-08:00,read,key_896,1.85,true,false,377
2025-11-27T15:57:35.283911-08:00,read,key_707,2.12,true,false,339
2025-11-27T15:57:34.983674-08:00,write,key_127,306.76,true,false,416
2025-11-27T15:57:35.29454-08:00,read,key_662,1.74,false,false,0
2025-11-27T15:57:35.304919-08:00,read,key_258,1.82,true,false,52
2025-11-27T15:57:35.316135-08:00,read,key_929,1.89,false,false,0
2025-11-27T15:57:35.338205-08:00,read,key_878,1.11,false,false,0
2025-11-27T15:57:35.349376-08:00,read,key_115,2.18,false,false,0
2025-11-27T15:57:35.360572-08:00,read,key_474,2.39,false,false,0
2025-11-27T15:57:35.371686-08:00,read,key_801,1.79,false,false,0
2025-11-27T15:57:35.382864-08:00,read,key_461,2.18,false,false,0
2025-11-27T15:57:35.3932-08:00,read,key_899,2.04,false,false,0
2025-11-27T15:57:35.404408-08:00,read,key_697,2.15,false,false,0
2025-11-27T15:57:35.415565-08:00,read,key_285,1.60,false,false,0
2025-11-27T15:57:35.426252-08:00,read,key_983,2.64,false,false,0
2025-11-27T15:57:35.437344-08:00,read,key_733,1.85,true,false,286
2025-11-27T15:57:35.448549-08:00,read,key_685,1.99,true,false,66
2025-11-27T15:57:35.470842-08:00,read,key_765,4.42,false,false,0
2025-11-27T15:57:35.172231-08:00,write,key_835,307.83,true,false,417
2025-11-27T15:57:35.492129-08:00,read,key_702,2.11,false,false,0
2025-11-27T15:57:35.503303-08:00,read,key_765,1.69,false,false,0
2025-11-27T15:57:35.513999-08:00,read,key_652,1.99,true,false,126
2025-11-27T15:57:35.206503-08:00,write,key_241,309.56,true,false,418
2025-11-27T15:57:35.52528-08:00,read,key_926,2.21,true,false,216
2025-11-27T15:57:35.536657-08:00,read,key_292,1.90,false,false,0
2025-11-27T15:57:35.547828-08:00,read,key_107,1.94,false,false,0
2025-11-27T15:57:35.569644-08:00,read,key_251,1.52,true,false,358
2025-11-27T15:57:35.580786-08:00,read,key_215,1.21,false,false,0
2025-11-27T15:57:35.592136-08:00,read,key_931,1.31,false,false,0
2025-11-27T15:57:35.614468-08:00,read,key_512,4.49,false,false,0
2025-11-27T15:57:35.625331-08:00,read,key_377,2.14,true,false,116
2025-11-27T15:57:35.327411-08:00,write,key_808,308.50,true,false,419
2025-11-27T15:57:35.636002-08:00,read,key_709,1.64,false,false,0
2025-11-27T15:57:35.646433-08:00,read,key_800,1.80,true,false,401
2025-11-27T15:57:35.657655-08:00,read,key_359,1.88,false,false,0
2025-11-27T15:57:35.667989-08:00,read,key_960,1.89,true,false,90
2025-11-27T15:57:35.679183-08:00,read,key_748,1.86,false,false,0
2025-11-27T15:57:35.690391-08:00,read,key_44,1.97,false,false,0
2025-11-27T15:57:35.701257-08:00,read,key_0,1.97,true,false,226
2025-11-27T15:57:35.712437-08:00,read,key_881,1.73,false,false,0
2025-11-27T15:57:35.723531-08:00,read,key_3,1.96,false,false,0
2025-11-27T15:57:35.733996-08:00,read,key_19,2.35,false,false,0
2025-11-27T15:57:35.756252-08:00,read,key_53,1.77,false,false,0
2025-11-27T15:57:35.459665-08:00,write,key_878,304.24,true,false,420
2025-11-27T15:57:35.766684-08:00,read,key_597,1.76,false,false,0
2025-11-27T15:57:35.481093-08:00,write,key_682,309.39,true,false,421
2025-11-27T15:57:35.788674-08:00,read,key_104,1.85,true,false,220
2025-11-27T15:57:35.799827-08:00,read,key_919,1.95,false,false,0
2025-11-27T15:57:35.811128-08:00,read,key_639,1.71,false,false,0
2025-11-27T15:57:35.821626-08:00,read,key_272,1.66,false,false,0
2025-11-27T15:57:35.832822-08:00,read,key_847,1.89,false,false,0
2025-11-27T15:57:35.844008-08:00,read,key_659,2.15,false,false,0
2025-11-27T15:57:35.855208-08:00,read,key_549,1.81,false,false,0
2025-11-27T15:57:35.86637-08:00,read,key_613,2.41,false,false,0
2025-11-27T15:57:35.558553-08:00,write,key_978,311.27,true,false,422
2025-11-27T15:57:35.877366-08:00,read,key_95,1.76,false,false,0
2025-11-27T15:57:35.888547-08:00,read,key_711,1.87,false,false,0
2025-11-27T15:57:35.899727-08:00,read,key_387,2.28,true,false,219
2025-11-27T15:57:35.603289-08:00,write,key_604,304.06,true,false,423
2025-11-27T15:57:35.932589-08:00,read,key_360,2.76,false,false,0
2025-11-27T15:57:35.942868-08:00,read,key_735,1.38,true,false,143
2025-11-27T15:57:35.954019-08:00,read,key_233,1.15,false,false,0
2025-11-27T15:57:35.964884-08:00,read,key_792,1.81,true,false,368
2025-11-27T15:57:35.975929-08:00,read,key_264,2.71,false,false,0
2025-11-27T15:57:35.998243-08:00,read,key_820,4.54,true,false,424
2025-11-27T15:57:36.008747-08:00,read,key_779,1.99,false,false,0
2025-11-27T15:57:36.019898-08:00,read,key_181,1.62,false,false,0
2025-11-27T15:57:36.030544-08:00,read,key_271,1.83,false,false,0
2025-11-27T15:57:36.041718-08:00,read,key_759,2.44,true,false,415
2025-11-27T15:57:35.745158-08:00,write,key_820,309.50,true,false,424
2025-11-27T15:57:36.052882-08:00,read,key_76,1.86,true,false,230
2025-11-27T15:57:36.064229-08:00,read,key_666,1.76,false,false,0
2025-11-27T15:57:36.075754-08:00,read,key_296,2.10,true,false,407
2025-11-27T15:57:35.77796-08:00,write,key_838,307.84,true,false,425
2025-11-27T15:57:36.085884-08:00,read,key_124,1.68,true,false,379
2025-11-27T15:57:36.097083-08:00,read,key_952,1.65,false,false,0
2025-11-27T15:57:36.10825-08:00,read,key_10,2.39,true,false,22
2025-11-27T15:57:36.119472-08:00,read,key_107,0.92,false,false,0
2025-11-27T15:57:36.129888-08:00,read,key_655,1.69,false,false,0
2025-11-27T15:57:36.141128-08:00,read,key_877,2.59,true,false,243
2025-11-27T15:57:36.152287-08:00,read,key_74,1.69,false,false,0
2025-11-27T15:57:36.163479-08:00,read,key_99,1.71,false,false,0
2025-11-27T15:57:36.174656-08:00,read,key_759,2.37,true,false,415
2025-11-27T15:57:36.185841-08:00,read,key_415,1.89,false,false,0
2025-11-27T15:57:36.197035-08:00,read,key_26,1.65,false,false,0
2025-11-27T15:57:36.208219-08:00,read,key_652,2.28,true,false,126
2025-11-27T15:57:35.910239-08:00,write,key_438,305.04,true,false,426
2025-11-27T15:57:36.218801-08:00,read,key_563,1.81,true,false,371
2025-11-27T15:57:35.921441-08:00,write,key_468,306.64,true,false,427
2025-11-27T15:57:36.228971-08:00,read,key_931,1.25,false,false,0
2025-11-27T15:57:36.240006-08:00,read,key_747,1.73,false,false,0
2025-11-27T15:57:36.251171-08:00,read,key_596,2.04,false,false,0
2025-11-27T15:57:36.262335-08:00,read,key_460,1.77,false,false,0
2025-11-27T15:57:36.273298-08:00,read,key_389,1.88,false,false,0
2025-11-27T15:57:36.284531-08:00,read,key_510,2.26,false,false,0
2025-11-27T15:57:35.987082-08:00,write,key_53,307.32,true,false,428
2025-11-27T15:57:36.294734-08:00,read,key_642,1.55,true,false,330
2025-11-27T15:57:36.305918-08:00,read,key_768,1.64,false,false,0
2025-11-27T15:57:36.317091-08:00,read,key_596,2.22,false,false,0
2025-11-27T15:57:36.328236-08:00,read,key_860,1.80,true,false,403
2025-11-27T15:57:36.338757-08:00,read,key_900,1.85,true,false,259
2025-11-27T15:57:36.34994-08:00,read,key_224,2.82,false,false,0
2025-11-27T15:57:36.36098-08:00,read,key_442,1.70,false,false,0
2025-11-27T15:57:36.372132-08:00,read,key_814,1.79,false,false,0
2025-11-27T15:57:36.383327-08:00,read,key_256,2.17,false,false,0
2025-11-27T15:57:36.394563-08:00,read,key_984,1.61,false,false,0
2025-11-27T15:57:36.416923-08:00,read,key_142,2.35,false,false,0
2025-11-27T15:57:36.427997-08:00,read,key_463,1.71,false,false,0
2025-11-27T15:57:36.439216-08:00,read,key_968,1.92,false,false,0
2025-11-27T15:57:36.450491-08:00,read,key_10,2.00,true,false,22
2025-11-27T15:57:36.461641-08:00,read,key_847,1.78,false,false,0
2025-11-27T15:57:36.472864-08:00,read,key_740,1.88,false,false,0
2025-11-27T15:57:36.484043-08:00,read,key_445,1.90,false,false,0
2025-11-27T15:57:36.494696-08:00,read,key_934,1.68,true,false,288
2025-11-27T15:57:36.504938-08:00,read,key_375,1.80,false,false,0
2025-11-27T15:57:36.516126-08:00,read,key_50,1.75,false,false,0
2025-11-27T15:57:36.527353-08:00,read,key_985,1.79,false,false,0
2025-11-27T15:57:36.538549-08:00,read,key_201,2.01,true,false,388
2025-11-27T15:57:36.549749-08:00,read,key_735,2.07,true,false,143
2025-11-27T15:57:36.559936-08:00,read,key_57,1.96,false,false,0
2025-11-27T15:57:36.571157-08:00,read,key_254,1.91,false,false,0
2025-11-27T15:57:36.582328-08:00,read,key_127,2.27,true,false,416
2025-11-27T15:57:36.604032-08:00,read,key_164,4.89,true,false,307
2025-11-27T15:57:36.614849-08:00,read,key_24,1.60,true,false,340
2025-11-27T15:57:36.626038-08:00,read,key_619,2.02,false,false,0
2025-11-27T15:57:36.637206-08:00,read,key_430,1.76,true,false,236
2025-11-27T15:57:36.648415-08:00,read,key_108,1.90,false,false,0
2025-11-27T15:57:36.659588-08:00,read,key_910,2.14,true,false,299
2025-11-27T15:57:36.670765-08:00,read,key_595,1.91,true,false,27
2025-11-27T15:57:36.681947-08:00,read,key_837,1.79,true,false,74
2025-11-27T15:57:36.69314-08:00,read,key_807,2.62,false,false,0
2025-11-27T15:57:36.704233-08:00,read,key_629,2.27,true,false,17
2025-11-27T15:57:36.405762-08:00,write,key_4,304.45,true,false,429
2025-11-27T15:57:36.714905-08:00,read,key_950,1.38,true,false,194
2025-11-27T15:57:36.725316-08:00,read,key_183,1.81,false,false,0
2025-11-27T15:57:36.736509-08:00,read,key_236,1.73,false,false,0
2025-11-27T15:57:36.746831-08:00,read,key_125,1.91,false,false,0
2025-11-27T15:57:36.75801-08:00,read,key_761,2.16,true,false,292
2025-11-27T15:57:36.76918-08:00,read,key_239,1.80,true,false,322
2025-11-27T15:57:36.779942-08:00,read,key_766,1.97,false,false,0
2025-11-27T15:57:36.791126-08:00,read,key_601,2.05,true,false,87
2025-11-27T15:57:36.802311-08:00,read,key_761,1.87,true,false,292
2025-11-27T15:57:36.824785-08:00,read,key_665,1.81,false,false,0
2025-11-27T15:57:36.835967-08:00,read,key_179,2.08,true,false,319
2025-11-27T15:57:36.846557-08:00,read,key_585,1.96,true,false,246
2025-11-27T15:57:36.857715-08:00,read,key_167,1.85,false,false,0
2025-11-27T15:57:36.868034-08:00,read,key_666,1.93,false,false,0
2025-11-27T15:57:36.889476-08:00,read,key_835,5.13,true,false,417
2025-11-27T15:57:36.592844-08:00,write,key_688,307.16,true,false,430
2025-11-27T15:57:36.899962-08:00,read,key_313,1.72,true,false,148
2025-11-27T15:57:36.911236-08:00,read,key_129,1.71,true,false,54
2025-11-27T15:57:36.922373-08:00,read,key_108,1.43,false,false,0
2025-11-27T15:57:36.933546-08:00,read,key_807,2.08,false,false,0
2025-11-27T15:57:36.955946-08:00,read,key_833,1.93,false,false,0
2025-11-27T15:57:36.967221-08:00,read,key_307,2.05,false,false,0
2025-11-27T15:57:36.978442-08:00,read,key_433,1.86,false,false,0
2025-11-27T15:57:36.98961-08:00,read,key_376,1.43,true,false,267
2025-11-27T15:57:37.000814-08:00,read,key_124,2.25,true,false,379
2025-11-27T15:57:37.023727-08:00,read,key_202,4.76,false,false,0
2025-11-27T15:57:37.034516-08:00,read,key_595,1.81,true,false,27
2025-11-27T15:57:37.045686-08:00,read,key_407,1.89,false,false,0
2025-11-27T15:57:37.056227-08:00,read,key_354,1.44,false,false,0
2025-11-27T15:57:37.067426-08:00,read,key_347,2.12,false,false,0
2025-11-27T15:57:37.078577-08:00,read,key_32,1.94,false,false,0
2025-11-27T15:57:37.089397-08:00,read,key_116,1.84,true,false,433
2025-11-27T15:57:37.100619-08:00,read,key_284,2.14,false,false,0
2025-11-27T15:57:37.111759-08:00,read,key_171,1.55,false,false,0
2025-11-27T15:57:36.813511-08:00,write,key_36,304.50,true,false,431
2025-11-27T15:57:37.122395-08:00,read,key_12,0.92,false,false,0
2025-11-27T15:57:37.133586-08:00,read,key_836,2.07,false,false,0
2025-11-27T15:57:37.14479-08:00,read,key_65,1.07,true,false,413
2025-11-27T15:57:37.167335-08:00,read,key_627,2.19,false,false,0
2025-11-27T15:57:37.178522-08:00,read,key_125,1.92,false,false,0
2025-11-27T15:57:36.878289-08:00,write,key_197,308.22,true,false,432
2025-11-27T15:57:37.200227-08:00,read,key_362,1.98,false,false,0
2025-11-27T15:57:37.211362-08:00,read,key_667,1.79,false,false,0
2025-11-27T15:57:37.222581-08:00,read,key_282,1.75,false,false,0
2025-11-27T15:57:37.233733-08:00,read,key_161,1.95,false,false,0
2025-11-27T15:57:37.244978-08:00,read,key_21,1.81,false,false,0
2025-11-27T15:57:36.944765-08:00,write,key_116,311.23,true,false,433
2025-11-27T15:57:37.266439-08:00,read,key_982,2.14,false,false,0
2025-11-27T15:57:37.27766-08:00,read,key_833,1.88,false,false,0
2025-11-27T15:57:37.288258-08:00,read,key_719,1.80,false,false,0
2025-11-27T15:57:37.2988-08:00,read,key_561,1.73,false,false,0
2025-11-27T15:57:37.310134-08:00,read,key_960,2.85,true,false,90
2025-11-27T15:57:37.011997-08:00,write,key_352,306.02,true,false,434
2025-11-27T15:57:37.320616-08:00,read,key_27,1.58,false,false,0
2025-11-27T15:57:37.33164-08:00,read,key_801,1.73,false,false,0
2025-11-27T15:57:37.342927-08:00,read,key_141,2.59,false,false,0
2025-11-27T15:57:37.35398-08:00,read,key_224,1.72,false,false,0
2025-11-27T15:57:37.365123-08:00,read,key_731,1.66,false,false,0
2025-11-27T15:57:37.376272-08:00,read,key_757,2.19,true,false,146
2025-11-27T15:57:37.387428-08:00,read,key_662,1.98,false,false,0
2025-11-27T15:57:37.39837-08:00,read,key_179,1.84,true,false,319
2025-11-27T15:57:37.409642-08:00,read,key_985,2.25,false,false,0
2025-11-27T15:57:37.420806-08:00,read,key_540,1.94,false,false,0
2025-11-27T15:57:37.432011-08:00,read,key_873,1.85,false,false,0
2025-11-27T15:57:37.443133-08:00,read,key_860,2.37,true,false,403
2025-11-27T15:57:37.155969-08:00,write,key_728,305.67,true,false,435
2025-11-27T15:57:37.464533-08:00,read,key_370,1.21,false,false,0
2025-11-27T15:57:37.475853-08:00,read,key_645,2.13,false,false,0
2025-11-27T15:57:37.487042-08:00,read,key_492,1.85,false,false,0
2025-11-27T15:57:37.189011-08:00,write,key_955,306.20,true,false,436
2025-11-27T15:57:37.497415-08:00,read,key_403,1.20,false,false,0
2025-11-27T15:57:37.542269-08:00,read,key_226,5.23,true,false,268
2025-11-27T15:57:37.553009-08:00,read,key_438,1.57,true,false,426
2025-11-27T15:57:37.256069-08:00,write,key_193,307.73,true,false,437
2025-11-27T15:57:37.563798-08:00,read,key_745,1.29,false,false,0
2025-11-27T15:57:37.574675-08:00,read,key_5,2.45,true,false,225
2025-11-27T15:57:37.585889-08:00,read,key_194,1.74,false,false,0
2025-11-27T15:57:37.597069-08:00,read,key_69,1.67,false,false,0
2025-11-27T15:57:37.608188-08:00,read,key_666,2.10,false,false,0
2025-11-27T15:57:37.619435-08:00,read,key_905,1.29,true,false,324
2025-11-27T15:57:37.641146-08:00,read,key_756,2.76,true,false,439
2025-11-27T15:57:37.652147-08:00,read,key_160,1.82,false,false,0
2025-11-27T15:57:37.663328-08:00,read,key_137,1.97,true,false,291
2025-11-27T15:57:37.673693-08:00,read,key_110,2.15,true,false,394
2025-11-27T15:57:37.68444-08:00,read,key_685,2.27,true,false,66
2025-11-27T15:57:37.695578-08:00,read,key_375,1.16,false,false,0
2025-11-27T15:57:37.706587-08:00,read,key_477,1.11,false,false,0
2025-11-27T15:57:37.728086-08:00,read,key_659,3.03,false,false,0
2025-11-27T15:57:37.739059-08:00,read,key_618,0.87,true,false,337
2025-11-27T15:57:37.750261-08:00,read,key_561,2.19,false,false,0
2025-11-27T15:57:37.76097-08:00,read,key_566,1.20,true,false,442
2025-11-27T15:57:37.454093-08:00,write,key_877,308.85,true,false,438
2025-11-27T15:57:37.772122-08:00,read,key_108,1.21,false,false,0
2025-11-27T15:57:37.783283-08:00,read,key_750,2.12,true,false,412
2025-11-27T15:57:37.794027-08:00,read,key_197,2.02,true,false,432
2025-11-27T15:57:37.805229-08:00,read,key_746,1.82,true,false,362
2025-11-27T15:57:37.508697-08:00,write,key_756,306.08,true,false,439
2025-11-27T15:57:37.815404-08:00,read,key_780,1.28,false,false,0
2025-11-27T15:57:37.519921-08:00,write,key_277,307.80,true,false,440
2025-11-27T15:57:37.826179-08:00,read,key_291,1.94,true,false,305
2025-11-27T15:57:37.836575-08:00,read,key_190,1.56,false,false,0
2025-11-27T15:57:37.531109-08:00,write,key_833,308.49,true,false,441
2025-11-27T15:57:37.846724-08:00,read,key_401,0.83,true,false,443
2025-11-27T15:57:37.857917-08:00,read,key_934,1.36,true,false,288
2025-11-27T15:57:37.869178-08:00,read,key_231,1.83,false,false,0
2025-11-27T15:57:37.891125-08:00,read,key_431,2.17,true,false,16
2025-11-27T15:57:37.902287-08:00,read,key_348,1.84,true,false,99
2025-11-27T15:57:37.913412-08:00,read,key_33,1.71,false,false,0
2025-11-27T15:57:37.924588-08:00,read,key_168,1.95,true,false,297
2025-11-27T15:57:37.630641-08:00,write,key_566,307.01,true,false,442
2025-11-27T15:57:37.935833-08:00,read,key_729,2.18,true,false,13
2025-11-27T15:57:37.946538-08:00,read,key_382,1.16,false,false,0
2025-11-27T15:57:37.957764-08:00,read,key_756,1.98,true,false,439
2025-11-27T15:57:37.968931-08:00,read,key_236,1.68,false,false,0
2025-11-27T15:57:37.980162-08:00,read,key_840,1.80,false,false,0
2025-11-27T15:57:37.99134-08:00,read,key_5,2.18,true,false,225
2025-11-27T15:57:38.002526-08:00,read,key_385,1.76,false,false,0
2025-11-27T15:57:38.01376-08:00,read,key_557,1.89,false,false,0
2025-11-27T15:57:37.716911-08:00,write,key_401,311.20,true,false,443
2025-11-27T15:57:38.024988-08:00,read,key_537,3.24,true,false,295
2025-11-27T15:57:38.036027-08:00,read,key_553,1.51,false,false,0
2025-11-27T15:57:38.047242-08:00,read,key_653,2.00,false,false,0
2025-11-27T15:57:38.058386-08:00,read,key_768,2.17,false,false,0
2025-11-27T15:57:38.068932-08:00,read,key_119,1.69,false,false,0
2025-11-27T15:57:38.079114-08:00,read,key_317,1.85,true,false,95
2025-11-27T15:57:38.090217-08:00,read,key_658,1.02,false,false,0
2025-11-27T15:57:38.101265-08:00,read,key_591,1.22,false,false,0
2025-11-27T15:57:38.123488-08:00,read,key_883,0.64,false,false,0
2025-11-27T15:57:38.134362-08:00,read,key_286,0.68,false,false,0
2025-11-27T15:57:38.145474-08:00,read,key_741,0.78,false,false,0
2025-11-27T15:57:38.156583-08:00,read,key_903,0.65,true,false,338
2025-11-27T15:57:38.167759-08:00,read,key_552,0.62,false,false,0
2025-11-27T15:57:38.178843-08:00,read,key_778,0.90,false,false,0
2025-11-27T15:57:37.879929-08:00,write,key_548,304.48,true,false,444
2025-11-27T15:57:38.189493-08:00,read,key_616,0.83,true,false,361
2025-11-27T15:57:38.200606-08:00,read,key_989,0.82,false,false,0
2025-11-27T15:57:38.234018-08:00,read,key_789,2.38,true,false,314
2025-11-27T15:57:38.244991-08:00,read,key_631,1.12,false,false,0
2025-11-27T15:57:38.267187-08:00,read,key_272,2.25,true,false,445
2025-11-27T15:57:38.278207-08:00,read,key_995,0.95,false,false,0
2025-11-27T15:57:38.289324-08:00,read,key_984,0.99,false,false,0
2025-11-27T15:57:38.300402-08:00,read,key_276,0.92,false,false,0
2025-11-27T15:57:38.311484-08:00,read,key_802,1.07,true,false,244
2025-11-27T15:57:38.322569-08:00,read,key_173,1.19,false,false,0
2025-11-27T15:57:38.333663-08:00,read,key_16,1.21,false,false,0
2025-11-27T15:57:38.344743-08:00,read,key_612,1.58,false,false,0
2025-11-27T15:57:38.3558-08:00,read,key_611,1.43,false,false,0
2025-11-27T15:57:38.366864-08:00,read,key_460,1.42,false,false,0
2025-11-27T15:57:38.378059-08:00,read,key_431,1.62,true,false,16
2025-11-27T15:57:38.38896-08:00,read,key_808,1.42,true,false,419
2025-11-27T15:57:38.40016-08:00,read,key_905,1.85,true,false,324
2025-11-27T15:57:38.411379-08:00,read,key_778,2.75,false,false,0
2025-11-27T15:57:38.112391-08:00,write,key_272,304.40,true,false,445
2025-11-27T15:57:38.422207-08:00,read,key_711,1.62,false,false,0
2025-11-27T15:57:38.433503-08:00,read,key_710,2.16,false,false,0
2025-11-27T15:57:38.444624-08:00,read,key_180,1.82,true,false,185
2025-11-27T15:57:38.455795-08:00,read,key_12,2.12,false,false,0
2025-11-27T15:57:38.478148-08:00,read,key_433,1.21,false,false,0
2025-11-27T15:57:38.488857-08:00,read,key_898,1.74,false,false,0
2025-11-27T15:57:38.500052-08:00,read,key_513,1.84,false,false,0
2025-11-27T15:57:38.511329-08:00,read,key_948,1.50,false,false,0
2025-11-27T15:57:38.211657-08:00,write,key_734,307.85,true,false,446
2025-11-27T15:57:38.222938-08:00,write,key_544,304.85,true,false,447
2025-11-27T15:57:38.532371-08:00,read,key_548,1.63,true,false,444
2025-11-27T15:57:38.543672-08:00,read,key_931,1.85,false,false,0
2025-11-27T15:57:38.554863-08:00,read,key_304,1.92,true,false,34
2025-11-27T15:57:38.256086-08:00,write,key_5,308.95,true,false,448
2025-11-27T15:57:38.56502-08:00,read,key_278,1.40,true,false,344
2025-11-27T15:57:38.575817-08:00,read,key_800,2.54,true,false,401
2025-11-27T15:57:38.597555-08:00,read,key_355,1.59,true,false,254
2025-11-27T15:57:38.608807-08:00,read,key_554,2.18,true,false,333
2025-11-27T15:57:38.619972-08:00,read,key_475,1.83,true,false,310
2025-11-27T15:57:38.631187-08:00,read,key_147,1.47,false,false,0
2025-11-27T15:57:38.64237-08:00,read,key_692,2.22,true,false,383
2025-11-27T15:57:38.653034-08:00,read,key_719,2.07,false,false,0
2025-11-27T15:57:38.664039-08:00,read,key_226,1.87,true,false,268
2025-11-27T15:57:38.68667-08:00,read,key_46,4.69,false,false,0
2025-11-27T15:57:38.697529-08:00,read,key_272,1.65,true,false,445
2025-11-27T15:57:38.709003-08:00,read,key_284,2.27,false,false,0
2025-11-27T15:57:38.720091-08:00,read,key_637,1.65,false,false,0
2025-11-27T15:57:38.731276-08:00,read,key_430,1.12,true,false,236
2025-11-27T15:57:38.742427-08:00,read,key_706,1.32,false,false,0
2025-11-27T15:57:38.753596-08:00,read,key_18,1.84,false,false,0
2025-11-27T15:57:38.466861-08:00,write,key_374,307.15,true,false,449
2025-11-27T15:57:38.775052-08:00,read,key_289,2.36,false,false,0
2025-11-27T15:57:38.785533-08:00,read,key_603,0.87,true,false,26
2025-11-27T15:57:38.796793-08:00,read,key_197,1.81,true,false,432
2025-11-27T15:57:38.807495-08:00,read,key_465,1.76,false,false,0
2025-11-27T15:57:38.81867-08:00,read,key_66,1.63,false,false,0
2025-11-27T15:57:38.521711-08:00,write,key_902,306.54,true,false,450
2025-11-27T15:57:38.828844-08:00,read,key_630,1.18,false,false,0
2025-11-27T15:57:38.83948-08:00,read,key_53,1.92,true,false,428
2025-11-27T15:57:38.850404-08:00,read,key_832,1.96,false,false,0
2025-11-27T15:57:38.861587-08:00,read,key_782,1.81,false,false,0
2025-11-27T15:57:38.872723-08:00,read,key_611,1.83,false,false,0
2025-11-27T15:57:38.883988-08:00,read,key_832,1.91,false,false,0
2025-11-27T15:57:38.586604-08:00,write,key_740,306.64,true,false,451
2025-11-27T15:57:38.894298-08:00,read,key_223,0.67,true,false,264
2025-11-27T15:57:38.905425-08:00,read,key_953,1.13,false,false,0
2025-11-27T15:57:38.916577-08:00,read,key_263,1.83,true,false,329
2025-11-27T15:57:38.927815-08:00,read,key_970,1.86,true,false,84
2025-11-27T15:57:38.939048-08:00,read,key_11,1.74,false,false,0
2025-11-27T15:57:38.961452-08:00,read,key_356,1.89,false,false,0
2025-11-27T15:57:38.972611-08:00,read,key_54,1.93,false,false,0
2025-11-27T15:57:38.675418-08:00,write,key_368,306.53,true,false,452
2025-11-27T15:57:38.982841-08:00,read,key_759,1.73,true,false,415
2025-11-27T15:57:38.99398-08:00,read,key_7,1.50,true,false,372
2025-11-27T15:57:39.004861-08:00,read,key_11,1.72,false,false,0
2025-11-27T15:57:39.01601-08:00,read,key_474,1.42,false,false,0
2025-11-27T15:57:39.027161-08:00,read,key_477,1.89,false,false,0
2025-11-27T15:57:39.038355-08:00,read,key_46,1.78,false,false,0
2025-11-27T15:57:39.049551-08:00,read,key_419,2.46,true,false,281
2025-11-27T15:57:39.060709-08:00,read,key_467,1.73,false,false,0
2025-11-27T15:57:38.764729-08:00,write,key_111,308.69,true,false,453
2025-11-27T15:57:39.071859-08:00,read,key_799,1.84,true,false,363
2025-11-27T15:57:39.083059-08:00,read,key_665,2.23,false,false,0
2025-11-27T15:57:39.094379-08:00,read,key_367,1.73,true,false,193
2025-11-27T15:57:39.105586-08:00,read,key_404,1.94,false,false,0
2025-11-27T15:57:39.116846-08:00,read,key_236,2.34,false,false,0
2025-11-27T15:57:39.128043-08:00,read,key_105,1.80,true,false,351
2025-11-27T15:57:39.13821-08:00,read,key_129,1.89,true,false,54
2025-11-27T15:57:39.160718-08:00,read,key_501,2.00,false,false,0
2025-11-27T15:57:39.171515-08:00,read,key_94,1.02,false,false,0
2025-11-27T15:57:39.18265-08:00,read,key_15,1.25,false,false,0
2025-11-27T15:57:39.193009-08:00,read,key_92,1.12,false,false,0
2025-11-27T15:57:39.204186-08:00,read,key_173,1.13,false,false,0
2025-11-27T15:57:39.214394-08:00,read,key_556,1.16,false,false,0
2025-11-27T15:57:39.225608-08:00,read,key_667,2.62,false,false,0
2025-11-27T15:57:39.247894-08:00,read,key_211,4.89,false,false,0
2025-11-27T15:57:38.950266-08:00,write,key_78,306.77,true,false,454
2025-11-27T15:57:39.258142-08:00,read,key_75,1.62,true,false,28
2025-11-27T15:57:39.269314-08:00,read,key_369,1.78,true,false,67
2025-11-27T15:57:39.280552-08:00,read,key_887,1.59,false,false,0
2025-11-27T15:57:39.2917-08:00,read,key_681,2.97,true,false,47
2025-11-27T15:57:39.302783-08:00,read,key_233,1.63,false,false,0
2025-11-27T15:57:39.31393-08:00,read,key_883,1.94,false,false,0
2025-11-27T15:57:39.325325-08:00,read,key_807,2.18,false,false,0
2025-11-27T15:57:39.33649-08:00,read,key_477,1.70,false,false,0
2025-11-27T15:57:39.347675-08:00,read,key_0,2.11,true,false,226
2025-11-27T15:57:39.358885-08:00,read,key_366,2.38,false,false,0
2025-11-27T15:57:39.370039-08:00,read,key_929,1.56,false,false,0
2025-11-27T15:57:39.381265-08:00,read,key_644,1.83,false,false,0
2025-11-27T15:57:39.392467-08:00,read,key_757,2.40,true,false,146
2025-11-27T15:57:39.403624-08:00,read,key_364,2.00,false,false,0
2025-11-27T15:57:39.414811-08:00,read,key_825,1.62,false,false,0
2025-11-27T15:57:39.425179-08:00,read,key_312,2.67,false,false,0
2025-11-27T15:57:39.436404-08:00,read,key_563,2.11,true,false,371
2025-11-27T15:57:39.447543-08:00,read,key_728,2.45,true,false,435
2025-11-27T15:57:39.1494-08:00,write,key_113,307.56,true,false,455
2025-11-27T15:57:39.457705-08:00,read,key_366,1.55,false,false,0
2025-11-27T15:57:39.468078-08:00,read,key_636,2.52,false,false,0
2025-11-27T15:57:39.479257-08:00,read,key_882,1.99,false,false,0
2025-11-27T15:57:39.49042-08:00,read,key_406,2.09,true,false,218
2025-11-27T15:57:39.501264-08:00,read,key_995,2.16,false,false,0
2025-11-27T15:57:39.51169-08:00,read,key_762,2.26,false,false,0
2025-11-27T15:57:39.522847-08:00,read,key_819,1.77,false,false,0
2025-11-27T15:57:39.534065-08:00,read,key_919,2.27,false,false,0
2025-11-27T15:57:39.23674-08:00,write,key_702,307.57,true,false,456
2025-11-27T15:57:39.544296-08:00,read,key_304,1.83,true,false,34
2025-11-27T15:57:39.555473-08:00,read,key_824,1.61,false,false,0
2025-11-27T15:57:39.566651-08:00,read,key_921,1.92,false,false,0
2025-11-27T15:57:39.58843-08:00,read,key_438,1.93,true,false,426
2025-11-27T15:57:39.599584-08:00,read,key_598,2.19,false,false,0
2025-11-27T15:57:39.610765-08:00,read,key_878,1.79,true,false,420
2025-11-27T15:57:39.621984-08:00,read,key_229,1.75,true,false,96
2025-11-27T15:57:39.633167-08:00,read,key_780,2.43,false,false,0
2025-11-27T15:57:39.644231-08:00,read,key_668,1.53,false,false,0
2025-11-27T15:57:39.65539-08:00,read,key_291,1.22,true,false,305
2025-11-27T15:57:39.666523-08:00,read,key_32,1.69,false,false,0
2025-11-27T15:57:39.677707-08:00,read,key_206,1.83,false,false,0
2025-11-27T15:57:39.688222-08:00,read,key_303,1.83,true,false,325
2025-11-27T15:57:39.699401-08:00,read,key_200,2.02,true,false,359
2025-11-27T15:57:39.710663-08:00,read,key_12,2.11,false,false,0
2025-11-27T15:57:39.721808-08:00,read,key_299,1.65,false,false,0
2025-11-27T15:57:39.732974-08:00,read,key_888,2.02,false,false,0
2025-11-27T15:57:39.744114-08:00,read,key_891,1.97,true,false,210
2025-11-27T15:57:39.755337-08:00,read,key_126,1.86,true,false,8
2025-11-27T15:57:39.766552-08:00,read,key_649,2.05,false,false,0
2025-11-27T15:57:39.777733-08:00,read,key_39,1.97,true,false,336
2025-11-27T15:57:39.788944-08:00,read,key_465,1.79,false,false,0
2025-11-27T15:57:39.799468-08:00,read,key_255,2.25,false,false,0
2025-11-27T15:57:39.821968-08:00,read,key_190,5.18,false,false,0
2025-11-27T15:57:39.832127-08:00,read,key_95,1.64,false,false,0
2025-11-27T15:57:39.843138-08:00,read,key_730,1.23,true,false,410
2025-11-27T15:57:39.854323-08:00,read,key_512,1.85,false,false,0
2025-11-27T15:57:39.865505-08:00,read,key_117,2.04,false,false,0
2025-11-27T15:57:39.876334-08:00,read,key_462,2.27,false,false,0
2025-11-27T15:57:39.577787-08:00,write,key_845,307.50,true,false,457
2025-11-27T15:57:39.886665-08:00,read,key_717,1.73,false,false,0
2025-11-27T15:57:39.897887-08:00,read,key_435,1.75,true,false,19
2025-11-27T15:57:39.909177-08:00,read,key_738,2.39,false,false,0
2025-11-27T15:57:39.920218-08:00,read,key_793,1.11,true,false,293
2025-11-27T15:57:39.931484-08:00,read,key_430,1.96,true,false,236
2025-11-27T15:57:39.942713-08:00,read,key_301,2.28,false,false,0
2025-11-27T15:57:39.953855-08:00,read,key_277,2.08,true,false,440
2025-11-27T15:57:39.965022-08:00,read,key_837,1.89,true,false,74
2025-11-27T15:57:39.975672-08:00,read,key_372,2.23,false,false,0
2025-11-27T15:57:39.986766-08:00,read,key_892,2.07,false,false,0
2025-11-27T15:57:39.997598-08:00,read,key_909,2.07,false,false,0
2025-11-27T15:57:40.008567-08:00,read,key_174,2.81,true,false,135
2025-11-27T15:57:40.019637-08:00,read,key_889,1.74,false,false,0
2025-11-27T15:57:40.030879-08:00,read,key_824,1.76,false,false,0
2025-11-27T15:57:40.064466-08:00,read,key_386,4.28,true,false,374
2025-11-27T15:57:40.074786-08:00,read,key_18,1.05,false,false,0
2025-11-27T15:57:40.085957-08:00,read,key_304,1.12,true,false,34
2025-11-27T15:57:40.09644-08:00,read,key_433,1.77,false,false,0
2025-11-27T15:57:40.107631-08:00,read,key_290,3.33,false,false,0
2025-11-27T15:57:39.81069-08:00,write,key_5,305.75,true,false,458
2025-11-27T15:57:40.117883-08:00,read,key_184,1.70,false,false,0
2025-11-27T15:57:40.129058-08:00,read,key_162,1.33,false,false,0
2025-11-27T15:57:40.140206-08:00,read,key_54,1.13,false,false,0
2025-11-27T15:57:40.151362-08:00,read,key_199,1.18,false,false,0
2025-11-27T15:57:40.16243-08:00,read,key_406,1.80,true,false,218
2025-11-27T15:57:40.173636-08:00,read,key_253,2.27,false,false,0
2025-11-27T15:57:40.184531-08:00,read,key_465,1.99,false,false,0
2025-11-27T15:57:40.195327-08:00,read,key_840,1.99,false,false,0
2025-11-27T15:57:40.206554-08:00,read,key_38,1.83,false,false,0
2025-11-27T15:57:40.216956-08:00,read,key_609,1.86,false,false,0
2025-11-27T15:57:40.239039-08:00,read,key_599,1.83,true,false,171
2025-11-27T15:57:40.250237-08:00,read,key_295,2.07,true,false,380
2025-11-27T15:57:40.261463-08:00,read,key_908,1.73,true,false,183
2025-11-27T15:57:40.27163-08:00,read,key_989,1.73,false,false,0
2025-11-27T15:57:40.282882-08:00,read,key_410,1.83,true,false,231
2025-11-27T15:57:40.294055-08:00,read,key_511,1.80,false,false,0
2025-11-27T15:57:40.305071-08:00,read,key_629,2.15,true,false,17
2025-11-27T15:57:40.327487-08:00,read,key_398,4.78,true,false,120
2025-11-27T15:57:40.338215-08:00,read,key_935,1.72,true,false,61
2025-11-27T15:57:40.041999-08:00,write,key_747,306.08,true,false,459
2025-11-27T15:57:40.053265-08:00,write,key_128,306.68,true,false,460
2025-11-27T15:57:40.358821-08:00,read,key_955,2.46,true,false,436
2025-11-27T15:57:40.370007-08:00,read,key_433,1.73,false,false,0
2025-11-27T15:57:40.381231-08:00,read,key_608,1.87,true,false,342
2025-11-27T15:57:40.392494-08:00,read,key_900,2.15,true,false,259
2025-11-27T15:57:40.403652-08:00,read,key_307,1.78,false,false,0
2025-11-27T15:57:40.425333-08:00,read,key_8,2.01,false,false,0
2025-11-27T15:57:40.447727-08:00,read,key_979,4.65,false,false,0
2025-11-27T15:57:40.458606-08:00,read,key_646,1.95,true,false,366
2025-11-27T15:57:40.469824-08:00,read,key_812,1.63,false,false,0
2025-11-27T15:57:40.480938-08:00,read,key_986,1.68,false,false,0
2025-11-27T15:57:40.492246-08:00,read,key_976,2.13,false,false,0
2025-11-27T15:57:40.503396-08:00,read,key_256,1.65,false,false,0
2025-11-27T15:57:40.513919-08:00,read,key_783,2.05,true,false,294
2025-11-27T15:57:40.524712-08:00,read,key_984,1.53,false,false,0
2025-11-27T15:57:40.228121-08:00,write,key_917,305.32,true,false,461
2025-11-27T15:57:40.535075-08:00,read,key_300,0.78,true,false,414
2025-11-27T15:57:40.545954-08:00,read,key_774,0.86,true,false,46
2025-11-27T15:57:40.556695-08:00,read,key_251,0.98,true,false,358
2025-11-27T15:57:40.567942-08:00,read,key_41,0.73,false,false,0
2025-11-27T15:57:40.579099-08:00,read,key_929,0.62,false,false,0
2025-11-27T15:57:40.589869-08:00,read,key_751,0.65,true,false,274
2025-11-27T15:57:40.600232-08:00,read,key_731,0.66,false,false,0
2025-11-27T15:57:40.611422-08:00,read,key_254,0.63,false,false,0
2025-11-27T15:57:40.622553-08:00,read,key_300,0.63,true,false,414
2025-11-27T15:57:40.316252-08:00,write,key_297,308.03,true,false,462
2025-11-27T15:57:40.633369-08:00,read,key_229,0.73,true,false,96
2025-11-27T15:57:40.644551-08:00,read,key_120,1.29,false,false,0
2025-11-27T15:57:40.348439-08:00,write,key_789,307.16,true,false,463
2025-11-27T15:57:40.6548-08:00,read,key_414,1.12,false,false,0
2025-11-27T15:57:40.665901-08:00,read,key_744,0.87,true,false,224
2025-11-27T15:57:40.676163-08:00,read,key_439,1.34,true,false,50
2025-11-27T15:57:40.687232-08:00,read,key_682,1.71,true,false,421
2025-11-27T15:57:40.698303-08:00,read,key_472,1.51,false,false,0
2025-11-27T15:57:40.709473-08:00,read,key_93,2.26,false,false,0
2025-11-27T15:57:40.720614-08:00,read,key_872,1.72,true,false,375
2025-11-27T15:57:40.414821-08:00,write,key_188,307.56,true,false,464
2025-11-27T15:57:40.43649-08:00,write,key_309,309.57,true,false,465
2025-11-27T15:57:40.743497-08:00,read,key_881,3.12,false,false,0
2025-11-27T15:57:40.75348-08:00,read,key_892,0.89,false,false,0
2025-11-27T15:57:40.764653-08:00,read,key_698,1.79,false,false,0
2025-11-27T15:57:40.775845-08:00,read,key_309,2.94,true,false,465
2025-11-27T15:57:40.786935-08:00,read,key_552,1.87,false,false,0
2025-11-27T15:57:40.798126-08:00,read,key_399,1.83,false,false,0
2025-11-27T15:57:40.808855-08:00,read,key_221,2.19,false,false,0
2025-11-27T15:57:40.831177-08:00,read,key_202,1.87,false,false,0
2025-11-27T15:57:40.842368-08:00,read,key_657,2.20,true,false,370
2025-11-27T15:57:40.853548-08:00,read,key_831,1.88,false,false,0
2025-11-27T15:57:40.864801-08:00,read,key_811,1.61,false,false,0
2025-11-27T15:57:40.875441-08:00,read,key_279,2.60,false,false,0
2025-11-27T15:57:40.886402-08:00,read,key_836,2.31,false,false,0
2025-11-27T15:57:40.897576-08:00,read,key_28,0.68,false,false,0
2025-11-27T15:57:40.908713-08:00,read,key_680,1.88,false,false,0
2025-11-27T15:57:40.919892-08:00,read,key_800,1.64,true,false,401
2025-11-27T15:57:40.930468-08:00,read,key_666,1.55,false,false,0
2025-11-27T15:57:40.941773-08:00,read,key_363,1.84,false,false,0
2025-11-27T15:57:40.952526-08:00,read,key_609,1.79,false,false,0
2025-11-27T15:57:40.963214-08:00,read,key_973,1.82,false,false,0
2025-11-27T15:57:40.98568-08:00,read,key_180,4.94,true,false,185
2025-11-27T15:57:40.996491-08:00,read,key_938,1.74,false,false,0
2025-11-27T15:57:41.007718-08:00,read,key_61,2.27,true,false,391
2025-11-27T15:57:41.018899-08:00,read,key_266,1.50,false,false,0
2025-11-27T15:57:41.030062-08:00,read,key_37,1.78,true,false,399
2025-11-27T15:57:40.731763-08:00,write,key_643,304.66,true,false,466
2025-11-27T15:57:41.040747-08:00,read,key_284,2.07,false,false,0
2025-11-27T15:57:41.051922-08:00,read,key_669,1.88,true,false,398
2025-11-27T15:57:41.062733-08:00,read,key_410,1.98,true,false,231
2025-11-27T15:57:41.073467-08:00,read,key_182,2.02,false,false,0
2025-11-27T15:57:41.095833-08:00,read,key_900,1.99,true,false,259
2025-11-27T15:57:41.106676-08:00,read,key_160,2.19,false,false,0
2025-11-27T15:57:41.117887-08:00,read,key_824,1.80,false,false,0
2025-11-27T15:57:40.820037-08:00,write,key_273,307.36,true,false,467
2025-11-27T15:57:41.128069-08:00,read,key_980,0.89,false,false,0
2025-11-27T15:57:41.139355-08:00,read,key_370,1.56,false,false,0
2025-11-27T15:57:41.150528-08:00,read,key_676,2.17,false,false,0
2025-11-27T15:57:41.16169-08:00,read,key_750,1.92,true,false,412
2025-11-27T15:57:41.172899-08:00,read,key_297,1.84,true,false,462
2025-11-27T15:57:41.184121-08:00,read,key_911,2.11,true,false,285
2025-11-27T15:57:41.206407-08:00,read,key_498,1.18,false,false,0
2025-11-27T15:57:41.216893-08:00,read,key_443,1.34,false,false,0
2025-11-27T15:57:41.22808-08:00,read,key_755,1.77,true,false,177
2025-11-27T15:57:41.239327-08:00,read,key_367,1.68,true,false,193
2025-11-27T15:57:41.250476-08:00,read,key_12,1.22,false,false,0
2025-11-27T15:57:40.97442-08:00,write,key_819,307.42,true,false,468
2025-11-27T15:57:41.283096-08:00,read,key_558,1.64,true,false,356
2025-11-27T15:57:41.294192-08:00,read,key_812,0.90,false,false,0
2025-11-27T15:57:41.30458-08:00,read,key_386,0.52,true,false,374
2025-11-27T15:57:41.314864-08:00,read,key_843,0.53,false,false,0
2025-11-27T15:57:41.325216-08:00,read,key_568,0.57,true,false,100
2025-11-27T15:57:41.336359-08:00,read,key_358,0.58,false,false,0
2025-11-27T15:57:41.347487-08:00,read,key_261,0.59,true,false,30
2025-11-27T15:57:41.358538-08:00,read,key_465,0.61,false,false,0
2025-11-27T15:57:41.380886-08:00,read,key_619,1.97,false,false,0
2025-11-27T15:57:41.084592-08:00,write,key_41,302.33,true,false,469
2025-11-27T15:57:41.391508-08:00,read,key_930,0.60,false,false,0
2025-11-27T15:57:41.402655-08:00,read,key_169,0.55,true,false,400
2025-11-27T15:57:41.413801-08:00,read,key_894,0.76,true,false,353
2025-11-27T15:57:41.424933-08:00,read,key_119,0.60,false,false,0
2025-11-27T15:57:41.436137-08:00,read,key_692,0.56,true,false,383
2025-11-27T15:57:41.458551-08:00,read,key_569,0.73,false,false,0
2025-11-27T15:57:41.469745-08:00,read,key_222,1.12,true,false,276
2025-11-27T15:57:41.480827-08:00,read,key_236,0.72,false,false,0
2025-11-27T15:57:41.195234-08:00,write,key_385,304.34,true,false,470
2025-11-27T15:57:41.501324-08:00,read,key_419,1.02,true,false,281
2025-11-27T15:57:41.51247-08:00,read,key_497,1.09,false,false,0
2025-11-27T15:57:41.523663-08:00,read,key_901,1.28,false,false,0
2025-11-27T15:57:41.534675-08:00,read,key_510,1.99,false,false,0
2025-11-27T15:57:41.54581-08:00,read,key_257,1.06,false,false,0
2025-11-27T15:57:41.556563-08:00,read,key_350,1.69,true,false,266
2025-11-27T15:57:41.261619-08:00,write,key_893,307.85,true,false,471
2025-11-27T15:57:41.566894-08:00,read,key_900,3.10,true,false,259
2025-11-27T15:57:41.577932-08:00,read,key_272,1.68,true,false,445
2025-11-27T15:57:41.272854-08:00,write,key_468,309.84,true,false,472
2025-11-27T15:57:41.588225-08:00,read,key_443,1.77,false,false,0
2025-11-27T15:57:41.599429-08:00,read,key_867,1.85,false,false,0
2025-11-27T15:57:41.610697-08:00,read,key_808,1.95,true,false,419
2025-11-27T15:57:41.621893-08:00,read,key_728,1.88,true,false,435
2025-11-27T15:57:41.633115-08:00,read,key_70,2.11,true,false,242
2025-11-27T15:57:41.644303-08:00,read,key_113,1.80,true,false,455
2025-11-27T15:57:41.655486-08:00,read,key_405,1.48,false,false,0
2025-11-27T15:57:41.665696-08:00,read,key_296,3.29,true,false,407
2025-11-27T15:57:41.369708-08:00,write,key_543,304.50,true,false,473
2025-11-27T15:57:41.676035-08:00,read,key_895,0.73,true,false,331
2025-11-27T15:57:41.687226-08:00,read,key_717,0.68,false,false,0
2025-11-27T15:57:41.698332-08:00,read,key_830,1.96,false,false,0
2025-11-27T15:57:41.709458-08:00,read,key_282,1.32,false,false,0
2025-11-27T15:57:41.720652-08:00,read,key_747,1.76,true,false,459
2025-11-27T15:57:41.73165-08:00,read,key_651,1.71,false,false,0
2025-11-27T15:57:41.742792-08:00,read,key_198,2.47,true,false,174
2025-11-27T15:57:41.7532-08:00,read,key_122,2.31,false,false,0
2025-11-27T15:57:41.447268-08:00,write,key_437,308.42,true,false,474
2025-11-27T15:57:41.764344-08:00,read,key_870,1.51,false,false,0
2025-11-27T15:57:41.775274-08:00,read,key_157,2.29,false,false,0
2025-11-27T15:57:41.786411-08:00,read,key_703,1.84,false,false,0
2025-11-27T15:57:41.49098-08:00,write,key_915,305.13,true,false,475
2025-11-27T15:57:41.796554-08:00,read,key_406,1.56,true,false,218
2025-11-27T15:57:41.807772-08:00,read,key_354,2.45,false,false,0
2025-11-27T15:57:41.818948-08:00,read,key_881,1.95,false,false,0
2025-11-27T15:57:41.830147-08:00,read,key_65,1.89,true,false,413
2025-11-27T15:57:41.84132-08:00,read,key_998,2.93,false,false,0
2025-11-27T15:57:41.852235-08:00,read,key_119,1.65,false,false,0
2025-11-27T15:57:41.863242-08:00,read,key_398,1.89,true,false,120
2025-11-27T15:57:41.874445-08:00,read,key_909,2.79,false,false,0
2025-11-27T15:57:41.885545-08:00,read,key_646,2.22,true,false,366
2025-11-27T15:57:41.896559-08:00,read,key_657,2.05,true,false,370
2025-11-27T15:57:41.90777-08:00,read,key_761,2.29,true,false,292
2025-11-27T15:57:41.919021-08:00,read,key_33,1.96,false,false,0
2025-11-27T15:57:41.941262-08:00,read,key_616,1.87,true,false,361
2025-11-27T15:57:41.952494-08:00,read,key_261,1.99,true,false,30
2025-11-27T15:57:41.963687-08:00,read,key_978,1.84,true,false,422
2025-11-27T15:57:41.974627-08:00,read,key_229,2.27,true,false,96
2025-11-27T15:57:41.985814-08:00,read,key_167,1.94,false,false,0
2025-11-27T15:57:41.997015-08:00,read,key_815,1.80,false,false,0
2025-11-27T15:57:42.00824-08:00,read,key_470,2.55,true,false,128
2025-11-27T15:57:42.019411-08:00,read,key_408,1.68,false,false,0
2025-11-27T15:57:42.041048-08:00,read,key_405,4.55,false,false,0
2025-11-27T15:57:42.062642-08:00,read,key_808,4.38,true,false,419
2025-11-27T15:57:42.073548-08:00,read,key_876,1.79,false,false,0
2025-11-27T15:57:42.084657-08:00,read,key_654,2.23,false,false,0
2025-11-27T15:57:42.094841-08:00,read,key_836,1.72,false,false,0
2025-11-27T15:57:42.106016-08:00,read,key_406,1.87,true,false,218
2025-11-27T15:57:42.116914-08:00,read,key_790,2.52,false,false,0
2025-11-27T15:57:42.128026-08:00,read,key_308,1.63,true,false,393
2025-11-27T15:57:42.139199-08:00,read,key_938,1.80,false,false,0
2025-11-27T15:57:42.150327-08:00,read,key_2,2.24,false,false,0
2025-11-27T15:57:42.161344-08:00,read,key_201,1.73,true,false,388
2025-11-27T15:57:42.172512-08:00,read,key_931,1.87,false,false,0
2025-11-27T15:57:42.194867-08:00,read,key_909,4.37,false,false,0
2025-11-27T15:57:42.205756-08:00,read,key_929,1.83,false,false,0
2025-11-27T15:57:42.216924-08:00,read,key_611,1.98,false,false,0
2025-11-27T15:57:42.228101-08:00,read,key_110,1.73,true,false,394
2025-11-27T15:57:41.930012-08:00,write,key_703,304.52,true,false,476
2025-11-27T15:57:42.249932-08:00,read,key_72,1.93,false,false,0
2025-11-27T15:57:42.272432-08:00,read,key_842,3.05,false,false,0
2025-11-27T15:57:42.283423-08:00,read,key_916,1.38,false,false,0
2025-11-27T15:57:42.305724-08:00,read,key_861,3.36,false,false,0
2025-11-27T15:57:42.316896-08:00,read,key_512,2.53,false,false,0
2025-11-27T15:57:42.327952-08:00,read,key_312,0.98,false,false,0
2025-11-27T15:57:42.029858-08:00,write,key_913,306.24,true,false,477
2025-11-27T15:57:42.338437-08:00,read,key_697,1.32,false,false,0
2025-11-27T15:57:42.349673-08:00,read,key_894,3.00,true,false,353
2025-11-27T15:57:42.051625-08:00,write,key_784,306.25,true,false,478
2025-11-27T15:57:42.360054-08:00,read,key_914,1.72,true,false,327
2025-11-27T15:57:42.371047-08:00,read,key_314,1.74,true,false,88
2025-11-27T15:57:42.382238-08:00,read,key_689,2.06,true,false,347
2025-11-27T15:57:42.393507-08:00,read,key_744,1.99,true,false,224
2025-11-27T15:57:42.415876-08:00,read,key_703,1.90,true,false,476
2025-11-27T15:57:42.427062-08:00,read,key_896,1.98,true,false,377
2025-11-27T15:57:42.438284-08:00,read,key_742,1.85,true,false,389
2025-11-27T15:57:42.458906-08:00,read,key_991,4.49,false,false,0
2025-11-27T15:57:42.46975-08:00,read,key_273,1.62,true,false,467
2025-11-27T15:57:42.481031-08:00,read,key_439,1.57,true,false,50
2025-11-27T15:57:42.4919-08:00,read,key_932,2.03,false,false,0
2025-11-27T15:57:42.18366-08:00,write,key_390,310.35,true,false,479
2025-11-27T15:57:42.502351-08:00,read,key_196,1.68,true,false,69
2025-11-27T15:57:42.513494-08:00,read,key_812,0.87,false,false,0
2025-11-27T15:57:42.524278-08:00,read,key_631,1.93,false,false,0
2025-11-27T15:57:42.535508-08:00,read,key_627,2.16,false,false,0
2025-11-27T15:57:42.238731-08:00,write,key_975,308.54,true,false,480
2025-11-27T15:57:42.557913-08:00,read,key_432,2.30,true,false,188
2025-11-27T15:57:42.26123-08:00,write,key_116,309.11,true,false,481
2025-11-27T15:57:42.568876-08:00,read,key_983,1.58,false,false,0
2025-11-27T15:57:42.580062-08:00,read,key_896,1.55,true,false,377
2025-11-27T15:57:42.591237-08:00,read,key_237,1.84,true,false,73
2025-11-27T15:57:42.294576-08:00,write,key_818,308.93,true,false,482
2025-11-27T15:57:42.60245-08:00,read,key_308,2.16,true,false,393
2025-11-27T15:57:42.623199-08:00,read,key_866,1.59,false,false,0
2025-11-27T15:57:42.633915-08:00,read,key_476,1.94,false,false,0
2025-11-27T15:57:42.645103-08:00,read,key_662,1.78,false,false,0
2025-11-27T15:57:42.656071-08:00,read,key_448,1.79,true,false,137
2025-11-27T15:57:42.66733-08:00,read,key_936,2.66,true,false,59
2025-11-27T15:57:42.678411-08:00,read,key_470,1.75,true,false,128
2025-11-27T15:57:42.689593-08:00,read,key_228,1.82,true,false,77
2025-11-27T15:57:42.70138-08:00,read,key_830,1.04,false,false,0
2025-11-27T15:57:42.404707-08:00,write,key_127,304.92,true,false,483
2025-11-27T15:57:42.711658-08:00,read,key_261,0.84,true,false,30
2025-11-27T15:57:42.722743-08:00,read,key_35,0.82,false,false,0
2025-11-27T15:57:42.733826-08:00,read,key_932,0.84,false,false,0
2025-11-27T15:57:42.744896-08:00,read,key_232,0.90,false,false,0
2025-11-27T15:57:42.448638-08:00,write,key_355,304.88,true,false,484
2025-11-27T15:57:42.755172-08:00,read,key_79,0.84,true,false,261
2025-11-27T15:57:42.766281-08:00,read,key_71,0.88,false,false,0
2025-11-27T15:57:42.777357-08:00,read,key_691,0.89,false,false,0
2025-11-27T15:57:42.788407-08:00,read,key_887,0.93,false,false,0
2025-11-27T15:57:42.799455-08:00,read,key_812,0.90,false,false,0
2025-11-27T15:57:42.81053-08:00,read,key_434,0.97,true,false,406
2025-11-27T15:57:42.82164-08:00,read,key_291,0.98,true,false,305
2025-11-27T15:57:42.832737-08:00,read,key_749,1.01,true,false,326
2025-11-27T15:57:42.843816-08:00,read,key_17,1.13,false,false,0
2025-11-27T15:57:42.546706-08:00,write,key_69,309.10,true,false,485
2025-11-27T15:57:42.865949-08:00,read,key_880,1.15,false,false,0
2025-11-27T15:57:42.888096-08:00,read,key_816,1.08,true,false,39
2025-11-27T15:57:42.899308-08:00,read,key_803,1.10,true,false,260
2025-11-27T15:57:42.909505-08:00,read,key_404,1.76,false,false,0
2025-11-27T15:57:42.612856-08:00,write,key_14,306.70,true,false,486
2025-11-27T15:57:42.919625-08:00,read,key_759,1.11,true,false,415
2025-11-27T15:57:42.929895-08:00,read,key_886,1.59,false,false,0
2025-11-27T15:57:42.941136-08:00,read,key_119,1.41,false,false,0
2025-11-27T15:57:42.952323-08:00,read,key_183,1.77,false,false,0
2025-11-27T15:57:42.963204-08:00,read,key_987,1.65,false,false,0
2025-11-27T15:57:42.974448-08:00,read,key_602,2.32,false,false,0
2025-11-27T15:57:42.985637-08:00,read,key_882,1.73,false,false,0
2025-11-27T15:57:42.996827-08:00,read,key_308,1.81,true,false,393
2025-11-27T15:57:43.008092-08:00,read,key_935,2.14,true,false,61
2025-11-27T15:57:43.019209-08:00,read,key_614,1.76,false,false,0
2025-11-27T15:57:43.030384-08:00,read,key_869,1.86,true,false,232
2025-11-27T15:57:43.041599-08:00,read,key_785,2.36,false,false,0
2025-11-27T15:57:43.05279-08:00,read,key_422,1.19,true,false,149
2025-11-27T15:57:43.062965-08:00,read,key_897,1.94,true,false,386
2025-11-27T15:57:43.073201-08:00,read,key_372,1.75,false,false,0
2025-11-27T15:57:43.083655-08:00,read,key_479,2.01,true,false,381
2025-11-27T15:57:43.09466-08:00,read,key_255,1.69,false,false,0
2025-11-27T15:57:43.105936-08:00,read,key_229,1.85,true,false,96
2025-11-27T15:57:43.117173-08:00,read,key_662,2.28,false,false,0
2025-11-27T15:57:43.12831-08:00,read,key_789,1.07,true,false,463
2025-11-27T15:57:43.139468-08:00,read,key_638,1.82,false,false,0
2025-11-27T15:57:43.150703-08:00,read,key_37,2.06,true,false,399
2025-11-27T15:57:42.854873-08:00,write,key_556,308.39,true,false,487
2025-11-27T15:57:43.161914-08:00,read,key_270,2.10,false,false,0
2025-11-27T15:57:43.173069-08:00,read,key_117,1.70,false,false,0
2025-11-27T15:57:43.183546-08:00,read,key_791,2.41,false,false,0
2025-11-27T15:57:42.877015-08:00,write,key_780,309.11,true,false,488
2025-11-27T15:57:43.194353-08:00,read,key_212,1.65,false,false,0
2025-11-27T15:57:43.205598-08:00,read,key_109,1.97,false,false,0
2025-11-27T15:57:43.216743-08:00,read,key_615,1.26,false,false,0
2025-11-27T15:57:43.227951-08:00,read,key_809,1.83,true,false,283
2025-11-27T15:57:43.250481-08:00,read,key_473,2.19,false,false,0
2025-11-27T15:57:43.261612-08:00,read,key_906,1.63,false,false,0
2025-11-27T15:57:43.272527-08:00,read,key_367,1.84,true,false,193
2025-11-27T15:57:43.283607-08:00,read,key_260,1.85,true,false,160
2025-11-27T15:57:43.294787-08:00,read,key_876,1.66,false,false,0
2025-11-27T15:57:43.317279-08:00,read,key_409,5.29,false,false,0
2025-11-27T15:57:43.327739-08:00,read,key_737,3.90,false,false,0
2025-11-27T15:57:43.338708-08:00,read,key_823,0.85,false,false,0
2025-11-27T15:57:43.349884-08:00,read,key_279,0.82,false,false,0
2025-11-27T15:57:43.36113-08:00,read,key_401,2.66,true,false,443
2025-11-27T15:57:43.372325-08:00,read,key_404,1.72,false,false,0
2025-11-27T15:57:43.383572-08:00,read,key_178,1.08,false,false,0
2025-11-27T15:57:43.394705-08:00,read,key_227,0.92,false,false,0
2025-11-27T15:57:43.40594-08:00,read,key_406,1.90,true,false,218
2025-11-27T15:57:43.417136-08:00,read,key_794,2.07,false,false,0
2025-11-27T15:57:43.428291-08:00,read,key_288,1.79,false,false,0
2025-11-27T15:57:43.439493-08:00,read,key_873,2.33,false,false,0
2025-11-27T15:57:43.45031-08:00,read,key_700,2.17,true,false,384
2025-11-27T15:57:43.461403-08:00,read,key_833,1.88,true,false,441
2025-11-27T15:57:43.472503-08:00,read,key_668,1.59,false,false,0
2025-11-27T15:57:43.483812-08:00,read,key_771,1.92,false,false,0
2025-11-27T15:57:43.494298-08:00,read,key_369,1.60,true,false,67
2025-11-27T15:57:43.504867-08:00,read,key_880,1.65,false,false,0
2025-11-27T15:57:43.516085-08:00,read,key_438,1.95,true,false,426
2025-11-27T15:57:43.527338-08:00,read,key_988,1.69,true,false,318
2025-11-27T15:57:43.53853-08:00,read,key_191,1.94,true,false,249
2025-11-27T15:57:43.239206-08:00,write,key_344,306.75,true,false,489
2025-11-27T15:57:43.559651-08:00,read,key_262,1.65,true,false,176
2025-11-27T15:57:43.570841-08:00,read,key_939,1.87,false,false,0
2025-11-27T15:57:43.581797-08:00,read,key_113,1.86,true,false,455
2025-11-27T15:57:43.593005-08:00,read,key_88,1.85,true,false,91
2025-11-27T15:57:43.30598-08:00,write,key_427,305.69,true,false,490
2025-11-27T15:57:43.614711-08:00,read,key_370,1.42,false,false,0
2025-11-27T15:57:43.62528-08:00,read,key_242,2.15,false,false,0
2025-11-27T15:57:43.63641-08:00,read,key_540,1.82,false,false,0
2025-11-27T15:57:43.647605-08:00,read,key_223,1.76,true,false,264
2025-11-27T15:57:43.658729-08:00,read,key_430,1.90,true,false,236
2025-11-27T15:57:43.669922-08:00,read,key_709,1.84,false,false,0
2025-11-27T15:57:43.69203-08:00,read,key_230,5.69,true,false,346
2025-11-27T15:57:43.702751-08:00,read,key_594,1.48,true,false,43
2025-11-27T15:57:43.713199-08:00,read,key_595,1.71,true,false,27
2025-11-27T15:57:43.724403-08:00,read,key_551,1.62,false,false,0
2025-11-27T15:57:43.735642-08:00,read,key_560,1.89,true,false,186
2025-11-27T15:57:43.746889-08:00,read,key_399,1.77,false,false,0
2025-11-27T15:57:43.75805-08:00,read,key_231,2.22,false,false,0
2025-11-27T15:57:43.769195-08:00,read,key_116,1.77,true,false,481
2025-11-27T15:57:43.779872-08:00,read,key_21,1.89,false,false,0
2025-11-27T15:57:43.791069-08:00,read,key_818,1.87,true,false,482
2025-11-27T15:57:43.80136-08:00,read,key_831,1.90,false,false,0
2025-11-27T15:57:43.812549-08:00,read,key_424,2.19,true,false,151
2025-11-27T15:57:43.823742-08:00,read,key_30,1.94,false,false,0
2025-11-27T15:57:43.8346-08:00,read,key_662,2.11,false,false,0
2025-11-27T15:57:43.845184-08:00,read,key_432,1.54,true,false,188
2025-11-27T15:57:43.549055-08:00,write,key_705,305.00,true,false,491
2025-11-27T15:57:43.85556-08:00,read,key_958,0.83,true,false,11
2025-11-27T15:57:43.866857-08:00,read,key_279,0.83,false,false,0
2025-11-27T15:57:43.878083-08:00,read,key_879,0.86,false,false,0
2025-11-27T15:57:43.889304-08:00,read,key_6,0.84,true,false,364
2025-11-27T15:57:43.900477-08:00,read,key_862,2.32,false,false,0
2025-11-27T15:57:43.604193-08:00,write,key_200,309.01,true,false,492
2025-11-27T15:57:43.911631-08:00,read,key_63,1.66,false,false,0
2025-11-27T15:57:43.922856-08:00,read,key_804,1.54,true,false,343
2025-11-27T15:57:43.934069-08:00,read,key_423,2.02,true,false,396
2025-11-27T15:57:43.945251-08:00,read,key_319,1.75,false,false,0
2025-11-27T15:57:43.956431-08:00,read,key_69,1.72,true,false,485
2025-11-27T15:57:43.967615-08:00,read,key_600,2.08,false,false,0
2025-11-27T15:57:43.978863-08:00,read,key_26,1.96,false,false,0
2025-11-27T15:57:43.68114-08:00,write,key_15,309.01,true,false,493
2025-11-27T15:57:43.989689-08:00,read,key_700,1.54,true,false,384
2025-11-27T15:57:44.000837-08:00,read,key_226,2.04,true,false,268
2025-11-27T15:57:44.012008-08:00,read,key_985,1.90,false,false,0
2025-11-27T15:57:44.023204-08:00,read,key_606,1.75,false,false,0
2025-11-27T15:57:44.034477-08:00,read,key_916,2.27,false,false,0
2025-11-27T15:57:44.045561-08:00,read,key_715,1.73,false,false,0
2025-11-27T15:57:44.056235-08:00,read,key_369,1.54,true,false,67
2025-11-27T15:57:44.077929-08:00,read,key_86,1.23,false,false,0
2025-11-27T15:57:44.089119-08:00,read,key_662,1.66,false,false,0
2025-11-27T15:57:44.099644-08:00,read,key_298,0.96,false,false,0
2025-11-27T15:57:44.109753-08:00,read,key_799,0.46,true,false,363
2025-11-27T15:57:44.120843-08:00,read,key_564,0.81,true,false,345
2025-11-27T15:57:44.132031-08:00,read,key_27,1.29,false,false,0
2025-11-27T15:57:44.143249-08:00,read,key_701,1.41,false,false,0
2025-11-27T15:57:44.154378-08:00,read,key_298,1.20,false,false,0
2025-11-27T15:57:44.164997-08:00,read,key_745,0.96,false,false,0
2025-11-27T15:57:44.176212-08:00,read,key_141,1.31,false,false,0
2025-11-27T15:57:44.187368-08:00,read,key_277,1.32,true,false,440
2025-11-27T15:57:44.1983-08:00,read,key_3,1.13,false,false,0
2025-11-27T15:57:44.209486-08:00,read,key_833,1.35,true,false,441
2025-11-27T15:57:44.220643-08:00,read,key_732,1.22,true,false,141
2025-11-27T15:57:44.231792-08:00,read,key_172,1.18,false,false,0
2025-11-27T15:57:44.242945-08:00,read,key_196,1.27,true,false,69
2025-11-27T15:57:44.254031-08:00,read,key_563,0.88,true,false,371
2025-11-27T15:57:44.264281-08:00,read,key_920,1.13,true,false,282
2025-11-27T15:57:44.275447-08:00,read,key_406,1.60,true,false,218
2025-11-27T15:57:44.286572-08:00,read,key_245,1.31,true,false,309
2025-11-27T15:57:44.297753-08:00,read,key_384,1.38,true,false,167
2025-11-27T15:57:44.320097-08:00,read,key_489,3.22,false,false,0
2025-11-27T15:57:44.331066-08:00,read,key_14,1.60,true,false,486
2025-11-27T15:57:44.342259-08:00,read,key_977,1.97,false,false,0
2025-11-27T15:57:44.353456-08:00,read,key_215,1.79,false,false,0
2025-11-27T15:57:44.364673-08:00,read,key_274,1.81,false,false,0
2025-11-27T15:57:44.066934-08:00,write,key_917,308.49,true,false,494
2025-11-27T15:57:44.375583-08:00,read,key_510,1.92,false,false,0
2025-11-27T15:57:44.386636-08:00,read,key_514,1.78,false,false,0
2025-11-27T15:57:44.40899-08:00,read,key_414,2.51,false,false,0
2025-11-27T15:57:44.420161-08:00,read,key_294,1.93,false,false,0
2025-11-27T15:57:44.431335-08:00,read,key_935,1.74,true,false,61
2025-11-27T15:57:44.442347-08:00,read,key_630,2.27,false,false,0
2025-11-27T15:57:44.453458-08:00,read,key_601,1.65,true,false,87
2025-11-27T15:57:44.475331-08:00,read,key_417,4.21,false,false,0
2025-11-27T15:57:44.497344-08:00,read,key_643,3.07,true,false,466
2025-11-27T15:57:44.508372-08:00,read,key_717,2.67,false,false,0
2025-11-27T15:57:44.530355-08:00,read,key_7,4.65,true,false,372
2025-11-27T15:57:44.541177-08:00,read,key_839,2.49,false,false,0
2025-11-27T15:57:44.552324-08:00,read,key_838,1.86,true,false,425
2025-11-27T15:57:44.563221-08:00,read,key_832,1.73,false,false,0
2025-11-27T15:57:44.574426-08:00,read,key_394,2.62,false,false,0
2025-11-27T15:57:44.585576-08:00,read,key_922,1.28,false,false,0
2025-11-27T15:57:44.596611-08:00,read,key_660,1.90,true,false,302
2025-11-27T15:57:44.607824-08:00,read,key_544,2.06,true,false,447
2025-11-27T15:57:44.308917-08:00,write,key_931,305.04,true,false,495
2025-11-27T15:57:44.618537-08:00,read,key_896,1.25,true,false,377
2025-11-27T15:57:44.629698-08:00,read,key_723,1.78,false,false,0
2025-11-27T15:57:44.640916-08:00,read,key_424,2.15,true,false,151
2025-11-27T15:57:44.652135-08:00,read,key_627,2.08,false,false,0
2025-11-27T15:57:44.663204-08:00,read,key_490,1.79,false,false,0
2025-11-27T15:57:44.67438-08:00,read,key_387,1.95,true,false,219
2025-11-27T15:57:44.685596-08:00,read,key_292,2.04,false,false,0
2025-11-27T15:57:44.696548-08:00,read,key_669,1.85,true,false,398
2025-11-27T15:57:44.397797-08:00,write,key_986,307.57,true,false,496
2025-11-27T15:57:44.707439-08:00,read,key_9,2.39,false,false,0
2025-11-27T15:57:44.729494-08:00,read,key_793,1.99,true,false,293
2025-11-27T15:57:44.740741-08:00,read,key_257,2.07,false,false,0
2025-11-27T15:57:44.751175-08:00,read,key_559,2.19,false,false,0
2025-11-27T15:57:44.761472-08:00,read,key_895,1.67,true,false,331
2025-11-27T15:57:44.464185-08:00,write,key_646,304.96,true,false,497
2025-11-27T15:57:44.771934-08:00,read,key_900,1.34,true,false,259
2025-11-27T15:57:44.783148-08:00,read,key_600,2.05,false,false,0
2025-11-27T15:57:44.486196-08:00,write,key_625,306.45,true,false,498
2025-11-27T15:57:44.793481-08:00,read,key_439,1.61,true,false,50
2025-11-27T15:57:44.804377-08:00,read,key_456,1.63,true,false,385
2025-11-27T15:57:44.815559-08:00,read,key_832,1.83,false,false,0
2025-11-27T15:57:44.5194-08:00,write,key_107,305.43,true,false,499
2025-11-27T15:57:44.825723-08:00,read,key_444,1.74,false,false,0
2025-11-27T15:57:44.835994-08:00,read,key_909,1.47,false,false,0
2025-11-27T15:57:44.847159-08:00,read,key_893,1.78,true,false,471
2025-11-27T15:57:44.857782-08:00,read,key_476,1.98,false,false,0
2025-11-27T15:57:44.869012-08:00,read,key_19,1.74,false,false,0
2025-11-27T15:57:44.880207-08:00,read,key_775,2.04,false,false,0
2025-11-27T15:57:44.891407-08:00,read,key_792,2.16,true,false,368
2025-11-27T15:57:44.902671-08:00,read,key_886,2.10,false,false,0
2025-11-27T15:57:44.913175-08:00,read,key_879,2.13,false,false,0
2025-11-27T15:57:44.924411-08:00,read,key_164,1.71,true,false,307
2025-11-27T15:57:44.935613-08:00,read,key_479,1.69,true,false,381
2025-11-27T15:57:44.946834-08:00,read,key_611,1.72,false,false,0
2025-11-27T15:57:44.958026-08:00,read,key_357,2.09,true,false,115
2025-11-27T15:57:44.969236-08:00,read,key_165,1.76,true,false,75
2025-11-27T15:57:44.980479-08:00,read,key_26,1.89,false,false,0
2025-11-27T15:57:44.991716-08:00,read,key_701,2.15,false,false,0
2025-11-27T15:57:45.00231-08:00,read,key_11,2.09,false,false,0
2025-11-27T15:57:45.013495-08:00,read,key_379,1.88,true,false,289
2025-11-27T15:57:44.718307-08:00,write,key_791,309.16,true,false,500
2025-11-27T15:57:45.035783-08:00,read,key_511,1.77,false,false,0
2025-11-27T15:57:45.046992-08:00,read,key_175,1.93,false,false,0
2025-11-27T15:57:45.057956-08:00,read,key_11,2.20,false,false,0
2025-11-27T15:57:45.068576-08:00,read,key_252,1.89,false,false,0
2025-11-27T15:57:45.079393-08:00,read,key_508,1.67,false,false,0
2025-11-27T15:57:45.090026-08:00,read,key_234,2.09,true,false,182
2025-11-27T15:57:45.101297-08:00,read,key_258,2.23,true,false,52
2025-11-27T15:57:45.112496-08:00,read,key_209,2.31,false,false,0
2025-11-27T15:57:45.123205-08:00,read,key_704,1.51,true,false,187
2025-11-27T15:57:45.13442-08:00,read,key_39,2.00,true,false,336
2025-11-27T15:57:45.145495-08:00,read,key_403,1.57,false,false,0
2025-11-27T15:57:45.156692-08:00,read,key_160,1.77,false,false,0
2025-11-27T15:57:45.167919-08:00,read,key_13,1.92,false,false,0
2025-11-27T15:57:45.17908-08:00,read,key_810,1.90,false,false,0
2025-11-27T15:57:45.190253-08:00,read,key_499,1.89,true,false,409
2025-11-27T15:57:45.201275-08:00,read,key_5,1.97,true,false,458
2025-11-27T15:57:45.212453-08:00,read,key_618,1.99,true,false,337
2025-11-27T15:57:45.22325-08:00,read,key_814,1.75,false,false,0
2025-11-27T15:57:45.234487-08:00,read,key_771,2.02,false,false,0
2025-11-27T15:57:45.2457-08:00,read,key_373,2.06,true,false,175
2025-11-27T15:57:45.267698-08:00,read,key_219,2.15,false,false,0
2025-11-27T15:57:45.278935-08:00,read,key_449,1.90,false,false,0
2025-11-27T15:57:45.290126-08:00,read,key_659,1.76,false,false,0
2025-11-27T15:57:45.301257-08:00,read,key_664,1.80,false,false,0
2025-11-27T15:57:45.311636-08:00,read,key_269,2.01,true,false,369
2025-11-27T15:57:45.322855-08:00,read,key_825,1.74,false,false,0
2025-11-27T15:57:45.024675-08:00,write,key_19,306.85,true,false,501
2025-11-27T15:57:45.333196-08:00,read,key_567,1.74,false,false,0
2025-11-27T15:57:45.343766-08:00,read,key_413,2.02,false,false,0
2025-11-27T15:57:45.354983-08:00,read,key_284,1.74,false,false,0
2025-11-27T15:57:45.366193-08:00,read,key_408,1.87,false,false,0
2025-11-27T15:57:45.377431-08:00,read,key_704,2.18,true,false,187
2025-11-27T15:57:45.38864-08:00,read,key_514,1.83,false,false,0
2025-11-27T15:57:45.399843-08:00,read,key_758,2.32,true,false,352
2025-11-27T15:57:45.411017-08:00,read,key_613,1.87,false,false,0
2025-11-27T15:57:45.421529-08:00,read,key_104,1.96,true,false,220
2025-11-27T15:57:45.432748-08:00,read,key_868,2.02,false,false,0
2025-11-27T15:57:45.443943-08:00,read,key_628,1.88,false,false,0
2025-11-27T15:57:45.455133-08:00,read,key_363,1.77,false,false,0
2025-11-27T15:57:45.465592-08:00,read,key_360,1.11,false,false,0
2025-11-27T15:57:45.477211-08:00,read,key_986,2.07,true,false,496
2025-11-27T15:57:45.499402-08:00,read,key_873,1.98,false,false,0
2025-11-27T15:57:45.510628-08:00,read,key_84,2.02,true,false,328
2025-11-27T15:57:45.521776-08:00,read,key_454,1.61,false,false,0
2025-11-27T15:57:45.53295-08:00,read,key_19,1.81,true,false,501
2025-11-27T15:57:45.544143-08:00,read,key_861,1.79,false,false,0
2025-11-27T15:57:45.554937-08:00,read,key_300,1.89,true,false,414
2025-11-27T15:57:45.25654-08:00,write,key_259,308.13,true,false,502
2025-11-27T15:57:45.565122-08:00,read,key_393,1.19,false,false,0
2025-11-27T15:57:45.575974-08:00,read,key_22,2.08,false,false,0
2025-11-27T15:57:45.59844-08:00,read,key_469,1.85,false,false,0
2025-11-27T15:57:45.631494-08:00,read,key_368,4.19,true,false,452
2025-11-27T15:57:45.641795-08:00,read,key_362,1.95,false,false,0
2025-11-27T15:57:45.653034-08:00,read,key_107,1.92,true,false,499
2025-11-27T15:57:45.664255-08:00,read,key_809,1.87,true,false,283
2025-11-27T15:57:45.675409-08:00,read,key_277,2.34,true,false,440
2025-11-27T15:57:45.686446-08:00,read,key_744,1.77,true,false,224
2025-11-27T15:57:45.697664-08:00,read,key_713,1.73,false,false,0
2025-11-27T15:57:45.709089-08:00,read,key_318,2.81,true,false,106
2025-11-27T15:57:45.729859-08:00,read,key_768,3.90,false,false,0
2025-11-27T15:57:45.740762-08:00,read,key_366,2.24,false,false,0
2025-11-27T15:57:45.751904-08:00,read,key_235,1.41,false,false,0
2025-11-27T15:57:45.763149-08:00,read,key_570,1.49,false,false,0
2025-11-27T15:57:45.77425-08:00,read,key_178,0.86,false,false,0
2025-11-27T15:57:45.785551-08:00,read,key_472,1.94,false,false,0
2025-11-27T15:57:45.488198-08:00,write,key_600,305.73,true,false,503
2025-11-27T15:57:45.795954-08:00,read,key_770,1.89,false,false,0
2025-11-27T15:57:45.807097-08:00,read,key_906,2.07,false,false,0
2025-11-27T15:57:45.817829-08:00,read,key_383,2.05,true,false,241
2025-11-27T15:57:45.828698-08:00,read,key_254,1.41,false,false,0
2025-11-27T15:57:45.839532-08:00,read,key_273,1.69,true,false,467
2025-11-27T15:57:45.850734-08:00,read,key_408,2.06,false,false,0
2025-11-27T15:57:45.861866-08:00,read,key_294,1.95,false,false,0
2025-11-27T15:57:45.873154-08:00,read,key_559,1.77,false,false,0
2025-11-27T15:57:45.884372-08:00,read,key_862,2.13,false,false,0
2025-11-27T15:57:45.587179-08:00,write,key_798,306.99,true,false,504
2025-11-27T15:57:45.894621-08:00,read,key_700,1.38,true,false,384
2025-11-27T15:57:45.904976-08:00,read,key_429,1.51,false,false,0
2025-11-27T15:57:45.609059-08:00,write,key_843,309.58,true,false,505
2025-11-27T15:57:45.916173-08:00,read,key_802,2.54,true,false,244
2025-11-27T15:57:45.927022-08:00,read,key_496,1.87,true,false,395
2025-11-27T15:57:45.620269-08:00,write,key_724,310.83,true,false,506
2025-11-27T15:57:45.937761-08:00,read,key_370,1.57,false,false,0
2025-11-27T15:57:45.969949-08:00,read,key_364,4.48,false,false,0
2025-11-27T15:57:45.9809-08:00,read,key_364,1.77,false,false,0
2025-11-27T15:57:45.992075-08:00,read,key_486,1.20,false,false,0
2025-11-27T15:57:46.003288-08:00,read,key_6,1.79,true,false,364
2025-11-27T15:57:46.014909-08:00,read,key_157,1.23,false,false,0
2025-11-27T15:57:46.025984-08:00,read,key_383,3.75,true,false,241
2025-11-27T15:57:45.719308-08:00,write,key_92,310.50,true,false,507
2025-11-27T15:57:46.036903-08:00,read,key_217,1.75,true,false,300
2025-11-27T15:57:46.048083-08:00,read,key_668,1.55,false,false,0
2025-11-27T15:57:46.058639-08:00,read,key_271,2.10,false,false,0
2025-11-27T15:57:46.069809-08:00,read,key_901,1.77,false,false,0
2025-11-27T15:57:46.081027-08:00,read,key_579,1.82,true,false,253
2025-11-27T15:57:46.092266-08:00,read,key_230,2.03,true,false,346
2025-11-27T15:57:46.103471-08:00,read,key_618,1.84,true,false,337
2025-11-27T15:57:46.114824-08:00,read,key_296,2.06,true,false,407
2025-11-27T15:57:46.126151-08:00,read,key_444,1.74,false,false,0
2025-11-27T15:57:46.13727-08:00,read,key_282,1.08,false,false,0
2025-11-27T15:57:46.148519-08:00,read,key_18,2.15,false,false,0
2025-11-27T15:57:46.159791-08:00,read,key_685,2.44,true,false,66
2025-11-27T15:57:46.170962-08:00,read,key_481,1.73,false,false,0
2025-11-27T15:57:46.182142-08:00,read,key_289,2.14,false,false,0
2025-11-27T15:57:46.192822-08:00,read,key_171,1.97,false,false,0
2025-11-27T15:57:46.20398-08:00,read,key_298,1.85,false,false,0
2025-11-27T15:57:46.214851-08:00,read,key_687,1.82,true,false,25
2025-11-27T15:57:46.22611-08:00,read,key_815,2.02,false,false,0
2025-11-27T15:57:46.237188-08:00,read,key_604,1.85,true,false,423
2025-11-27T15:57:46.24827-08:00,read,key_18,1.82,false,false,0
2025-11-27T15:57:45.948012-08:00,write,key_729,306.85,true,false,508
2025-11-27T15:57:46.258619-08:00,read,key_12,1.73,false,false,0
2025-11-27T15:57:45.958663-08:00,write,key_103,307.29,true,false,509
2025-11-27T15:57:46.27951-08:00,read,key_326,1.75,true,false,76
2025-11-27T15:57:46.290734-08:00,read,key_771,1.88,false,false,0
2025-11-27T15:57:46.301199-08:00,read,key_398,2.05,true,false,120
2025-11-27T15:57:46.312455-08:00,read,key_376,2.10,true,false,267
2025-11-27T15:57:46.323626-08:00,read,key_19,2.01,true,false,501
2025-11-27T15:57:46.333861-08:00,read,key_879,2.07,false,false,0
2025-11-27T15:57:46.345035-08:00,read,key_407,1.81,false,false,0
2025-11-27T15:57:46.356208-08:00,read,key_904,1.57,false,false,0
2025-11-27T15:57:46.367429-08:00,read,key_837,2.29,true,false,74
2025-11-27T15:57:46.378629-08:00,read,key_970,1.93,true,false,84
2025-11-27T15:57:46.389813-08:00,read,key_278,1.62,true,false,344
2025-11-27T15:57:46.411298-08:00,read,key_666,4.55,false,false,0
2025-11-27T15:57:46.433371-08:00,read,key_66,4.45,false,false,0
2025-11-27T15:57:46.444242-08:00,read,key_997,1.75,true,false,113
2025-11-27T15:57:46.455022-08:00,read,key_554,1.81,true,false,333
2025-11-27T15:57:46.466267-08:00,read,key_270,1.70,false,false,0
2025-11-27T15:57:46.477487-08:00,read,key_663,1.83,false,false,0
2025-11-27T15:57:46.488278-08:00,read,key_113,1.83,true,false,455
2025-11-27T15:57:46.498977-08:00,read,key_743,1.92,true,false,180
2025-11-27T15:57:46.510189-08:00,read,key_251,1.89,true,false,358
2025-11-27T15:57:46.521381-08:00,read,key_770,1.77,false,false,0
2025-11-27T15:57:46.53259-08:00,read,key_758,2.06,true,false,352
2025-11-27T15:57:46.543112-08:00,read,key_861,2.13,false,false,0
2025-11-27T15:57:46.554294-08:00,read,key_496,1.89,true,false,395
2025-11-27T15:57:46.5655-08:00,read,key_465,1.85,false,false,0
2025-11-27T15:57:46.269137-08:00,write,key_172,307.78,true,false,510
2025-11-27T15:57:46.576547-08:00,read,key_310,1.98,false,false,0
2025-11-27T15:57:46.586979-08:00,read,key_410,1.95,true,false,231
2025-11-27T15:57:46.598185-08:00,read,key_258,1.80,true,false,52
2025-11-27T15:57:46.609454-08:00,read,key_666,2.02,false,false,0
2025-11-27T15:57:46.620656-08:00,read,key_210,1.86,true,false,204
2025-11-27T15:57:46.631848-08:00,read,key_982,1.77,false,false,0
2025-11-27T15:57:46.643036-08:00,read,key_807,2.38,false,false,0
2025-11-27T15:57:46.654194-08:00,read,key_834,1.85,false,false,0
2025-11-27T15:57:46.665378-08:00,read,key_292,1.87,false,false,0
2025-11-27T15:57:46.687564-08:00,read,key_469,2.01,false,false,0
2025-11-27T15:57:46.698706-08:00,read,key_94,2.05,false,false,0
2025-11-27T15:57:46.400174-08:00,write,key_122,307.01,true,false,511
2025-11-27T15:57:46.709086-08:00,read,key_493,1.93,true,false,157
2025-11-27T15:57:46.720305-08:00,read,key_239,1.77,true,false,322
2025-11-27T15:57:46.422163-08:00,write,key_685,307.83,true,false,512
2025-11-27T15:57:46.73047-08:00,read,key_807,1.46,false,false,0
2025-11-27T15:57:46.741701-08:00,read,key_11,1.39,false,false,0
2025-11-27T15:57:46.752922-08:00,read,key_757,1.17,true,false,146
2025-11-27T15:57:46.763269-08:00,read,key_192,1.73,false,false,0
2025-11-27T15:57:46.773843-08:00,read,key_405,1.34,false,false,0
2025-11-27T15:57:46.796093-08:00,read,key_6,1.91,true,false,364
2025-11-27T15:57:46.807024-08:00,read,key_299,2.52,false,false,0
2025-11-27T15:57:46.818029-08:00,read,key_276,2.08,false,false,0
2025-11-27T15:57:46.839571-08:00,read,key_714,5.54,false,false,0
2025-11-27T15:57:46.850332-08:00,read,key_471,1.78,false,false,0
2025-11-27T15:57:46.861543-08:00,read,key_269,1.89,true,false,369
2025-11-27T15:57:46.872435-08:00,read,key_243,1.77,false,false,0
2025-11-27T15:57:46.883618-08:00,read,key_970,1.99,true,false,84
2025-11-27T15:57:46.894828-08:00,read,key_402,1.72,false,false,0
2025-11-27T15:57:46.906074-08:00,read,key_403,1.74,false,false,0
2025-11-27T15:57:46.917456-08:00,read,key_757,2.32,true,false,146
2025-11-27T15:57:46.928648-08:00,read,key_24,2.05,true,false,340
2025-11-27T15:57:46.939614-08:00,read,key_567,1.77,false,false,0
2025-11-27T15:57:46.950802-08:00,read,key_262,2.19,true,false,176
2025-11-27T15:57:46.961338-08:00,read,key_202,1.71,false,false,0
2025-11-27T15:57:46.972485-08:00,read,key_551,1.79,false,false,0
2025-11-27T15:57:46.676296-08:00,write,key_974,310.11,true,false,513
2025-11-27T15:57:46.98372-08:00,read,key_825,2.71,false,false,0
2025-11-27T15:57:46.994797-08:00,read,key_378,1.57,true,false,117
2025-11-27T15:57:47.006037-08:00,read,key_556,1.95,true,false,487
2025-11-27T15:57:47.016851-08:00,read,key_253,2.15,false,false,0
2025-11-27T15:57:47.027898-08:00,read,key_180,1.66,true,false,185
2025-11-27T15:57:47.039141-08:00,read,key_291,1.81,true,false,305
2025-11-27T15:57:47.050355-08:00,read,key_564,2.08,true,false,345
2025-11-27T15:57:47.061596-08:00,read,key_900,1.85,true,false,259
2025-11-27T15:57:47.072804-08:00,read,key_326,1.69,true,false,76
2025-11-27T15:57:47.082991-08:00,read,key_399,2.41,false,false,0
2025-11-27T15:57:46.785137-08:00,write,key_777,310.00,true,false,514
2025-11-27T15:57:47.094185-08:00,read,key_680,1.71,false,false,0
2025-11-27T15:57:47.1048-08:00,read,key_407,1.01,false,false,0
2025-11-27T15:57:47.116054-08:00,read,key_801,2.02,false,false,0
2025-11-27T15:57:47.127191-08:00,read,key_833,1.47,true,false,441
2025-11-27T15:57:46.828404-08:00,write,key_813,307.33,true,false,515
2025-11-27T15:57:47.137621-08:00,read,key_724,1.36,true,false,506
2025-11-27T15:57:47.147936-08:00,read,key_385,1.74,true,false,470
2025-11-27T15:57:47.159162-08:00,read,key_1,2.22,false,false,0
2025-11-27T15:57:47.170321-08:00,read,key_902,2.02,true,false,450
2025-11-27T15:57:47.181563-08:00,read,key_907,1.77,false,false,0
2025-11-27T15:57:47.192851-08:00,read,key_895,1.99,true,false,331
2025-11-27T15:57:47.204052-08:00,read,key_439,1.89,true,false,50
2025-11-27T15:57:47.215235-08:00,read,key_250,1.95,true,false,222
2025-11-27T15:57:47.226204-08:00,read,key_727,2.03,true,false,221
2025-11-27T15:57:47.237409-08:00,read,key_82,2.05,false,false,0
2025-11-27T15:57:47.247915-08:00,read,key_639,1.78,false,false,0
2025-11-27T15:57:47.259126-08:00,read,key_432,2.18,true,false,188
2025-11-27T15:57:47.269734-08:00,read,key_641,1.74,false,false,0
2025-11-27T15:57:47.280986-08:00,read,key_370,1.77,false,false,0
2025-11-27T15:57:47.291556-08:00,read,key_843,2.18,true,false,505
2025-11-27T15:57:47.302178-08:00,read,key_250,1.22,true,false,222
2025-11-27T15:57:47.313316-08:00,read,key_932,1.19,false,false,0
2025-11-27T15:57:47.324767-08:00,read,key_290,2.74,false,false,0
2025-11-27T15:57:47.33572-08:00,read,key_922,1.30,false,false,0
2025-11-27T15:57:47.346025-08:00,read,key_957,1.16,false,false,0
2025-11-27T15:57:47.356726-08:00,read,key_562,1.59,true,false,172
2025-11-27T15:57:47.367922-08:00,read,key_978,2.15,true,false,422
2025-11-27T15:57:47.390315-08:00,read,key_905,2.01,true,false,324
2025-11-27T15:57:47.401274-08:00,read,key_295,2.29,true,false,380
2025-11-27T15:57:47.412478-08:00,read,key_202,2.02,false,false,0
2025-11-27T15:57:47.423708-08:00,read,key_609,1.92,false,false,0
2025-11-27T15:57:47.434931-08:00,read,key_782,2.00,false,false,0
2025-11-27T15:57:47.446105-08:00,read,key_298,2.10,false,false,0
2025-11-27T15:57:47.456854-08:00,read,key_298,1.58,false,false,0
2025-11-27T15:57:47.479332-08:00,read,key_180,4.83,true,false,185
2025-11-27T15:57:47.490117-08:00,read,key_512,1.76,false,false,0
2025-11-27T15:57:47.50129-08:00,read,key_611,2.10,false,false,0
2025-11-27T15:57:47.511692-08:00,read,key_681,1.79,true,false,47
2025-11-27T15:57:47.522888-08:00,read,key_843,1.74,true,false,505
2025-11-27T15:57:47.545238-08:00,read,key_335,4.49,false,false,0
2025-11-27T15:57:47.556097-08:00,read,key_662,1.79,false,false,0
2025-11-27T15:57:47.567322-08:00,read,key_336,2.35,true,false,150
2025-11-27T15:57:47.578334-08:00,read,key_194,1.96,false,false,0
2025-11-27T15:57:47.589535-08:00,read,key_81,1.81,false,false,0
2025-11-27T15:57:47.600752-08:00,read,key_340,2.18,true,false,86
2025-11-27T15:57:47.611993-08:00,read,key_539,1.95,false,false,0
2025-11-27T15:57:47.623183-08:00,read,key_748,1.78,false,false,0
2025-11-27T15:57:47.634438-08:00,read,key_374,1.87,true,false,449
2025-11-27T15:57:47.645658-08:00,read,key_868,1.94,false,false,0
2025-11-27T15:57:47.656892-08:00,read,key_623,1.70,false,false,0
2025-11-27T15:57:47.668069-08:00,read,key_218,2.04,false,false,0
2025-11-27T15:57:47.678503-08:00,read,key_203,1.80,false,false,0
2025-11-27T15:57:47.379057-08:00,write,key_872,307.07,true,false,516
2025-11-27T15:57:47.688999-08:00,read,key_288,1.50,false,false,0
2025-11-27T15:57:47.700228-08:00,read,key_957,2.34,false,false,0
2025-11-27T15:57:47.711376-08:00,read,key_653,1.77,false,false,0
2025-11-27T15:57:47.722604-08:00,read,key_207,1.84,false,false,0
2025-11-27T15:57:47.733822-08:00,read,key_181,2.57,false,false,0
2025-11-27T15:57:47.744945-08:00,read,key_209,1.83,false,false,0
2025-11-27T15:57:47.756186-08:00,read,key_115,1.86,false,false,0
2025-11-27T15:57:47.766878-08:00,read,key_414,3.21,false,false,0
2025-11-27T15:57:47.468066-08:00,write,key_352,309.34,true,false,517
2025-11-27T15:57:47.777311-08:00,read,key_23,1.58,false,false,0
2025-11-27T15:57:47.788615-08:00,read,key_467,1.71,false,false,0
2025-11-27T15:57:47.799798-08:00,read,key_598,1.91,false,false,0
2025-11-27T15:57:47.811083-08:00,read,key_13,1.82,false,false,0
2025-11-27T15:57:47.822286-08:00,read,key_202,1.73,false,false,0
2025-11-27T15:57:47.833552-08:00,read,key_938,2.06,false,false,0
2025-11-27T15:57:47.534069-08:00,write,key_197,306.03,true,false,518
2025-11-27T15:57:47.855392-08:00,read,key_380,1.88,true,false,280
2025-11-27T15:57:47.86661-08:00,read,key_124,2.40,true,false,379
2025-11-27T15:57:47.877818-08:00,read,key_123,1.84,true,false,44
2025-11-27T15:57:47.888319-08:00,read,key_9,1.84,false,false,0
2025-11-27T15:57:47.899544-08:00,read,key_602,2.26,false,false,0
2025-11-27T15:57:47.910753-08:00,read,key_397,2.01,false,false,0
2025-11-27T15:57:47.922008-08:00,read,key_448,1.77,true,false,137
2025-11-27T15:57:47.933216-08:00,read,key_415,2.27,false,false,0
2025-11-27T15:57:47.944353-08:00,read,key_756,1.94,true,false,439
2025-11-27T15:57:47.955613-08:00,read,key_489,1.85,false,false,0
2025-11-27T15:57:47.966851-08:00,read,key_409,2.08,false,false,0
2025-11-27T15:57:47.978045-08:00,read,key_596,1.75,false,false,0
2025-11-27T15:57:47.989242-08:00,read,key_363,1.73,false,false,0
2025-11-27T15:57:48.00043-08:00,read,key_653,2.21,false,false,0
2025-11-27T15:57:48.011623-08:00,read,key_714,1.74,false,false,0
2025-11-27T15:57:48.022812-08:00,read,key_315,1.92,false,false,0
2025-11-27T15:57:48.033668-08:00,read,key_410,2.06,true,false,231
2025-11-27T15:57:48.044845-08:00,read,key_633,1.92,false,false,0
2025-11-27T15:57:48.056044-08:00,read,key_891,1.80,true,false,210
2025-11-27T15:57:48.067272-08:00,read,key_708,2.21,false,false,0
2025-11-27T15:57:48.077818-08:00,read,key_30,1.63,false,false,0
2025-11-27T15:57:48.088931-08:00,read,key_737,1.65,false,false,0
2025-11-27T15:57:48.100188-08:00,read,key_600,2.24,true,false,503
2025-11-27T15:57:48.111384-08:00,read,key_937,1.64,true,false,411
2025-11-27T15:57:48.122561-08:00,read,key_828,1.60,false,false,0
2025-11-27T15:57:48.133743-08:00,read,key_461,2.37,false,false,0
2025-11-27T15:57:48.144891-08:00,read,key_206,1.28,false,false,0
2025-11-27T15:57:47.844205-08:00,write,key_48,308.41,true,false,519
2025-11-27T15:57:48.155395-08:00,read,key_474,1.70,false,false,0
2025-11-27T15:57:48.166179-08:00,read,key_257,1.92,false,false,0
2025-11-27T15:57:48.177448-08:00,read,key_649,2.00,false,false,0
2025-11-27T15:57:48.188622-08:00,read,key_3,1.61,false,false,0
2025-11-27T15:57:48.199832-08:00,read,key_382,2.23,false,false,0
2025-11-27T15:57:48.21098-08:00,read,key_792,1.80,true,false,368
2025-11-27T15:57:48.222237-08:00,read,key_190,1.83,false,false,0
2025-11-27T15:57:48.233365-08:00,read,key_273,2.24,true,false,467
2025-11-27T15:57:48.243812-08:00,read,key_490,1.56,false,false,0
2025-11-27T15:57:48.254873-08:00,read,key_924,1.78,false,false,0
2025-11-27T15:57:48.266071-08:00,read,key_428,2.31,false,false,0
2025-11-27T15:57:48.276384-08:00,read,key_512,2.29,false,false,0
2025-11-27T15:57:48.28765-08:00,read,key_300,1.94,true,false,414
2025-11-27T15:57:48.298253-08:00,read,key_220,1.84,false,false,0
2025-11-27T15:57:48.309548-08:00,read,key_637,2.26,false,false,0
2025-11-27T15:57:48.320757-08:00,read,key_396,1.79,false,false,0
2025-11-27T15:57:48.33195-08:00,read,key_123,2.46,true,false,44
2025-11-27T15:57:48.342931-08:00,read,key_35,2.43,false,false,0
2025-11-27T15:57:48.354049-08:00,read,key_298,1.96,false,false,0
2025-11-27T15:57:48.365193-08:00,read,key_196,1.87,true,false,69
2025-11-27T15:57:48.37652-08:00,read,key_388,1.96,true,false,212
2025-11-27T15:57:48.387377-08:00,read,key_730,1.76,true,false,410
2025-11-27T15:57:48.398245-08:00,read,key_435,1.79,true,false,19
2025-11-27T15:57:48.40905-08:00,read,key_924,2.17,false,false,0
2025-11-27T15:57:48.419937-08:00,read,key_406,1.86,true,false,218
2025-11-27T15:57:48.431124-08:00,read,key_827,1.71,false,false,0
2025-11-27T15:57:48.452835-08:00,read,key_712,1.75,true,false,55
2025-11-27T15:57:48.463979-08:00,read,key_70,1.66,true,false,242
2025-11-27T15:57:48.474537-08:00,read,key_516,1.69,false,false,0
2025-11-27T15:57:48.484946-08:00,read,key_954,1.73,false,false,0
2025-11-27T15:57:48.496003-08:00,read,key_316,1.68,false,false,0
2025-11-27T15:57:48.50661-08:00,read,key_214,1.65,true,false,234
2025-11-27T15:57:48.517802-08:00,read,key_288,1.75,false,false,0
2025-11-27T15:57:48.529032-08:00,read,key_652,1.77,true,false,126
2025-11-27T15:57:48.539944-08:00,read,key_405,1.79,false,false,0
2025-11-27T15:57:48.551205-08:00,read,key_284,1.84,false,false,0
2025-11-27T15:57:48.562077-08:00,read,key_143,1.86,false,false,0
2025-11-27T15:57:48.573213-08:00,read,key_869,2.13,true,false,232
2025-11-27T15:57:48.584564-08:00,read,key_594,2.45,true,false,43
2025-11-27T15:57:48.595702-08:00,read,key_903,1.38,true,false,338
2025-11-27T15:57:48.606878-08:00,read,key_900,1.22,true,false,259
2025-11-27T15:57:48.61806-08:00,read,key_423,1.30,true,false,396
2025-11-27T15:57:48.629203-08:00,read,key_67,1.91,false,false,0
2025-11-27T15:57:48.651627-08:00,read,key_16,5.25,false,false,0
2025-11-27T15:57:48.662344-08:00,read,key_618,1.87,true,false,337
2025-11-27T15:57:48.673214-08:00,read,key_907,2.00,false,false,0
2025-11-27T15:57:48.684464-08:00,read,key_844,2.13,false,false,0
2025-11-27T15:57:48.695682-08:00,read,key_643,1.92,true,false,466
2025-11-27T15:57:48.706862-08:00,read,key_101,2.49,false,false,0
2025-11-27T15:57:48.71788-08:00,read,key_184,2.13,false,false,0
2025-11-27T15:57:48.728982-08:00,read,key_603,1.86,true,false,26
2025-11-27T15:57:48.740183-08:00,read,key_49,1.77,false,false,0
2025-11-27T15:57:48.442062-08:00,write,key_651,310.05,true,false,520
2025-11-27T15:57:48.751305-08:00,read,key_179,4.19,true,false,319
2025-11-27T15:57:48.762182-08:00,read,key_401,1.97,true,false,443
2025-11-27T15:57:48.773296-08:00,read,key_620,1.94,false,false,0
2025-11-27T15:57:48.783527-08:00,read,key_933,1.75,false,false,0
2025-11-27T15:57:48.793946-08:00,read,key_908,1.94,true,false,183
2025-11-27T15:57:48.816158-08:00,read,key_956,2.22,true,false,323
2025-11-27T15:57:48.827312-08:00,read,key_154,1.63,false,false,0
2025-11-27T15:57:48.838468-08:00,read,key_644,0.99,false,false,0
2025-11-27T15:57:48.848904-08:00,read,key_463,1.67,false,false,0
2025-11-27T15:57:48.859488-08:00,read,key_219,1.21,false,false,0
2025-11-27T15:57:48.870697-08:00,read,key_699,1.24,false,false,0
2025-11-27T15:57:48.881358-08:00,read,key_418,1.81,false,false,0
2025-11-27T15:57:48.892566-08:00,read,key_869,2.15,true,false,232
2025-11-27T15:57:48.903494-08:00,read,key_601,1.13,true,false,87
2025-11-27T15:57:48.914708-08:00,read,key_835,1.89,true,false,417
2025-11-27T15:57:48.925972-08:00,read,key_596,1.87,false,false,0
2025-11-27T15:57:48.937243-08:00,read,key_860,2.51,true,false,403
2025-11-27T15:57:48.640364-08:00,write,key_191,306.29,true,false,521
2025-11-27T15:57:48.947491-08:00,read,key_862,1.59,false,false,0
2025-11-27T15:57:48.959324-08:00,read,key_785,2.20,false,false,0
2025-11-27T15:57:48.970466-08:00,read,key_272,2.01,true,false,445
2025-11-27T15:57:48.981676-08:00,read,key_132,1.91,false,false,0
2025-11-27T15:57:48.992961-08:00,read,key_914,2.11,true,false,327
2025-11-27T15:57:49.004132-08:00,read,key_745,2.06,false,false,0
2025-11-27T15:57:49.01537-08:00,read,key_702,2.02,true,false,456
2025-11-27T15:57:49.02629-08:00,read,key_914,2.25,true,false,327
2025-11-27T15:57:49.03747-08:00,read,key_61,1.92,true,false,391
2025-11-27T15:57:49.048244-08:00,read,key_705,1.97,true,false,491
2025-11-27T15:57:49.059474-08:00,read,key_752,2.19,false,false,0
2025-11-27T15:57:49.070665-08:00,read,key_716,1.88,true,false,269
2025-11-27T15:57:49.081407-08:00,read,key_486,1.79,false,false,0
2025-11-27T15:57:49.092626-08:00,read,key_283,2.24,false,false,0
2025-11-27T15:57:49.103807-08:00,read,key_592,1.88,false,false,0
2025-11-27T15:57:48.804871-08:00,write,key_802,308.43,true,false,522
2025-11-27T15:57:49.114003-08:00,read,key_164,1.39,true,false,307
2025-11-27T15:57:49.124561-08:00,read,key_471,1.54,false,false,0
2025-11-27T15:57:49.135769-08:00,read,key_752,1.87,false,false,0
2025-11-27T15:57:49.146924-08:00,read,key_447,1.22,false,false,0
2025-11-27T15:57:49.157525-08:00,read,key_170,1.42,false,false,0
2025-11-27T15:57:49.168757-08:00,read,key_665,1.98,false,false,0
2025-11-27T15:57:49.179874-08:00,read,key_106,1.96,true,false,301
2025-11-27T15:57:49.191105-08:00,read,key_496,1.99,true,false,395
2025-11-27T15:57:49.202379-08:00,read,key_862,1.99,false,false,0
2025-11-27T15:57:49.213619-08:00,read,key_478,1.93,true,false,376
2025-11-27T15:57:49.224163-08:00,read,key_13,1.88,false,false,0
2025-11-27T15:57:49.235435-08:00,read,key_291,1.68,true,false,305
2025-11-27T15:57:49.246475-08:00,read,key_728,1.17,true,false,435
2025-11-27T15:57:49.257655-08:00,read,key_42,1.94,false,false,0
2025-11-27T15:57:49.268873-08:00,read,key_11,2.26,false,false,0
2025-11-27T15:57:49.279167-08:00,read,key_602,1.35,false,false,0
2025-11-27T15:57:49.289889-08:00,read,key_503,1.10,true,false,104
2025-11-27T15:57:49.301018-08:00,read,key_243,1.19,false,false,0
2025-11-27T15:57:49.312179-08:00,read,key_627,1.18,false,false,0
2025-11-27T15:57:49.322477-08:00,read,key_18,1.67,false,false,0
2025-11-27T15:57:49.333697-08:00,read,key_181,2.03,false,false,0
2025-11-27T15:57:49.344241-08:00,read,key_197,2.02,true,false,518
2025-11-27T15:57:49.355416-08:00,read,key_597,1.63,false,false,0
2025-11-27T15:57:49.366456-08:00,read,key_400,2.74,false,false,0
2025-11-27T15:57:49.377622-08:00,read,key_784,2.47,true,false,478
2025-11-27T15:57:49.38823-08:00,read,key_277,1.89,true,false,440
2025-11-27T15:57:49.399416-08:00,read,key_891,2.01,true,false,210
2025-11-27T15:57:49.410684-08:00,read,key_78,2.02,true,false,454
2025-11-27T15:57:49.421918-08:00,read,key_290,1.98,false,false,0
2025-11-27T15:57:49.433157-08:00,read,key_495,2.14,false,false,0
2025-11-27T15:57:49.444288-08:00,read,key_903,1.86,true,false,338
2025-11-27T15:57:49.455498-08:00,read,key_981,2.05,false,false,0
2025-11-27T15:57:49.466717-08:00,read,key_574,2.15,false,false,0
2025-11-27T15:57:49.477535-08:00,read,key_305,1.97,false,false,0
2025-11-27T15:57:49.488737-08:00,read,key_869,1.78,true,false,232
2025-11-27T15:57:49.49995-08:00,read,key_500,2.13,false,false,0
2025-11-27T15:57:49.510393-08:00,read,key_464,0.95,false,false,0
2025-11-27T15:57:49.521556-08:00,read,key_656,1.78,false,false,0
2025-11-27T15:57:49.532792-08:00,read,key_843,2.12,true,false,505
2025-11-27T15:57:49.544008-08:00,read,key_150,1.65,true,false,118
2025-11-27T15:57:49.554869-08:00,read,key_791,1.74,true,false,500
2025-11-27T15:57:49.566086-08:00,read,key_775,2.31,false,false,0
2025-11-27T15:57:49.576579-08:00,read,key_106,2.40,true,false,301
2025-11-27T15:57:49.587758-08:00,read,key_937,1.89,true,false,411
2025-11-27T15:57:49.598246-08:00,read,key_230,1.96,true,false,346
2025-11-27T15:57:49.609467-08:00,read,key_460,2.34,false,false,0
2025-11-27T15:57:49.61986-08:00,read,key_423,1.83,true,false,396
2025-11-27T15:57:49.630961-08:00,read,key_894,1.76,true,false,353
2025-11-27T15:57:49.641952-08:00,read,key_34,2.23,false,false,0
2025-11-27T15:57:49.653144-08:00,read,key_902,1.91,true,false,450
2025-11-27T15:57:49.664316-08:00,read,key_296,1.79,true,false,407
2025-11-27T15:57:49.675516-08:00,read,key_110,2.44,true,false,394
2025-11-27T15:57:49.686716-08:00,read,key_846,1.78,false,false,0
2025-11-27T15:57:49.697936-08:00,read,key_299,1.73,false,false,0
2025-11-27T15:57:49.709119-08:00,read,key_684,2.43,true,false,184
2025-11-27T15:57:49.720261-08:00,read,key_398,1.80,true,false,120
2025-11-27T15:57:49.731504-08:00,read,key_413,1.79,false,false,0
2025-11-27T15:57:49.741995-08:00,read,key_840,3.21,false,false,0
2025-11-27T15:57:49.752308-08:00,read,key_496,1.82,true,false,395
2025-11-27T15:57:49.762682-08:00,read,key_165,1.98,true,false,75
2025-11-27T15:57:49.773208-08:00,read,key_774,1.99,true,false,46
2025-11-27T15:57:49.795789-08:00,read,key_514,1.82,false,false,0
2025-11-27T15:57:49.806974-08:00,read,key_880,2.24,false,false,0
2025-11-27T15:57:49.818102-08:00,read,key_479,2.17,true,false,381
2025-11-27T15:57:49.829293-08:00,read,key_19,2.04,true,false,501
2025-11-27T15:57:49.840526-08:00,read,key_717,1.85,false,false,0
2025-11-27T15:57:49.851837-08:00,read,key_56,1.87,true,false,341
2025-11-27T15:57:49.863061-08:00,read,key_844,1.83,false,false,0
2025-11-27T15:57:49.874316-08:00,read,key_749,4.20,true,false,326
2025-11-27T15:57:49.885329-08:00,read,key_69,1.94,true,false,485
2025-11-27T15:57:49.896495-08:00,read,key_273,1.89,true,false,467
2025-11-27T15:57:49.907722-08:00,read,key_107,2.22,true,false,499
2025-11-27T15:57:49.918915-08:00,read,key_912,1.02,false,false,0
2025-11-27T15:57:49.930113-08:00,read,key_272,1.89,true,false,445
2025-11-27T15:57:49.941329-08:00,read,key_126,2.52,true,false,8
2025-11-27T15:57:49.952357-08:00,read,key_298,1.69,false,false,0
2025-11-27T15:57:49.963205-08:00,read,key_377,1.60,true,false,116
2025-11-27T15:57:49.974412-08:00,read,key_490,2.63,false,false,0
2025-11-27T15:57:49.985458-08:00,read,key_197,2.13,true,false,518
2025-11-27T15:57:49.996671-08:00,read,key_784,1.88,true,false,478
2025-11-27T15:57:50.00788-08:00,read,key_224,2.32,false,false,0
2025-11-27T15:57:50.019097-08:00,read,key_740,1.84,true,false,451
2025-11-27T15:57:50.030304-08:00,read,key_514,1.74,false,false,0
2025-11-27T15:57:50.041345-08:00,read,key_675,2.09,false,false,0
2025-11-27T15:57:50.052658-08:00,read,key_903,1.85,true,false,338
2025-11-27T15:57:50.063894-08:00,read,key_295,1.73,true,false,380
2025-11-27T15:57:50.075363-08:00,read,key_602,2.41,false,false,0
2025-11-27T15:57:50.086483-08:00,read,key_92,1.78,true,false,507
2025-11-27T15:57:49.784594-08:00,write,key_897,305.60,true,false,523
2025-11-27T15:57:50.097555-08:00,read,key_514,1.78,false,false,0
2025-11-27T15:57:50.108861-08:00,read,key_45,2.29,false,false,0
2025-11-27T15:57:50.119986-08:00,read,key_290,1.90,false,false,0
2025-11-27T15:57:50.130908-08:00,read,key_701,0.67,false,false,0
2025-11-27T15:57:50.142248-08:00,read,key_341,1.25,false,false,0
2025-11-27T15:57:50.153396-08:00,read,key_657,1.22,true,false,370
2025-11-27T15:57:50.164559-08:00,read,key_984,1.11,false,false,0
2025-11-27T15:57:50.175253-08:00,read,key_753,1.41,true,false,296
2025-11-27T15:57:50.186506-08:00,read,key_454,1.93,false,false,0
2025-11-27T15:57:50.209035-08:00,read,key_414,2.24,false,false,0
2025-11-27T15:57:50.219833-08:00,read,key_897,1.83,true,false,523
2025-11-27T15:57:50.231068-08:00,read,key_890,1.73,true,false,275
2025-11-27T15:57:50.241934-08:00,read,key_393,2.00,false,false,0
2025-11-27T15:57:50.253165-08:00,read,key_909,1.82,false,false,0
2025-11-27T15:57:50.264356-08:00,read,key_837,1.78,true,false,74
2025-11-27T15:57:50.275599-08:00,read,key_606,2.19,false,false,0
2025-11-27T15:57:50.286447-08:00,read,key_763,1.98,true,false,252
2025-11-27T15:57:50.296947-08:00,read,key_744,1.62,true,false,224
2025-11-27T15:57:50.307972-08:00,read,key_736,3.01,true,false,240
2025-11-27T15:57:50.319104-08:00,read,key_15,1.76,true,false,493
2025-11-27T15:57:50.329361-08:00,read,key_817,1.91,true,false,93
2025-11-27T15:57:50.33986-08:00,read,key_277,2.16,true,false,440
2025-11-27T15:57:50.351809-08:00,read,key_161,2.10,false,false,0
2025-11-27T15:57:50.362951-08:00,read,key_576,1.95,false,false,0
2025-11-27T15:57:50.373526-08:00,read,key_158,2.44,false,false,0
2025-11-27T15:57:50.384657-08:00,read,key_341,2.12,false,false,0
2025-11-27T15:57:50.395835-08:00,read,key_847,1.88,false,false,0
2025-11-27T15:57:50.407081-08:00,read,key_187,2.21,false,false,0
2025-11-27T15:57:50.418295-08:00,read,key_275,1.88,false,false,0
2025-11-27T15:57:50.429352-08:00,read,key_204,1.94,false,false,0
2025-11-27T15:57:50.440527-08:00,read,key_746,2.02,true,false,362
2025-11-27T15:57:50.451001-08:00,read,key_891,2.08,true,false,210
2025-11-27T15:57:50.462172-08:00,read,key_463,2.09,false,false,0
2025-11-27T15:57:50.473387-08:00,read,key_265,1.94,true,false,262
2025-11-27T15:57:50.484587-08:00,read,key_591,1.97,false,false,0
2025-11-27T15:57:50.495784-08:00,read,key_700,1.86,true,false,384
2025-11-27T15:57:50.197722-08:00,write,key_594,307.99,true,false,524
2025-11-27T15:57:50.506018-08:00,read,key_378,1.57,true,false,117
2025-11-27T15:57:50.52803-08:00,read,key_409,1.67,false,false,0
2025-11-27T15:57:50.539251-08:00,read,key_881,1.78,false,false,0
2025-11-27T15:57:50.550472-08:00,read,key_804,3.11,true,false,343
2025-11-27T15:57:50.561533-08:00,read,key_273,1.57,true,false,467
2025-11-27T15:57:50.57269-08:00,read,key_933,3.58,false,false,0
2025-11-27T15:57:50.582961-08:00,read,key_223,1.10,true,false,264
2025-11-27T15:57:50.594175-08:00,read,key_285,0.72,false,false,0
2025-11-27T15:57:50.605247-08:00,read,key_328,0.83,true,false,129
2025-11-27T15:57:50.616111-08:00,read,key_893,0.51,true,false,471
2025-11-27T15:57:50.627262-08:00,read,key_172,0.63,true,false,510
2025-11-27T15:57:50.638516-08:00,read,key_232,0.56,false,false,0
2025-11-27T15:57:50.649676-08:00,read,key_464,0.62,false,false,0
2025-11-27T15:57:50.660605-08:00,read,key_47,0.57,false,false,0
2025-11-27T15:57:50.671789-08:00,read,key_312,0.58,false,false,0
2025-11-27T15:57:50.68297-08:00,read,key_891,0.57,true,false,210
2025-11-27T15:57:50.694043-08:00,read,key_306,1.62,true,false,164
2025-11-27T15:57:50.705187-08:00,read,key_683,0.93,true,false,408
2025-11-27T15:57:50.715817-08:00,read,key_1,1.04,false,false,0
2025-11-27T15:57:50.726174-08:00,read,key_220,1.22,false,false,0
2025-11-27T15:57:50.737347-08:00,read,key_942,1.35,false,false,0
2025-11-27T15:57:50.759469-08:00,read,key_512,5.22,false,false,0
2025-11-27T15:57:50.770268-08:00,read,key_605,1.61,false,false,0
2025-11-27T15:57:50.79232-08:00,read,key_387,4.98,true,false,219
2025-11-27T15:57:50.803043-08:00,read,key_740,1.55,true,false,451
2025-11-27T15:57:50.814258-08:00,read,key_349,2.26,false,false,0
2025-11-27T15:57:50.516892-08:00,write,key_431,307.46,true,false,525
2025-11-27T15:57:50.824435-08:00,read,key_278,1.49,true,false,344
2025-11-27T15:57:50.835228-08:00,read,key_512,1.37,false,false,0
2025-11-27T15:57:50.846448-08:00,read,key_872,1.98,true,false,516
2025-11-27T15:57:50.857099-08:00,read,key_516,1.88,false,false,0
2025-11-27T15:57:50.867973-08:00,read,key_890,2.05,true,false,275
2025-11-27T15:57:50.87915-08:00,read,key_563,1.84,true,false,371
2025-11-27T15:57:50.89036-08:00,read,key_931,1.74,true,false,495
2025-11-27T15:57:50.901623-08:00,read,key_702,1.87,true,false,456
2025-11-27T15:57:50.91271-08:00,read,key_924,1.81,false,false,0
2025-11-27T15:57:50.923843-08:00,read,key_515,1.73,true,false,245
2025-11-27T15:57:50.935082-08:00,read,key_727,1.84,true,false,221
2025-11-27T15:57:50.945988-08:00,read,key_287,1.71,false,false,0
2025-11-27T15:57:50.957177-08:00,read,key_301,1.86,false,false,0
2025-11-27T15:57:50.967915-08:00,read,key_652,2.25,true,false,126
2025-11-27T15:57:50.990316-08:00,read,key_885,1.98,false,false,0
2025-11-27T15:57:51.00169-08:00,read,key_469,2.94,false,false,0
2025-11-27T15:57:51.012695-08:00,read,key_736,2.08,true,false,240
2025-11-27T15:57:51.02437-08:00,read,key_711,1.34,false,false,0
2025-11-27T15:57:51.046996-08:00,read,key_65,6.03,true,false,413
2025-11-27T15:57:50.748494-08:00,write,key_408,308.32,true,false,526
2025-11-27T15:57:51.057148-08:00,read,key_839,1.16,false,false,0
2025-11-27T15:57:51.079155-08:00,read,key_401,1.97,true,false,443
2025-11-27T15:57:50.781171-08:00,write,key_558,306.11,true,false,527
2025-11-27T15:57:51.089578-08:00,read,key_57,1.62,false,false,0
2025-11-27T15:57:51.100484-08:00,read,key_975,2.43,true,false,480
2025-11-27T15:57:51.111385-08:00,read,key_891,1.63,true,false,210
2025-11-27T15:57:51.122553-08:00,read,key_809,1.56,true,false,283
2025-11-27T15:57:51.133686-08:00,read,key_595,1.44,true,false,27
2025-11-27T15:57:51.145004-08:00,read,key_365,1.45,true,false,233
2025-11-27T15:57:51.156092-08:00,read,key_330,1.11,false,false,0
2025-11-27T15:57:51.166227-08:00,read,key_933,2.83,false,false,0
2025-11-27T15:57:51.176942-08:00,read,key_19,0.82,true,false,501
2025-11-27T15:57:51.187703-08:00,read,key_885,0.66,false,false,0
2025-11-27T15:57:51.198845-08:00,read,key_789,0.70,true,false,463
2025-11-27T15:57:51.209997-08:00,read,key_279,0.70,false,false,0
2025-11-27T15:57:51.221183-08:00,read,key_304,0.54,true,false,34
2025-11-27T15:57:51.232344-08:00,read,key_885,0.44,false,false,0
2025-11-27T15:57:51.254423-08:00,read,key_299,0.59,false,false,0
2025-11-27T15:57:51.264791-08:00,read,key_861,0.56,false,false,0
2025-11-27T15:57:51.276012-08:00,read,key_294,0.62,false,false,0
2025-11-27T15:57:50.979058-08:00,write,key_492,304.25,true,false,528
2025-11-27T15:57:51.286523-08:00,read,key_518,0.55,false,false,0
2025-11-27T15:57:51.296718-08:00,read,key_557,0.75,false,false,0
2025-11-27T15:57:51.307897-08:00,read,key_214,0.63,true,false,234
2025-11-27T15:57:51.329829-08:00,read,key_160,0.62,false,false,0
2025-11-27T15:57:51.340982-08:00,read,key_402,0.54,false,false,0
2025-11-27T15:57:51.035687-08:00,write,key_253,306.14,true,false,529
2025-11-27T15:57:51.351169-08:00,read,key_118,0.55,false,false,0
2025-11-27T15:57:51.362342-08:00,read,key_302,0.62,true,false,313
2025-11-27T15:57:51.067943-08:00,write,key_268,305.27,true,false,530
2025-11-27T15:57:51.405953-08:00,read,key_807,1.44,false,false,0
2025-11-27T15:57:51.41647-08:00,read,key_511,0.57,false,false,0
2025-11-27T15:57:51.427653-08:00,read,key_170,0.58,false,false,0
2025-11-27T15:57:51.438906-08:00,read,key_436,1.69,true,false,270
2025-11-27T15:57:51.450306-08:00,read,key_770,1.80,false,false,0
2025-11-27T15:57:51.4615-08:00,read,key_689,1.72,true,false,347
2025-11-27T15:57:51.472734-08:00,read,key_360,1.71,false,false,0
2025-11-27T15:57:51.495184-08:00,read,key_233,4.63,false,false,0
2025-11-27T15:57:51.506054-08:00,read,key_895,1.33,true,false,331
2025-11-27T15:57:51.517205-08:00,read,key_552,1.42,false,false,0
2025-11-27T15:57:51.528366-08:00,read,key_314,1.03,true,false,88
2025-11-27T15:57:51.243258-08:00,write,key_86,307.72,true,false,531
2025-11-27T15:57:51.561287-08:00,read,key_54,2.03,false,false,0
2025-11-27T15:57:51.572528-08:00,read,key_493,1.99,true,false,157
2025-11-27T15:57:51.583632-08:00,read,key_560,2.85,true,false,186
2025-11-27T15:57:51.594079-08:00,read,key_268,1.93,true,false,530
2025-11-27T15:57:51.605323-08:00,read,key_279,1.62,false,false,0
2025-11-27T15:57:51.616518-08:00,read,key_387,2.35,true,false,219
2025-11-27T15:57:51.319157-08:00,write,key_183,306.58,true,false,532
2025-11-27T15:57:51.626851-08:00,read,key_401,1.80,true,false,443
2025-11-27T15:57:51.637684-08:00,read,key_801,1.91,false,false,0
2025-11-27T15:57:51.648871-08:00,read,key_907,1.93,false,false,0
2025-11-27T15:57:51.670802-08:00,read,key_805,1.81,false,false,0
2025-11-27T15:57:51.373196-08:00,write,key_603,308.01,true,false,533
2025-11-27T15:57:51.681312-08:00,read,key_950,1.39,true,false,194
2025-11-27T15:57:51.383598-08:00,write,key_298,306.71,true,false,534
2025-11-27T15:57:51.691547-08:00,read,key_914,1.16,true,false,327
2025-11-27T15:57:51.39478-08:00,write,key_931,308.74,true,false,535
2025-11-27T15:57:51.702583-08:00,read,key_954,1.75,false,false,0
2025-11-27T15:57:51.713156-08:00,read,key_652,1.44,true,false,126
2025-11-27T15:57:51.724357-08:00,read,key_12,1.95,false,false,0
2025-11-27T15:57:51.735495-08:00,read,key_840,2.15,false,false,0
2025-11-27T15:57:51.746599-08:00,read,key_296,1.85,true,false,407
2025-11-27T15:57:51.756813-08:00,read,key_875,1.56,false,false,0
2025-11-27T15:57:51.768037-08:00,read,key_462,2.42,false,false,0
2025-11-27T15:57:51.778963-08:00,read,key_359,1.43,false,false,0
2025-11-27T15:57:51.483941-08:00,write,key_236,307.37,true,false,536
2025-11-27T15:57:51.790121-08:00,read,key_373,2.15,true,false,175
2025-11-27T15:57:51.801369-08:00,read,key_709,1.83,false,false,0
2025-11-27T15:57:51.811817-08:00,read,key_566,2.01,true,false,442
2025-11-27T15:57:51.823051-08:00,read,key_749,1.87,true,false,326
2025-11-27T15:57:51.538978-08:00,write,key_597,306.25,true,false,537
2025-11-27T15:57:51.844043-08:00,read,key_904,1.88,false,false,0
2025-11-27T15:57:51.855211-08:00,read,key_560,1.84,true,false,186
2025-11-27T15:57:51.550303-08:00,write,key_674,308.77,true,false,538
2025-11-27T15:57:51.865639-08:00,read,key_168,1.43,true,false,297
2025-11-27T15:57:51.876845-08:00,read,key_686,1.79,false,false,0
2025-11-27T15:57:51.898224-08:00,read,key_817,1.82,true,false,93
2025-11-27T15:57:51.909506-08:00,read,key_295,2.10,true,false,380
2025-11-27T15:57:51.920683-08:00,read,key_865,1.99,false,false,0
2025-11-27T15:57:51.931638-08:00,read,key_327,1.64,true,false,390
2025-11-27T15:57:51.942817-08:00,read,key_224,2.56,false,false,0
2025-11-27T15:57:51.953902-08:00,read,key_734,1.99,true,false,446
2025-11-27T15:57:51.964808-08:00,read,key_811,1.69,false,false,0
2025-11-27T15:57:51.659602-08:00,write,key_816,307.49,true,false,539
2025-11-27T15:57:51.97539-08:00,read,key_300,2.28,true,false,414
2025-11-27T15:57:51.986553-08:00,read,key_600,1.86,true,false,503
2025-11-27T15:57:51.997771-08:00,read,key_476,1.82,false,false,0
2025-11-27T15:57:52.008615-08:00,read,key_370,2.07,false,false,0
2025-11-27T15:57:52.031081-08:00,read,key_577,1.87,true,false,179
2025-11-27T15:57:52.04136-08:00,read,key_303,2.03,true,false,325
2025-11-27T15:57:52.052646-08:00,read,key_903,1.92,true,false,338
2025-11-27T15:57:52.063493-08:00,read,key_799,1.88,true,false,363
2025-11-27T15:57:52.07472-08:00,read,key_657,2.53,true,false,370
2025-11-27T15:57:52.085901-08:00,read,key_507,1.85,true,false,108
2025-11-27T15:57:52.096557-08:00,read,key_929,1.83,false,false,0
2025-11-27T15:57:52.107508-08:00,read,key_8,2.12,false,false,0
2025-11-27T15:57:52.119268-08:00,read,key_732,2.45,true,false,141
2025-11-27T15:57:52.129806-08:00,read,key_409,1.63,false,false,0
2025-11-27T15:57:52.140919-08:00,read,key_973,3.81,false,false,0
2025-11-27T15:57:51.833538-08:00,write,key_495,311.20,true,false,540
2025-11-27T15:57:52.15193-08:00,read,key_839,1.45,false,false,0
2025-11-27T15:57:52.163055-08:00,read,key_412,0.98,true,false,163
2025-11-27T15:57:52.174281-08:00,read,key_618,1.86,true,false,337
2025-11-27T15:57:52.184825-08:00,read,key_944,2.00,false,false,0
2025-11-27T15:57:51.887511-08:00,write,key_902,304.13,true,false,541
2025-11-27T15:57:52.195414-08:00,read,key_423,1.57,true,false,396
2025-11-27T15:57:52.206564-08:00,read,key_579,2.04,true,false,253
2025-11-27T15:57:52.217066-08:00,read,key_15,1.97,true,false,493
2025-11-27T15:57:52.227975-08:00,read,key_929,1.82,false,false,0
2025-11-27T15:57:52.238226-08:00,read,key_933,1.75,false,false,0
2025-11-27T15:57:52.249454-08:00,read,key_292,2.09,false,false,0
2025-11-27T15:57:52.260588-08:00,read,key_978,2.22,true,false,422
2025-11-27T15:57:52.271759-08:00,read,key_264,1.76,false,false,0
2025-11-27T15:57:52.282978-08:00,read,key_664,2.20,false,false,0
2025-11-27T15:57:52.294167-08:00,read,key_837,1.87,true,false,74
2025-11-27T15:57:52.304869-08:00,read,key_615,2.08,false,false,0
2025-11-27T15:57:52.019897-08:00,write,key_555,303.63,true,false,542
2025-11-27T15:57:52.326388-08:00,read,key_31,1.19,false,false,0
2025-11-27T15:57:52.337077-08:00,read,key_982,0.68,false,false,0
2025-11-27T15:57:52.348271-08:00,read,key_719,0.88,false,false,0
2025-11-27T15:57:52.359521-08:00,read,key_863,1.54,false,false,0
2025-11-27T15:57:52.369814-08:00,read,key_664,1.22,false,false,0
2025-11-27T15:57:52.380977-08:00,read,key_284,1.21,false,false,0
2025-11-27T15:57:52.403517-08:00,read,key_446,1.44,true,false,41
2025-11-27T15:57:52.414715-08:00,read,key_955,1.37,true,false,436
2025-11-27T15:57:52.42537-08:00,read,key_885,2.28,false,false,0
2025-11-27T15:57:52.436516-08:00,read,key_386,1.23,true,false,374
2025-11-27T15:57:52.447674-08:00,read,key_186,1.29,false,false,0
2025-11-27T15:57:52.458762-08:00,read,key_128,1.92,true,false,460
2025-11-27T15:57:52.469948-08:00,read,key_108,0.92,false,false,0
2025-11-27T15:57:52.481108-08:00,read,key_761,0.87,true,false,292
2025-11-27T15:57:52.492371-08:00,read,key_576,1.94,false,false,0
2025-11-27T15:57:52.503515-08:00,read,key_362,0.90,false,false,0
2025-11-27T15:57:52.5147-08:00,read,key_683,1.29,true,false,408
2025-11-27T15:57:52.526107-08:00,read,key_259,1.80,true,false,502
2025-11-27T15:57:52.537242-08:00,read,key_331,1.21,false,false,0
2025-11-27T15:57:52.548156-08:00,read,key_208,1.65,false,false,0
2025-11-27T15:57:52.559024-08:00,read,key_793,2.21,true,false,293
2025-11-27T15:57:52.57025-08:00,read,key_336,2.21,true,false,150
2025-11-27T15:57:52.592682-08:00,read,key_493,7.12,true,false,157
2025-11-27T15:57:52.603295-08:00,read,key_653,2.05,false,false,0
2025-11-27T15:57:52.614463-08:00,read,key_839,1.02,false,false,0
2025-11-27T15:57:52.315896-08:00,write,key_903,308.40,true,false,543
2025-11-27T15:57:52.624728-08:00,read,key_2,2.10,false,false,0
2025-11-27T15:57:52.63596-08:00,read,key_575,1.88,true,false,203
2025-11-27T15:57:52.64651-08:00,read,key_600,2.19,true,false,503
2025-11-27T15:57:52.668036-08:00,read,key_301,2.51,false,false,0
2025-11-27T15:57:52.679159-08:00,read,key_887,1.18,false,false,0
2025-11-27T15:57:52.690363-08:00,read,key_890,2.06,true,false,275
2025-11-27T15:57:52.701715-08:00,read,key_433,1.94,false,false,0
2025-11-27T15:57:52.392288-08:00,write,key_289,311.49,true,false,544
2025-11-27T15:57:52.712928-08:00,read,key_614,2.12,false,false,0
2025-11-27T15:57:52.723143-08:00,read,key_232,1.75,false,false,0
2025-11-27T15:57:52.734546-08:00,read,key_405,2.33,false,false,0
2025-11-27T15:57:52.745688-08:00,read,key_554,1.29,true,false,333
2025-11-27T15:57:52.75691-08:00,read,key_593,2.80,false,false,0
2025-11-27T15:57:52.767856-08:00,read,key_714,2.53,false,false,0
2025-11-27T15:57:52.789483-08:00,read,key_744,1.91,true,false,224
2025-11-27T15:57:52.799974-08:00,read,key_658,3.05,false,false,0
2025-11-27T15:57:52.811038-08:00,read,key_404,1.71,false,false,0
2025-11-27T15:57:52.821477-08:00,read,key_552,1.67,false,false,0
2025-11-27T15:57:52.832655-08:00,read,key_787,1.74,false,false,0
2025-11-27T15:57:52.855017-08:00,read,key_986,5.39,true,false,496
2025-11-27T15:57:52.8658-08:00,read,key_488,1.71,false,false,0
2025-11-27T15:57:52.876235-08:00,read,key_315,2.07,false,false,0
2025-11-27T15:57:52.581435-08:00,write,key_302,306.71,true,false,545
2025-11-27T15:57:52.886817-08:00,read,key_877,1.79,true,false,438
2025-11-27T15:57:52.898054-08:00,read,key_318,1.69,true,false,106
2025-11-27T15:57:52.909248-08:00,read,key_889,2.27,false,false,0
2025-11-27T15:57:52.920475-08:00,read,key_629,1.94,true,false,17
2025-11-27T15:57:52.931691-08:00,read,key_58,1.89,true,false,57
2025-11-27T15:57:52.94305-08:00,read,key_151,1.97,false,false,0
2025-11-27T15:57:52.954248-08:00,read,key_409,2.17,false,false,0
2025-11-27T15:57:52.657201-08:00,write,key_499,308.07,true,false,546
2025-11-27T15:57:52.96486-08:00,read,key_874,1.45,false,false,0
2025-11-27T15:57:52.976191-08:00,read,key_393,1.91,false,false,0
2025-11-27T15:57:52.987417-08:00,read,key_832,1.93,false,false,0
2025-11-27T15:57:52.998611-08:00,read,key_714,1.93,false,false,0
2025-11-27T15:57:53.009808-08:00,read,key_51,2.19,true,false,215
2025-11-27T15:57:53.021023-08:00,read,key_720,1.90,false,false,0
2025-11-27T15:57:53.03227-08:00,read,key_822,1.88,false,false,0
2025-11-27T15:57:53.043462-08:00,read,key_573,2.13,true,false,190
2025-11-27T15:57:53.054667-08:00,read,key_703,1.76,true,false,476
2025-11-27T15:57:53.06584-08:00,read,key_751,1.87,true,false,274
2025-11-27T15:57:53.077194-08:00,read,key_471,1.93,false,false,0
2025-11-27T15:57:52.778233-08:00,write,key_465,307.09,true,false,547
2025-11-27T15:57:53.08769-08:00,read,key_187,1.46,false,false,0
2025-11-27T15:57:53.098253-08:00,read,key_708,1.55,false,false,0
2025-11-27T15:57:53.109403-08:00,read,key_272,2.14,true,false,445
2025-11-27T15:57:53.120578-08:00,read,key_705,2.28,true,false,491
2025-11-27T15:57:53.131753-08:00,read,key_601,1.68,true,false,87
2025-11-27T15:57:53.142108-08:00,read,key_849,2.20,false,false,0
2025-11-27T15:57:52.843756-08:00,write,key_863,308.78,true,false,548
2025-11-27T15:57:53.152438-08:00,read,key_557,1.47,false,false,0
2025-11-27T15:57:53.162764-08:00,read,key_986,0.95,true,false,496
2025-11-27T15:57:53.173172-08:00,read,key_50,1.14,false,false,0
2025-11-27T15:57:53.183532-08:00,read,key_925,1.28,false,false,0
2025-11-27T15:57:53.194668-08:00,read,key_193,1.08,true,false,437
2025-11-27T15:57:53.205974-08:00,read,key_430,1.77,true,false,236
2025-11-27T15:57:53.217157-08:00,read,key_894,1.44,true,false,353
2025-11-27T15:57:53.228377-08:00,read,key_814,1.73,false,false,0
2025-11-27T15:57:53.238749-08:00,read,key_719,1.73,false,false,0
2025-11-27T15:57:53.249982-08:00,read,key_253,2.26,true,false,529
2025-11-27T15:57:53.261188-08:00,read,key_160,1.65,false,false,0
2025-11-27T15:57:53.272376-08:00,read,key_578,1.92,true,false,354
2025-11-27T15:57:53.283683-08:00,read,key_650,2.17,false,false,0
2025-11-27T15:57:53.294604-08:00,read,key_610,1.87,true,false,402
2025-11-27T15:57:53.305822-08:00,read,key_420,1.73,false,false,0
2025-11-27T15:57:53.317019-08:00,read,key_566,2.14,true,false,442
2025-11-27T15:57:53.327836-08:00,read,key_609,3.64,false,false,0
2025-11-27T15:57:53.338634-08:00,read,key_255,0.96,false,false,0
2025-11-27T15:57:53.361029-08:00,read,key_218,2.01,false,false,0
2025-11-27T15:57:53.383718-08:00,read,key_417,4.81,false,false,0
2025-11-27T15:57:53.394549-08:00,read,key_375,1.51,false,false,0
2025-11-27T15:57:53.405749-08:00,read,key_862,1.87,false,false,0
2025-11-27T15:57:53.416925-08:00,read,key_955,2.16,true,false,436
2025-11-27T15:57:53.428154-08:00,read,key_659,1.65,false,false,0
2025-11-27T15:57:53.439334-08:00,read,key_128,1.92,true,false,460
2025-11-27T15:57:53.450472-08:00,read,key_289,2.33,true,false,544
2025-11-27T15:57:53.461591-08:00,read,key_466,1.04,true,false,404
2025-11-27T15:57:53.472263-08:00,read,key_734,0.85,true,false,446
2025-11-27T15:57:53.483504-08:00,read,key_901,2.12,false,false,0
2025-11-27T15:57:53.494713-08:00,read,key_151,1.54,false,false,0
2025-11-27T15:57:53.528261-08:00,read,key_188,4.15,true,false,464
2025-11-27T15:57:53.539165-08:00,read,key_117,1.53,false,false,0
2025-11-27T15:57:53.560945-08:00,read,key_984,4.07,false,false,0
2025-11-27T15:57:53.571477-08:00,read,key_974,1.74,true,false,513
2025-11-27T15:57:53.593363-08:00,read,key_388,4.50,true,false,212
2025-11-27T15:57:53.604222-08:00,read,key_470,1.84,true,false,128
2025-11-27T15:57:53.614567-08:00,read,key_884,1.87,false,false,0
2025-11-27T15:57:53.625316-08:00,read,key_470,2.08,true,false,128
2025-11-27T15:57:53.636502-08:00,read,key_295,2.00,true,false,380
2025-11-27T15:57:53.647761-08:00,read,key_565,1.88,true,false,250
2025-11-27T15:57:53.349868-08:00,write,key_682,306.53,true,false,549
2025-11-27T15:57:53.658116-08:00,read,key_828,1.79,false,false,0
2025-11-27T15:57:53.668844-08:00,read,key_302,2.11,true,false,545
2025-11-27T15:57:53.372313-08:00,write,key_898,308.36,true,false,550
2025-11-27T15:57:53.701668-08:00,read,key_402,1.96,false,false,0
2025-11-27T15:57:53.712684-08:00,read,key_756,1.84,true,false,439
2025-11-27T15:57:53.722917-08:00,read,key_982,1.44,false,false,0
2025-11-27T15:57:53.734135-08:00,read,key_631,2.11,false,false,0
2025-11-27T15:57:53.745361-08:00,read,key_755,2.04,true,false,177
2025-11-27T15:57:53.755724-08:00,read,key_737,1.29,false,false,0
2025-11-27T15:57:53.766977-08:00,read,key_493,2.18,true,false,157
2025-11-27T15:57:53.777438-08:00,read,key_743,1.72,true,false,180
2025-11-27T15:57:53.788142-08:00,read,key_796,1.48,false,false,0
2025-11-27T15:57:53.799328-08:00,read,key_700,1.83,true,false,384
2025-11-27T15:57:53.810568-08:00,read,key_800,1.84,true,false,401
2025-11-27T15:57:53.505945-08:00,write,key_547,309.12,true,false,551
2025-11-27T15:57:53.821032-08:00,read,key_254,1.85,false,false,0
2025-11-27T15:57:53.517121-08:00,write,key_545,309.22,true,false,552
2025-11-27T15:57:53.84241-08:00,read,key_901,2.60,false,false,0
2025-11-27T15:57:53.85347-08:00,read,key_462,0.57,false,false,0
2025-11-27T15:57:53.549759-08:00,write,key_873,307.80,true,false,553
2025-11-27T15:57:53.864386-08:00,read,key_888,0.62,false,false,0
2025-11-27T15:57:53.875211-08:00,read,key_965,0.83,false,false,0
2025-11-27T15:57:53.886401-08:00,read,key_52,1.18,false,false,0
2025-11-27T15:57:53.58215-08:00,write,key_231,306.89,true,false,554
2025-11-27T15:57:53.897599-08:00,read,key_563,1.42,true,false,371
2025-11-27T15:57:53.908572-08:00,read,key_193,2.10,true,false,437
2025-11-27T15:57:53.919843-08:00,read,key_38,1.59,false,false,0
2025-11-27T15:57:53.931033-08:00,read,key_914,1.68,true,false,327
2025-11-27T15:57:53.942252-08:00,read,key_12,2.23,false,false,0
2025-11-27T15:57:53.953473-08:00,read,key_908,1.92,true,false,183
2025-11-27T15:57:53.975881-08:00,read,key_801,2.53,false,false,0
2025-11-27T15:57:53.679862-08:00,write,key_471,309.77,true,false,555
2025-11-27T15:57:53.691128-08:00,write,key_886,305.06,true,false,556
2025-11-27T15:57:53.997334-08:00,read,key_118,1.40,false,false,0
2025-11-27T15:57:54.00858-08:00,read,key_778,1.92,false,false,0
2025-11-27T15:57:54.019778-08:00,read,key_800,1.97,true,false,401
2025-11-27T15:57:54.031031-08:00,read,key_270,1.62,false,false,0
2025-11-27T15:57:54.041919-08:00,read,key_414,2.07,false,false,0
2025-11-27T15:57:54.053105-08:00,read,key_400,1.71,false,false,0
2025-11-27T15:57:54.0757-08:00,read,key_290,2.09,false,false,0
2025-11-27T15:57:54.086884-08:00,read,key_401,1.92,true,false,443
2025-11-27T15:57:54.097716-08:00,read,key_393,1.73,false,false,0
2025-11-27T15:57:54.108721-08:00,read,key_515,2.14,true,false,245
2025-11-27T15:57:54.130706-08:00,read,key_546,6.43,false,false,0
2025-11-27T15:57:53.831756-08:00,write,key_765,306.53,true,false,557
2025-11-27T15:57:54.141227-08:00,read,key_618,1.75,true,false,337
2025-11-27T15:57:54.152403-08:00,read,key_184,2.21,false,false,0
2025-11-27T15:57:54.163565-08:00,read,key_741,1.79,false,false,0
2025-11-27T15:57:54.174554-08:00,read,key_491,1.79,true,false,213
2025-11-27T15:57:54.208278-08:00,read,key_752,5.49,false,false,0
2025-11-27T15:57:54.218533-08:00,read,key_12,1.77,false,false,0
2025-11-27T15:57:54.229731-08:00,read,key_467,1.67,false,false,0
2025-11-27T15:57:54.240477-08:00,read,key_809,1.98,true,false,283
2025-11-27T15:57:54.25165-08:00,read,key_833,1.78,true,false,441
2025-11-27T15:57:53.964694-08:00,write,key_292,304.39,true,false,558
2025-11-27T15:57:54.283851-08:00,read,key_292,4.63,true,false,558
2025-11-27T15:57:53.987066-08:00,write,key_572,305.13,true,false,559
2025-11-27T15:57:54.29426-08:00,read,key_659,1.57,false,false,0
2025-11-27T15:57:54.305304-08:00,read,key_340,1.08,true,false,86
2025-11-27T15:57:54.326735-08:00,read,key_832,0.98,false,false,0
2025-11-27T15:57:54.33767-08:00,read,key_415,1.52,false,false,0
2025-11-27T15:57:54.347869-08:00,read,key_231,1.02,true,false,554
2025-11-27T15:57:54.358296-08:00,read,key_771,1.41,false,false,0
2025-11-27T15:57:54.369179-08:00,read,key_308,1.11,true,false,393
2025-11-27T15:57:54.064305-08:00,write,key_434,306.69,true,false,560
2025-11-27T15:57:54.380042-08:00,read,key_220,1.11,true,false,562
2025-11-27T15:57:54.391195-08:00,read,key_201,1.13,true,false,388
2025-11-27T15:57:54.401857-08:00,read,key_959,1.13,true,false,70
2025-11-27T15:57:54.413057-08:00,read,key_575,1.18,true,false,203
2025-11-27T15:57:54.119541-08:00,write,key_782,304.37,true,false,561
2025-11-27T15:57:54.423671-08:00,read,key_125,1.08,false,false,0
2025-11-27T15:57:54.434849-08:00,read,key_274,1.10,false,false,0
2025-11-27T15:57:54.446012-08:00,read,key_495,1.32,true,false,540
2025-11-27T15:57:54.467939-08:00,read,key_728,1.37,true,false,435
2025-11-27T15:57:54.478911-08:00,read,key_117,1.19,false,false,0
2025-11-27T15:57:54.185817-08:00,write,key_220,304.82,true,false,562
2025-11-27T15:57:54.489811-08:00,read,key_762,1.21,false,false,0
2025-11-27T15:57:54.500971-08:00,read,key_34,1.83,false,false,0
2025-11-27T15:57:54.197062-08:00,write,key_127,305.82,true,false,563
2025-11-27T15:57:54.512146-08:00,read,key_919,1.26,false,false,0
2025-11-27T15:57:54.534504-08:00,read,key_982,1.34,false,false,0
2025-11-27T15:57:54.545695-08:00,read,key_748,1.84,false,false,0
2025-11-27T15:57:54.556517-08:00,read,key_412,1.56,true,false,163
2025-11-27T15:57:54.262751-08:00,write,key_841,306.56,true,false,564
2025-11-27T15:57:54.567712-08:00,read,key_649,2.38,false,false,0
2025-11-27T15:57:54.578196-08:00,read,key_919,2.21,false,false,0
2025-11-27T15:57:54.273322-08:00,write,key_469,307.60,true,false,565
2025-11-27T15:57:54.58941-08:00,read,key_449,4.32,false,false,0
2025-11-27T15:57:54.600304-08:00,read,key_661,2.19,true,false,392
2025-11-27T15:57:54.611903-08:00,read,key_919,1.43,false,false,0
2025-11-27T15:57:54.315675-08:00,write,key_128,308.71,true,false,566
2025-11-27T15:57:54.623144-08:00,read,key_786,2.17,true,false,111
2025-11-27T15:57:54.634321-08:00,read,key_161,2.62,false,false,0
2025-11-27T15:57:54.645454-08:00,read,key_983,1.89,false,false,0
2025-11-27T15:57:54.656656-08:00,read,key_438,1.93,true,false,426
2025-11-27T15:57:54.668016-08:00,read,key_57,1.95,false,false,0
2025-11-27T15:57:54.679252-08:00,read,key_933,2.09,false,false,0
2025-11-27T15:57:54.69048-08:00,read,key_44,1.96,false,false,0
2025-11-27T15:57:54.701317-08:00,read,key_608,2.00,true,false,342
2025-11-27T15:57:54.712551-08:00,read,key_534,1.93,false,false,0
2025-11-27T15:57:54.723761-08:00,read,key_748,1.90,false,false,0
2025-11-27T15:57:54.734985-08:00,read,key_592,1.87,false,false,0
2025-11-27T15:57:54.74554-08:00,read,key_104,0.86,true,false,220
2025-11-27T15:57:54.756665-08:00,read,key_30,1.35,false,false,0
2025-11-27T15:57:54.457161-08:00,write,key_300,307.48,true,false,567
2025-11-27T15:57:54.766984-08:00,read,key_673,1.07,false,false,0
2025-11-27T15:57:54.778122-08:00,read,key_159,1.52,false,false,0
2025-11-27T15:57:54.789306-08:00,read,key_196,1.47,true,false,69
2025-11-27T15:57:54.800162-08:00,read,key_257,1.66,false,false,0
2025-11-27T15:57:54.811348-08:00,read,key_557,1.69,false,false,0
2025-11-27T15:57:54.822466-08:00,read,key_460,1.45,false,false,0
2025-11-27T15:57:54.52321-08:00,write,key_261,304.57,true,false,568
2025-11-27T15:57:54.843541-08:00,read,key_378,1.96,true,false,117
2025-11-27T15:57:54.854715-08:00,read,key_299,1.72,false,false,0
2025-11-27T15:57:54.865917-08:00,read,key_375,1.75,false,false,0
2025-11-27T15:57:54.897965-08:00,read,key_188,4.15,true,false,464
2025-11-27T15:57:54.919965-08:00,read,key_695,3.25,false,false,0
2025-11-27T15:57:54.930896-08:00,read,key_399,1.21,false,false,0
2025-11-27T15:57:54.941756-08:00,read,key_556,1.42,true,false,487
2025-11-27T15:57:54.952845-08:00,read,key_63,1.41,false,false,0
2025-11-27T15:57:54.963947-08:00,read,key_6,1.44,true,false,364
2025-11-27T15:57:54.975028-08:00,read,key_1,1.51,false,false,0
2025-11-27T15:57:54.997369-08:00,read,key_954,3.35,false,false,0
2025-11-27T15:57:55.00801-08:00,read,key_697,1.48,false,false,0
2025-11-27T15:57:55.019203-08:00,read,key_632,0.87,false,false,0
2025-11-27T15:57:55.030427-08:00,read,key_757,1.48,true,false,146
2025-11-27T15:57:55.041536-08:00,read,key_819,1.45,true,false,468
2025-11-27T15:57:55.052716-08:00,read,key_161,1.27,false,false,0
2025-11-27T15:57:55.06381-08:00,read,key_872,1.51,true,false,516
2025-11-27T15:57:55.075012-08:00,read,key_908,1.67,true,false,183
2025-11-27T15:57:55.096545-08:00,read,key_802,3.90,true,false,522
2025-11-27T15:57:55.117844-08:00,read,key_747,4.40,true,false,459
2025-11-27T15:57:55.128227-08:00,read,key_713,1.40,false,false,0
2025-11-27T15:57:54.833209-08:00,write,key_718,305.01,true,false,569
2025-11-27T15:57:55.138287-08:00,read,key_645,0.76,false,false,0
2025-11-27T15:57:55.149494-08:00,read,key_499,2.16,true,false,546
2025-11-27T15:57:55.160104-08:00,read,key_308,1.99,true,false,393
2025-11-27T15:57:55.170976-08:00,read,key_39,1.66,true,false,336
2025-11-27T15:57:54.876446-08:00,write,key_860,305.68,true,false,570
2025-11-27T15:57:55.181683-08:00,read,key_756,1.49,true,false,439
2025-11-27T15:57:55.192853-08:00,read,key_276,1.95,false,false,0
2025-11-27T15:57:54.88677-08:00,write,key_330,311.37,true,false,571
2025-11-27T15:57:55.20354-08:00,read,key_19,1.55,true,false,501
2025-11-27T15:57:55.214077-08:00,read,key_956,1.70,true,false,323
2025-11-27T15:57:54.908999-08:00,write,key_937,306.80,true,false,572
2025-11-27T15:57:55.225203-08:00,read,key_884,1.95,false,false,0
2025-11-27T15:57:55.236473-08:00,read,key_289,1.83,true,false,544
2025-11-27T15:57:55.247668-08:00,read,key_648,1.84,true,false,83
2025-11-27T15:57:55.258591-08:00,read,key_867,2.98,false,false,0
2025-11-27T15:57:55.269668-08:00,read,key_439,1.73,true,false,50
2025-11-27T15:57:55.280814-08:00,read,key_987,0.95,false,false,0
2025-11-27T15:57:54.986138-08:00,write,key_36,305.98,true,false,573
2025-11-27T15:57:55.291862-08:00,read,key_309,1.68,true,false,465
2025-11-27T15:57:55.30271-08:00,read,key_462,1.52,false,false,0
2025-11-27T15:57:55.313866-08:00,read,key_730,0.99,true,false,410
2025-11-27T15:57:55.32526-08:00,read,key_888,2.06,false,false,0
2025-11-27T15:57:55.336476-08:00,read,key_662,1.87,false,false,0
2025-11-27T15:57:55.347668-08:00,read,key_170,2.45,false,false,0
2025-11-27T15:57:55.35852-08:00,read,key_228,1.05,true,false,77
2025-11-27T15:57:55.369681-08:00,read,key_438,1.14,true,false,426
2025-11-27T15:57:55.380775-08:00,read,key_276,0.74,false,false,0
2025-11-27T15:57:55.086221-08:00,write,key_229,308.40,true,false,574
2025-11-27T15:57:55.392168-08:00,read,key_558,2.56,true,false,527
2025-11-27T15:57:55.107207-08:00,write,key_475,306.57,true,false,575
2025-11-27T15:57:55.413853-08:00,read,key_962,1.33,false,false,0
2025-11-27T15:57:55.425014-08:00,read,key_893,2.15,true,false,471
2025-11-27T15:57:55.436127-08:00,read,key_188,1.82,true,false,464
2025-11-27T15:57:55.44727-08:00,read,key_306,1.83,true,false,164
2025-11-27T15:57:55.469046-08:00,read,key_257,1.87,false,false,0
2025-11-27T15:57:55.480313-08:00,read,key_552,1.86,false,false,0
2025-11-27T15:57:55.491497-08:00,read,key_496,2.26,true,false,395
2025-11-27T15:57:55.502728-08:00,read,key_629,1.71,true,false,17
2025-11-27T15:57:55.513209-08:00,read,key_473,1.89,false,false,0
2025-11-27T15:57:55.524429-08:00,read,key_882,2.05,false,false,0
2025-11-27T15:57:55.535701-08:00,read,key_431,1.99,true,false,525
2025-11-27T15:57:55.546849-08:00,read,key_921,1.89,false,false,0
2025-11-27T15:57:55.558026-08:00,read,key_948,1.82,false,false,0
2025-11-27T15:57:55.56927-08:00,read,key_970,1.60,true,false,84
2025-11-27T15:57:55.580204-08:00,read,key_799,1.60,true,false,363
2025-11-27T15:57:55.591432-08:00,read,key_105,2.90,true,false,351
2025-11-27T15:57:55.602568-08:00,read,key_433,1.79,false,false,0
2025-11-27T15:57:55.613783-08:00,read,key_364,1.95,false,false,0
2025-11-27T15:57:55.625021-08:00,read,key_833,2.29,true,false,441
2025-11-27T15:57:55.636174-08:00,read,key_793,1.86,true,false,293
2025-11-27T15:57:55.648228-08:00,read,key_508,7.51,false,false,0
2025-11-27T15:57:55.658662-08:00,read,key_464,1.27,false,false,0
2025-11-27T15:57:55.66975-08:00,read,key_399,1.20,false,false,0
2025-11-27T15:57:55.680976-08:00,read,key_451,1.38,true,false,24
2025-11-27T15:57:55.692097-08:00,read,key_462,1.91,false,false,0
2025-11-27T15:57:55.703284-08:00,read,key_556,1.55,true,false,487
2025-11-27T15:57:55.403284-08:00,write,key_815,306.68,true,false,576
2025-11-27T15:57:55.713932-08:00,read,key_550,1.68,false,false,0
2025-11-27T15:57:55.725122-08:00,read,key_714,2.36,false,false,0
2025-11-27T15:57:55.736267-08:00,read,key_371,1.64,false,false,0
2025-11-27T15:57:55.457736-08:00,write,key_62,305.11,true,false,577
2025-11-27T15:57:55.769703-08:00,read,key_15,1.87,true,false,493
2025-11-27T15:57:55.780868-08:00,read,key_491,1.20,true,false,213
2025-11-27T15:57:55.792025-08:00,read,key_985,1.30,false,false,0
2025-11-27T15:57:55.802602-08:00,read,key_790,1.37,false,false,0
2025-11-27T15:57:55.813773-08:00,read,key_106,1.16,true,false,578
2025-11-27T15:57:55.824965-08:00,read,key_158,1.97,false,false,0
2025-11-27T15:57:55.83581-08:00,read,key_563,1.82,true,false,371
2025-11-27T15:57:55.847083-08:00,read,key_838,1.88,true,false,425
2025-11-27T15:57:55.858261-08:00,read,key_34,2.38,false,false,0
2025-11-27T15:57:55.869473-08:00,read,key_581,1.67,false,false,0
2025-11-27T15:57:55.881608-08:00,read,key_662,1.94,false,false,0
2025-11-27T15:57:55.893021-08:00,read,key_928,2.60,true,false,131
2025-11-27T15:57:55.904193-08:00,read,key_662,1.95,false,false,0
2025-11-27T15:57:55.914877-08:00,read,key_1,1.70,false,false,0
2025-11-27T15:57:55.936905-08:00,read,key_260,3.61,true,false,160
2025-11-27T15:57:55.947912-08:00,read,key_389,1.89,false,false,0
2025-11-27T15:57:55.958253-08:00,read,key_278,0.98,true,false,344
2025-11-27T15:57:55.968819-08:00,read,key_301,1.12,false,false,0
2025-11-27T15:57:55.980034-08:00,read,key_980,1.72,false,false,0
2025-11-27T15:57:55.991031-08:00,read,key_696,1.26,true,false,279
2025-11-27T15:57:56.00225-08:00,read,key_242,2.16,false,false,0
2025-11-27T15:57:56.013343-08:00,read,key_659,1.84,false,false,0
2025-11-27T15:57:56.024561-08:00,read,key_973,2.28,false,false,0
2025-11-27T15:57:56.035758-08:00,read,key_515,2.03,true,false,579
2025-11-27T15:57:56.047043-08:00,read,key_406,1.75,true,false,218
2025-11-27T15:57:55.747477-08:00,write,key_106,308.84,true,false,578
2025-11-27T15:57:56.057276-08:00,read,key_230,1.20,true,false,346
2025-11-27T15:57:55.758706-08:00,write,key_515,305.06,true,false,579
2025-11-27T15:57:56.067854-08:00,read,key_151,1.79,false,false,0
2025-11-27T15:57:56.101103-08:00,read,key_489,4.96,false,false,0
2025-11-27T15:57:56.111931-08:00,read,key_886,1.91,true,false,556
2025-11-27T15:57:56.123142-08:00,read,key_765,1.67,true,false,557
2025-11-27T15:57:56.134486-08:00,read,key_678,2.10,false,false,0
2025-11-27T15:57:56.145653-08:00,read,key_802,2.27,true,false,522
2025-11-27T15:57:56.156448-08:00,read,key_891,1.66,true,false,210
2025-11-27T15:57:56.167698-08:00,read,key_927,2.25,true,false,316
2025-11-27T15:57:56.178326-08:00,read,key_295,1.94,true,false,380
2025-11-27T15:57:56.18955-08:00,read,key_18,1.74,false,false,0
2025-11-27T15:57:56.200688-08:00,read,key_398,2.11,true,false,120
2025-11-27T15:57:56.21189-08:00,read,key_647,2.00,false,false,0
2025-11-27T15:57:56.222251-08:00,read,key_565,1.44,true,false,250
2025-11-27T15:57:55.925987-08:00,write,key_767,304.35,true,false,580
2025-11-27T15:57:56.232689-08:00,read,key_135,1.58,false,false,0
2025-11-27T15:57:56.243875-08:00,read,key_196,1.83,true,false,69
2025-11-27T15:57:56.266247-08:00,read,key_899,1.27,false,false,0
2025-11-27T15:57:56.277529-08:00,read,key_181,1.91,false,false,0
2025-11-27T15:57:56.28871-08:00,read,key_688,1.03,true,false,430
2025-11-27T15:57:56.29988-08:00,read,key_653,1.54,false,false,0
2025-11-27T15:57:56.310436-08:00,read,key_170,0.95,false,false,0
2025-11-27T15:57:56.321662-08:00,read,key_472,2.05,false,false,0
2025-11-27T15:57:56.343989-08:00,read,key_590,5.65,false,false,0
2025-11-27T15:57:56.354725-08:00,read,key_947,1.78,false,false,0
2025-11-27T15:57:56.365924-08:00,read,key_374,1.31,true,false,449
2025-11-27T15:57:56.377171-08:00,read,key_186,1.71,false,false,0
2025-11-27T15:57:56.079109-08:00,write,key_272,306.21,true,false,581
2025-11-27T15:57:56.38772-08:00,read,key_847,1.91,false,false,0
2025-11-27T15:57:56.090393-08:00,write,key_119,305.57,true,false,582
2025-11-27T15:57:56.398096-08:00,read,key_792,1.46,true,false,368
2025-11-27T15:57:56.409326-08:00,read,key_900,2.36,true,false,259
2025-11-27T15:57:56.431186-08:00,read,key_500,1.86,false,false,0
2025-11-27T15:57:56.442443-08:00,read,key_259,2.29,true,false,502
2025-11-27T15:57:56.453623-08:00,read,key_917,2.03,true,false,494
2025-11-27T15:57:56.464816-08:00,read,key_971,1.52,false,false,0
2025-11-27T15:57:56.475996-08:00,read,key_749,2.08,true,false,326
2025-11-27T15:57:56.487152-08:00,read,key_569,1.03,false,false,0
2025-11-27T15:57:56.498395-08:00,read,key_35,1.73,false,false,0
2025-11-27T15:57:56.509468-08:00,read,key_158,2.18,false,false,0
2025-11-27T15:57:56.531576-08:00,read,key_787,5.55,false,false,0
2025-11-27T15:57:56.542271-08:00,read,key_777,1.84,true,false,514
2025-11-27T15:57:56.553456-08:00,read,key_896,1.79,true,false,377
2025-11-27T15:57:56.25502-08:00,write,key_19,306.37,true,false,583
2025-11-27T15:57:56.563959-08:00,read,key_282,1.31,false,false,0
2025-11-27T15:57:56.575313-08:00,read,key_490,2.13,false,false,0
2025-11-27T15:57:56.586405-08:00,read,key_683,1.83,true,false,408
2025-11-27T15:57:56.597535-08:00,read,key_729,1.71,true,false,508
2025-11-27T15:57:56.608755-08:00,read,key_877,2.26,true,false,438
2025-11-27T15:57:56.619952-08:00,read,key_338,1.99,true,false,144
2025-11-27T15:57:56.631206-08:00,read,key_399,1.68,false,false,0
2025-11-27T15:57:56.332719-08:00,write,key_0,306.26,true,false,584
2025-11-27T15:57:56.641736-08:00,read,key_794,1.96,false,false,0
2025-11-27T15:57:56.651989-08:00,read,key_297,2.05,true,false,462
2025-11-27T15:57:56.663217-08:00,read,key_6,1.86,true,false,364
2025-11-27T15:57:56.674438-08:00,read,key_296,2.37,true,false,407
2025-11-27T15:57:56.686025-08:00,read,key_610,2.13,true,false,402
2025-11-27T15:57:56.708692-08:00,read,key_733,2.12,true,false,286
2025-11-27T15:57:56.719906-08:00,read,key_370,1.95,false,false,0
2025-11-27T15:57:56.420495-08:00,write,key_669,304.24,true,false,585
2025-11-27T15:57:56.730866-08:00,read,key_434,1.77,true,false,560
2025-11-27T15:57:56.742118-08:00,read,key_327,2.25,true,false,390
2025-11-27T15:57:56.753312-08:00,read,key_359,1.95,false,false,0
2025-11-27T15:57:56.774947-08:00,read,key_981,2.10,false,false,0
2025-11-27T15:57:56.786157-08:00,read,key_2,1.93,false,false,0
2025-11-27T15:57:56.797449-08:00,read,key_669,1.83,true,false,585
2025-11-27T15:57:56.819411-08:00,read,key_801,4.40,false,false,0
2025-11-27T15:57:56.52068-08:00,write,key_675,308.30,true,false,586
2025-11-27T15:57:56.840334-08:00,read,key_416,1.94,true,false,121
2025-11-27T15:57:56.850866-08:00,read,key_45,2.02,false,false,0
2025-11-27T15:57:56.862082-08:00,read,key_771,1.85,false,false,0
2025-11-27T15:57:56.884561-08:00,read,key_318,4.80,true,false,106
2025-11-27T15:57:56.895391-08:00,read,key_265,1.82,true,false,262
2025-11-27T15:57:56.906625-08:00,read,key_19,1.79,true,false,583
2025-11-27T15:57:56.917835-08:00,read,key_966,2.20,true,false,78
2025-11-27T15:57:56.929051-08:00,read,key_715,1.82,false,false,0
2025-11-27T15:57:56.940259-08:00,read,key_185,1.87,true,false,147
2025-11-27T15:57:56.951277-08:00,read,key_425,2.27,true,false,207
2025-11-27T15:57:56.962342-08:00,read,key_188,2.06,true,false,464
2025-11-27T15:57:56.973497-08:00,read,key_735,2.95,true,false,143
2025-11-27T15:57:56.984479-08:00,read,key_114,1.29,false,false,0
2025-11-27T15:57:56.995706-08:00,read,key_434,2.21,true,false,560
2025-11-27T15:57:56.697286-08:00,write,key_607,309.27,true,false,587
2025-11-27T15:57:57.006068-08:00,read,key_310,1.35,false,false,0
2025-11-27T15:57:57.027562-08:00,read,key_669,1.87,true,false,585
2025-11-27T15:57:57.038792-08:00,read,key_287,1.59,false,false,0
2025-11-27T15:57:57.050112-08:00,read,key_825,2.06,false,false,0
2025-11-27T15:57:57.061142-08:00,read,key_265,1.71,true,false,262
2025-11-27T15:57:56.763701-08:00,write,key_849,308.62,true,false,588
2025-11-27T15:57:57.094675-08:00,read,key_218,4.64,false,false,0
2025-11-27T15:57:57.105554-08:00,read,key_119,1.63,true,false,582
2025-11-27T15:57:56.808631-08:00,write,key_12,304.50,true,false,589
2025-11-27T15:57:57.115988-08:00,read,key_721,1.87,false,false,0
2025-11-27T15:57:57.127291-08:00,read,key_720,2.18,false,false,0
2025-11-27T15:57:56.829613-08:00,write,key_989,310.11,true,false,590
2025-11-27T15:57:57.138181-08:00,read,key_952,1.99,false,false,0
2025-11-27T15:57:57.149434-08:00,read,key_293,2.22,true,false,229
2025-11-27T15:57:57.160549-08:00,read,key_752,2.22,false,false,0
2025-11-27T15:57:57.171791-08:00,read,key_294,1.91,false,false,0
2025-11-27T15:57:56.873331-08:00,write,key_378,305.64,true,false,591
2025-11-27T15:57:57.193382-08:00,read,key_929,2.13,false,false,0
2025-11-27T15:57:57.204591-08:00,read,key_662,2.41,false,false,0
2025-11-27T15:57:57.215723-08:00,read,key_697,2.27,false,false,0
2025-11-27T15:57:57.226934-08:00,read,key_463,1.16,false,false,0
2025-11-27T15:57:57.237634-08:00,read,key_785,1.18,false,false,0
2025-11-27T15:57:57.248825-08:00,read,key_901,1.14,false,false,0
2025-11-27T15:57:57.259526-08:00,read,key_8,1.74,false,false,0
2025-11-27T15:57:57.270734-08:00,read,key_332,1.86,false,false,0
2025-11-27T15:57:57.281278-08:00,read,key_564,2.03,true,false,345
2025-11-27T15:57:57.303598-08:00,read,key_774,4.15,true,false,46
2025-11-27T15:57:57.016308-08:00,write,key_713,306.28,true,false,592
2025-11-27T15:57:57.324949-08:00,read,key_62,2.51,true,false,577
2025-11-27T15:57:57.336088-08:00,read,key_617,1.54,false,false,0
2025-11-27T15:57:57.357699-08:00,read,key_297,2.75,true,false,462
2025-11-27T15:57:57.368815-08:00,read,key_110,1.78,true,false,394
2025-11-27T15:57:57.072055-08:00,write,key_833,306.31,true,false,593
2025-11-27T15:57:57.379083-08:00,read,key_280,1.74,false,false,0
2025-11-27T15:57:57.389881-08:00,read,key_888,1.62,false,false,0
2025-11-27T15:57:57.08321-08:00,write,key_963,308.59,true,false,594
2025-11-27T15:57:57.401221-08:00,read,key_18,2.03,false,false,0
2025-11-27T15:57:57.412387-08:00,read,key_615,1.89,false,false,0
2025-11-27T15:57:57.423152-08:00,read,key_886,1.52,true,false,556
2025-11-27T15:57:57.445461-08:00,read,key_501,0.83,false,false,0
2025-11-27T15:57:57.455764-08:00,read,key_439,0.97,true,false,50
2025-11-27T15:57:57.466935-08:00,read,key_165,2.18,true,false,75
2025-11-27T15:57:57.478124-08:00,read,key_626,1.81,false,false,0
2025-11-27T15:57:57.182137-08:00,write,key_743,306.90,true,false,595
2025-11-27T15:57:57.48892-08:00,read,key_757,1.85,true,false,146
2025-11-27T15:57:57.500195-08:00,read,key_309,2.15,true,false,465
2025-11-27T15:57:57.511409-08:00,read,key_346,1.69,false,false,0
2025-11-27T15:57:57.522619-08:00,read,key_816,1.74,true,false,539
2025-11-27T15:57:57.533865-08:00,read,key_755,2.30,true,false,177
2025-11-27T15:57:57.544961-08:00,read,key_601,1.79,true,false,87
2025-11-27T15:57:57.556206-08:00,read,key_845,1.72,true,false,457
2025-11-27T15:57:57.566875-08:00,read,key_745,2.22,false,false,0
2025-11-27T15:57:57.578107-08:00,read,key_192,1.78,false,false,0
2025-11-27T15:57:57.589343-08:00,read,key_563,1.85,true,false,371
2025-11-27T15:57:57.2925-08:00,write,key_955,304.47,true,false,596
2025-11-27T15:57:57.599832-08:00,read,key_475,1.41,true,false,575
2025-11-27T15:57:57.314521-08:00,write,key_259,307.49,true,false,597
2025-11-27T15:57:57.621796-08:00,read,key_309,1.53,true,false,465
2025-11-27T15:57:57.633036-08:00,read,key_809,2.10,true,false,283
2025-11-27T15:57:57.644149-08:00,read,key_291,2.08,true,false,305
2025-11-27T15:57:57.346506-08:00,write,key_708,309.43,true,false,598
2025-11-27T15:57:57.654797-08:00,read,key_319,1.54,false,false,0
2025-11-27T15:57:57.666033-08:00,read,key_570,1.84,false,false,0
2025-11-27T15:57:57.677267-08:00,read,key_716,1.59,true,false,269
2025-11-27T15:57:57.688232-08:00,read,key_641,1.82,false,false,0
2025-11-27T15:57:57.699444-08:00,read,key_549,2.25,false,false,0
2025-11-27T15:57:57.71063-08:00,read,key_902,1.64,true,false,541
2025-11-27T15:57:57.7215-08:00,read,key_662,1.91,false,false,0
2025-11-27T15:57:57.732706-08:00,read,key_908,1.94,true,false,183
2025-11-27T15:57:57.434385-08:00,write,key_882,306.05,true,false,599
2025-11-27T15:57:57.743135-08:00,read,key_205,1.50,false,false,0
2025-11-27T15:57:57.754322-08:00,read,key_538,2.14,false,false,0
2025-11-27T15:57:57.765154-08:00,read,key_270,1.93,false,false,0
2025-11-27T15:57:57.776344-08:00,read,key_657,1.84,true,false,370
2025-11-27T15:57:57.786747-08:00,read,key_469,1.60,true,false,565
2025-11-27T15:57:57.797929-08:00,read,key_294,1.43,false,false,0
2025-11-27T15:57:57.808512-08:00,read,key_736,2.24,true,false,240
2025-11-27T15:57:57.81976-08:00,read,key_809,1.70,true,false,283
2025-11-27T15:57:57.830968-08:00,read,key_185,1.72,true,false,147
2025-11-27T15:57:57.842182-08:00,read,key_606,2.05,false,false,0
2025-11-27T15:57:57.85346-08:00,read,key_702,2.26,true,false,456
2025-11-27T15:57:57.864657-08:00,read,key_877,1.81,true,false,438
2025-11-27T15:57:57.875133-08:00,read,key_260,2.17,true,false,160
2025-11-27T15:57:57.886337-08:00,read,key_196,2.11,true,false,69
2025-11-27T15:57:57.89751-08:00,read,key_498,1.86,false,false,0
2025-11-27T15:57:57.611123-08:00,write,key_193,308.64,true,false,600
2025-11-27T15:57:57.919824-08:00,read,key_402,1.36,false,false,0
2025-11-27T15:57:57.930985-08:00,read,key_238,1.74,false,false,0
2025-11-27T15:57:57.941783-08:00,read,key_664,2.28,false,false,0
2025-11-27T15:57:57.952999-08:00,read,key_81,1.72,false,false,0
2025-11-27T15:57:57.964168-08:00,read,key_602,1.28,false,false,0
2025-11-27T15:57:57.975377-08:00,read,key_133,1.61,false,false,0
2025-11-27T15:57:57.986626-08:00,read,key_758,3.35,true,false,352
2025-11-27T15:57:58.008782-08:00,read,key_777,0.98,true,false,514
2025-11-27T15:57:58.01994-08:00,read,key_782,0.95,true,false,561
2025-11-27T15:57:58.031095-08:00,read,key_838,1.44,true,false,425
2025-11-27T15:57:58.042256-08:00,read,key_313,1.81,true,false,148
2025-11-27T15:57:58.053465-08:00,read,key_280,1.94,false,false,0
2025-11-27T15:57:58.064699-08:00,read,key_372,2.27,false,false,0
2025-11-27T15:57:58.08713-08:00,read,key_824,7.88,false,false,0
2025-11-27T15:57:58.097502-08:00,read,key_617,0.98,false,false,0
2025-11-27T15:57:58.108662-08:00,read,key_183,1.05,true,false,532
2025-11-27T15:57:58.119866-08:00,read,key_653,1.47,false,false,0
2025-11-27T15:57:58.131014-08:00,read,key_170,1.56,false,false,0
2025-11-27T15:57:58.141776-08:00,read,key_488,0.80,true,false,602
2025-11-27T15:57:58.152922-08:00,read,key_901,0.92,false,false,0
2025-11-27T15:57:58.164107-08:00,read,key_349,1.21,false,false,0
2025-11-27T15:57:58.17529-08:00,read,key_318,2.10,true,false,106
2025-11-27T15:57:58.186468-08:00,read,key_154,1.62,false,false,0
2025-11-27T15:57:58.198323-08:00,read,key_376,2.14,true,false,267
2025-11-27T15:57:58.20952-08:00,read,key_467,2.20,false,false,0
2025-11-27T15:57:57.908716-08:00,write,key_196,307.84,true,false,601
2025-11-27T15:57:58.220073-08:00,read,key_188,1.20,true,false,464
2025-11-27T15:57:58.230648-08:00,read,key_909,1.04,false,false,0
2025-11-27T15:57:58.242008-08:00,read,key_549,2.14,false,false,0
2025-11-27T15:57:58.253242-08:00,read,key_864,2.12,false,false,0
2025-11-27T15:57:58.263555-08:00,read,key_448,1.83,true,false,137
2025-11-27T15:57:58.274316-08:00,read,key_648,1.81,true,false,83
2025-11-27T15:57:58.285534-08:00,read,key_177,1.33,false,false,0
2025-11-27T15:57:58.296703-08:00,read,key_713,1.52,true,false,592
2025-11-27T15:57:57.997571-08:00,write,key_488,304.70,true,false,602
2025-11-27T15:57:58.307408-08:00,read,key_417,0.73,false,false,0
2025-11-27T15:57:58.318783-08:00,read,key_123,2.12,true,false,44
2025-11-27T15:57:58.3299-08:00,read,key_983,1.84,false,false,0
2025-11-27T15:57:58.341141-08:00,read,key_597,3.29,true,false,537
2025-11-27T15:57:58.35237-08:00,read,key_369,1.92,true,false,67
2025-11-27T15:57:58.363609-08:00,read,key_776,1.86,false,false,0
2025-11-27T15:57:58.374796-08:00,read,key_839,2.00,false,false,0
2025-11-27T15:57:58.075902-08:00,write,key_556,306.09,true,false,603
2025-11-27T15:57:58.385089-08:00,read,key_192,1.72,false,false,0
2025-11-27T15:57:58.39597-08:00,read,key_412,2.00,true,false,163
2025-11-27T15:57:58.406586-08:00,read,key_637,2.09,false,false,0
2025-11-27T15:57:58.417851-08:00,read,key_535,2.40,false,false,0
2025-11-27T15:57:58.428976-08:00,read,key_592,1.73,false,false,0
2025-11-27T15:57:58.439974-08:00,read,key_602,1.85,false,false,0
2025-11-27T15:57:58.451192-08:00,read,key_319,3.19,false,false,0
2025-11-27T15:57:58.462246-08:00,read,key_415,1.66,false,false,0
2025-11-27T15:57:58.473453-08:00,read,key_441,0.94,false,false,0
2025-11-27T15:57:58.484603-08:00,read,key_513,1.58,false,false,0
2025-11-27T15:57:58.495776-08:00,read,key_773,1.05,false,false,0
2025-11-27T15:57:58.506932-08:00,read,key_935,2.11,true,false,61
2025-11-27T15:57:58.518116-08:00,read,key_610,2.40,true,false,402
2025-11-27T15:57:58.529264-08:00,read,key_127,1.68,true,false,563
2025-11-27T15:57:58.550488-08:00,read,key_944,2.25,false,false,0
2025-11-27T15:57:58.561624-08:00,read,key_385,1.87,true,false,470
2025-11-27T15:57:58.572925-08:00,read,key_324,2.04,true,false,256
2025-11-27T15:57:58.584252-08:00,read,key_318,2.48,true,false,106
2025-11-27T15:57:58.595446-08:00,read,key_569,1.81,false,false,0
2025-11-27T15:57:58.606647-08:00,read,key_785,1.86,false,false,0
2025-11-27T15:57:58.618878-08:00,read,key_658,2.09,false,false,0
2025-11-27T15:57:58.630037-08:00,read,key_848,1.64,false,false,0
2025-11-27T15:57:58.641258-08:00,read,key_507,2.78,true,false,108
2025-11-27T15:57:58.652402-08:00,read,key_774,2.07,true,false,46
2025-11-27T15:57:58.663227-08:00,read,key_882,1.64,true,false,599
2025-11-27T15:57:58.674426-08:00,read,key_867,2.04,false,false,0
2025-11-27T15:57:58.696914-08:00,read,key_678,5.59,false,false,0
2025-11-27T15:57:58.70763-08:00,read,key_117,1.68,false,false,0
2025-11-27T15:57:58.718792-08:00,read,key_65,1.81,true,false,413
2025-11-27T15:57:58.729996-08:00,read,key_400,1.41,false,false,0
2025-11-27T15:57:58.741145-08:00,read,key_741,2.29,false,false,0
2025-11-27T15:57:58.753065-08:00,read,key_408,2.74,true,false,526
2025-11-27T15:57:58.764166-08:00,read,key_172,2.04,true,false,510
2025-11-27T15:57:58.775314-08:00,read,key_657,1.88,true,false,370
2025-11-27T15:57:58.786504-08:00,read,key_606,1.85,false,false,0
2025-11-27T15:57:58.79772-08:00,read,key_68,1.69,true,false,192
2025-11-27T15:57:58.808045-08:00,read,key_977,2.04,false,false,0
2025-11-27T15:57:58.81926-08:00,read,key_906,2.06,false,false,0
2025-11-27T15:57:58.539672-08:00,write,key_956,307.94,true,false,604
2025-11-27T15:57:58.851854-08:00,read,key_749,1.70,true,false,326
2025-11-27T15:57:58.863131-08:00,read,key_616,1.88,true,false,361
2025-11-27T15:57:58.87434-08:00,read,key_319,1.63,false,false,0
2025-11-27T15:57:58.885574-08:00,read,key_84,2.39,true,false,328
2025-11-27T15:57:58.918843-08:00,read,key_733,2.11,true,false,286
2025-11-27T15:57:58.93-08:00,read,key_460,1.26,false,false,0
2025-11-27T15:57:58.941159-08:00,read,key_611,1.03,false,false,0
2025-11-27T15:57:58.952406-08:00,read,key_600,2.07,true,false,503
2025-11-27T15:57:58.963621-08:00,read,key_245,1.84,true,false,309
2025-11-27T15:57:58.974795-08:00,read,key_223,2.10,true,false,264
2025-11-27T15:57:58.986005-08:00,read,key_365,1.89,true,false,233
2025-11-27T15:57:58.685662-08:00,write,key_890,307.47,true,false,605
2025-11-27T15:57:58.996525-08:00,read,key_307,1.76,false,false,0
2025-11-27T15:57:59.007726-08:00,read,key_360,1.51,false,false,0
2025-11-27T15:57:59.018534-08:00,read,key_120,2.16,false,false,0
2025-11-27T15:57:59.029674-08:00,read,key_191,1.73,true,false,521
2025-11-27T15:57:59.040771-08:00,read,key_62,1.71,true,false,577
2025-11-27T15:57:59.051262-08:00,read,key_364,1.32,false,false,0
2025-11-27T15:57:59.06211-08:00,read,key_119,1.86,true,false,582
2025-11-27T15:57:59.073314-08:00,read,key_848,1.82,false,false,0
2025-11-27T15:57:59.084546-08:00,read,key_50,2.37,false,false,0
2025-11-27T15:57:59.095675-08:00,read,key_301,1.83,false,false,0
2025-11-27T15:57:59.106868-08:00,read,key_252,1.85,false,false,0
2025-11-27T15:57:59.117369-08:00,read,key_599,2.31,true,false,171
2025-11-27T15:57:59.12867-08:00,read,key_374,1.99,true,false,449
2025-11-27T15:57:58.830484-08:00,write,key_381,307.18,true,false,606
2025-11-27T15:57:59.138939-08:00,read,key_906,0.78,false,false,0
2025-11-27T15:57:58.841247-08:00,write,key_73,310.57,true,false,607
2025-11-27T15:57:59.150424-08:00,read,key_433,1.42,false,false,0
2025-11-27T15:57:59.171522-08:00,read,key_985,1.77,false,false,0
2025-11-27T15:57:58.896492-08:00,write,key_739,307.74,true,false,608
2025-11-27T15:57:59.204253-08:00,read,key_746,1.20,true,false,362
2025-11-27T15:57:59.214617-08:00,read,key_540,2.18,false,false,0
2025-11-27T15:57:58.907691-08:00,write,key_204,309.20,true,false,609
2025-11-27T15:57:59.23643-08:00,read,key_841,2.36,true,false,564
2025-11-27T15:57:59.246712-08:00,read,key_209,1.60,false,false,0
2025-11-27T15:57:59.257047-08:00,read,key_831,1.76,false,false,0
2025-11-27T15:57:59.279146-08:00,read,key_630,4.69,false,false,0
2025-11-27T15:57:59.289806-08:00,read,key_695,1.61,false,false,0
2025-11-27T15:57:59.301054-08:00,read,key_677,2.06,false,false,0
2025-11-27T15:57:59.322977-08:00,read,key_934,5.05,true,false,288
2025-11-27T15:57:59.332777-08:00,read,key_864,1.39,false,false,0
2025-11-27T15:57:59.365528-08:00,read,key_434,4.55,true,false,560
2025-11-27T15:57:59.375668-08:00,read,key_424,1.72,true,false,151
2025-11-27T15:57:59.386401-08:00,read,key_498,1.80,false,false,0
2025-11-27T15:57:59.397573-08:00,read,key_224,1.40,false,false,0
2025-11-27T15:57:59.408755-08:00,read,key_624,1.86,false,false,0
2025-11-27T15:57:59.419955-08:00,read,key_383,1.67,true,false,241
2025-11-27T15:57:59.431118-08:00,read,key_230,1.37,true,false,346
2025-11-27T15:57:59.441917-08:00,read,key_107,2.11,true,false,499
2025-11-27T15:57:59.161231-08:00,write,key_34,308.45,true,false,610
2025-11-27T15:57:59.463841-08:00,read,key_357,7.36,true,false,115
2025-11-27T15:57:59.474304-08:00,read,key_74,1.36,false,false,0
2025-11-27T15:57:59.48547-08:00,read,key_295,1.71,true,false,380
2025-11-27T15:57:59.182719-08:00,write,key_298,310.10,true,false,611
2025-11-27T15:57:59.495998-08:00,read,key_268,1.33,true,false,530
2025-11-27T15:57:59.193989-08:00,write,key_684,309.88,true,false,612
2025-11-27T15:57:59.506504-08:00,read,key_591,1.14,false,false,0
2025-11-27T15:57:59.516787-08:00,read,key_497,2.02,false,false,0
2025-11-27T15:57:59.22516-08:00,write,key_22,306.96,true,false,613
2025-11-27T15:57:59.53845-08:00,read,key_679,1.72,false,false,0
2025-11-27T15:57:59.548795-08:00,read,key_162,1.81,true,false,615
2025-11-27T15:57:59.559871-08:00,read,key_36,1.95,true,false,573
2025-11-27T15:57:59.570145-08:00,read,key_325,1.85,true,false,197
2025-11-27T15:57:59.267919-08:00,write,key_840,305.13,true,false,614
2025-11-27T15:57:59.581207-08:00,read,key_411,1.76,false,false,0
2025-11-27T15:57:59.592406-08:00,read,key_180,1.96,true,false,185
2025-11-27T15:57:59.603574-08:00,read,key_754,1.60,false,false,0
2025-11-27T15:57:59.614797-08:00,read,key_176,1.71,true,false,367
2025-11-27T15:57:59.311365-08:00,write,key_162,309.69,true,false,615
2025-11-27T15:57:59.625723-08:00,read,key_295,2.33,true,false,380
2025-11-27T15:57:59.636702-08:00,read,key_760,1.75,false,false,0
2025-11-27T15:57:59.647947-08:00,read,key_847,2.46,false,false,0
2025-11-27T15:57:59.343992-08:00,write,key_432,309.55,true,false,616
2025-11-27T15:57:59.354337-08:00,write,key_318,307.92,true,false,617
2025-11-27T15:57:59.669478-08:00,read,key_879,1.62,false,false,0
2025-11-27T15:57:59.679826-08:00,read,key_278,1.81,true,false,344
2025-11-27T15:57:59.691058-08:00,read,key_470,1.84,true,false,128
2025-11-27T15:57:59.70226-08:00,read,key_52,1.51,false,false,0
2025-11-27T15:57:59.713153-08:00,read,key_114,1.80,false,false,0
2025-11-27T15:57:59.724367-08:00,read,key_382,2.24,false,false,0
2025-11-27T15:57:59.735586-08:00,read,key_106,1.53,true,false,578
2025-11-27T15:57:59.746493-08:00,read,key_960,1.74,true,false,90
2025-11-27T15:57:59.75775-08:00,read,key_431,1.81,true,false,525
2025-11-27T15:57:59.453108-08:00,write,key_560,309.24,true,false,618
2025-11-27T15:57:59.768648-08:00,read,key_775,1.68,false,false,0
2025-11-27T15:57:59.779559-08:00,read,key_976,1.76,false,false,0
2025-11-27T15:57:59.790786-08:00,read,key_468,1.86,true,false,472
2025-11-27T15:57:59.80208-08:00,read,key_448,1.56,true,false,137
2025-11-27T15:57:59.813244-08:00,read,key_675,1.67,true,false,586
2025-11-27T15:57:59.824469-08:00,read,key_561,2.99,false,false,0
2025-11-27T15:57:59.527545-08:00,write,key_387,307.66,true,false,619
2025-11-27T15:57:59.835189-08:00,read,key_352,1.67,true,false,517
2025-11-27T15:57:59.846418-08:00,read,key_206,1.78,false,false,0
2025-11-27T15:57:59.857304-08:00,read,key_982,1.56,false,false,0
2025-11-27T15:57:59.867849-08:00,read,key_739,2.09,true,false,608
2025-11-27T15:57:59.878963-08:00,read,key_497,1.68,false,false,0
2025-11-27T15:57:59.890128-08:00,read,key_958,2.03,true,false,11
2025-11-27T15:57:59.901264-08:00,read,key_225,2.13,true,false,119
2025-11-27T15:57:59.912434-08:00,read,key_378,1.83,true,false,591
2025-11-27T15:57:59.933498-08:00,read,key_400,2.13,false,false,0
2025-11-27T15:57:59.944809-08:00,read,key_564,2.22,true,false,345
2025-11-27T15:57:59.955994-08:00,read,key_465,1.96,true,false,547
2025-11-27T15:57:59.658461-08:00,write,key_760,306.84,true,false,620
2025-11-27T15:57:59.966236-08:00,read,key_33,2.91,false,false,0
2025-11-27T15:57:59.976709-08:00,read,key_414,2.59,false,false,0
2025-11-27T15:57:59.988061-08:00,read,key_305,2.21,false,false,0
2025-11-27T15:57:59.999132-08:00,read,key_907,1.03,false,false,0
2025-11-27T15:58:00.009652-08:00,read,key_236,2.00,true,false,536
2025-11-27T15:58:00.020442-08:00,read,key_746,1.14,true,false,362
2025-11-27T15:58:00.031446-08:00,read,key_160,1.01,false,false,0
2025-11-27T15:58:00.041691-08:00,read,key_553,0.56,false,false,0
2025-11-27T15:58:00.052826-08:00,read,key_306,1.15,true,false,164
2025-11-27T15:58:00.063997-08:00,read,key_390,1.12,true,false,479
2025-11-27T15:58:00.075186-08:00,read,key_561,0.97,false,false,0
2025-11-27T15:58:00.08638-08:00,read,key_709,0.98,false,false,0
2025-11-27T15:58:00.096991-08:00,read,key_533,1.05,false,false,0
2025-11-27T15:58:00.107241-08:00,read,key_819,0.95,true,false,468
2025-11-27T15:58:00.117563-08:00,read,key_973,0.80,false,false,0
2025-11-27T15:58:00.12874-08:00,read,key_116,1.11,true,false,481
2025-11-27T15:58:00.139879-08:00,read,key_365,1.38,true,false,233
2025-11-27T15:58:00.150714-08:00,read,key_909,1.19,false,false,0
2025-11-27T15:58:00.161855-08:00,read,key_384,1.64,true,false,167
2025-11-27T15:58:00.173147-08:00,read,key_218,1.76,false,false,0
2025-11-27T15:58:00.195263-08:00,read,key_461,2.05,false,false,0
2025-11-27T15:58:00.206519-08:00,read,key_171,1.84,false,false,0
2025-11-27T15:58:00.217726-08:00,read,key_935,1.62,true,false,61
2025-11-27T15:57:59.92267-08:00,write,key_775,309.03,true,false,621
2025-11-27T15:58:00.228903-08:00,read,key_244,3.43,false,false,0
2025-11-27T15:58:00.23995-08:00,read,key_3,1.77,false,false,0
2025-11-27T15:58:00.25114-08:00,read,key_938,1.64,false,false,0
2025-11-27T15:58:00.262336-08:00,read,key_710,2.06,false,false,0
2025-11-27T15:58:00.273639-08:00,read,key_16,1.77,false,false,0
2025-11-27T15:58:00.296248-08:00,read,key_245,2.17,true,false,309
2025-11-27T15:58:00.307465-08:00,read,key_650,1.57,false,false,0
2025-11-27T15:58:00.318707-08:00,read,key_343,1.81,false,false,0
2025-11-27T15:58:00.329061-08:00,read,key_993,1.85,false,false,0
2025-11-27T15:58:00.340296-08:00,read,key_357,2.69,true,false,115
2025-11-27T15:58:00.351945-08:00,read,key_866,1.60,false,false,0
2025-11-27T15:58:00.363301-08:00,read,key_430,1.95,true,false,236
2025-11-27T15:58:00.374481-08:00,read,key_652,1.76,true,false,622
2025-11-27T15:58:00.385255-08:00,read,key_441,1.25,false,false,0
2025-11-27T15:58:00.396174-08:00,read,key_551,2.16,false,false,0
2025-11-27T15:58:00.40738-08:00,read,key_933,1.80,false,false,0
2025-11-27T15:58:00.41861-08:00,read,key_671,1.81,false,false,0
2025-11-27T15:58:00.4298-08:00,read,key_191,2.18,true,false,521
2025-11-27T15:58:00.441029-08:00,read,key_266,1.73,false,false,0
2025-11-27T15:58:00.452261-08:00,read,key_550,1.75,false,false,0
2025-11-27T15:58:00.463611-08:00,read,key_642,2.04,true,false,330
2025-11-27T15:58:00.474821-08:00,read,key_426,1.77,false,false,0
2025-11-27T15:58:00.486049-08:00,read,key_461,2.92,false,false,0
2025-11-27T15:58:00.184079-08:00,write,key_652,306.62,true,false,622
2025-11-27T15:58:00.496904-08:00,read,key_890,1.89,true,false,605
2025-11-27T15:58:00.508066-08:00,read,key_178,1.78,false,false,0
2025-11-27T15:58:00.519225-08:00,read,key_818,1.76,true,false,482
2025-11-27T15:58:00.530509-08:00,read,key_271,1.84,false,false,0
2025-11-27T15:58:00.541728-08:00,read,key_757,1.90,true,false,146
2025-11-27T15:58:00.552197-08:00,read,key_876,1.92,false,false,0
2025-11-27T15:58:00.563403-08:00,read,key_224,2.08,false,false,0
2025-11-27T15:58:00.574617-08:00,read,key_933,1.82,false,false,0
2025-11-27T15:58:00.585788-08:00,read,key_590,1.74,false,false,0
2025-11-27T15:58:00.28487-08:00,write,key_18,306.19,true,false,623
2025-11-27T15:58:00.596316-08:00,read,key_791,1.29,true,false,500
2025-11-27T15:58:00.607547-08:00,read,key_826,1.89,false,false,0
2025-11-27T15:58:00.618785-08:00,read,key_38,1.91,false,false,0
2025-11-27T15:58:00.629705-08:00,read,key_709,1.98,false,false,0
2025-11-27T15:58:00.640896-08:00,read,key_430,0.82,true,false,236
2025-11-27T15:58:00.652149-08:00,read,key_424,0.76,true,false,151
2025-11-27T15:58:00.662765-08:00,read,key_959,0.71,true,false,70
2025-11-27T15:58:00.673017-08:00,read,key_930,0.65,false,false,0
2025-11-27T15:58:00.684046-08:00,read,key_796,0.41,false,false,0
2025-11-27T15:58:00.694538-08:00,read,key_130,0.38,false,false,0
2025-11-27T15:58:00.705312-08:00,read,key_103,0.49,true,false,509
2025-11-27T15:58:00.715666-08:00,read,key_581,0.52,false,false,0
2025-11-27T15:58:00.726789-08:00,read,key_930,0.52,false,false,0
2025-11-27T15:58:00.737559-08:00,read,key_375,0.63,false,false,0
2025-11-27T15:58:00.748777-08:00,read,key_284,1.20,false,false,0
2025-11-27T15:58:00.771094-08:00,read,key_291,1.86,true,false,305
2025-11-27T15:58:00.782277-08:00,read,key_291,1.53,true,false,305
2025-11-27T15:58:00.793466-08:00,read,key_431,1.74,true,false,525
2025-11-27T15:58:00.804538-08:00,read,key_305,1.92,false,false,0
2025-11-27T15:58:00.815724-08:00,read,key_779,1.63,false,false,0
2025-11-27T15:58:00.826945-08:00,read,key_555,1.95,true,false,542
2025-11-27T15:58:00.838158-08:00,read,key_409,2.11,false,false,0
2025-11-27T15:58:00.849325-08:00,read,key_280,1.71,false,false,0
2025-11-27T15:58:00.860532-08:00,read,key_360,1.70,false,false,0
2025-11-27T15:58:00.882423-08:00,read,key_422,4.47,true,false,149
2025-11-27T15:58:00.893297-08:00,read,key_646,1.57,true,false,497
2025-11-27T15:58:00.903655-08:00,read,key_787,1.83,false,false,0
2025-11-27T15:58:00.914882-08:00,read,key_825,2.12,false,false,0
2025-11-27T15:58:00.926143-08:00,read,key_967,1.87,false,false,0
2025-11-27T15:58:00.93742-08:00,read,key_596,2.19,false,false,0
2025-11-27T15:58:00.94863-08:00,read,key_928,2.34,true,false,131
2025-11-27T15:58:00.959812-08:00,read,key_758,1.88,true,false,352
2025-11-27T15:58:00.971275-08:00,read,key_929,2.08,false,false,0
2025-11-27T15:58:00.982501-08:00,read,key_200,2.07,true,false,492
2025-11-27T15:58:01.004509-08:00,read,key_299,4.86,false,false,0
2025-11-27T15:58:01.015354-08:00,read,key_264,1.98,false,false,0
2025-11-27T15:58:01.026607-08:00,read,key_546,1.84,false,false,0
2025-11-27T15:58:01.038053-08:00,read,key_198,2.05,true,false,174
2025-11-27T15:58:01.049243-08:00,read,key_961,1.59,false,false,0
2025-11-27T15:58:01.060483-08:00,read,key_804,1.91,true,false,343
2025-11-27T15:58:00.75992-08:00,write,key_440,304.72,true,false,624
2025-11-27T15:58:01.071454-08:00,read,key_431,2.38,true,false,525
2025-11-27T15:58:01.08264-08:00,read,key_653,1.78,false,false,0
2025-11-27T15:58:01.093814-08:00,read,key_318,1.61,true,false,617
2025-11-27T15:58:01.105037-08:00,read,key_884,1.91,false,false,0
2025-11-27T15:58:01.116242-08:00,read,key_367,1.81,true,false,193
2025-11-27T15:58:01.127258-08:00,read,key_722,1.64,false,false,0
2025-11-27T15:58:01.137869-08:00,read,key_307,2.07,false,false,0
2025-11-27T15:58:01.149024-08:00,read,key_728,1.11,true,false,435
2025-11-27T15:58:01.159555-08:00,read,key_215,1.31,false,false,0
2025-11-27T15:58:01.170736-08:00,read,key_841,1.79,true,false,564
2025-11-27T15:58:00.871169-08:00,write,key_194,304.57,true,false,625
2025-11-27T15:58:01.19286-08:00,read,key_746,1.54,true,false,362
2025-11-27T15:58:01.203944-08:00,read,key_67,2.19,false,false,0
2025-11-27T15:58:01.215152-08:00,read,key_915,1.87,true,false,475
2025-11-27T15:58:01.226264-08:00,read,key_333,0.72,false,false,0
2025-11-27T15:58:01.237437-08:00,read,key_376,1.93,true,false,267
2025-11-27T15:58:01.24873-08:00,read,key_442,1.24,false,false,0
2025-11-27T15:58:01.259899-08:00,read,key_774,1.07,true,false,46
2025-11-27T15:58:01.281809-08:00,read,key_430,5.72,true,false,236
2025-11-27T15:58:01.292446-08:00,read,key_914,1.73,true,false,327
2025-11-27T15:58:00.99365-08:00,write,key_4,308.40,true,false,626
2025-11-27T15:58:01.302631-08:00,read,key_187,0.66,false,false,0
2025-11-27T15:58:01.313221-08:00,read,key_841,0.63,true,false,564
2025-11-27T15:58:01.324447-08:00,read,key_66,0.50,false,false,0
2025-11-27T15:58:01.335603-08:00,read,key_26,0.52,false,false,0
2025-11-27T15:58:01.34608-08:00,read,key_487,0.54,false,false,0
2025-11-27T15:58:01.368437-08:00,read,key_150,0.57,true,false,118
2025-11-27T15:58:01.378862-08:00,read,key_299,0.46,false,false,0
2025-11-27T15:58:01.390027-08:00,read,key_101,0.49,false,false,0
2025-11-27T15:58:01.401239-08:00,read,key_610,0.56,true,false,402
2025-11-27T15:58:01.412393-08:00,read,key_463,0.62,false,false,0
2025-11-27T15:58:01.423576-08:00,read,key_733,1.03,true,false,286
2025-11-27T15:58:01.434059-08:00,read,key_745,0.75,false,false,0
2025-11-27T15:58:01.445262-08:00,read,key_419,1.09,true,false,281
2025-11-27T15:58:01.4564-08:00,read,key_333,1.10,false,false,0
2025-11-27T15:58:01.466697-08:00,read,key_781,1.58,true,false,107
2025-11-27T15:58:01.477904-08:00,read,key_672,1.94,false,false,0
2025-11-27T15:58:01.1816-08:00,write,key_168,309.14,true,false,627
2025-11-27T15:58:01.488783-08:00,read,key_831,2.58,false,false,0
2025-11-27T15:58:01.499896-08:00,read,key_938,1.93,false,false,0
2025-11-27T15:58:01.510371-08:00,read,key_291,1.87,true,false,305
2025-11-27T15:58:01.521554-08:00,read,key_358,1.95,false,false,0
2025-11-27T15:58:01.532759-08:00,read,key_757,1.69,true,false,146
2025-11-27T15:58:01.543968-08:00,read,key_670,1.62,false,false,0
2025-11-27T15:58:01.554681-08:00,read,key_73,2.20,true,false,607
2025-11-27T15:58:01.565822-08:00,read,key_579,1.51,true,false,253
2025-11-27T15:58:01.577007-08:00,read,key_239,1.02,true,false,322
2025-11-27T15:58:01.271272-08:00,write,key_238,307.28,true,false,628
2025-11-27T15:58:01.587938-08:00,read,key_304,0.60,true,false,34
2025-11-27T15:58:01.599163-08:00,read,key_299,0.49,false,false,0
2025-11-27T15:58:01.620879-08:00,read,key_17,0.43,false,false,0
2025-11-27T15:58:01.632069-08:00,read,key_819,0.41,true,false,468
2025-11-27T15:58:01.642412-08:00,read,key_259,0.45,true,false,597
2025-11-27T15:58:01.653603-08:00,read,key_741,0.52,false,false,0
2025-11-27T15:58:01.357262-08:00,write,key_12,306.59,true,false,629
2025-11-27T15:58:01.663948-08:00,read,key_100,0.40,true,false,317
2025-11-27T15:58:01.674683-08:00,read,key_949,0.45,false,false,0
2025-11-27T15:58:01.685784-08:00,read,key_806,0.59,false,false,0
2025-11-27T15:58:01.696956-08:00,read,key_569,0.47,false,false,0
2025-11-27T15:58:01.708132-08:00,read,key_308,0.41,true,false,393
2025-11-27T15:58:01.719149-08:00,read,key_216,0.43,false,false,0
2025-11-27T15:58:01.729524-08:00,read,key_277,0.53,true,false,440
2025-11-27T15:58:01.740714-08:00,read,key_759,0.52,true,false,415
2025-11-27T15:58:01.751931-08:00,read,key_178,0.42,false,false,0
2025-11-27T15:58:01.762756-08:00,read,key_765,0.44,true,false,557
2025-11-27T15:58:01.773942-08:00,read,key_934,0.52,true,false,288
2025-11-27T15:58:01.785116-08:00,read,key_16,0.55,false,false,0
2025-11-27T15:58:01.796503-08:00,read,key_344,0.56,true,false,489
2025-11-27T15:58:01.807747-08:00,read,key_902,0.55,true,false,541
2025-11-27T15:58:01.818921-08:00,read,key_402,0.50,false,false,0
2025-11-27T15:58:01.830109-08:00,read,key_273,0.55,true,false,467
2025-11-27T15:58:01.84128-08:00,read,key_224,0.49,false,false,0
2025-11-27T15:58:01.852362-08:00,read,key_319,0.60,false,false,0
2025-11-27T15:58:01.864065-08:00,read,key_270,0.78,false,false,0
2025-11-27T15:58:01.875097-08:00,read,key_746,0.64,true,false,362
2025-11-27T15:58:01.886325-08:00,read,key_549,0.60,false,false,0
2025-11-27T15:58:01.897052-08:00,read,key_602,1.81,false,false,0
2025-11-27T15:58:01.907857-08:00,read,key_467,1.03,false,false,0
2025-11-27T15:58:01.609746-08:00,write,key_897,308.46,true,false,630
2025-11-27T15:58:01.918039-08:00,read,key_933,1.49,false,false,0
2025-11-27T15:58:01.928445-08:00,read,key_507,2.41,true,false,108
2025-11-27T15:58:01.939682-08:00,read,key_530,1.89,true,false,227
2025-11-27T15:58:01.950777-08:00,read,key_534,1.80,false,false,0
2025-11-27T15:58:01.962017-08:00,read,key_919,2.86,false,false,0
2025-11-27T15:58:01.973109-08:00,read,key_776,1.61,false,false,0
2025-11-27T15:58:01.984259-08:00,read,key_986,1.53,true,false,496
2025-11-27T15:58:02.017864-08:00,read,key_898,5.96,true,false,550
2025-11-27T15:58:02.028493-08:00,read,key_780,0.76,true,false,488
2025-11-27T15:58:02.038718-08:00,read,key_447,1.23,false,false,0
2025-11-27T15:58:02.049307-08:00,read,key_194,1.15,true,false,625
2025-11-27T15:58:02.060577-08:00,read,key_781,1.92,true,false,107
2025-11-27T15:58:02.071817-08:00,read,key_337,2.16,false,false,0
2025-11-27T15:58:02.09429-08:00,read,key_794,4.73,false,false,0
2025-11-27T15:58:02.105147-08:00,read,key_397,1.44,false,false,0
2025-11-27T15:58:02.116335-08:00,read,key_651,1.62,true,false,520
2025-11-27T15:58:02.127368-08:00,read,key_686,1.37,false,false,0
2025-11-27T15:58:02.149717-08:00,read,key_982,3.41,false,false,0
2025-11-27T15:58:02.160715-08:00,read,key_521,1.24,false,false,0
2025-11-27T15:58:02.171092-08:00,read,key_31,1.97,false,false,0
2025-11-27T15:58:02.182374-08:00,read,key_962,1.68,false,false,0
2025-11-27T15:58:02.194329-08:00,read,key_655,2.51,false,false,0
2025-11-27T15:58:02.21678-08:00,read,key_774,4.71,true,false,46
2025-11-27T15:58:02.227592-08:00,read,key_257,0.99,false,false,0
2025-11-27T15:58:02.238846-08:00,read,key_161,1.86,false,false,0
2025-11-27T15:58:02.249992-08:00,read,key_479,1.55,true,false,381
2025-11-27T15:58:02.260786-08:00,read,key_252,1.50,false,false,0
2025-11-27T15:58:02.271111-08:00,read,key_101,2.97,false,false,0
2025-11-27T15:58:02.282157-08:00,read,key_896,1.47,true,false,377
2025-11-27T15:58:02.293303-08:00,read,key_715,1.47,false,false,0
2025-11-27T15:58:01.995487-08:00,write,key_112,305.31,true,false,631
2025-11-27T15:58:02.303515-08:00,read,key_400,0.93,false,false,0
2025-11-27T15:58:02.006649-08:00,write,key_288,303.92,true,false,632
2025-11-27T15:58:02.314178-08:00,read,key_477,0.95,false,false,0
2025-11-27T15:58:02.325403-08:00,read,key_191,2.08,true,false,521
2025-11-27T15:58:02.33601-08:00,read,key_299,0.75,false,false,0
2025-11-27T15:58:02.347155-08:00,read,key_383,0.66,true,false,241
2025-11-27T15:58:02.358312-08:00,read,key_437,1.55,true,false,474
2025-11-27T15:58:02.369476-08:00,read,key_347,1.45,false,false,0
2025-11-27T15:58:02.380759-08:00,read,key_328,1.67,true,false,129
2025-11-27T15:58:02.391896-08:00,read,key_435,1.64,true,false,19
2025-11-27T15:58:02.083013-08:00,write,key_667,310.60,true,false,633
2025-11-27T15:58:02.402418-08:00,read,key_863,1.52,true,false,548
2025-11-27T15:58:02.413815-08:00,read,key_821,1.87,false,false,0
2025-11-27T15:58:02.425108-08:00,read,key_406,1.96,true,false,218
2025-11-27T15:58:02.436332-08:00,read,key_492,1.82,true,false,528
2025-11-27T15:58:02.13852-08:00,write,key_708,309.31,true,false,634
2025-11-27T15:58:02.44687-08:00,read,key_152,3.72,false,false,0
2025-11-27T15:58:02.457369-08:00,read,key_874,1.50,false,false,0
2025-11-27T15:58:02.467954-08:00,read,key_64,1.53,false,false,0
2025-11-27T15:58:02.479195-08:00,read,key_293,2.28,true,false,229
2025-11-27T15:58:02.490395-08:00,read,key_818,1.63,true,false,482
2025-11-27T15:58:02.205581-08:00,write,key_731,308.41,true,false,635
2025-11-27T15:58:02.512907-08:00,read,key_785,2.40,false,false,0
2025-11-27T15:58:02.524057-08:00,read,key_593,1.60,false,false,0
2025-11-27T15:58:02.545885-08:00,read,key_14,2.36,true,false,486
2025-11-27T15:58:02.557167-08:00,read,key_952,1.98,false,false,0
2025-11-27T15:58:02.567483-08:00,read,key_424,1.86,true,false,151
2025-11-27T15:58:02.577728-08:00,read,key_555,1.86,true,false,542
2025-11-27T15:58:02.589852-08:00,read,key_575,2.07,true,false,203
2025-11-27T15:58:02.600387-08:00,read,key_177,2.02,false,false,0
2025-11-27T15:58:02.61164-08:00,read,key_985,2.05,false,false,0
2025-11-27T15:58:02.622066-08:00,read,key_306,2.23,true,false,164
2025-11-27T15:58:02.633284-08:00,read,key_685,1.96,true,false,512
2025-11-27T15:58:02.644199-08:00,read,key_327,1.81,true,false,390
2025-11-27T15:58:02.655437-08:00,read,key_828,2.31,false,false,0
2025-11-27T15:58:02.666111-08:00,read,key_765,1.89,true,false,557
2025-11-27T15:58:02.677353-08:00,read,key_762,2.09,false,false,0
2025-11-27T15:58:02.687757-08:00,read,key_663,1.96,false,false,0
2025-11-27T15:58:02.69899-08:00,read,key_657,1.76,true,false,370
2025-11-27T15:58:02.710214-08:00,read,key_317,1.93,true,false,95
2025-11-27T15:58:02.721325-08:00,read,key_639,2.24,false,false,0
2025-11-27T15:58:02.732506-08:00,read,key_32,1.11,false,false,0
2025-11-27T15:58:02.743773-08:00,read,key_490,1.75,false,false,0
2025-11-27T15:58:02.754986-08:00,read,key_302,2.18,true,false,545
2025-11-27T15:58:02.766252-08:00,read,key_178,1.29,false,false,0
2025-11-27T15:58:02.77751-08:00,read,key_5,2.00,true,false,458
2025-11-27T15:58:02.788715-08:00,read,key_752,2.20,false,false,0
2025-11-27T15:58:02.79996-08:00,read,key_535,1.85,false,false,0
2025-11-27T15:58:02.501631-08:00,write,key_343,305.97,true,false,636
2025-11-27T15:58:02.810475-08:00,read,key_394,1.58,false,false,0
2025-11-27T15:58:02.821708-08:00,read,key_595,2.08,true,false,27
2025-11-27T15:58:02.832966-08:00,read,key_236,1.90,true,false,536
2025-11-27T15:58:02.534609-08:00,write,key_13,309.38,true,false,637
2025-11-27T15:58:02.843545-08:00,read,key_879,1.38,false,false,0
2025-11-27T15:58:02.854565-08:00,read,key_102,2.27,false,false,0
2025-11-27T15:58:02.865757-08:00,read,key_782,1.89,true,false,561
2025-11-27T15:58:02.877009-08:00,read,key_589,1.77,false,false,0
2025-11-27T15:58:02.887803-08:00,read,key_266,1.80,false,false,0
2025-11-27T15:58:02.910287-08:00,read,key_600,1.96,true,false,503
2025-11-27T15:58:02.921489-08:00,read,key_137,2.09,true,false,291
2025-11-27T15:58:02.932696-08:00,read,key_408,1.84,true,false,526
2025-11-27T15:58:02.943927-08:00,read,key_270,1.67,false,false,0
2025-11-27T15:58:02.955137-08:00,read,key_918,2.19,true,false,255
2025-11-27T15:58:02.966353-08:00,read,key_173,1.76,false,false,0
2025-11-27T15:58:02.977574-08:00,read,key_6,1.99,true,false,364
2025-11-27T15:58:02.98891-08:00,read,key_1,1.95,false,false,0
2025-11-27T15:58:03.000117-08:00,read,key_283,1.92,false,false,0
2025-11-27T15:58:03.011328-08:00,read,key_228,2.17,true,false,77
2025-11-27T15:58:03.033821-08:00,read,key_973,4.76,false,false,0
2025-11-27T15:58:03.044164-08:00,read,key_937,1.92,true,false,572
2025-11-27T15:58:03.055657-08:00,read,key_743,2.23,true,false,595
2025-11-27T15:58:03.066858-08:00,read,key_14,1.96,true,false,486
2025-11-27T15:58:03.078111-08:00,read,key_328,2.05,true,false,129
2025-11-27T15:58:03.099794-08:00,read,key_237,5.81,true,false,73
2025-11-27T15:58:03.110418-08:00,read,key_693,1.56,true,false,239
2025-11-27T15:58:03.121234-08:00,read,key_661,2.00,true,false,392
2025-11-27T15:58:03.131806-08:00,read,key_574,1.45,false,false,0
2025-11-27T15:58:03.142484-08:00,read,key_15,1.54,true,false,493
2025-11-27T15:58:03.153692-08:00,read,key_483,1.69,false,false,0
2025-11-27T15:58:03.164852-08:00,read,key_35,2.00,false,false,0
2025-11-27T15:58:03.176051-08:00,read,key_906,1.65,false,false,0
2025-11-27T15:58:03.187326-08:00,read,key_12,2.41,true,false,629
2025-11-27T15:58:02.89905-08:00,write,key_376,310.01,true,false,638
2025-11-27T15:58:03.209154-08:00,read,key_977,1.39,false,false,0
2025-11-27T15:58:03.22035-08:00,read,key_238,1.62,true,false,628
2025-11-27T15:58:03.231637-08:00,read,key_745,1.82,false,false,0
2025-11-27T15:58:03.242909-08:00,read,key_657,1.94,true,false,370
2025-11-27T15:58:03.254019-08:00,read,key_436,2.89,true,false,270
2025-11-27T15:58:03.265129-08:00,read,key_692,1.85,true,false,383
2025-11-27T15:58:03.27636-08:00,read,key_557,1.65,false,false,0
2025-11-27T15:58:03.287604-08:00,read,key_505,2.22,false,false,0
2025-11-27T15:58:03.298761-08:00,read,key_808,1.74,true,false,419
2025-11-27T15:58:03.319647-08:00,read,key_812,5.80,false,false,0
2025-11-27T15:58:03.022577-08:00,write,key_684,305.27,true,false,639
2025-11-27T15:58:03.330075-08:00,read,key_373,2.48,true,false,175
2025-11-27T15:58:03.341962-08:00,read,key_294,2.57,false,false,0
2025-11-27T15:58:03.352584-08:00,read,key_437,1.67,true,false,474
2025-11-27T15:58:03.363767-08:00,read,key_577,0.77,true,false,179
2025-11-27T15:58:03.374982-08:00,read,key_892,1.43,false,false,0
2025-11-27T15:58:03.385897-08:00,read,key_148,1.58,false,false,0
2025-11-27T15:58:03.089405-08:00,write,key_963,308.59,true,false,640
2025-11-27T15:58:03.396998-08:00,read,key_799,1.04,true,false,363
2025-11-27T15:58:03.408221-08:00,read,key_172,0.88,true,false,510
2025-11-27T15:58:03.419399-08:00,read,key_50,1.10,false,false,0
2025-11-27T15:58:03.430332-08:00,read,key_464,2.21,false,false,0
2025-11-27T15:58:03.441326-08:00,read,key_652,2.15,true,false,622
2025-11-27T15:58:03.45244-08:00,read,key_5,0.99,true,false,458
2025-11-27T15:58:03.474784-08:00,read,key_102,1.77,false,false,0
2025-11-27T15:58:03.486003-08:00,read,key_163,1.82,false,false,0
2025-11-27T15:58:03.497273-08:00,read,key_113,2.24,true,false,455
2025-11-27T15:58:03.198454-08:00,write,key_108,308.14,true,false,641
2025-11-27T15:58:03.541036-08:00,read,key_918,4.11,true,false,255
2025-11-27T15:58:03.551967-08:00,read,key_271,1.55,false,false,0
2025-11-27T15:58:03.56317-08:00,read,key_804,2.12,true,false,343
2025-11-27T15:58:03.585645-08:00,read,key_255,5.24,false,false,0
2025-11-27T15:58:03.596427-08:00,read,key_223,1.99,true,false,264
2025-11-27T15:58:03.607679-08:00,read,key_332,1.78,false,false,0
2025-11-27T15:58:03.309282-08:00,write,key_641,304.88,true,false,642
2025-11-27T15:58:03.618377-08:00,read,key_576,1.68,false,false,0
2025-11-27T15:58:03.629712-08:00,read,key_159,1.75,false,false,0
2025-11-27T15:58:03.64072-08:00,read,key_464,1.95,false,false,0
2025-11-27T15:58:03.651961-08:00,read,key_125,1.79,false,false,0
2025-11-27T15:58:03.663219-08:00,read,key_176,2.30,true,false,367
2025-11-27T15:58:03.685691-08:00,read,key_255,1.90,false,false,0
2025-11-27T15:58:03.696328-08:00,read,key_407,2.58,false,false,0
2025-11-27T15:58:03.718663-08:00,read,key_855,6.09,false,false,0
2025-11-27T15:58:03.729389-08:00,read,key_304,1.70,true,false,34
2025-11-27T15:58:03.740549-08:00,read,key_306,3.91,true,false,164
2025-11-27T15:58:03.750938-08:00,read,key_295,1.92,true,false,380
2025-11-27T15:58:03.761171-08:00,read,key_489,1.69,false,false,0
2025-11-27T15:58:03.463657-08:00,write,key_810,307.90,true,false,643
2025-11-27T15:58:03.782378-08:00,read,key_875,0.92,false,false,0
2025-11-27T15:58:03.793558-08:00,read,key_337,1.58,false,false,0
2025-11-27T15:58:03.804532-08:00,read,key_609,1.96,false,false,0
2025-11-27T15:58:03.507653-08:00,write,key_94,304.01,true,false,644
2025-11-27T15:58:03.815102-08:00,read,key_243,1.94,false,false,0
2025-11-27T15:58:03.826326-08:00,read,key_110,1.64,true,false,394
2025-11-27T15:58:03.518935-08:00,write,key_766,309.09,true,false,645
2025-11-27T15:58:03.837549-08:00,read,key_473,1.74,false,false,0
2025-11-27T15:58:03.530096-08:00,write,key_901,318.71,true,false,646
2025-11-27T15:58:03.848685-08:00,read,key_837,1.17,true,false,74
2025-11-27T15:58:03.859801-08:00,read,key_282,1.60,false,false,0
2025-11-27T15:58:03.8711-08:00,read,key_276,0.86,false,false,0
2025-11-27T15:58:03.574414-08:00,write,key_352,303.99,true,false,647
2025-11-27T15:58:03.881631-08:00,read,key_934,0.78,true,false,288
2025-11-27T15:58:03.903765-08:00,read,key_284,0.80,false,false,0
2025-11-27T15:58:03.92624-08:00,read,key_153,5.06,false,false,0
2025-11-27T15:58:03.937065-08:00,read,key_236,2.13,true,false,536
2025-11-27T15:58:03.948236-08:00,read,key_235,1.65,false,false,0
2025-11-27T15:58:03.959101-08:00,read,key_287,1.51,false,false,0
2025-11-27T15:58:03.970336-08:00,read,key_470,2.19,true,false,128
2025-11-27T15:58:03.674388-08:00,write,key_617,303.80,true,false,648
2025-11-27T15:58:03.98091-08:00,read,key_105,1.86,true,false,351
2025-11-27T15:58:03.992615-08:00,read,key_125,2.20,false,false,0
2025-11-27T15:58:04.003416-08:00,read,key_7,2.05,true,false,372
2025-11-27T15:58:03.707437-08:00,write,key_275,308.13,true,false,649
2025-11-27T15:58:04.013754-08:00,read,key_482,2.56,false,false,0
2025-11-27T15:58:04.024903-08:00,read,key_381,1.82,true,false,606
2025-11-27T15:58:04.036126-08:00,read,key_644,1.79,false,false,0
2025-11-27T15:58:04.047374-08:00,read,key_14,2.17,true,false,486
2025-11-27T15:58:04.05798-08:00,read,key_465,1.86,true,false,547
2025-11-27T15:58:04.068266-08:00,read,key_877,1.42,true,false,438
2025-11-27T15:58:03.771435-08:00,write,key_988,309.70,true,false,650
2025-11-27T15:58:04.078704-08:00,read,key_402,2.53,false,false,0
2025-11-27T15:58:04.08988-08:00,read,key_306,1.74,true,false,164
2025-11-27T15:58:04.100722-08:00,read,key_175,1.13,false,false,0
2025-11-27T15:58:04.111892-08:00,read,key_848,1.27,false,false,0
2025-11-27T15:58:04.12308-08:00,read,key_162,1.12,true,false,615
2025-11-27T15:58:04.134256-08:00,read,key_899,1.79,false,false,0
2025-11-27T15:58:04.145173-08:00,read,key_799,1.77,true,false,363
2025-11-27T15:58:04.155607-08:00,read,key_915,2.12,true,false,475
2025-11-27T15:58:04.166584-08:00,read,key_770,1.78,false,false,0
2025-11-27T15:58:04.177499-08:00,read,key_959,1.88,true,false,70
2025-11-27T15:58:04.187986-08:00,read,key_708,2.24,true,false,634
2025-11-27T15:58:04.199139-08:00,read,key_733,1.72,true,false,286
2025-11-27T15:58:03.892542-08:00,write,key_766,309.06,true,false,651
2025-11-27T15:58:04.221132-08:00,read,key_224,2.36,false,false,0
2025-11-27T15:58:03.915007-08:00,write,key_820,308.65,true,false,652
2025-11-27T15:58:04.243612-08:00,read,key_568,1.80,true,false,100
2025-11-27T15:58:04.254919-08:00,read,key_408,2.12,true,false,526
2025-11-27T15:58:04.2661-08:00,read,key_199,1.68,false,false,0
2025-11-27T15:58:04.276816-08:00,read,key_152,1.70,false,false,0
2025-11-27T15:58:04.288246-08:00,read,key_916,2.28,false,false,0
2025-11-27T15:58:04.299449-08:00,read,key_626,1.80,false,false,0
2025-11-27T15:58:04.310678-08:00,read,key_661,1.81,true,false,392
2025-11-27T15:58:04.321924-08:00,read,key_212,2.21,false,false,0
2025-11-27T15:58:04.332217-08:00,read,key_263,1.66,true,false,329
2025-11-27T15:58:04.364795-08:00,read,key_461,2.47,false,false,0
2025-11-27T15:58:04.387159-08:00,read,key_903,5.20,true,false,543
2025-11-27T15:58:04.398013-08:00,read,key_185,1.61,true,false,147
2025-11-27T15:58:04.409114-08:00,read,key_750,1.73,true,false,412
2025-11-27T15:58:04.420384-08:00,read,key_2,1.98,false,false,0
2025-11-27T15:58:04.431617-08:00,read,key_742,1.84,true,false,389
2025-11-27T15:58:04.442774-08:00,read,key_125,1.77,false,false,0
2025-11-27T15:58:04.454029-08:00,read,key_921,2.88,false,false,0
2025-11-27T15:58:04.465151-08:00,read,key_68,2.23,true,false,192
2025-11-27T15:58:04.47633-08:00,read,key_69,1.74,true,false,485
2025-11-27T15:58:04.487503-08:00,read,key_295,1.97,true,false,380
2025-11-27T15:58:04.509985-08:00,read,key_132,5.77,false,false,0
2025-11-27T15:58:04.210337-08:00,write,key_516,308.14,true,false,653
2025-11-27T15:58:04.520372-08:00,read,key_137,1.91,true,false,291
2025-11-27T15:58:04.531651-08:00,read,key_878,2.14,true,false,420
2025-11-27T15:58:04.232296-08:00,write,key_908,308.68,true,false,654
2025-11-27T15:58:04.541887-08:00,read,key_232,1.39,false,false,0
2025-11-27T15:58:04.552976-08:00,read,key_663,0.96,false,false,0
2025-11-27T15:58:04.563821-08:00,read,key_212,0.99,false,false,0
2025-11-27T15:58:04.574993-08:00,read,key_627,1.24,false,false,0
2025-11-27T15:58:04.586194-08:00,read,key_372,1.10,false,false,0
2025-11-27T15:58:04.596569-08:00,read,key_487,1.68,false,false,0
2025-11-27T15:58:04.607758-08:00,read,key_137,1.50,true,false,291
2025-11-27T15:58:04.61895-08:00,read,key_720,1.65,false,false,0
2025-11-27T15:58:04.629442-08:00,read,key_694,1.80,false,false,0
2025-11-27T15:58:04.640671-08:00,read,key_556,1.64,true,false,603
2025-11-27T15:58:04.342462-08:00,write,key_911,305.36,true,false,655
2025-11-27T15:58:04.651213-08:00,read,key_667,1.16,true,false,633
2025-11-27T15:58:04.662417-08:00,read,key_804,2.00,true,false,343
2025-11-27T15:58:04.35369-08:00,write,key_811,310.77,true,false,656
2025-11-27T15:58:04.673593-08:00,read,key_865,1.06,false,false,0
2025-11-27T15:58:04.375899-08:00,write,key_492,310.34,true,false,657
2025-11-27T15:58:04.695127-08:00,read,key_699,1.60,false,false,0
2025-11-27T15:58:04.716699-08:00,read,key_617,1.87,true,false,648
2025-11-27T15:58:04.727925-08:00,read,key_484,1.20,false,false,0
2025-11-27T15:58:04.739175-08:00,read,key_426,1.32,true,false,658
2025-11-27T15:58:04.750349-08:00,read,key_595,1.28,true,false,27
2025-11-27T15:58:04.761536-08:00,read,key_69,1.36,true,false,485
2025-11-27T15:58:04.772217-08:00,read,key_377,1.54,true,false,116
2025-11-27T15:58:04.783411-08:00,read,key_829,1.34,true,false,271
2025-11-27T15:58:04.79411-08:00,read,key_307,1.16,false,false,0
2025-11-27T15:58:04.498729-08:00,write,key_426,308.04,true,false,658
2025-11-27T15:58:04.804907-08:00,read,key_318,2.51,true,false,617
2025-11-27T15:58:04.816077-08:00,read,key_871,1.43,false,false,0
2025-11-27T15:58:04.82736-08:00,read,key_408,2.05,true,false,526
2025-11-27T15:58:04.837768-08:00,read,key_474,1.95,false,false,0
2025-11-27T15:58:04.84898-08:00,read,key_471,1.61,true,false,555
2025-11-27T15:58:04.860272-08:00,read,key_660,1.76,true,false,302
2025-11-27T15:58:04.87153-08:00,read,key_310,2.14,false,false,0
2025-11-27T15:58:04.882375-08:00,read,key_918,1.81,true,false,255
2025-11-27T15:58:04.893647-08:00,read,key_790,1.79,false,false,0
2025-11-27T15:58:04.904926-08:00,read,key_9,2.42,false,false,0
2025-11-27T15:58:04.916097-08:00,read,key_700,1.80,true,false,384
2025-11-27T15:58:04.927316-08:00,read,key_742,1.13,true,false,389
2025-11-27T15:58:04.937839-08:00,read,key_918,2.05,true,false,255
2025-11-27T15:58:04.949034-08:00,read,key_756,1.73,true,false,439
2025-11-27T15:58:04.96028-08:00,read,key_890,1.79,true,false,605
2025-11-27T15:58:04.971509-08:00,read,key_941,2.14,false,false,0
2025-11-27T15:58:04.982727-08:00,read,key_218,1.84,false,false,0
2025-11-27T15:58:04.684845-08:00,write,key_7,305.22,true,false,659
2025-11-27T15:58:04.993277-08:00,read,key_2,1.23,false,false,0
2025-11-27T15:58:05.00403-08:00,read,key_789,2.33,true,false,463
2025-11-27T15:58:04.705485-08:00,write,key_268,306.57,true,false,660
2025-11-27T15:58:05.025728-08:00,read,key_56,1.85,true,false,341
2025-11-27T15:58:05.036951-08:00,read,key_226,1.98,true,false,268
2025-11-27T15:58:05.048233-08:00,read,key_299,1.91,false,false,0
2025-11-27T15:58:05.059418-08:00,read,key_902,2.06,true,false,541
2025-11-27T15:58:05.070637-08:00,read,key_129,4.19,true,false,54
2025-11-27T15:58:05.081592-08:00,read,key_54,1.76,false,false,0
2025-11-27T15:58:05.092105-08:00,read,key_710,1.97,false,false,0
2025-11-27T15:58:05.103335-08:00,read,key_895,2.93,true,false,331
2025-11-27T15:58:05.114054-08:00,read,key_707,2.49,true,false,339
2025-11-27T15:58:05.125361-08:00,read,key_545,1.77,true,false,552
2025-11-27T15:58:05.136556-08:00,read,key_9,1.79,false,false,0
2025-11-27T15:58:05.147137-08:00,read,key_427,1.80,true,false,490
2025-11-27T15:58:05.169348-08:00,read,key_265,4.53,true,false,262
2025-11-27T15:58:05.180245-08:00,read,key_477,1.79,false,false,0
2025-11-27T15:58:05.191174-08:00,read,key_559,1.97,false,false,0
2025-11-27T15:58:05.202116-08:00,read,key_562,1.72,true,false,172
2025-11-27T15:58:05.21326-08:00,read,key_705,2.17,true,false,491
2025-11-27T15:58:05.22361-08:00,read,key_58,2.89,true,false,57
2025-11-27T15:58:05.234071-08:00,read,key_873,2.05,true,false,553
2025-11-27T15:58:05.245303-08:00,read,key_295,1.88,true,false,380
2025-11-27T15:58:05.014509-08:00,write,key_784,305.04,true,false,661
2025-11-27T15:58:05.158369-08:00,write,key_232,312.76,true,false,662
