timestamp,type,key,latency_ms,success,is_stale,version
2025-11-27T21:26:46.314671-08:00,read,key_667,2.08,true,false,2311
2025-11-27T21:26:46.325727-08:00,read,key_326,0.99,true,false,2520
2025-11-27T21:26:46.271158-08:00,write,key_320,312.23,true,false,2526
2025-11-27T21:26:46.282167-08:00,write,key_328,304.98,true,false,2527
2025-11-27T21:26:46.292577-08:00,write,key_320,306.33,true,false,2526
2025-11-27T21:26:46.303622-08:00,write,key_325,308.48,true,false,2528
2025-11-27T21:26:46.33679-08:00,write,key_325,311.11,true,false,2526
2025-11-27T21:26:46.347834-08:00,write,key_666,306.66,true,false,2526
2025-11-27T21:26:46.654494-08:00,read,key_320,2.68,true,false,2526
2025-11-27T21:26:46.360312-08:00,write,key_326,310.47,true,false,2527
2025-11-27T21:26:46.371194-08:00,write,key_667,310.32,true,false,2528
2025-11-27T21:26:46.382312-08:00,write,key_322,308.28,true,false,2526
2025-11-27T21:26:46.393832-08:00,write,key_324,307.33,true,false,2527
2025-11-27T21:26:46.583421-08:00,write,key_327,308.31,true,false,2529
2025-11-27T21:26:46.587144-08:00,write,key_322,305.76,true,false,2529
2025-11-27T21:26:46.598906-08:00,write,key_326,304.21,true,false,2529
2025-11-27T21:26:46.612099-08:00,write,key_710,306.08,true,false,2529
2025-11-27T21:26:46.647907-08:00,write,key_323,310.49,true,false,2529
2025-11-27T21:26:46.657179-08:00,write,key_712,307.26,true,false,2530
2025-11-27T21:26:46.670801-08:00,write,key_714,305.86,true,false,2530
2025-11-27T21:26:46.681519-08:00,write,key_328,306.81,true,false,2530
2025-11-27T21:26:46.690589-08:00,write,key_711,303.71,true,false,2530
2025-11-27T21:26:46.701168-08:00,write,key_716,306.50,true,false,2531
2025-11-27T21:26:46.891731-08:00,write,key_716,306.44,true,false,2531
2025-11-27T21:26:46.892907-08:00,write,key_714,305.26,true,false,2532
2025-11-27T21:26:46.90312-08:00,write,key_324,310.32,true,false,2531
2025-11-27T21:26:46.918186-08:00,write,key_716,304.63,true,false,2532
2025-11-27T21:26:46.958403-08:00,write,key_715,312.64,true,false,2533
2025-11-27T21:26:46.964461-08:00,write,key_669,306.61,true,false,2533
2025-11-27T21:26:46.97666-08:00,write,key_324,305.15,true,false,2531
2025-11-27T21:26:46.988325-08:00,write,key_668,307.58,true,false,2532
2025-11-27T21:26:46.994303-08:00,write,key_667,305.09,true,false,2533
2025-11-27T21:26:47.007671-08:00,write,key_324,304.64,true,false,2534
2025-11-27T21:26:47.198169-08:00,write,key_711,305.64,true,false,2535
2025-11-27T21:26:47.198171-08:00,write,key_229,309.12,true,false,2535
2025-11-27T21:26:47.213445-08:00,write,key_225,306.71,true,false,2536
2025-11-27T21:26:47.22282-08:00,write,key_714,305.68,true,false,2533
2025-11-27T21:26:47.271047-08:00,write,key_718,311.70,true,false,2535
2025-11-27T21:26:47.271067-08:00,write,key_719,311.69,true,false,2534
2025-11-27T21:26:47.281808-08:00,write,key_228,305.52,true,false,2534
2025-11-27T21:26:47.295909-08:00,write,key_329,309.67,true,false,2534
2025-11-27T21:26:47.299398-08:00,write,key_713,312.66,true,false,2536
2025-11-27T21:26:47.312318-08:00,write,key_321,303.31,true,false,2537
2025-11-27T21:26:47.503811-08:00,write,key_321,307.57,true,false,2538
2025-11-27T21:26:47.507294-08:00,write,key_663,307.04,true,false,2536
2025-11-27T21:26:47.814333-08:00,read,key_320,6.93,true,false,2526
2025-11-27T21:26:47.520161-08:00,write,key_656,303.92,true,false,2539
2025-11-27T21:26:47.528499-08:00,write,key_228,309.06,true,false,2537
2025-11-27T21:26:47.582753-08:00,write,key_661,312.28,true,false,2540
2025-11-27T21:26:47.58276-08:00,write,key_658,312.28,true,false,2537
2025-11-27T21:26:47.587333-08:00,write,key_325,307.74,true,false,2537
2025-11-27T21:26:47.605581-08:00,write,key_716,307.69,true,false,2541
2025-11-27T21:26:47.612065-08:00,write,key_665,309.78,true,false,2542
2025-11-27T21:26:47.615642-08:00,write,key_326,306.76,true,false,2538
2025-11-27T21:26:47.811379-08:00,write,key_655,312.13,true,false,2543
2025-11-27T21:26:47.821265-08:00,write,key_715,304.58,true,false,2539
2025-11-27T21:26:47.82408-08:00,write,key_719,305.04,true,false,2540
2025-11-27T21:26:47.837562-08:00,write,key_324,315.49,true,false,2541
2025-11-27T21:26:47.895044-08:00,write,key_225,310.25,true,false,2543
2025-11-27T21:26:47.895077-08:00,write,key_936,310.26,true,false,2544
2025-11-27T21:26:47.895038-08:00,write,key_901,310.36,true,false,2542
2025-11-27T21:26:47.913275-08:00,write,key_446,306.65,true,false,2545
2025-11-27T21:26:47.921847-08:00,write,key_448,304.46,true,false,2544
2025-11-27T21:26:48.226304-08:00,read,key_611,0.88,true,false,1467
2025-11-27T21:26:47.922406-08:00,write,key_449,304.82,true,false,2543
2025-11-27T21:26:48.123516-08:00,write,key_225,306.59,true,false,2544
2025-11-27T21:26:48.125845-08:00,write,key_610,306.96,true,false,2546
2025-11-27T21:26:48.129119-08:00,write,key_907,303.69,true,false,2544
2025-11-27T21:26:48.153056-08:00,write,key_324,309.60,true,false,2545
2025-11-27T21:26:48.205335-08:00,write,key_661,314.45,true,false,2545
2025-11-27T21:26:48.2053-08:00,write,key_908,314.49,true,false,2546
2025-11-27T21:26:48.205393-08:00,write,key_812,315.02,true,false,2545
2025-11-27T21:26:48.219931-08:00,write,key_613,308.24,true,false,2546
2025-11-27T21:26:48.227224-08:00,write,key_519,302.95,true,false,2547
2025-11-27T21:26:48.53017-08:00,read,key_938,0.85,true,false,2512
2025-11-27T21:26:48.227188-08:00,write,key_714,303.85,true,false,2546
2025-11-27T21:26:48.430113-08:00,write,key_715,304.75,true,false,2548
2025-11-27T21:26:48.734868-08:00,read,key_443,1.18,true,false,2547
2025-11-27T21:26:48.432807-08:00,write,key_939,306.23,true,false,2547
2025-11-27T21:26:48.432811-08:00,write,key_224,306.24,true,false,2548
2025-11-27T21:26:48.462662-08:00,write,key_842,305.08,true,false,2549
2025-11-27T21:26:48.519786-08:00,write,key_666,309.33,true,false,2548
2025-11-27T21:26:48.519786-08:00,write,key_843,309.35,true,false,2550
2025-11-27T21:26:48.520417-08:00,write,key_442,308.74,true,false,2551
2025-11-27T21:26:48.528176-08:00,write,key_443,303.61,true,false,2547
2025-11-27T21:26:48.531043-08:00,write,key_321,304.17,true,false,2548
2025-11-27T21:26:48.531026-08:00,write,key_975,304.23,true,false,2552
2025-11-27T21:26:48.739051-08:00,write,key_220,303.78,true,false,2553
2025-11-27T21:26:48.739037-08:00,write,key_972,304.64,true,false,2549
2025-11-27T21:26:48.736048-08:00,write,key_816,307.65,true,false,2549
2025-11-27T21:26:49.043674-08:00,read,key_711,2.46,true,false,2535
2025-11-27T21:26:48.767741-08:00,write,key_849,306.95,true,false,2550
2025-11-27T21:26:48.82916-08:00,write,key_610,304.57,true,false,2552
2025-11-27T21:26:48.82914-08:00,write,key_525,304.62,true,false,2552
2025-11-27T21:26:48.829119-08:00,write,key_519,304.70,true,false,2553
2025-11-27T21:26:48.831784-08:00,write,key_933,305.94,true,false,2554
2025-11-27T21:26:48.835254-08:00,write,key_782,303.92,true,false,2553
2025-11-27T21:26:48.835251-08:00,write,key_788,306.75,true,false,2554
2025-11-27T21:26:49.046135-08:00,write,key_713,303.81,true,false,2554
2025-11-27T21:26:49.04283-08:00,write,key_660,307.16,true,false,2555
2025-11-27T21:26:49.043694-08:00,write,key_325,306.35,true,false,2555
2025-11-27T21:26:49.074698-08:00,write,key_228,307.55,true,false,2555
2025-11-27T21:26:49.137725-08:00,write,key_813,305.40,true,false,2557
2025-11-27T21:26:49.133735-08:00,write,key_223,310.17,true,false,2556
2025-11-27T21:26:49.13376-08:00,write,key_516,310.15,true,false,2556
2025-11-27T21:26:49.13382-08:00,write,key_718,310.10,true,false,2555
2025-11-27T21:26:49.139176-08:00,write,key_616,306.91,true,false,2557
2025-11-27T21:26:49.141999-08:00,write,key_818,308.50,true,false,2558
2025-11-27T21:26:49.349951-08:00,write,key_717,305.17,true,false,2558
2025-11-27T21:26:49.349991-08:00,write,key_324,308.49,true,false,2560
2025-11-27T21:26:49.350042-08:00,write,key_224,308.47,true,false,2559
2025-11-27T21:26:49.382253-08:00,write,key_975,307.13,true,false,2556
2025-11-27T21:26:49.689384-08:00,read,key_666,3.03,true,false,2548
2025-11-27T21:26:49.443921-08:00,write,key_816,311.52,true,false,2558
2025-11-27T21:26:49.443125-08:00,write,key_326,312.32,true,false,2559
2025-11-27T21:26:49.44391-08:00,write,key_223,311.58,true,false,2558
2025-11-27T21:26:49.44391-08:00,write,key_843,311.66,true,false,2561
2025-11-27T21:26:49.446084-08:00,write,key_524,309.68,true,false,2559
2025-11-27T21:26:49.755489-08:00,read,key_329,2.81,true,false,2534
2025-11-27T21:26:49.450502-08:00,write,key_716,307.82,true,false,2559
2025-11-27T21:26:49.755442-08:00,read,key_249,2.90,true,false,2396
2025-11-27T21:26:49.655126-08:00,write,key_233,311.20,true,false,2560
2025-11-27T21:26:49.658487-08:00,write,key_240,311.51,true,false,2563
2025-11-27T21:26:49.658523-08:00,write,key_711,311.49,true,false,2562
2025-11-27T21:26:49.692417-08:00,write,key_659,308.16,true,false,2561
2025-11-27T21:26:49.755572-08:00,write,key_611,307.90,true,false,2562
2025-11-27T21:26:49.75834-08:00,write,key_610,309.81,true,false,2563
2025-11-27T21:26:49.755449-08:00,write,key_518,313.00,true,false,2564
2025-11-27T21:26:49.758304-08:00,write,key_904,310.31,true,false,2565
2025-11-27T21:26:49.75576-08:00,write,key_756,313.73,true,false,2566
2025-11-27T21:26:50.068155-08:00,read,key_230,2.76,true,false,2183
2025-11-27T21:26:50.068619-08:00,read,key_939,2.30,true,false,2547
2025-11-27T21:26:49.758319-08:00,write,key_225,312.67,true,false,2567
2025-11-27T21:26:49.96633-08:00,write,key_773,308.79,true,false,2568
2025-11-27T21:26:49.969993-08:00,write,key_526,305.15,true,false,2569
2025-11-27T21:26:49.970017-08:00,write,key_784,305.13,true,false,2568
2025-11-27T21:26:50.000592-08:00,write,key_751,312.18,true,false,2570
2025-11-27T21:26:50.063476-08:00,write,key_234,309.25,true,false,2569
2025-11-27T21:26:50.070917-08:00,write,key_939,304.40,true,false,2569
2025-11-27T21:26:50.070919-08:00,write,key_932,304.41,true,false,2568
2025-11-27T21:26:50.069491-08:00,write,key_666,305.86,true,false,2570
2025-11-27T21:26:50.07099-08:00,write,key_933,307.74,true,false,2571
2025-11-27T21:26:50.068454-08:00,write,key_667,310.66,true,false,2568
2025-11-27T21:26:50.375325-08:00,read,key_771,7.22,true,false,2292
2025-11-27T21:26:50.275144-08:00,write,key_612,312.74,true,false,2572
2025-11-27T21:26:50.275122-08:00,write,key_526,312.79,true,false,2571
2025-11-27T21:26:50.275139-08:00,write,key_725,312.78,true,false,2570
2025-11-27T21:26:50.312774-08:00,write,key_918,313.83,true,false,2572
2025-11-27T21:26:50.378729-08:00,write,key_900,309.38,true,false,2573
2025-11-27T21:26:50.375316-08:00,write,key_220,312.81,true,false,2573
2025-11-27T21:26:50.375346-08:00,write,key_516,312.82,true,false,2572
2025-11-27T21:26:50.372731-08:00,write,key_324,316.58,true,false,2573
2025-11-27T21:26:50.382549-08:00,write,key_638,306.77,true,false,2574
2025-11-27T21:26:50.379119-08:00,write,key_246,310.22,true,false,2574
2025-11-27T21:26:50.587911-08:00,write,key_228,310.83,true,false,2573
2025-11-27T21:26:50.587923-08:00,write,key_785,310.86,true,false,2576
2025-11-27T21:26:50.587883-08:00,write,key_939,311.00,true,false,2575
2025-11-27T21:26:50.626604-08:00,write,key_244,312.29,true,false,2574
2025-11-27T21:26:50.68932-08:00,write,key_232,313.30,true,false,2575
2025-11-27T21:26:50.688129-08:00,write,key_773,314.52,true,false,2575
2025-11-27T21:26:50.688163-08:00,write,key_847,314.55,true,false,2576
2025-11-27T21:26:50.689313-08:00,write,key_939,313.41,true,false,2577
2025-11-27T21:26:50.688129-08:00,write,key_501,314.60,true,false,2575
2025-11-27T21:26:50.689339-08:00,write,key_931,313.49,true,false,2576
2025-11-27T21:26:51.002625-08:00,read,key_220,1.39,true,false,2573
2025-11-27T21:26:50.898779-08:00,write,key_726,307.78,true,false,2577
2025-11-27T21:26:50.898882-08:00,write,key_803,308.29,true,false,2578
2025-11-27T21:26:50.898742-08:00,write,key_935,308.43,true,false,2578
2025-11-27T21:26:50.938894-08:00,write,key_194,312.21,true,false,2579
2025-11-27T21:26:51.002722-08:00,write,key_818,309.25,true,false,2578
2025-11-27T21:26:51.002709-08:00,write,key_613,309.29,true,false,2578
2025-11-27T21:26:51.004014-08:00,write,key_615,308.14,true,false,2579
2025-11-27T21:26:51.002825-08:00,write,key_749,309.49,true,false,2579
2025-11-27T21:26:51.002648-08:00,write,key_664,309.92,true,false,2579
2025-11-27T21:26:51.002732-08:00,write,key_772,309.98,true,false,2578
2025-11-27T21:26:51.312153-08:00,read,key_241,3.00,true,false,2435
2025-11-27T21:26:51.206564-08:00,write,key_744,307.84,true,false,2580
2025-11-27T21:26:51.207171-08:00,write,key_242,307.30,true,false,2581
2025-11-27T21:26:51.207171-08:00,write,key_228,307.31,true,false,2580
2025-11-27T21:26:51.251104-08:00,write,key_221,307.42,true,false,2581
2025-11-27T21:26:51.558532-08:00,read,key_900,1.06,true,false,2573
2025-11-27T21:26:51.312319-08:00,write,key_976,310.87,true,false,2580
2025-11-27T21:26:51.31198-08:00,write,key_741,311.27,true,false,2582
2025-11-27T21:26:51.31515-08:00,write,key_524,308.11,true,false,2581
2025-11-27T21:26:51.312569-08:00,write,key_322,310.74,true,false,2583
2025-11-27T21:26:51.312049-08:00,write,key_723,311.30,true,false,2582
2025-11-27T21:26:51.31271-08:00,write,key_812,310.65,true,false,2580
2025-11-27T21:26:51.62336-08:00,read,key_518,5.56,true,false,2564
2025-11-27T21:26:51.514484-08:00,write,key_796,316.01,true,false,2583
2025-11-27T21:26:51.514411-08:00,write,key_771,317.97,true,false,2582
2025-11-27T21:26:51.51447-08:00,write,key_841,317.95,true,false,2582
2025-11-27T21:26:51.559595-08:00,write,key_911,312.91,true,false,2583
2025-11-27T21:26:51.628924-08:00,write,key_619,303.90,true,false,2585
2025-11-27T21:26:51.623344-08:00,write,key_753,309.53,true,false,2584
2025-11-27T21:26:51.623251-08:00,write,key_772,309.71,true,false,2584
2025-11-27T21:26:51.623193-08:00,write,key_816,309.84,true,false,2584
2025-11-27T21:26:51.623259-08:00,write,key_225,313.61,true,false,2585
2025-11-27T21:26:51.623305-08:00,write,key_788,313.65,true,false,2586
2025-11-27T21:26:51.830493-08:00,write,key_745,320.04,true,false,2584
2025-11-27T21:26:51.832419-08:00,write,key_841,318.12,true,false,2586
2025-11-27T21:26:51.83238-08:00,write,key_723,318.19,true,false,2587
2025-11-27T21:26:51.872506-08:00,write,key_727,307.54,true,false,2587
2025-11-27T21:26:51.936869-08:00,write,key_844,316.35,true,false,2587
2025-11-27T21:26:51.932876-08:00,write,key_228,320.58,true,false,2587
2025-11-27T21:26:51.932958-08:00,write,key_758,321.36,true,false,2588
2025-11-27T21:26:51.933032-08:00,write,key_810,321.32,true,false,2587
2025-11-27T21:26:51.932823-08:00,write,key_729,321.65,true,false,2586
2025-11-27T21:26:51.936954-08:00,write,key_225,317.75,true,false,2588
2025-11-27T21:26:52.253453-08:00,read,key_233,3.92,true,false,2560
2025-11-27T21:26:52.254318-08:00,read,key_849,3.09,true,false,2550
2025-11-27T21:26:52.254703-08:00,read,key_714,4.68,true,false,2546
2025-11-27T21:26:52.257406-08:00,read,key_448,4.09,true,false,2544
2025-11-27T21:26:52.150566-08:00,write,key_520,306.24,true,false,2589
2025-11-27T21:26:52.150538-08:00,write,key_329,306.28,true,false,2588
2025-11-27T21:26:52.150551-08:00,write,key_817,306.29,true,false,2589
2025-11-27T21:26:52.180047-08:00,write,key_223,306.38,true,false,2590
2025-11-27T21:26:52.25322-08:00,write,key_597,312.30,true,false,2591
2025-11-27T21:26:52.254469-08:00,write,key_653,311.05,true,false,2592
2025-11-27T21:26:52.254353-08:00,write,key_324,311.18,true,false,2590
2025-11-27T21:26:52.257373-08:00,write,key_517,310.20,true,false,2591
2025-11-27T21:26:52.2615-08:00,write,key_196,306.67,true,false,2589
2025-11-27T21:26:52.259381-08:00,write,key_637,310.83,true,false,2592
2025-11-27T21:26:52.45684-08:00,write,key_597,307.99,true,false,2593
2025-11-27T21:26:52.456804-08:00,write,key_812,308.04,true,false,2593
2025-11-27T21:26:52.45682-08:00,write,key_638,308.04,true,false,2593
2025-11-27T21:26:52.764838-08:00,read,key_505,2.36,true,false,2445
2025-11-27T21:26:52.486424-08:00,write,key_631,308.74,true,false,2594
2025-11-27T21:26:52.795164-08:00,read,key_594,3.56,true,false,2297
2025-11-27T21:26:52.567576-08:00,write,key_231,307.04,true,false,2594
2025-11-27T21:26:52.56552-08:00,write,key_811,309.12,true,false,2595
2025-11-27T21:26:52.56817-08:00,write,key_751,306.49,true,false,2593
2025-11-27T21:26:52.565522-08:00,write,key_222,309.14,true,false,2594
2025-11-27T21:26:52.56553-08:00,write,key_650,309.16,true,false,2595
2025-11-27T21:26:52.57021-08:00,write,key_247,304.53,true,false,2594
2025-11-27T21:26:52.874661-08:00,read,key_193,4.76,true,false,1239
2025-11-27T21:26:52.764861-08:00,write,key_565,310.90,true,false,2597
2025-11-27T21:26:52.764847-08:00,write,key_714,311.15,true,false,2596
2025-11-27T21:26:52.767203-08:00,write,key_446,308.87,true,false,2595
2025-11-27T21:26:52.798723-08:00,write,key_593,309.86,true,false,2596
2025-11-27T21:26:52.874744-08:00,write,key_651,305.78,true,false,2598
2025-11-27T21:26:52.87462-08:00,write,key_784,305.91,true,false,2596
2025-11-27T21:26:52.874665-08:00,write,key_197,305.90,true,false,2597
2025-11-27T21:26:52.879422-08:00,write,key_560,302.99,true,false,2597
2025-11-27T21:26:53.18241-08:00,read,key_903,0.93,true,false,1566
2025-11-27T21:26:52.874644-08:00,write,key_479,310.16,true,false,2598
2025-11-27T21:26:52.874684-08:00,write,key_842,313.28,true,false,2599
2025-11-27T21:26:53.075998-08:00,write,key_937,312.52,true,false,2599
2025-11-27T21:26:53.075768-08:00,write,key_224,312.76,true,false,2598
2025-11-27T21:26:53.076077-08:00,write,key_812,312.45,true,false,2599
2025-11-27T21:26:53.108583-08:00,write,key_932,306.80,true,false,2600
2025-11-27T21:26:53.4154-08:00,read,key_322,1.11,true,false,2583
2025-11-27T21:26:53.18797-08:00,write,key_201,304.77,true,false,2600
2025-11-27T21:26:53.180533-08:00,write,key_660,313.04,true,false,2600
2025-11-27T21:26:53.180533-08:00,write,key_232,313.06,true,false,2599
2025-11-27T21:26:53.183343-08:00,write,key_218,310.42,true,false,2601
2025-11-27T21:26:53.184806-08:00,write,key_612,309.09,true,false,2602
2025-11-27T21:26:53.180562-08:00,write,key_233,313.49,true,false,2600
2025-11-27T21:26:53.492744-08:00,read,key_199,3.98,true,false,1045
2025-11-27T21:26:53.388524-08:00,write,key_952,309.68,true,false,2600
2025-11-27T21:26:53.388531-08:00,write,key_951,310.38,true,false,2601
2025-11-27T21:26:53.388527-08:00,write,key_972,310.40,true,false,2602
2025-11-27T21:26:53.698929-08:00,read,key_56,1.23,true,false,2246
2025-11-27T21:26:53.698208-08:00,read,key_507,1.96,true,false,2396
2025-11-27T21:26:53.416514-08:00,write,key_264,313.45,true,false,2603
2025-11-27T21:26:53.494049-08:00,write,key_562,307.94,true,false,2603
2025-11-27T21:26:53.493572-08:00,write,key_622,308.50,true,false,2603
2025-11-27T21:26:53.493763-08:00,write,key_667,308.39,true,false,2604
2025-11-27T21:26:53.493592-08:00,write,key_938,308.81,true,false,2603
2025-11-27T21:26:53.4939-08:00,write,key_775,308.78,true,false,2603
2025-11-27T21:26:53.496731-08:00,write,key_260,306.00,true,false,2604
2025-11-27T21:26:53.698959-08:00,write,key_844,312.00,true,false,2604
2025-11-27T21:26:53.700164-08:00,write,key_934,311.87,true,false,2605
2025-11-27T21:26:53.700157-08:00,write,key_958,311.92,true,false,2605
2025-11-27T21:26:53.729964-08:00,write,key_225,307.09,true,false,2604
2025-11-27T21:26:53.802068-08:00,write,key_847,311.59,true,false,2605
2025-11-27T21:26:53.80268-08:00,write,key_781,311.11,true,false,2606
2025-11-27T21:26:53.802402-08:00,write,key_844,311.66,true,false,2606
2025-11-27T21:26:53.802157-08:00,write,key_938,312.44,true,false,2606
2025-11-27T21:26:53.80273-08:00,write,key_707,315.25,true,false,2608
2025-11-27T21:26:53.801994-08:00,write,key_233,317.01,true,false,2607
2025-11-27T21:26:54.010964-08:00,write,key_245,312.28,true,false,2606
2025-11-27T21:26:54.012081-08:00,write,key_816,311.18,true,false,2607
2025-11-27T21:26:54.012033-08:00,write,key_932,311.25,true,false,2608
2025-11-27T21:26:54.037061-08:00,write,key_843,307.65,true,false,2607
2025-11-27T21:26:54.119002-08:00,write,key_513,308.36,true,false,2611
2025-11-27T21:26:54.113676-08:00,write,key_470,313.70,true,false,2609
2025-11-27T21:26:54.113795-08:00,write,key_602,313.59,true,false,2609
2025-11-27T21:26:54.114066-08:00,write,key_710,313.33,true,false,2609
2025-11-27T21:26:54.117979-08:00,write,key_778,309.44,true,false,2610
2025-11-27T21:26:54.114596-08:00,write,key_805,312.88,true,false,2610
2025-11-27T21:26:54.323284-08:00,write,key_244,307.45,true,false,2612
2025-11-27T21:26:54.32325-08:00,write,key_551,307.51,true,false,2610
2025-11-27T21:26:54.323257-08:00,write,key_786,308.07,true,false,2611
2025-11-27T21:26:54.630764-08:00,read,key_203,2.21,true,false,2192
2025-11-27T21:26:54.34471-08:00,write,key_848,308.54,true,false,2611
2025-11-27T21:26:54.427389-08:00,write,key_204,303.75,true,false,2613
2025-11-27T21:26:54.427422-08:00,write,key_803,304.31,true,false,2612
2025-11-27T21:26:54.427478-08:00,write,key_665,304.29,true,false,2613
2025-11-27T21:26:54.427375-08:00,write,key_652,304.46,true,false,2612
2025-11-27T21:26:54.427394-08:00,write,key_513,304.58,true,false,2614
2025-11-27T21:26:54.427362-08:00,write,key_522,304.64,true,false,2613
2025-11-27T21:26:54.731145-08:00,read,key_449,2.09,true,false,2543
2025-11-27T21:26:54.731729-08:00,read,key_616,4.87,true,false,2557
2025-11-27T21:26:54.630745-08:00,write,key_227,311.23,true,false,2615
2025-11-27T21:26:54.632976-08:00,write,key_511,309.05,true,false,2616
2025-11-27T21:26:54.631326-08:00,write,key_194,310.86,true,false,2613
2025-11-27T21:26:54.65325-08:00,write,key_616,308.41,true,false,2617
2025-11-27T21:26:54.731975-08:00,write,key_225,311.43,true,false,2615
2025-11-27T21:26:54.736604-08:00,write,key_637,307.56,true,false,2616
2025-11-27T21:26:54.73183-08:00,write,key_192,312.35,true,false,2616
2025-11-27T21:26:54.731764-08:00,write,key_780,312.48,true,false,2618
2025-11-27T21:26:54.73324-08:00,write,key_952,314.47,true,false,2615
2025-11-27T21:26:54.732001-08:00,write,key_536,315.80,true,false,2617
2025-11-27T21:26:54.942012-08:00,write,key_297,307.21,true,false,2619
2025-11-27T21:26:54.942027-08:00,write,key_227,307.21,true,false,2619
2025-11-27T21:26:54.94219-08:00,write,key_222,308.63,true,false,2620
2025-11-27T21:26:54.961661-08:00,write,key_618,312.56,true,false,2621
2025-11-27T21:26:55.044178-08:00,write,key_796,307.11,true,false,2620
2025-11-27T21:26:55.043413-08:00,write,key_558,307.92,true,false,2619
2025-11-27T21:26:55.044245-08:00,write,key_505,307.95,true,false,2619
2025-11-27T21:26:55.044162-08:00,write,key_560,308.64,true,false,2619
2025-11-27T21:26:55.047806-08:00,write,key_703,308.38,true,false,2622
2025-11-27T21:26:55.047715-08:00,write,key_765,308.50,true,false,2621
2025-11-27T21:26:55.249228-08:00,write,key_181,306.09,true,false,2621
2025-11-27T21:26:55.249242-08:00,write,key_328,306.09,true,false,2623
2025-11-27T21:26:55.250822-08:00,write,key_717,307.10,true,false,2623
2025-11-27T21:26:55.555323-08:00,read,key_900,3.87,true,false,2573
2025-11-27T21:26:55.27422-08:00,write,key_198,309.37,true,false,2624
2025-11-27T21:26:55.583598-08:00,read,key_639,1.90,true,false,2342
2025-11-27T21:26:55.352213-08:00,write,key_630,310.45,true,false,2625
2025-11-27T21:26:55.351289-08:00,write,key_570,311.40,true,false,2624
2025-11-27T21:26:55.351332-08:00,write,key_933,312.26,true,false,2623
2025-11-27T21:26:55.352803-08:00,write,key_296,312.48,true,false,2626
2025-11-27T21:26:55.356183-08:00,write,key_137,309.12,true,false,2625
2025-11-27T21:26:55.665301-08:00,read,key_758,1.56,true,false,2588
2025-11-27T21:26:55.662665-08:00,read,key_563,4.66,true,false,2382
2025-11-27T21:26:55.356211-08:00,write,key_560,312.72,true,false,2627
2025-11-27T21:26:55.66686-08:00,read,key_231,3.84,true,false,2594
2025-11-27T21:26:55.555335-08:00,write,key_213,310.12,true,false,2624
2025-11-27T21:26:55.55792-08:00,write,key_913,307.57,true,false,2628
2025-11-27T21:26:55.559191-08:00,write,key_663,306.98,true,false,2629
2025-11-27T21:26:55.865457-08:00,read,key_506,0.86,true,false,2482
2025-11-27T21:26:55.585502-08:00,write,key_904,306.77,true,false,2628
2025-11-27T21:26:55.892271-08:00,read,key_801,3.51,true,false,2311
2025-11-27T21:26:55.668936-08:00,write,key_224,304.97,true,false,2628
2025-11-27T21:26:55.663589-08:00,write,key_228,310.32,true,false,2628
2025-11-27T21:26:55.665287-08:00,write,key_209,308.65,true,false,2631
2025-11-27T21:26:55.662688-08:00,write,key_205,311.33,true,false,2630
2025-11-27T21:26:55.667329-08:00,write,key_59,306.71,true,false,2629
2025-11-27T21:26:55.670705-08:00,write,key_663,306.96,true,false,2630
2025-11-27T21:26:55.974014-08:00,read,key_326,4.01,true,false,2559
2025-11-27T21:26:55.973933-08:00,read,key_786,6.09,true,false,2611
2025-11-27T21:26:55.978027-08:00,read,key_596,2.04,true,false,2345
2025-11-27T21:26:55.980064-08:00,read,key_805,0.81,true,false,2610
2025-11-27T21:26:55.865491-08:00,write,key_626,308.72,true,false,2632
2025-11-27T21:26:55.866414-08:00,write,key_757,307.80,true,false,2630
2025-11-27T21:26:55.86618-08:00,write,key_530,308.05,true,false,2631
2025-11-27T21:26:55.895783-08:00,write,key_202,306.38,true,false,2630
2025-11-27T21:26:55.973909-08:00,write,key_477,303.71,true,false,2633
2025-11-27T21:26:55.974034-08:00,write,key_261,303.64,true,false,2634
2025-11-27T21:26:55.973913-08:00,write,key_692,303.79,true,false,2632
2025-11-27T21:26:56.277618-08:00,read,key_197,0.65,true,false,2597
2025-11-27T21:26:55.977663-08:00,write,key_931,303.35,true,false,2632
2025-11-27T21:26:55.980023-08:00,write,key_614,303.06,true,false,2633
2025-11-27T21:26:55.980879-08:00,write,key_810,305.94,true,false,2634
2025-11-27T21:26:56.174227-08:00,write,key_261,308.98,true,false,2634
2025-11-27T21:26:56.174212-08:00,write,key_553,309.06,true,false,2633
2025-11-27T21:26:56.17421-08:00,write,key_228,309.15,true,false,2635
2025-11-27T21:26:56.202167-08:00,write,key_748,312.52,true,false,2635
2025-11-27T21:26:56.278267-08:00,write,key_371,310.34,true,false,2637
2025-11-27T21:26:56.283085-08:00,write,key_785,305.52,true,false,2636
2025-11-27T21:26:56.281014-08:00,write,key_700,307.66,true,false,2635
2025-11-27T21:26:56.27767-08:00,write,key_190,311.09,true,false,2635
2025-11-27T21:26:56.2777-08:00,write,key_195,311.15,true,false,2636
2025-11-27T21:26:56.588671-08:00,read,key_806,2.85,true,false,1572
2025-11-27T21:26:56.286816-08:00,write,key_634,304.71,true,false,2636
2025-11-27T21:26:56.483274-08:00,write,key_809,318.65,true,false,2637
2025-11-27T21:26:56.483207-08:00,write,key_577,318.85,true,false,2638
2025-11-27T21:26:56.483359-08:00,write,key_931,320.65,true,false,2637
2025-11-27T21:26:56.514694-08:00,write,key_224,308.10,true,false,2638
2025-11-27T21:26:56.588606-08:00,write,key_221,315.39,true,false,2638
2025-11-27T21:26:56.588759-08:00,write,key_744,315.26,true,false,2640
2025-11-27T21:26:56.591518-08:00,write,key_936,315.63,true,false,2640
2025-11-27T21:26:56.591531-08:00,write,key_54,315.65,true,false,2639
2025-11-27T21:26:56.588849-08:00,write,key_201,319.31,true,false,2639
2025-11-27T21:26:56.588609-08:00,write,key_532,319.82,true,false,2639
2025-11-27T21:26:56.802059-08:00,write,key_508,314.27,true,false,2640
2025-11-27T21:26:56.804008-08:00,write,key_663,312.34,true,false,2641
2025-11-27T21:26:56.801925-08:00,write,key_978,314.73,true,false,2641
2025-11-27T21:26:56.822795-08:00,write,key_785,307.34,true,false,2642
2025-11-27T21:26:56.904021-08:00,write,key_525,316.26,true,false,2641
2025-11-27T21:26:56.907184-08:00,write,key_568,313.11,true,false,2642
2025-11-27T21:26:56.908164-08:00,write,key_188,312.15,true,false,2642
2025-11-27T21:26:56.908432-08:00,write,key_559,311.90,true,false,2643
2025-11-27T21:26:56.903994-08:00,write,key_445,316.36,true,false,2641
2025-11-27T21:26:56.907147-08:00,write,key_189,313.45,true,false,2643
2025-11-27T21:26:57.220599-08:00,read,key_696,2.31,true,false,2200
2025-11-27T21:26:57.222915-08:00,read,key_135,1.63,true,false,2080
2025-11-27T21:26:57.116349-08:00,write,key_553,315.70,true,false,2643
2025-11-27T21:26:57.116335-08:00,write,key_811,315.72,true,false,2642
2025-11-27T21:26:57.116658-08:00,write,key_744,315.40,true,false,2644
2025-11-27T21:26:57.130137-08:00,write,key_533,306.34,true,false,2644
2025-11-27T21:26:57.220295-08:00,write,key_578,312.87,true,false,2644
2025-11-27T21:26:57.220282-08:00,write,key_197,312.91,true,false,2646
2025-11-27T21:26:57.220353-08:00,write,key_664,312.92,true,false,2644
2025-11-27T21:26:57.220311-08:00,write,key_523,313.33,true,false,2645
2025-11-27T21:26:57.224542-08:00,write,key_522,309.48,true,false,2645
2025-11-27T21:26:57.220332-08:00,write,key_938,318.71,true,false,2645
2025-11-27T21:26:57.432057-08:00,write,key_784,311.54,true,false,2646
2025-11-27T21:26:57.43206-08:00,write,key_778,312.13,true,false,2647
2025-11-27T21:26:57.436482-08:00,write,key_531,307.77,true,false,2648
2025-11-27T21:26:57.432055-08:00,write,key_787,312.27,true,false,2646
2025-11-27T21:26:57.534021-08:00,write,key_663,313.11,true,false,2647
2025-11-27T21:26:57.533168-08:00,write,key_227,313.98,true,false,2648
2025-11-27T21:26:57.533278-08:00,write,key_801,313.88,true,false,2649
2025-11-27T21:26:57.539045-08:00,write,key_220,308.22,true,false,2647
2025-11-27T21:26:57.533641-08:00,write,key_538,313.70,true,false,2650
2025-11-27T21:26:57.533189-08:00,write,key_934,314.17,true,false,2647
2025-11-27T21:26:57.744193-08:00,write,key_803,311.64,true,false,2653
2025-11-27T21:26:57.744327-08:00,write,key_322,311.53,true,false,2649
2025-11-27T21:26:57.744251-08:00,write,key_264,311.75,true,false,2652
2025-11-27T21:26:57.743608-08:00,write,key_249,312.49,true,false,2651
2025-11-27T21:26:57.847358-08:00,write,key_522,307.72,true,false,2651
2025-11-27T21:26:57.847159-08:00,write,key_643,311.38,true,false,2656
2025-11-27T21:26:57.847342-08:00,write,key_50,311.22,true,false,2655
2025-11-27T21:26:57.847151-08:00,write,key_532,311.44,true,false,2654
2025-11-27T21:26:57.847263-08:00,write,key_187,311.37,true,false,2654
2025-11-27T21:26:57.84713-08:00,write,key_808,312.71,false,false,0
2025-11-27T21:26:58.158595-08:00,read,key_665,3.70,true,false,2613
2025-11-27T21:26:58.055852-08:00,write,key_810,307.08,true,false,2657
2025-11-27T21:26:58.055998-08:00,write,key_221,306.95,true,false,2654
2025-11-27T21:26:58.055839-08:00,write,key_808,307.48,true,false,2657
2025-11-27T21:26:58.056097-08:00,write,key_742,307.24,true,false,2658
2025-11-27T21:26:58.155087-08:00,write,key_453,308.88,true,false,2657
2025-11-27T21:26:58.158634-08:00,write,key_697,306.17,true,false,2657
2025-11-27T21:26:58.158536-08:00,write,key_793,306.28,true,false,2658
2025-11-27T21:26:58.15856-08:00,write,key_442,306.27,true,false,2657
2025-11-27T21:26:58.159845-08:00,write,key_776,305.95,true,false,2659
2025-11-27T21:26:58.162293-08:00,write,key_501,303.53,true,false,2659
2025-11-27T21:26:58.362935-08:00,write,key_781,309.81,true,false,2660
2025-11-27T21:26:58.363341-08:00,write,key_756,309.41,true,false,2659
2025-11-27T21:26:58.362945-08:00,write,key_326,309.87,true,false,2660
2025-11-27T21:26:58.363316-08:00,write,key_757,309.61,true,false,2659
2025-11-27T21:26:58.672747-08:00,read,key_325,4.47,true,false,2555
2025-11-27T21:26:58.464816-08:00,write,key_383,306.25,true,false,2661
2025-11-27T21:26:58.464807-08:00,write,key_563,306.28,true,false,2660
2025-11-27T21:26:58.463976-08:00,write,key_933,308.98,true,false,2661
2025-11-27T21:26:58.464825-08:00,write,key_209,308.13,true,false,2661
2025-11-27T21:26:58.465793-08:00,write,key_917,307.22,true,false,2661
2025-11-27T21:26:58.772956-08:00,read,key_714,2.10,true,false,2596
2025-11-27T21:26:58.775059-08:00,read,key_532,0.44,true,false,2654
2025-11-27T21:26:58.465825-08:00,write,key_643,310.19,true,false,2662
2025-11-27T21:26:58.672746-08:00,write,key_322,306.51,true,false,2661
2025-11-27T21:26:58.672923-08:00,write,key_815,307.45,true,false,2662
2025-11-27T21:26:58.677224-08:00,write,key_665,303.40,true,false,2662
2025-11-27T21:26:58.672818-08:00,write,key_744,307.84,true,false,2663
2025-11-27T21:26:58.980626-08:00,read,key_507,1.35,true,false,2396
2025-11-27T21:26:58.77296-08:00,write,key_571,308.99,true,false,2663
2025-11-27T21:26:58.773014-08:00,write,key_784,308.99,true,false,2665
2025-11-27T21:26:58.771088-08:00,write,key_722,310.94,true,false,2664
2025-11-27T21:26:58.771069-08:00,write,key_816,311.20,true,false,2663
2025-11-27T21:26:58.776019-08:00,write,key_752,306.31,true,false,2663
2025-11-27T21:26:58.775501-08:00,write,key_199,308.14,true,false,2666
2025-11-27T21:26:58.980371-08:00,write,key_533,310.76,true,false,2664
2025-11-27T21:26:58.981976-08:00,write,key_896,309.53,true,false,2664
2025-11-27T21:26:58.979261-08:00,write,key_258,312.28,true,false,2664
2025-11-27T21:26:58.980663-08:00,write,key_762,311.16,true,false,2665
2025-11-27T21:26:59.291826-08:00,read,key_655,4.96,true,false,2543
2025-11-27T21:26:59.291139-08:00,read,key_448,5.80,true,false,2544
2025-11-27T21:26:59.082329-08:00,write,key_777,314.10,true,false,2667
2025-11-27T21:26:59.083645-08:00,write,key_767,312.82,true,false,2667
2025-11-27T21:26:59.082004-08:00,write,key_705,314.48,true,false,2667
2025-11-27T21:26:59.081956-08:00,write,key_717,315.99,true,false,2668
2025-11-27T21:26:59.396487-08:00,read,key_846,3.38,true,false,1797
2025-11-27T21:26:59.082265-08:00,write,key_971,318.17,true,false,2669
2025-11-27T21:26:59.082032-08:00,write,key_197,318.45,true,false,2667
2025-11-27T21:26:59.399864-08:00,read,key_452,3.23,true,false,2310
2025-11-27T21:26:59.291539-08:00,write,key_505,313.42,true,false,2668
2025-11-27T21:26:59.296939-08:00,write,key_769,310.28,true,false,2671
2025-11-27T21:26:59.296794-08:00,write,key_451,310.96,true,false,2672
2025-11-27T21:26:59.291508-08:00,write,key_243,316.25,true,false,2670
2025-11-27T21:26:59.604962-08:00,read,key_701,5.68,true,false,1456
2025-11-27T21:26:59.400477-08:00,write,key_558,310.46,true,false,2673
2025-11-27T21:26:59.396469-08:00,write,key_652,314.80,true,false,2675
2025-11-27T21:26:59.396481-08:00,write,key_649,314.87,true,false,2674
2025-11-27T21:26:59.400435-08:00,write,key_784,312.61,true,false,2670
2025-11-27T21:26:59.397944-08:00,write,key_809,315.32,true,false,2670
2025-11-27T21:26:59.403098-08:00,write,key_323,310.23,true,false,2671
2025-11-27T21:26:59.610644-08:00,write,key_268,308.47,true,false,2678
2025-11-27T21:26:59.607759-08:00,write,key_47,311.36,true,false,2673
2025-11-27T21:26:59.607763-08:00,write,key_930,314.28,true,false,2676
2025-11-27T21:26:59.607222-08:00,write,key_326,314.93,true,false,2677
2025-11-27T21:26:59.922046-08:00,read,key_269,2.92,false,false,0
2025-11-27T21:26:59.71135-08:00,write,key_392,313.91,true,false,2676
2025-11-27T21:26:59.713047-08:00,write,key_657,312.28,true,false,2679
2025-11-27T21:26:59.713269-08:00,write,key_291,312.12,true,false,2677
2025-11-27T21:26:59.71094-08:00,write,key_376,314.66,true,false,2676
2025-11-27T21:26:59.713329-08:00,write,key_690,313.86,true,false,2680
2025-11-27T21:26:59.711276-08:00,write,key_253,316.22,true,false,2678
2025-11-27T21:26:59.922148-08:00,write,key_324,306.89,true,false,2679
2025-11-27T21:26:59.919121-08:00,write,key_842,309.94,true,false,2679
2025-11-27T21:26:59.919116-08:00,write,key_932,309.94,true,false,2679
2025-11-27T21:26:59.924966-08:00,write,key_808,305.43,true,false,2681
2025-11-27T21:27:00.025386-08:00,write,key_539,308.89,true,false,2682
2025-11-27T21:27:00.025599-08:00,write,key_223,308.88,true,false,2681
2025-11-27T21:27:00.025323-08:00,write,key_488,309.30,true,false,2681
2025-11-27T21:27:00.027193-08:00,write,key_167,307.71,true,false,2683
2025-11-27T21:27:00.027493-08:00,write,key_211,307.51,true,false,2682
2025-11-27T21:27:00.02528-08:00,write,key_787,310.20,true,false,2682
2025-11-27T21:27:00.335006-08:00,read,key_478,3.50,true,false,1976
2025-11-27T21:27:00.229058-08:00,write,key_194,314.02,true,false,2682
2025-11-27T21:27:00.230401-08:00,write,key_715,313.75,true,false,2684
2025-11-27T21:27:00.229044-08:00,write,key_441,315.20,true,false,2683
2025-11-27T21:27:00.229061-08:00,write,key_135,320.46,true,false,2683
2025-11-27T21:27:00.338509-08:00,write,key_699,305.21,true,false,2685
2025-11-27T21:27:00.334626-08:00,write,key_54,312.44,true,false,2684
2025-11-27T21:27:00.334277-08:00,write,key_819,312.80,true,false,2684
2025-11-27T21:27:00.334477-08:00,write,key_533,314.54,true,false,2684
2025-11-27T21:27:00.335481-08:00,write,key_785,314.69,true,false,2685
2025-11-27T21:27:00.334902-08:00,write,key_551,315.27,true,false,2685
2025-11-27T21:27:00.544155-08:00,write,key_180,311.47,true,false,2686
2025-11-27T21:27:00.549521-08:00,write,key_220,306.11,true,false,2686
2025-11-27T21:27:00.543077-08:00,write,key_932,312.57,true,false,2685
2025-11-27T21:27:00.544239-08:00,write,key_40,311.42,true,false,2686
2025-11-27T21:27:00.855628-08:00,read,key_641,1.72,true,false,2452
2025-11-27T21:27:00.643724-08:00,write,key_662,311.41,true,false,2687
2025-11-27T21:27:00.649019-08:00,write,key_950,306.88,true,false,2688
2025-11-27T21:27:00.647077-08:00,write,key_227,308.83,true,false,2686
2025-11-27T21:27:00.650174-08:00,write,key_49,306.91,true,false,2688
2025-11-27T21:27:00.647065-08:00,write,key_811,310.08,true,false,2687
2025-11-27T21:27:00.650174-08:00,write,key_277,307.84,true,false,2687
2025-11-27T21:27:00.855628-08:00,write,key_612,309.80,true,false,2689
2025-11-27T21:27:00.857352-08:00,write,key_666,308.09,true,false,2689
2025-11-27T21:27:00.855659-08:00,write,key_701,309.81,true,false,2690
2025-11-27T21:27:00.855649-08:00,write,key_952,309.85,true,false,2688
2025-11-27T21:27:00.957086-08:00,write,key_293,312.03,true,false,2690
2025-11-27T21:27:00.958016-08:00,write,key_785,311.52,true,false,2691
2025-11-27T21:27:00.955137-08:00,write,key_642,314.69,true,false,2691
2025-11-27T21:27:00.955905-08:00,write,key_505,313.95,true,false,2692
2025-11-27T21:27:00.955904-08:00,write,key_224,314.35,true,false,2689
2025-11-27T21:27:00.957148-08:00,write,key_470,313.12,true,false,2689
2025-11-27T21:27:01.269122-08:00,read,key_132,2.67,true,false,2079
2025-11-27T21:27:01.165443-08:00,write,key_752,311.73,true,false,2694
2025-11-27T21:27:01.165495-08:00,write,key_241,312.31,true,false,2693
2025-11-27T21:27:01.165472-08:00,write,key_592,312.54,true,false,2692
2025-11-27T21:27:01.165428-08:00,write,key_939,312.88,true,false,2693
2025-11-27T21:27:01.269857-08:00,write,key_528,310.32,true,false,2696
2025-11-27T21:27:01.270256-08:00,write,key_660,309.99,true,false,2695
2025-11-27T21:27:01.269828-08:00,write,key_723,310.49,true,false,2695
2025-11-27T21:27:01.271793-08:00,write,key_269,308.59,true,false,2693
2025-11-27T21:27:01.270269-08:00,write,key_399,310.12,true,false,2695
2025-11-27T21:27:01.269534-08:00,write,key_727,310.92,true,false,2694
2025-11-27T21:27:01.477806-08:00,write,key_957,312.38,true,false,2697
2025-11-27T21:27:01.478015-08:00,write,key_213,312.18,true,false,2695
2025-11-27T21:27:01.478309-08:00,write,key_591,311.91,true,false,2697
2025-11-27T21:27:01.477178-08:00,write,key_557,313.07,true,false,2695
2025-11-27T21:27:01.580387-08:00,write,key_192,312.99,true,false,2698
2025-11-27T21:27:01.580242-08:00,write,key_786,315.28,true,false,2698
2025-11-27T21:27:01.580315-08:00,write,key_993,315.26,true,false,2698
2025-11-27T21:27:01.580451-08:00,write,key_777,315.29,true,false,2697
2025-11-27T21:27:01.580393-08:00,write,key_34,315.56,true,false,2699
2025-11-27T21:27:01.580178-08:00,write,key_384,315.84,true,false,2697
2025-11-27T21:27:01.790184-08:00,write,key_789,306.77,true,false,2700
2025-11-27T21:27:01.790219-08:00,write,key_648,306.76,true,false,2698
2025-11-27T21:27:01.790244-08:00,write,key_666,306.75,true,false,2698
2025-11-27T21:27:01.79019-08:00,write,key_401,306.84,true,false,2699
2025-11-27T21:27:01.895739-08:00,write,key_536,309.74,true,false,2701
2025-11-27T21:27:01.896021-08:00,write,key_751,309.47,true,false,2701
2025-11-27T21:27:01.89338-08:00,write,key_743,312.14,true,false,2700
2025-11-27T21:27:01.895579-08:00,write,key_209,309.94,true,false,2700
2025-11-27T21:27:01.89553-08:00,write,key_708,310.02,true,false,2701
2025-11-27T21:27:01.895955-08:00,write,key_805,309.78,true,false,2700
2025-11-27T21:27:02.097029-08:00,write,key_993,307.39,true,false,2701
2025-11-27T21:27:02.096984-08:00,write,key_807,307.45,true,false,2702
2025-11-27T21:27:02.096961-08:00,write,key_488,308.22,true,false,2702
2025-11-27T21:27:02.404426-08:00,read,key_262,1.53,true,false,2355
2025-11-27T21:27:02.096992-08:00,write,key_537,309.30,true,false,2702
2025-11-27T21:27:02.406296-08:00,read,key_563,3.89,true,false,2660
2025-11-27T21:27:02.20555-08:00,write,key_690,305.95,true,false,2704
2025-11-27T21:27:02.205517-08:00,write,key_274,306.00,true,false,2702
2025-11-27T21:27:02.205489-08:00,write,key_193,306.06,true,false,2703
2025-11-27T21:27:02.205478-08:00,write,key_998,306.14,true,false,2703
2025-11-27T21:27:02.205521-08:00,write,key_164,306.36,true,false,2703
2025-11-27T21:27:02.205737-08:00,write,key_524,309.52,true,false,2705
2025-11-27T21:27:02.41019-08:00,write,key_785,305.62,true,false,2703
2025-11-27T21:27:02.405955-08:00,write,key_994,309.88,true,false,2704
2025-11-27T21:27:02.405184-08:00,write,key_662,310.89,true,false,2703
2025-11-27T21:27:02.404433-08:00,write,key_224,311.65,true,false,2704
2025-11-27T21:27:02.511614-08:00,write,key_700,311.11,true,false,2706
2025-11-27T21:27:02.511521-08:00,write,key_201,311.27,true,false,2706
2025-11-27T21:27:02.511877-08:00,write,key_225,311.13,true,false,2707
2025-11-27T21:27:02.511501-08:00,write,key_198,311.64,true,false,2706
2025-11-27T21:27:02.511547-08:00,write,key_843,311.64,true,false,2705
2025-11-27T21:27:02.51526-08:00,write,key_756,308.49,true,false,2708
2025-11-27T21:27:02.823012-08:00,read,key_558,6.10,true,false,2673
2025-11-27T21:27:02.716073-08:00,write,key_595,317.33,true,false,2709
2025-11-27T21:27:02.715839-08:00,write,key_669,317.66,true,false,2707
2025-11-27T21:27:02.716086-08:00,write,key_939,317.45,true,false,2706
2025-11-27T21:27:02.715814-08:00,write,key_523,317.75,true,false,2706
2025-11-27T21:27:02.822726-08:00,write,key_191,309.27,true,false,2709
2025-11-27T21:27:02.823137-08:00,write,key_195,308.97,true,false,2709
2025-11-27T21:27:03.132111-08:00,read,key_530,1.24,true,false,2631
2025-11-27T21:27:02.823186-08:00,write,key_294,310.97,true,false,2710
2025-11-27T21:27:02.822794-08:00,write,key_247,311.92,true,false,2710
2025-11-27T21:27:02.823753-08:00,write,key_776,312.18,true,false,2711
2025-11-27T21:27:02.829114-08:00,write,key_531,308.55,true,false,2710
2025-11-27T21:27:03.134713-08:00,read,key_245,5.45,true,false,2606
2025-11-27T21:27:03.033448-08:00,write,key_563,305.60,true,false,2710
2025-11-27T21:27:03.339057-08:00,read,key_542,2.21,true,false,2461
2025-11-27T21:27:03.033497-08:00,write,key_919,307.79,true,false,2712
2025-11-27T21:27:03.033565-08:00,write,key_612,307.88,true,false,2711
2025-11-27T21:27:03.033531-08:00,write,key_816,307.96,true,false,2713
2025-11-27T21:27:03.341446-08:00,read,key_751,4.90,true,false,2701
2025-11-27T21:27:03.134155-08:00,write,key_169,312.58,true,false,2713
2025-11-27T21:27:03.132003-08:00,write,key_798,314.76,true,false,2714
2025-11-27T21:27:03.140164-08:00,write,key_716,306.62,true,false,2713
2025-11-27T21:27:03.137663-08:00,write,key_773,309.13,true,false,2714
2025-11-27T21:27:03.133354-08:00,write,key_401,313.52,true,false,2712
2025-11-27T21:27:03.135938-08:00,write,key_776,310.95,true,false,2712
2025-11-27T21:27:03.341488-08:00,write,key_78,314.12,true,false,2714
2025-11-27T21:27:03.341289-08:00,write,key_797,314.34,true,false,2714
2025-11-27T21:27:03.346344-08:00,write,key_938,309.29,true,false,2715
2025-11-27T21:27:03.341287-08:00,write,key_163,314.38,true,false,2715
2025-11-27T21:27:03.655665-08:00,read,key_664,2.68,true,false,2644
2025-11-27T21:27:03.446742-08:00,write,key_541,308.30,true,false,2716
2025-11-27T21:27:03.44689-08:00,write,key_212,308.18,true,false,2716
2025-11-27T21:27:03.44676-08:00,write,key_713,310.96,true,false,2717
2025-11-27T21:27:03.446787-08:00,write,key_479,310.95,true,false,2716
2025-11-27T21:27:03.44687-08:00,write,key_838,310.87,true,false,2718
2025-11-27T21:27:03.446796-08:00,write,key_58,310.96,true,false,2719
2025-11-27T21:27:03.655628-08:00,write,key_52,307.39,true,false,2716
2025-11-27T21:27:03.655633-08:00,write,key_834,307.39,true,false,2720
2025-11-27T21:27:03.655616-08:00,write,key_325,307.44,true,false,2717
2025-11-27T21:27:03.658349-08:00,write,key_991,308.76,true,false,2721
2025-11-27T21:27:03.75772-08:00,write,key_952,308.48,true,false,2720
2025-11-27T21:27:03.757738-08:00,write,key_564,308.48,true,false,2721
2025-11-27T21:27:03.757736-08:00,write,key_615,308.53,true,false,2722
2025-11-27T21:27:03.757754-08:00,write,key_515,308.56,true,false,2720
2025-11-27T21:27:03.755044-08:00,write,key_779,314.41,true,false,2723
2025-11-27T21:27:03.755066-08:00,write,key_614,315.05,true,false,2724
2025-11-27T21:27:03.967114-08:00,write,key_953,311.96,true,false,2722
2025-11-27T21:27:03.963016-08:00,write,key_568,316.07,true,false,2725
2025-11-27T21:27:03.96302-08:00,write,key_668,316.07,true,false,2722
2025-11-27T21:27:03.963053-08:00,write,key_695,316.07,true,false,2723
2025-11-27T21:27:04.279119-08:00,read,key_165,3.67,true,false,2509
2025-11-27T21:27:04.066218-08:00,write,key_740,309.19,true,false,2725
2025-11-27T21:27:04.066263-08:00,write,key_557,311.04,true,false,2724
2025-11-27T21:27:04.375414-08:00,read,key_534,3.71,true,false,2231
2025-11-27T21:27:04.066312-08:00,write,key_743,314.43,true,false,2726
2025-11-27T21:27:04.069453-08:00,write,key_250,311.34,true,false,2725
2025-11-27T21:27:04.066197-08:00,write,key_206,314.74,true,false,2726
2025-11-27T21:27:04.070114-08:00,write,key_260,311.94,true,false,2727
2025-11-27T21:27:04.380745-08:00,read,key_529,2.52,true,false,2467
2025-11-27T21:27:04.383263-08:00,read,key_657,1.89,true,false,2679
2025-11-27T21:27:04.27909-08:00,write,key_758,308.30,true,false,2728
2025-11-27T21:27:04.279091-08:00,write,key_598,308.44,true,false,2726
2025-11-27T21:27:04.279077-08:00,write,key_596,309.37,true,false,2727
2025-11-27T21:27:04.282787-08:00,write,key_657,308.71,true,false,2727
2025-11-27T21:27:04.587397-08:00,read,key_224,8.00,true,false,2704
2025-11-27T21:27:04.380789-08:00,write,key_268,306.41,true,false,2728
2025-11-27T21:27:04.37731-08:00,write,key_534,309.90,true,false,2728
2025-11-27T21:27:04.379126-08:00,write,key_757,310.19,true,false,2730
2025-11-27T21:27:04.380934-08:00,write,key_182,310.10,true,false,2729
2025-11-27T21:27:04.38205-08:00,write,key_220,312.20,true,false,2731
2025-11-27T21:27:04.385193-08:00,write,key_30,311.50,true,false,2732
2025-11-27T21:27:04.595398-08:00,write,key_324,304.29,true,false,2729
2025-11-27T21:27:04.588448-08:00,write,key_860,311.27,true,false,2734
2025-11-27T21:27:04.587527-08:00,write,key_43,312.20,true,false,2733
2025-11-27T21:27:04.591503-08:00,write,key_785,308.27,true,false,2729
2025-11-27T21:27:04.687199-08:00,write,key_196,310.08,true,false,2735
2025-11-27T21:27:04.691035-08:00,write,key_535,306.25,true,false,2732
2025-11-27T21:27:04.689316-08:00,write,key_480,307.98,true,false,2733
2025-11-27T21:27:04.68721-08:00,write,key_225,310.12,true,false,2731
2025-11-27T21:27:04.997333-08:00,read,key_228,1.40,true,false,2635
2025-11-27T21:27:04.694254-08:00,write,key_71,305.75,true,false,2733
2025-11-27T21:27:04.696695-08:00,write,key_864,303.34,true,false,2733
2025-11-27T21:27:04.899775-08:00,write,key_561,305.46,true,false,2736
2025-11-27T21:27:04.899689-08:00,write,key_485,305.56,true,false,2735
2025-11-27T21:27:04.899724-08:00,write,key_211,306.56,true,false,2736
2025-11-27T21:27:04.899719-08:00,write,key_696,308.17,true,false,2735
2025-11-27T21:27:04.997296-08:00,write,key_249,307.65,true,false,2737
2025-11-27T21:27:04.998735-08:00,write,key_510,306.26,true,false,2736
2025-11-27T21:27:04.997284-08:00,write,key_320,307.75,true,false,2736
2025-11-27T21:27:04.9973-08:00,write,key_669,307.75,true,false,2737
2025-11-27T21:27:05.000001-08:00,write,key_566,308.86,true,false,2738
2025-11-27T21:27:05.000035-08:00,write,key_537,312.03,true,false,2739
2025-11-27T21:27:05.20525-08:00,write,key_691,315.61,true,false,2740
2025-11-27T21:27:05.205234-08:00,write,key_693,315.65,true,false,2737
2025-11-27T21:27:05.206285-08:00,write,key_499,314.61,true,false,2740
2025-11-27T21:27:05.207891-08:00,write,key_525,314.28,true,false,2741
2025-11-27T21:27:05.308865-08:00,write,key_801,312.15,true,false,2740
2025-11-27T21:27:05.304951-08:00,write,key_615,316.08,true,false,2739
2025-11-27T21:27:05.304993-08:00,write,key_113,316.07,true,false,2742
2025-11-27T21:27:05.305126-08:00,write,key_223,319.52,true,false,2741
2025-11-27T21:27:05.621015-08:00,read,key_742,3.90,true,false,2658
2025-11-27T21:27:05.312063-08:00,write,key_702,313.49,true,false,2742
2025-11-27T21:27:05.305099-08:00,write,key_668,321.23,true,false,2740
2025-11-27T21:27:05.520891-08:00,write,key_931,307.57,true,false,2743
2025-11-27T21:27:05.520882-08:00,write,key_848,308.05,true,false,2744
2025-11-27T21:27:05.522167-08:00,write,key_563,309.47,true,false,2745
2025-11-27T21:27:05.520864-08:00,write,key_704,311.43,true,false,2742
2025-11-27T21:27:05.83229-08:00,read,key_533,1.14,true,false,2743
2025-11-27T21:27:05.624647-08:00,write,key_692,305.30,true,false,2744
2025-11-27T21:27:05.621067-08:00,write,key_465,308.89,true,false,2743
2025-11-27T21:27:05.621028-08:00,write,key_533,308.93,true,false,2743
2025-11-27T21:27:05.62633-08:00,write,key_744,306.75,true,false,2745
2025-11-27T21:27:05.625554-08:00,write,key_52,307.54,true,false,2746
2025-11-27T21:27:05.624913-08:00,write,key_78,308.20,true,false,2743
2025-11-27T21:27:05.933079-08:00,read,key_650,3.83,true,false,2595
2025-11-27T21:27:05.828936-08:00,write,key_880,306.70,true,false,2746
2025-11-27T21:27:05.83164-08:00,write,key_479,304.08,true,false,2747
2025-11-27T21:27:05.828464-08:00,write,key_649,309.19,true,false,2747
2025-11-27T21:27:05.83343-08:00,write,key_546,306.58,true,false,2747
2025-11-27T21:27:05.929947-08:00,write,key_222,310.09,true,false,2747
2025-11-27T21:27:05.92996-08:00,write,key_802,310.10,true,false,2749
2025-11-27T21:27:05.929955-08:00,write,key_818,310.17,true,false,2748
2025-11-27T21:27:05.933099-08:00,write,key_202,307.04,true,false,2747
2025-11-27T21:27:05.936908-08:00,write,key_382,303.82,true,false,2748
2025-11-27T21:27:06.240041-08:00,read,key_51,0.96,true,false,2439
2025-11-27T21:27:05.933115-08:00,write,key_326,307.92,true,false,2748
2025-11-27T21:27:06.135637-08:00,write,key_540,312.15,true,false,2750
2025-11-27T21:27:06.135717-08:00,write,key_937,312.08,true,false,2749
2025-11-27T21:27:06.140016-08:00,write,key_938,307.86,true,false,2749
2025-11-27T21:27:06.137659-08:00,write,key_741,310.76,true,false,2748
2025-11-27T21:27:06.447875-08:00,read,key_660,2.78,true,false,2695
2025-11-27T21:27:06.448422-08:00,read,key_212,4.02,true,false,2716
2025-11-27T21:27:06.240727-08:00,write,key_203,311.70,true,false,2751
2025-11-27T21:27:06.240129-08:00,write,key_541,312.32,true,false,2750
2025-11-27T21:27:06.241003-08:00,write,key_784,311.46,true,false,2753
2025-11-27T21:27:06.240141-08:00,write,key_473,312.88,true,false,2750
2025-11-27T21:27:06.241034-08:00,write,key_792,312.61,true,false,2752
2025-11-27T21:27:06.240059-08:00,write,key_535,313.70,true,false,2751
2025-11-27T21:27:06.447797-08:00,write,key_798,306.81,true,false,2751
2025-11-27T21:27:06.447792-08:00,write,key_513,306.83,true,false,2751
2025-11-27T21:27:06.452438-08:00,write,key_691,304.80,true,false,2752
2025-11-27T21:27:06.450656-08:00,write,key_641,306.60,true,false,2751
2025-11-27T21:27:06.553023-08:00,write,key_819,307.92,true,false,2754
2025-11-27T21:27:06.552465-08:00,write,key_324,309.11,true,false,2755
2025-11-27T21:27:06.552451-08:00,write,key_615,309.38,true,false,2754
2025-11-27T21:27:06.55364-08:00,write,key_931,308.20,true,false,2754
2025-11-27T21:27:06.553757-08:00,write,key_652,309.50,true,false,2754
2025-11-27T21:27:06.552432-08:00,write,key_818,314.22,true,false,2756
2025-11-27T21:27:06.86326-08:00,read,key_246,3.41,true,false,2574
2025-11-27T21:27:06.866675-08:00,read,key_848,0.53,true,false,2744
2025-11-27T21:27:06.754623-08:00,write,key_694,311.09,true,false,2757
2025-11-27T21:27:06.754614-08:00,write,key_209,311.10,true,false,2757
2025-11-27T21:27:06.75726-08:00,write,key_59,308.47,true,false,2755
2025-11-27T21:27:06.75724-08:00,write,key_396,308.50,true,false,2758
2025-11-27T21:27:07.065732-08:00,read,key_202,7.59,true,false,2747
2025-11-27T21:27:06.861572-08:00,write,key_291,322.09,true,false,2758
2025-11-27T21:27:06.866698-08:00,write,key_263,317.00,true,false,2759
2025-11-27T21:27:06.861829-08:00,write,key_809,321.92,true,false,2757
2025-11-27T21:27:06.861839-08:00,write,key_194,322.01,true,false,2757
2025-11-27T21:27:06.860949-08:00,write,key_34,322.99,true,false,2757
2025-11-27T21:27:06.867208-08:00,write,key_766,316.75,true,false,2758
2025-11-27T21:27:07.065718-08:00,write,key_568,332.86,true,false,2760
2025-11-27T21:27:07.065741-08:00,write,key_133,332.86,true,false,2760
2025-11-27T21:27:07.065719-08:00,write,key_813,333.40,true,false,2759
2025-11-27T21:27:07.073322-08:00,write,key_463,325.83,true,false,2759
2025-11-27T21:27:07.398583-08:00,read,key_934,1.03,true,false,2647
2025-11-27T21:27:07.183665-08:00,write,key_743,307.96,true,false,2760
2025-11-27T21:27:07.183698-08:00,write,key_935,324.57,true,false,2763
2025-11-27T21:27:07.183959-08:00,write,key_959,325.06,true,false,2761
2025-11-27T21:27:07.183847-08:00,write,key_516,328.52,true,false,2761
2025-11-27T21:27:07.183752-08:00,write,key_782,328.69,true,false,2761
2025-11-27T21:27:07.183936-08:00,write,key_481,332.45,true,false,2762
2025-11-27T21:27:07.399123-08:00,write,key_209,304.64,true,false,2762
2025-11-27T21:27:07.398604-08:00,write,key_264,305.17,true,false,2761
2025-11-27T21:27:07.399154-08:00,write,key_225,304.61,true,false,2764
2025-11-27T21:27:07.399616-08:00,write,key_816,304.77,true,false,2761
2025-11-27T21:27:07.703764-08:00,read,key_264,1.11,true,false,2761
2025-11-27T21:27:07.491637-08:00,write,key_751,312.89,true,false,2763
2025-11-27T21:27:07.512442-08:00,write,key_535,307.27,true,false,2765
2025-11-27T21:27:07.512372-08:00,write,key_379,307.39,true,false,2765
2025-11-27T21:27:07.50827-08:00,write,key_416,312.38,true,false,2764
2025-11-27T21:27:07.516388-08:00,write,key_382,306.85,true,false,2766
2025-11-27T21:27:07.509016-08:00,write,key_167,314.26,true,false,2766
2025-11-27T21:27:07.823242-08:00,read,key_592,1.22,true,false,2692
2025-11-27T21:27:07.703795-08:00,write,key_809,309.65,true,false,2767
2025-11-27T21:27:07.704871-08:00,write,key_593,308.57,true,false,2767
2025-11-27T21:27:07.703772-08:00,write,key_783,309.81,true,false,2765
2025-11-27T21:27:07.704384-08:00,write,key_157,309.44,true,false,2765
2025-11-27T21:27:07.804531-08:00,write,key_540,313.75,true,false,2768
2025-11-27T21:27:07.819763-08:00,write,key_934,312.75,true,false,2769
2025-11-27T21:27:07.820648-08:00,write,key_220,313.87,true,false,2768
2025-11-27T21:27:07.819717-08:00,write,key_864,316.63,true,false,2767
2025-11-27T21:27:07.823273-08:00,write,key_558,313.25,true,false,2770
2025-11-27T21:27:07.82446-08:00,write,key_561,312.24,true,false,2771
2025-11-27T21:27:08.013444-08:00,write,key_185,308.51,true,false,2768
2025-11-27T21:27:08.013584-08:00,write,key_113,308.38,true,false,2772
2025-11-27T21:27:08.013827-08:00,write,key_291,308.14,true,false,2768
2025-11-27T21:27:08.013444-08:00,write,key_403,308.58,true,false,2768
2025-11-27T21:27:08.118292-08:00,write,key_567,310.87,true,false,2769
2025-11-27T21:27:08.136344-08:00,write,key_514,305.21,true,false,2773
2025-11-27T21:27:08.132512-08:00,write,key_328,309.06,true,false,2773
2025-11-27T21:27:08.134548-08:00,write,key_837,307.07,true,false,2772
2025-11-27T21:27:08.136524-08:00,write,key_497,305.14,true,false,2773
2025-11-27T21:27:08.136696-08:00,write,key_766,305.17,true,false,2774
2025-11-27T21:27:08.441555-08:00,read,key_530,4.34,true,false,2631
2025-11-27T21:27:08.441618-08:00,read,key_950,5.89,true,false,2688
2025-11-27T21:27:08.44166-08:00,read,key_557,5.86,true,false,2724
2025-11-27T21:27:08.441867-08:00,read,key_564,5.82,true,false,2721
2025-11-27T21:27:08.322026-08:00,write,key_545,308.37,true,false,2773
2025-11-27T21:27:08.321959-08:00,write,key_740,308.58,true,false,2777
2025-11-27T21:27:08.321966-08:00,write,key_208,308.87,true,false,2775
2025-11-27T21:27:08.321963-08:00,write,key_472,308.99,true,false,2776
2025-11-27T21:27:08.630541-08:00,read,key_650,3.44,true,false,2595
2025-11-27T21:27:08.429161-08:00,write,key_197,305.48,true,false,2778
2025-11-27T21:27:08.441571-08:00,write,key_933,306.10,true,false,2775
2025-11-27T21:27:08.447691-08:00,write,key_50,303.80,true,false,2775
2025-11-27T21:27:08.447506-08:00,write,key_666,304.19,true,false,2776
2025-11-27T21:27:08.447519-08:00,write,key_207,304.32,true,false,2775
2025-11-27T21:27:08.445897-08:00,write,key_481,306.16,true,false,2777
2025-11-27T21:27:08.630959-08:00,write,key_267,306.78,true,false,2778
2025-11-27T21:27:08.63084-08:00,write,key_781,306.91,true,false,2778
2025-11-27T21:27:08.630398-08:00,write,key_321,307.36,true,false,2779
2025-11-27T21:27:08.633978-08:00,write,key_201,306.83,true,false,2779
2025-11-27T21:27:08.734957-08:00,write,key_644,307.65,true,false,2779
2025-11-27T21:27:08.747678-08:00,write,key_325,303.11,true,false,2780
2025-11-27T21:27:08.7517-08:00,write,key_458,308.61,true,false,2780
2025-11-27T21:27:08.751836-08:00,write,key_533,308.54,true,false,2782
2025-11-27T21:27:08.752059-08:00,write,key_933,308.34,true,false,2781
2025-11-27T21:27:08.751489-08:00,write,key_931,308.98,true,false,2781
2025-11-27T21:27:08.937741-08:00,write,key_57,310.46,true,false,2780
2025-11-27T21:27:08.937756-08:00,write,key_646,310.49,true,false,2783
2025-11-27T21:27:08.940811-08:00,write,key_740,307.55,true,false,2780
2025-11-27T21:27:08.93775-08:00,write,key_666,311.81,true,false,2783
2025-11-27T21:27:09.043424-08:00,write,key_118,313.31,true,false,2784
2025-11-27T21:27:09.05079-08:00,write,key_691,306.78,true,false,2781
2025-11-27T21:27:09.060468-08:00,write,key_758,305.89,true,false,2784
2025-11-27T21:27:09.06031-08:00,write,key_60,306.05,true,false,2783
2025-11-27T21:27:09.060375-08:00,write,key_8,306.05,true,false,2783
2025-11-27T21:27:09.0604-08:00,write,key_645,306.11,true,false,2784
2025-11-27T21:27:09.249556-08:00,write,key_213,314.67,true,false,2784
2025-11-27T21:27:09.248204-08:00,write,key_855,316.03,true,false,2786
2025-11-27T21:27:09.248366-08:00,write,key_209,315.88,true,false,2785
2025-11-27T21:27:09.248245-08:00,write,key_801,316.04,true,false,2785
2025-11-27T21:27:09.356737-08:00,write,key_538,312.93,true,false,2785
2025-11-27T21:27:09.357576-08:00,write,key_497,312.14,true,false,2785
2025-11-27T21:27:09.366359-08:00,write,key_167,305.75,true,false,2786
2025-11-27T21:27:09.366551-08:00,write,key_378,305.59,true,false,2787
2025-11-27T21:27:09.366507-08:00,write,key_327,307.53,true,false,2787
2025-11-27T21:27:09.36642-08:00,write,key_856,307.62,true,false,2786
2025-11-27T21:27:09.674067-08:00,read,key_810,3.73,true,false,2657
2025-11-27T21:27:09.564236-08:00,write,key_322,310.48,true,false,2788
2025-11-27T21:27:09.564284-08:00,write,key_484,310.44,true,false,2787
2025-11-27T21:27:09.564247-08:00,write,key_405,310.52,true,false,2788
2025-11-27T21:27:09.564228-08:00,write,key_269,311.19,true,false,2789
2025-11-27T21:27:09.672138-08:00,write,key_386,306.53,true,false,2791
2025-11-27T21:27:09.672108-08:00,write,key_973,306.58,true,false,2790
2025-11-27T21:27:09.669674-08:00,write,key_219,309.02,true,false,2789
2025-11-27T21:27:09.674037-08:00,write,key_78,304.67,true,false,2788
2025-11-27T21:27:09.669712-08:00,write,key_599,309.01,true,false,2790
2025-11-27T21:27:09.677802-08:00,write,key_563,303.54,true,false,2791
2025-11-27T21:27:09.978686-08:00,read,key_384,2.66,true,false,2697
2025-11-27T21:27:09.981343-08:00,read,key_473,1.39,true,false,2750
2025-11-27T21:27:09.875415-08:00,write,key_844,313.72,true,false,2791
2025-11-27T21:27:09.87477-08:00,write,key_671,314.60,true,false,2790
2025-11-27T21:27:09.874726-08:00,write,key_811,314.71,true,false,2790
2025-11-27T21:27:09.874714-08:00,write,key_223,317.03,true,false,2792
2025-11-27T21:27:09.978726-08:00,write,key_893,311.57,true,false,2793
2025-11-27T21:27:09.978691-08:00,write,key_935,311.60,true,false,2793
2025-11-27T21:27:09.978712-08:00,write,key_574,311.59,true,false,2792
2025-11-27T21:27:10.29031-08:00,read,key_459,1.50,true,false,2367
2025-11-27T21:27:09.981353-08:00,write,key_51,312.64,true,false,2794
2025-11-27T21:27:09.982736-08:00,write,key_833,312.70,true,false,2795
2025-11-27T21:27:09.978671-08:00,write,key_265,316.78,true,false,2792
2025-11-27T21:27:10.189375-08:00,write,key_841,308.28,true,false,2796
2025-11-27T21:27:10.19174-08:00,write,key_193,305.96,true,false,2795
2025-11-27T21:27:10.189141-08:00,write,key_857,308.61,true,false,2793
2025-11-27T21:27:10.189435-08:00,write,key_419,308.64,true,false,2794
2025-11-27T21:27:10.291814-08:00,write,key_135,306.70,true,false,2797
2025-11-27T21:27:10.293993-08:00,write,key_788,304.53,true,false,2796
2025-11-27T21:27:10.290298-08:00,write,key_60,308.23,true,false,2795
2025-11-27T21:27:10.290302-08:00,write,key_845,308.26,true,false,2796
2025-11-27T21:27:10.295438-08:00,write,key_135,304.38,true,false,2796
2025-11-27T21:27:10.295453-08:00,write,key_294,304.87,true,false,2797
2025-11-27T21:27:10.598519-08:00,read,key_948,5.30,true,false,2302
2025-11-27T21:27:10.498071-08:00,write,key_192,308.86,true,false,2797
2025-11-27T21:27:10.497756-08:00,write,key_990,309.19,true,false,2798
2025-11-27T21:27:10.497697-08:00,write,key_652,309.28,true,false,2797
2025-11-27T21:27:10.497654-08:00,write,key_515,309.80,true,false,2798
2025-11-27T21:27:10.806972-08:00,read,key_201,1.46,true,false,2779
2025-11-27T21:27:10.80693-08:00,read,key_562,1.52,true,false,2603
2025-11-27T21:27:10.598522-08:00,write,key_789,311.88,true,false,2798
2025-11-27T21:27:10.600319-08:00,write,key_227,310.33,true,false,2801
2025-11-27T21:27:10.598566-08:00,write,key_204,312.23,true,false,2799
2025-11-27T21:27:10.603823-08:00,write,key_610,307.08,true,false,2798
2025-11-27T21:27:10.598526-08:00,write,key_328,312.39,true,false,2799
2025-11-27T21:27:10.599817-08:00,write,key_518,311.23,true,false,2800
2025-11-27T21:27:10.807452-08:00,write,key_412,313.07,true,false,2802
2025-11-27T21:27:10.806948-08:00,write,key_415,313.62,true,false,2799
2025-11-27T21:27:10.808455-08:00,write,key_891,312.18,true,false,2803
2025-11-27T21:27:10.808438-08:00,write,key_550,312.23,true,false,2800
2025-11-27T21:27:10.910406-08:00,write,key_742,310.42,true,false,2804
2025-11-27T21:27:10.910796-08:00,write,key_541,310.06,true,false,2804
2025-11-27T21:27:10.9109-08:00,write,key_535,311.22,true,false,2803
2025-11-27T21:27:10.910921-08:00,write,key_203,311.23,true,false,2802
2025-11-27T21:27:10.910645-08:00,write,key_488,311.64,true,false,2802
2025-11-27T21:27:10.911045-08:00,write,key_803,313.04,true,false,2803
2025-11-27T21:27:11.120635-08:00,write,key_665,309.43,true,false,2804
2025-11-27T21:27:11.12057-08:00,write,key_745,309.51,true,false,2805
2025-11-27T21:27:11.120522-08:00,write,key_728,309.56,true,false,2805
2025-11-27T21:27:11.120666-08:00,write,key_347,309.47,true,false,2804
2025-11-27T21:27:11.224084-08:00,write,key_717,306.64,true,false,2806
2025-11-27T21:27:11.222282-08:00,write,key_347,308.46,true,false,2806
2025-11-27T21:27:11.22083-08:00,write,key_756,309.92,true,false,2805
2025-11-27T21:27:11.222125-08:00,write,key_598,308.66,true,false,2806
2025-11-27T21:27:11.222156-08:00,write,key_892,310.55,true,false,2807
2025-11-27T21:27:11.220855-08:00,write,key_753,311.87,true,false,2805
2025-11-27T21:27:11.430082-08:00,write,key_745,319.43,true,false,2809
2025-11-27T21:27:11.43008-08:00,write,key_170,319.61,true,false,2810
2025-11-27T21:27:11.430065-08:00,write,key_850,319.75,true,false,2808
2025-11-27T21:27:11.430139-08:00,write,key_4,319.70,true,false,2806
2025-11-27T21:27:11.749842-08:00,read,key_758,0.82,true,false,2784
2025-11-27T21:27:11.749695-08:00,read,key_300,1.86,true,false,2480
2025-11-27T21:27:11.530765-08:00,write,key_578,314.61,true,false,2808
2025-11-27T21:27:11.532729-08:00,write,key_225,317.69,true,false,2809
2025-11-27T21:27:11.532712-08:00,write,key_349,317.72,true,false,2809
2025-11-27T21:27:11.530738-08:00,write,key_169,319.70,true,false,2808
2025-11-27T21:27:11.530722-08:00,write,key_152,320.28,true,false,2808
2025-11-27T21:27:11.530784-08:00,write,key_162,320.40,true,false,2809
2025-11-27T21:27:11.749521-08:00,write,key_107,306.81,true,false,2811
2025-11-27T21:27:11.749815-08:00,write,key_966,306.69,true,false,2811
2025-11-27T21:27:11.750669-08:00,write,key_201,306.78,true,false,2811
2025-11-27T21:27:11.75156-08:00,write,key_536,305.91,true,false,2812
2025-11-27T21:27:11.845384-08:00,write,key_648,312.01,true,false,2811
2025-11-27T21:27:11.851132-08:00,write,key_932,306.27,true,false,2812
2025-11-27T21:27:11.850416-08:00,write,key_985,307.00,true,false,2812
2025-11-27T21:27:11.851183-08:00,write,key_647,306.29,true,false,2812
2025-11-27T21:27:11.850436-08:00,write,key_59,307.04,true,false,2811
2025-11-27T21:27:11.850429-08:00,write,key_323,307.10,true,false,2813
2025-11-27T21:27:12.056336-08:00,write,key_114,310.23,true,false,2813
2025-11-27T21:27:12.056503-08:00,write,key_553,310.07,true,false,2814
2025-11-27T21:27:12.057481-08:00,write,key_382,310.00,true,false,2813
2025-11-27T21:27:12.057495-08:00,write,key_932,310.73,true,false,2814
2025-11-27T21:27:12.157531-08:00,write,key_753,308.32,true,false,2814
2025-11-27T21:27:12.157474-08:00,write,key_497,308.41,true,false,2814
2025-11-27T21:27:12.1574-08:00,write,key_933,308.51,true,false,2814
2025-11-27T21:27:12.157412-08:00,write,key_265,312.01,true,false,2816
2025-11-27T21:27:12.157394-08:00,write,key_487,312.06,true,false,2815
2025-11-27T21:27:12.157475-08:00,write,key_52,314.65,true,false,2815
2025-11-27T21:27:12.366578-08:00,write,key_962,307.06,true,false,2815
2025-11-27T21:27:12.367486-08:00,write,key_496,306.35,true,false,2815
2025-11-27T21:27:12.368225-08:00,write,key_669,306.99,true,false,2817
2025-11-27T21:27:12.366575-08:00,write,key_535,311.82,true,false,2817
2025-11-27T21:27:12.678396-08:00,read,key_997,4.07,true,false,2070
2025-11-27T21:27:12.469428-08:00,write,key_492,310.51,true,false,2817
2025-11-27T21:27:12.465859-08:00,write,key_190,314.11,true,false,2818
2025-11-27T21:27:12.465887-08:00,write,key_70,314.11,true,false,2817
2025-11-27T21:27:12.469449-08:00,write,key_568,310.59,true,false,2818
2025-11-27T21:27:12.465913-08:00,write,key_664,314.18,true,false,2818
2025-11-27T21:27:12.472127-08:00,write,key_426,311.62,true,false,2819
2025-11-27T21:27:12.673644-08:00,write,key_560,316.67,true,false,2819
2025-11-27T21:27:12.682471-08:00,write,key_662,307.85,true,false,2820
2025-11-27T21:27:12.675216-08:00,write,key_759,315.16,true,false,2821
2025-11-27T21:27:12.673834-08:00,write,key_225,316.59,true,false,2820
2025-11-27T21:27:12.77997-08:00,write,key_75,310.05,true,false,2819
2025-11-27T21:27:12.780095-08:00,write,key_538,309.95,true,false,2820
2025-11-27T21:27:12.780035-08:00,write,key_159,310.77,true,false,2821
2025-11-27T21:27:12.77994-08:00,write,key_869,312.30,true,false,2823
2025-11-27T21:27:13.09224-08:00,read,key_749,2.34,true,false,2579
2025-11-27T21:27:12.783753-08:00,write,key_213,311.46,true,false,2824
2025-11-27T21:27:12.779994-08:00,write,key_534,315.26,true,false,2822
2025-11-27T21:27:12.990419-08:00,write,key_323,307.67,true,false,2822
2025-11-27T21:27:12.990319-08:00,write,key_809,307.77,true,false,2822
2025-11-27T21:27:12.990379-08:00,write,key_345,307.74,true,false,2823
2025-11-27T21:27:12.990313-08:00,write,key_849,307.85,true,false,2822
2025-11-27T21:27:13.090046-08:00,write,key_849,308.50,true,false,2825
2025-11-27T21:27:13.090026-08:00,write,key_197,308.52,true,false,2826
2025-11-27T21:27:13.095215-08:00,write,key_532,303.36,true,false,2825
2025-11-27T21:27:13.09081-08:00,write,key_813,307.77,true,false,2825
2025-11-27T21:27:13.095253-08:00,write,key_282,304.21,true,false,2827
2025-11-27T21:27:13.399467-08:00,read,key_968,2.12,true,false,1567
2025-11-27T21:27:13.39855-08:00,read,key_384,3.18,true,false,2697
2025-11-27T21:27:13.094584-08:00,write,key_290,309.28,true,false,2826
2025-11-27T21:27:13.29812-08:00,write,key_953,307.73,true,false,2828
2025-11-27T21:27:13.298164-08:00,write,key_815,307.69,true,false,2826
2025-11-27T21:27:13.298217-08:00,write,key_749,307.67,true,false,2825
2025-11-27T21:27:13.298091-08:00,write,key_728,307.88,true,false,2825
2025-11-27T21:27:13.398544-08:00,write,key_413,308.77,true,false,2828
2025-11-27T21:27:13.40159-08:00,write,key_114,305.74,true,false,2829
2025-11-27T21:27:13.398576-08:00,write,key_769,308.79,true,false,2828
2025-11-27T21:27:13.398581-08:00,write,key_998,308.85,true,false,2828
2025-11-27T21:27:13.401733-08:00,write,key_549,310.03,true,false,2829
2025-11-27T21:27:13.40387-08:00,write,key_647,308.92,true,false,2830
2025-11-27T21:27:13.605974-08:00,write,key_804,307.25,true,false,2830
2025-11-27T21:27:13.605854-08:00,write,key_229,307.39,true,false,2829
2025-11-27T21:27:13.605883-08:00,write,key_812,308.00,true,false,2831
2025-11-27T21:27:13.605854-08:00,write,key_418,308.04,true,false,2832
2025-11-27T21:27:13.707364-08:00,write,key_499,308.39,true,false,2831
2025-11-27T21:27:13.707328-08:00,write,key_456,308.45,true,false,2831
2025-11-27T21:27:13.707318-08:00,write,key_262,308.49,true,false,2830
2025-11-27T21:27:13.707428-08:00,write,key_223,308.39,true,false,2832
2025-11-27T21:27:13.711763-08:00,write,key_389,307.65,true,false,2831
2025-11-27T21:27:13.712787-08:00,write,key_812,306.66,true,false,2832
2025-11-27T21:27:13.913228-08:00,write,key_538,310.50,true,false,2833
2025-11-27T21:27:13.913892-08:00,write,key_295,309.87,true,false,2833
2025-11-27T21:27:13.913247-08:00,write,key_567,311.85,true,false,2835
2025-11-27T21:27:13.91388-08:00,write,key_802,311.25,true,false,2834
2025-11-27T21:27:14.01576-08:00,write,key_598,309.46,true,false,2833
2025-11-27T21:27:14.015805-08:00,write,key_451,309.44,true,false,2833
2025-11-27T21:27:14.015819-08:00,write,key_775,309.49,true,false,2834
2025-11-27T21:27:14.015781-08:00,write,key_557,309.66,true,false,2835
2025-11-27T21:27:14.019419-08:00,write,key_663,306.18,true,false,2834
2025-11-27T21:27:14.325221-08:00,read,key_937,5.86,true,false,2749
2025-11-27T21:27:14.019448-08:00,write,key_164,313.95,true,false,2835
2025-11-27T21:27:14.225133-08:00,write,key_730,312.58,true,false,2836
2025-11-27T21:27:14.223761-08:00,write,key_311,315.24,true,false,2836
2025-11-27T21:27:14.2251-08:00,write,key_379,313.94,true,false,2837
2025-11-27T21:27:14.223727-08:00,write,key_118,317.06,true,false,2836
2025-11-27T21:27:14.325603-08:00,write,key_485,312.14,true,false,2836
2025-11-27T21:27:14.325443-08:00,write,key_761,314.98,true,false,2838
2025-11-27T21:27:14.325312-08:00,write,key_519,315.11,true,false,2838
2025-11-27T21:27:14.325243-08:00,write,key_404,315.27,true,false,2837
2025-11-27T21:27:14.640423-08:00,read,key_154,1.94,true,false,2285
2025-11-27T21:27:14.333404-08:00,write,key_748,311.75,true,false,2840
2025-11-27T21:27:14.331085-08:00,write,key_371,314.07,true,false,2839
2025-11-27T21:27:14.645151-08:00,read,key_440,2.63,true,false,2356
2025-11-27T21:27:14.539042-08:00,write,key_228,308.92,true,false,2838
2025-11-27T21:27:14.539003-08:00,write,key_569,308.98,true,false,2842
2025-11-27T21:27:14.537723-08:00,write,key_99,310.60,true,false,2841
2025-11-27T21:27:14.540791-08:00,write,key_322,313.76,true,false,2841
2025-11-27T21:27:14.854557-08:00,read,key_416,2.76,true,false,2764
2025-11-27T21:27:14.637749-08:00,write,key_758,308.91,true,false,2842
2025-11-27T21:27:14.640424-08:00,write,key_597,307.65,true,false,2843
2025-11-27T21:27:14.640509-08:00,write,key_575,312.98,true,false,2844
2025-11-27T21:27:14.647781-08:00,write,key_803,305.72,true,false,2844
2025-11-27T21:27:14.645155-08:00,write,key_195,313.50,true,false,2845
2025-11-27T21:27:14.642363-08:00,write,key_561,316.32,true,false,2843
2025-11-27T21:27:14.847983-08:00,write,key_54,309.68,true,false,2843
2025-11-27T21:27:14.84832-08:00,write,key_318,312.61,true,false,2847
2025-11-27T21:27:14.847968-08:00,write,key_402,313.21,true,false,2846
2025-11-27T21:27:14.857322-08:00,write,key_997,304.04,true,false,2846
2025-11-27T21:27:14.946667-08:00,write,key_932,311.16,true,false,2845
2025-11-27T21:27:14.948077-08:00,write,key_844,309.75,true,false,2847
2025-11-27T21:27:14.953506-08:00,write,key_204,304.34,true,false,2845
2025-11-27T21:27:14.953491-08:00,write,key_199,304.42,true,false,2846
2025-11-27T21:27:15.257824-08:00,read,key_579,4.55,true,false,2258
2025-11-27T21:27:14.958678-08:00,write,key_717,306.78,true,false,2848
2025-11-27T21:27:15.257913-08:00,read,key_20,7.55,true,false,2312
2025-11-27T21:27:15.265464-08:00,read,key_204,0.55,true,false,2845
2025-11-27T21:27:14.958658-08:00,write,key_221,308.17,true,false,2848
2025-11-27T21:27:15.16093-08:00,write,key_398,306.32,true,false,2850
2025-11-27T21:27:15.161367-08:00,write,key_517,306.07,true,false,2848
2025-11-27T21:27:15.161183-08:00,write,key_761,306.44,true,false,2849
2025-11-27T21:27:15.157671-08:00,write,key_211,311.76,true,false,2849
2025-11-27T21:27:15.262376-08:00,write,key_752,320.67,true,false,2849
2025-11-27T21:27:15.257851-08:00,write,key_954,325.21,true,false,2848
2025-11-27T21:27:15.257826-08:00,write,key_931,325.24,true,false,2851
2025-11-27T21:27:15.265463-08:00,write,key_744,317.63,true,false,2849
2025-11-27T21:27:15.26601-08:00,write,key_228,317.17,true,false,2852
2025-11-27T21:27:15.266831-08:00,write,key_538,316.42,true,false,2853
2025-11-27T21:27:15.469436-08:00,write,key_484,309.98,true,false,2851
2025-11-27T21:27:15.467628-08:00,write,key_327,311.80,true,false,2854
2025-11-27T21:27:15.467252-08:00,write,key_777,312.18,true,false,2851
2025-11-27T21:27:15.467435-08:00,write,key_931,312.03,true,false,2851
2025-11-27T21:27:15.779424-08:00,read,key_932,1.52,true,false,2845
2025-11-27T21:27:15.583061-08:00,write,key_754,307.30,true,false,2854
2025-11-27T21:27:15.583058-08:00,write,key_57,307.32,true,false,2854
2025-11-27T21:27:15.583048-08:00,write,key_849,307.33,true,false,2855
2025-11-27T21:27:15.583092-08:00,write,key_534,307.36,true,false,2855
2025-11-27T21:27:15.583184-08:00,write,key_817,307.31,true,false,2855
2025-11-27T21:27:15.583253-08:00,write,key_558,307.24,true,false,2854
2025-11-27T21:27:15.779414-08:00,write,key_751,308.11,true,false,2855
2025-11-27T21:27:15.779428-08:00,write,key_918,308.11,true,false,2856
2025-11-27T21:27:15.780945-08:00,write,key_550,306.60,true,false,2856
2025-11-27T21:27:15.779465-08:00,write,key_267,308.08,true,false,2856
2025-11-27T21:27:16.087535-08:00,read,key_818,1.68,true,false,2756
2025-11-27T21:27:15.890364-08:00,write,key_496,304.21,true,false,2857
2025-11-27T21:27:15.890447-08:00,write,key_203,305.16,true,false,2857
2025-11-27T21:27:15.890378-08:00,write,key_766,305.28,true,false,2856
2025-11-27T21:27:15.890381-08:00,write,key_408,305.35,true,false,2857
2025-11-27T21:27:15.890495-08:00,write,key_215,305.26,true,false,2857
2025-11-27T21:27:15.890492-08:00,write,key_714,306.04,true,false,2858
2025-11-27T21:27:16.087529-08:00,write,key_229,307.93,true,false,2859
2025-11-27T21:27:16.087549-08:00,write,key_814,307.94,true,false,2859
2025-11-27T21:27:16.087543-08:00,write,key_403,307.95,true,false,2858
2025-11-27T21:27:16.089218-08:00,write,key_220,306.28,true,false,2857
2025-11-27T21:27:16.195757-08:00,write,key_723,307.66,true,false,2859
2025-11-27T21:27:16.19573-08:00,write,key_809,307.71,true,false,2860
2025-11-27T21:27:16.19561-08:00,write,key_553,307.83,true,false,2858
2025-11-27T21:27:16.195658-08:00,write,key_704,307.91,true,false,2859
2025-11-27T21:27:16.194584-08:00,write,key_483,309.08,true,false,2860
2025-11-27T21:27:16.196529-08:00,write,key_555,307.29,true,false,2860
2025-11-27T21:27:16.503421-08:00,read,key_294,2.12,true,false,2797
2025-11-27T21:27:16.395492-08:00,write,key_114,308.88,true,false,2861
2025-11-27T21:27:16.395497-08:00,write,key_220,308.89,true,false,2861
2025-11-27T21:27:16.395485-08:00,write,key_810,308.91,true,false,2861
2025-11-27T21:27:16.395464-08:00,write,key_709,308.97,true,false,2861
2025-11-27T21:27:16.704373-08:00,read,key_499,1.90,true,false,2831
2025-11-27T21:27:16.704384-08:00,read,key_592,1.91,true,false,2692
2025-11-27T21:27:16.503439-08:00,write,key_759,308.85,true,false,2862
2025-11-27T21:27:16.503572-08:00,write,key_496,308.73,true,false,2862
2025-11-27T21:27:16.503816-08:00,write,key_843,308.51,true,false,2862
2025-11-27T21:27:16.503661-08:00,write,key_42,308.67,true,false,2863
2025-11-27T21:27:16.503443-08:00,write,key_551,308.90,true,false,2862
2025-11-27T21:27:16.505542-08:00,write,key_292,306.81,true,false,2863
2025-11-27T21:27:16.812322-08:00,read,key_284,4.07,true,false,1992
2025-11-27T21:27:16.70627-08:00,write,key_563,310.36,true,false,2863
2025-11-27T21:27:16.704435-08:00,write,key_205,312.22,true,false,2862
2025-11-27T21:27:16.706298-08:00,write,key_200,310.39,true,false,2863
2025-11-27T21:27:16.7044-08:00,write,key_299,313.31,true,false,2864
2025-11-27T21:27:17.016683-08:00,read,key_566,5.37,true,false,2738
2025-11-27T21:27:17.017712-08:00,read,key_935,4.41,true,false,2793
2025-11-27T21:27:16.812356-08:00,write,key_595,310.84,true,false,2864
2025-11-27T21:27:16.812345-08:00,write,key_397,311.14,true,false,2865
2025-11-27T21:27:16.81229-08:00,write,key_496,312.34,true,false,2864
2025-11-27T21:27:16.812301-08:00,write,key_411,312.51,true,false,2865
2025-11-27T21:27:16.816397-08:00,write,key_61,308.83,true,false,2867
2025-11-27T21:27:16.812336-08:00,write,key_269,315.66,true,false,2866
2025-11-27T21:27:17.016638-08:00,write,key_642,312.13,true,false,2865
2025-11-27T21:27:17.016657-08:00,write,key_423,312.18,true,false,2866
2025-11-27T21:27:17.022052-08:00,write,key_482,308.80,true,false,2868
2025-11-27T21:27:17.022119-08:00,write,key_767,310.01,true,false,2868
2025-11-27T21:27:17.124629-08:00,write,key_938,309.43,true,false,2868
2025-11-27T21:27:17.123486-08:00,write,key_409,310.57,true,false,2869
2025-11-27T21:27:17.125313-08:00,write,key_194,308.78,true,false,2871
2025-11-27T21:27:17.128-08:00,write,key_759,306.14,true,false,2869
2025-11-27T21:27:17.123214-08:00,write,key_537,314.93,true,false,2870
2025-11-27T21:27:17.124809-08:00,write,key_568,313.36,true,false,2869
2025-11-27T21:27:17.434137-08:00,read,key_769,5.86,true,false,2828
2025-11-27T21:27:17.438167-08:00,read,key_640,1.83,true,false,2516
2025-11-27T21:27:17.439999-08:00,read,key_348,1.12,true,false,2298
2025-11-27T21:27:17.328775-08:00,write,key_954,308.86,true,false,2872
2025-11-27T21:27:17.330854-08:00,write,key_566,306.78,true,false,2869
2025-11-27T21:27:17.328835-08:00,write,key_939,308.81,true,false,2873
2025-11-27T21:27:17.332132-08:00,write,key_564,308.24,true,false,2872
2025-11-27T21:27:17.637657-08:00,read,key_641,3.96,true,false,2751
2025-11-27T21:27:17.439996-08:00,write,key_860,307.39,true,false,2873
2025-11-27T21:27:17.434091-08:00,write,key_456,313.31,true,false,2872
2025-11-27T21:27:17.438146-08:00,write,key_222,309.28,true,false,2875
2025-11-27T21:27:17.434084-08:00,write,key_818,313.39,true,false,2872
2025-11-27T21:27:17.43409-08:00,write,key_623,313.45,true,false,2874
2025-11-27T21:27:17.441116-08:00,write,key_50,308.16,true,false,2876
2025-11-27T21:27:17.747471-08:00,read,key_226,3.88,true,false,1914
2025-11-27T21:27:17.749297-08:00,read,key_322,2.37,true,false,2841
2025-11-27T21:27:17.637649-08:00,write,key_967,310.01,true,false,2875
2025-11-27T21:27:17.640376-08:00,write,key_409,307.29,true,false,2874
2025-11-27T21:27:17.641621-08:00,write,key_348,306.07,true,false,2877
2025-11-27T21:27:17.63764-08:00,write,key_993,310.08,true,false,2874
2025-11-27T21:27:17.747423-08:00,write,key_763,307.34,true,false,2878
2025-11-27T21:27:17.7474-08:00,write,key_310,307.37,true,false,2878
2025-11-27T21:27:17.747537-08:00,write,key_843,307.24,true,false,2877
2025-11-27T21:27:17.747385-08:00,write,key_759,310.00,true,false,2877
2025-11-27T21:27:17.751354-08:00,write,key_450,306.05,true,false,2879
2025-11-27T21:27:17.751671-08:00,write,key_666,305.74,true,false,2877
2025-11-27T21:27:17.947664-08:00,write,key_419,307.58,true,false,2880
2025-11-27T21:27:17.947667-08:00,write,key_46,307.59,true,false,2880
2025-11-27T21:27:17.947687-08:00,write,key_315,307.57,true,false,2878
2025-11-27T21:27:17.947721-08:00,write,key_199,307.57,true,false,2878
2025-11-27T21:27:18.057402-08:00,write,key_559,305.52,true,false,2882
2025-11-27T21:27:18.054771-08:00,write,key_224,308.19,true,false,2881
2025-11-27T21:27:18.054782-08:00,write,key_563,308.28,true,false,2882
2025-11-27T21:27:18.054771-08:00,write,key_229,308.35,true,false,2881
2025-11-27T21:27:18.057387-08:00,write,key_758,306.01,true,false,2880
2025-11-27T21:27:18.057408-08:00,write,key_406,306.43,true,false,2880
2025-11-27T21:27:18.255255-08:00,write,key_395,315.13,true,false,2881
2025-11-27T21:27:18.255254-08:00,write,key_512,316.55,true,false,2881
2025-11-27T21:27:18.255294-08:00,write,key_776,316.91,true,false,2882
2025-11-27T21:27:18.255249-08:00,write,key_158,317.01,true,false,2883
2025-11-27T21:27:18.571807-08:00,read,key_866,2.04,true,false,1785
2025-11-27T21:27:18.573852-08:00,read,key_292,0.91,true,false,2863
2025-11-27T21:27:18.36384-08:00,write,key_227,308.37,true,false,2885
2025-11-27T21:27:18.362931-08:00,write,key_325,309.30,true,false,2883
2025-11-27T21:27:18.363125-08:00,write,key_113,309.14,true,false,2884
2025-11-27T21:27:18.36296-08:00,write,key_917,309.32,true,false,2883
2025-11-27T21:27:18.363058-08:00,write,key_704,309.40,true,false,2884
2025-11-27T21:27:18.3634-08:00,write,key_496,309.06,true,false,2883
2025-11-27T21:27:18.672285-08:00,read,key_291,5.34,true,false,2768
2025-11-27T21:27:18.570389-08:00,write,key_201,305.02,true,false,2884
2025-11-27T21:27:18.572201-08:00,write,key_488,304.66,true,false,2886
2025-11-27T21:27:18.574763-08:00,write,key_534,302.10,true,false,2885
2025-11-27T21:27:18.57226-08:00,write,key_537,304.69,true,false,2887
2025-11-27T21:27:18.672464-08:00,write,key_116,307.80,true,false,2886
2025-11-27T21:27:18.672217-08:00,write,key_258,308.06,true,false,2886
2025-11-27T21:27:18.672264-08:00,write,key_535,308.07,true,false,2888
2025-11-27T21:27:18.677629-08:00,write,key_328,304.63,true,false,2886
2025-11-27T21:27:18.672457-08:00,write,key_156,309.93,true,false,2887
2025-11-27T21:27:18.672234-08:00,write,key_860,310.24,true,false,2886
2025-11-27T21:27:18.982389-08:00,read,key_641,2.58,true,false,2751
2025-11-27T21:27:18.876948-08:00,write,key_262,313.19,true,false,2889
2025-11-27T21:27:18.875429-08:00,write,key_482,314.79,true,false,2888
2025-11-27T21:27:18.876862-08:00,write,key_228,313.47,true,false,2888
2025-11-27T21:27:18.876862-08:00,write,key_40,313.61,true,false,2888
2025-11-27T21:27:18.980336-08:00,write,key_153,310.89,true,false,2890
2025-11-27T21:27:18.98247-08:00,write,key_812,308.77,true,false,2890
2025-11-27T21:27:18.982265-08:00,write,key_938,309.03,true,false,2890
2025-11-27T21:27:18.980278-08:00,write,key_753,311.07,true,false,2889
2025-11-27T21:27:18.98027-08:00,write,key_558,311.11,true,false,2889
2025-11-27T21:27:19.291384-08:00,read,key_214,3.66,true,false,2008
2025-11-27T21:27:18.984968-08:00,write,key_268,310.20,true,false,2891
2025-11-27T21:27:19.190337-08:00,write,key_640,307.89,true,false,2892
2025-11-27T21:27:19.190136-08:00,write,key_349,308.11,true,false,2891
2025-11-27T21:27:19.190217-08:00,write,key_706,308.08,true,false,2890
2025-11-27T21:27:19.190468-08:00,write,key_227,307.85,true,false,2892
2025-11-27T21:27:19.29505-08:00,write,key_25,305.03,true,false,2892
2025-11-27T21:27:19.291227-08:00,write,key_621,308.88,true,false,2893
2025-11-27T21:27:19.291243-08:00,write,key_287,308.86,true,false,2892
2025-11-27T21:27:19.291352-08:00,write,key_752,308.79,true,false,2892
2025-11-27T21:27:19.29129-08:00,write,key_155,308.92,true,false,2891
2025-11-27T21:27:19.29517-08:00,write,key_282,310.58,true,false,2893
2025-11-27T21:27:19.49825-08:00,write,key_27,311.57,true,false,2894
2025-11-27T21:27:19.498314-08:00,write,key_866,311.53,true,false,2894
2025-11-27T21:27:19.498233-08:00,write,key_220,311.96,true,false,2896
2025-11-27T21:27:19.498293-08:00,write,key_265,312.16,true,false,2895
2025-11-27T21:27:19.810454-08:00,read,key_280,2.80,true,false,1552
2025-11-27T21:27:19.600084-08:00,write,key_267,313.49,true,false,2896
2025-11-27T21:27:19.605749-08:00,write,key_323,307.85,true,false,2896
2025-11-27T21:27:19.600104-08:00,write,key_674,313.54,true,false,2895
2025-11-27T21:27:19.600206-08:00,write,key_939,313.46,true,false,2896
2025-11-27T21:27:19.600147-08:00,write,key_770,317.13,true,false,2894
2025-11-27T21:27:19.600107-08:00,write,key_817,318.04,true,false,2895
2025-11-27T21:27:19.810189-08:00,write,key_264,311.86,true,false,2897
2025-11-27T21:27:19.809842-08:00,write,key_756,312.22,true,false,2897
2025-11-27T21:27:19.813257-08:00,write,key_348,308.83,true,false,2897
2025-11-27T21:27:19.809819-08:00,write,key_228,312.32,true,false,2897
2025-11-27T21:27:19.913642-08:00,write,key_830,308.74,true,false,2898
2025-11-27T21:27:19.913595-08:00,write,key_28,308.79,true,false,2898
2025-11-27T21:27:19.917281-08:00,write,key_297,307.71,true,false,2902
2025-11-27T21:27:19.913577-08:00,write,key_679,316.67,true,false,2899
2025-11-27T21:27:19.913668-08:00,write,key_408,316.58,true,false,2900
2025-11-27T21:27:19.918151-08:00,write,key_487,312.23,true,false,2901
2025-11-27T21:27:20.122085-08:00,write,key_769,309.14,true,false,2903
2025-11-27T21:27:20.12214-08:00,write,key_762,309.10,true,false,2904
2025-11-27T21:27:20.122065-08:00,write,key_561,309.19,true,false,2899
2025-11-27T21:27:20.122052-08:00,write,key_406,309.21,true,false,2898
2025-11-27T21:27:20.222381-08:00,write,key_560,305.78,true,false,2899
2025-11-27T21:27:20.224991-08:00,write,key_537,305.11,true,false,2903
2025-11-27T21:27:20.222387-08:00,write,key_555,309.74,true,false,2905
2025-11-27T21:27:20.230249-08:00,write,key_483,306.62,true,false,2905
2025-11-27T21:27:20.230248-08:00,write,key_61,306.63,true,false,2904
2025-11-27T21:27:20.230378-08:00,write,key_566,306.59,true,false,2906
2025-11-27T21:27:20.532129-08:00,read,key_267,6.10,true,false,2896
2025-11-27T21:27:20.43123-08:00,write,key_118,306.50,true,false,2905
2025-11-27T21:27:20.431238-08:00,write,key_392,306.51,true,false,2907
2025-11-27T21:27:20.431259-08:00,write,key_935,306.49,true,false,2907
2025-11-27T21:27:20.431265-08:00,write,key_807,306.51,true,false,2906
2025-11-27T21:27:20.737746-08:00,read,key_760,1.95,true,false,2516
2025-11-27T21:27:20.530106-08:00,write,key_277,307.54,true,false,2908
2025-11-27T21:27:20.528168-08:00,write,key_591,309.49,true,false,2908
2025-11-27T21:27:20.538231-08:00,write,key_418,302.72,true,false,2909
2025-11-27T21:27:20.536966-08:00,write,key_152,303.99,true,false,2909
2025-11-27T21:27:20.837659-08:00,read,key_932,4.92,true,false,2845
2025-11-27T21:27:20.536875-08:00,write,key_318,307.82,true,false,2907
2025-11-27T21:27:20.536869-08:00,write,key_757,307.90,true,false,2908
2025-11-27T21:27:20.739699-08:00,write,key_486,312.29,true,false,2911
2025-11-27T21:27:20.737776-08:00,write,key_57,315.20,true,false,2908
2025-11-27T21:27:20.73775-08:00,write,key_199,315.46,true,false,2910
2025-11-27T21:27:20.737732-08:00,write,key_50,315.59,true,false,2910
2025-11-27T21:27:20.83765-08:00,write,key_815,308.62,true,false,2911
2025-11-27T21:27:20.844773-08:00,write,key_50,305.44,true,false,2910
2025-11-27T21:27:20.84095-08:00,write,key_930,311.47,true,false,2912
2025-11-27T21:27:20.8447-08:00,write,key_314,309.09,true,false,2910
2025-11-27T21:27:20.842578-08:00,write,key_963,311.44,true,false,2914
2025-11-27T21:27:20.840955-08:00,write,key_321,313.13,true,false,2913
2025-11-27T21:27:21.053211-08:00,write,key_495,307.76,true,false,2915
2025-11-27T21:27:21.051995-08:00,write,key_43,308.99,true,false,2912
2025-11-27T21:27:21.052976-08:00,write,key_191,308.39,true,false,2913
2025-11-27T21:27:21.053319-08:00,write,key_227,308.86,true,false,2916
2025-11-27T21:27:21.146277-08:00,write,key_943,307.09,true,false,2917
2025-11-27T21:27:21.150212-08:00,write,key_769,305.00,true,false,2913
2025-11-27T21:27:21.153791-08:00,write,key_660,303.33,true,false,2915
2025-11-27T21:27:21.15243-08:00,write,key_756,305.64,true,false,2918
2025-11-27T21:27:21.154093-08:00,write,key_937,307.74,true,false,2915
2025-11-27T21:27:21.15402-08:00,write,key_416,307.83,true,false,2915
2025-11-27T21:27:21.360975-08:00,write,key_938,306.69,true,false,2917
2025-11-27T21:27:21.36137-08:00,write,key_603,306.61,true,false,2919
2025-11-27T21:27:21.36099-08:00,write,key_663,307.85,true,false,2919
2025-11-27T21:27:21.362185-08:00,write,key_207,310.01,true,false,2918
2025-11-27T21:27:21.461833-08:00,write,key_943,305.97,true,false,2920
2025-11-27T21:27:21.46185-08:00,write,key_315,305.96,true,false,2920
2025-11-27T21:27:21.457125-08:00,write,key_329,310.69,true,false,2919
2025-11-27T21:27:21.455212-08:00,write,key_513,312.62,true,false,2918
2025-11-27T21:27:21.453371-08:00,write,key_200,314.47,true,false,2919
2025-11-27T21:27:21.458072-08:00,write,key_332,314.25,true,false,2920
2025-11-27T21:27:21.772322-08:00,read,key_752,1.35,true,false,2892
2025-11-27T21:27:21.66884-08:00,write,key_563,313.88,true,false,2921
2025-11-27T21:27:21.672198-08:00,write,key_647,310.52,true,false,2921
2025-11-27T21:27:21.667677-08:00,write,key_965,315.24,true,false,2922
2025-11-27T21:27:21.667979-08:00,write,key_207,315.11,true,false,2920
2025-11-27T21:27:21.767812-08:00,write,key_499,315.45,true,false,2921
2025-11-27T21:27:21.767808-08:00,write,key_864,317.41,true,false,2924
2025-11-27T21:27:21.76783-08:00,write,key_959,318.15,true,false,2922
2025-11-27T21:27:21.767836-08:00,write,key_346,319.01,true,false,2921
2025-11-27T21:27:21.773672-08:00,write,key_193,313.21,true,false,2923
2025-11-27T21:27:21.767804-08:00,write,key_204,319.26,true,false,2923
2025-11-27T21:27:22.08706-08:00,read,key_840,2.70,true,false,2442
2025-11-27T21:27:21.98272-08:00,write,key_778,322.24,true,false,2925
2025-11-27T21:27:21.982921-08:00,write,key_273,322.05,true,false,2926
2025-11-27T21:27:21.982738-08:00,write,key_283,322.27,true,false,2924
2025-11-27T21:27:21.983086-08:00,write,key_765,321.96,true,false,2925
2025-11-27T21:27:22.305009-08:00,read,key_847,2.48,true,false,2926
2025-11-27T21:27:22.089762-08:00,write,key_604,318.53,true,false,2928
2025-11-27T21:27:22.083271-08:00,write,key_530,325.08,true,false,2925
2025-11-27T21:27:22.086881-08:00,write,key_509,321.64,true,false,2927
2025-11-27T21:27:22.086849-08:00,write,key_401,322.70,true,false,2927
2025-11-27T21:27:22.085217-08:00,write,key_847,326.79,true,false,2926
2025-11-27T21:27:22.085981-08:00,write,key_822,326.59,true,false,2927
2025-11-27T21:27:22.304967-08:00,write,key_704,312.81,true,false,2930
2025-11-27T21:27:22.304972-08:00,write,key_542,313.04,true,false,2929
2025-11-27T21:27:22.307496-08:00,write,key_749,312.83,true,false,2930
2025-11-27T21:27:22.305046-08:00,write,key_936,315.29,true,false,2929
2025-11-27T21:27:22.620335-08:00,read,key_530,3.45,true,false,2925
2025-11-27T21:27:22.409549-08:00,write,key_559,311.78,true,false,2932
2025-11-27T21:27:22.408347-08:00,write,key_407,313.00,true,false,2931
2025-11-27T21:27:22.408296-08:00,write,key_279,313.06,true,false,2931
2025-11-27T21:27:22.412575-08:00,write,key_602,308.83,true,false,2929
2025-11-27T21:27:22.412007-08:00,write,key_57,313.56,true,false,2932
2025-11-27T21:27:22.408518-08:00,write,key_811,318.96,true,false,2933
2025-11-27T21:27:22.721404-08:00,read,key_554,6.07,true,false,2465
2025-11-27T21:27:22.623787-08:00,write,key_538,303.93,true,false,2931
2025-11-27T21:27:22.617782-08:00,write,key_28,310.29,true,false,2931
2025-11-27T21:27:22.618013-08:00,write,key_996,312.02,true,false,2934
2025-11-27T21:27:22.620323-08:00,write,key_842,309.75,true,false,2932
2025-11-27T21:27:22.721333-08:00,write,key_550,307.95,true,false,2933
2025-11-27T21:27:22.721357-08:00,write,key_848,307.95,true,false,2933
2025-11-27T21:27:23.029289-08:00,read,key_274,1.50,true,false,2702
2025-11-27T21:27:22.725565-08:00,write,key_756,307.12,true,false,2934
2025-11-27T21:27:22.727476-08:00,write,key_765,305.90,true,false,2935
2025-11-27T21:27:22.727476-08:00,write,key_705,306.09,true,false,2936
2025-11-27T21:27:22.721348-08:00,write,key_391,312.34,true,false,2934
2025-11-27T21:27:22.930073-08:00,write,key_564,309.77,true,false,2936
2025-11-27T21:27:22.927726-08:00,write,key_52,312.21,true,false,2937
2025-11-27T21:27:22.928072-08:00,write,key_532,311.91,true,false,2937
2025-11-27T21:27:22.930031-08:00,write,key_646,310.16,true,false,2935
2025-11-27T21:27:23.239857-08:00,read,key_207,2.07,true,false,2920
2025-11-27T21:27:23.03079-08:00,write,key_816,315.48,true,false,2940
2025-11-27T21:27:23.032681-08:00,write,key_803,313.89,true,false,2939
2025-11-27T21:27:23.033566-08:00,write,key_213,313.07,true,false,2937
2025-11-27T21:27:23.029305-08:00,write,key_557,317.40,true,false,2938
2025-11-27T21:27:23.033686-08:00,write,key_819,313.04,true,false,2937
2025-11-27T21:27:23.033376-08:00,write,key_26,313.35,true,false,2938
2025-11-27T21:27:23.239935-08:00,write,key_498,309.58,true,false,2938
2025-11-27T21:27:23.241923-08:00,write,key_660,308.00,true,false,2938
2025-11-27T21:27:23.239984-08:00,write,key_620,310.02,true,false,2941
2025-11-27T21:27:23.240188-08:00,write,key_133,309.86,true,false,2941
2025-11-27T21:27:23.346702-08:00,write,key_848,304.48,true,false,2941
2025-11-27T21:27:23.346725-08:00,write,key_610,308.85,true,false,2942
2025-11-27T21:27:23.346575-08:00,write,key_782,309.02,true,false,2941
2025-11-27T21:27:23.346641-08:00,write,key_220,308.96,true,false,2944
2025-11-27T21:27:23.346723-08:00,write,key_919,308.90,true,false,2942
2025-11-27T21:27:23.346274-08:00,write,key_936,312.88,true,false,2943
2025-11-27T21:27:23.550009-08:00,write,key_761,312.39,true,false,2942
2025-11-27T21:27:23.549514-08:00,write,key_913,312.89,true,false,2942
2025-11-27T21:27:23.549926-08:00,write,key_115,312.49,true,false,2945
2025-11-27T21:27:23.550053-08:00,write,key_329,312.36,true,false,2943
2025-11-27T21:27:23.6556-08:00,write,key_764,316.28,true,false,2946
2025-11-27T21:27:23.655624-08:00,write,key_846,316.28,true,false,2946
2025-11-27T21:27:23.659158-08:00,write,key_26,312.75,true,false,2945
2025-11-27T21:27:23.655592-08:00,write,key_662,316.37,true,false,2945
2025-11-27T21:27:23.65558-08:00,write,key_949,316.40,true,false,2945
2025-11-27T21:27:23.651183-08:00,write,key_58,320.83,true,false,2943
2025-11-27T21:27:23.971906-08:00,read,key_845,1.00,true,false,2796
2025-11-27T21:27:23.862404-08:00,write,key_202,312.72,true,false,2946
2025-11-27T21:27:23.862416-08:00,write,key_999,313.81,true,false,2947
2025-11-27T21:27:23.862398-08:00,write,key_860,314.56,true,false,2947
2025-11-27T21:27:23.862417-08:00,write,key_230,314.56,true,false,2947
2025-11-27T21:27:24.17623-08:00,read,key_532,2.15,true,false,2937
2025-11-27T21:27:23.971902-08:00,write,key_24,308.59,true,false,2947
2025-11-27T21:27:23.971879-08:00,write,key_42,308.64,true,false,2949
2025-11-27T21:27:23.972907-08:00,write,key_591,307.65,true,false,2948
2025-11-27T21:27:23.971965-08:00,write,key_920,308.71,true,false,2948
2025-11-27T21:27:23.972017-08:00,write,key_205,308.73,true,false,2948
2025-11-27T21:27:23.97198-08:00,write,key_649,308.83,true,false,2947
2025-11-27T21:27:24.280516-08:00,read,key_534,4.05,true,false,2885
2025-11-27T21:27:24.176961-08:00,write,key_769,306.46,true,false,2951
2025-11-27T21:27:24.176973-08:00,write,key_803,306.46,true,false,2949
2025-11-27T21:27:24.178387-08:00,write,key_604,305.08,true,false,2950
2025-11-27T21:27:24.175128-08:00,write,key_648,308.39,true,false,2950
2025-11-27T21:27:24.28056-08:00,write,key_667,308.35,true,false,2952
2025-11-27T21:27:24.280498-08:00,write,key_52,308.41,true,false,2951
2025-11-27T21:27:24.284564-08:00,write,key_703,304.35,true,false,2953
2025-11-27T21:27:24.280753-08:00,write,key_495,308.28,true,false,2952
2025-11-27T21:27:24.280807-08:00,write,key_532,308.27,true,false,2950
2025-11-27T21:27:24.280675-08:00,write,key_627,308.41,true,false,2950
2025-11-27T21:27:24.48344-08:00,write,key_392,313.52,true,false,2952
2025-11-27T21:27:24.483466-08:00,write,key_56,313.52,true,false,2954
2025-11-27T21:27:24.483523-08:00,write,key_661,313.63,true,false,2952
2025-11-27T21:27:24.48347-08:00,write,key_560,313.69,true,false,2952
2025-11-27T21:27:24.588912-08:00,write,key_770,310.04,true,false,2954
2025-11-27T21:27:24.588975-08:00,write,key_357,311.13,true,false,2955
2025-11-27T21:27:24.589032-08:00,write,key_551,311.09,true,false,2954
2025-11-27T21:27:24.589081-08:00,write,key_335,311.18,true,false,2954
2025-11-27T21:27:24.589083-08:00,write,key_844,313.86,true,false,2956
2025-11-27T21:27:24.588915-08:00,write,key_757,314.42,true,false,2957
2025-11-27T21:27:24.898961-08:00,read,key_833,5.51,true,false,2795
2025-11-27T21:27:24.797164-08:00,write,key_261,308.89,true,false,2957
2025-11-27T21:27:24.796982-08:00,write,key_556,309.12,true,false,2956
2025-11-27T21:27:24.797148-08:00,write,key_956,309.03,true,false,2955
2025-11-27T21:27:24.796966-08:00,write,key_59,311.84,true,false,2955
2025-11-27T21:27:25.106182-08:00,read,key_483,5.61,true,false,2905
2025-11-27T21:27:24.900104-08:00,write,key_119,313.94,true,false,2958
2025-11-27T21:27:24.902943-08:00,write,key_844,311.12,true,false,2959
2025-11-27T21:27:24.900266-08:00,write,key_50,315.52,true,false,2959
2025-11-27T21:27:24.903333-08:00,write,key_788,312.50,true,false,2958
2025-11-27T21:27:24.900123-08:00,write,key_412,315.73,true,false,2958
2025-11-27T21:27:24.904473-08:00,write,key_113,311.56,true,false,2960
2025-11-27T21:27:25.106107-08:00,write,key_396,317.44,true,false,2958
2025-11-27T21:27:25.111792-08:00,write,key_40,311.91,true,false,2959
2025-11-27T21:27:25.106054-08:00,write,key_647,319.90,true,false,2960
2025-11-27T21:27:25.108806-08:00,write,key_565,317.16,true,false,2961
2025-11-27T21:27:25.42355-08:00,read,key_497,2.43,true,false,2814
2025-11-27T21:27:25.215849-08:00,write,key_226,308.99,true,false,2962
2025-11-27T21:27:25.215835-08:00,write,key_312,309.02,true,false,2961
2025-11-27T21:27:25.215783-08:00,write,key_227,314.57,true,false,2961
2025-11-27T21:27:25.216038-08:00,write,key_757,314.46,true,false,2963
2025-11-27T21:27:25.214047-08:00,write,key_806,316.50,true,false,2962
2025-11-27T21:27:25.214066-08:00,write,key_360,316.99,true,false,2961
2025-11-27T21:27:25.425983-08:00,write,key_883,306.50,true,false,2963
2025-11-27T21:27:25.425956-08:00,write,key_621,306.84,true,false,2965
2025-11-27T21:27:25.425964-08:00,write,key_967,306.87,true,false,2962
2025-11-27T21:27:25.423697-08:00,write,key_665,309.17,true,false,2964
2025-11-27T21:27:25.524856-08:00,write,key_827,313.97,true,false,2966
2025-11-27T21:27:25.530543-08:00,write,key_844,310.22,true,false,2965
2025-11-27T21:27:25.530502-08:00,write,key_813,310.28,true,false,2964
2025-11-27T21:27:25.524839-08:00,write,key_515,316.08,true,false,2967
2025-11-27T21:27:25.530358-08:00,write,key_237,310.80,true,false,2964
2025-11-27T21:27:25.531059-08:00,write,key_344,312.40,true,false,2968
2025-11-27T21:27:25.732835-08:00,write,key_629,307.93,true,false,2970
2025-11-27T21:27:25.732864-08:00,write,key_541,307.90,true,false,2969
2025-11-27T21:27:25.732799-08:00,write,key_596,307.98,true,false,2966
2025-11-27T21:27:25.732485-08:00,write,key_847,308.32,true,false,2969
2025-11-27T21:27:25.840786-08:00,write,key_50,310.75,true,false,2971
2025-11-27T21:27:25.841158-08:00,write,key_56,310.42,true,false,2969
2025-11-27T21:27:25.838831-08:00,write,key_59,313.85,true,false,2970
2025-11-27T21:27:26.151537-08:00,read,key_218,2.86,true,false,2601
2025-11-27T21:27:25.840922-08:00,write,key_930,313.78,true,false,2972
2025-11-27T21:27:25.843456-08:00,write,key_845,311.27,true,false,2973
2025-11-27T21:27:25.840763-08:00,write,key_201,316.25,true,false,2971
2025-11-27T21:27:26.040766-08:00,write,key_400,306.03,true,false,2971
2025-11-27T21:27:26.040781-08:00,write,key_324,306.02,true,false,2971
2025-11-27T21:27:26.040807-08:00,write,key_882,306.05,true,false,2974
2025-11-27T21:27:26.040764-08:00,write,key_216,306.85,true,false,2971
2025-11-27T21:27:26.151581-08:00,write,key_223,309.55,true,false,2972
2025-11-27T21:27:26.154403-08:00,write,key_843,306.74,true,false,2975
2025-11-27T21:27:26.154731-08:00,write,key_818,306.45,true,false,2976
2025-11-27T21:27:26.152685-08:00,write,key_534,308.90,true,false,2974
2025-11-27T21:27:26.157013-08:00,write,key_221,304.61,true,false,2974
2025-11-27T21:27:26.154703-08:00,write,key_649,307.03,true,false,2974
2025-11-27T21:27:26.461621-08:00,read,key_697,2.28,true,false,2657
2025-11-27T21:27:26.346806-08:00,write,key_322,311.09,true,false,2975
2025-11-27T21:27:26.346859-08:00,write,key_815,311.05,true,false,2975
2025-11-27T21:27:26.347619-08:00,write,key_59,310.36,true,false,2977
2025-11-27T21:27:26.346803-08:00,write,key_812,311.21,true,false,2975
2025-11-27T21:27:26.461584-08:00,write,key_234,303.98,true,false,2978
2025-11-27T21:27:26.461181-08:00,write,key_532,304.41,true,false,2977
2025-11-27T21:27:26.461737-08:00,write,key_229,303.86,true,false,2977
2025-11-27T21:27:26.461142-08:00,write,key_390,304.48,true,false,2977
2025-11-27T21:27:26.461131-08:00,write,key_662,304.49,true,false,2978
2025-11-27T21:27:26.765594-08:00,read,key_844,3.07,true,false,2965
2025-11-27T21:27:26.463898-08:00,write,key_190,305.88,true,false,2979
2025-11-27T21:27:26.657905-08:00,write,key_651,321.96,true,false,2980
2025-11-27T21:27:26.657899-08:00,write,key_624,321.97,true,false,2979
2025-11-27T21:27:26.658008-08:00,write,key_40,321.97,true,false,2978
2025-11-27T21:27:26.657981-08:00,write,key_849,322.06,true,false,2981
2025-11-27T21:27:26.765618-08:00,write,key_950,317.36,true,false,2982
2025-11-27T21:27:26.765566-08:00,write,key_567,317.45,true,false,2981
2025-11-27T21:27:26.768665-08:00,write,key_218,314.36,true,false,2980
2025-11-27T21:27:26.769781-08:00,write,key_517,313.40,true,false,2981
2025-11-27T21:27:26.765587-08:00,write,key_843,317.62,true,false,2980
2025-11-27T21:27:26.765617-08:00,write,key_56,317.61,true,false,2979
2025-11-27T21:27:26.979867-08:00,write,key_384,309.35,true,false,2982
2025-11-27T21:27:26.980043-08:00,write,key_786,309.19,true,false,2982
2025-11-27T21:27:26.979983-08:00,write,key_383,310.13,true,false,2982
2025-11-27T21:27:26.979868-08:00,write,key_913,310.85,true,false,2983
2025-11-27T21:27:27.083204-08:00,write,key_223,307.67,true,false,2984
2025-11-27T21:27:27.08298-08:00,write,key_75,307.94,true,false,2983
2025-11-27T21:27:27.083024-08:00,write,key_824,307.93,true,false,2983
2025-11-27T21:27:27.083182-08:00,write,key_315,308.19,true,false,2984
2025-11-27T21:27:27.083011-08:00,write,key_865,308.81,true,false,2983
2025-11-27T21:27:27.083226-08:00,write,key_475,310.83,true,false,2985
2025-11-27T21:27:27.289232-08:00,write,key_769,316.93,true,false,2986
2025-11-27T21:27:27.290117-08:00,write,key_47,316.06,true,false,2987
2025-11-27T21:27:27.289219-08:00,write,key_569,316.96,true,false,2985
2025-11-27T21:27:27.290723-08:00,write,key_810,315.49,true,false,2984
2025-11-27T21:27:27.390924-08:00,write,key_742,312.06,true,false,2986
2025-11-27T21:27:27.391369-08:00,write,key_113,313.43,true,false,2988
2025-11-27T21:27:27.390878-08:00,write,key_622,313.94,true,false,2986
2025-11-27T21:27:27.702986-08:00,read,key_359,2.08,true,false,1633
2025-11-27T21:27:27.704817-08:00,read,key_514,2.29,true,false,2773
2025-11-27T21:27:27.704804-08:00,read,key_25,2.32,true,false,2892
2025-11-27T21:27:27.394058-08:00,write,key_537,313.89,true,false,2990
2025-11-27T21:27:27.391823-08:00,write,key_841,316.13,true,false,2989
2025-11-27T21:27:27.390951-08:00,write,key_410,319.04,true,false,2986
2025-11-27T21:27:27.606175-08:00,write,key_938,308.17,true,false,2989
2025-11-27T21:27:27.606216-08:00,write,key_950,308.15,true,false,2988
2025-11-27T21:27:27.606164-08:00,write,key_952,309.27,true,false,2988
2025-11-27T21:27:27.606178-08:00,write,key_58,309.28,true,false,2988
2025-11-27T21:27:27.915458-08:00,read,key_744,2.09,true,false,2849
2025-11-27T21:27:27.705071-08:00,write,key_237,311.79,true,false,2991
2025-11-27T21:27:27.707104-08:00,write,key_599,309.78,true,false,2991
2025-11-27T21:27:27.707946-08:00,write,key_778,308.95,true,false,2992
2025-11-27T21:27:27.707122-08:00,write,key_516,309.78,true,false,2991
2025-11-27T21:27:27.709992-08:00,write,key_555,306.96,true,false,2993
2025-11-27T21:27:27.707957-08:00,write,key_784,309.02,true,false,2992
2025-11-27T21:27:28.016948-08:00,read,key_700,4.71,true,false,2706
2025-11-27T21:27:28.016868-08:00,read,key_27,4.82,true,false,2894
2025-11-27T21:27:27.914366-08:00,write,key_702,316.54,true,false,2994
2025-11-27T21:27:27.915439-08:00,write,key_27,315.54,true,false,2995
2025-11-27T21:27:27.917551-08:00,write,key_402,313.45,true,false,2992
2025-11-27T21:27:27.914343-08:00,write,key_539,317.01,true,false,2994
2025-11-27T21:27:28.230998-08:00,read,key_769,2.21,true,false,2986
2025-11-27T21:27:28.021663-08:00,write,key_360,311.12,true,false,2998
2025-11-27T21:27:28.016978-08:00,write,key_364,315.83,true,false,2995
2025-11-27T21:27:28.016893-08:00,write,key_204,315.95,true,false,2996
2025-11-27T21:27:28.016889-08:00,write,key_668,316.24,true,false,2996
2025-11-27T21:27:28.021688-08:00,write,key_840,312.27,true,false,2999
2025-11-27T21:27:28.016906-08:00,write,key_316,318.12,true,false,2997
2025-11-27T21:27:28.332788-08:00,read,key_941,7.02,true,false,2360
2025-11-27T21:27:28.23135-08:00,write,key_410,309.28,true,false,2996
2025-11-27T21:27:28.233212-08:00,write,key_848,309.57,true,false,2997
2025-11-27T21:27:28.230978-08:00,write,key_841,312.56,true,false,2996
2025-11-27T21:27:28.230914-08:00,write,key_324,312.66,true,false,2996
2025-11-27T21:27:28.542782-08:00,read,key_519,2.80,true,false,2838
2025-11-27T21:27:28.54558-08:00,read,key_849,0.86,true,false,2981
2025-11-27T21:27:28.333128-08:00,write,key_769,315.13,true,false,3001
2025-11-27T21:27:28.333966-08:00,write,key_366,314.39,true,false,3000
2025-11-27T21:27:28.339805-08:00,write,key_533,308.59,true,false,3001
2025-11-27T21:27:28.332845-08:00,write,key_538,317.24,true,false,3000
2025-11-27T21:27:28.335031-08:00,write,key_481,315.10,true,false,3000
2025-11-27T21:27:28.332808-08:00,write,key_566,317.43,true,false,3000
2025-11-27T21:27:28.648352-08:00,read,key_769,5.77,true,false,3001
2025-11-27T21:27:28.543575-08:00,write,key_742,310.90,true,false,3002
2025-11-27T21:27:28.543543-08:00,write,key_708,310.94,true,false,3002
2025-11-27T21:27:28.546445-08:00,write,key_577,308.04,true,false,3002
2025-11-27T21:27:28.540639-08:00,write,key_953,313.89,true,false,3003
2025-11-27T21:27:28.650086-08:00,write,key_311,304.99,true,false,3005
2025-11-27T21:27:28.648394-08:00,write,key_228,306.71,true,false,3003
2025-11-27T21:27:28.650238-08:00,write,key_205,304.87,true,false,3004
2025-11-27T21:27:28.650132-08:00,write,key_269,305.00,true,false,3002
2025-11-27T21:27:28.95513-08:00,read,key_660,0.56,true,false,2938
2025-11-27T21:27:28.955081-08:00,read,key_225,0.86,true,false,2820
2025-11-27T21:27:28.65413-08:00,write,key_746,302.65,true,false,3003
2025-11-27T21:27:28.648264-08:00,write,key_605,309.16,true,false,3004
2025-11-27T21:27:28.854528-08:00,write,key_225,318.82,true,false,3004
2025-11-27T21:27:28.854488-08:00,write,key_530,318.92,true,false,3005
2025-11-27T21:27:28.85448-08:00,write,key_610,319.00,true,false,3006
2025-11-27T21:27:28.854478-08:00,write,key_111,319.08,true,false,3006
2025-11-27T21:27:29.173557-08:00,read,key_627,0.93,true,false,2950
2025-11-27T21:27:29.173478-08:00,read,key_529,1.12,true,false,2467
2025-11-27T21:27:29.173412-08:00,read,key_349,1.19,true,false,2891
2025-11-27T21:27:29.174493-08:00,read,key_214,0.67,true,false,2008
2025-11-27T21:27:28.956776-08:00,write,key_615,322.49,true,false,3007
2025-11-27T21:27:28.955105-08:00,write,key_690,324.17,true,false,3006
2025-11-27T21:27:28.95569-08:00,write,key_554,323.63,true,false,3007
2025-11-27T21:27:28.95511-08:00,write,key_196,324.26,true,false,3006
2025-11-27T21:27:28.957426-08:00,write,key_633,321.95,true,false,3006
2025-11-27T21:27:28.955938-08:00,write,key_75,323.45,true,false,3007
2025-11-27T21:27:29.279271-08:00,read,key_479,2.70,true,false,2747
2025-11-27T21:27:29.281972-08:00,read,key_598,2.11,true,false,2833
2025-11-27T21:27:29.173355-08:00,write,key_318,310.01,true,false,3008
2025-11-27T21:27:29.175162-08:00,write,key_115,308.21,true,false,3007
2025-11-27T21:27:29.174602-08:00,write,key_553,308.79,true,false,3008
2025-11-27T21:27:29.174607-08:00,write,key_539,308.82,true,false,3008
2025-11-27T21:27:29.284088-08:00,write,key_812,304.85,true,false,3011
2025-11-27T21:27:29.279269-08:00,write,key_325,309.67,true,false,3009
2025-11-27T21:27:29.279369-08:00,write,key_493,309.58,true,false,3010
2025-11-27T21:27:29.279319-08:00,write,key_977,309.74,true,false,3009
2025-11-27T21:27:29.279391-08:00,write,key_248,309.68,true,false,3008
2025-11-27T21:27:29.58894-08:00,read,key_50,3.07,true,false,2971
2025-11-27T21:27:29.279381-08:00,write,key_314,312.64,true,false,3010
2025-11-27T21:27:29.589058-08:00,read,key_229,5.67,true,false,2977
2025-11-27T21:27:29.48337-08:00,write,key_40,311.16,true,false,3013
2025-11-27T21:27:29.483364-08:00,write,key_498,312.82,true,false,3012
2025-11-27T21:27:29.483423-08:00,write,key_800,312.80,true,false,3009
2025-11-27T21:27:29.483395-08:00,write,key_692,312.84,true,false,3011
2025-11-27T21:27:29.794538-08:00,read,key_214,5.14,true,false,2008
2025-11-27T21:27:29.589072-08:00,write,key_667,308.87,true,false,3013
2025-11-27T21:27:29.588946-08:00,write,key_227,309.00,true,false,3012
2025-11-27T21:27:29.58894-08:00,write,key_312,309.01,true,false,3014
2025-11-27T21:27:29.592022-08:00,write,key_318,305.93,true,false,3015
2025-11-27T21:27:29.592014-08:00,write,key_49,305.94,true,false,3012
2025-11-27T21:27:29.897947-08:00,read,key_51,1.97,true,false,2794
2025-11-27T21:27:29.594733-08:00,write,key_710,307.46,true,false,3014
2025-11-27T21:27:29.796186-08:00,write,key_751,310.22,true,false,3016
2025-11-27T21:27:29.799684-08:00,write,key_619,308.31,true,false,3016
2025-11-27T21:27:29.79623-08:00,write,key_951,311.78,true,false,3015
2025-11-27T21:27:29.796222-08:00,write,key_636,311.81,true,false,3016
2025-11-27T21:27:30.108012-08:00,read,key_746,4.21,true,false,3003
2025-11-27T21:27:29.897943-08:00,write,key_767,308.39,true,false,3018
2025-11-27T21:27:29.899922-08:00,write,key_607,306.42,true,false,3017
2025-11-27T21:27:29.897943-08:00,write,key_323,308.40,true,false,3016
2025-11-27T21:27:29.897956-08:00,write,key_218,308.52,true,false,3016
2025-11-27T21:27:29.897952-08:00,write,key_748,308.56,true,false,3017
2025-11-27T21:27:29.902198-08:00,write,key_492,306.07,true,false,3017
2025-11-27T21:27:30.206479-08:00,read,key_406,6.30,true,false,2898
2025-11-27T21:27:30.212784-08:00,read,key_752,0.93,true,false,2892
2025-11-27T21:27:30.108028-08:00,write,key_235,307.27,true,false,3019
2025-11-27T21:27:30.10799-08:00,write,key_692,307.31,true,false,3019
2025-11-27T21:27:30.112225-08:00,write,key_749,303.08,true,false,3017
2025-11-27T21:27:30.106408-08:00,write,key_84,309.42,true,false,3018
2025-11-27T21:27:30.415301-08:00,read,key_509,1.72,true,false,2927
2025-11-27T21:27:30.206347-08:00,write,key_531,310.54,true,false,3020
2025-11-27T21:27:30.20634-08:00,write,key_52,310.56,true,false,3019
2025-11-27T21:27:30.206346-08:00,write,key_55,310.57,true,false,3019
2025-11-27T21:27:30.208267-08:00,write,key_952,308.65,true,false,3021
2025-11-27T21:27:30.206514-08:00,write,key_491,310.50,true,false,3020
2025-11-27T21:27:30.516894-08:00,read,key_818,4.13,true,false,2976
2025-11-27T21:27:30.213713-08:00,write,key_956,308.06,true,false,3022
2025-11-27T21:27:30.415303-08:00,write,key_557,307.85,true,false,3023
2025-11-27T21:27:30.417023-08:00,write,key_407,307.18,true,false,3020
2025-11-27T21:27:30.4153-08:00,write,key_549,308.92,true,false,3023
2025-11-27T21:27:30.41583-08:00,write,key_540,308.40,true,false,3021
2025-11-27T21:27:30.724218-08:00,read,key_634,1.74,true,false,2636
2025-11-27T21:27:30.725959-08:00,read,key_312,1.41,true,false,3014
2025-11-27T21:27:30.516915-08:00,write,key_552,308.71,true,false,3022
2025-11-27T21:27:30.521774-08:00,write,key_947,303.89,true,false,3024
2025-11-27T21:27:30.516901-08:00,write,key_640,308.78,true,false,3024
2025-11-27T21:27:30.516918-08:00,write,key_537,310.05,true,false,3024
2025-11-27T21:27:30.517011-08:00,write,key_223,311.21,true,false,3022
2025-11-27T21:27:30.521023-08:00,write,key_531,307.36,true,false,3023
2025-11-27T21:27:30.828384-08:00,read,key_397,1.92,true,false,2865
2025-11-27T21:27:30.830305-08:00,read,key_265,1.35,true,false,2895
2025-11-27T21:27:30.724229-08:00,write,key_978,308.45,true,false,3024
2025-11-27T21:27:30.727373-08:00,write,key_933,305.33,true,false,3024
2025-11-27T21:27:30.723161-08:00,write,key_198,309.55,true,false,3025
2025-11-27T21:27:30.724202-08:00,write,key_976,308.53,true,false,3025
2025-11-27T21:27:31.032685-08:00,read,key_958,3.40,true,false,2605
2025-11-27T21:27:30.82566-08:00,write,key_781,311.54,true,false,3025
2025-11-27T21:27:30.828225-08:00,write,key_621,309.00,true,false,3026
2025-11-27T21:27:30.826973-08:00,write,key_532,310.25,true,false,3026
2025-11-27T21:27:30.825679-08:00,write,key_948,311.55,true,false,3025
2025-11-27T21:27:30.825621-08:00,write,key_482,311.61,true,false,3025
2025-11-27T21:27:30.831652-08:00,write,key_319,305.59,true,false,3027
2025-11-27T21:27:31.036082-08:00,write,key_828,310.77,true,false,3030
2025-11-27T21:27:31.032735-08:00,write,key_789,314.18,true,false,3028
2025-11-27T21:27:31.032711-08:00,write,key_938,314.27,true,false,3029
2025-11-27T21:27:31.032706-08:00,write,key_316,314.31,true,false,3026
2025-11-27T21:27:31.346986-08:00,read,key_752,2.21,true,false,2892
2025-11-27T21:27:31.137778-08:00,write,key_750,308.95,true,false,3030
2025-11-27T21:27:31.137648-08:00,write,key_400,309.09,true,false,3028
2025-11-27T21:27:31.137221-08:00,write,key_589,309.52,true,false,3029
2025-11-27T21:27:31.137801-08:00,write,key_763,310.94,true,false,3031
2025-11-27T21:27:31.137786-08:00,write,key_661,311.21,true,false,3028
2025-11-27T21:27:31.137201-08:00,write,key_840,311.86,true,false,3029
2025-11-27T21:27:31.349193-08:00,write,key_777,306.04,true,false,3032
2025-11-27T21:27:31.347019-08:00,write,key_951,308.22,true,false,3032
2025-11-27T21:27:31.346853-08:00,write,key_480,308.45,true,false,3031
2025-11-27T21:27:31.346919-08:00,write,key_553,308.68,true,false,3031
2025-11-27T21:27:31.446733-08:00,write,key_199,308.54,true,false,3033
2025-11-27T21:27:31.448998-08:00,write,key_227,306.28,true,false,3033
2025-11-27T21:27:31.446733-08:00,write,key_840,308.55,true,false,3032
2025-11-27T21:27:31.449066-08:00,write,key_512,306.24,true,false,3032
2025-11-27T21:27:31.755282-08:00,read,key_391,1.93,true,false,2934
2025-11-27T21:27:31.448745-08:00,write,key_539,309.67,true,false,3034
2025-11-27T21:27:31.755279-08:00,read,key_548,3.15,true,false,1988
2025-11-27T21:27:31.446743-08:00,write,key_590,313.08,true,false,3035
2025-11-27T21:27:31.655242-08:00,write,key_204,308.07,true,false,3033
2025-11-27T21:27:31.655299-08:00,write,key_819,308.02,true,false,3036
2025-11-27T21:27:31.655597-08:00,write,key_224,309.61,true,false,3033
2025-11-27T21:27:31.655237-08:00,write,key_538,310.42,true,false,3036
2025-11-27T21:27:31.757218-08:00,write,key_939,306.01,true,false,3035
2025-11-27T21:27:31.758414-08:00,write,key_361,304.84,true,false,3037
2025-11-27T21:27:31.755307-08:00,write,key_937,308.00,true,false,3035
2025-11-27T21:27:31.755282-08:00,write,key_471,308.11,true,false,3036
2025-11-27T21:27:31.75843-08:00,write,key_497,304.99,true,false,3036
2025-11-27T21:27:31.759826-08:00,write,key_666,306.69,true,false,3036
2025-11-27T21:27:31.96331-08:00,write,key_889,309.38,true,false,3038
2025-11-27T21:27:31.963321-08:00,write,key_770,309.40,true,false,3037
2025-11-27T21:27:31.965209-08:00,write,key_763,307.54,true,false,3037
2025-11-27T21:27:31.965657-08:00,write,key_534,307.15,true,false,3038
2025-11-27T21:27:32.063422-08:00,write,key_769,314.27,true,false,3038
2025-11-27T21:27:32.063305-08:00,write,key_844,315.08,true,false,3039
2025-11-27T21:27:32.063227-08:00,write,key_468,315.19,true,false,3038
2025-11-27T21:27:32.066518-08:00,write,key_771,311.91,true,false,3040
2025-11-27T21:27:32.063253-08:00,write,key_396,315.25,true,false,3039
2025-11-27T21:27:32.063394-08:00,write,key_950,315.26,true,false,3038
2025-11-27T21:27:32.272722-08:00,write,key_787,310.23,true,false,3039
2025-11-27T21:27:32.272805-08:00,write,key_529,310.20,true,false,3039
2025-11-27T21:27:32.27269-08:00,write,key_497,310.47,true,false,3041
2025-11-27T21:27:32.272752-08:00,write,key_225,310.67,true,false,3040
2025-11-27T21:27:32.378383-08:00,write,key_947,306.44,true,false,3043
2025-11-27T21:27:32.378413-08:00,write,key_931,309.58,true,false,3041
2025-11-27T21:27:32.377699-08:00,write,key_23,310.32,true,false,3041
2025-11-27T21:27:32.378657-08:00,write,key_802,309.37,true,false,3041
2025-11-27T21:27:32.378427-08:00,write,key_324,309.62,true,false,3042
2025-11-27T21:27:32.378501-08:00,write,key_702,309.57,true,false,3042
2025-11-27T21:27:32.583425-08:00,write,key_761,313.29,true,false,3046
2025-11-27T21:27:32.582967-08:00,write,key_490,313.82,true,false,3042
2025-11-27T21:27:32.583162-08:00,write,key_510,313.66,true,false,3044
2025-11-27T21:27:32.583003-08:00,write,key_394,314.69,true,false,3045
2025-11-27T21:27:32.684823-08:00,write,key_583,309.26,true,false,3044
2025-11-27T21:27:32.688027-08:00,write,key_319,309.21,true,false,3044
2025-11-27T21:27:32.688043-08:00,write,key_512,309.22,true,false,3047
2025-11-27T21:27:32.688074-08:00,write,key_750,309.85,true,false,3046
2025-11-27T21:27:32.688017-08:00,write,key_843,311.61,true,false,3045
2025-11-27T21:27:32.687991-08:00,write,key_760,311.64,true,false,3045
2025-11-27T21:27:32.896716-08:00,write,key_704,310.63,true,false,3047
2025-11-27T21:27:32.896792-08:00,write,key_764,310.58,true,false,3047
2025-11-27T21:27:32.897692-08:00,write,key_813,309.68,true,false,3048
2025-11-27T21:27:32.896819-08:00,write,key_51,310.59,true,false,3048
2025-11-27T21:27:32.997266-08:00,write,key_506,313.76,true,false,3048
2025-11-27T21:27:32.994089-08:00,write,key_118,317.21,true,false,3049
2025-11-27T21:27:32.997235-08:00,write,key_769,314.09,true,false,3049
2025-11-27T21:27:32.999634-08:00,write,key_764,311.69,true,false,3048
2025-11-27T21:27:32.997926-08:00,write,key_118,313.54,true,false,3049
2025-11-27T21:27:32.999631-08:00,write,key_693,313.00,true,false,3050
2025-11-27T21:27:33.207371-08:00,write,key_615,309.32,true,false,3051
2025-11-27T21:27:33.207372-08:00,write,key_216,309.33,true,false,3051
2025-11-27T21:27:33.20741-08:00,write,key_42,309.61,true,false,3052
2025-11-27T21:27:33.20735-08:00,write,key_295,309.72,true,false,3049
2025-11-27T21:27:33.517019-08:00,read,key_641,4.53,true,false,2751
2025-11-27T21:27:33.311298-08:00,write,key_461,310.69,true,false,3052
2025-11-27T21:27:33.311468-08:00,write,key_953,310.54,true,false,3051
2025-11-27T21:27:33.311035-08:00,write,key_222,310.98,true,false,3051
2025-11-27T21:27:33.311322-08:00,write,key_128,311.14,true,false,3051
2025-11-27T21:27:33.311325-08:00,write,key_53,311.42,true,false,3053
2025-11-27T21:27:33.312633-08:00,write,key_668,311.30,true,false,3053
2025-11-27T21:27:33.516695-08:00,write,key_627,307.87,true,false,3054
2025-11-27T21:27:33.517065-08:00,write,key_661,307.50,true,false,3053
2025-11-27T21:27:33.516706-08:00,write,key_692,307.88,true,false,3053
2025-11-27T21:27:33.52155-08:00,write,key_369,307.66,true,false,3055
2025-11-27T21:27:33.622741-08:00,write,key_413,311.07,true,false,3054
2025-11-27T21:27:33.622005-08:00,write,key_42,311.87,true,false,3054
2025-11-27T21:27:33.622011-08:00,write,key_764,312.01,true,false,3055
2025-11-27T21:27:33.62199-08:00,write,key_49,313.79,true,false,3056
2025-11-27T21:27:33.622459-08:00,write,key_517,314.49,true,false,3056
2025-11-27T21:27:33.623932-08:00,write,key_699,313.89,true,false,3057
2025-11-27T21:27:33.93387-08:00,read,key_978,3.96,true,false,3024
2025-11-27T21:27:33.824569-08:00,write,key_779,307.60,true,false,3056
2025-11-27T21:27:33.824583-08:00,write,key_622,307.59,true,false,3055
2025-11-27T21:27:33.824569-08:00,write,key_229,307.61,true,false,3055
2025-11-27T21:27:33.829213-08:00,write,key_819,308.81,true,false,3058
2025-11-27T21:27:33.93695-08:00,write,key_442,304.00,true,false,3059
2025-11-27T21:27:33.935777-08:00,write,key_237,305.17,true,false,3060
2025-11-27T21:27:33.933816-08:00,write,key_415,307.14,true,false,3058
2025-11-27T21:27:33.93782-08:00,write,key_768,307.49,true,false,3060
2025-11-27T21:27:33.934018-08:00,write,key_239,311.61,true,false,3059
2025-11-27T21:27:33.93783-08:00,write,key_691,307.96,true,false,3061
2025-11-27T21:27:34.245624-08:00,read,key_932,1.47,true,false,2845
2025-11-27T21:27:34.132178-08:00,write,key_531,310.42,true,false,3058
2025-11-27T21:27:34.132172-08:00,write,key_480,310.45,true,false,3058
2025-11-27T21:27:34.138023-08:00,write,key_518,305.42,true,false,3059
2025-11-27T21:27:34.132173-08:00,write,key_21,312.79,true,false,3061
2025-11-27T21:27:34.240958-08:00,write,key_571,309.46,true,false,3062
2025-11-27T21:27:34.240953-08:00,write,key_946,309.48,true,false,3062
2025-11-27T21:27:34.240964-08:00,write,key_765,309.51,true,false,3062
2025-11-27T21:27:34.24531-08:00,write,key_469,305.23,true,false,3062
2025-11-27T21:27:34.247096-08:00,write,key_766,303.48,true,false,3063
2025-11-27T21:27:34.24579-08:00,write,key_499,305.56,true,false,3062
2025-11-27T21:27:34.444968-08:00,write,key_365,309.05,true,false,3064
2025-11-27T21:27:34.442607-08:00,write,key_47,311.42,true,false,3063
2025-11-27T21:27:34.442617-08:00,write,key_50,311.43,true,false,3064
2025-11-27T21:27:34.443444-08:00,write,key_763,310.61,true,false,3065
2025-11-27T21:27:34.550471-08:00,write,key_269,313.17,true,false,3067
2025-11-27T21:27:34.550422-08:00,write,key_236,313.25,true,false,3065
2025-11-27T21:27:34.551354-08:00,write,key_669,312.32,true,false,3066
2025-11-27T21:27:34.550577-08:00,write,key_171,314.29,true,false,3064
2025-11-27T21:27:34.55054-08:00,write,key_931,314.43,true,false,3065
2025-11-27T21:27:34.550431-08:00,write,key_225,314.57,true,false,3066
2025-11-27T21:27:34.754048-08:00,write,key_209,315.76,true,false,3069
2025-11-27T21:27:34.754025-08:00,write,key_202,316.18,true,false,3068
2025-11-27T21:27:34.754052-08:00,write,key_937,316.29,true,false,3068
2025-11-27T21:27:34.754032-08:00,write,key_312,317.01,true,false,3066
2025-11-27T21:27:34.863677-08:00,write,key_556,307.89,true,false,3070
2025-11-27T21:27:34.863672-08:00,write,key_750,307.91,true,false,3068
2025-11-27T21:27:35.171588-08:00,read,key_311,1.57,true,false,3005
2025-11-27T21:27:34.864997-08:00,write,key_932,311.31,true,false,3068
2025-11-27T21:27:34.864867-08:00,write,key_541,311.99,true,false,3069
2025-11-27T21:27:34.864967-08:00,write,key_555,314.38,true,false,3069
2025-11-27T21:27:34.863645-08:00,write,key_40,315.72,true,false,3070
2025-11-27T21:27:35.07021-08:00,write,key_545,312.80,true,false,3070
2025-11-27T21:27:35.069823-08:00,write,key_200,313.22,true,false,3070
2025-11-27T21:27:35.071042-08:00,write,key_935,312.26,true,false,3071
2025-11-27T21:27:35.070347-08:00,write,key_230,316.27,true,false,3071
2025-11-27T21:27:35.383046-08:00,read,key_587,5.06,true,false,2512
2025-11-27T21:27:35.17316-08:00,write,key_948,308.81,true,false,3071
2025-11-27T21:27:35.171571-08:00,write,key_902,310.40,true,false,3072
2025-11-27T21:27:35.176861-08:00,write,key_176,306.83,true,false,3073
2025-11-27T21:27:35.179366-08:00,write,key_313,305.08,true,false,3071
2025-11-27T21:27:35.176306-08:00,write,key_59,310.36,true,false,3072
2025-11-27T21:27:35.484451-08:00,read,key_883,3.58,true,false,2963
2025-11-27T21:27:35.179344-08:00,write,key_489,310.90,true,false,3073
2025-11-27T21:27:35.383303-08:00,write,key_531,306.95,true,false,3074
2025-11-27T21:27:35.386622-08:00,write,key_989,303.63,true,false,3074
2025-11-27T21:27:35.383009-08:00,write,key_504,309.50,true,false,3074
2025-11-27T21:27:35.388108-08:00,write,key_323,304.61,true,false,3072
2025-11-27T21:27:35.692714-08:00,read,key_522,2.87,true,false,2651
2025-11-27T21:27:35.695584-08:00,read,key_364,2.56,true,false,2995
2025-11-27T21:27:35.48197-08:00,write,key_663,307.83,true,false,3075
2025-11-27T21:27:35.481971-08:00,write,key_265,307.91,true,false,3075
2025-11-27T21:27:35.483692-08:00,write,key_56,308.37,true,false,3075
2025-11-27T21:27:35.490241-08:00,write,key_520,306.79,true,false,3076
2025-11-27T21:27:35.486672-08:00,write,key_123,311.50,true,false,3076
2025-11-27T21:27:35.488028-08:00,write,key_841,310.22,true,false,3077
2025-11-27T21:27:35.692517-08:00,write,key_396,306.03,true,false,3076
2025-11-27T21:27:35.690253-08:00,write,key_390,308.34,true,false,3078
2025-11-27T21:27:35.690253-08:00,write,key_595,308.35,true,false,3075
2025-11-27T21:27:35.698142-08:00,write,key_307,308.11,true,false,3077
2025-11-27T21:27:35.798244-08:00,write,key_538,307.19,true,false,3080
2025-11-27T21:27:35.797034-08:00,write,key_947,308.41,true,false,3079
2025-11-27T21:27:35.789803-08:00,write,key_979,315.65,true,false,3078
2025-11-27T21:27:35.798168-08:00,write,key_934,307.34,true,false,3079
2025-11-27T21:27:35.792066-08:00,write,key_349,313.47,true,false,3079
2025-11-27T21:27:35.789886-08:00,write,key_219,315.68,true,false,3076
2025-11-27T21:27:36.105455-08:00,read,key_315,3.19,true,false,2984
2025-11-27T21:27:35.998591-08:00,write,key_812,308.44,true,false,3079
2025-11-27T21:27:35.998607-08:00,write,key_319,308.45,true,false,3081
2025-11-27T21:27:35.998545-08:00,write,key_597,308.51,true,false,3082
2025-11-27T21:27:36.006249-08:00,write,key_897,302.52,true,false,3080
2025-11-27T21:27:36.105441-08:00,write,key_533,307.05,true,false,3082
2025-11-27T21:27:36.105533-08:00,write,key_933,306.96,true,false,3083
2025-11-27T21:27:36.105568-08:00,write,key_28,306.94,true,false,3081
2025-11-27T21:27:36.105512-08:00,write,key_542,307.04,true,false,3081
2025-11-27T21:27:36.105433-08:00,write,key_803,307.19,true,false,3081
2025-11-27T21:27:36.108645-08:00,write,key_547,305.81,true,false,3082
2025-11-27T21:27:36.307054-08:00,write,key_930,310.66,true,false,3084
2025-11-27T21:27:36.30703-08:00,write,key_530,310.78,true,false,3083
2025-11-27T21:27:36.308773-08:00,write,key_42,309.09,true,false,3085
2025-11-27T21:27:36.307055-08:00,write,key_807,312.16,true,false,3084
2025-11-27T21:27:36.412506-08:00,write,key_384,309.62,true,false,3084
2025-11-27T21:27:36.414454-08:00,write,key_261,307.68,true,false,3085
2025-11-27T21:27:36.412494-08:00,write,key_803,309.66,true,false,3086
2025-11-27T21:27:36.412554-08:00,write,key_847,309.60,true,false,3085
2025-11-27T21:27:36.41249-08:00,write,key_814,309.73,true,false,3084
2025-11-27T21:27:36.412618-08:00,write,key_695,309.73,true,false,3085
2025-11-27T21:27:36.722138-08:00,read,key_841,2.62,true,false,3077
2025-11-27T21:27:36.617813-08:00,write,key_441,314.85,true,false,3088
2025-11-27T21:27:36.617721-08:00,write,key_401,314.96,true,false,3087
2025-11-27T21:27:36.61922-08:00,write,key_925,313.49,true,false,3086
2025-11-27T21:27:36.617859-08:00,write,key_766,316.54,true,false,3086
2025-11-27T21:27:36.932709-08:00,read,key_772,6.13,true,false,2584
2025-11-27T21:27:36.722218-08:00,write,key_597,315.40,true,false,3090
2025-11-27T21:27:36.722156-08:00,write,key_220,315.50,true,false,3087
2025-11-27T21:27:36.722128-08:00,write,key_513,315.56,true,false,3089
2025-11-27T21:27:36.722158-08:00,write,key_533,315.55,true,false,3087
2025-11-27T21:27:36.724761-08:00,write,key_266,312.96,true,false,3089
2025-11-27T21:27:36.722346-08:00,write,key_394,315.58,true,false,3088
2025-11-27T21:27:37.037691-08:00,read,key_56,2.32,true,false,3075
2025-11-27T21:27:36.934398-08:00,write,key_225,307.45,true,false,3090
2025-11-27T21:27:36.932669-08:00,write,key_802,309.19,true,false,3091
2025-11-27T21:27:36.932682-08:00,write,key_326,309.35,true,false,3089
2025-11-27T21:27:36.938843-08:00,write,key_908,307.06,true,false,3092
2025-11-27T21:27:37.04001-08:00,write,key_660,307.54,true,false,3093
2025-11-27T21:27:37.037924-08:00,write,key_532,309.65,true,false,3093
2025-11-27T21:27:37.037723-08:00,write,key_546,309.85,true,false,3091
2025-11-27T21:27:37.037651-08:00,write,key_786,309.96,true,false,3092
2025-11-27T21:27:37.037622-08:00,write,key_531,310.22,true,false,3091
2025-11-27T21:27:37.037709-08:00,write,key_66,310.15,true,false,3091
2025-11-27T21:27:37.241863-08:00,write,key_228,308.70,true,false,3094
2025-11-27T21:27:37.242031-08:00,write,key_693,308.54,true,false,3095
2025-11-27T21:27:37.245902-08:00,write,key_559,304.70,true,false,3093
2025-11-27T21:27:37.241847-08:00,write,key_627,308.85,true,false,3094
2025-11-27T21:27:37.550573-08:00,read,key_403,5.64,true,false,2858
2025-11-27T21:27:37.347569-08:00,write,key_311,306.55,true,false,3095
2025-11-27T21:27:37.34755-08:00,write,key_846,306.58,true,false,3094
2025-11-27T21:27:37.347846-08:00,write,key_260,306.30,true,false,3096
2025-11-27T21:27:37.347575-08:00,write,key_939,306.61,true,false,3095
2025-11-27T21:27:37.347614-08:00,write,key_598,306.58,true,false,3094
2025-11-27T21:27:37.347858-08:00,write,key_261,308.63,true,false,3096
2025-11-27T21:27:37.556212-08:00,write,key_434,306.46,true,false,3096
2025-11-27T21:27:37.550604-08:00,write,key_701,312.13,true,false,3096
2025-11-27T21:27:37.550699-08:00,write,key_763,312.09,true,false,3097
2025-11-27T21:27:37.550573-08:00,write,key_754,312.23,true,false,3097
2025-11-27T21:27:37.654183-08:00,write,key_648,308.19,true,false,3098
2025-11-27T21:27:37.654143-08:00,write,key_436,308.24,true,false,3097
2025-11-27T21:27:37.65419-08:00,write,key_534,308.20,true,false,3097
2025-11-27T21:27:37.654126-08:00,write,key_588,308.33,true,false,3098
2025-11-27T21:27:37.962376-08:00,read,key_314,2.06,true,false,3010
2025-11-27T21:27:37.654133-08:00,write,key_608,311.33,true,false,3097
2025-11-27T21:27:37.65649-08:00,write,key_996,309.01,true,false,3099
2025-11-27T21:27:37.862678-08:00,write,key_954,303.98,true,false,3100
2025-11-27T21:27:37.862801-08:00,write,key_594,307.77,true,false,3098
2025-11-27T21:27:37.862732-08:00,write,key_397,307.85,true,false,3100
2025-11-27T21:27:37.862789-08:00,write,key_987,307.80,true,false,3099
2025-11-27T21:27:37.962379-08:00,write,key_801,304.90,true,false,3099
2025-11-27T21:27:37.962452-08:00,write,key_661,304.84,true,false,3100
2025-11-27T21:27:37.962387-08:00,write,key_363,304.93,true,false,3100
2025-11-27T21:27:37.965465-08:00,write,key_949,303.21,true,false,3100
2025-11-27T21:27:37.965505-08:00,write,key_41,305.09,true,false,3101
2025-11-27T21:27:37.964436-08:00,write,key_690,306.18,true,false,3101
2025-11-27T21:27:38.170581-08:00,write,key_401,305.08,true,false,3102
2025-11-27T21:27:38.170575-08:00,write,key_694,305.28,true,false,3103
2025-11-27T21:27:38.166664-08:00,write,key_116,309.21,true,false,3102
2025-11-27T21:27:38.170594-08:00,write,key_178,307.71,true,false,3103
2025-11-27T21:27:38.26868-08:00,write,key_625,311.86,true,false,3104
2025-11-27T21:27:38.267315-08:00,write,key_535,313.30,true,false,3102
2025-11-27T21:27:38.267286-08:00,write,key_567,313.46,true,false,3103
2025-11-27T21:27:38.270599-08:00,write,key_404,310.15,true,false,3105
2025-11-27T21:27:38.270612-08:00,write,key_208,310.54,true,false,3102
2025-11-27T21:27:38.267294-08:00,write,key_755,313.96,true,false,3104
2025-11-27T21:27:38.580616-08:00,read,key_510,6.55,true,false,3044
2025-11-27T21:27:38.475668-08:00,write,key_510,305.72,true,false,3107
2025-11-27T21:27:38.475877-08:00,write,key_815,305.55,true,false,3106
2025-11-27T21:27:38.475857-08:00,write,key_405,305.57,true,false,3104
2025-11-27T21:27:38.478304-08:00,write,key_224,303.13,true,false,3104
2025-11-27T21:27:38.581156-08:00,write,key_905,309.21,true,false,3106
2025-11-27T21:27:38.580545-08:00,write,key_613,309.82,true,false,3108
2025-11-27T21:27:38.581257-08:00,write,key_101,309.12,true,false,3109
2025-11-27T21:27:38.580744-08:00,write,key_453,309.66,true,false,3106
2025-11-27T21:27:38.580753-08:00,write,key_514,309.67,true,false,3108
2025-11-27T21:27:38.587174-08:00,write,key_659,308.18,true,false,3110
2025-11-27T21:27:38.781427-08:00,write,key_666,306.02,true,false,3108
2025-11-27T21:27:38.781436-08:00,write,key_758,306.05,true,false,3108
2025-11-27T21:27:38.781395-08:00,write,key_227,306.10,true,false,3112
2025-11-27T21:27:38.781432-08:00,write,key_392,306.09,true,false,3111
2025-11-27T21:27:39.087451-08:00,read,key_902,3.48,true,false,3072
2025-11-27T21:27:39.087517-08:00,read,key_208,3.42,true,false,3102
2025-11-27T21:27:38.890366-08:00,write,key_952,305.30,true,false,3111
2025-11-27T21:27:38.890366-08:00,write,key_936,305.36,true,false,3110
2025-11-27T21:27:38.890376-08:00,write,key_986,305.41,true,false,3111
2025-11-27T21:27:38.895356-08:00,write,key_937,303.13,true,false,3113
2025-11-27T21:27:38.890399-08:00,write,key_669,308.09,true,false,3112
2025-11-27T21:27:38.890425-08:00,write,key_236,308.11,true,false,3112
2025-11-27T21:27:39.090934-08:00,write,key_518,306.24,true,false,3113
2025-11-27T21:27:39.087482-08:00,write,key_514,310.44,true,false,3114
2025-11-27T21:27:39.090942-08:00,write,key_840,307.01,true,false,3114
2025-11-27T21:27:39.087491-08:00,write,key_948,310.46,true,false,3113
2025-11-27T21:27:39.19579-08:00,write,key_114,307.13,true,false,3116
2025-11-27T21:27:39.195674-08:00,write,key_693,307.27,true,false,3114
2025-11-27T21:27:39.19573-08:00,write,key_409,307.23,true,false,3115
2025-11-27T21:27:39.198486-08:00,write,key_520,304.48,true,false,3115
2025-11-27T21:27:39.198536-08:00,write,key_810,304.44,true,false,3114
2025-11-27T21:27:39.198487-08:00,write,key_398,306.66,true,false,3117
2025-11-27T21:27:39.505147-08:00,read,key_303,2.53,true,false,2406
2025-11-27T21:27:39.397922-08:00,write,key_199,313.04,true,false,3115
2025-11-27T21:27:39.397184-08:00,write,key_360,313.78,true,false,3118
2025-11-27T21:27:39.397954-08:00,write,key_537,313.07,true,false,3116
2025-11-27T21:27:39.397953-08:00,write,key_400,314.33,true,false,3117
2025-11-27T21:27:39.710961-08:00,read,key_555,2.83,true,false,3069
2025-11-27T21:27:39.502948-08:00,write,key_665,310.84,true,false,3117
2025-11-27T21:27:39.502923-08:00,write,key_534,310.88,true,false,3119
2025-11-27T21:27:39.502981-08:00,write,key_267,310.86,true,false,3118
2025-11-27T21:27:39.502968-08:00,write,key_323,310.90,true,false,3119
2025-11-27T21:27:39.502958-08:00,write,key_598,311.16,true,false,3117
2025-11-27T21:27:39.507674-08:00,write,key_307,307.95,true,false,3120
2025-11-27T21:27:39.711024-08:00,write,key_903,313.86,true,false,3119
2025-11-27T21:27:39.712284-08:00,write,key_486,312.62,true,false,3119
2025-11-27T21:27:39.713795-08:00,write,key_801,313.36,true,false,3120
2025-11-27T21:27:39.710962-08:00,write,key_819,316.22,true,false,3121
2025-11-27T21:27:39.813804-08:00,write,key_205,311.62,true,false,3121
2025-11-27T21:27:39.813869-08:00,write,key_665,311.57,true,false,3121
2025-11-27T21:27:39.815629-08:00,write,key_645,309.98,true,false,3122
2025-11-27T21:27:39.813794-08:00,write,key_583,312.46,true,false,3121
2025-11-27T21:27:39.814122-08:00,write,key_782,313.06,true,false,3122
2025-11-27T21:27:39.813837-08:00,write,key_892,316.91,true,false,3122
2025-11-27T21:27:40.02489-08:00,write,key_756,313.08,true,false,3123
2025-11-27T21:27:40.024905-08:00,write,key_529,313.08,true,false,3123
2025-11-27T21:27:40.027157-08:00,write,key_267,310.87,true,false,3123
2025-11-27T21:27:40.027178-08:00,write,key_632,311.04,true,false,3124
2025-11-27T21:27:40.127185-08:00,write,key_265,311.01,true,false,3124
2025-11-27T21:27:40.125431-08:00,write,key_700,312.77,true,false,3125
2025-11-27T21:27:40.126255-08:00,write,key_599,311.96,true,false,3123
2025-11-27T21:27:40.130743-08:00,write,key_997,309.93,true,false,3126
2025-11-27T21:27:40.125613-08:00,write,key_119,316.36,true,false,3124
2025-11-27T21:27:40.125442-08:00,write,key_563,316.54,true,false,3125
2025-11-27T21:27:40.338216-08:00,write,key_784,308.34,true,false,3128
2025-11-27T21:27:40.337968-08:00,write,key_687,308.63,true,false,3126
2025-11-27T21:27:40.338031-08:00,write,key_326,308.62,true,false,3125
2025-11-27T21:27:40.337981-08:00,write,key_228,308.71,true,false,3127
2025-11-27T21:27:40.441985-08:00,write,key_113,306.64,true,false,3130
2025-11-27T21:27:40.441976-08:00,write,key_807,306.65,true,false,3129
2025-11-27T21:27:40.438204-08:00,write,key_893,311.24,true,false,3130
2025-11-27T21:27:40.438203-08:00,write,key_844,311.25,true,false,3127
2025-11-27T21:27:40.440678-08:00,write,key_229,308.79,true,false,3129
2025-11-27T21:27:40.438216-08:00,write,key_262,312.63,true,false,3131
2025-11-27T21:27:40.750843-08:00,read,key_233,5.25,true,false,2607
2025-11-27T21:27:40.756098-08:00,read,key_440,0.93,true,false,2356
2025-11-27T21:27:40.646648-08:00,write,key_446,307.96,true,false,3132
2025-11-27T21:27:40.646557-08:00,write,key_263,308.06,true,false,3131
2025-11-27T21:27:40.646696-08:00,write,key_585,307.93,true,false,3132
2025-11-27T21:27:40.646602-08:00,write,key_317,308.05,true,false,3132
2025-11-27T21:27:40.954614-08:00,read,key_43,1.62,true,false,2912
2025-11-27T21:27:40.749441-08:00,write,key_445,314.38,true,false,3133
2025-11-27T21:27:40.757034-08:00,write,key_55,306.82,true,false,3133
2025-11-27T21:27:40.748623-08:00,write,key_933,315.24,true,false,3132
2025-11-27T21:27:40.749471-08:00,write,key_201,314.44,true,false,3135
2025-11-27T21:27:40.748628-08:00,write,key_752,315.36,true,false,3133
2025-11-27T21:27:40.749457-08:00,write,key_863,315.48,true,false,3134
2025-11-27T21:27:40.954654-08:00,write,key_787,313.08,true,false,3136
2025-11-27T21:27:40.954621-08:00,write,key_371,313.13,true,false,3136
2025-11-27T21:27:40.956238-08:00,write,key_694,311.52,true,false,3133
2025-11-27T21:27:40.954624-08:00,write,key_234,314.94,true,false,3137
2025-11-27T21:27:41.064937-08:00,write,key_957,307.27,true,false,3136
2025-11-27T21:27:41.063865-08:00,write,key_625,308.58,true,false,3138
2025-11-27T21:27:41.063858-08:00,write,key_445,310.12,true,false,3138
2025-11-27T21:27:41.063984-08:00,write,key_862,311.93,true,false,3137
2025-11-27T21:27:41.063909-08:00,write,key_41,312.02,true,false,3139
2025-11-27T21:27:41.063823-08:00,write,key_623,312.20,true,false,3140
2025-11-27T21:27:41.269564-08:00,write,key_485,309.48,true,false,3138
2025-11-27T21:27:41.267761-08:00,write,key_849,311.33,true,false,3141
2025-11-27T21:27:41.267756-08:00,write,key_539,311.38,true,false,3140
2025-11-27T21:27:41.267732-08:00,write,key_768,311.42,true,false,3139
2025-11-27T21:27:41.579094-08:00,read,key_949,2.78,true,false,3100
2025-11-27T21:27:41.372205-08:00,write,key_583,310.86,true,false,3141
2025-11-27T21:27:41.375911-08:00,write,key_849,307.16,true,false,3142
2025-11-27T21:27:41.373977-08:00,write,key_773,309.13,true,false,3142
2025-11-27T21:27:41.375926-08:00,write,key_548,307.23,true,false,3141
2025-11-27T21:27:41.372444-08:00,write,key_522,310.74,true,false,3142
2025-11-27T21:27:41.376021-08:00,write,key_428,307.20,true,false,3143
2025-11-27T21:27:41.683111-08:00,read,key_552,3.50,true,false,3022
2025-11-27T21:27:41.579045-08:00,write,key_313,309.45,true,false,3144
2025-11-27T21:27:41.579154-08:00,write,key_656,310.66,true,false,3146
2025-11-27T21:27:41.58188-08:00,write,key_557,310.22,true,false,3147
2025-11-27T21:27:41.579134-08:00,write,key_811,312.96,true,false,3145
2025-11-27T21:27:41.683072-08:00,write,key_883,308.87,true,false,3145
2025-11-27T21:27:41.683219-08:00,write,key_720,308.73,true,false,3144
2025-11-27T21:27:41.683185-08:00,write,key_269,308.80,true,false,3147
2025-11-27T21:27:41.683152-08:00,write,key_958,308.86,true,false,3144
2025-11-27T21:27:41.686613-08:00,write,key_221,305.40,true,false,3148
2025-11-27T21:27:41.68307-08:00,write,key_43,309.00,true,false,3144
2025-11-27T21:27:41.892098-08:00,write,key_892,311.01,true,false,3149
2025-11-27T21:27:41.888504-08:00,write,key_114,314.68,true,false,3147
2025-11-27T21:27:41.892098-08:00,write,key_44,311.36,true,false,3148
2025-11-27T21:27:41.889818-08:00,write,key_652,313.71,true,false,3147
2025-11-27T21:27:41.992011-08:00,write,key_265,310.20,true,false,3150
2025-11-27T21:27:41.992073-08:00,write,key_418,310.17,true,false,3149
2025-11-27T21:27:41.991945-08:00,write,key_900,310.79,true,false,3149
2025-11-27T21:27:42.302244-08:00,read,key_596,3.87,true,false,2966
2025-11-27T21:27:41.991951-08:00,write,key_553,314.34,true,false,3150
2025-11-27T21:27:41.991986-08:00,write,key_595,314.40,true,false,3151
2025-11-27T21:27:41.992009-08:00,write,key_817,314.45,true,false,3152
2025-11-27T21:27:42.203187-08:00,write,key_700,305.94,true,false,3150
2025-11-27T21:27:42.203463-08:00,write,key_686,305.68,true,false,3153
2025-11-27T21:27:42.203108-08:00,write,key_953,306.04,true,false,3151
2025-11-27T21:27:42.203528-08:00,write,key_812,308.92,true,false,3153
2025-11-27T21:27:42.306118-08:00,write,key_527,307.79,true,false,3154
2025-11-27T21:27:42.306462-08:00,write,key_227,307.57,true,false,3154
2025-11-27T21:27:42.306389-08:00,write,key_814,308.40,true,false,3153
2025-11-27T21:27:42.302216-08:00,write,key_314,312.88,true,false,3152
2025-11-27T21:27:42.306296-08:00,write,key_762,308.86,true,false,3153
2025-11-27T21:27:42.302732-08:00,write,key_768,317.15,true,false,3155
2025-11-27T21:27:42.615155-08:00,read,key_409,8.53,true,false,3115
2025-11-27T21:27:42.614051-08:00,read,key_441,9.81,true,false,3088
2025-11-27T21:27:42.509142-08:00,write,key_755,313.22,true,false,3155
2025-11-27T21:27:42.509144-08:00,write,key_235,321.37,true,false,3157
2025-11-27T21:27:42.509131-08:00,write,key_815,321.50,true,false,3156
2025-11-27T21:27:42.512446-08:00,write,key_897,319.54,true,false,3156
2025-11-27T21:27:42.614793-08:00,write,key_840,316.63,true,false,3156
2025-11-27T21:27:42.61391-08:00,write,key_427,317.52,true,false,3158
2025-11-27T21:27:42.619881-08:00,write,key_59,311.58,true,false,3156
2025-11-27T21:27:42.615092-08:00,write,key_788,319.38,true,false,3159
2025-11-27T21:27:42.623862-08:00,write,key_949,311.87,true,false,3158
2025-11-27T21:27:42.623688-08:00,write,key_666,313.21,true,false,3157
2025-11-27T21:27:42.831988-08:00,write,key_693,310.12,true,false,3160
2025-11-27T21:27:42.82237-08:00,write,key_551,319.76,true,false,3161
2025-11-27T21:27:42.830516-08:00,write,key_63,311.65,true,false,3160
2025-11-27T21:27:42.830628-08:00,write,key_537,311.57,true,false,3158
2025-11-27T21:27:43.142113-08:00,read,key_445,2.83,true,false,3138
2025-11-27T21:27:42.931421-08:00,write,key_591,309.56,true,false,3160
2025-11-27T21:27:42.931459-08:00,write,key_800,309.53,true,false,3161
2025-11-27T21:27:42.935735-08:00,write,key_269,309.22,true,false,3161
2025-11-27T21:27:42.934472-08:00,write,key_637,310.48,true,false,3162
2025-11-27T21:27:42.931432-08:00,write,key_43,313.52,true,false,3162
2025-11-27T21:27:42.936899-08:00,write,key_522,308.07,true,false,3163
2025-11-27T21:27:43.244951-08:00,read,key_554,2.19,true,false,3007
2025-11-27T21:27:43.244956-08:00,read,key_951,3.43,true,false,3032
2025-11-27T21:27:43.142131-08:00,write,key_811,311.67,true,false,3164
2025-11-27T21:27:43.142198-08:00,write,key_481,311.65,true,false,3164
2025-11-27T21:27:43.144948-08:00,write,key_314,308.94,true,false,3162
2025-11-27T21:27:43.142162-08:00,write,key_482,311.88,true,false,3162
2025-11-27T21:27:43.240982-08:00,write,key_767,307.77,true,false,3163
2025-11-27T21:27:43.244966-08:00,write,key_955,303.79,true,false,3165
2025-11-27T21:27:43.240992-08:00,write,key_694,307.78,true,false,3165
2025-11-27T21:27:43.24839-08:00,write,key_114,305.80,true,false,3164
2025-11-27T21:27:43.247138-08:00,write,key_867,307.07,true,false,3166
2025-11-27T21:27:43.244952-08:00,write,key_406,309.28,true,false,3166
2025-11-27T21:27:43.453886-08:00,write,key_593,309.15,true,false,3165
2025-11-27T21:27:43.453806-08:00,write,key_111,309.24,true,false,3168
2025-11-27T21:27:43.453843-08:00,write,key_691,309.23,true,false,3167
2025-11-27T21:27:43.454039-08:00,write,key_596,310.63,true,false,3169
2025-11-27T21:27:43.548759-08:00,write,key_938,313.74,true,false,3167
2025-11-27T21:27:43.548758-08:00,write,key_426,313.75,true,false,3166
2025-11-27T21:27:43.548773-08:00,write,key_773,313.74,true,false,3168
2025-11-27T21:27:43.554196-08:00,write,key_701,308.42,true,false,3167
2025-11-27T21:27:43.554209-08:00,write,key_118,308.95,true,false,3169
2025-11-27T21:27:43.554228-08:00,write,key_557,310.94,true,false,3168
2025-11-27T21:27:43.764675-08:00,write,key_994,309.04,true,false,3170
2025-11-27T21:27:43.763077-08:00,write,key_445,311.31,true,false,3170
2025-11-27T21:27:43.763037-08:00,write,key_237,311.56,true,false,3170
2025-11-27T21:27:43.76305-08:00,write,key_599,312.34,true,false,3170
2025-11-27T21:27:43.863155-08:00,write,key_908,314.08,true,false,3172
2025-11-27T21:27:43.862505-08:00,write,key_666,315.56,true,false,3171
2025-11-27T21:27:43.862517-08:00,write,key_763,315.63,true,false,3171
2025-11-27T21:27:43.865168-08:00,write,key_764,314.82,true,false,3172
2025-11-27T21:27:43.862614-08:00,write,key_530,317.84,true,false,3171
2025-11-27T21:27:43.862504-08:00,write,key_487,318.28,true,false,3170
2025-11-27T21:27:44.178069-08:00,read,key_703,7.66,true,false,2953
2025-11-27T21:27:44.074597-08:00,write,key_222,316.12,true,false,3171
2025-11-27T21:27:44.074386-08:00,write,key_557,316.34,true,false,3173
2025-11-27T21:27:44.075391-08:00,write,key_311,315.39,true,false,3174
2025-11-27T21:27:44.07373-08:00,write,key_805,317.19,true,false,3173
2025-11-27T21:27:44.390782-08:00,read,key_936,1.79,true,false,3110
2025-11-27T21:27:44.39073-08:00,read,key_806,1.87,true,false,2962
2025-11-27T21:27:44.177241-08:00,write,key_750,313.94,true,false,3173
2025-11-27T21:27:44.185735-08:00,write,key_205,305.45,true,false,3175
2025-11-27T21:27:44.179987-08:00,write,key_581,311.23,true,false,3174
2025-11-27T21:27:44.180452-08:00,write,key_474,310.79,true,false,3175
2025-11-27T21:27:44.18078-08:00,write,key_53,310.47,true,false,3174
2025-11-27T21:27:44.178144-08:00,write,key_534,313.25,true,false,3173
2025-11-27T21:27:44.392598-08:00,write,key_697,308.28,true,false,3176
2025-11-27T21:27:44.390922-08:00,write,key_592,310.02,true,false,3176
2025-11-27T21:27:44.390715-08:00,write,key_445,310.35,true,false,3177
2025-11-27T21:27:44.39257-08:00,write,key_117,309.11,true,false,3175
2025-11-27T21:27:44.491216-08:00,write,key_660,312.19,true,false,3178
2025-11-27T21:27:44.491183-08:00,write,key_503,312.25,true,false,3176
2025-11-27T21:27:44.49118-08:00,write,key_557,312.29,true,false,3178
2025-11-27T21:27:44.491246-08:00,write,key_745,312.41,true,false,3179
2025-11-27T21:27:44.491395-08:00,write,key_312,312.31,true,false,3179
2025-11-27T21:27:44.491253-08:00,write,key_122,312.64,true,false,3177
2025-11-27T21:27:44.700878-08:00,write,key_530,308.40,true,false,3181
2025-11-27T21:27:44.700943-08:00,write,key_937,310.04,true,false,3180
2025-11-27T21:27:44.701681-08:00,write,key_543,315.17,true,false,3182
2025-11-27T21:27:44.701068-08:00,write,key_847,315.84,true,false,3183
2025-11-27T21:27:44.803891-08:00,write,key_951,308.63,true,false,3180
2025-11-27T21:27:44.803474-08:00,write,key_224,309.06,true,false,3180
2025-11-27T21:27:44.803656-08:00,write,key_596,308.89,true,false,3181
2025-11-27T21:27:44.803429-08:00,write,key_481,309.13,true,false,3180
2025-11-27T21:27:44.803708-08:00,write,key_489,314.49,true,false,3184
2025-11-27T21:27:44.803406-08:00,write,key_38,316.00,true,false,3185
2025-11-27T21:27:45.01691-08:00,write,key_697,314.19,true,false,3186
2025-11-27T21:27:45.009276-08:00,write,key_50,321.83,true,false,3184
2025-11-27T21:27:45.016852-08:00,write,key_931,314.26,true,false,3185
2025-11-27T21:27:45.010988-08:00,write,key_881,320.13,true,false,3184
2025-11-27T21:27:45.112559-08:00,write,key_76,319.92,true,false,3188
2025-11-27T21:27:45.11253-08:00,write,key_412,319.96,true,false,3187
2025-11-27T21:27:45.119402-08:00,write,key_885,313.18,true,false,3186
2025-11-27T21:27:45.112551-08:00,write,key_30,320.07,true,false,3186
2025-11-27T21:27:45.118199-08:00,write,key_955,314.45,true,false,3189
2025-11-27T21:27:45.112525-08:00,write,key_807,320.24,true,false,3187
2025-11-27T21:27:45.331102-08:00,write,key_483,307.66,true,false,3190
2025-11-27T21:27:45.331114-08:00,write,key_15,307.66,true,false,3190
2025-11-27T21:27:45.331111-08:00,write,key_669,308.54,true,false,3187
2025-11-27T21:27:45.331102-08:00,write,key_49,308.55,true,false,3187
2025-11-27T21:27:45.43249-08:00,write,key_943,312.06,true,false,3190
2025-11-27T21:27:45.432484-08:00,write,key_758,313.70,true,false,3191
2025-11-27T21:27:45.432623-08:00,write,key_117,313.56,true,false,3190
2025-11-27T21:27:45.432586-08:00,write,key_208,313.61,true,false,3190
2025-11-27T21:27:45.432762-08:00,write,key_518,313.60,true,false,3191
2025-11-27T21:27:45.432646-08:00,write,key_779,313.74,true,false,3191
2025-11-27T21:27:45.746182-08:00,read,key_761,3.45,true,false,3046
2025-11-27T21:27:45.639649-08:00,write,key_860,307.14,true,false,3192
2025-11-27T21:27:45.638766-08:00,write,key_408,308.03,true,false,3192
2025-11-27T21:27:45.638776-08:00,write,key_783,308.04,true,false,3191
2025-11-27T21:27:45.639652-08:00,write,key_133,307.39,true,false,3192
2025-11-27T21:27:45.746197-08:00,write,key_45,307.48,true,false,3193
2025-11-27T21:27:45.746388-08:00,write,key_116,307.32,true,false,3192
2025-11-27T21:27:45.746363-08:00,write,key_551,307.37,true,false,3193
2025-11-27T21:27:45.746185-08:00,write,key_901,307.61,true,false,3193
2025-11-27T21:27:46.053682-08:00,read,key_250,2.91,true,false,2725
2025-11-27T21:27:45.749631-08:00,write,key_315,307.07,true,false,3193
2025-11-27T21:27:45.744549-08:00,write,key_201,312.31,true,false,3194
2025-11-27T21:27:45.946787-08:00,write,key_657,309.65,true,false,3196
2025-11-27T21:27:45.947046-08:00,write,key_73,309.40,true,false,3194
2025-11-27T21:27:45.946814-08:00,write,key_404,309.66,true,false,3195
2025-11-27T21:27:45.946799-08:00,write,key_959,309.76,true,false,3195
2025-11-27T21:27:46.056859-08:00,write,key_49,306.20,true,false,3195
2025-11-27T21:27:46.05371-08:00,write,key_939,309.36,true,false,3196
2025-11-27T21:27:46.056592-08:00,write,key_693,306.48,true,false,3195
2025-11-27T21:27:46.053793-08:00,write,key_802,309.31,true,false,3197
2025-11-27T21:27:46.053736-08:00,write,key_486,309.38,true,false,3196
2025-11-27T21:27:46.056697-08:00,write,key_264,307.49,true,false,3198
2025-11-27T21:27:46.256448-08:00,write,key_846,306.78,true,false,3197
2025-11-27T21:27:46.256557-08:00,write,key_906,306.68,true,false,3200
2025-11-27T21:27:46.256471-08:00,write,key_204,306.78,true,false,3197
2025-11-27T21:27:46.256436-08:00,write,key_79,306.84,true,false,3199
