timestamp,type,key,latency_ms,success,is_stale,version
2025-11-27T17:15:03.673775-08:00,read,key_499,2.73,false,false,0
2025-11-27T17:15:03.717951-08:00,read,key_481,3.15,false,false,0
2025-11-27T17:15:03.728174-08:00,read,key_497,2.61,true,false,283
2025-11-27T17:15:03.739129-08:00,read,key_485,2.59,true,false,91
2025-11-27T17:15:03.750083-08:00,read,key_492,1.62,true,false,178
2025-11-27T17:15:03.761154-08:00,read,key_485,1.54,true,false,91
2025-11-27T17:15:03.77222-08:00,read,key_483,3.63,true,false,14
2025-11-27T17:15:03.80475-08:00,read,key_494,4.00,false,false,0
2025-11-27T17:15:03.815493-08:00,read,key_498,1.95,true,false,104
2025-11-27T17:15:03.859233-08:00,read,key_459,3.36,false,false,0
2025-11-27T17:15:03.869727-08:00,read,key_493,1.28,true,false,282
2025-11-27T17:15:03.880833-08:00,read,key_496,4.41,false,false,0
2025-11-27T17:15:03.891079-08:00,read,key_953,1.96,false,false,0
2025-11-27T17:15:03.66335-08:00,write,key_497,307.82,true,false,282
2025-11-27T17:15:03.68477-08:00,write,key_491,304.32,true,false,282
2025-11-27T17:15:03.695863-08:00,write,key_493,307.92,true,false,282
2025-11-27T17:15:03.706924-08:00,write,key_497,307.42,true,false,283
2025-11-27T17:15:04.014346-08:00,read,key_486,6.27,false,false,0
2025-11-27T17:15:04.020619-08:00,read,key_958,1.01,false,false,0
2025-11-27T17:15:04.021655-08:00,read,key_450,0.61,false,false,0
2025-11-27T17:15:04.022266-08:00,read,key_122,2.06,false,false,0
2025-11-27T17:15:03.782954-08:00,write,key_496,305.82,true,false,283
2025-11-27T17:15:03.794059-08:00,write,key_485,309.70,true,false,284
2025-11-27T17:15:03.82661-08:00,write,key_456,308.00,true,false,284
2025-11-27T17:15:03.837625-08:00,write,key_499,305.28,true,false,283
2025-11-27T17:15:04.1429-08:00,read,key_516,2.75,true,false,262
2025-11-27T17:15:03.848778-08:00,write,key_489,306.33,true,false,282
2025-11-27T17:15:03.902175-08:00,write,key_483,309.34,true,false,284
2025-11-27T17:15:04.211514-08:00,read,key_401,0.67,false,false,0
2025-11-27T17:15:03.971172-08:00,write,key_37,313.46,true,false,285
2025-11-27T17:15:04.284631-08:00,read,key_404,1.00,false,false,0
2025-11-27T17:15:04.285632-08:00,read,key_512,2.22,true,false,285
2025-11-27T17:15:03.989083-08:00,write,key_510,305.44,true,false,285
2025-11-27T17:15:04.003775-08:00,write,key_490,309.79,true,false,286
2025-11-27T17:15:04.313563-08:00,read,key_453,3.77,false,false,0
2025-11-27T17:15:04.317334-08:00,read,key_448,0.75,true,false,115
2025-11-27T17:15:04.024331-08:00,write,key_722,305.13,true,false,287
2025-11-27T17:15:04.329456-08:00,read,key_514,0.78,false,false,0
2025-11-27T17:15:04.088776-08:00,write,key_493,306.91,true,false,286
2025-11-27T17:15:04.103763-08:00,write,key_449,304.85,true,false,285
2025-11-27T17:15:04.134603-08:00,write,key_512,307.81,true,false,285
2025-11-27T17:15:04.442409-08:00,read,key_496,0.63,true,false,283
2025-11-27T17:15:04.145652-08:00,write,key_122,306.58,true,false,287
2025-11-27T17:15:04.155107-08:00,write,key_450,307.12,true,false,286
2025-11-27T17:15:04.462221-08:00,read,key_499,3.02,true,false,283
2025-11-27T17:15:04.46524-08:00,read,key_401,1.76,false,false,0
2025-11-27T17:15:04.467006-08:00,read,key_728,1.06,true,false,163
2025-11-27T17:15:04.212184-08:00,write,key_405,306.17,true,false,288
2025-11-27T17:15:04.287853-08:00,write,key_408,306.22,true,false,288
2025-11-27T17:15:04.594074-08:00,read,key_482,1.15,false,false,0
2025-11-27T17:15:04.595229-08:00,read,key_517,0.80,true,false,214
2025-11-27T17:15:04.294518-08:00,write,key_614,303.46,true,false,287
2025-11-27T17:15:04.318085-08:00,write,key_515,304.08,true,false,288
2025-11-27T17:15:04.330237-08:00,write,key_480,306.15,true,false,289
2025-11-27T17:15:04.636386-08:00,read,key_726,0.98,true,false,122
2025-11-27T17:15:04.395679-08:00,write,key_440,306.24,true,false,289
2025-11-27T17:15:04.701921-08:00,read,key_616,2.62,false,false,0
2025-11-27T17:15:04.408612-08:00,write,key_950,309.13,true,false,288
2025-11-27T17:15:04.443043-08:00,write,key_37,303.68,true,false,288
2025-11-27T17:15:04.74672-08:00,read,key_491,1.22,true,false,282
2025-11-27T17:15:04.452258-08:00,write,key_126,303.98,true,false,289
2025-11-27T17:15:04.468069-08:00,write,key_490,308.96,true,false,290
2025-11-27T17:15:04.77703-08:00,read,key_34,1.50,true,false,185
2025-11-27T17:15:04.778527-08:00,read,key_502,1.37,false,false,0
2025-11-27T17:15:04.518353-08:00,write,key_452,307.90,true,false,289
2025-11-27T17:15:04.826247-08:00,read,key_582,0.78,false,false,0
2025-11-27T17:15:04.82703-08:00,read,key_585,0.98,false,false,0
2025-11-27T17:15:04.596032-08:00,write,key_516,306.15,true,false,291
2025-11-27T17:15:04.597978-08:00,write,key_589,305.58,true,false,289
2025-11-27T17:15:04.903552-08:00,read,key_519,1.01,true,false,208
2025-11-27T17:15:04.904559-08:00,read,key_127,5.07,false,false,0
2025-11-27T17:15:04.622166-08:00,write,key_451,308.43,true,false,290
2025-11-27T17:15:04.930598-08:00,read,key_981,0.65,true,false,236
2025-11-27T17:15:04.637373-08:00,write,key_511,305.98,true,false,290
2025-11-27T17:15:04.943347-08:00,read,key_449,0.72,true,false,285
2025-11-27T17:15:04.944065-08:00,read,key_272,1.21,true,false,173
2025-11-27T17:15:04.704549-08:00,write,key_449,307.84,true,false,291
2025-11-27T17:15:05.012396-08:00,read,key_517,0.75,true,false,214
2025-11-27T17:15:05.013149-08:00,read,key_869,4.26,true,false,193
2025-11-27T17:15:04.717736-08:00,write,key_723,309.29,true,false,292
2025-11-27T17:15:05.027023-08:00,read,key_484,0.90,false,false,0
2025-11-27T17:15:04.747941-08:00,write,key_515,307.09,true,false,292
2025-11-27T17:15:05.055025-08:00,read,key_776,0.78,false,false,0
2025-11-27T17:15:05.055804-08:00,read,key_486,3.60,false,false,0
2025-11-27T17:15:04.756237-08:00,write,key_612,304.94,true,false,292
2025-11-27T17:15:04.779894-08:00,write,key_618,308.49,true,false,293
2025-11-27T17:15:05.088433-08:00,read,key_867,4.18,false,false,0
2025-11-27T17:15:05.092617-08:00,read,key_796,0.82,true,false,245
2025-11-27T17:15:05.093436-08:00,read,key_589,0.71,true,false,289
2025-11-27T17:15:04.828018-08:00,write,key_124,308.87,true,false,294
2025-11-27T17:15:04.902176-08:00,write,key_957,303.66,true,false,294
2025-11-27T17:15:05.205837-08:00,read,key_405,0.64,true,false,288
2025-11-27T17:15:04.909635-08:00,write,key_484,302.52,true,false,292
2025-11-27T17:15:05.212154-08:00,read,key_32,0.70,true,false,136
2025-11-27T17:15:05.212857-08:00,read,key_860,0.72,false,false,0
2025-11-27T17:15:04.931249-08:00,write,key_482,304.54,true,false,295
2025-11-27T17:15:05.235782-08:00,read,key_507,0.74,true,false,176
2025-11-27T17:15:05.236528-08:00,read,key_517,0.46,true,false,214
2025-11-27T17:15:04.945275-08:00,write,key_402,307.35,true,false,293
2025-11-27T17:15:05.252622-08:00,read,key_611,0.70,false,false,0
2025-11-27T17:15:05.017411-08:00,write,key_447,304.76,true,false,296
2025-11-27T17:15:05.027929-08:00,write,key_862,306.09,true,false,293
2025-11-27T17:15:05.059409-08:00,write,key_514,303.91,true,false,294
2025-11-27T17:15:05.061178-08:00,write,key_799,306.54,true,false,295
2025-11-27T17:15:05.367718-08:00,read,key_225,1.53,true,false,145
2025-11-27T17:15:05.369249-08:00,read,key_506,1.08,true,false,118
2025-11-27T17:15:05.370334-08:00,read,key_274,2.09,true,false,219
2025-11-27T17:15:05.094144-08:00,write,key_407,307.26,true,false,296
2025-11-27T17:15:05.401398-08:00,read,key_490,0.72,true,false,290
2025-11-27T17:15:05.136884-08:00,write,key_868,305.16,true,false,297
2025-11-27T17:15:05.442046-08:00,read,key_860,0.70,false,false,0
2025-11-27T17:15:05.206479-08:00,write,key_568,305.14,true,false,296
2025-11-27T17:15:05.213579-08:00,write,key_916,305.81,true,false,295
2025-11-27T17:15:05.519389-08:00,read,key_500,0.89,false,false,0
2025-11-27T17:15:05.236984-08:00,write,key_509,307.03,true,false,297
2025-11-27T17:15:05.253321-08:00,write,key_566,309.43,true,false,298
2025-11-27T17:15:05.56275-08:00,read,key_492,0.76,true,false,178
2025-11-27T17:15:05.563511-08:00,read,key_641,0.68,false,false,0
2025-11-27T17:15:05.564194-08:00,read,key_617,2.07,false,false,0
2025-11-27T17:15:05.566274-08:00,read,key_321,0.58,true,false,254
2025-11-27T17:15:05.322173-08:00,write,key_222,307.48,true,false,299
2025-11-27T17:15:05.629656-08:00,read,key_438,1.03,false,false,0
2025-11-27T17:15:05.630685-08:00,read,key_587,0.71,false,false,0
2025-11-27T17:15:05.631394-08:00,read,key_433,2.11,true,false,211
2025-11-27T17:15:05.633509-08:00,read,key_962,0.63,false,false,0
2025-11-27T17:15:05.634142-08:00,read,key_985,0.48,false,false,0
2025-11-27T17:15:05.634625-08:00,read,key_619,0.60,false,false,0
2025-11-27T17:15:05.635227-08:00,read,key_912,0.66,true,false,241
2025-11-27T17:15:05.635888-08:00,read,key_515,0.74,true,false,292
2025-11-27T17:15:05.636628-08:00,read,key_992,0.68,false,false,0
2025-11-27T17:15:05.637308-08:00,read,key_900,0.78,true,false,82
2025-11-27T17:15:05.63809-08:00,read,key_377,0.59,false,false,0
2025-11-27T17:15:05.638685-08:00,read,key_278,0.58,true,false,46
2025-11-27T17:15:05.63927-08:00,read,key_38,0.68,true,false,177
2025-11-27T17:15:05.639951-08:00,read,key_793,1.77,true,false,10
2025-11-27T17:15:05.334019-08:00,write,key_791,310.02,true,false,300
2025-11-27T17:15:05.644033-08:00,read,key_371,0.93,false,false,0
2025-11-27T17:15:05.64496-08:00,read,key_311,0.53,false,false,0
2025-11-27T17:15:05.645493-08:00,read,key_986,0.63,true,false,127
2025-11-27T17:15:05.646119-08:00,read,key_223,1.80,false,false,0
2025-11-27T17:15:05.647918-08:00,read,key_443,0.49,false,false,0
2025-11-27T17:15:05.363318-08:00,write,key_453,307.03,true,false,297
2025-11-27T17:15:05.372421-08:00,write,key_160,304.23,true,false,299
2025-11-27T17:15:05.402121-08:00,write,key_32,308.26,true,false,301
2025-11-27T17:15:05.442749-08:00,write,key_122,308.71,true,false,302
2025-11-27T17:15:05.511618-08:00,write,key_162,306.26,true,false,302
2025-11-27T17:15:05.520277-08:00,write,key_542,305.78,true,false,298
2025-11-27T17:15:05.826054-08:00,read,key_124,1.07,true,false,294
2025-11-27T17:15:05.827128-08:00,read,key_956,1.01,false,false,0
2025-11-27T17:15:05.828137-08:00,read,key_584,0.79,false,false,0
2025-11-27T17:15:05.828929-08:00,read,key_867,0.80,false,false,0
2025-11-27T17:15:05.544009-08:00,write,key_434,309.68,true,false,303
2025-11-27T17:15:05.566854-08:00,write,key_55,305.01,true,false,299
2025-11-27T17:15:05.871867-08:00,read,key_51,0.85,true,false,52
2025-11-27T17:15:05.872721-08:00,read,key_485,0.67,true,false,284
2025-11-27T17:15:05.873392-08:00,read,key_670,0.94,false,false,0
2025-11-27T17:15:05.874334-08:00,read,key_996,1.71,false,false,0
2025-11-27T17:15:05.876046-08:00,read,key_35,2.97,true,false,60
2025-11-27T17:15:05.641725-08:00,write,key_278,310.37,true,false,303
2025-11-27T17:15:05.648407-08:00,write,key_762,304.47,true,false,301
2025-11-27T17:15:05.952869-08:00,read,key_616,1.11,false,false,0
2025-11-27T17:15:05.676648-08:00,write,key_909,304.02,true,false,301
2025-11-27T17:15:05.670348-08:00,write,key_64,310.32,true,false,302
2025-11-27T17:15:05.980666-08:00,read,key_68,3.31,false,false,0
2025-11-27T17:15:05.983976-08:00,read,key_910,3.90,false,false,0
2025-11-27T17:15:05.710377-08:00,write,key_587,308.19,true,false,304
2025-11-27T17:15:06.018568-08:00,read,key_503,0.93,true,false,84
2025-11-27T17:15:06.019496-08:00,read,key_902,0.91,true,false,215
2025-11-27T17:15:06.020412-08:00,read,key_325,0.60,false,false,0
2025-11-27T17:15:05.751458-08:00,write,key_519,305.27,true,false,304
2025-11-27T17:15:05.817876-08:00,write,key_564,308.50,true,false,303
2025-11-27T17:15:05.829725-08:00,write,key_50,305.33,true,false,305
2025-11-27T17:15:05.85369-08:00,write,key_39,306.38,true,false,305
2025-11-27T17:15:06.160067-08:00,read,key_496,0.86,true,false,283
2025-11-27T17:15:05.879015-08:00,write,key_587,307.75,true,false,306
2025-11-27T17:15:05.952093-08:00,write,key_273,305.39,true,false,304
2025-11-27T17:15:05.953978-08:00,write,key_331,306.19,true,false,307
2025-11-27T17:15:06.260164-08:00,read,key_541,0.80,true,false,151
2025-11-27T17:15:06.260966-08:00,read,key_950,3.86,true,false,288
2025-11-27T17:15:06.264831-08:00,read,key_492,0.76,true,false,178
2025-11-27T17:15:05.980667-08:00,write,key_34,308.90,true,false,307
2025-11-27T17:15:05.987875-08:00,write,key_860,303.63,true,false,308
2025-11-27T17:15:06.291498-08:00,read,key_956,0.72,false,false,0
2025-11-27T17:15:06.021011-08:00,write,key_906,314.00,true,false,305
2025-11-27T17:15:06.335011-08:00,read,key_335,1.13,false,false,0
2025-11-27T17:15:06.056762-08:00,write,key_52,312.10,true,false,309
2025-11-27T17:15:06.126424-08:00,write,key_612,312.68,true,false,306
2025-11-27T17:15:06.135051-08:00,write,key_756,304.06,true,false,309
2025-11-27T17:15:06.43911-08:00,read,key_645,2.33,false,false,0
2025-11-27T17:15:06.160929-08:00,write,key_500,306.79,true,false,310
2025-11-27T17:15:06.186768-08:00,write,key_588,310.51,true,false,311
2025-11-27T17:15:06.497282-08:00,read,key_505,2.89,false,false,0
2025-11-27T17:15:06.500177-08:00,read,key_568,2.72,true,false,296
2025-11-27T17:15:06.502898-08:00,read,key_583,0.62,false,false,0
2025-11-27T17:15:06.257486-08:00,write,key_228,307.60,true,false,308
2025-11-27T17:15:06.265592-08:00,write,key_673,304.33,true,false,309
2025-11-27T17:15:06.289559-08:00,write,key_727,306.60,true,false,308
2025-11-27T17:15:06.292216-08:00,write,key_985,304.00,true,false,309
2025-11-27T17:15:06.596154-08:00,read,key_906,1.06,true,false,305
2025-11-27T17:15:06.336143-08:00,write,key_725,309.78,true,false,309
2025-11-27T17:15:06.368864-08:00,write,key_332,304.49,true,false,312
2025-11-27T17:15:06.673355-08:00,read,key_228,2.20,true,false,308
2025-11-27T17:15:06.675555-08:00,read,key_769,0.90,false,false,0
2025-11-27T17:15:06.439105-08:00,write,key_614,305.98,true,false,313
2025-11-27T17:15:06.74508-08:00,read,key_546,1.73,true,false,112
2025-11-27T17:15:06.441443-08:00,write,key_59,305.39,true,false,312
2025-11-27T17:15:06.746829-08:00,read,key_728,1.31,true,false,163
2025-11-27T17:15:06.748137-08:00,read,key_318,4.26,false,false,0
2025-11-27T17:15:06.752396-08:00,read,key_928,0.80,false,false,0
2025-11-27T17:15:06.753199-08:00,read,key_997,0.89,false,false,0
2025-11-27T17:15:06.754091-08:00,read,key_336,2.28,false,false,0
2025-11-27T17:15:06.75637-08:00,read,key_959,1.76,false,false,0
2025-11-27T17:15:06.46772-08:00,write,key_169,305.71,true,false,311
2025-11-27T17:15:06.773425-08:00,read,key_454,1.94,true,false,98
2025-11-27T17:15:06.77537-08:00,read,key_628,2.29,false,false,0
2025-11-27T17:15:06.503517-08:00,write,key_912,305.83,true,false,312
2025-11-27T17:15:06.569917-08:00,write,key_752,307.75,true,false,312
2025-11-27T17:15:06.565087-08:00,write,key_374,312.59,true,false,314
2025-11-27T17:15:06.87766-08:00,read,key_723,0.94,true,false,292
2025-11-27T17:15:06.878603-08:00,read,key_754,0.79,true,false,233
2025-11-27T17:15:06.596212-08:00,write,key_518,314.07,true,false,313
2025-11-27T17:15:06.597212-08:00,write,key_862,313.09,true,false,314
2025-11-27T17:15:06.645915-08:00,write,key_610,307.75,true,false,313
2025-11-27T17:15:06.95366-08:00,read,key_613,0.70,false,false,0
2025-11-27T17:15:06.676461-08:00,write,key_685,306.96,true,false,314
2025-11-27T17:15:06.983413-08:00,read,key_560,2.91,true,false,274
2025-11-27T17:15:06.746807-08:00,write,key_549,308.66,true,false,315
2025-11-27T17:15:07.055464-08:00,read,key_435,1.09,false,false,0
2025-11-27T17:15:06.75813-08:00,write,key_430,304.76,true,false,316
2025-11-27T17:15:06.777664-08:00,write,key_324,307.63,true,false,315
2025-11-27T17:15:06.809349-08:00,write,key_778,309.85,true,false,317
2025-11-27T17:15:06.879391-08:00,write,key_999,309.59,true,false,318
2025-11-27T17:15:06.877677-08:00,write,key_434,311.33,true,false,315
2025-11-27T17:15:07.18898-08:00,read,key_64,2.95,true,false,302
2025-11-27T17:15:07.189003-08:00,read,key_681,4.43,true,false,117
2025-11-27T17:15:06.910279-08:00,write,key_674,309.00,true,false,317
2025-11-27T17:15:06.910303-08:00,write,key_999,310.14,true,false,315
2025-11-27T17:15:07.219276-08:00,read,key_922,2.83,false,false,0
2025-11-27T17:15:07.222104-08:00,read,key_383,0.75,true,false,226
2025-11-27T17:15:07.222853-08:00,read,key_722,1.70,true,false,287
2025-11-27T17:15:06.954359-08:00,write,key_496,306.94,true,false,315
2025-11-27T17:15:07.261296-08:00,read,key_346,2.01,false,false,0
2025-11-27T17:15:07.263313-08:00,read,key_451,1.26,true,false,290
2025-11-27T17:15:07.264576-08:00,read,key_582,2.41,false,false,0
2025-11-27T17:15:06.986323-08:00,write,key_699,307.48,true,false,316
2025-11-27T17:15:07.293802-08:00,read,key_31,1.20,true,false,107
2025-11-27T17:15:07.056556-08:00,write,key_958,307.41,true,false,316
2025-11-27T17:15:07.062887-08:00,write,key_565,304.92,true,false,319
2025-11-27T17:15:07.085292-08:00,write,key_273,306.25,true,false,320
2025-11-27T17:15:07.119198-08:00,write,key_862,308.90,true,false,318
2025-11-27T17:15:07.428095-08:00,read,key_54,0.91,false,false,0
2025-11-27T17:15:07.429008-08:00,read,key_472,0.82,true,false,112
2025-11-27T17:15:07.429824-08:00,read,key_910,0.45,false,false,0
2025-11-27T17:15:07.193433-08:00,write,key_991,303.55,true,false,319
2025-11-27T17:15:07.191934-08:00,write,key_868,305.06,true,false,319
2025-11-27T17:15:07.22044-08:00,write,key_760,308.97,true,false,321
2025-11-27T17:15:07.224555-08:00,write,key_958,304.88,true,false,319
2025-11-27T17:15:07.529436-08:00,read,key_757,0.84,false,false,0
2025-11-27T17:15:07.529412-08:00,read,key_57,0.88,false,false,0
2025-11-27T17:15:07.530273-08:00,read,key_953,0.65,false,false,0
2025-11-27T17:15:07.530289-08:00,read,key_994,0.65,true,false,205
2025-11-27T17:15:07.53092-08:00,read,key_470,2.20,true,false,213
2025-11-27T17:15:07.266989-08:00,write,key_768,309.75,true,false,320
2025-11-27T17:15:07.295003-08:00,write,key_486,306.69,true,false,321
2025-11-27T17:15:07.36397-08:00,write,key_981,312.75,true,false,320
2025-11-27T17:15:07.367806-08:00,write,key_540,311.55,true,false,322
2025-11-27T17:15:07.679349-08:00,read,key_52,1.07,true,false,309
2025-11-27T17:15:07.391539-08:00,write,key_761,310.89,true,false,322
2025-11-27T17:15:07.702428-08:00,read,key_759,2.59,true,false,133
2025-11-27T17:15:07.70502-08:00,read,key_58,0.68,true,false,41
2025-11-27T17:15:07.430277-08:00,write,key_64,306.04,true,false,323
2025-11-27T17:15:07.736314-08:00,read,key_613,1.12,false,false,0
2025-11-27T17:15:07.496978-08:00,write,key_723,307.82,true,false,321
2025-11-27T17:15:07.496993-08:00,write,key_53,307.83,true,false,322
2025-11-27T17:15:07.533123-08:00,write,key_612,304.51,true,false,323
2025-11-27T17:15:07.530941-08:00,write,key_498,306.71,true,false,322
2025-11-27T17:15:07.83764-08:00,read,key_36,1.20,true,false,237
2025-11-27T17:15:07.576739-08:00,write,key_773,308.73,true,false,324
2025-11-27T17:15:07.601689-08:00,write,key_378,308.50,true,false,323
2025-11-27T17:15:07.67672-08:00,write,key_512,312.55,true,false,325
2025-11-27T17:15:07.680424-08:00,write,key_51,308.85,true,false,325
2025-11-27T17:15:07.989266-08:00,read,key_37,2.81,true,false,288
2025-11-27T17:15:07.989265-08:00,read,key_585,4.11,false,false,0
2025-11-27T17:15:07.993374-08:00,read,key_982,2.12,true,false,5
2025-11-27T17:15:07.995494-08:00,read,key_491,0.64,true,false,282
2025-11-27T17:15:07.705701-08:00,write,key_615,306.68,true,false,326
2025-11-27T17:15:08.012376-08:00,read,key_542,2.58,true,false,298
2025-11-27T17:15:08.014961-08:00,read,key_953,2.60,false,false,0
2025-11-27T17:15:08.017565-08:00,read,key_763,0.90,false,false,0
2025-11-27T17:15:07.737434-08:00,write,key_584,307.05,true,false,324
2025-11-27T17:15:08.044481-08:00,read,key_543,0.88,false,false,0
2025-11-27T17:15:08.045368-08:00,read,key_545,0.86,true,false,82
2025-11-27T17:15:07.804795-08:00,write,key_951,308.28,true,false,324
2025-11-27T17:15:07.804819-08:00,write,key_954,308.27,true,false,327
2025-11-27T17:15:08.113072-08:00,read,key_59,1.19,true,false,312
2025-11-27T17:15:07.837643-08:00,write,key_619,309.22,true,false,325
2025-11-27T17:15:07.838844-08:00,write,key_952,308.03,true,false,327
2025-11-27T17:15:08.146866-08:00,read,key_50,2.37,true,false,305
2025-11-27T17:15:07.885466-08:00,write,key_956,311.47,true,false,328
2025-11-27T17:15:08.196939-08:00,read,key_164,0.84,false,false,0
2025-11-27T17:15:07.910184-08:00,write,key_547,303.90,true,false,326
2025-11-27T17:15:08.214082-08:00,read,key_626,3.32,false,false,0
2025-11-27T17:15:08.2174-08:00,read,key_767,0.89,false,false,0
2025-11-27T17:15:07.996132-08:00,write,key_152,306.23,true,false,327
2025-11-27T17:15:07.992077-08:00,write,key_747,310.32,true,false,329
2025-11-27T17:15:08.302365-08:00,read,key_905,2.88,false,false,0
2025-11-27T17:15:08.018464-08:00,write,key_957,303.42,true,false,328
2025-11-27T17:15:08.321886-08:00,read,key_589,3.53,true,false,289
2025-11-27T17:15:08.046225-08:00,write,key_127,308.37,true,false,327
2025-11-27T17:15:08.354592-08:00,read,key_611,4.05,false,false,0
2025-11-27T17:15:08.358644-08:00,read,key_778,0.79,true,false,317
2025-11-27T17:15:08.113086-08:00,write,key_222,304.73,true,false,329
2025-11-27T17:15:08.417822-08:00,read,key_559,0.84,false,false,0
2025-11-27T17:15:08.114265-08:00,write,key_580,304.73,true,false,330
2025-11-27T17:15:08.418667-08:00,read,key_51,2.51,true,false,325
2025-11-27T17:15:08.421176-08:00,read,key_613,0.55,false,false,0
2025-11-27T17:15:08.421727-08:00,read,key_964,0.51,false,false,0
2025-11-27T17:15:08.146857-08:00,write,key_110,308.32,true,false,330
2025-11-27T17:15:08.149241-08:00,write,key_623,306.03,true,false,328
2025-11-27T17:15:08.455178-08:00,read,key_68,1.84,false,false,0
2025-11-27T17:15:08.457019-08:00,read,key_566,1.55,true,false,298
2025-11-27T17:15:08.197783-08:00,write,key_469,305.56,true,false,329
2025-11-27T17:15:08.21829-08:00,write,key_863,307.73,true,false,331
2025-11-27T17:15:08.302397-08:00,write,key_512,308.35,true,false,332
2025-11-27T17:15:08.305244-08:00,write,key_760,307.65,true,false,333
2025-11-27T17:15:08.612893-08:00,read,key_634,2.22,true,false,278
2025-11-27T17:15:08.32542-08:00,write,key_58,304.06,true,false,334
2025-11-27T17:15:08.629481-08:00,read,key_860,0.71,true,false,308
2025-11-27T17:15:08.630191-08:00,read,key_993,0.78,true,false,166
2025-11-27T17:15:08.359439-08:00,write,key_52,304.05,true,false,330
2025-11-27T17:15:08.663482-08:00,read,key_544,0.84,false,false,0
2025-11-27T17:15:08.418993-08:00,write,key_674,304.55,true,false,334
2025-11-27T17:15:08.723546-08:00,read,key_156,2.29,true,false,252
2025-11-27T17:15:08.422235-08:00,write,key_585,305.06,true,false,331
2025-11-27T17:15:08.45857-08:00,write,key_987,305.15,true,false,332
2025-11-27T17:15:08.455267-08:00,write,key_34,308.46,true,false,331
2025-11-27T17:15:08.763723-08:00,read,key_339,1.00,false,false,0
2025-11-27T17:15:08.764721-08:00,read,key_581,3.60,false,false,0
2025-11-27T17:15:08.768321-08:00,read,key_821,0.98,false,false,0
2025-11-27T17:15:08.503337-08:00,write,key_720,311.05,true,false,332
2025-11-27T17:15:08.52602-08:00,write,key_51,304.69,true,false,335
2025-11-27T17:15:08.830705-08:00,read,key_455,2.02,false,false,0
2025-11-27T17:15:08.832788-08:00,read,key_156,1.27,true,false,252
2025-11-27T17:15:08.615113-08:00,write,key_997,309.68,true,false,337
2025-11-27T17:15:08.610753-08:00,write,key_30,315.08,true,false,336
2025-11-27T17:15:08.925834-08:00,read,key_760,1.59,true,false,333
2025-11-27T17:15:08.92479-08:00,read,key_31,2.65,true,false,107
2025-11-27T17:15:08.927424-08:00,read,key_681,2.29,true,false,117
2025-11-27T17:15:08.927438-08:00,read,key_447,3.40,true,false,296
2025-11-27T17:15:08.930841-08:00,read,key_545,1.60,true,false,82
2025-11-27T17:15:08.932447-08:00,read,key_583,1.29,false,false,0
2025-11-27T17:15:08.630971-08:00,write,key_386,305.11,true,false,336
2025-11-27T17:15:08.936078-08:00,read,key_680,0.67,true,false,133
2025-11-27T17:15:08.664326-08:00,write,key_548,307.25,true,false,335
2025-11-27T17:15:08.725834-08:00,write,key_699,306.43,true,false,335
2025-11-27T17:15:08.727297-08:00,write,key_156,305.83,true,false,338
2025-11-27T17:15:08.763714-08:00,write,key_611,312.97,true,false,335
2025-11-27T17:15:08.769299-08:00,write,key_53,307.39,true,false,336
2025-11-27T17:15:08.814382-08:00,write,key_720,315.39,true,false,337
2025-11-27T17:15:08.834056-08:00,write,key_999,310.54,true,false,338
2025-11-27T17:15:08.929717-08:00,write,key_445,306.21,true,false,339
2025-11-27T17:15:09.235931-08:00,read,key_314,1.23,true,false,12
2025-11-27T17:15:08.93374-08:00,write,key_543,304.39,true,false,339
2025-11-27T17:15:09.237162-08:00,read,key_484,1.19,true,false,292
2025-11-27T17:15:09.238353-08:00,read,key_998,3.57,false,false,0
2025-11-27T17:15:08.936747-08:00,write,key_409,305.86,true,false,338
2025-11-27T17:15:09.241927-08:00,read,key_552,0.92,false,false,0
2025-11-27T17:15:09.238128-08:00,read,key_448,5.54,true,false,115
2025-11-27T17:15:08.97157-08:00,write,key_498,313.28,true,false,338
2025-11-27T17:15:09.03226-08:00,write,key_270,305.75,true,false,340
2025-11-27T17:15:09.033124-08:00,write,key_951,304.90,true,false,339
2025-11-27T17:15:09.33802-08:00,read,key_997,3.03,true,false,337
2025-11-27T17:15:09.076681-08:00,write,key_722,309.73,true,false,339
2025-11-27T17:15:09.07668-08:00,write,key_22,309.73,true,false,339
2025-11-27T17:15:09.38641-08:00,read,key_406,1.02,false,false,0
2025-11-27T17:15:09.387431-08:00,read,key_819,2.39,false,false,0
2025-11-27T17:15:09.389823-08:00,read,key_752,0.73,true,false,312
2025-11-27T17:15:09.129775-08:00,write,key_929,310.33,true,false,340
2025-11-27T17:15:09.440106-08:00,read,key_345,0.91,false,false,0
2025-11-27T17:15:09.144599-08:00,write,key_506,306.40,true,false,341
2025-11-27T17:15:09.450996-08:00,read,key_673,2.37,true,false,309
2025-11-27T17:15:09.242607-08:00,write,key_989,304.00,true,false,341
2025-11-27T17:15:09.24285-08:00,write,key_338,303.76,true,false,341
2025-11-27T17:15:09.243666-08:00,write,key_812,302.97,true,false,342
2025-11-27T17:15:09.546604-08:00,read,key_561,1.57,false,false,0
2025-11-27T17:15:09.546608-08:00,read,key_952,4.27,true,false,327
2025-11-27T17:15:09.284843-08:00,write,key_812,308.55,true,false,340
2025-11-27T17:15:09.338008-08:00,write,key_23,309.41,true,false,342
2025-11-27T17:15:09.341053-08:00,write,key_53,306.64,true,false,343
2025-11-27T17:15:09.64769-08:00,read,key_510,3.72,true,false,285
2025-11-27T17:15:09.647419-08:00,read,key_55,5.11,true,false,299
2025-11-27T17:15:09.652534-08:00,read,key_58,1.16,true,false,334
2025-11-27T17:15:09.653692-08:00,read,key_993,1.48,true,false,166
2025-11-27T17:15:09.386411-08:00,write,key_658,312.22,true,false,341
2025-11-27T17:15:09.390552-08:00,write,key_461,309.44,true,false,342
2025-11-27T17:15:09.699988-08:00,read,key_828,1.35,false,false,0
2025-11-27T17:15:09.701345-08:00,read,key_504,0.70,false,false,0
2025-11-27T17:15:09.702051-08:00,read,key_445,0.62,true,false,339
2025-11-27T17:15:09.702671-08:00,read,key_76,0.75,true,false,99
2025-11-27T17:15:09.703423-08:00,read,key_651,0.61,false,false,0
2025-11-27T17:15:09.441017-08:00,write,key_639,310.53,true,false,343
2025-11-27T17:15:09.453367-08:00,write,key_812,305.79,true,false,343
2025-11-27T17:15:09.759157-08:00,read,key_721,0.73,false,false,0
2025-11-27T17:15:09.759884-08:00,read,key_614,2.29,true,false,313
2025-11-27T17:15:09.762171-08:00,read,key_329,0.78,false,false,0
2025-11-27T17:15:09.762949-08:00,read,key_585,0.52,true,false,331
2025-11-27T17:15:09.763473-08:00,read,key_400,0.51,false,false,0
2025-11-27T17:15:09.763989-08:00,read,key_615,0.47,true,false,326
2025-11-27T17:15:09.764458-08:00,read,key_584,0.61,true,false,324
2025-11-27T17:15:09.546632-08:00,write,key_764,308.73,true,false,343
2025-11-27T17:15:09.548179-08:00,write,key_642,307.19,true,false,344
2025-11-27T17:15:09.550875-08:00,write,key_799,304.55,true,false,344
2025-11-27T17:15:09.855362-08:00,read,key_817,2.63,true,false,130
2025-11-27T17:15:09.855366-08:00,read,key_486,2.76,true,false,321
2025-11-27T17:15:09.593388-08:00,write,key_434,312.66,true,false,343
2025-11-27T17:15:09.65517-08:00,write,key_402,305.13,true,false,346
2025-11-27T17:15:09.651411-08:00,write,key_466,309.06,true,false,345
2025-11-27T17:15:09.960295-08:00,read,key_776,1.09,false,false,0
2025-11-27T17:15:09.70403-08:00,write,key_670,306.37,true,false,345
2025-11-27T17:15:09.698637-08:00,write,key_21,311.78,true,false,344
2025-11-27T17:15:09.751542-08:00,write,key_758,309.98,true,false,344
2025-11-27T17:15:09.765066-08:00,write,key_725,304.95,true,false,345
2025-11-27T17:15:10.070017-08:00,read,key_508,0.86,true,false,158
2025-11-27T17:15:10.070882-08:00,read,key_312,0.85,false,false,0
2025-11-27T17:15:09.855423-08:00,write,key_50,308.98,true,false,347
2025-11-27T17:15:09.858123-08:00,write,key_565,306.30,true,false,345
2025-11-27T17:15:09.857998-08:00,write,key_657,306.64,true,false,346
2025-11-27T17:15:10.164417-08:00,read,key_584,3.23,true,false,324
2025-11-27T17:15:09.906041-08:00,write,key_753,310.69,true,false,347
2025-11-27T17:15:10.216728-08:00,read,key_950,1.32,true,false,288
2025-11-27T17:15:09.961385-08:00,write,key_200,308.03,true,false,347
2025-11-27T17:15:09.960466-08:00,write,key_653,308.96,true,false,347
2025-11-27T17:15:10.269413-08:00,read,key_691,1.36,true,false,253
2025-11-27T17:15:10.010417-08:00,write,key_116,304.41,true,false,347
2025-11-27T17:15:10.010402-08:00,write,key_821,307.77,true,false,348
2025-11-27T17:15:10.314828-08:00,read,key_370,4.60,true,false,248
2025-11-27T17:15:10.319433-08:00,read,key_981,0.95,true,false,320
2025-11-27T17:15:10.061527-08:00,write,key_209,309.93,true,false,349
2025-11-27T17:15:10.371459-08:00,read,key_53,0.74,true,false,343
2025-11-27T17:15:10.372204-08:00,read,key_314,0.90,true,false,12
2025-11-27T17:15:10.373106-08:00,read,key_484,2.67,true,false,292
2025-11-27T17:15:10.071729-08:00,write,key_372,304.05,true,false,348
2025-11-27T17:15:10.164637-08:00,write,key_729,313.02,true,false,350
2025-11-27T17:15:10.16765-08:00,write,key_500,310.06,true,false,351
2025-11-27T17:15:10.164401-08:00,write,key_166,313.36,true,false,349
2025-11-27T17:15:10.477654-08:00,read,key_376,1.94,false,false,0
2025-11-27T17:15:10.477703-08:00,read,key_807,4.24,false,false,0
2025-11-27T17:15:10.218048-08:00,write,key_319,310.71,true,false,352
2025-11-27T17:15:10.269425-08:00,write,key_465,311.43,true,false,350
2025-11-27T17:15:10.270771-08:00,write,key_918,310.11,true,false,353
2025-11-27T17:15:10.580854-08:00,read,key_375,5.28,false,false,0
2025-11-27T17:15:10.31817-08:00,write,key_516,309.19,true,false,349
2025-11-27T17:15:10.32039-08:00,write,key_150,307.00,true,false,350
2025-11-27T17:15:10.62736-08:00,read,key_580,1.30,true,false,330
2025-11-27T17:15:10.375777-08:00,write,key_114,308.57,true,false,354
2025-11-27T17:15:10.375776-08:00,write,key_986,311.30,true,false,351
2025-11-27T17:15:10.687069-08:00,read,key_766,0.92,true,false,45
2025-11-27T17:15:10.687989-08:00,read,key_992,0.90,false,false,0
2025-11-27T17:15:10.481947-08:00,write,key_488,306.28,true,false,356
2025-11-27T17:15:10.477759-08:00,write,key_748,310.56,true,false,355
2025-11-27T17:15:10.479593-08:00,write,key_774,308.83,true,false,352
2025-11-27T17:15:10.788225-08:00,read,key_762,6.09,true,false,301
2025-11-27T17:15:10.788312-08:00,read,key_327,6.02,true,false,43
2025-11-27T17:15:10.794317-08:00,read,key_373,1.01,false,false,0
2025-11-27T17:15:10.795331-08:00,read,key_434,1.34,true,false,343
2025-11-27T17:15:10.528759-08:00,write,key_124,306.69,true,false,353
2025-11-27T17:15:10.835453-08:00,read,key_764,1.10,true,false,343
2025-11-27T17:15:10.836558-08:00,read,key_920,1.33,true,false,159
2025-11-27T17:15:10.58088-08:00,write,key_407,311.04,true,false,354
2025-11-27T17:15:10.586133-08:00,write,key_152,305.81,true,false,357
2025-11-27T17:15:10.891944-08:00,read,key_526,0.78,false,false,0
2025-11-27T17:15:10.891914-08:00,read,key_674,0.84,true,false,334
2025-11-27T17:15:10.892754-08:00,read,key_649,0.85,false,false,0
2025-11-27T17:15:10.89273-08:00,read,key_158,2.80,true,false,69
2025-11-27T17:15:10.628662-08:00,write,key_51,310.66,true,false,358
2025-11-27T17:15:10.627384-08:00,write,key_722,311.95,true,false,354
2025-11-27T17:15:10.688902-08:00,write,key_508,304.24,true,false,355
2025-11-27T17:15:10.684349-08:00,write,key_490,308.81,true,false,355
2025-11-27T17:15:10.993135-08:00,read,key_614,1.65,true,false,313
2025-11-27T17:15:10.788416-08:00,write,key_408,308.76,true,false,357
2025-11-27T17:15:10.794335-08:00,write,key_800,306.60,true,false,358
2025-11-27T17:15:10.796672-08:00,write,key_487,305.96,true,false,359
2025-11-27T17:15:10.837888-08:00,write,key_742,307.18,true,false,359
2025-11-27T17:15:10.895529-08:00,write,key_967,305.74,true,false,360
2025-11-27T17:15:10.893601-08:00,write,key_496,307.69,true,false,358
2025-11-27T17:15:11.201282-08:00,read,key_626,2.67,false,false,0
2025-11-27T17:15:11.201264-08:00,read,key_587,2.72,true,false,306
2025-11-27T17:15:11.203981-08:00,read,key_450,0.87,true,false,286
2025-11-27T17:15:10.939316-08:00,write,key_565,312.58,true,false,362
2025-11-27T17:15:10.939326-08:00,write,key_409,312.58,true,false,361
2025-11-27T17:15:11.251897-08:00,read,key_693,1.10,false,false,0
2025-11-27T17:15:10.99479-08:00,write,key_944,309.28,true,false,360
2025-11-27T17:15:10.993154-08:00,write,key_953,310.93,true,false,359
2025-11-27T17:15:11.304066-08:00,read,key_401,1.06,false,false,0
2025-11-27T17:15:11.305124-08:00,read,key_407,3.71,true,false,354
2025-11-27T17:15:11.097172-08:00,write,key_621,311.98,true,false,361
2025-11-27T17:15:11.100929-08:00,write,key_653,308.23,true,false,360
2025-11-27T17:15:11.102631-08:00,write,key_918,306.55,true,false,362
2025-11-27T17:15:11.409159-08:00,read,key_861,1.91,false,false,0
2025-11-27T17:15:11.409153-08:00,read,key_52,1.94,true,false,330
2025-11-27T17:15:11.41107-08:00,read,key_373,2.55,false,false,0
2025-11-27T17:15:11.145071-08:00,write,key_554,310.90,true,false,361
2025-11-27T17:15:11.455965-08:00,read,key_374,4.22,true,false,314
2025-11-27T17:15:11.460192-08:00,read,key_493,1.12,true,false,286
2025-11-27T17:15:11.461309-08:00,read,key_275,0.70,false,false,0
2025-11-27T17:15:11.46201-08:00,read,key_450,0.75,true,false,286
2025-11-27T17:15:11.203957-08:00,write,key_51,306.99,true,false,363
2025-11-27T17:15:11.20485-08:00,write,key_619,306.12,true,false,362
2025-11-27T17:15:11.510942-08:00,read,key_864,1.23,false,false,0
2025-11-27T17:15:11.510964-08:00,read,key_760,1.23,true,false,333
2025-11-27T17:15:11.512192-08:00,read,key_507,1.45,true,false,176
2025-11-27T17:15:11.512169-08:00,read,key_918,1.49,true,false,362
2025-11-27T17:15:11.513662-08:00,read,key_431,1.00,true,false,260
2025-11-27T17:15:11.514665-08:00,read,key_403,0.60,false,false,0
2025-11-27T17:15:11.253003-08:00,write,key_510,305.41,true,false,364
2025-11-27T17:15:11.251906-08:00,write,key_77,306.56,true,false,363
2025-11-27T17:15:11.558413-08:00,read,key_522,1.28,false,false,0
2025-11-27T17:15:11.559696-08:00,read,key_804,0.87,true,false,114
2025-11-27T17:15:11.304079-08:00,write,key_997,309.91,true,false,363
2025-11-27T17:15:11.308836-08:00,write,key_725,305.18,true,false,364
2025-11-27T17:15:11.613982-08:00,read,key_482,3.77,true,false,295
2025-11-27T17:15:11.617752-08:00,read,key_995,1.07,true,false,175
2025-11-27T17:15:11.618825-08:00,read,key_453,0.76,true,false,297
2025-11-27T17:15:11.411098-08:00,write,key_57,304.06,true,false,364
2025-11-27T17:15:11.715154-08:00,read,key_750,4.43,false,false,0
2025-11-27T17:15:11.413624-08:00,write,key_826,306.00,true,false,366
2025-11-27T17:15:11.409176-08:00,write,key_876,310.48,true,false,365
2025-11-27T17:15:11.719656-08:00,read,key_225,2.33,true,false,145
2025-11-27T17:15:11.719616-08:00,read,key_809,2.38,false,false,0
2025-11-27T17:15:11.721994-08:00,read,key_955,0.97,false,false,0
2025-11-27T17:15:11.722963-08:00,read,key_857,1.60,true,false,113
2025-11-27T17:15:11.462759-08:00,write,key_576,305.51,true,false,363
2025-11-27T17:15:11.768269-08:00,read,key_742,0.91,true,false,359
2025-11-27T17:15:11.769178-08:00,read,key_157,0.75,false,false,0
2025-11-27T17:15:11.515268-08:00,write,key_227,305.44,true,false,367
2025-11-27T17:15:11.513648-08:00,write,key_994,307.83,true,false,365
2025-11-27T17:15:11.820705-08:00,read,key_461,5.57,true,false,342
2025-11-27T17:15:11.826281-08:00,read,key_801,0.79,false,false,0
2025-11-27T17:15:11.560563-08:00,write,key_931,309.04,true,false,368
2025-11-27T17:15:11.558465-08:00,write,key_431,311.57,true,false,367
2025-11-27T17:15:11.869602-08:00,read,key_942,1.76,false,false,0
2025-11-27T17:15:11.870034-08:00,read,key_27,1.37,true,false,220
2025-11-27T17:15:11.871364-08:00,read,key_387,1.57,true,false,161
2025-11-27T17:15:11.871407-08:00,read,key_998,1.52,false,false,0
2025-11-27T17:15:11.614009-08:00,write,key_408,313.06,true,false,368
2025-11-27T17:15:11.619587-08:00,write,key_404,307.49,true,false,365
2025-11-27T17:15:11.927068-08:00,read,key_395,1.05,true,false,124
2025-11-27T17:15:11.927068-08:00,read,key_991,1.06,true,false,319
2025-11-27T17:15:11.928121-08:00,read,key_314,0.87,true,false,12
2025-11-27T17:15:11.928124-08:00,read,key_703,0.88,true,false,90
2025-11-27T17:15:11.929001-08:00,read,key_906,1.04,true,false,305
2025-11-27T17:15:11.721989-08:00,write,key_55,306.03,true,false,369
2025-11-27T17:15:11.71959-08:00,write,key_587,308.46,true,false,370
2025-11-27T17:15:11.724559-08:00,write,key_38,304.48,true,false,369
2025-11-27T17:15:12.028043-08:00,read,key_313,2.10,true,false,189
2025-11-27T17:15:12.029038-08:00,read,key_957,1.69,true,false,328
2025-11-27T17:15:12.03073-08:00,read,key_991,1.02,true,false,319
2025-11-27T17:15:12.031748-08:00,read,key_342,4.36,true,false,142
2025-11-27T17:15:12.036108-08:00,read,key_23,0.82,true,false,342
2025-11-27T17:15:12.036929-08:00,read,key_964,0.97,false,false,0
2025-11-27T17:15:12.037896-08:00,read,key_452,0.68,true,false,289
2025-11-27T17:15:11.769927-08:00,write,key_912,307.73,true,false,370
2025-11-27T17:15:12.077651-08:00,read,key_875,0.99,false,false,0
2025-11-27T17:15:12.078644-08:00,read,key_201,0.67,false,false,0
2025-11-27T17:15:11.821472-08:00,write,key_866,313.41,true,false,371
2025-11-27T17:15:11.827068-08:00,write,key_954,307.84,true,false,372
2025-11-27T17:15:12.134883-08:00,read,key_6,1.11,false,false,0
2025-11-27T17:15:12.134902-08:00,read,key_860,1.09,true,false,308
2025-11-27T17:15:11.872931-08:00,write,key_918,310.45,true,false,372
2025-11-27T17:15:11.872932-08:00,write,key_425,310.48,true,false,371
2025-11-27T17:15:12.183384-08:00,read,key_931,1.08,true,false,368
2025-11-27T17:15:11.92899-08:00,write,key_511,308.42,true,false,369
2025-11-27T17:15:11.930039-08:00,write,key_439,307.37,true,false,369
2025-11-27T17:15:12.237423-08:00,read,key_373,1.21,false,false,0
2025-11-27T17:15:12.028013-08:00,write,key_169,311.84,true,false,373
2025-11-27T17:15:12.030142-08:00,write,key_329,309.98,true,false,374
2025-11-27T17:15:12.038572-08:00,write,key_513,305.67,true,false,375
2025-11-27T17:15:12.079313-08:00,write,key_741,307.79,true,false,371
2025-11-27T17:15:12.135993-08:00,write,key_348,309.20,true,false,376
2025-11-27T17:15:12.135993-08:00,write,key_319,309.20,true,false,373
2025-11-27T17:15:12.445202-08:00,read,key_158,3.21,true,false,69
2025-11-27T17:15:12.448411-08:00,read,key_956,1.82,true,false,328
2025-11-27T17:15:12.450236-08:00,read,key_775,2.21,false,false,0
2025-11-27T17:15:12.452453-08:00,read,key_317,0.63,false,false,0
2025-11-27T17:15:12.453082-08:00,read,key_272,0.78,true,false,173
2025-11-27T17:15:12.183407-08:00,write,key_126,305.57,true,false,373
2025-11-27T17:15:12.18447-08:00,write,key_908,308.11,true,false,374
2025-11-27T17:15:12.492582-08:00,read,key_488,0.96,true,false,356
2025-11-27T17:15:12.237411-08:00,write,key_36,309.16,true,false,377
2025-11-27T17:15:12.238636-08:00,write,key_963,307.96,true,false,375
2025-11-27T17:15:12.546566-08:00,read,key_310,4.38,false,false,0
2025-11-27T17:15:12.550944-08:00,read,key_616,0.74,false,false,0
2025-11-27T17:15:12.551686-08:00,read,key_21,0.87,true,false,344
2025-11-27T17:15:12.340115-08:00,write,key_902,311.98,true,false,375
2025-11-27T17:15:12.344243-08:00,write,key_482,307.90,true,false,376
2025-11-27T17:15:12.339853-08:00,write,key_743,312.30,true,false,378
2025-11-27T17:15:12.652097-08:00,read,key_541,1.53,true,false,151
2025-11-27T17:15:12.652153-08:00,read,key_725,1.50,true,false,364
2025-11-27T17:15:12.38711-08:00,write,key_125,310.13,true,false,376
2025-11-27T17:15:12.445192-08:00,write,key_393,306.91,true,false,377
2025-11-27T17:15:12.453859-08:00,write,key_879,305.91,true,false,377
2025-11-27T17:15:12.759762-08:00,read,key_954,3.22,true,false,372
2025-11-27T17:15:12.493541-08:00,write,key_807,308.85,true,false,379
2025-11-27T17:15:12.488972-08:00,write,key_33,313.43,true,false,379
2025-11-27T17:15:12.802399-08:00,read,key_954,1.41,true,false,372
2025-11-27T17:15:12.803812-08:00,read,key_440,1.13,true,false,289
2025-11-27T17:15:12.804944-08:00,read,key_486,0.91,true,false,321
2025-11-27T17:15:12.552563-08:00,write,key_4,306.44,true,false,380
2025-11-27T17:15:12.546593-08:00,write,key_54,312.44,true,false,378
2025-11-27T17:15:12.859004-08:00,read,key_26,0.79,true,false,188
2025-11-27T17:15:12.859028-08:00,read,key_873,0.77,false,false,0
2025-11-27T17:15:12.859795-08:00,read,key_999,0.93,true,false,338
2025-11-27T17:15:12.860723-08:00,read,key_997,0.76,true,false,363
2025-11-27T17:15:12.861486-08:00,read,key_125,0.90,true,false,376
2025-11-27T17:15:12.652142-08:00,write,key_792,304.33,true,false,379
2025-11-27T17:15:12.956479-08:00,read,key_157,0.63,false,false,0
2025-11-27T17:15:12.653624-08:00,write,key_21,305.40,true,false,381
2025-11-27T17:15:12.959023-08:00,read,key_833,0.57,true,false,94
2025-11-27T17:15:12.65365-08:00,write,key_770,306.81,true,false,382
2025-11-27T17:15:12.697239-08:00,write,key_379,314.20,true,false,383
2025-11-27T17:15:12.752107-08:00,write,key_57,307.84,true,false,384
2025-11-27T17:15:13.059943-08:00,read,key_384,1.03,true,false,147
2025-11-27T17:15:12.762983-08:00,write,key_994,304.31,true,false,385
2025-11-27T17:15:12.805857-08:00,write,key_2,306.19,true,false,380
2025-11-27T17:15:12.802388-08:00,write,key_723,309.67,true,false,380
2025-11-27T17:15:12.859798-08:00,write,key_150,307.92,true,false,381
2025-11-27T17:15:12.862389-08:00,write,key_872,305.35,true,false,385
2025-11-27T17:15:13.167737-08:00,read,key_402,1.27,true,false,346
2025-11-27T17:15:13.169013-08:00,read,key_35,0.88,true,false,60
2025-11-27T17:15:12.957111-08:00,write,key_797,305.89,true,false,386
2025-11-27T17:15:12.959595-08:00,write,key_39,308.58,true,false,387
2025-11-27T17:15:12.960455-08:00,write,key_688,307.74,true,false,388
2025-11-27T17:15:13.011439-08:00,write,key_487,308.85,true,false,384
2025-11-27T17:15:13.060978-08:00,write,key_994,307.77,true,false,388
2025-11-27T17:15:13.368751-08:00,read,key_370,1.11,true,false,248
2025-11-27T17:15:13.06729-08:00,write,key_951,303.53,true,false,389
2025-11-27T17:15:13.369861-08:00,read,key_227,1.15,true,false,367
2025-11-27T17:15:13.112053-08:00,write,key_500,307.69,true,false,390
2025-11-27T17:15:13.11205-08:00,write,key_808,307.69,true,false,389
2025-11-27T17:15:13.41974-08:00,read,key_400,0.75,false,false,0
2025-11-27T17:15:13.167721-08:00,write,key_618,305.09,true,false,386
2025-11-27T17:15:13.169897-08:00,write,key_204,304.98,true,false,386
2025-11-27T17:15:13.263001-08:00,write,key_754,308.10,true,false,391
2025-11-27T17:15:13.268187-08:00,write,key_454,302.93,true,false,389
2025-11-27T17:15:13.268172-08:00,write,key_483,302.96,true,false,389
2025-11-27T17:15:13.571124-08:00,read,key_161,0.54,false,false,0
2025-11-27T17:15:13.57111-08:00,read,key_652,0.66,false,false,0
2025-11-27T17:15:13.320295-08:00,write,key_945,305.56,true,false,391
2025-11-27T17:15:13.625853-08:00,read,key_603,2.03,false,false,0
2025-11-27T17:15:13.370811-08:00,write,key_156,307.38,true,false,390
2025-11-27T17:15:13.371017-08:00,write,key_554,307.19,true,false,390
2025-11-27T17:15:13.678195-08:00,read,key_38,0.64,true,false,369
2025-11-27T17:15:13.678837-08:00,read,key_379,0.54,true,false,383
2025-11-27T17:15:13.419739-08:00,write,key_486,309.64,true,false,392
2025-11-27T17:15:13.420493-08:00,write,key_33,308.90,true,false,391
2025-11-27T17:15:13.472808-08:00,write,key_226,307.13,true,false,391
2025-11-27T17:15:13.474871-08:00,write,key_686,305.08,true,false,393
2025-11-27T17:15:13.779944-08:00,read,key_846,2.88,false,false,0
2025-11-27T17:15:13.782823-08:00,read,key_385,2.51,false,false,0
2025-11-27T17:15:13.785338-08:00,read,key_729,1.25,true,false,350
2025-11-27T17:15:13.78659-08:00,read,key_933,0.90,true,false,270
2025-11-27T17:15:13.571102-08:00,write,key_281,313.31,true,false,394
2025-11-27T17:15:13.57177-08:00,write,key_524,312.65,true,false,392
2025-11-27T17:15:13.571663-08:00,write,key_949,312.77,true,false,393
2025-11-27T17:15:13.884416-08:00,read,key_379,1.33,true,false,383
2025-11-27T17:15:13.884425-08:00,read,key_916,1.33,true,false,295
2025-11-27T17:15:13.88575-08:00,read,key_55,0.81,true,false,369
2025-11-27T17:15:13.627884-08:00,write,key_522,308.78,true,false,395
2025-11-27T17:15:13.936658-08:00,read,key_33,1.20,true,false,391
2025-11-27T17:15:13.67938-08:00,write,key_904,308.47,true,false,393
2025-11-27T17:15:13.678208-08:00,write,key_511,309.65,true,false,392
2025-11-27T17:15:13.987857-08:00,read,key_274,1.09,true,false,219
2025-11-27T17:15:13.988945-08:00,read,key_610,0.86,true,false,313
2025-11-27T17:15:13.729376-08:00,write,key_541,309.68,true,false,394
2025-11-27T17:15:13.729385-08:00,write,key_507,309.70,true,false,393
2025-11-27T17:15:13.779944-08:00,write,key_774,313.71,true,false,395
2025-11-27T17:15:13.787492-08:00,write,key_613,306.16,true,false,394
2025-11-27T17:15:14.093659-08:00,read,key_961,1.30,false,false,0
2025-11-27T17:15:14.094967-08:00,read,key_137,0.91,false,false,0
2025-11-27T17:15:14.095878-08:00,read,key_951,0.98,true,false,389
2025-11-27T17:15:13.88576-08:00,write,key_175,309.01,true,false,396
2025-11-27T17:15:13.884406-08:00,write,key_30,310.36,true,false,395
2025-11-27T17:15:13.886562-08:00,write,key_906,308.24,true,false,397
2025-11-27T17:15:14.194889-08:00,read,key_419,3.12,true,false,212
2025-11-27T17:15:14.198012-08:00,read,key_116,3.36,true,false,347
2025-11-27T17:15:14.201378-08:00,read,key_906,0.61,true,false,397
2025-11-27T17:15:13.937865-08:00,write,key_761,308.15,true,false,396
2025-11-27T17:15:14.246012-08:00,read,key_540,1.01,true,false,322
2025-11-27T17:15:14.247019-08:00,read,key_124,0.65,true,false,353
2025-11-27T17:15:13.987843-08:00,write,key_420,308.54,true,false,397
2025-11-27T17:15:13.989811-08:00,write,key_682,306.61,true,false,396
2025-11-27T17:15:14.296415-08:00,read,key_270,1.96,true,false,340
2025-11-27T17:15:14.039077-08:00,write,key_163,313.13,true,false,398
2025-11-27T17:15:14.039052-08:00,write,key_952,313.16,true,false,398
2025-11-27T17:15:14.352211-08:00,read,key_274,1.28,true,false,219
2025-11-27T17:15:14.353492-08:00,read,key_790,1.03,false,false,0
2025-11-27T17:15:14.354524-08:00,read,key_501,0.93,false,false,0
2025-11-27T17:15:14.096863-08:00,write,key_448,305.87,true,false,396
2025-11-27T17:15:14.093649-08:00,write,key_493,310.91,true,false,399
2025-11-27T17:15:14.194764-08:00,write,key_310,307.74,true,false,398
2025-11-27T17:15:14.194766-08:00,write,key_764,309.30,true,false,400
2025-11-27T17:15:14.504065-08:00,read,key_424,0.86,true,false,179
2025-11-27T17:15:14.201989-08:00,write,key_34,305.59,true,false,400
2025-11-27T17:15:14.507583-08:00,read,key_988,2.91,true,false,106
2025-11-27T17:15:14.510498-08:00,read,key_606,0.83,true,false,203
2025-11-27T17:15:14.511325-08:00,read,key_77,0.79,true,false,363
2025-11-27T17:15:14.512116-08:00,read,key_322,0.99,true,false,174
2025-11-27T17:15:14.513102-08:00,read,key_774,0.62,true,false,395
2025-11-27T17:15:14.247666-08:00,write,key_367,312.13,true,false,401
2025-11-27T17:15:14.55979-08:00,read,key_271,2.45,false,false,0
2025-11-27T17:15:14.562244-08:00,read,key_158,0.83,true,false,69
2025-11-27T17:15:14.296384-08:00,write,key_618,312.16,true,false,401
2025-11-27T17:15:14.29838-08:00,write,key_902,310.16,true,false,398
2025-11-27T17:15:14.608538-08:00,read,key_542,1.10,true,false,298
2025-11-27T17:15:14.609642-08:00,read,key_958,1.56,true,false,319
2025-11-27T17:15:14.611205-08:00,read,key_949,0.78,true,false,393
2025-11-27T17:15:14.61199-08:00,read,key_763,1.02,false,false,0
2025-11-27T17:15:14.352206-08:00,write,key_164,312.21,true,false,402
2025-11-27T17:15:14.355459-08:00,write,key_993,308.97,true,false,399
2025-11-27T17:15:14.664409-08:00,read,key_990,3.40,false,false,0
2025-11-27T17:15:14.667809-08:00,read,key_488,0.89,true,false,356
2025-11-27T17:15:14.402728-08:00,write,key_400,308.90,true,false,403
2025-11-27T17:15:14.404554-08:00,write,key_221,309.40,true,false,404
2025-11-27T17:15:14.713948-08:00,read,key_915,4.49,false,false,0
2025-11-27T17:15:14.502502-08:00,write,key_561,315.12,true,false,403
2025-11-27T17:15:14.504925-08:00,write,key_157,312.74,true,false,401
2025-11-27T17:15:14.817618-08:00,read,key_551,1.43,false,false,0
2025-11-27T17:15:14.513722-08:00,write,key_740,305.39,true,false,405
2025-11-27T17:15:14.819046-08:00,read,key_774,1.54,true,false,395
2025-11-27T17:15:14.820586-08:00,read,key_203,0.87,false,false,0
2025-11-27T17:15:14.821453-08:00,read,key_220,0.57,false,false,0
2025-11-27T17:15:14.819106-08:00,read,key_914,2.94,false,false,0
2025-11-27T17:15:14.822042-08:00,read,key_542,1.01,true,false,298
2025-11-27T17:15:14.823056-08:00,read,key_821,1.83,true,false,348
2025-11-27T17:15:14.824887-08:00,read,key_958,0.72,true,false,319
2025-11-27T17:15:14.563076-08:00,write,key_964,307.99,true,false,405
2025-11-27T17:15:14.871059-08:00,read,key_660,0.91,false,false,0
2025-11-27T17:15:14.871968-08:00,read,key_908,0.71,true,false,374
2025-11-27T17:15:14.872678-08:00,read,key_549,1.80,true,false,315
2025-11-27T17:15:14.874477-08:00,read,key_155,1.49,false,false,0
2025-11-27T17:15:14.875977-08:00,read,key_648,0.67,false,false,0
2025-11-27T17:15:14.876647-08:00,read,key_686,0.74,true,false,393
2025-11-27T17:15:14.608538-08:00,write,key_602,310.32,true,false,402
2025-11-27T17:15:14.613013-08:00,write,key_31,305.85,true,false,406
2025-11-27T17:15:14.918856-08:00,read,key_375,2.13,false,false,0
2025-11-27T17:15:14.918851-08:00,read,key_37,2.15,true,false,288
2025-11-27T17:15:14.920985-08:00,read,key_557,0.75,false,false,0
2025-11-27T17:15:14.664423-08:00,write,key_675,305.66,true,false,403
2025-11-27T17:15:14.970082-08:00,read,key_197,1.55,false,false,0
2025-11-27T17:15:14.668696-08:00,write,key_728,302.98,true,false,406
2025-11-27T17:15:14.971636-08:00,read,key_128,0.62,false,false,0
2025-11-27T17:15:14.97226-08:00,read,key_906,2.26,true,false,397
2025-11-27T17:15:14.971669-08:00,read,key_221,2.87,true,false,404
2025-11-27T17:15:14.97454-08:00,read,key_635,0.75,false,false,0
2025-11-27T17:15:14.975286-08:00,read,key_940,0.72,true,false,63
2025-11-27T17:15:14.711625-08:00,write,key_748,308.45,true,false,407
2025-11-27T17:15:15.020079-08:00,read,key_321,1.27,true,false,254
2025-11-27T17:15:14.71844-08:00,write,key_626,303.92,true,false,405
2025-11-27T17:15:15.021352-08:00,read,key_871,1.31,true,false,25
2025-11-27T17:15:14.817655-08:00,write,key_489,309.94,true,false,406
2025-11-27T17:15:14.822019-08:00,write,key_30,305.59,true,false,406
2025-11-27T17:15:15.127601-08:00,read,key_999,1.87,true,false,338
2025-11-27T17:15:15.127599-08:00,read,key_725,3.11,true,false,364
2025-11-27T17:15:14.825609-08:00,write,key_349,305.11,true,false,406
2025-11-27T17:15:15.130712-08:00,read,key_549,2.39,true,false,315
2025-11-27T17:15:15.133104-08:00,read,key_192,0.99,true,false,227
2025-11-27T17:15:15.134091-08:00,read,key_9,0.71,false,false,0
2025-11-27T17:15:14.877391-08:00,write,key_570,308.70,true,false,407
2025-11-27T17:15:15.186085-08:00,read,key_493,3.18,true,false,399
2025-11-27T17:15:15.189265-08:00,read,key_583,2.55,false,false,0
2025-11-27T17:15:15.191822-08:00,read,key_487,1.21,true,false,384
2025-11-27T17:15:14.921003-08:00,write,key_279,307.29,true,false,407
2025-11-27T17:15:14.921733-08:00,write,key_623,306.56,true,false,408
2025-11-27T17:15:15.228294-08:00,read,key_481,0.77,false,false,0
2025-11-27T17:15:15.229061-08:00,read,key_992,0.47,false,false,0
2025-11-27T17:15:15.229529-08:00,read,key_114,0.47,true,false,354
2025-11-27T17:15:15.230001-08:00,read,key_535,0.43,true,false,255
2025-11-27T17:15:15.230428-08:00,read,key_217,0.30,true,false,108
2025-11-27T17:15:14.974518-08:00,write,key_874,304.96,true,false,408
2025-11-27T17:15:14.976006-08:00,write,key_681,303.48,true,false,407
2025-11-27T17:15:15.27948-08:00,read,key_964,0.63,true,false,405
2025-11-27T17:15:15.280107-08:00,read,key_407,0.40,true,false,354
2025-11-27T17:15:15.022663-08:00,write,key_229,305.30,true,false,408
2025-11-27T17:15:15.022352-08:00,write,key_929,305.63,true,false,409
2025-11-27T17:15:15.129472-08:00,write,key_902,306.46,true,false,410
2025-11-27T17:15:15.130712-08:00,write,key_406,305.41,true,false,409
2025-11-27T17:15:15.435927-08:00,read,key_644,1.74,false,false,0
2025-11-27T17:15:15.134801-08:00,write,key_514,302.90,true,false,408
2025-11-27T17:15:15.437698-08:00,read,key_729,0.90,true,false,350
2025-11-27T17:15:15.43767-08:00,read,key_547,0.94,true,false,326
2025-11-27T17:15:15.438601-08:00,read,key_750,1.47,false,false,0
2025-11-27T17:15:15.440076-08:00,read,key_941,2.90,false,false,0
2025-11-27T17:15:15.193034-08:00,write,key_871,305.36,true,false,409
2025-11-27T17:15:15.228294-08:00,write,key_687,307.65,true,false,411
2025-11-27T17:15:15.230731-08:00,write,key_757,305.25,true,false,410
2025-11-27T17:15:15.535938-08:00,read,key_482,1.95,true,false,376
2025-11-27T17:15:15.279484-08:00,write,key_952,304.61,true,false,412
2025-11-27T17:15:15.280508-08:00,write,key_58,305.14,true,false,409
2025-11-27T17:15:15.585639-08:00,read,key_927,0.49,false,false,0
2025-11-27T17:15:15.327959-08:00,write,key_504,306.91,true,false,412
2025-11-27T17:15:15.327982-08:00,write,key_749,306.90,true,false,411
2025-11-27T17:15:15.63487-08:00,read,key_161,0.90,false,false,0
2025-11-27T17:15:15.634882-08:00,read,key_627,0.89,true,false,125
2025-11-27T17:15:15.635775-08:00,read,key_317,0.90,false,false,0
2025-11-27T17:15:15.436135-08:00,write,key_153,307.78,true,false,411
2025-11-27T17:15:15.442977-08:00,write,key_951,303.37,true,false,413
2025-11-27T17:15:15.438611-08:00,write,key_544,307.74,true,false,412
2025-11-27T17:15:15.746346-08:00,read,key_760,1.21,true,false,333
2025-11-27T17:15:15.747559-08:00,read,key_611,2.15,true,false,335
2025-11-27T17:15:15.498392-08:00,write,key_549,304.50,true,false,413
2025-11-27T17:15:15.537889-08:00,write,key_651,307.22,true,false,414
2025-11-27T17:15:15.535979-08:00,write,key_114,309.14,true,false,413
2025-11-27T17:15:15.584093-08:00,write,key_580,304.85,true,false,413
2025-11-27T17:15:15.888942-08:00,read,key_419,0.76,true,false,212
2025-11-27T17:15:15.889708-08:00,read,key_905,0.91,false,false,0
2025-11-27T17:15:15.890616-08:00,read,key_561,1.11,true,false,403
2025-11-27T17:15:15.586135-08:00,write,key_413,305.77,true,false,415
2025-11-27T17:15:15.635773-08:00,write,key_876,308.58,true,false,416
2025-11-27T17:15:15.636675-08:00,write,key_506,307.72,true,false,414
2025-11-27T17:15:15.746345-08:00,write,key_564,304.59,true,false,414
2025-11-27T17:15:15.743921-08:00,write,key_568,307.02,true,false,417
2025-11-27T17:15:15.749706-08:00,write,key_473,304.84,true,false,415
2025-11-27T17:15:16.054545-08:00,read,key_506,0.72,true,false,414
2025-11-27T17:15:15.802894-08:00,write,key_573,305.49,true,false,414
2025-11-27T17:15:16.108383-08:00,read,key_2,0.87,true,false,380
2025-11-27T17:15:16.109254-08:00,read,key_583,0.87,false,false,0
2025-11-27T17:15:15.845112-08:00,write,key_273,306.86,true,false,418
2025-11-27T17:15:15.845113-08:00,write,key_741,306.86,true,false,418
2025-11-27T17:15:16.151994-08:00,read,key_312,1.15,false,false,0
2025-11-27T17:15:16.153144-08:00,read,key_721,0.92,false,false,0
2025-11-27T17:15:16.154063-08:00,read,key_271,0.98,false,false,0
2025-11-27T17:15:16.151975-08:00,read,key_760,3.10,true,false,333
2025-11-27T17:15:16.155045-08:00,read,key_437,0.71,true,false,143
2025-11-27T17:15:16.155754-08:00,read,key_371,0.85,false,false,0
2025-11-27T17:15:16.156601-08:00,read,key_664,1.81,false,false,0
2025-11-27T17:15:16.158416-08:00,read,key_569,1.31,false,false,0
2025-11-27T17:15:16.159727-08:00,read,key_584,0.87,true,false,324
2025-11-27T17:15:16.160596-08:00,read,key_624,0.81,false,false,0
2025-11-27T17:15:16.161406-08:00,read,key_688,0.59,true,false,388
2025-11-27T17:15:16.161997-08:00,read,key_118,0.85,true,false,278
2025-11-27T17:15:15.891729-08:00,write,key_680,309.53,true,false,416
2025-11-27T17:15:15.891896-08:00,write,key_329,309.38,true,false,419
2025-11-27T17:15:16.201261-08:00,read,key_546,1.31,true,false,112
2025-11-27T17:15:16.202573-08:00,read,key_626,0.91,true,false,405
2025-11-27T17:15:16.20349-08:00,read,key_75,2.52,false,false,0
2025-11-27T17:15:15.944346-08:00,write,key_542,309.23,true,false,419
2025-11-27T17:15:15.944389-08:00,write,key_139,310.79,true,false,417
2025-11-27T17:15:16.055266-08:00,write,key_506,306.29,true,false,421
2025-11-27T17:15:16.050935-08:00,write,key_999,310.63,true,false,420
2025-11-27T17:15:16.050931-08:00,write,key_919,311.36,true,false,418
2025-11-27T17:15:16.362286-08:00,read,key_870,1.56,true,false,275
2025-11-27T17:15:16.110123-08:00,write,key_34,305.46,true,false,419
2025-11-27T17:15:16.415582-08:00,read,key_641,1.69,false,false,0
2025-11-27T17:15:16.155074-08:00,write,key_741,308.69,true,false,421
2025-11-27T17:15:16.162843-08:00,write,key_229,302.42,true,false,420
2025-11-27T17:15:16.20127-08:00,write,key_193,309.98,true,false,420
2025-11-27T17:15:16.206013-08:00,write,key_221,305.26,true,false,422
2025-11-27T17:15:16.511273-08:00,read,key_623,1.61,true,false,408
2025-11-27T17:15:16.255174-08:00,write,key_204,307.92,true,false,423
2025-11-27T17:15:16.25357-08:00,write,key_53,309.54,true,false,422
2025-11-27T17:15:16.56311-08:00,read,key_469,1.45,true,false,329
2025-11-27T17:15:16.361553-08:00,write,key_788,308.52,true,false,424
2025-11-27T17:15:16.36156-08:00,write,key_453,308.53,true,false,424
2025-11-27T17:15:16.363851-08:00,write,key_619,306.26,true,false,425
2025-11-27T17:15:16.417275-08:00,write,key_957,304.17,true,false,422
2025-11-27T17:15:16.721448-08:00,read,key_615,1.90,true,false,326
2025-11-27T17:15:16.723348-08:00,read,key_518,1.73,true,false,313
2025-11-27T17:15:16.463766-08:00,write,key_349,306.82,true,false,423
2025-11-27T17:15:16.770584-08:00,read,key_554,1.20,true,false,390
2025-11-27T17:15:16.465264-08:00,write,key_468,306.75,true,false,422
2025-11-27T17:15:16.772005-08:00,read,key_433,1.92,true,false,211
2025-11-27T17:15:16.77393-08:00,read,key_582,2.81,false,false,0
2025-11-27T17:15:16.511249-08:00,write,key_502,309.54,true,false,424
2025-11-27T17:15:16.512881-08:00,write,key_487,307.93,true,false,426
2025-11-27T17:15:16.820785-08:00,read,key_518,1.14,true,false,313
2025-11-27T17:15:16.563089-08:00,write,key_57,307.91,true,false,426
2025-11-27T17:15:16.564563-08:00,write,key_681,306.44,true,false,425
2025-11-27T17:15:16.670107-08:00,write,key_200,307.49,true,false,426
2025-11-27T17:15:16.670074-08:00,write,key_655,307.82,true,false,426
2025-11-27T17:15:16.670083-08:00,write,key_777,307.82,true,false,427
2025-11-27T17:15:16.977902-08:00,read,key_454,4.90,true,false,389
2025-11-27T17:15:16.977594-08:00,read,key_498,5.77,true,false,338
2025-11-27T17:15:16.982799-08:00,read,key_821,1.61,true,false,348
2025-11-27T17:15:16.725078-08:00,write,key_758,304.82,true,false,428
2025-11-27T17:15:17.029899-08:00,read,key_872,4.11,true,false,385
2025-11-27T17:15:17.034007-08:00,read,key_314,0.77,true,false,12
2025-11-27T17:15:16.771782-08:00,write,key_264,307.64,true,false,427
2025-11-27T17:15:16.776742-08:00,write,key_740,307.05,true,false,428
2025-11-27T17:15:17.083788-08:00,read,key_693,2.89,false,false,0
2025-11-27T17:15:16.821925-08:00,write,key_378,308.49,true,false,427
2025-11-27T17:15:16.820805-08:00,write,key_310,309.63,true,false,428
2025-11-27T17:15:16.870999-08:00,write,key_874,310.48,true,false,430
2025-11-27T17:15:16.871003-08:00,write,key_123,312.53,true,false,429
2025-11-27T17:15:17.183532-08:00,read,key_293,1.64,true,false,263
2025-11-27T17:15:16.97789-08:00,write,key_502,306.80,true,false,429
2025-11-27T17:15:17.284687-08:00,read,key_821,1.05,true,false,348
2025-11-27T17:15:16.984415-08:00,write,key_373,304.16,true,false,428
2025-11-27T17:15:17.288572-08:00,read,key_397,0.78,false,false,0
2025-11-27T17:15:16.983366-08:00,write,key_371,307.80,true,false,430
2025-11-27T17:15:17.034778-08:00,write,key_957,306.08,true,false,429
2025-11-27T17:15:17.340855-08:00,read,key_169,1.26,true,false,373
2025-11-27T17:15:17.342121-08:00,read,key_488,0.78,true,false,356
2025-11-27T17:15:17.079427-08:00,write,key_502,306.97,true,false,429
2025-11-27T17:15:17.086681-08:00,write,key_451,302.23,true,false,431
2025-11-27T17:15:17.386395-08:00,read,key_313,6.51,true,false,189
2025-11-27T17:15:17.38891-08:00,read,key_27,4.00,true,false,220
2025-11-27T17:15:17.392914-08:00,read,key_485,1.76,true,false,284
2025-11-27T17:15:17.394674-08:00,read,key_117,0.94,true,false,212
2025-11-27T17:15:17.130418-08:00,write,key_951,308.04,true,false,433
2025-11-27T17:15:17.438456-08:00,read,key_961,1.49,false,false,0
2025-11-27T17:15:17.130428-08:00,write,key_548,309.73,true,false,432
2025-11-27T17:15:17.181476-08:00,write,key_346,309.06,true,false,434
2025-11-27T17:15:17.18517-08:00,write,key_111,307.28,true,false,431
2025-11-27T17:15:17.490535-08:00,read,key_201,2.81,false,false,0
2025-11-27T17:15:17.493345-08:00,read,key_435,1.31,false,false,0
2025-11-27T17:15:17.492443-08:00,read,key_3,3.07,true,false,244
2025-11-27T17:15:17.285737-08:00,write,key_793,307.86,true,false,435
2025-11-27T17:15:17.29116-08:00,write,key_485,304.56,true,false,432
2025-11-27T17:15:17.289353-08:00,write,key_583,306.39,true,false,431
2025-11-27T17:15:17.595742-08:00,read,key_408,1.58,true,false,368
2025-11-27T17:15:17.342901-08:00,write,key_509,308.52,true,false,431
2025-11-27T17:15:17.651423-08:00,read,key_959,2.63,false,false,0
2025-11-27T17:15:17.392912-08:00,write,key_843,305.34,true,false,436
2025-11-27T17:15:17.395618-08:00,write,key_265,304.98,true,false,437
2025-11-27T17:15:17.439954-08:00,write,key_621,307.98,true,false,434
2025-11-27T17:15:17.440155-08:00,write,key_132,307.78,true,false,438
2025-11-27T17:15:17.747933-08:00,read,key_269,3.08,false,false,0
2025-11-27T17:15:17.751014-08:00,read,key_439,2.61,true,false,369
2025-11-27T17:15:17.494656-08:00,write,key_374,309.10,true,false,435
2025-11-27T17:15:17.495519-08:00,write,key_522,308.26,true,false,436
2025-11-27T17:15:17.803754-08:00,read,key_402,0.87,true,false,346
2025-11-27T17:15:17.804629-08:00,read,key_768,0.78,true,false,320
2025-11-27T17:15:17.80541-08:00,read,key_547,0.94,true,false,326
2025-11-27T17:15:17.595718-08:00,write,key_37,309.93,true,false,436
2025-11-27T17:15:17.597323-08:00,write,key_379,308.34,true,false,438
2025-11-27T17:15:17.593602-08:00,write,key_53,312.08,true,false,437
2025-11-27T17:15:17.905682-08:00,read,key_224,3.09,false,false,0
2025-11-27T17:15:17.905659-08:00,read,key_224,4.06,false,false,0
2025-11-27T17:15:17.654053-08:00,write,key_996,304.92,true,false,436
2025-11-27T17:15:17.700597-08:00,write,key_430,308.34,true,false,438
2025-11-27T17:15:17.698267-08:00,write,key_59,310.68,true,false,439
2025-11-27T17:15:18.008943-08:00,read,key_513,2.06,true,false,375
2025-11-27T17:15:17.748545-08:00,write,key_613,310.60,true,false,439
2025-11-27T17:15:17.753623-08:00,write,key_955,305.55,true,false,440
2025-11-27T17:15:17.803772-08:00,write,key_891,311.54,true,false,440
2025-11-27T17:15:17.806349-08:00,write,key_341,311.20,true,false,439
2025-11-27T17:15:17.905642-08:00,write,key_896,314.68,true,false,441
2025-11-27T17:15:17.908779-08:00,write,key_518,311.54,true,false,442
2025-11-27T17:15:17.909721-08:00,write,key_400,310.63,true,false,443
2025-11-27T17:15:18.220318-08:00,read,key_993,8.11,true,false,399
2025-11-27T17:15:17.95897-08:00,write,key_985,306.26,true,false,441
2025-11-27T17:15:18.265229-08:00,read,key_79,1.22,false,false,0
2025-11-27T17:15:18.011006-08:00,write,key_274,310.71,true,false,443
2025-11-27T17:15:18.008936-08:00,write,key_807,312.79,true,false,444
2025-11-27T17:15:18.321709-08:00,read,key_503,1.07,true,false,84
2025-11-27T17:15:18.05917-08:00,write,key_343,310.46,true,false,444
2025-11-27T17:15:18.059147-08:00,write,key_568,310.49,true,false,441
2025-11-27T17:15:18.369625-08:00,read,key_274,1.60,true,false,443
2025-11-27T17:15:18.371224-08:00,read,key_583,0.75,true,false,441
2025-11-27T17:15:18.371973-08:00,read,key_919,0.80,true,false,418
2025-11-27T17:15:18.117545-08:00,write,key_583,305.39,true,false,441
2025-11-27T17:15:18.115311-08:00,write,key_811,307.81,true,false,445
2025-11-27T17:15:18.423122-08:00,read,key_612,1.92,true,false,323
2025-11-27T17:15:18.422936-08:00,read,key_562,3.54,true,false,150
2025-11-27T17:15:18.220319-08:00,write,key_32,306.43,true,false,446
2025-11-27T17:15:18.220349-08:00,write,key_569,306.42,true,false,447
2025-11-27T17:15:18.22843-08:00,write,key_918,305.81,true,false,445
2025-11-27T17:15:18.534242-08:00,read,key_427,1.03,true,false,174
2025-11-27T17:15:18.266448-08:00,write,key_23,304.50,true,false,446
2025-11-27T17:15:18.570953-08:00,read,key_665,2.15,true,false,27
2025-11-27T17:15:18.322784-08:00,write,key_966,307.88,true,false,448
2025-11-27T17:15:18.32172-08:00,write,key_484,308.96,true,false,447
2025-11-27T17:15:18.630662-08:00,read,key_105,2.77,false,false,0
2025-11-27T17:15:18.372773-08:00,write,key_549,304.55,true,false,445
2025-11-27T17:15:18.369635-08:00,write,key_580,307.71,true,false,448
2025-11-27T17:15:18.677339-08:00,read,key_319,2.73,true,false,373
2025-11-27T17:15:18.680071-08:00,read,key_130,0.65,false,false,0
2025-11-27T17:15:18.680719-08:00,read,key_349,0.97,true,false,423
2025-11-27T17:15:18.681693-08:00,read,key_748,1.46,true,false,407
2025-11-27T17:15:18.426481-08:00,write,key_806,305.54,true,false,446
2025-11-27T17:15:18.425039-08:00,write,key_400,307.03,true,false,446
2025-11-27T17:15:18.732063-08:00,read,key_893,2.08,true,false,226
2025-11-27T17:15:18.734143-08:00,read,key_843,0.95,true,false,436
2025-11-27T17:15:18.526751-08:00,write,key_134,310.26,true,false,448
2025-11-27T17:15:18.526766-08:00,write,key_103,310.25,true,false,449
2025-11-27T17:15:18.535276-08:00,write,key_377,303.70,true,false,449
2025-11-27T17:15:18.838976-08:00,read,key_9,2.38,false,false,0
2025-11-27T17:15:18.573104-08:00,write,key_32,312.11,true,false,450
2025-11-27T17:15:18.63068-08:00,write,key_549,307.66,true,false,451
2025-11-27T17:15:18.633434-08:00,write,key_400,304.92,true,false,452
2025-11-27T17:15:18.677317-08:00,write,key_629,310.92,true,false,449
2025-11-27T17:15:18.68315-08:00,write,key_57,305.82,true,false,453
2025-11-27T17:15:18.988238-08:00,read,key_991,1.21,true,false,319
2025-11-27T17:15:18.988964-08:00,read,key_133,3.42,false,false,0
2025-11-27T17:15:18.992389-08:00,read,key_622,0.92,false,false,0
2025-11-27T17:15:18.993314-08:00,read,key_833,0.92,true,false,94
2025-11-27T17:15:18.994235-08:00,read,key_550,0.74,true,false,240
2025-11-27T17:15:18.732015-08:00,write,key_27,308.66,true,false,450
2025-11-27T17:15:18.735098-08:00,write,key_51,305.74,true,false,454
2025-11-27T17:15:18.837016-08:00,write,key_152,307.12,true,false,455
2025-11-27T17:15:18.837004-08:00,write,key_651,308.97,true,false,456
2025-11-27T17:15:18.841357-08:00,write,key_393,305.11,true,false,455
2025-11-27T17:15:19.146461-08:00,read,key_133,3.72,false,false,0
2025-11-27T17:15:18.885221-08:00,write,key_325,308.02,true,false,456
2025-11-27T17:15:19.193237-08:00,read,key_407,1.04,true,false,354
2025-11-27T17:15:18.938353-08:00,write,key_866,310.32,true,false,457
2025-11-27T17:15:18.938341-08:00,write,key_950,310.99,true,false,453
2025-11-27T17:15:18.989459-08:00,write,key_57,312.07,true,false,458
2025-11-27T17:15:18.994972-08:00,write,key_916,306.57,true,false,454
2025-11-27T17:15:19.301539-08:00,read,key_325,1.38,true,false,456
2025-11-27T17:15:19.040672-08:00,write,key_533,312.45,true,false,456
2025-11-27T17:15:19.040832-08:00,write,key_140,312.30,true,false,455
2025-11-27T17:15:19.353116-08:00,read,key_347,1.32,false,false,0
2025-11-27T17:15:19.145973-08:00,write,key_496,309.17,true,false,458
2025-11-27T17:15:19.150179-08:00,write,key_56,304.98,true,false,459
2025-11-27T17:15:19.144142-08:00,write,key_914,311.06,true,false,457
2025-11-27T17:15:19.455195-08:00,read,key_341,3.67,true,false,439
2025-11-27T17:15:19.455158-08:00,read,key_542,3.72,true,false,419
2025-11-27T17:15:19.458883-08:00,read,key_342,0.87,true,false,142
2025-11-27T17:15:19.455144-08:00,read,key_793,4.62,true,false,435
2025-11-27T17:15:19.194281-08:00,write,key_598,308.81,true,false,460
2025-11-27T17:15:19.503087-08:00,read,key_916,0.79,true,false,454
2025-11-27T17:15:19.24934-08:00,write,key_876,309.74,true,false,459
2025-11-27T17:15:19.248671-08:00,write,key_9,310.41,true,false,461
2025-11-27T17:15:19.301531-08:00,write,key_2,309.10,true,false,459
2025-11-27T17:15:19.302921-08:00,write,key_832,307.72,true,false,460
2025-11-27T17:15:19.610637-08:00,read,key_456,1.23,true,false,284
2025-11-27T17:15:19.61187-08:00,read,key_996,1.01,true,false,436
2025-11-27T17:15:19.610636-08:00,read,key_426,2.82,false,false,0
2025-11-27T17:15:19.613461-08:00,read,key_120,1.19,true,false,234
2025-11-27T17:15:19.354442-08:00,write,key_645,304.33,true,false,459
2025-11-27T17:15:19.353129-08:00,write,key_543,305.66,true,false,462
2025-11-27T17:15:19.658782-08:00,read,key_137,0.83,false,false,0
2025-11-27T17:15:19.458864-08:00,write,key_75,304.88,true,false,463
2025-11-27T17:15:19.459767-08:00,write,key_982,305.71,true,false,461
2025-11-27T17:15:19.459758-08:00,write,key_918,306.53,true,false,460
2025-11-27T17:15:19.766287-08:00,read,key_641,1.63,false,false,0
2025-11-27T17:15:19.765479-08:00,read,key_242,2.45,false,false,0
2025-11-27T17:15:19.503882-08:00,write,key_992,310.17,true,false,461
2025-11-27T17:15:19.55908-08:00,write,key_429,305.90,true,false,462
2025-11-27T17:15:19.559076-08:00,write,key_804,310.88,true,false,462
2025-11-27T17:15:19.614656-08:00,write,key_132,307.41,true,false,464
2025-11-27T17:15:19.612886-08:00,write,key_688,309.19,true,false,463
2025-11-27T17:15:19.92206-08:00,read,key_870,3.93,true,false,275
2025-11-27T17:15:19.925994-08:00,read,key_114,0.76,true,false,413
2025-11-27T17:15:19.658773-08:00,write,key_947,310.50,true,false,464
2025-11-27T17:15:19.659614-08:00,write,key_997,309.66,true,false,465
2025-11-27T17:15:19.969287-08:00,read,key_807,1.14,true,false,444
2025-11-27T17:15:19.763752-08:00,write,key_649,307.21,true,false,464
2025-11-27T17:15:19.767922-08:00,write,key_982,303.55,true,false,464
2025-11-27T17:15:19.767934-08:00,write,key_36,304.34,true,false,465
2025-11-27T17:15:20.072267-08:00,read,key_794,4.79,true,false,223
2025-11-27T17:15:20.077057-08:00,read,key_521,1.19,true,false,257
2025-11-27T17:15:19.814053-08:00,write,key_582,311.92,true,false,466
2025-11-27T17:15:19.869959-08:00,write,key_165,307.63,true,false,466
2025-11-27T17:15:19.864979-08:00,write,key_0,312.62,true,false,466
2025-11-27T17:15:19.922073-08:00,write,key_668,308.34,true,false,465
2025-11-27T17:15:19.926752-08:00,write,key_801,303.67,true,false,467
2025-11-27T17:15:20.230409-08:00,read,key_9,2.92,true,false,461
2025-11-27T17:15:19.970426-08:00,write,key_561,308.44,true,false,468
2025-11-27T17:15:19.969276-08:00,write,key_242,309.61,true,false,466
2025-11-27T17:15:20.278863-08:00,read,key_375,0.87,false,false,0
2025-11-27T17:15:20.278879-08:00,read,key_372,0.86,true,false,348
2025-11-27T17:15:20.279736-08:00,read,key_611,0.99,true,false,335
2025-11-27T17:15:20.280727-08:00,read,key_33,1.59,true,false,391
2025-11-27T17:15:20.282315-08:00,read,key_526,0.96,false,false,0
2025-11-27T17:15:20.071466-08:00,write,key_720,310.16,true,false,469
2025-11-27T17:15:20.07097-08:00,write,key_273,312.24,true,false,466
2025-11-27T17:15:20.078253-08:00,write,key_486,307.43,true,false,467
2025-11-27T17:15:20.381625-08:00,read,key_615,4.05,true,false,326
2025-11-27T17:15:20.12597-08:00,write,key_424,310.17,true,false,467
2025-11-27T17:15:20.436143-08:00,read,key_515,0.85,true,false,292
2025-11-27T17:15:20.436995-08:00,read,key_200,0.99,true,false,426
2025-11-27T17:15:20.177599-08:00,write,key_144,310.09,true,false,471
2025-11-27T17:15:20.177585-08:00,write,key_344,310.10,true,false,470
2025-11-27T17:15:20.487686-08:00,read,key_25,1.36,true,false,196
2025-11-27T17:15:20.489046-08:00,read,key_484,0.84,true,false,447
2025-11-27T17:15:20.230423-08:00,write,key_88,308.92,true,false,472
2025-11-27T17:15:20.233333-08:00,write,key_342,306.10,true,false,470
2025-11-27T17:15:20.53943-08:00,read,key_903,2.31,false,false,0
2025-11-27T17:15:20.539347-08:00,read,key_430,2.43,true,false,438
2025-11-27T17:15:20.541777-08:00,read,key_129,0.80,false,false,0
2025-11-27T17:15:20.283273-08:00,write,key_124,303.63,true,false,469
2025-11-27T17:15:20.279731-08:00,write,key_379,307.19,true,false,469
2025-11-27T17:15:20.586917-08:00,read,key_685,1.18,true,false,314
2025-11-27T17:15:20.5881-08:00,read,key_800,0.73,true,false,358
2025-11-27T17:15:20.588834-08:00,read,key_26,1.03,true,false,188
2025-11-27T17:15:20.385679-08:00,write,key_792,307.01,true,false,473
2025-11-27T17:15:20.38321-08:00,write,key_580,309.48,true,false,470
2025-11-27T17:15:20.385698-08:00,write,key_290,307.33,true,false,470
2025-11-27T17:15:20.69302-08:00,read,key_941,1.08,false,false,0
2025-11-27T17:15:20.692698-08:00,read,key_985,1.43,true,false,441
2025-11-27T17:15:20.69269-08:00,read,key_279,1.45,true,false,407
2025-11-27T17:15:20.694101-08:00,read,key_468,1.27,true,false,422
2025-11-27T17:15:20.69537-08:00,read,key_591,0.98,false,false,0
2025-11-27T17:15:20.696348-08:00,read,key_217,0.58,true,false,108
2025-11-27T17:15:20.696929-08:00,read,key_7,0.53,true,false,214
2025-11-27T17:15:20.437986-08:00,write,key_74,306.96,true,false,470
2025-11-27T17:15:20.744947-08:00,read,key_686,0.95,true,false,393
2025-11-27T17:15:20.745894-08:00,read,key_983,0.82,true,false,233
2025-11-27T17:15:20.489882-08:00,write,key_906,304.57,true,false,474
2025-11-27T17:15:20.487696-08:00,write,key_483,306.76,true,false,472
2025-11-27T17:15:20.542575-08:00,write,key_28,304.28,true,false,474
2025-11-27T17:15:20.541746-08:00,write,key_591,305.15,true,false,473
2025-11-27T17:15:20.846853-08:00,read,key_79,1.09,false,false,0
2025-11-27T17:15:20.847941-08:00,read,key_493,2.72,true,false,399
2025-11-27T17:15:20.850663-08:00,read,key_912,2.60,true,false,370
2025-11-27T17:15:20.586898-08:00,write,key_167,308.05,true,false,475
2025-11-27T17:15:20.589864-08:00,write,key_128,305.10,true,false,474
2025-11-27T17:15:20.894948-08:00,read,key_271,1.30,false,false,0
2025-11-27T17:15:20.894961-08:00,read,key_588,1.29,true,false,311
2025-11-27T17:15:20.69414-08:00,write,key_166,306.84,true,false,476
2025-11-27T17:15:20.694125-08:00,write,key_32,306.86,true,false,476
2025-11-27T17:15:21.000981-08:00,read,key_24,1.10,false,false,0
2025-11-27T17:15:21.000983-08:00,read,key_889,1.10,true,false,222
2025-11-27T17:15:21.002087-08:00,read,key_264,1.24,true,false,427
2025-11-27T17:15:20.697464-08:00,write,key_993,306.15,true,false,477
2025-11-27T17:15:21.003609-08:00,read,key_870,0.77,true,false,275
2025-11-27T17:15:21.003328-08:00,read,key_699,1.06,true,false,335
2025-11-27T17:15:21.004382-08:00,read,key_37,0.76,true,false,436
2025-11-27T17:15:21.005141-08:00,read,key_830,0.66,false,false,0
2025-11-27T17:15:21.005799-08:00,read,key_542,1.83,true,false,419
2025-11-27T17:15:21.007627-08:00,read,key_496,1.09,true,false,458
2025-11-27T17:15:21.008723-08:00,read,key_152,1.05,true,false,455
2025-11-27T17:15:20.746719-08:00,write,key_580,305.32,true,false,477
2025-11-27T17:15:20.794455-08:00,write,key_330,306.35,true,false,476
2025-11-27T17:15:20.794454-08:00,write,key_75,306.37,true,false,475
2025-11-27T17:15:20.853266-08:00,write,key_504,306.05,true,false,478
2025-11-27T17:15:20.846892-08:00,write,key_558,312.42,true,false,478
2025-11-27T17:15:21.159314-08:00,read,key_764,0.97,true,false,400
2025-11-27T17:15:21.159343-08:00,read,key_437,1.02,true,false,143
2025-11-27T17:15:21.160366-08:00,read,key_310,0.79,true,false,428
2025-11-27T17:15:20.896298-08:00,write,key_276,306.70,true,false,476
2025-11-27T17:15:20.896335-08:00,write,key_839,306.67,true,false,479
2025-11-27T17:15:21.202993-08:00,read,key_522,1.36,true,false,436
2025-11-27T17:15:21.203-08:00,read,key_729,1.36,true,false,350
2025-11-27T17:15:21.204358-08:00,read,key_944,1.29,true,false,360
2025-11-27T17:15:21.004391-08:00,write,key_653,305.89,true,false,478
2025-11-27T17:15:21.002079-08:00,write,key_20,308.21,true,false,477
2025-11-27T17:15:21.310282-08:00,read,key_32,2.49,true,false,476
2025-11-27T17:15:21.009774-08:00,write,key_511,303.02,true,false,478
2025-11-27T17:15:21.312791-08:00,read,key_738,1.26,true,false,168
2025-11-27T17:15:21.314058-08:00,read,key_993,0.65,true,false,477
2025-11-27T17:15:21.314707-08:00,read,key_7,1.48,true,false,214
2025-11-27T17:15:21.052039-08:00,write,key_490,310.83,true,false,479
2025-11-27T17:15:21.36287-08:00,read,key_390,0.90,false,false,0
2025-11-27T17:15:21.363774-08:00,read,key_703,0.76,true,false,90
2025-11-27T17:15:21.364534-08:00,read,key_995,2.08,true,false,175
2025-11-27T17:15:21.100816-08:00,write,key_960,313.42,true,false,480
2025-11-27T17:15:21.100805-08:00,write,key_566,315.96,true,false,480
2025-11-27T17:15:21.414231-08:00,read,key_105,3.96,false,false,0
2025-11-27T17:15:21.416765-08:00,read,key_391,4.08,false,false,0
2025-11-27T17:15:21.420847-08:00,read,key_984,0.77,false,false,0
2025-11-27T17:15:21.161158-08:00,write,key_545,302.26,true,false,479
2025-11-27T17:15:21.160281-08:00,write,key_58,303.20,true,false,480
2025-11-27T17:15:21.463472-08:00,read,key_534,3.94,false,false,0
2025-11-27T17:15:21.467415-08:00,read,key_819,0.90,false,false,0
2025-11-27T17:15:21.468313-08:00,read,key_491,0.85,true,false,282
2025-11-27T17:15:21.204375-08:00,write,key_800,309.57,true,false,481
2025-11-27T17:15:21.205652-08:00,write,key_321,311.78,true,false,482
2025-11-27T17:15:21.517429-08:00,read,key_569,1.18,true,false,447
2025-11-27T17:15:21.316191-08:00,write,key_205,304.26,true,false,480
2025-11-27T17:15:21.310281-08:00,write,key_963,310.19,true,false,481
2025-11-27T17:15:21.312776-08:00,write,key_454,307.72,true,false,483
2025-11-27T17:15:21.620453-08:00,read,key_33,1.25,true,false,391
2025-11-27T17:15:21.620491-08:00,read,key_310,1.23,true,false,428
2025-11-27T17:15:21.621704-08:00,read,key_769,1.05,false,false,0
2025-11-27T17:15:21.621719-08:00,read,key_643,1.05,true,false,259
2025-11-27T17:15:21.622756-08:00,read,key_873,2.40,false,false,0
2025-11-27T17:15:21.622766-08:00,read,key_748,2.43,true,false,407
2025-11-27T17:15:21.625158-08:00,read,key_22,0.83,true,false,339
2025-11-27T17:15:21.366614-08:00,write,key_75,304.77,true,false,480
2025-11-27T17:15:21.671386-08:00,read,key_126,1.40,true,false,373
2025-11-27T17:15:21.672784-08:00,read,key_661,4.48,false,false,0
2025-11-27T17:15:21.418191-08:00,write,key_223,304.07,true,false,481
2025-11-27T17:15:21.722261-08:00,read,key_697,1.25,true,false,198
2025-11-27T17:15:21.723516-08:00,read,key_582,2.13,true,false,466
2025-11-27T17:15:21.421616-08:00,write,key_509,304.81,true,false,484
2025-11-27T17:15:21.726426-08:00,read,key_956,0.98,true,false,328
2025-11-27T17:15:21.46342-08:00,write,key_225,309.84,true,false,484
2025-11-27T17:15:21.773261-08:00,read,key_72,2.95,true,false,246
2025-11-27T17:15:21.469169-08:00,write,key_962,307.09,true,false,485
2025-11-27T17:15:21.518606-08:00,write,key_881,304.27,true,false,483
2025-11-27T17:15:21.513945-08:00,write,key_480,308.95,true,false,483
2025-11-27T17:15:21.822876-08:00,read,key_650,2.69,true,false,262
2025-11-27T17:15:21.620462-08:00,write,key_226,305.04,true,false,484
2025-11-27T17:15:21.625197-08:00,write,key_118,303.18,true,false,485
2025-11-27T17:15:21.625991-08:00,write,key_727,302.41,true,false,486
2025-11-27T17:15:21.9284-08:00,read,key_594,1.12,false,false,0
2025-11-27T17:15:21.929519-08:00,read,key_495,0.84,false,false,0
2025-11-27T17:15:21.677268-08:00,write,key_212,308.10,true,false,487
2025-11-27T17:15:21.725643-08:00,write,key_267,304.63,true,false,485
2025-11-27T17:15:21.727412-08:00,write,key_409,303.93,true,false,486
2025-11-27T17:15:22.031335-08:00,read,key_852,2.64,true,false,117
2025-11-27T17:15:21.776254-08:00,write,key_722,310.99,true,false,487
2025-11-27T17:15:21.776217-08:00,write,key_452,311.04,true,false,487
2025-11-27T17:15:21.825583-08:00,write,key_645,306.05,true,false,486
2025-11-27T17:15:21.822897-08:00,write,key_623,308.80,true,false,488
2025-11-27T17:15:22.13163-08:00,read,key_36,2.18,true,false,465
2025-11-27T17:15:21.925498-08:00,write,key_6,308.33,true,false,488
2025-11-27T17:15:21.928372-08:00,write,key_214,305.49,true,false,489
2025-11-27T17:15:22.233829-08:00,read,key_583,2.87,true,false,441
2025-11-27T17:15:21.930363-08:00,write,key_626,307.98,true,false,490
2025-11-27T17:15:22.238338-08:00,read,key_662,0.70,false,false,0
2025-11-27T17:15:21.985367-08:00,write,key_115,310.09,true,false,489
2025-11-27T17:15:22.295458-08:00,read,key_219,0.92,true,false,58
2025-11-27T17:15:22.030282-08:00,write,key_404,308.03,true,false,488
2025-11-27T17:15:22.033976-08:00,write,key_22,306.00,true,false,491
2025-11-27T17:15:22.339972-08:00,read,key_76,2.71,true,false,99
2025-11-27T17:15:22.087245-08:00,write,key_283,309.89,true,false,492
2025-11-27T17:15:22.087256-08:00,write,key_999,309.89,true,false,489
2025-11-27T17:15:22.131696-08:00,write,key_298,307.67,true,false,490
2025-11-27T17:15:22.133806-08:00,write,key_517,305.57,true,false,489
2025-11-27T17:15:22.233859-08:00,write,key_21,310.84,true,false,493
2025-11-27T17:15:22.239043-08:00,write,key_499,306.41,true,false,491
2025-11-27T17:15:22.236697-08:00,write,key_261,308.79,true,false,494
2025-11-27T17:15:22.545482-08:00,read,key_50,1.68,true,false,347
2025-11-27T17:15:22.296382-08:00,write,key_948,306.12,true,false,491
2025-11-27T17:15:22.602505-08:00,read,key_810,1.47,true,false,178
2025-11-27T17:15:22.603976-08:00,read,key_651,0.81,true,false,456
2025-11-27T17:15:22.342684-08:00,write,key_491,304.13,true,false,495
2025-11-27T17:15:22.338311-08:00,write,key_558,308.50,true,false,492
2025-11-27T17:15:22.397138-08:00,write,key_731,314.17,true,false,493
2025-11-27T17:15:22.39713-08:00,write,key_57,314.19,true,false,494
2025-11-27T17:15:22.439369-08:00,write,key_692,312.08,true,false,493
2025-11-27T17:15:22.439362-08:00,write,key_266,312.11,true,false,495
2025-11-27T17:15:22.751447-08:00,read,key_438,1.27,false,false,0
2025-11-27T17:15:22.547167-08:00,write,key_572,305.55,true,false,496
2025-11-27T17:15:22.544703-08:00,write,key_987,308.02,true,false,495
2025-11-27T17:15:22.545452-08:00,write,key_443,307.31,true,false,496
2025-11-27T17:15:22.852719-08:00,read,key_798,1.81,true,false,261
2025-11-27T17:15:22.852723-08:00,read,key_77,1.83,true,false,363
2025-11-27T17:15:22.854551-08:00,read,key_58,0.83,true,false,480
2025-11-27T17:15:22.604789-08:00,write,key_150,309.33,true,false,495
2025-11-27T17:15:22.914121-08:00,read,key_271,1.83,false,false,0
2025-11-27T17:15:22.646813-08:00,write,key_222,306.43,true,false,496
2025-11-27T17:15:22.646811-08:00,write,key_832,308.97,true,false,496
2025-11-27T17:15:22.955774-08:00,read,key_568,0.50,true,false,441
2025-11-27T17:15:22.956279-08:00,read,key_615,0.43,true,false,326
2025-11-27T17:15:22.711302-08:00,write,key_447,309.45,true,false,497
2025-11-27T17:15:22.711317-08:00,write,key_456,309.45,true,false,497
2025-11-27T17:15:23.020761-08:00,read,key_511,0.70,true,false,478
2025-11-27T17:15:22.752717-08:00,write,key_490,308.71,true,false,499
2025-11-27T17:15:22.751466-08:00,write,key_915,309.98,true,false,498
2025-11-27T17:15:22.85538-08:00,write,key_768,306.71,true,false,498
2025-11-27T17:15:22.854534-08:00,write,key_643,307.57,true,false,500
2025-11-27T17:15:22.852758-08:00,write,key_757,309.37,true,false,497
2025-11-27T17:15:23.162104-08:00,read,key_862,1.17,true,false,318
2025-11-27T17:15:23.163275-08:00,read,key_953,0.84,true,false,359
2025-11-27T17:15:23.164118-08:00,read,key_625,2.71,false,false,0
2025-11-27T17:15:23.162093-08:00,read,key_451,4.77,true,false,431
2025-11-27T17:15:22.915957-08:00,write,key_497,313.09,true,false,500
2025-11-27T17:15:22.956712-08:00,write,key_20,307.86,true,false,497
2025-11-27T17:15:22.953235-08:00,write,key_525,311.65,true,false,498
2025-11-27T17:15:23.264881-08:00,read,key_831,1.93,false,false,0
2025-11-27T17:15:23.266819-08:00,read,key_761,2.16,true,false,396
2025-11-27T17:15:23.268977-08:00,read,key_379,0.80,true,false,469
2025-11-27T17:15:23.021463-08:00,write,key_268,313.07,true,false,499
2025-11-27T17:15:23.020746-08:00,write,key_547,313.84,true,false,499
2025-11-27T17:15:23.334533-08:00,read,key_431,2.82,true,false,367
2025-11-27T17:15:23.33736-08:00,read,key_141,0.67,true,false,76
2025-11-27T17:15:23.338029-08:00,read,key_320,0.56,false,false,0
2025-11-27T17:15:23.338592-08:00,read,key_946,0.59,true,false,195
2025-11-27T17:15:23.339185-08:00,read,key_326,0.62,true,false,183
2025-11-27T17:15:23.339805-08:00,read,key_805,0.86,false,false,0
2025-11-27T17:15:23.340671-08:00,read,key_341,1.38,true,false,439
2025-11-27T17:15:23.06144-08:00,write,key_427,306.21,true,false,501
2025-11-27T17:15:23.061425-08:00,write,key_26,306.24,true,false,501
2025-11-27T17:15:23.16683-08:00,write,key_81,306.06,true,false,501
2025-11-27T17:15:23.166862-08:00,write,key_486,306.05,true,false,502
2025-11-27T17:15:23.162121-08:00,write,key_910,310.81,true,false,502
2025-11-27T17:15:23.472928-08:00,read,key_76,2.60,true,false,99
2025-11-27T17:15:23.229049-08:00,write,key_435,308.85,true,false,502
2025-11-27T17:15:23.537908-08:00,read,key_467,4.62,true,false,149
2025-11-27T17:15:23.264568-08:00,write,key_146,312.56,true,false,503
2025-11-27T17:15:23.269779-08:00,write,key_221,307.36,true,false,502
2025-11-27T17:15:23.577131-08:00,read,key_870,1.31,true,false,275
2025-11-27T17:15:23.334585-08:00,write,key_263,308.57,true,false,503
2025-11-27T17:15:23.342055-08:00,write,key_201,302.98,true,false,504
2025-11-27T17:15:23.367662-08:00,write,key_480,314.45,true,false,504
2025-11-27T17:15:23.367651-08:00,write,key_917,314.48,true,false,502
2025-11-27T17:15:23.682124-08:00,read,key_394,2.81,false,false,0
2025-11-27T17:15:23.684935-08:00,read,key_619,2.09,true,false,425
2025-11-27T17:15:23.687023-08:00,read,key_832,0.80,true,false,496
2025-11-27T17:15:23.472911-08:00,write,key_150,313.84,true,false,505
2025-11-27T17:15:23.475534-08:00,write,key_221,311.29,true,false,506
2025-11-27T17:15:23.472889-08:00,write,key_214,314.07,true,false,503
2025-11-27T17:15:23.786957-08:00,read,key_680,1.77,true,false,416
2025-11-27T17:15:23.788725-08:00,read,key_56,0.87,true,false,459
2025-11-27T17:15:23.789599-08:00,read,key_401,2.59,false,false,0
2025-11-27T17:15:23.542535-08:00,write,key_280,304.64,true,false,505
2025-11-27T17:15:23.577124-08:00,write,key_377,316.56,true,false,506
2025-11-27T17:15:23.578439-08:00,write,key_321,315.25,true,false,504
2025-11-27T17:15:23.893689-08:00,read,key_339,1.34,false,false,0
2025-11-27T17:15:23.895027-08:00,read,key_512,2.36,true,false,332
2025-11-27T17:15:23.89739-08:00,read,key_54,0.76,true,false,378
2025-11-27T17:15:23.89815-08:00,read,key_138,2.12,false,false,0
2025-11-27T17:15:23.643156-08:00,write,key_502,305.55,true,false,506
2025-11-27T17:15:23.645034-08:00,write,key_341,305.72,true,false,507
2025-11-27T17:15:23.948705-08:00,read,key_911,2.06,true,false,47
2025-11-27T17:15:23.950769-08:00,read,key_379,0.77,true,false,469
2025-11-27T17:15:23.682112-08:00,write,key_367,312.65,true,false,507
2025-11-27T17:15:23.687822-08:00,write,key_105,308.60,true,false,508
2025-11-27T17:15:23.786823-08:00,write,key_671,309.21,true,false,507
2025-11-27T17:15:23.792188-08:00,write,key_391,303.89,true,false,508
2025-11-27T17:15:23.786745-08:00,write,key_74,309.34,true,false,507
2025-11-27T17:15:24.096072-08:00,read,key_277,2.27,true,false,154
2025-11-27T17:15:24.096028-08:00,read,key_356,4.08,false,false,0
2025-11-27T17:15:24.096079-08:00,read,key_106,4.06,true,false,101
2025-11-27T17:15:24.100138-08:00,read,key_249,1.49,false,false,0
2025-11-27T17:15:24.101628-08:00,read,key_490,2.43,true,false,499
2025-11-27T17:15:24.104064-08:00,read,key_113,0.72,true,false,79
2025-11-27T17:15:23.847177-08:00,write,key_613,309.41,true,false,509
2025-11-27T17:15:23.893685-08:00,write,key_79,308.55,true,false,508
2025-11-27T17:15:23.90027-08:00,write,key_963,305.27,true,false,510
2025-11-27T17:15:24.202237-08:00,read,key_558,3.32,true,false,492
2025-11-27T17:15:23.951537-08:00,write,key_877,307.53,true,false,509
2025-11-27T17:15:23.950751-08:00,write,key_992,308.33,true,false,508
2025-11-27T17:15:24.259081-08:00,read,key_430,2.90,true,false,438
2025-11-27T17:15:23.994762-08:00,write,key_768,310.40,true,false,510
2025-11-27T17:15:23.99642-08:00,write,key_224,308.80,true,false,511
2025-11-27T17:15:24.305215-08:00,read,key_115,5.26,true,false,489
2025-11-27T17:15:24.098341-08:00,write,key_324,308.01,true,false,512
2025-11-27T17:15:24.100111-08:00,write,key_781,306.38,true,false,511
2025-11-27T17:15:24.104785-08:00,write,key_983,305.57,true,false,512
2025-11-27T17:15:24.156581-08:00,write,key_485,309.63,true,false,513
2025-11-27T17:15:24.466204-08:00,read,key_679,1.54,true,false,55
2025-11-27T17:15:24.205539-08:00,write,key_219,308.14,true,false,511
2025-11-27T17:15:24.205559-08:00,write,key_998,308.16,true,false,514
2025-11-27T17:15:24.259069-08:00,write,key_452,308.93,true,false,512
2025-11-27T17:15:24.261985-08:00,write,key_833,306.02,true,false,511
2025-11-27T17:15:24.567997-08:00,read,key_128,1.02,true,false,474
2025-11-27T17:15:24.569018-08:00,read,key_38,2.48,true,false,369
2025-11-27T17:15:24.571502-08:00,read,key_3,0.77,true,false,244
2025-11-27T17:15:24.572273-08:00,read,key_772,0.46,false,false,0
2025-11-27T17:15:24.572738-08:00,read,key_580,3.88,true,false,477
2025-11-27T17:15:24.576623-08:00,read,key_565,0.72,true,false,362
2025-11-27T17:15:24.305164-08:00,write,key_403,311.31,true,false,514
2025-11-27T17:15:24.310475-08:00,write,key_156,306.08,true,false,513
2025-11-27T17:15:24.616555-08:00,read,key_791,1.66,true,false,300
2025-11-27T17:15:24.410353-08:00,write,key_288,308.75,true,false,514
2025-11-27T17:15:24.406492-08:00,write,key_49,312.65,true,false,515
2025-11-27T17:15:24.406354-08:00,write,key_918,312.80,true,false,515
2025-11-27T17:15:24.467751-08:00,write,key_446,309.48,true,false,516
2025-11-27T17:15:24.513717-08:00,write,key_692,311.87,true,false,515
2025-11-27T17:15:24.513679-08:00,write,key_579,311.95,true,false,515
2025-11-27T17:15:24.825583-08:00,read,key_879,1.71,true,false,377
2025-11-27T17:15:24.568006-08:00,write,key_831,310.40,true,false,516
2025-11-27T17:15:24.878407-08:00,read,key_883,2.80,false,false,0
2025-11-27T17:15:24.881209-08:00,read,key_200,1.03,true,false,426
2025-11-27T17:15:24.577342-08:00,write,key_567,306.78,true,false,517
2025-11-27T17:15:24.882238-08:00,read,key_763,2.42,false,false,0
2025-11-27T17:15:24.884656-08:00,read,key_400,1.16,true,false,452
2025-11-27T17:15:24.618216-08:00,write,key_70,310.59,true,false,516
2025-11-27T17:15:24.616467-08:00,write,key_580,312.36,true,false,515
2025-11-27T17:15:24.928827-08:00,read,key_721,1.42,false,false,0
2025-11-27T17:15:24.930246-08:00,read,key_226,0.72,true,false,484
2025-11-27T17:15:24.719103-08:00,write,key_963,310.64,true,false,519
2025-11-27T17:15:24.719152-08:00,write,key_210,311.38,true,false,518
2025-11-27T17:15:24.719133-08:00,write,key_498,311.43,true,false,517
2025-11-27T17:15:25.030556-08:00,read,key_590,2.57,false,false,0
2025-11-27T17:15:25.033132-08:00,read,key_51,1.11,true,false,454
2025-11-27T17:15:25.034244-08:00,read,key_453,0.77,true,false,424
2025-11-27T17:15:25.035016-08:00,read,key_919,0.67,true,false,418
2025-11-27T17:15:25.035689-08:00,read,key_767,0.54,false,false,0
2025-11-27T17:15:24.777232-08:00,write,key_871,306.97,true,false,517
2025-11-27T17:15:25.084197-08:00,read,key_322,2.63,true,false,174
2025-11-27T17:15:24.82729-08:00,write,key_111,308.71,true,false,520
2025-11-27T17:15:24.825623-08:00,write,key_379,310.40,true,false,520
2025-11-27T17:15:25.136002-08:00,read,key_917,0.93,true,false,502
2025-11-27T17:15:24.884115-08:00,write,key_496,309.91,true,false,518
2025-11-27T17:15:24.885819-08:00,write,key_112,308.23,true,false,519
2025-11-27T17:15:25.194026-08:00,read,key_507,1.19,true,false,393
2025-11-27T17:15:25.194042-08:00,read,key_400,1.19,true,false,452
2025-11-27T17:15:25.195219-08:00,read,key_56,1.03,true,false,459
2025-11-27T17:15:25.196246-08:00,read,key_727,0.68,true,false,486
2025-11-27T17:15:25.195232-08:00,read,key_438,2.50,false,false,0
2025-11-27T17:15:25.197734-08:00,read,key_260,3.35,false,false,0
2025-11-27T17:15:24.928804-08:00,write,key_50,309.78,true,false,521
2025-11-27T17:15:24.930965-08:00,write,key_567,307.77,true,false,521
2025-11-27T17:15:25.238588-08:00,read,key_592,1.18,true,false,280
2025-11-27T17:15:25.239772-08:00,read,key_39,1.78,true,false,387
2025-11-27T17:15:25.241549-08:00,read,key_54,1.16,true,false,378
2025-11-27T17:15:25.029746-08:00,write,key_328,308.73,true,false,522
2025-11-27T17:15:25.036228-08:00,write,key_161,302.29,true,false,520
2025-11-27T17:15:25.03053-08:00,write,key_722,308.31,true,false,522
2025-11-27T17:15:25.338516-08:00,read,key_219,2.61,true,false,511
2025-11-27T17:15:25.341124-08:00,read,key_272,0.46,true,false,173
2025-11-27T17:15:25.341589-08:00,read,key_154,0.47,false,false,0
2025-11-27T17:15:25.342059-08:00,read,key_116,0.43,true,false,347
2025-11-27T17:15:25.342489-08:00,read,key_911,0.37,true,false,47
2025-11-27T17:15:25.342855-08:00,read,key_438,0.31,false,false,0
2025-11-27T17:15:25.086827-08:00,write,key_31,308.76,true,false,523
2025-11-27T17:15:25.136018-08:00,write,key_912,309.97,true,false,521
2025-11-27T17:15:25.136937-08:00,write,key_215,309.79,true,false,524
2025-11-27T17:15:25.196929-08:00,write,key_105,306.17,true,false,521
2025-11-27T17:15:25.201086-08:00,write,key_577,303.52,true,false,525
2025-11-27T17:15:25.238733-08:00,write,key_270,308.04,true,false,522
2025-11-27T17:15:25.546779-08:00,read,key_646,1.61,true,false,269
2025-11-27T17:15:25.242712-08:00,write,key_7,307.67,true,false,522
2025-11-27T17:15:25.343164-08:00,write,key_428,305.25,true,false,524
2025-11-27T17:15:25.338831-08:00,write,key_950,309.77,true,false,523
2025-11-27T17:15:25.338476-08:00,write,key_548,310.45,true,false,523
2025-11-27T17:15:25.648463-08:00,read,key_593,3.79,false,false,0
2025-11-27T17:15:25.652258-08:00,read,key_532,0.73,false,false,0
2025-11-27T17:15:25.395586-08:00,write,key_615,313.85,true,false,524
2025-11-27T17:15:25.44598-08:00,write,key_727,308.15,true,false,526
2025-11-27T17:15:25.446724-08:00,write,key_393,307.41,true,false,526
2025-11-27T17:15:25.503101-08:00,write,key_379,307.55,true,false,525
2025-11-27T17:15:25.504604-08:00,write,key_996,306.08,true,false,527
2025-11-27T17:15:25.810653-08:00,read,key_45,1.30,true,false,104
2025-11-27T17:15:25.550381-08:00,write,key_729,305.65,true,false,528
2025-11-27T17:15:25.54839-08:00,write,key_30,307.73,true,false,526
2025-11-27T17:15:25.648921-08:00,write,key_835,311.31,true,false,527
2025-11-27T17:15:25.648598-08:00,write,key_501,311.64,true,false,526
2025-11-27T17:15:25.652993-08:00,write,key_917,307.42,true,false,526
2025-11-27T17:15:25.960228-08:00,read,key_365,2.03,false,false,0
2025-11-27T17:15:25.962258-08:00,read,key_943,1.05,true,false,105
2025-11-27T17:15:25.70944-08:00,write,key_224,310.81,true,false,529
2025-11-27T17:15:26.020246-08:00,read,key_336,1.33,false,false,0
2025-11-27T17:15:25.754131-08:00,write,key_860,307.93,true,false,528
2025-11-27T17:15:25.754131-08:00,write,key_287,307.98,true,false,530
2025-11-27T17:15:25.811957-08:00,write,key_26,307.32,true,false,528
2025-11-27T17:15:25.810676-08:00,write,key_41,308.64,true,false,529
2025-11-27T17:15:26.119311-08:00,read,key_6,1.23,true,false,488
2025-11-27T17:15:26.119275-08:00,read,key_532,1.29,false,false,0
2025-11-27T17:15:25.856029-08:00,write,key_217,309.09,true,false,529
2025-11-27T17:15:25.856117-08:00,write,key_2,310.28,true,false,531
2025-11-27T17:15:26.165119-08:00,read,key_497,2.28,true,false,500
2025-11-27T17:15:25.960407-08:00,write,key_372,309.06,true,false,530
2025-11-27T17:15:25.963312-08:00,write,key_409,306.16,true,false,530
2025-11-27T17:15:25.960237-08:00,write,key_998,309.24,true,false,529
2025-11-27T17:15:26.269477-08:00,read,key_481,1.66,false,false,0
2025-11-27T17:15:26.269463-08:00,read,key_101,1.69,true,false,116
2025-11-27T17:15:26.021579-08:00,write,key_497,309.58,true,false,530
2025-11-27T17:15:26.331161-08:00,read,key_680,3.74,true,false,416
2025-11-27T17:15:26.334907-08:00,read,key_779,1.02,false,false,0
2025-11-27T17:15:26.335927-08:00,read,key_348,0.64,true,false,376
2025-11-27T17:15:26.33657-08:00,read,key_636,0.97,true,false,206
2025-11-27T17:15:26.337545-08:00,read,key_502,0.49,true,false,506
2025-11-27T17:15:26.338033-08:00,read,key_796,0.61,true,false,245
2025-11-27T17:15:26.338643-08:00,read,key_559,0.52,false,false,0
2025-11-27T17:15:26.33917-08:00,read,key_984,0.65,false,false,0
2025-11-27T17:15:26.062064-08:00,write,key_217,312.27,true,false,532
2025-11-27T17:15:26.062108-08:00,write,key_379,315.30,true,false,531
2025-11-27T17:15:26.374335-08:00,read,key_377,3.87,true,false,506
2025-11-27T17:15:26.37741-08:00,read,key_700,1.54,true,false,248
2025-11-27T17:15:26.378209-08:00,read,key_375,1.16,false,false,0
2025-11-27T17:15:26.379367-08:00,read,key_621,1.27,true,false,434
2025-11-27T17:15:26.380636-08:00,read,key_35,1.05,true,false,60
2025-11-27T17:15:26.381683-08:00,read,key_997,0.82,true,false,465
2025-11-27T17:15:26.3825-08:00,read,key_780,0.67,true,false,135
2025-11-27T17:15:26.383166-08:00,read,key_587,2.53,true,false,370
2025-11-27T17:15:26.120561-08:00,write,key_29,315.54,true,false,533
2025-11-27T17:15:26.120546-08:00,write,key_617,317.18,true,false,532
2025-11-27T17:15:26.437718-08:00,read,key_204,3.95,true,false,423
2025-11-27T17:15:26.167397-08:00,write,key_151,309.23,true,false,533
2025-11-27T17:15:26.476623-08:00,read,key_505,0.89,false,false,0
2025-11-27T17:15:26.166396-08:00,write,key_630,311.54,true,false,534
2025-11-27T17:15:26.477517-08:00,read,key_580,2.49,true,false,515
2025-11-27T17:15:26.480011-08:00,read,key_318,0.92,false,false,0
2025-11-27T17:15:26.480932-08:00,read,key_54,0.68,true,false,378
2025-11-27T17:15:26.481609-08:00,read,key_592,3.69,true,false,280
2025-11-27T17:15:26.27114-08:00,write,key_34,312.95,true,false,535
2025-11-27T17:15:26.269473-08:00,write,key_46,314.65,true,false,532
2025-11-27T17:15:26.271154-08:00,write,key_919,313.32,true,false,535
2025-11-27T17:15:26.584093-08:00,read,key_344,2.10,true,false,470
2025-11-27T17:15:26.584465-08:00,read,key_32,1.74,true,false,476
2025-11-27T17:15:26.586205-08:00,read,key_105,1.05,true,false,521
2025-11-27T17:15:26.339825-08:00,write,key_501,306.58,true,false,532
2025-11-27T17:15:26.378951-08:00,write,key_27,308.86,true,false,536
2025-11-27T17:15:26.687812-08:00,read,key_407,1.29,true,false,354
2025-11-27T17:15:26.385696-08:00,write,key_434,305.72,true,false,533
2025-11-27T17:15:26.691407-08:00,read,key_376,1.34,false,false,0
2025-11-27T17:15:26.4361-08:00,write,key_125,308.97,true,false,536
2025-11-27T17:15:26.74507-08:00,read,key_324,1.22,true,false,512
2025-11-27T17:15:26.44167-08:00,write,key_878,305.03,true,false,534
2025-11-27T17:15:26.746699-08:00,read,key_293,4.04,true,false,263
2025-11-27T17:15:26.750736-08:00,read,key_404,0.70,true,false,488
2025-11-27T17:15:26.751436-08:00,read,key_556,0.71,false,false,0
2025-11-27T17:15:26.4853-08:00,write,key_800,304.68,true,false,536
2025-11-27T17:15:26.477933-08:00,write,key_508,312.13,true,false,535
2025-11-27T17:15:26.790054-08:00,read,key_466,4.37,true,false,345
2025-11-27T17:15:26.586192-08:00,write,key_511,306.44,false,false,0
2025-11-27T17:15:26.587262-08:00,write,key_638,305.39,true,false,538
2025-11-27T17:15:26.584116-08:00,write,key_258,308.56,true,false,537
2025-11-27T17:15:26.892667-08:00,read,key_394,1.52,false,false,0
2025-11-27T17:15:26.894193-08:00,read,key_578,2.52,false,false,0
2025-11-27T17:15:26.896711-08:00,read,key_156,0.81,true,false,513
2025-11-27T17:15:26.646399-08:00,write,key_154,305.69,true,false,537
2025-11-27T17:15:26.692747-08:00,write,key_395,303.77,true,false,539
2025-11-27T17:15:26.689102-08:00,write,key_466,307.92,true,false,538
2025-11-27T17:15:26.997019-08:00,read,key_2,3.99,true,false,531
2025-11-27T17:15:26.746292-08:00,write,key_398,313.02,true,false,537
2025-11-27T17:15:26.752151-08:00,write,key_511,307.17,true,false,539
2025-11-27T17:15:27.059312-08:00,read,key_659,0.95,false,false,0
2025-11-27T17:15:27.060261-08:00,read,key_981,1.00,true,false,320
2025-11-27T17:15:27.061261-08:00,read,key_730,0.67,true,false,16
2025-11-27T17:15:27.061929-08:00,read,key_285,0.75,true,false,174
2025-11-27T17:15:27.062685-08:00,read,key_514,0.71,true,false,408
2025-11-27T17:15:26.794423-08:00,write,key_516,303.16,true,false,540
2025-11-27T17:15:26.789974-08:00,write,key_152,307.61,true,false,538
2025-11-27T17:15:27.097584-08:00,read,key_443,2.58,true,false,496
2025-11-27T17:15:27.097583-08:00,read,key_981,2.59,true,false,320
2025-11-27T17:15:27.100165-08:00,read,key_248,0.87,false,false,0
2025-11-27T17:15:27.100174-08:00,read,key_508,0.88,true,false,535
2025-11-27T17:15:27.101053-08:00,read,key_726,1.12,true,false,122
2025-11-27T17:15:27.101041-08:00,read,key_505,1.14,false,false,0
2025-11-27T17:15:27.102175-08:00,read,key_683,0.75,true,false,193
2025-11-27T17:15:27.102927-08:00,read,key_633,1.16,false,false,0
2025-11-27T17:15:26.892632-08:00,write,key_438,308.88,true,false,539
2025-11-27T17:15:26.892648-08:00,write,key_721,308.91,true,false,541
2025-11-27T17:15:27.201557-08:00,read,key_330,2.08,true,false,476
2025-11-27T17:15:27.201516-08:00,read,key_870,3.38,true,false,275
2025-11-27T17:15:27.204901-08:00,read,key_811,0.61,true,false,445
2025-11-27T17:15:26.897518-08:00,write,key_685,308.00,true,false,540
2025-11-27T17:15:26.952087-08:00,write,key_745,315.19,true,false,541
2025-11-27T17:15:27.267271-08:00,read,key_106,2.63,true,false,101
2025-11-27T17:15:27.269898-08:00,read,key_36,0.86,true,false,465
2025-11-27T17:15:27.270759-08:00,read,key_72,0.77,true,false,246
2025-11-27T17:15:26.99652-08:00,write,key_610,311.03,true,false,542
2025-11-27T17:15:27.001007-08:00,write,key_312,308.81,true,false,542
2025-11-27T17:15:27.307547-08:00,read,key_32,3.44,true,false,476
2025-11-27T17:15:27.309812-08:00,read,key_117,1.59,true,false,212
2025-11-27T17:15:27.311401-08:00,read,key_259,1.89,true,false,243
2025-11-27T17:15:27.063399-08:00,write,key_433,307.11,true,false,542
2025-11-27T17:15:27.059312-08:00,write,key_798,311.76,true,false,543
2025-11-27T17:15:27.104087-08:00,write,key_507,306.34,true,false,544
2025-11-27T17:15:27.102185-08:00,write,key_662,308.36,true,false,543
2025-11-27T17:15:27.203636-08:00,write,key_682,306.89,true,false,542
2025-11-27T17:15:27.205512-08:00,write,key_315,305.02,true,false,543
2025-11-27T17:15:27.205517-08:00,write,key_324,306.89,true,false,545
2025-11-27T17:15:27.27153-08:00,write,key_726,308.77,true,false,543
2025-11-27T17:15:27.31099-08:00,write,key_797,307.79,true,false,544
2025-11-27T17:15:27.313293-08:00,write,key_102,305.76,true,false,544
2025-11-27T17:15:27.371068-08:00,write,key_455,308.35,true,false,546
2025-11-27T17:15:27.370511-08:00,write,key_996,308.92,true,false,545
2025-11-27T17:15:27.679431-08:00,read,key_466,0.88,true,false,538
2025-11-27T17:15:27.410424-08:00,write,key_996,308.21,true,false,545
2025-11-27T17:15:27.410536-08:00,write,key_791,308.14,true,false,545
2025-11-27T17:15:27.718633-08:00,read,key_634,2.87,true,false,278
2025-11-27T17:15:27.512403-08:00,write,key_278,308.14,true,false,547
2025-11-27T17:15:27.510533-08:00,write,key_55,310.03,true,false,546
2025-11-27T17:15:27.510528-08:00,write,key_780,310.05,true,false,546
2025-11-27T17:15:27.820538-08:00,read,key_669,1.84,false,false,0
2025-11-27T17:15:27.5803-08:00,write,key_21,307.04,true,false,547
2025-11-27T17:15:27.887343-08:00,read,key_59,0.98,true,false,439
2025-11-27T17:15:27.888323-08:00,read,key_212,4.36,true,false,487
2025-11-27T17:15:27.618779-08:00,write,key_8,308.35,true,false,548
2025-11-27T17:15:27.61905-08:00,write,key_352,308.11,true,false,547
2025-11-27T17:15:27.927158-08:00,read,key_734,1.21,false,false,0
2025-11-27T17:15:27.928375-08:00,read,key_653,1.09,true,false,478
2025-11-27T17:15:27.68031-08:00,write,key_951,306.50,true,false,547
2025-11-27T17:15:27.67942-08:00,write,key_150,307.42,true,false,548
2025-11-27T17:15:27.721509-08:00,write,key_125,306.48,true,false,548
2025-11-27T17:15:27.718675-08:00,write,key_980,309.34,true,false,549
2025-11-27T17:15:28.027991-08:00,read,key_836,2.04,true,false,99
2025-11-27T17:15:28.030035-08:00,read,key_643,1.46,true,false,500
2025-11-27T17:15:28.028013-08:00,read,key_323,5.69,true,false,236
2025-11-27T17:15:28.031494-08:00,read,key_839,2.68,true,false,479
2025-11-27T17:15:28.034173-08:00,read,key_17,0.87,true,false,125
2025-11-27T17:15:27.820575-08:00,write,key_516,309.72,true,false,550
2025-11-27T17:15:27.820556-08:00,write,key_400,309.75,true,false,550
2025-11-27T17:15:28.130301-08:00,read,key_899,2.38,true,false,156
2025-11-27T17:15:27.822382-08:00,write,key_967,312.17,true,false,551
2025-11-27T17:15:28.132681-08:00,read,key_643,1.89,true,false,500
2025-11-27T17:15:28.130288-08:00,read,key_746,4.74,true,false,15
2025-11-27T17:15:28.13503-08:00,read,key_640,1.07,false,false,0
2025-11-27T17:15:27.89269-08:00,write,key_23,307.57,true,false,552
2025-11-27T17:15:27.927127-08:00,write,key_483,307.91,true,false,553
2025-11-27T17:15:27.929469-08:00,write,key_489,305.66,true,false,549
2025-11-27T17:15:28.235126-08:00,read,key_426,1.68,false,false,0
2025-11-27T17:15:28.235045-08:00,read,key_210,1.95,true,false,518
2025-11-27T17:15:27.98684-08:00,write,key_146,311.39,true,false,549
2025-11-27T17:15:27.986804-08:00,write,key_206,311.56,true,false,552
2025-11-27T17:15:28.033709-08:00,write,key_831,308.23,true,false,551
2025-11-27T17:15:28.035045-08:00,write,key_586,307.63,true,false,552
2025-11-27T17:15:28.341943-08:00,read,key_661,1.36,false,false,0
2025-11-27T17:15:28.343307-08:00,read,key_228,0.77,true,false,308
2025-11-27T17:15:28.344081-08:00,read,key_204,0.67,true,false,423
2025-11-27T17:15:28.134554-08:00,write,key_146,309.14,true,false,552
2025-11-27T17:15:28.136102-08:00,write,key_228,309.24,true,false,554
2025-11-27T17:15:28.443698-08:00,read,key_37,2.37,true,false,436
2025-11-27T17:15:28.134567-08:00,write,key_77,312.00,true,false,554
2025-11-27T17:15:28.446071-08:00,read,key_534,1.81,false,false,0
2025-11-27T17:15:28.447887-08:00,read,key_726,1.76,true,false,543
2025-11-27T17:15:28.446563-08:00,read,key_496,3.49,true,false,518
2025-11-27T17:15:28.449646-08:00,read,key_880,0.72,false,false,0
2025-11-27T17:15:28.45037-08:00,read,key_984,2.13,false,false,0
2025-11-27T17:15:28.200257-08:00,write,key_39,305.97,true,false,553
2025-11-27T17:15:28.506228-08:00,read,key_728,2.50,true,false,406
2025-11-27T17:15:28.23681-08:00,write,key_223,310.14,true,false,555
2025-11-27T17:15:28.236993-08:00,write,key_404,313.70,true,false,556
2025-11-27T17:15:28.550694-08:00,read,key_689,1.00,true,false,194
2025-11-27T17:15:28.298231-08:00,write,key_48,307.24,true,false,555
2025-11-27T17:15:28.298366-08:00,write,key_56,307.11,true,false,554
2025-11-27T17:15:28.605474-08:00,read,key_945,4.76,true,false,391
2025-11-27T17:15:28.342671-08:00,write,key_343,309.77,true,false,555
2025-11-27T17:15:28.344755-08:00,write,key_996,307.79,true,false,554
2025-11-27T17:15:28.652541-08:00,read,key_276,1.94,true,false,476
2025-11-27T17:15:28.452501-08:00,write,key_666,304.10,true,false,555
2025-11-27T17:15:28.445343-08:00,write,key_166,311.45,true,false,557
2025-11-27T17:15:28.450058-08:00,write,key_824,308.86,true,false,557
2025-11-27T17:15:28.508726-08:00,write,key_447,309.67,true,false,558
2025-11-27T17:15:28.818399-08:00,read,key_535,1.34,true,false,255
2025-11-27T17:15:28.54695-08:00,write,key_118,314.26,true,false,557
2025-11-27T17:15:28.551691-08:00,write,key_540,309.54,true,false,559
2025-11-27T17:15:28.861231-08:00,read,key_954,1.62,true,false,372
2025-11-27T17:15:28.862853-08:00,read,key_589,0.80,true,false,289
2025-11-27T17:15:28.610235-08:00,write,key_545,306.04,true,false,558
2025-11-27T17:15:28.605466-08:00,write,key_580,311.48,true,false,557
2025-11-27T17:15:28.916276-08:00,read,key_684,2.19,true,false,70
2025-11-27T17:15:28.654483-08:00,write,key_748,305.78,true,false,560
2025-11-27T17:15:28.960266-08:00,read,key_36,2.19,true,false,465
2025-11-27T17:15:28.652441-08:00,write,key_303,310.06,true,false,557
2025-11-27T17:15:28.962497-08:00,read,key_725,1.47,true,false,364
2025-11-27T17:15:28.963967-08:00,read,key_433,1.83,true,false,542
2025-11-27T17:15:28.756597-08:00,write,key_631,311.71,true,false,559
2025-11-27T17:15:28.758919-08:00,write,key_72,309.42,true,false,558
2025-11-27T17:15:28.756788-08:00,write,key_104,311.60,true,false,561
2025-11-27T17:15:29.068388-08:00,read,key_534,1.40,false,false,0
2025-11-27T17:15:28.819737-08:00,write,key_49,306.49,true,false,562
2025-11-27T17:15:28.86365-08:00,write,key_872,305.36,true,false,563
2025-11-27T17:15:28.861211-08:00,write,key_212,307.81,true,false,562
2025-11-27T17:15:29.169013-08:00,read,key_722,1.04,true,false,522
2025-11-27T17:15:28.91847-08:00,write,key_951,312.71,true,false,564
2025-11-27T17:15:28.916941-08:00,write,key_212,314.25,true,false,563
2025-11-27T17:15:29.231182-08:00,read,key_32,2.38,true,false,476
2025-11-27T17:15:29.233568-08:00,read,key_874,0.69,true,false,430
2025-11-27T17:15:29.234262-08:00,read,key_596,0.77,false,false,0
2025-11-27T17:15:29.235037-08:00,read,key_990,2.93,false,false,0
2025-11-27T17:15:29.237973-08:00,read,key_765,0.66,false,false,0
2025-11-27T17:15:29.238631-08:00,read,key_342,0.95,true,false,470
2025-11-27T17:15:28.965803-08:00,write,key_580,306.73,true,false,561
2025-11-27T17:15:28.962454-08:00,write,key_390,310.14,true,false,561
2025-11-27T17:15:29.272536-08:00,read,key_201,3.08,true,false,504
2025-11-27T17:15:29.06979-08:00,write,key_142,306.94,true,false,565
2025-11-27T17:15:29.068339-08:00,write,key_999,308.40,true,false,562
2025-11-27T17:15:29.068309-08:00,write,key_34,308.46,true,false,565
2025-11-27T17:15:29.376735-08:00,read,key_459,1.98,false,false,0
2025-11-27T17:15:29.378717-08:00,read,key_317,0.85,false,false,0
2025-11-27T17:15:29.379571-08:00,read,key_447,0.77,true,false,558
2025-11-27T17:15:29.380344-08:00,read,key_679,0.88,true,false,55
2025-11-27T17:15:29.381222-08:00,read,key_784,1.55,true,false,232
2025-11-27T17:15:29.382778-08:00,read,key_615,0.85,true,false,524
2025-11-27T17:15:29.126355-08:00,write,key_273,310.96,true,false,566
2025-11-27T17:15:29.437314-08:00,read,key_543,2.89,true,false,462
2025-11-27T17:15:29.440209-08:00,read,key_435,2.13,true,false,502
2025-11-27T17:15:29.170054-08:00,write,key_312,309.51,true,false,564
2025-11-27T17:15:29.169004-08:00,write,key_579,310.57,true,false,566
2025-11-27T17:15:29.231187-08:00,write,key_393,308.76,true,false,567
2025-11-27T17:15:29.54032-08:00,read,key_943,2.19,true,false,105
2025-11-27T17:15:29.542515-08:00,read,key_73,0.76,false,false,0
2025-11-27T17:15:29.239586-08:00,write,key_745,306.14,true,false,565
2025-11-27T17:15:29.275616-08:00,write,key_742,310.55,true,false,567
2025-11-27T17:15:29.27259-08:00,write,key_941,313.85,true,false,566
2025-11-27T17:15:29.586169-08:00,read,key_153,2.67,true,false,411
2025-11-27T17:15:29.588837-08:00,read,key_579,1.42,true,false,566
2025-11-27T17:15:29.383626-08:00,write,key_168,311.57,true,false,566
2025-11-27T17:15:29.376726-08:00,write,key_17,318.50,true,false,568
2025-11-27T17:15:29.376763-08:00,write,key_923,318.50,true,false,569
2025-11-27T17:15:29.695254-08:00,read,key_653,1.32,true,false,478
2025-11-27T17:15:29.696578-08:00,read,key_515,0.95,true,false,292
2025-11-27T17:15:29.69753-08:00,read,key_949,1.91,true,false,393
2025-11-27T17:15:29.699442-08:00,read,key_247,1.04,false,false,0
2025-11-27T17:15:29.70048-08:00,read,key_484,0.52,true,false,447
2025-11-27T17:15:29.442343-08:00,write,key_486,305.95,true,false,567
2025-11-27T17:15:29.748294-08:00,read,key_379,2.28,true,false,531
2025-11-27T17:15:29.479575-08:00,write,key_584,317.61,true,false,569
2025-11-27T17:15:29.479565-08:00,write,key_261,317.64,true,false,568
2025-11-27T17:15:29.543277-08:00,write,key_653,304.14,true,false,568
2025-11-27T17:15:29.847417-08:00,read,key_580,3.71,true,false,561
2025-11-27T17:15:29.545722-08:00,write,key_576,305.96,true,false,568
2025-11-27T17:15:29.851679-08:00,read,key_450,2.67,true,false,286
2025-11-27T17:15:29.586438-08:00,write,key_572,312.74,true,false,570
2025-11-27T17:15:29.590262-08:00,write,key_241,311.58,true,false,570
2025-11-27T17:15:29.899173-08:00,read,key_24,3.49,false,false,0
2025-11-27T17:15:29.695191-08:00,write,key_566,307.15,true,false,571
2025-11-27T17:15:30.00234-08:00,read,key_887,1.00,true,false,572
2025-11-27T17:15:29.695223-08:00,write,key_622,308.28,true,false,570
2025-11-27T17:15:30.003344-08:00,read,key_109,4.84,true,false,132
2025-11-27T17:15:29.700997-08:00,write,key_32,307.22,true,false,571
2025-11-27T17:15:30.003502-08:00,read,key_36,4.68,true,false,465
2025-11-27T17:15:30.008232-08:00,read,key_56,0.83,true,false,554
2025-11-27T17:15:30.008212-08:00,read,key_890,0.85,false,false,0
2025-11-27T17:15:30.008187-08:00,read,key_225,0.87,true,false,484
2025-11-27T17:15:30.009059-08:00,read,key_327,0.85,true,false,43
2025-11-27T17:15:30.009911-08:00,read,key_732,0.71,true,false,13
2025-11-27T17:15:29.750576-08:00,write,key_155,305.37,true,false,571
2025-11-27T17:15:29.797203-08:00,write,key_887,307.79,true,false,572
2025-11-27T17:15:29.797186-08:00,write,key_791,307.82,true,false,572
2025-11-27T17:15:30.105007-08:00,read,key_211,2.12,false,false,0
2025-11-27T17:15:30.107133-08:00,read,key_766,2.29,true,false,45
2025-11-27T17:15:29.851127-08:00,write,key_556,307.97,true,false,572
2025-11-27T17:15:29.854351-08:00,write,key_533,304.76,true,false,571
2025-11-27T17:15:29.902666-08:00,write,key_509,307.72,true,false,574
2025-11-27T17:15:29.901837-08:00,write,key_747,308.56,true,false,573
2025-11-27T17:15:30.210383-08:00,read,key_882,4.78,false,false,0
2025-11-27T17:15:30.210396-08:00,read,key_910,4.95,true,false,502
2025-11-27T17:15:30.010625-08:00,write,key_589,305.79,true,false,575
2025-11-27T17:15:30.009093-08:00,write,key_6,307.73,true,false,575
2025-11-27T17:15:30.009058-08:00,write,key_167,308.11,true,false,572
2025-11-27T17:15:30.055939-08:00,write,key_220,308.57,true,false,573
2025-11-27T17:15:30.36451-08:00,read,key_268,1.30,true,false,499
2025-11-27T17:15:30.104987-08:00,write,key_37,313.54,true,false,574
2025-11-27T17:15:30.109427-08:00,write,key_818,309.12,true,false,573
2025-11-27T17:15:30.15911-08:00,write,key_836,309.86,true,false,575
2025-11-27T17:15:30.159099-08:00,write,key_560,309.89,true,false,574
2025-11-27T17:15:30.468985-08:00,read,key_958,1.33,true,false,319
2025-11-27T17:15:30.470316-08:00,read,key_150,1.32,true,false,548
2025-11-27T17:15:30.215348-08:00,write,key_44,305.65,true,false,575
2025-11-27T17:15:30.520995-08:00,read,key_503,1.29,true,false,84
2025-11-27T17:15:30.215164-08:00,write,key_561,307.14,true,false,576
2025-11-27T17:15:30.522284-08:00,read,key_923,0.99,true,false,569
2025-11-27T17:15:30.523275-08:00,read,key_957,2.52,true,false,429
2025-11-27T17:15:30.525794-08:00,read,key_831,0.80,true,false,551
2025-11-27T17:15:30.316415-08:00,write,key_630,313.06,true,false,577
2025-11-27T17:15:30.316816-08:00,write,key_946,312.71,true,false,577
2025-11-27T17:15:30.317165-08:00,write,key_747,312.41,true,false,576
2025-11-27T17:15:30.365807-08:00,write,key_592,312.47,true,false,578
2025-11-27T17:15:30.678277-08:00,read,key_834,1.40,true,false,199
2025-11-27T17:15:30.418541-08:00,write,key_986,312.38,true,false,579
2025-11-27T17:15:30.41853-08:00,write,key_836,313.38,true,false,580
2025-11-27T17:15:30.730917-08:00,read,key_376,3.71,false,false,0
2025-11-27T17:15:30.471638-08:00,write,key_111,307.90,true,false,579
2025-11-27T17:15:30.468967-08:00,write,key_536,310.57,true,false,581
2025-11-27T17:15:30.522296-08:00,write,key_46,311.35,true,false,581
2025-11-27T17:15:30.526593-08:00,write,key_223,307.11,true,false,582
2025-11-27T17:15:30.629477-08:00,write,key_558,308.32,true,false,583
2025-11-27T17:15:30.62952-08:00,write,key_887,308.31,true,false,584
2025-11-27T17:15:30.629575-08:00,write,key_956,308.28,true,false,578
2025-11-27T17:15:30.937796-08:00,read,key_918,1.77,true,false,515
2025-11-27T17:15:30.937826-08:00,read,key_502,5.38,true,false,506
2025-11-27T17:15:30.93785-08:00,read,key_334,5.69,false,false,0
2025-11-27T17:15:30.943205-08:00,read,key_23,1.22,true,false,552
2025-11-27T17:15:30.944431-08:00,read,key_314,0.91,true,false,12
2025-11-27T17:15:30.679679-08:00,write,key_629,306.46,true,false,579
2025-11-27T17:15:30.986139-08:00,read,key_346,0.80,true,false,434
2025-11-27T17:15:30.731906-08:00,write,key_668,306.25,true,false,582
2025-11-27T17:15:30.73463-08:00,write,key_517,303.56,true,false,583
2025-11-27T17:15:31.038184-08:00,read,key_508,0.97,true,false,535
2025-11-27T17:15:30.77954-08:00,write,key_887,313.27,true,false,582
2025-11-27T17:15:30.779551-08:00,write,key_587,313.31,true,false,585
2025-11-27T17:15:31.092858-08:00,read,key_893,2.04,true,false,226
2025-11-27T17:15:31.092807-08:00,read,key_247,3.05,false,false,0
2025-11-27T17:15:31.0949-08:00,read,key_31,1.82,true,false,523
2025-11-27T17:15:31.096716-08:00,read,key_211,2.03,false,false,0
2025-11-27T17:15:30.833646-08:00,write,key_143,310.05,true,false,583
2025-11-27T17:15:30.833701-08:00,write,key_643,310.07,true,false,585
2025-11-27T17:15:31.143767-08:00,read,key_403,2.45,true,false,514
2025-11-27T17:15:31.143694-08:00,read,key_450,2.58,true,false,286
2025-11-27T17:15:31.14622-08:00,read,key_573,1.55,true,false,414
2025-11-27T17:15:31.147775-08:00,read,key_6,2.69,true,false,575
2025-11-27T17:15:31.150469-08:00,read,key_666,0.73,true,false,555
2025-11-27T17:15:31.151201-08:00,read,key_373,0.70,true,false,428
2025-11-27T17:15:30.939568-08:00,write,key_55,308.22,true,false,586
2025-11-27T17:15:30.94354-08:00,write,key_152,304.25,true,false,586
2025-11-27T17:15:31.247784-08:00,read,key_546,5.39,true,false,112
2025-11-27T17:15:30.945344-08:00,write,key_144,307.84,true,false,587
2025-11-27T17:15:30.986939-08:00,write,key_953,310.71,true,false,585
2025-11-27T17:15:31.038151-08:00,write,key_536,310.85,true,false,585
2025-11-27T17:15:31.03916-08:00,write,key_509,310.16,true,false,588
2025-11-27T17:15:31.095858-08:00,write,key_323,306.27,true,false,589
2025-11-27T17:15:31.402131-08:00,read,key_120,1.22,true,false,234
2025-11-27T17:15:31.09875-08:00,write,key_804,304.85,true,false,588
2025-11-27T17:15:31.403591-08:00,read,key_504,1.21,true,false,478
2025-11-27T17:15:31.403357-08:00,read,key_236,4.82,false,false,0
2025-11-27T17:15:31.404799-08:00,read,key_211,3.99,false,false,0
2025-11-27T17:15:31.408795-08:00,read,key_488,0.98,true,false,356
2025-11-27T17:15:31.146271-08:00,write,key_221,305.99,true,false,586
2025-11-27T17:15:31.452255-08:00,read,key_581,1.30,false,false,0
2025-11-27T17:15:31.151906-08:00,write,key_737,304.51,true,false,589
2025-11-27T17:15:31.456411-08:00,read,key_616,2.13,false,false,0
2025-11-27T17:15:31.458538-08:00,read,key_519,1.18,true,false,304
2025-11-27T17:15:31.459722-08:00,read,key_568,1.12,true,false,441
2025-11-27T17:15:31.460846-08:00,read,key_434,3.41,true,false,533
2025-11-27T17:15:31.247783-08:00,write,key_208,308.75,true,false,587
2025-11-27T17:15:31.253178-08:00,write,key_483,304.78,true,false,590
2025-11-27T17:15:31.253178-08:00,write,key_243,304.79,true,false,588
2025-11-27T17:15:31.297649-08:00,write,key_836,307.10,true,false,590
2025-11-27T17:15:31.349316-08:00,write,key_254,311.67,true,false,590
2025-11-27T17:15:31.349002-08:00,write,key_320,311.99,true,false,589
2025-11-27T17:15:31.660987-08:00,read,key_800,1.32,true,false,536
2025-11-27T17:15:31.662314-08:00,read,key_943,1.86,true,false,105
2025-11-27T17:15:31.66418-08:00,read,key_457,1.48,false,false,0
2025-11-27T17:15:31.665666-08:00,read,key_462,1.71,false,false,0
2025-11-27T17:15:31.408181-08:00,write,key_983,304.04,true,false,591
2025-11-27T17:15:31.409776-08:00,write,key_347,302.44,true,false,591
2025-11-27T17:15:31.712216-08:00,read,key_750,0.90,false,false,0
2025-11-27T17:15:31.71312-08:00,read,key_975,0.89,false,false,0
2025-11-27T17:15:31.453562-08:00,write,key_320,309.34,true,false,592
2025-11-27T17:15:31.464254-08:00,write,key_652,304.66,true,false,590
2025-11-27T17:15:31.768913-08:00,read,key_36,0.95,true,false,465
2025-11-27T17:15:31.557952-08:00,write,key_69,318.75,true,false,591
2025-11-27T17:15:31.557968-08:00,write,key_103,318.75,true,false,593
2025-11-27T17:15:31.556536-08:00,write,key_222,320.25,true,false,593
2025-11-27T17:15:31.876718-08:00,read,key_216,1.65,false,false,0
2025-11-27T17:15:31.878371-08:00,read,key_679,1.24,true,false,55
2025-11-27T17:15:31.604754-08:00,write,key_409,308.70,true,false,592
2025-11-27T17:15:31.660982-08:00,write,key_45,314.78,true,false,593
2025-11-27T17:15:31.667382-08:00,write,key_49,308.51,true,false,594
2025-11-27T17:15:31.975883-08:00,read,key_990,1.58,false,false,0
2025-11-27T17:15:31.975761-08:00,read,key_830,1.70,false,false,0
2025-11-27T17:15:31.977482-08:00,read,key_102,1.17,true,false,544
2025-11-27T17:15:31.712216-08:00,write,key_895,308.27,true,false,594
2025-11-27T17:15:31.714014-08:00,write,key_208,306.49,true,false,595
2025-11-27T17:15:31.762897-08:00,write,key_46,312.28,true,false,596
2025-11-27T17:15:31.769865-08:00,write,key_19,305.32,true,false,593
2025-11-27T17:15:31.876785-08:00,write,key_39,304.60,true,false,597
2025-11-27T17:15:31.876694-08:00,write,key_489,304.71,true,false,595
2025-11-27T17:15:31.879611-08:00,write,key_958,304.91,true,false,594
2025-11-27T17:15:32.184519-08:00,read,key_285,0.83,true,false,174
2025-11-27T17:15:32.1814-08:00,read,key_563,3.96,true,false,129
2025-11-27T17:15:32.185347-08:00,read,key_832,0.97,true,false,496
2025-11-27T17:15:32.186314-08:00,read,key_216,0.67,false,false,0
2025-11-27T17:15:32.185364-08:00,read,key_910,2.13,true,false,502
2025-11-27T17:15:32.187496-08:00,read,key_422,0.76,true,false,123
2025-11-27T17:15:32.186989-08:00,read,key_56,1.27,true,false,554
2025-11-27T17:15:32.188253-08:00,read,key_401,0.59,false,false,0
2025-11-27T17:15:31.91345-08:00,write,key_504,315.86,true,false,598
2025-11-27T17:15:31.977466-08:00,write,key_491,305.58,true,false,596
2025-11-27T17:15:31.978651-08:00,write,key_549,304.39,true,false,595
2025-11-27T17:15:32.020504-08:00,write,key_847,307.81,true,false,596
2025-11-27T17:15:32.020485-08:00,write,key_572,307.83,true,false,599
2025-11-27T17:15:32.328316-08:00,read,key_64,1.71,true,false,323
2025-11-27T17:15:32.330029-08:00,read,key_671,0.82,true,false,507
2025-11-27T17:15:32.075182-08:00,write,key_397,309.46,true,false,600
2025-11-27T17:15:32.075181-08:00,write,key_830,309.46,true,false,599
2025-11-27T17:15:32.181382-08:00,write,key_102,307.65,true,false,598
2025-11-27T17:15:32.489035-08:00,read,key_650,2.57,true,false,262
2025-11-27T17:15:32.188846-08:00,write,key_586,304.02,true,false,601
2025-11-27T17:15:32.49161-08:00,read,key_274,1.28,true,false,443
2025-11-27T17:15:32.188258-08:00,write,key_327,304.64,true,false,601
2025-11-27T17:15:32.492868-08:00,read,key_338,1.80,true,false,341
2025-11-27T17:15:32.492886-08:00,read,key_211,1.91,false,false,0
2025-11-27T17:15:32.492891-08:00,read,key_420,2.33,true,false,397
2025-11-27T17:15:32.494797-08:00,read,key_215,1.73,true,false,524
2025-11-27T17:15:32.229309-08:00,write,key_954,309.07,true,false,602
2025-11-27T17:15:32.283054-08:00,write,key_919,306.19,true,false,602
2025-11-27T17:15:32.28304-08:00,write,key_154,306.33,true,false,599
2025-11-27T17:15:32.328314-08:00,write,key_123,311.40,true,false,603
2025-11-27T17:15:32.330846-08:00,write,key_915,308.88,true,false,600
2025-11-27T17:15:32.639719-08:00,read,key_914,3.19,true,false,457
2025-11-27T17:15:32.384641-08:00,write,key_317,307.76,true,false,601
2025-11-27T17:15:32.384644-08:00,write,key_951,307.76,true,false,601
2025-11-27T17:15:32.692401-08:00,read,key_804,3.79,true,false,588
2025-11-27T17:15:32.696189-08:00,read,key_452,0.75,true,false,512
2025-11-27T17:15:32.495218-08:00,write,key_54,305.76,true,false,602
2025-11-27T17:15:32.494668-08:00,write,key_728,306.31,true,false,602
2025-11-27T17:15:32.496529-08:00,write,key_436,308.16,true,false,603
2025-11-27T17:15:32.804687-08:00,read,key_945,0.78,true,false,391
2025-11-27T17:15:32.805463-08:00,read,key_444,0.83,true,false,168
2025-11-27T17:15:32.538376-08:00,write,key_212,306.46,true,false,604
2025-11-27T17:15:32.589245-08:00,write,key_490,313.51,true,false,605
2025-11-27T17:15:32.589368-08:00,write,key_349,313.41,true,false,603
2025-11-27T17:15:32.902751-08:00,read,key_760,2.03,true,false,333
2025-11-27T17:15:32.904787-08:00,read,key_51,2.27,true,false,454
2025-11-27T17:15:32.90706-08:00,read,key_958,2.82,true,false,594
2025-11-27T17:15:32.639709-08:00,write,key_766,306.69,true,false,604
2025-11-27T17:15:32.946398-08:00,read,key_563,1.29,true,false,129
2025-11-27T17:15:32.947689-08:00,read,key_341,0.44,true,false,507
2025-11-27T17:15:32.94813-08:00,read,key_913,0.73,true,false,132
2025-11-27T17:15:32.642916-08:00,write,key_567,305.95,true,false,604
2025-11-27T17:15:32.948863-08:00,read,key_440,0.77,true,false,289
2025-11-27T17:15:32.696943-08:00,write,key_42,308.72,true,false,605
2025-11-27T17:15:32.692402-08:00,write,key_262,313.27,true,false,604
2025-11-27T17:15:32.80629-08:00,write,key_953,304.53,true,false,606
2025-11-27T17:15:32.801-08:00,write,key_287,309.88,true,false,606
2025-11-27T17:15:32.800974-08:00,write,key_762,310.00,true,false,605
2025-11-27T17:15:33.110873-08:00,read,key_489,2.01,true,false,595
2025-11-27T17:15:33.110814-08:00,read,key_209,2.70,true,false,349
2025-11-27T17:15:33.113515-08:00,read,key_805,0.97,false,false,0
2025-11-27T17:15:32.844835-08:00,write,key_541,307.02,true,false,607
2025-11-27T17:15:32.902774-08:00,write,key_157,310.95,true,false,606
2025-11-27T17:15:32.909878-08:00,write,key_363,303.84,true,false,607
2025-11-27T17:15:32.949635-08:00,write,key_775,311.60,true,false,606
2025-11-27T17:15:32.948879-08:00,write,key_102,312.46,true,false,608
2025-11-27T17:15:33.005666-08:00,write,key_36,305.74,true,false,607
2025-11-27T17:15:33.005656-08:00,write,key_951,311.30,true,false,609
2025-11-27T17:15:33.110969-08:00,write,key_729,305.48,true,false,607
2025-11-27T17:15:33.112882-08:00,write,key_486,303.70,true,false,608
2025-11-27T17:15:33.416445-08:00,read,key_565,0.87,true,false,362
2025-11-27T17:15:33.417317-08:00,read,key_390,0.57,true,false,561
2025-11-27T17:15:33.114488-08:00,write,key_306,304.28,true,false,607
2025-11-27T17:15:33.418761-08:00,read,key_583,1.41,true,false,441
2025-11-27T17:15:33.151849-08:00,write,key_939,313.22,true,false,610
2025-11-27T17:15:33.465069-08:00,read,key_712,2.29,false,false,0
2025-11-27T17:15:33.467357-08:00,read,key_131,0.90,false,false,0
2025-11-27T17:15:33.213721-08:00,write,key_30,307.30,true,false,611
2025-11-27T17:15:33.213719-08:00,write,key_50,308.73,true,false,609
2025-11-27T17:15:33.522441-08:00,read,key_313,7.04,true,false,189
2025-11-27T17:15:33.529482-08:00,read,key_368,0.93,true,false,6
2025-11-27T17:15:33.261234-08:00,write,key_53,306.49,true,false,609
2025-11-27T17:15:33.26134-08:00,write,key_70,306.38,true,false,610
2025-11-27T17:15:33.311409-08:00,write,key_514,309.37,true,false,611
2025-11-27T17:15:33.316957-08:00,write,key_155,313.58,true,false,611
2025-11-27T17:15:33.416573-08:00,write,key_927,306.54,true,false,612
2025-11-27T17:15:33.41789-08:00,write,key_502,305.47,true,false,610
2025-11-27T17:15:33.723109-08:00,read,key_51,2.69,true,false,454
2025-11-27T17:15:33.420174-08:00,write,key_435,305.65,true,false,610
2025-11-27T17:15:33.723355-08:00,read,key_855,2.46,true,false,140
2025-11-27T17:15:33.725801-08:00,read,key_120,1.25,true,false,234
2025-11-27T17:15:33.725815-08:00,read,key_323,1.25,true,false,589
2025-11-27T17:15:33.727068-08:00,read,key_619,1.71,true,false,425
2025-11-27T17:15:33.727054-08:00,read,key_229,1.75,true,false,420
2025-11-27T17:15:33.728803-08:00,read,key_5,1.13,true,false,163
2025-11-27T17:15:33.468257-08:00,write,key_219,310.04,true,false,611
2025-11-27T17:15:33.778295-08:00,read,key_55,1.04,true,false,586
2025-11-27T17:15:33.779332-08:00,read,key_952,3.29,true,false,412
2025-11-27T17:15:33.521027-08:00,write,key_910,310.10,true,false,613
2025-11-27T17:15:33.530413-08:00,write,key_833,306.08,true,false,612
2025-11-27T17:15:33.836492-08:00,read,key_343,0.98,true,false,555
2025-11-27T17:15:33.567719-08:00,write,key_724,312.18,true,false,612
2025-11-27T17:15:33.567732-08:00,write,key_941,312.17,true,false,612
2025-11-27T17:15:33.879896-08:00,read,key_320,3.53,true,true,589
2025-11-27T17:15:33.620781-08:00,write,key_492,308.80,true,false,614
2025-11-27T17:15:33.929579-08:00,read,key_532,0.99,false,false,0
2025-11-27T17:15:33.930568-08:00,read,key_439,3.25,true,false,369
2025-11-27T17:15:33.630532-08:00,write,key_78,306.40,true,false,615
2025-11-27T17:15:33.936927-08:00,read,key_407,0.70,true,false,354
2025-11-27T17:15:33.725816-08:00,write,key_579,310.30,true,false,615
2025-11-27T17:15:33.728782-08:00,write,key_953,307.33,true,false,616
2025-11-27T17:15:33.729934-08:00,write,key_121,306.18,true,false,613
2025-11-27T17:15:34.036138-08:00,read,key_71,2.09,true,false,164
2025-11-27T17:15:34.03611-08:00,read,key_29,6.93,true,false,533
2025-11-27T17:15:34.043042-08:00,read,key_53,1.42,true,false,609
2025-11-27T17:15:33.782624-08:00,write,key_274,304.33,true,false,613
2025-11-27T17:15:33.831125-08:00,write,key_160,309.22,true,false,614
2025-11-27T17:15:34.140347-08:00,read,key_544,2.60,true,false,412
2025-11-27T17:15:34.142949-08:00,read,key_507,1.04,true,false,544
2025-11-27T17:15:33.837473-08:00,write,key_348,307.22,true,false,615
2025-11-27T17:15:34.143995-08:00,read,key_375,0.86,false,false,0
2025-11-27T17:15:34.144858-08:00,read,key_593,0.63,false,false,0
2025-11-27T17:15:34.145493-08:00,read,key_808,1.00,true,false,389
2025-11-27T17:15:33.879899-08:00,write,key_573,305.37,true,false,617
2025-11-27T17:15:33.883427-08:00,write,key_889,305.47,true,false,614
2025-11-27T17:15:33.933818-08:00,write,key_263,309.84,true,false,617
2025-11-27T17:15:33.937632-08:00,write,key_922,306.02,true,false,616
2025-11-27T17:15:34.24366-08:00,read,key_633,1.18,false,false,0
2025-11-27T17:15:34.036126-08:00,write,key_954,311.54,true,false,617
2025-11-27T17:15:34.038234-08:00,write,key_595,309.46,true,false,618
2025-11-27T17:15:34.347665-08:00,read,key_742,3.84,true,false,567
2025-11-27T17:15:34.04446-08:00,write,key_803,307.33,true,false,619
2025-11-27T17:15:34.086956-08:00,write,key_980,306.90,true,false,617
2025-11-27T17:15:34.39386-08:00,read,key_51,1.10,true,false,454
2025-11-27T17:15:34.144688-08:00,write,key_328,307.67,true,false,617
2025-11-27T17:15:34.146497-08:00,write,key_213,305.86,true,false,620
2025-11-27T17:15:34.188899-08:00,write,key_403,308.27,true,false,618
2025-11-27T17:15:34.185273-08:00,write,key_3,311.90,true,false,621
2025-11-27T17:15:34.497168-08:00,read,key_762,4.54,true,false,605
2025-11-27T17:15:34.497168-08:00,read,key_343,4.56,true,false,555
2025-11-27T17:15:34.501731-08:00,read,key_229,0.87,true,false,420
2025-11-27T17:15:34.243657-08:00,write,key_219,310.16,true,false,619
2025-11-27T17:15:34.244838-08:00,write,key_341,309.08,true,false,620
2025-11-27T17:15:34.553823-08:00,read,key_984,1.75,false,false,0
2025-11-27T17:15:34.555576-08:00,read,key_111,1.79,true,false,579
2025-11-27T17:15:34.347691-08:00,write,key_513,313.15,true,false,622
2025-11-27T17:15:34.351788-08:00,write,key_149,309.06,true,false,621
2025-11-27T17:15:34.351506-08:00,write,key_234,309.38,true,false,623
2025-11-27T17:15:34.660878-08:00,read,key_958,2.30,true,false,594
2025-11-27T17:15:34.663184-08:00,read,key_254,1.25,true,false,590
2025-11-27T17:15:34.660843-08:00,read,key_304,3.84,false,false,0
2025-11-27T17:15:34.394966-08:00,write,key_159,310.04,true,false,622
2025-11-27T17:15:34.452356-08:00,write,key_438,309.62,true,false,624
2025-11-27T17:15:34.452358-08:00,write,key_780,309.64,true,false,623
2025-11-27T17:15:34.502605-08:00,write,key_747,306.22,true,false,624
2025-11-27T17:15:34.501708-08:00,write,key_955,307.13,true,false,622
2025-11-27T17:15:34.808839-08:00,read,key_576,3.23,true,false,568
2025-11-27T17:15:34.812072-08:00,read,key_217,0.91,true,false,532
2025-11-27T17:15:34.812981-08:00,read,key_464,0.91,false,false,0
2025-11-27T17:15:34.557366-08:00,write,key_214,318.70,true,false,623
2025-11-27T17:15:34.553917-08:00,write,key_744,322.15,true,false,622
2025-11-27T17:15:34.876063-08:00,read,key_932,0.85,false,false,0
2025-11-27T17:15:34.876059-08:00,read,key_279,0.95,true,false,407
2025-11-27T17:15:34.876916-08:00,read,key_500,0.54,true,false,390
2025-11-27T17:15:34.877009-08:00,read,key_480,0.97,true,false,504
2025-11-27T17:15:34.877983-08:00,read,key_721,0.44,true,false,541
2025-11-27T17:15:34.664435-08:00,write,key_741,313.24,true,false,624
2025-11-27T17:15:34.664683-08:00,write,key_500,312.99,true,false,625
2025-11-27T17:15:34.977678-08:00,read,key_379,0.69,true,false,531
2025-11-27T17:15:34.660862-08:00,write,key_433,317.55,true,false,625
2025-11-27T17:15:34.978371-08:00,read,key_259,0.52,true,false,243
2025-11-27T17:15:34.978403-08:00,read,key_23,0.51,true,false,552
2025-11-27T17:15:34.978909-08:00,read,key_560,0.59,true,false,574
2025-11-27T17:15:34.978893-08:00,read,key_684,0.62,true,false,70
2025-11-27T17:15:34.979513-08:00,read,key_39,0.51,true,false,597
2025-11-27T17:15:34.980028-08:00,read,key_645,0.53,true,false,486
2025-11-27T17:15:34.705005-08:00,write,key_426,312.65,true,false,624
2025-11-27T17:15:34.761974-08:00,write,key_325,307.95,true,false,625
2025-11-27T17:15:34.761994-08:00,write,key_227,307.94,true,false,625
2025-11-27T17:15:35.069922-08:00,read,key_24,1.80,false,false,0
2025-11-27T17:15:34.813888-08:00,write,key_326,305.02,true,false,625
2025-11-27T17:15:34.808827-08:00,write,key_323,310.12,true,false,626
2025-11-27T17:15:35.118905-08:00,read,key_402,3.93,true,false,346
2025-11-27T17:15:35.12284-08:00,read,key_954,2.17,true,false,617
2025-11-27T17:15:35.125012-08:00,read,key_860,1.21,true,false,528
2025-11-27T17:15:34.877454-08:00,write,key_583,306.87,true,false,626
2025-11-27T17:15:34.878424-08:00,write,key_346,305.93,true,false,626
2025-11-27T17:15:34.977674-08:00,write,key_458,307.61,true,false,627
2025-11-27T17:15:34.9795-08:00,write,key_218,305.80,true,false,627
2025-11-27T17:15:35.285283-08:00,read,key_207,2.06,true,false,71
2025-11-27T17:15:34.980562-08:00,write,key_559,307.65,true,false,627
2025-11-27T17:15:35.017651-08:00,write,key_46,304.20,true,false,628
2025-11-27T17:15:35.321853-08:00,read,key_959,0.67,false,false,0
2025-11-27T17:15:35.32253-08:00,read,key_482,0.71,true,false,376
2025-11-27T17:15:35.069927-08:00,write,key_867,310.86,true,false,628
2025-11-27T17:15:35.071721-08:00,write,key_11,309.09,true,false,629
2025-11-27T17:15:35.380784-08:00,read,key_551,0.77,false,false,0
2025-11-27T17:15:35.381554-08:00,read,key_436,1.12,true,false,603
2025-11-27T17:15:35.11894-08:00,write,key_933,308.57,true,false,629
2025-11-27T17:15:35.126221-08:00,write,key_766,303.36,true,false,629
2025-11-27T17:15:35.429573-08:00,read,key_343,0.55,true,false,555
2025-11-27T17:15:35.184347-08:00,write,key_884,304.66,true,false,627
2025-11-27T17:15:35.184327-08:00,write,key_289,304.70,true,false,628
2025-11-27T17:15:35.48901-08:00,read,key_9,1.38,true,false,461
2025-11-27T17:15:35.489026-08:00,read,key_112,1.46,true,false,519
2025-11-27T17:15:35.288213-08:00,write,key_851,305.62,true,false,631
2025-11-27T17:15:35.285295-08:00,write,key_159,308.55,true,false,630
2025-11-27T17:15:35.28734-08:00,write,key_694,306.53,true,false,630
2025-11-27T17:15:35.59387-08:00,read,key_855,1.62,true,false,140
2025-11-27T17:15:35.323239-08:00,write,key_226,305.69,true,false,629
2025-11-27T17:15:35.382679-08:00,write,key_951,310.94,true,false,631
2025-11-27T17:15:35.38081-08:00,write,key_48,312.81,true,false,630
2025-11-27T17:15:35.693622-08:00,read,key_106,1.30,true,false,101
2025-11-27T17:15:35.694924-08:00,read,key_210,0.95,true,false,518
2025-11-27T17:15:35.695875-08:00,read,key_162,0.70,true,false,302
2025-11-27T17:15:35.430125-08:00,write,key_279,305.84,true,false,632
2025-11-27T17:15:35.427505-08:00,write,key_475,308.47,true,false,631
2025-11-27T17:15:35.490488-08:00,write,key_403,306.21,true,false,630
2025-11-27T17:15:35.490396-08:00,write,key_937,306.30,true,false,632
2025-11-27T17:15:35.796711-08:00,read,key_114,3.96,true,false,413
2025-11-27T17:15:35.595495-08:00,write,key_50,306.61,true,false,632
2025-11-27T17:15:35.593829-08:00,write,key_889,308.28,true,false,633
2025-11-27T17:15:35.593842-08:00,write,key_612,308.30,true,false,632
2025-11-27T17:15:35.902113-08:00,read,key_549,2.17,true,false,595
2025-11-27T17:15:35.90214-08:00,read,key_39,3.41,true,false,597
2025-11-27T17:15:35.62893-08:00,write,key_917,314.90,true,false,633
2025-11-27T17:15:35.943833-08:00,read,key_743,0.94,true,false,378
2025-11-27T17:15:35.944779-08:00,read,key_721,0.68,true,false,541
2025-11-27T17:15:35.945455-08:00,read,key_572,0.71,true,false,599
2025-11-27T17:15:35.946167-08:00,read,key_3,0.62,true,false,621
2025-11-27T17:15:35.946787-08:00,read,key_24,0.78,false,false,0
2025-11-27T17:15:35.696576-08:00,write,key_572,306.96,true,false,633
2025-11-27T17:15:35.69362-08:00,write,key_207,309.92,true,false,633
2025-11-27T17:15:35.735966-08:00,write,key_220,311.25,true,false,634
2025-11-27T17:15:35.735966-08:00,write,key_507,311.27,true,false,634
2025-11-27T17:15:36.047228-08:00,read,key_554,3.54,true,false,390
2025-11-27T17:15:35.796699-08:00,write,key_56,309.82,true,false,634
2025-11-27T17:15:35.800679-08:00,write,key_256,306.12,true,false,633
2025-11-27T17:15:35.905549-08:00,write,key_881,306.02,true,false,635
2025-11-27T17:15:35.902105-08:00,write,key_44,309.46,true,false,634
2025-11-27T17:15:35.904284-08:00,write,key_511,307.35,true,false,635
2025-11-27T17:15:36.211564-08:00,read,key_894,1.54,false,false,0
2025-11-27T17:15:35.947573-08:00,write,key_242,307.68,true,false,635
2025-11-27T17:15:36.255261-08:00,read,key_222,2.70,true,false,593
2025-11-27T17:15:36.003536-08:00,write,key_570,306.57,true,false,636
2025-11-27T17:15:36.003536-08:00,write,key_310,308.53,true,false,635
2025-11-27T17:15:36.310111-08:00,read,key_551,2.89,false,false,0
2025-11-27T17:15:36.312064-08:00,read,key_248,0.94,false,false,0
2025-11-27T17:15:36.047215-08:00,write,key_499,312.97,true,false,637
2025-11-27T17:15:36.050769-08:00,write,key_45,309.42,true,false,635
2025-11-27T17:15:36.360191-08:00,read,key_561,1.12,true,false,576
2025-11-27T17:15:36.360184-08:00,read,key_397,1.22,true,false,600
2025-11-27T17:15:36.361314-08:00,read,key_958,0.93,true,false,594
2025-11-27T17:15:36.362249-08:00,read,key_407,0.91,true,false,354
2025-11-27T17:15:36.106516-08:00,write,key_784,308.04,true,false,636
2025-11-27T17:15:36.106795-08:00,write,key_432,307.78,true,false,638
2025-11-27T17:15:36.414553-08:00,read,key_222,3.08,true,false,593
2025-11-27T17:15:36.414568-08:00,read,key_868,3.06,true,false,319
2025-11-27T17:15:36.21163-08:00,write,key_146,307.21,true,false,637
2025-11-27T17:15:36.213106-08:00,write,key_152,305.73,true,false,636
2025-11-27T17:15:36.211563-08:00,write,key_43,307.31,true,false,639
2025-11-27T17:15:36.257965-08:00,write,key_653,309.38,true,false,640
2025-11-27T17:15:36.567347-08:00,read,key_337,1.11,true,false,251
2025-11-27T17:15:36.568458-08:00,read,key_890,1.12,false,false,0
2025-11-27T17:15:36.569576-08:00,read,key_333,1.01,false,false,0
2025-11-27T17:15:36.570591-08:00,read,key_927,0.91,true,false,612
2025-11-27T17:15:36.313004-08:00,write,key_114,308.02,true,false,637
2025-11-27T17:15:36.313004-08:00,write,key_222,308.05,true,false,637
2025-11-27T17:15:36.363163-08:00,write,key_319,306.12,true,false,638
2025-11-27T17:15:36.361409-08:00,write,key_114,307.90,true,false,638
2025-11-27T17:15:36.417633-08:00,write,key_583,309.41,true,false,639
2025-11-27T17:15:36.417633-08:00,write,key_855,309.42,true,false,641
2025-11-27T17:15:36.727049-08:00,read,key_836,1.15,true,false,590
2025-11-27T17:15:36.51887-08:00,write,key_956,309.73,true,false,641
2025-11-27T17:15:36.51886-08:00,write,key_220,309.76,true,false,642
2025-11-27T17:15:36.518834-08:00,write,key_440,309.79,true,false,640
2025-11-27T17:15:36.828622-08:00,read,key_393,1.67,true,false,567
2025-11-27T17:15:36.83029-08:00,read,key_512,1.23,true,false,332
2025-11-27T17:15:36.571497-08:00,write,key_35,308.43,true,false,643
2025-11-27T17:15:36.879926-08:00,read,key_107,2.42,true,false,177
2025-11-27T17:15:36.882346-08:00,read,key_165,2.45,true,false,466
2025-11-27T17:15:36.62102-08:00,write,key_112,307.57,true,false,643
2025-11-27T17:15:36.621046-08:00,write,key_20,308.12,true,false,641
2025-11-27T17:15:36.928599-08:00,read,key_371,2.78,true,false,430
2025-11-27T17:15:36.669282-08:00,write,key_584,308.28,true,false,644
2025-11-27T17:15:36.669303-08:00,write,key_746,308.26,true,false,642
2025-11-27T17:15:36.977562-08:00,read,key_85,1.06,false,false,0
2025-11-27T17:15:36.727045-08:00,write,key_4,309.48,true,false,642
2025-11-27T17:15:36.728202-08:00,write,key_204,308.35,true,false,645
2025-11-27T17:15:37.03652-08:00,read,key_504,1.60,true,false,598
2025-11-27T17:15:37.03655-08:00,read,key_177,1.59,false,false,0
2025-11-27T17:15:37.038141-08:00,read,key_49,0.86,true,false,643
2025-11-27T17:15:37.038126-08:00,read,key_764,0.92,true,false,400
2025-11-27T17:15:37.039044-08:00,read,key_37,2.24,true,false,574
2025-11-27T17:15:36.831523-08:00,write,key_840,304.41,true,false,643
2025-11-27T17:15:37.135938-08:00,read,key_764,1.67,true,false,400
2025-11-27T17:15:36.828617-08:00,write,key_980,310.13,true,false,646
2025-11-27T17:15:36.828595-08:00,write,key_49,310.69,true,false,643
2025-11-27T17:15:37.13761-08:00,read,key_443,3.25,true,false,496
2025-11-27T17:15:37.139284-08:00,read,key_468,2.72,true,false,422
2025-11-27T17:15:37.140861-08:00,read,key_506,1.41,true,false,421
2025-11-27T17:15:37.138742-08:00,read,key_332,3.92,true,false,312
2025-11-27T17:15:37.142664-08:00,read,key_58,1.92,true,false,480
2025-11-27T17:15:37.142008-08:00,read,key_301,2.60,false,false,0
2025-11-27T17:15:37.144585-08:00,read,key_500,3.10,true,false,625
2025-11-27T17:15:36.884797-08:00,write,key_481,304.74,true,false,647
2025-11-27T17:15:36.931379-08:00,write,key_141,305.67,true,false,644
2025-11-27T17:15:36.929165-08:00,write,key_742,307.90,true,false,644
2025-11-27T17:15:36.978621-08:00,write,key_915,307.34,true,false,645
2025-11-27T17:15:36.977576-08:00,write,key_334,308.38,true,false,645
2025-11-27T17:15:37.285965-08:00,read,key_517,0.95,true,false,583
2025-11-27T17:15:37.286914-08:00,read,key_987,0.74,true,false,495
2025-11-27T17:15:37.287652-08:00,read,key_518,0.79,true,false,442
2025-11-27T17:15:37.039002-08:00,write,key_436,308.81,true,false,646
2025-11-27T17:15:37.041289-08:00,write,key_950,306.68,true,false,648
2025-11-27T17:15:37.347965-08:00,read,key_551,3.35,false,false,0
2025-11-27T17:15:37.142277-08:00,write,key_589,304.83,true,false,647
2025-11-27T17:15:37.447109-08:00,read,key_954,1.22,true,false,617
2025-11-27T17:15:37.448329-08:00,read,key_949,2.77,true,false,393
2025-11-27T17:15:37.144606-08:00,write,key_515,306.51,true,false,647
2025-11-27T17:15:37.451117-08:00,read,key_600,1.54,false,false,0
2025-11-27T17:15:37.147689-08:00,write,key_451,306.06,true,false,648
2025-11-27T17:15:37.453749-08:00,read,key_209,1.44,true,false,349
2025-11-27T17:15:37.189535-08:00,write,key_514,305.49,true,false,649
2025-11-27T17:15:37.237049-08:00,write,key_150,311.95,true,false,649
2025-11-27T17:15:37.23706-08:00,write,key_946,311.98,true,false,650
2025-11-27T17:15:37.285958-08:00,write,key_510,308.65,true,false,648
2025-11-27T17:15:37.28844-08:00,write,key_512,306.17,true,false,648
2025-11-27T17:15:37.351317-08:00,write,key_544,304.20,true,false,649
2025-11-27T17:15:37.347808-08:00,write,key_917,307.71,true,false,651
2025-11-27T17:15:37.655516-08:00,read,key_390,3.34,true,false,561
2025-11-27T17:15:37.451105-08:00,write,key_20,308.60,true,false,650
2025-11-27T17:15:37.452663-08:00,write,key_313,307.06,true,false,650
2025-11-27T17:15:37.455188-08:00,write,key_31,305.80,true,false,649
2025-11-27T17:15:37.759722-08:00,read,key_515,2.69,true,false,647
2025-11-27T17:15:37.760989-08:00,read,key_519,1.65,true,false,304
2025-11-27T17:15:37.762637-08:00,read,key_573,0.89,true,false,617
2025-11-27T17:15:37.76353-08:00,read,key_651,0.93,true,false,456
2025-11-27T17:15:37.495027-08:00,write,key_248,307.91,true,false,651
2025-11-27T17:15:37.548993-08:00,write,key_204,310.27,true,false,652
2025-11-27T17:15:37.549038-08:00,write,key_916,313.19,true,false,651
2025-11-27T17:15:37.594607-08:00,write,key_581,306.97,true,false,652
2025-11-27T17:15:37.594615-08:00,write,key_890,306.98,true,false,651
2025-11-27T17:15:37.655524-08:00,write,key_225,311.64,true,false,652
2025-11-27T17:15:37.658859-08:00,write,key_119,308.31,true,false,653
2025-11-27T17:15:37.967169-08:00,read,key_31,1.00,true,false,649
2025-11-27T17:15:37.967181-08:00,read,key_23,0.99,true,false,653
2025-11-27T17:15:37.762411-08:00,write,key_627,305.97,true,false,654
2025-11-27T17:15:37.759703-08:00,write,key_745,308.82,true,false,653
2025-11-27T17:15:38.068518-08:00,read,key_554,0.96,true,false,390
2025-11-27T17:15:37.764464-08:00,write,key_855,306.40,true,false,655
2025-11-27T17:15:37.802937-08:00,write,key_574,308.57,true,false,654
2025-11-27T17:15:38.111501-08:00,read,key_615,1.35,true,false,524
2025-11-27T17:15:37.862224-08:00,write,key_943,308.54,true,false,654
2025-11-27T17:15:37.859265-08:00,write,key_23,311.50,true,false,653
2025-11-27T17:15:37.901594-08:00,write,key_211,307.02,true,false,654
2025-11-27T17:15:37.90158-08:00,write,key_213,307.08,true,false,656
2025-11-27T17:15:38.208618-08:00,read,key_831,1.20,true,false,551
2025-11-27T17:15:37.96817-08:00,write,key_124,309.08,true,false,656
2025-11-27T17:15:37.968175-08:00,write,key_79,309.46,true,false,655
2025-11-27T17:15:38.27725-08:00,read,key_764,1.05,true,false,400
2025-11-27T17:15:38.277636-08:00,read,key_226,0.68,true,false,629
2025-11-27T17:15:38.278302-08:00,read,key_964,1.61,true,false,405
2025-11-27T17:15:38.070858-08:00,write,key_141,305.74,true,false,656
2025-11-27T17:15:38.068379-08:00,write,key_163,310.24,true,false,657
2025-11-27T17:15:38.069481-08:00,write,key_815,309.15,true,false,658
2025-11-27T17:15:38.378624-08:00,read,key_943,4.87,true,false,654
2025-11-27T17:15:38.112851-08:00,write,key_689,308.02,true,false,659
2025-11-27T17:15:38.420873-08:00,read,key_424,0.74,true,false,467
2025-11-27T17:15:38.421612-08:00,read,key_403,0.65,true,false,630
2025-11-27T17:15:38.422259-08:00,read,key_330,1.76,true,false,476
2025-11-27T17:15:38.424017-08:00,read,key_357,0.34,false,false,0
2025-11-27T17:15:38.170788-08:00,write,key_210,312.95,true,false,660
2025-11-27T17:15:38.170767-08:00,write,key_326,312.99,true,false,657
2025-11-27T17:15:38.483755-08:00,read,key_287,1.06,true,false,606
2025-11-27T17:15:38.483735-08:00,read,key_951,1.08,true,false,631
2025-11-27T17:15:38.48482-08:00,read,key_32,1.99,true,false,571
2025-11-27T17:15:38.486816-08:00,read,key_981,0.89,true,false,320
2025-11-27T17:15:38.208653-08:00,write,key_950,309.33,true,false,659
2025-11-27T17:15:38.20982-08:00,write,key_414,308.20,true,false,661
2025-11-27T17:15:38.518012-08:00,read,key_328,1.49,true,false,617
2025-11-27T17:15:38.519501-08:00,read,key_30,1.06,true,false,611
2025-11-27T17:15:38.52056-08:00,read,key_432,0.77,true,false,638
2025-11-27T17:15:38.279917-08:00,write,key_951,304.95,true,false,661
2025-11-27T17:15:38.278312-08:00,write,key_150,308.42,true,false,658
2025-11-27T17:15:38.586728-08:00,read,key_229,1.60,true,false,420
2025-11-27T17:15:38.588333-08:00,read,key_552,0.78,false,false,0
2025-11-27T17:15:38.589119-08:00,read,key_954,3.71,true,false,617
2025-11-27T17:15:38.592836-08:00,read,key_884,1.07,true,false,627
2025-11-27T17:15:38.383493-08:00,write,key_432,305.75,true,false,662
2025-11-27T17:15:38.376601-08:00,write,key_471,314.45,true,false,659
2025-11-27T17:15:38.378619-08:00,write,key_949,312.69,true,false,660
2025-11-27T17:15:38.691304-08:00,read,key_858,2.43,true,false,273
2025-11-27T17:15:38.68924-08:00,read,key_912,6.09,true,false,521
2025-11-27T17:15:38.695328-08:00,read,key_831,0.89,true,false,551
2025-11-27T17:15:38.69374-08:00,read,key_954,2.48,true,false,617
2025-11-27T17:15:38.696223-08:00,read,key_9,5.59,true,false,461
2025-11-27T17:15:38.701811-08:00,read,key_805,0.97,false,false,0
2025-11-27T17:15:38.424355-08:00,write,key_351,305.75,true,false,662
2025-11-27T17:15:38.487709-08:00,write,key_445,305.99,true,false,661
2025-11-27T17:15:38.793699-08:00,read,key_164,1.40,true,false,402
2025-11-27T17:15:38.7951-08:00,read,key_916,1.12,true,false,651
2025-11-27T17:15:38.484817-08:00,write,key_425,311.41,true,false,663
2025-11-27T17:15:38.796219-08:00,read,key_224,0.88,true,false,529
2025-11-27T17:15:38.521332-08:00,write,key_799,306.02,true,false,663
2025-11-27T17:15:38.517986-08:00,write,key_169,309.40,true,false,664
2025-11-27T17:15:38.827385-08:00,read,key_983,1.40,true,false,591
2025-11-27T17:15:38.593903-08:00,write,key_919,303.61,true,false,662
2025-11-27T17:15:38.584863-08:00,write,key_421,312.65,true,false,662
2025-11-27T17:15:38.897738-08:00,read,key_644,3.12,false,false,0
2025-11-27T17:15:38.897793-08:00,read,key_2,3.08,true,false,531
2025-11-27T17:15:38.691045-08:00,write,key_332,310.81,true,false,663
2025-11-27T17:15:38.696223-08:00,write,key_839,305.64,true,false,665
2025-11-27T17:15:38.702788-08:00,write,key_126,305.18,true,false,665
2025-11-27T17:15:39.007961-08:00,read,key_105,2.56,true,false,521
2025-11-27T17:15:38.730099-08:00,write,key_551,309.12,true,false,663
2025-11-27T17:15:38.797096-08:00,write,key_419,308.19,true,false,664
2025-11-27T17:15:38.796224-08:00,write,key_105,309.10,true,false,664
2025-11-27T17:15:39.105287-08:00,read,key_508,3.23,true,false,535
2025-11-27T17:15:39.105323-08:00,read,key_89,4.13,true,false,86
2025-11-27T17:15:38.827352-08:00,write,key_32,310.38,true,false,665
2025-11-27T17:15:38.828782-08:00,write,key_78,308.97,true,false,665
2025-11-27T17:15:38.900859-08:00,write,key_838,309.30,true,false,665
2025-11-27T17:15:38.900874-08:00,write,key_7,309.48,true,false,666
2025-11-27T17:15:39.210352-08:00,read,key_480,3.48,true,false,504
2025-11-27T17:15:39.210162-08:00,read,key_641,3.68,false,false,0
2025-11-27T17:15:39.001863-08:00,write,key_556,310.86,true,false,666
2025-11-27T17:15:39.001866-08:00,write,key_349,310.90,true,false,666
2025-11-27T17:15:39.312721-08:00,read,key_446,1.91,true,false,516
2025-11-27T17:15:39.010519-08:00,write,key_448,306.51,true,false,667
2025-11-27T17:15:39.314638-08:00,read,key_830,2.69,true,false,599
2025-11-27T17:15:39.317332-08:00,read,key_481,1.00,true,false,647
2025-11-27T17:15:39.039225-08:00,write,key_930,305.20,true,false,667
2025-11-27T17:15:39.344419-08:00,read,key_185,0.84,false,false,0
2025-11-27T17:15:39.345265-08:00,read,key_644,0.90,false,false,0
2025-11-27T17:15:39.109455-08:00,write,key_917,310.08,true,false,666
2025-11-27T17:15:39.108522-08:00,write,key_148,311.09,true,false,667
2025-11-27T17:15:39.137751-08:00,write,key_455,308.62,true,false,668
2025-11-27T17:15:39.137729-08:00,write,key_944,308.64,true,false,667
2025-11-27T17:15:39.446373-08:00,read,key_656,1.68,true,false,199
2025-11-27T17:15:39.44806-08:00,read,key_117,2.04,true,false,212
2025-11-27T17:15:39.213844-08:00,write,key_631,307.08,true,false,668
2025-11-27T17:15:39.213837-08:00,write,key_982,307.10,true,false,668
2025-11-27T17:15:39.520919-08:00,read,key_106,1.58,true,false,101
2025-11-27T17:15:39.522503-08:00,read,key_396,2.20,false,false,0
2025-11-27T17:15:39.524709-08:00,read,key_480,1.18,true,false,504
2025-11-27T17:15:39.525887-08:00,read,key_345,1.02,false,false,0
2025-11-27T17:15:39.526912-08:00,read,key_945,0.95,true,false,391
2025-11-27T17:15:39.527861-08:00,read,key_685,0.88,true,false,540
2025-11-27T17:15:39.318338-08:00,write,key_561,308.53,true,false,670
2025-11-27T17:15:39.312757-08:00,write,key_834,314.11,true,false,668
2025-11-27T17:15:39.317024-08:00,write,key_151,309.86,true,false,669
2025-11-27T17:15:39.626878-08:00,read,key_828,1.37,false,false,0
2025-11-27T17:15:39.626862-08:00,read,key_124,1.40,true,false,656
2025-11-27T17:15:39.346171-08:00,write,key_564,308.01,true,false,669
2025-11-27T17:15:39.419608-08:00,write,key_469,308.42,true,false,672
2025-11-27T17:15:39.419534-08:00,write,key_634,308.49,true,false,671
2025-11-27T17:15:39.728024-08:00,read,key_429,1.09,true,false,462
2025-11-27T17:15:39.728026-08:00,read,key_517,2.98,true,false,583
2025-11-27T17:15:39.450098-08:00,write,key_549,306.51,true,false,669
2025-11-27T17:15:39.446378-08:00,write,key_53,310.24,true,false,669
2025-11-27T17:15:39.756607-08:00,read,key_316,2.69,true,false,135
2025-11-27T17:15:39.759296-08:00,read,key_618,0.86,true,false,401
2025-11-27T17:15:39.528738-08:00,write,key_623,307.20,true,false,673
2025-11-27T17:15:39.520934-08:00,write,key_968,315.02,true,false,670
2025-11-27T17:15:39.835946-08:00,read,key_614,1.53,true,false,313
2025-11-27T17:15:39.837481-08:00,read,key_689,1.13,true,false,659
2025-11-27T17:15:39.838616-08:00,read,key_416,2.66,false,false,0
2025-11-27T17:15:39.628264-08:00,write,key_119,307.58,true,false,672
2025-11-27T17:15:39.628246-08:00,write,key_208,307.63,true,false,671
2025-11-27T17:15:39.626862-08:00,write,key_892,310.20,true,false,671
2025-11-27T17:15:39.935868-08:00,read,key_39,1.31,true,false,597
2025-11-27T17:15:39.937179-08:00,read,key_653,2.43,true,false,640
2025-11-27T17:15:39.937056-08:00,read,key_838,2.56,true,false,665
2025-11-27T17:15:39.654184-08:00,write,key_13,306.33,true,false,671
2025-11-27T17:15:39.731009-08:00,write,key_576,308.28,true,false,673
2025-11-27T17:15:39.729118-08:00,write,key_409,310.54,true,false,674
2025-11-27T17:15:39.756617-08:00,write,key_33,305.29,true,false,673
2025-11-27T17:15:39.760161-08:00,write,key_359,307.63,true,false,675
2025-11-27T17:15:40.067791-08:00,read,key_402,1.15,true,false,346
2025-11-27T17:15:40.068941-08:00,read,key_560,0.94,true,false,574
2025-11-27T17:15:40.069883-08:00,read,key_988,2.33,true,false,106
2025-11-27T17:15:39.841278-08:00,write,key_506,303.38,true,false,674
2025-11-27T17:15:39.835945-08:00,write,key_809,308.84,true,false,676
2025-11-27T17:15:40.144667-08:00,read,key_587,1.53,true,false,585
2025-11-27T17:15:39.939608-08:00,write,key_912,306.86,true,false,677
2025-11-27T17:15:39.939619-08:00,write,key_142,306.89,true,false,674
2025-11-27T17:15:39.935846-08:00,write,key_837,310.70,true,false,677
2025-11-27T17:15:40.246469-08:00,read,key_874,1.85,true,false,430
2025-11-27T17:15:40.246537-08:00,read,key_980,4.66,true,false,646
2025-11-27T17:15:40.24651-08:00,read,key_397,4.68,true,false,600
2025-11-27T17:15:40.251195-08:00,read,key_513,1.11,true,false,622
2025-11-27T17:15:39.960514-08:00,write,key_351,304.12,true,false,675
2025-11-27T17:15:40.264635-08:00,read,key_473,2.07,true,false,415
2025-11-27T17:15:40.03929-08:00,write,key_259,310.49,true,false,678
2025-11-27T17:15:40.039654-08:00,write,key_740,310.43,true,false,675
2025-11-27T17:15:40.350078-08:00,read,key_610,1.62,true,false,542
2025-11-27T17:15:40.34978-08:00,read,key_955,1.92,true,false,622
2025-11-27T17:15:40.351702-08:00,read,key_175,0.92,true,false,396
2025-11-27T17:15:40.351702-08:00,read,key_254,0.92,true,false,590
2025-11-27T17:15:40.061905-08:00,write,key_455,305.00,true,false,676
2025-11-27T17:15:40.366907-08:00,read,key_568,3.08,true,false,441
2025-11-27T17:15:40.369988-08:00,read,key_527,0.84,false,false,0
2025-11-27T17:15:40.370833-08:00,read,key_562,0.59,true,false,150
2025-11-27T17:15:40.371424-08:00,read,key_742,0.57,true,false,644
2025-11-27T17:15:40.07221-08:00,write,key_458,303.92,true,false,676
2025-11-27T17:15:40.14478-08:00,write,key_927,309.29,true,false,677
2025-11-27T17:15:40.146195-08:00,write,key_200,307.93,true,false,677
2025-11-27T17:15:40.454068-08:00,read,key_723,2.53,true,false,380
2025-11-27T17:15:40.248321-08:00,write,key_680,312.51,true,false,678
2025-11-27T17:15:40.251196-08:00,write,key_224,309.64,true,false,678
2025-11-27T17:15:40.25231-08:00,write,key_545,309.39,true,false,678
2025-11-27T17:15:40.561698-08:00,read,key_168,1.68,true,false,566
2025-11-27T17:15:40.563378-08:00,read,key_895,1.15,true,false,594
2025-11-27T17:15:40.560847-08:00,read,key_10,3.70,false,false,0
2025-11-27T17:15:40.266708-08:00,write,key_461,305.04,true,false,679
2025-11-27T17:15:40.352627-08:00,write,key_869,309.53,true,false,679
2025-11-27T17:15:40.352626-08:00,write,key_200,309.54,true,false,680
2025-11-27T17:15:40.662155-08:00,read,key_781,1.01,true,false,511
2025-11-27T17:15:40.662156-08:00,read,key_323,1.02,true,false,626
2025-11-27T17:15:40.663175-08:00,read,key_442,4.66,true,false,127
2025-11-27T17:15:40.372-08:00,write,key_84,305.10,true,false,680
2025-11-27T17:15:40.677093-08:00,read,key_921,0.93,true,false,170
2025-11-27T17:15:40.376127-08:00,write,key_452,303.49,true,false,679
2025-11-27T17:15:40.679616-08:00,read,key_633,0.65,false,false,0
2025-11-27T17:15:40.456602-08:00,write,key_144,309.50,true,false,680
2025-11-27T17:15:40.45412-08:00,write,key_746,312.01,true,false,681
2025-11-27T17:15:40.766125-08:00,read,key_985,1.15,true,false,441
2025-11-27T17:15:40.767274-08:00,read,key_304,0.85,false,false,0
2025-11-27T17:15:40.564546-08:00,write,key_762,306.44,true,false,682
2025-11-27T17:15:40.564526-08:00,write,key_333,306.46,true,false,679
2025-11-27T17:15:40.560833-08:00,write,key_403,310.15,true,false,680
2025-11-27T17:15:40.870982-08:00,read,key_356,1.49,false,false,0
2025-11-27T17:15:40.870995-08:00,read,key_943,1.48,true,false,654
2025-11-27T17:15:40.870982-08:00,read,key_124,1.53,true,false,656
2025-11-27T17:15:40.872514-08:00,read,key_658,2.76,true,false,341
2025-11-27T17:15:40.875271-08:00,read,key_150,0.61,true,false,658
2025-11-27T17:15:40.571748-08:00,write,key_740,304.16,true,false,682
2025-11-27T17:15:40.875905-08:00,read,key_951,2.71,true,false,661
2025-11-27T17:15:40.663163-08:00,write,key_451,308.79,true,false,683
2025-11-27T17:15:40.667838-08:00,write,key_985,304.12,true,false,681
2025-11-27T17:15:40.971954-08:00,read,key_899,2.79,true,false,156
2025-11-27T17:15:40.971957-08:00,read,key_154,2.86,true,false,599
2025-11-27T17:15:40.974745-08:00,read,key_542,0.96,true,false,419
2025-11-27T17:15:40.974816-08:00,read,key_351,0.90,true,false,675
2025-11-27T17:15:40.97571-08:00,read,key_113,0.84,true,false,79
2025-11-27T17:15:40.975713-08:00,read,key_128,0.84,true,false,474
2025-11-27T17:15:40.678023-08:00,write,key_768,303.61,true,false,681
2025-11-27T17:15:40.981628-08:00,read,key_402,1.73,true,false,346
2025-11-27T17:15:40.680266-08:00,write,key_37,306.45,true,false,682
2025-11-27T17:15:40.986711-08:00,read,key_902,2.26,true,false,410
2025-11-27T17:15:40.988972-08:00,read,key_957,0.81,true,false,429
2025-11-27T17:15:40.768124-08:00,write,key_821,307.90,true,false,682
2025-11-27T17:15:40.766098-08:00,write,key_33,309.92,true,false,682
2025-11-27T17:15:41.076018-08:00,read,key_987,0.95,true,false,495
2025-11-27T17:15:41.076018-08:00,read,key_141,0.97,true,false,656
2025-11-27T17:15:41.076971-08:00,read,key_49,1.46,true,false,643
2025-11-27T17:15:40.872477-08:00,write,key_674,308.65,true,false,685
2025-11-27T17:15:40.875887-08:00,write,key_329,305.37,true,false,683
2025-11-27T17:15:40.872478-08:00,write,key_280,310.60,true,false,684
2025-11-27T17:15:41.181131-08:00,read,key_383,3.50,true,false,226
2025-11-27T17:15:40.878616-08:00,write,key_107,306.61,true,false,683
2025-11-27T17:15:41.185226-08:00,read,key_672,0.93,false,false,0
2025-11-27T17:15:41.184634-08:00,read,key_649,1.54,true,false,464
2025-11-27T17:15:41.186172-08:00,read,key_772,0.79,false,false,0
2025-11-27T17:15:41.186959-08:00,read,key_517,0.71,true,false,583
2025-11-27T17:15:40.976557-08:00,write,key_435,306.97,true,false,684
2025-11-27T17:15:40.976549-08:00,write,key_202,307.10,true,false,684
2025-11-27T17:15:41.283531-08:00,read,key_103,5.09,true,false,593
2025-11-27T17:15:40.983357-08:00,write,key_634,305.27,true,false,686
2025-11-27T17:15:41.288627-08:00,read,key_406,4.34,true,false,409
2025-11-27T17:15:40.989786-08:00,write,key_404,303.92,true,false,684
2025-11-27T17:15:41.078428-08:00,write,key_988,308.58,true,false,687
2025-11-27T17:15:41.076988-08:00,write,key_442,310.04,true,false,686
2025-11-27T17:15:41.387022-08:00,read,key_58,1.49,true,false,480
2025-11-27T17:15:41.183074-08:00,write,key_608,304.84,true,false,688
2025-11-27T17:15:41.181254-08:00,write,key_542,306.68,true,false,686
2025-11-27T17:15:41.487931-08:00,read,key_975,1.28,false,false,0
2025-11-27T17:15:41.186154-08:00,write,key_859,306.07,true,false,686
2025-11-27T17:15:41.187675-08:00,write,key_652,305.89,true,false,687
2025-11-27T17:15:41.492222-08:00,read,key_378,1.94,true,false,427
2025-11-27T17:15:41.489209-08:00,read,key_121,5.45,true,false,613
2025-11-27T17:15:41.494657-08:00,read,key_507,1.09,true,false,634
2025-11-27T17:15:41.493559-08:00,read,key_89,2.21,true,false,86
2025-11-27T17:15:41.283643-08:00,write,key_422,309.73,true,false,686
2025-11-27T17:15:41.288627-08:00,write,key_985,307.25,true,false,687
2025-11-27T17:15:41.292967-08:00,write,key_391,303.38,true,false,688
2025-11-27T17:15:41.595876-08:00,read,key_296,1.08,false,false,0
2025-11-27T17:15:41.293701-08:00,write,key_580,307.23,true,false,688
2025-11-27T17:15:41.600924-08:00,read,key_840,3.91,true,false,643
2025-11-27T17:15:41.604835-08:00,read,key_987,1.33,true,false,495
2025-11-27T17:15:41.38701-08:00,write,key_515,306.48,true,false,689
2025-11-27T17:15:41.388514-08:00,write,key_100,304.98,true,false,688
2025-11-27T17:15:41.693502-08:00,read,key_23,1.07,true,false,653
2025-11-27T17:15:41.487916-08:00,write,key_400,308.80,true,false,689
2025-11-27T17:15:41.494167-08:00,write,key_514,302.58,true,false,690
2025-11-27T17:15:41.495743-08:00,write,key_330,307.78,true,false,690
2025-11-27T17:15:41.495772-08:00,write,key_691,307.76,true,false,689
2025-11-27T17:15:41.803526-08:00,read,key_37,2.25,true,false,682
2025-11-27T17:15:41.80578-08:00,read,key_745,2.56,true,false,653
2025-11-27T17:15:41.803525-08:00,read,key_109,5.36,true,false,132
2025-11-27T17:15:41.593375-08:00,write,key_512,308.50,true,false,690
2025-11-27T17:15:41.596963-08:00,write,key_585,307.70,true,false,689
2025-11-27T17:15:41.904654-08:00,read,key_441,0.93,false,false,0
2025-11-27T17:15:41.905587-08:00,read,key_46,2.05,true,false,628
2025-11-27T17:15:41.907636-08:00,read,key_984,0.95,false,false,0
2025-11-27T17:15:41.606165-08:00,write,key_128,303.17,true,false,690
2025-11-27T17:15:41.596346-08:00,write,key_406,312.99,true,false,691
2025-11-27T17:15:41.909329-08:00,read,key_108,0.78,false,false,0
2025-11-27T17:15:41.909335-08:00,read,key_283,0.78,true,false,492
2025-11-27T17:15:41.694576-08:00,write,key_151,308.05,true,false,692
2025-11-27T17:15:41.69349-08:00,write,key_30,309.14,true,false,690
2025-11-27T17:15:42.002634-08:00,read,key_891,1.34,true,false,440
2025-11-27T17:15:42.002627-08:00,read,key_807,1.40,true,false,444
2025-11-27T17:15:42.00398-08:00,read,key_808,1.27,true,false,389
2025-11-27T17:15:42.004026-08:00,read,key_54,1.24,true,false,602
2025-11-27T17:15:42.005247-08:00,read,key_970,5.49,true,false,253
2025-11-27T17:15:41.796739-08:00,write,key_400,307.37,true,false,691
2025-11-27T17:15:41.796715-08:00,write,key_464,307.40,true,false,691
2025-11-27T17:15:42.104113-08:00,read,key_411,1.48,true,false,259
2025-11-27T17:15:42.105591-08:00,read,key_322,2.68,true,false,174
2025-11-27T17:15:41.808891-08:00,write,key_723,303.81,true,false,691
2025-11-27T17:15:41.808336-08:00,write,key_918,304.37,true,false,692
2025-11-27T17:15:42.112698-08:00,read,key_888,1.33,false,false,0
2025-11-27T17:15:41.90188-08:00,write,key_554,307.19,true,false,693
2025-11-27T17:15:42.20907-08:00,read,key_701,1.19,false,false,0
2025-11-27T17:15:42.210262-08:00,read,key_70,1.12,true,false,610
2025-11-27T17:15:41.910111-08:00,write,key_563,303.67,true,false,694
2025-11-27T17:15:41.910109-08:00,write,key_952,303.72,true,false,693
2025-11-27T17:15:41.908584-08:00,write,key_314,305.27,true,false,692
2025-11-27T17:15:42.213822-08:00,read,key_559,2.67,true,false,627
2025-11-27T17:15:42.216489-08:00,read,key_0,2.06,true,false,466
2025-11-27T17:15:42.218556-08:00,read,key_989,1.04,true,false,341
2025-11-27T17:15:42.219593-08:00,read,key_458,1.13,true,false,676
2025-11-27T17:15:42.005263-08:00,write,key_797,307.26,true,false,695
2025-11-27T17:15:42.01074-08:00,write,key_217,306.52,true,false,693
2025-11-27T17:15:42.10827-08:00,write,key_417,306.00,true,false,693
2025-11-27T17:15:42.104117-08:00,write,key_401,310.17,true,false,695
2025-11-27T17:15:42.112696-08:00,write,key_219,305.20,true,false,694
2025-11-27T17:15:42.417897-08:00,read,key_72,0.80,true,false,558
2025-11-27T17:15:42.114034-08:00,write,key_947,305.64,true,false,694
2025-11-27T17:15:42.419674-08:00,read,key_445,0.83,true,false,661
2025-11-27T17:15:42.211385-08:00,write,key_636,307.22,true,false,696
2025-11-27T17:15:42.213848-08:00,write,key_760,304.76,true,false,697
2025-11-27T17:15:42.213779-08:00,write,key_334,304.83,true,false,695
2025-11-27T17:15:42.518624-08:00,read,key_945,1.45,true,false,391
2025-11-27T17:15:42.220724-08:00,write,key_988,307.35,true,false,696
2025-11-27T17:15:42.528077-08:00,read,key_101,1.41,true,false,116
2025-11-27T17:15:42.529491-08:00,read,key_316,4.25,true,false,135
2025-11-27T17:15:42.533743-08:00,read,key_164,1.02,true,false,402
2025-11-27T17:15:42.534764-08:00,read,key_928,2.58,false,false,0
2025-11-27T17:15:42.312524-08:00,write,key_693,307.26,true,false,696
2025-11-27T17:15:42.619791-08:00,read,key_431,1.74,true,false,367
2025-11-27T17:15:42.317254-08:00,write,key_103,304.29,true,false,696
2025-11-27T17:15:42.62153-08:00,read,key_330,1.06,true,false,690
2025-11-27T17:15:42.621536-08:00,read,key_444,1.06,true,false,168
2025-11-27T17:15:42.622591-08:00,read,key_123,2.20,true,false,603
2025-11-27T17:15:42.624796-08:00,read,key_911,0.86,true,false,47
2025-11-27T17:15:42.414272-08:00,write,key_689,310.76,true,false,697
2025-11-27T17:15:42.4187-08:00,write,key_550,306.38,true,false,697
2025-11-27T17:15:42.42051-08:00,write,key_781,305.47,true,false,699
2025-11-27T17:15:42.41428-08:00,write,key_898,311.72,true,false,698
2025-11-27T17:15:42.725073-08:00,read,key_903,2.17,false,false,0
2025-11-27T17:15:42.725979-08:00,read,key_854,1.81,false,false,0
2025-11-27T17:15:42.727249-08:00,read,key_106,0.80,true,false,101
2025-11-27T17:15:42.727795-08:00,read,key_749,0.75,true,false,411
2025-11-27T17:15:42.728049-08:00,read,key_42,0.58,true,false,605
2025-11-27T17:15:42.728544-08:00,read,key_312,0.65,true,false,564
2025-11-27T17:15:42.728633-08:00,read,key_218,0.59,true,false,627
2025-11-27T17:15:42.729219-08:00,read,key_219,0.78,true,false,694
2025-11-27T17:15:42.73-08:00,read,key_36,0.65,true,false,607
2025-11-27T17:15:42.73065-08:00,read,key_545,1.15,true,false,678
2025-11-27T17:15:42.731801-08:00,read,key_619,1.78,true,false,425
2025-11-27T17:15:42.733582-08:00,read,key_111,1.14,true,false,579
2025-11-27T17:15:42.734724-08:00,read,key_8,0.74,true,false,548
2025-11-27T17:15:42.735462-08:00,read,key_968,0.59,true,false,670
2025-11-27T17:15:42.73605-08:00,read,key_935,2.09,false,false,0
2025-11-27T17:15:42.738142-08:00,read,key_483,0.59,true,false,590
2025-11-27T17:15:42.518665-08:00,write,key_933,310.96,true,false,698
2025-11-27T17:15:42.518608-08:00,write,key_311,311.02,true,false,698
2025-11-27T17:15:42.520076-08:00,write,key_457,312.81,true,false,700
2025-11-27T17:15:42.829627-08:00,read,key_809,3.31,true,false,676
2025-11-27T17:15:42.832938-08:00,read,key_655,1.28,true,false,426
2025-11-27T17:15:42.834216-08:00,read,key_689,0.94,true,false,697
2025-11-27T17:15:42.537344-08:00,write,key_818,304.38,true,false,699
2025-11-27T17:15:42.841718-08:00,read,key_563,1.09,true,false,694
2025-11-27T17:15:42.842809-08:00,read,key_489,1.02,true,false,595
2025-11-27T17:15:42.843829-08:00,read,key_589,0.95,true,false,647
2025-11-27T17:15:42.844778-08:00,read,key_806,0.62,true,false,446
2025-11-27T17:15:42.625659-08:00,write,key_803,306.38,true,false,699
2025-11-27T17:15:42.622595-08:00,write,key_837,309.51,true,false,698
2025-11-27T17:15:42.932105-08:00,read,key_221,0.60,true,false,586
2025-11-27T17:15:42.729199-08:00,write,key_506,304.30,true,false,701
2025-11-27T17:15:42.725996-08:00,write,key_218,307.58,true,false,701
2025-11-27T17:15:42.725031-08:00,write,key_683,308.60,true,false,700
2025-11-27T17:15:43.033493-08:00,read,key_802,0.65,false,false,0
2025-11-27T17:15:43.03357-08:00,read,key_912,1.95,true,false,677
2025-11-27T17:15:43.034141-08:00,read,key_409,1.38,true,false,674
2025-11-27T17:15:43.035521-08:00,read,key_635,0.39,false,false,0
2025-11-27T17:15:43.035907-08:00,read,key_0,0.38,true,false,466
2025-11-27T17:15:43.036286-08:00,read,key_8,0.35,true,false,548
2025-11-27T17:15:43.036638-08:00,read,key_839,0.42,true,false,665
2025-11-27T17:15:42.738737-08:00,write,key_402,303.58,true,false,700
2025-11-27T17:15:43.042317-08:00,read,key_885,0.49,false,false,0
2025-11-27T17:15:43.042809-08:00,read,key_373,0.45,true,false,428
2025-11-27T17:15:43.043262-08:00,read,key_654,0.39,false,false,0
2025-11-27T17:15:42.829626-08:00,write,key_216,306.40,true,false,702
2025-11-27T17:15:42.832892-08:00,write,key_148,304.63,true,false,702
2025-11-27T17:15:42.835162-08:00,write,key_3,303.33,true,false,701
2025-11-27T17:15:43.138493-08:00,read,key_611,2.51,true,false,335
2025-11-27T17:15:42.845403-08:00,write,key_677,304.65,true,false,702
2025-11-27T17:15:43.150053-08:00,read,key_988,0.97,true,false,696
2025-11-27T17:15:42.93204-08:00,write,key_955,311.13,true,false,703
2025-11-27T17:15:42.932706-08:00,write,key_743,310.47,true,false,703
2025-11-27T17:15:43.243173-08:00,read,key_656,1.46,true,false,199
2025-11-27T17:15:43.244635-08:00,read,key_474,3.14,true,false,141
2025-11-27T17:15:43.24778-08:00,read,key_126,4.08,true,false,665
2025-11-27T17:15:43.251864-08:00,read,key_650,1.49,true,false,262
2025-11-27T17:15:43.033628-08:00,write,key_743,312.40,true,false,704
2025-11-27T17:15:43.037056-08:00,write,key_408,309.04,true,false,703
2025-11-27T17:15:43.035517-08:00,write,key_578,310.61,true,false,702
2025-11-27T17:15:43.043651-08:00,write,key_431,304.41,true,false,704
2025-11-27T17:15:43.346091-08:00,read,key_934,2.78,false,false,0
2025-11-27T17:15:43.348059-08:00,read,key_421,2.17,true,false,662
2025-11-27T17:15:43.137522-08:00,write,key_205,309.78,true,false,703
2025-11-27T17:15:43.141018-08:00,write,key_998,306.30,true,false,703
2025-11-27T17:15:43.136029-08:00,write,key_246,311.51,true,false,705
2025-11-27T17:15:43.447298-08:00,read,key_976,3.43,true,false,177
2025-11-27T17:15:43.151026-08:00,write,key_728,304.23,true,false,704
2025-11-27T17:15:43.455256-08:00,read,key_615,3.89,true,false,524
2025-11-27T17:15:43.45915-08:00,read,key_982,0.70,true,false,668
2025-11-27T17:15:43.459853-08:00,read,key_15,0.52,false,false,0
2025-11-27T17:15:43.243172-08:00,write,key_808,308.81,true,false,706
2025-11-27T17:15:43.551984-08:00,read,key_994,2.86,true,false,388
2025-11-27T17:15:43.55485-08:00,read,key_347,0.93,true,false,591
2025-11-27T17:15:43.253359-08:00,write,key_543,304.86,true,false,704
2025-11-27T17:15:43.350231-08:00,write,key_38,304.85,true,false,705
2025-11-27T17:15:43.346029-08:00,write,key_52,309.06,true,false,705
2025-11-27T17:15:43.346118-08:00,write,key_464,308.99,true,false,707
2025-11-27T17:15:43.348876-08:00,write,key_899,306.24,true,false,705
2025-11-27T17:15:43.655101-08:00,read,key_650,1.67,true,false,262
2025-11-27T17:15:43.655077-08:00,read,key_804,2.01,true,false,588
2025-11-27T17:15:43.655085-08:00,read,key_432,2.04,true,false,662
2025-11-27T17:15:43.655115-08:00,read,key_831,2.75,true,false,551
2025-11-27T17:15:43.657869-08:00,read,key_856,2.55,false,false,0
2025-11-27T17:15:43.65709-08:00,read,key_0,3.33,true,false,466
2025-11-27T17:15:43.447537-08:00,write,key_166,314.25,true,false,709
2025-11-27T17:15:43.450733-08:00,write,key_685,311.08,true,false,706
2025-11-27T17:15:43.447315-08:00,write,key_565,314.54,true,false,708
2025-11-27T17:15:43.761788-08:00,read,key_800,2.50,true,false,536
2025-11-27T17:15:43.46037-08:00,write,key_959,305.55,true,false,706
2025-11-27T17:15:43.761806-08:00,read,key_835,7.97,true,false,527
2025-11-27T17:15:43.765919-08:00,read,key_82,4.55,false,false,0
2025-11-27T17:15:43.558213-08:00,write,key_484,312.11,true,false,707
2025-11-27T17:15:43.555785-08:00,write,key_895,314.54,true,false,707
2025-11-27T17:15:43.660425-08:00,write,key_409,310.46,true,false,710
2025-11-27T17:15:43.660426-08:00,write,key_582,311.02,true,false,710
2025-11-27T17:15:43.656778-08:00,write,key_507,314.89,true,false,708
2025-11-27T17:15:43.971443-08:00,read,key_577,1.07,true,false,525
2025-11-27T17:15:43.657126-08:00,write,key_206,315.80,true,false,709
2025-11-27T17:15:43.972519-08:00,read,key_340,0.99,false,false,0
2025-11-27T17:15:43.972923-08:00,read,key_937,0.75,true,false,632
2025-11-27T17:15:43.973508-08:00,read,key_315,0.63,true,false,543
2025-11-27T17:15:43.973678-08:00,read,key_59,0.52,true,false,439
2025-11-27T17:15:43.769779-08:00,write,key_325,308.39,true,false,711
2025-11-27T17:15:43.761848-08:00,write,key_213,316.99,true,false,710
2025-11-27T17:15:43.770471-08:00,write,key_535,308.40,true,false,711
2025-11-27T17:15:43.764285-08:00,write,key_408,314.71,true,false,710
2025-11-27T17:15:44.078172-08:00,read,key_743,2.05,true,false,704
2025-11-27T17:15:44.080219-08:00,read,key_220,3.76,true,false,642
2025-11-27T17:15:44.078993-08:00,read,key_574,6.78,true,false,654
2025-11-27T17:15:44.08577-08:00,read,key_789,0.81,true,false,239
2025-11-27T17:15:43.870328-08:00,write,key_511,309.13,true,false,712
2025-11-27T17:15:43.870333-08:00,write,key_481,312.78,true,false,711
2025-11-27T17:15:44.179455-08:00,read,key_525,4.71,true,false,498
2025-11-27T17:15:44.184162-08:00,read,key_529,2.07,false,false,0
2025-11-27T17:15:44.186238-08:00,read,key_500,0.51,true,false,625
2025-11-27T17:15:44.186745-08:00,read,key_39,0.62,true,false,597
2025-11-27T17:15:43.974144-08:00,write,key_124,306.27,true,false,714
2025-11-27T17:15:43.974199-08:00,write,key_121,306.22,true,false,712
2025-11-27T17:15:43.97166-08:00,write,key_53,308.76,true,false,712
2025-11-27T17:15:43.970894-08:00,write,key_253,309.58,true,false,713
2025-11-27T17:15:44.280414-08:00,read,key_304,4.56,false,false,0
2025-11-27T17:15:44.280415-08:00,read,key_560,4.88,true,false,574
2025-11-27T17:15:44.078869-08:00,write,key_832,307.89,true,false,714
2025-11-27T17:15:44.078832-08:00,write,key_215,307.94,true,false,713
2025-11-27T17:15:44.386766-08:00,read,key_103,1.92,true,false,696
2025-11-27T17:15:44.08398-08:00,write,key_702,305.06,true,false,712
2025-11-27T17:15:44.388687-08:00,read,key_623,2.55,true,false,673
2025-11-27T17:15:44.391234-08:00,read,key_940,1.51,true,false,63
2025-11-27T17:15:44.086577-08:00,write,key_205,308.45,true,false,715
2025-11-27T17:15:44.183107-08:00,write,key_330,306.25,true,false,713
2025-11-27T17:15:44.187365-08:00,write,key_980,304.85,true,false,715
2025-11-27T17:15:44.492215-08:00,read,key_585,0.78,true,false,689
2025-11-27T17:15:44.492999-08:00,read,key_824,2.86,true,false,557
2025-11-27T17:15:44.280415-08:00,write,key_930,312.96,true,false,715
2025-11-27T17:15:44.285296-08:00,write,key_803,308.14,true,false,716
2025-11-27T17:15:44.284976-08:00,write,key_940,308.50,true,false,716
2025-11-27T17:15:44.280468-08:00,write,key_52,313.09,true,false,716
2025-11-27T17:15:44.593469-08:00,read,key_688,6.61,true,false,463
2025-11-27T17:15:44.389032-08:00,write,key_958,306.70,true,false,715
2025-11-27T17:15:44.38676-08:00,write,key_486,308.97,true,false,716
2025-11-27T17:15:44.392746-08:00,write,key_324,304.18,true,false,717
2025-11-27T17:15:44.39502-08:00,write,key_423,308.35,true,false,718
2025-11-27T17:15:44.489363-08:00,write,key_918,313.53,true,false,717
2025-11-27T17:15:44.495868-08:00,write,key_215,307.03,true,false,719
2025-11-27T17:15:44.593369-08:00,write,key_960,310.82,true,false,717
2025-11-27T17:15:44.593437-08:00,write,key_689,314.81,true,false,719
2025-11-27T17:15:44.593548-08:00,write,key_506,314.73,true,false,718
2025-11-27T17:15:44.600085-08:00,write,key_708,308.86,true,false,720
2025-11-27T17:15:44.908943-08:00,read,key_547,1.48,true,false,499
2025-11-27T17:15:44.910422-08:00,read,key_657,0.77,true,false,346
2025-11-27T17:15:44.911191-08:00,read,key_41,0.56,true,false,529
2025-11-27T17:15:44.695738-08:00,write,key_169,306.63,true,false,720
2025-11-27T17:15:44.69692-08:00,write,key_373,305.44,true,false,718
2025-11-27T17:15:45.002362-08:00,read,key_448,0.78,true,false,667
2025-11-27T17:15:44.695747-08:00,write,key_142,308.57,true,false,721
2025-11-27T17:15:45.004313-08:00,read,key_999,0.57,true,false,562
2025-11-27T17:15:45.004885-08:00,read,key_885,1.62,false,false,0
2025-11-27T17:15:44.70337-08:00,write,key_106,306.16,true,false,722
2025-11-27T17:15:44.802897-08:00,write,key_579,307.52,true,false,720
2025-11-27T17:15:44.80289-08:00,write,key_305,307.53,true,false,723
2025-11-27T17:15:45.110418-08:00,read,key_811,2.18,true,false,445
2025-11-27T17:15:45.112597-08:00,read,key_447,0.80,true,false,558
2025-11-27T17:15:45.113397-08:00,read,key_579,0.95,true,false,720
2025-11-27T17:15:44.904192-08:00,write,key_81,307.52,true,false,720
2025-11-27T17:15:45.211715-08:00,read,key_705,0.93,true,false,279
2025-11-27T17:15:44.90827-08:00,write,key_786,305.19,true,false,721
2025-11-27T17:15:44.908241-08:00,write,key_983,306.69,true,false,724
2025-11-27T17:15:44.911749-08:00,write,key_890,305.45,true,false,724
2025-11-27T17:15:45.214931-08:00,read,key_578,3.19,true,false,702
2025-11-27T17:15:45.002362-08:00,write,key_312,308.79,true,false,721
2025-11-27T17:15:45.003148-08:00,write,key_465,310.73,true,false,722
2025-11-27T17:15:45.006509-08:00,write,key_728,307.37,true,false,723
2025-11-27T17:15:45.009531-08:00,write,key_516,304.36,true,false,724
2025-11-27T17:15:45.313879-08:00,read,key_158,1.75,true,false,69
2025-11-27T17:15:45.313879-08:00,read,key_216,2.94,true,false,702
2025-11-27T17:15:45.315626-08:00,read,key_509,3.97,true,false,588
2025-11-27T17:15:45.319597-08:00,read,key_720,1.06,true,false,469
2025-11-27T17:15:45.320658-08:00,read,key_724,0.84,true,false,612
2025-11-27T17:15:45.321498-08:00,read,key_584,0.55,true,false,644
2025-11-27T17:15:45.110416-08:00,write,key_316,305.59,true,false,725
2025-11-27T17:15:45.114345-08:00,write,key_289,306.95,true,false,726
2025-11-27T17:15:45.421291-08:00,read,key_346,0.71,true,false,626
2025-11-27T17:15:45.422-08:00,read,key_767,0.50,false,false,0
2025-11-27T17:15:45.212647-08:00,write,key_377,304.83,true,false,725
2025-11-27T17:15:45.213454-08:00,write,key_658,304.02,true,false,727
2025-11-27T17:15:45.517472-08:00,read,key_769,2.11,false,false,0
2025-11-27T17:15:45.517471-08:00,read,key_419,2.14,true,false,664
2025-11-27T17:15:45.519612-08:00,read,key_101,0.52,true,false,116
2025-11-27T17:15:45.218125-08:00,write,key_508,302.91,true,false,727
2025-11-27T17:15:45.217201-08:00,write,key_463,304.13,true,false,725
2025-11-27T17:15:45.521323-08:00,read,key_970,0.47,true,false,253
2025-11-27T17:15:45.521791-08:00,read,key_974,0.48,true,false,168
2025-11-27T17:15:45.311159-08:00,write,key_190,306.93,true,false,725
2025-11-27T17:15:45.618095-08:00,read,key_461,1.25,true,false,679
2025-11-27T17:15:45.313887-08:00,write,key_513,306.03,true,false,728
2025-11-27T17:15:45.619351-08:00,read,key_127,1.35,true,false,327
2025-11-27T17:15:45.316817-08:00,write,key_915,305.49,true,false,728
2025-11-27T17:15:45.32205-08:00,write,key_617,303.20,true,false,728
2025-11-27T17:15:45.416007-08:00,write,key_835,312.02,true,false,729
2025-11-27T17:15:45.422498-08:00,write,key_939,307.40,true,false,730
2025-11-27T17:15:45.51958-08:00,write,key_591,311.07,true,false,729
2025-11-27T17:15:45.522269-08:00,write,key_433,310.63,true,false,733
2025-11-27T17:15:45.520131-08:00,write,key_215,313.83,true,false,731
2025-11-27T17:15:45.521035-08:00,write,key_613,312.96,true,false,732
2025-11-27T17:15:45.832898-08:00,read,key_274,2.95,true,false,613
2025-11-27T17:15:45.833958-08:00,read,key_703,1.90,true,false,90
2025-11-27T17:15:45.833988-08:00,read,key_5,1.93,true,false,163
2025-11-27T17:15:45.83586-08:00,read,key_723,1.03,true,false,691
2025-11-27T17:15:45.835853-08:00,read,key_229,1.04,true,false,420
2025-11-27T17:15:45.835921-08:00,read,key_578,0.99,true,false,702
2025-11-27T17:15:45.836908-08:00,read,key_915,0.62,true,false,728
2025-11-27T17:15:45.836894-08:00,read,key_634,0.75,true,false,686
2025-11-27T17:15:45.83753-08:00,read,key_546,0.48,true,false,112
2025-11-27T17:15:45.837644-08:00,read,key_287,1.02,true,false,606
2025-11-27T17:15:45.836894-08:00,read,key_3,2.39,true,false,701
2025-11-27T17:15:45.838013-08:00,read,key_408,1.65,true,false,710
2025-11-27T17:15:45.83867-08:00,read,key_728,2.11,true,false,723
2025-11-27T17:15:45.839665-08:00,read,key_966,2.05,true,false,448
2025-11-27T17:15:45.841711-08:00,read,key_9,0.51,true,false,461
2025-11-27T17:15:45.620701-08:00,write,key_836,310.35,true,false,730
2025-11-27T17:15:45.622306-08:00,write,key_888,308.75,true,false,731
2025-11-27T17:15:45.625252-08:00,write,key_458,305.83,true,false,734
2025-11-27T17:15:45.619914-08:00,write,key_957,311.22,true,false,731
2025-11-27T17:15:45.931053-08:00,read,key_744,3.42,true,false,622
2025-11-27T17:15:45.931079-08:00,read,key_827,3.40,true,false,251
2025-11-27T17:15:45.931053-08:00,read,key_407,3.45,true,false,354
2025-11-27T17:15:45.934478-08:00,read,key_321,1.27,true,false,504
2025-11-27T17:15:45.934501-08:00,read,key_127,1.26,true,false,327
2025-11-27T17:15:45.728022-08:00,write,key_570,307.15,true,false,731
2025-11-27T17:15:45.729898-08:00,write,key_430,306.15,true,false,735
2025-11-27T17:15:45.830671-08:00,write,key_317,312.97,true,false,734
2025-11-27T17:15:45.839286-08:00,write,key_374,304.72,true,false,734
2025-11-27T17:15:45.842223-08:00,write,key_106,302.39,true,false,734
2025-11-27T17:15:45.840779-08:00,write,key_831,304.30,true,false,736
2025-11-27T17:15:46.14461-08:00,read,key_430,1.51,true,false,735
2025-11-27T17:15:46.145072-08:00,read,key_428,1.39,true,false,524
2025-11-27T17:15:46.146459-08:00,read,key_323,1.30,true,false,626
2025-11-27T17:15:45.935753-08:00,write,key_371,308.41,true,false,735
2025-11-27T17:15:45.931132-08:00,write,key_563,313.15,true,false,735
2025-11-27T17:15:45.93576-08:00,write,key_837,308.60,true,false,735
2025-11-27T17:15:45.934483-08:00,write,key_518,310.05,true,false,736
2025-11-27T17:15:46.244277-08:00,read,key_720,1.88,true,false,469
2025-11-27T17:15:46.244164-08:00,read,key_749,2.01,true,false,411
2025-11-27T17:15:46.246177-08:00,read,key_114,2.84,true,true,637
2025-11-27T17:15:46.036044-08:00,write,key_961,313.12,true,false,736
2025-11-27T17:15:46.035174-08:00,write,key_436,315.37,true,false,736
2025-11-27T17:15:46.14364-08:00,write,key_316,309.08,true,false,737
2025-11-27T17:15:46.144005-08:00,write,key_280,308.80,true,false,737
2025-11-27T17:15:46.14612-08:00,write,key_547,307.89,true,false,737
2025-11-27T17:15:46.147762-08:00,write,key_505,307.56,true,false,737
2025-11-27T17:15:46.455317-08:00,read,key_965,3.47,false,false,0
2025-11-27T17:15:46.24436-08:00,write,key_653,309.80,true,false,738
2025-11-27T17:15:46.249019-08:00,write,key_38,305.14,true,false,738
2025-11-27T17:15:46.244533-08:00,write,key_976,313.90,true,false,738
2025-11-27T17:15:46.246155-08:00,write,key_713,312.56,true,false,739
2025-11-27T17:15:46.554175-08:00,read,key_931,4.57,true,false,368
2025-11-27T17:15:46.558742-08:00,read,key_918,2.15,true,false,717
2025-11-27T17:15:46.558716-08:00,read,key_324,2.28,true,false,717
2025-11-27T17:15:46.560995-08:00,read,key_288,1.11,true,false,514
2025-11-27T17:15:46.350545-08:00,write,key_943,312.27,true,false,740
2025-11-27T17:15:46.349169-08:00,write,key_721,313.66,true,false,738
2025-11-27T17:15:46.662821-08:00,read,key_446,1.55,true,false,516
2025-11-27T17:15:46.66437-08:00,read,key_114,0.95,true,false,638
2025-11-27T17:15:46.452721-08:00,write,key_901,311.92,true,false,741
2025-11-27T17:15:46.454005-08:00,write,key_402,311.29,true,false,743
2025-11-27T17:15:46.452796-08:00,write,key_250,313.43,true,false,742
2025-11-27T17:15:46.458786-08:00,write,key_153,308.81,true,false,741
2025-11-27T17:15:46.766225-08:00,read,key_165,2.28,true,false,466
2025-11-27T17:15:46.56211-08:00,write,key_910,306.30,true,false,744
2025-11-27T17:15:46.554157-08:00,write,key_742,314.27,true,false,740
2025-11-27T17:15:46.558435-08:00,write,key_570,310.03,true,false,740
2025-11-27T17:15:46.560892-08:00,write,key_954,307.88,true,false,741
2025-11-27T17:15:46.662815-08:00,write,key_914,306.34,true,false,741
2025-11-27T17:15:46.665326-08:00,write,key_155,307.04,true,false,742
2025-11-27T17:15:46.765296-08:00,write,key_588,311.18,true,false,744
2025-11-27T17:15:46.768508-08:00,write,key_572,307.96,true,false,745
2025-11-27T17:15:46.764644-08:00,write,key_621,312.02,true,false,744
2025-11-27T17:15:46.767591-08:00,write,key_927,309.17,true,false,745
2025-11-27T17:15:46.868768-08:00,write,key_108,308.87,true,false,747
2025-11-27T17:15:46.868459-08:00,write,key_110,309.20,true,false,745
2025-11-27T17:15:46.868426-08:00,write,key_736,309.25,true,false,745
2025-11-27T17:15:46.868408-08:00,write,key_657,309.27,true,false,746
2025-11-27T17:15:47.17767-08:00,read,key_113,1.91,true,false,79
2025-11-27T17:15:47.177636-08:00,read,key_633,1.99,false,false,0
2025-11-27T17:15:47.177652-08:00,read,key_983,1.98,true,false,724
2025-11-27T17:15:47.179628-08:00,read,key_579,1.52,true,false,720
2025-11-27T17:15:46.969159-08:00,write,key_499,311.14,true,false,746
2025-11-27T17:15:46.972365-08:00,write,key_932,308.23,true,false,747
2025-11-27T17:15:47.076475-08:00,write,key_508,305.73,true,false,747
2025-11-27T17:15:47.076477-08:00,write,key_225,305.79,true,false,746
2025-11-27T17:15:47.076754-08:00,write,key_438,305.79,true,false,746
2025-11-27T17:15:47.076656-08:00,write,key_400,306.45,true,false,748
2025-11-27T17:15:47.382259-08:00,read,key_509,1.51,true,false,588
2025-11-27T17:15:47.382206-08:00,read,key_728,1.78,true,false,723
2025-11-27T17:15:47.382538-08:00,read,key_489,1.45,true,false,595
2025-11-27T17:15:47.383992-08:00,read,key_256,2.37,true,false,633
2025-11-27T17:15:47.383993-08:00,read,key_563,2.60,true,false,735
2025-11-27T17:15:47.386367-08:00,read,key_767,1.40,false,false,0
2025-11-27T17:15:47.383769-08:00,read,key_390,4.03,true,false,561
2025-11-27T17:15:47.387769-08:00,read,key_224,0.84,true,false,678
2025-11-27T17:15:47.388611-08:00,read,key_515,0.71,true,false,689
2025-11-27T17:15:47.389317-08:00,read,key_724,1.76,true,false,612
2025-11-27T17:15:47.391077-08:00,read,key_951,0.90,true,false,661
2025-11-27T17:15:47.391983-08:00,read,key_461,0.55,true,false,679
2025-11-27T17:15:47.392537-08:00,read,key_372,0.57,true,false,530
2025-11-27T17:15:47.393107-08:00,read,key_124,0.49,true,false,714
2025-11-27T17:15:47.177676-08:00,write,key_149,312.69,true,false,749
2025-11-27T17:15:47.181148-08:00,write,key_204,310.04,true,false,749
2025-11-27T17:15:47.179637-08:00,write,key_100,313.57,true,false,749
2025-11-27T17:15:47.179578-08:00,write,key_786,313.65,true,false,748
2025-11-27T17:15:47.490361-08:00,read,key_998,2.87,true,false,703
2025-11-27T17:15:47.4932-08:00,read,key_32,1.35,true,false,665
2025-11-27T17:15:47.493228-08:00,read,key_708,1.34,true,false,720
2025-11-27T17:15:47.49457-08:00,read,key_657,2.65,true,false,746
2025-11-27T17:15:47.497219-08:00,read,key_319,0.92,true,false,638
2025-11-27T17:15:47.280593-08:00,write,key_53,312.46,true,false,750
2025-11-27T17:15:47.280297-08:00,write,key_575,312.75,true,false,750
2025-11-27T17:15:47.593048-08:00,read,key_804,1.35,true,false,588
2025-11-27T17:15:47.3878-08:00,write,key_890,307.84,true,false,749
2025-11-27T17:15:47.386595-08:00,write,key_395,309.11,true,false,750
2025-11-27T17:15:47.383105-08:00,write,key_908,312.89,true,false,750
2025-11-27T17:15:47.695988-08:00,read,key_959,1.71,true,false,706
2025-11-27T17:15:47.393599-08:00,write,key_210,304.18,true,false,751
2025-11-27T17:15:47.697701-08:00,read,key_19,3.57,true,false,593
2025-11-27T17:15:47.701269-08:00,read,key_349,3.54,true,false,666
2025-11-27T17:15:47.498181-08:00,write,key_722,311.15,true,false,752
2025-11-27T17:15:47.494547-08:00,write,key_210,314.79,true,false,752
2025-11-27T17:15:47.491182-08:00,write,key_11,318.15,true,false,751
2025-11-27T17:15:47.493233-08:00,write,key_506,316.16,true,false,751
2025-11-27T17:15:47.809388-08:00,read,key_743,0.85,true,false,704
2025-11-27T17:15:47.593049-08:00,write,key_151,317.13,true,false,752
2025-11-27T17:15:47.594398-08:00,write,key_50,315.79,true,false,751
2025-11-27T17:15:47.695701-08:00,write,key_2,306.25,true,false,753
2025-11-27T17:15:47.695636-08:00,write,key_223,306.33,true,false,752
2025-11-27T17:15:47.697774-08:00,write,key_925,306.44,true,false,753
2025-11-27T17:15:48.004207-08:00,read,key_769,0.88,false,false,0
2025-11-27T17:15:48.001951-08:00,read,key_103,4.25,true,false,696
2025-11-27T17:15:47.704815-08:00,write,key_516,304.08,true,false,753
2025-11-27T17:15:48.006206-08:00,read,key_978,3.94,false,false,0
2025-11-27T17:15:48.005091-08:00,read,key_723,5.12,true,false,691
2025-11-27T17:15:48.008899-08:00,read,key_610,2.47,true,false,542
2025-11-27T17:15:48.010208-08:00,read,key_515,1.21,true,false,689
2025-11-27T17:15:47.809331-08:00,write,key_515,305.62,true,false,754
2025-11-27T17:15:47.810241-08:00,write,key_50,305.53,true,false,755
2025-11-27T17:15:47.809323-08:00,write,key_741,306.56,true,false,754
2025-11-27T17:15:47.809332-08:00,write,key_685,306.59,true,false,754
2025-11-27T17:15:48.114956-08:00,read,key_618,2.45,true,false,401
2025-11-27T17:15:48.11592-08:00,read,key_820,1.51,false,false,0
2025-11-27T17:15:48.115884-08:00,read,key_265,1.55,true,false,437
2025-11-27T17:15:48.117427-08:00,read,key_13,2.11,true,false,671
2025-11-27T17:15:48.117407-08:00,read,key_973,2.20,true,false,280
2025-11-27T17:15:47.910205-08:00,write,key_325,304.60,true,false,753
2025-11-27T17:15:47.910187-08:00,write,key_115,304.74,true,false,755
2025-11-27T17:15:48.214801-08:00,read,key_834,2.17,true,false,668
2025-11-27T17:15:48.001958-08:00,write,key_497,309.44,true,false,755
2025-11-27T17:15:48.010145-08:00,write,key_362,304.83,true,false,754
2025-11-27T17:15:48.011372-08:00,write,key_154,304.59,true,false,756
2025-11-27T17:15:48.011422-08:00,write,key_218,307.38,true,false,756
2025-11-27T17:15:48.314971-08:00,read,key_184,3.89,false,false,0
2025-11-27T17:15:48.311401-08:00,read,key_443,8.29,true,false,496
2025-11-27T17:15:48.318866-08:00,read,key_617,1.74,true,false,728
2025-11-27T17:15:48.318798-08:00,read,key_520,1.84,true,false,268
2025-11-27T17:15:48.319694-08:00,read,key_892,0.95,true,false,671
2025-11-27T17:15:48.31596-08:00,read,key_562,4.68,true,false,150
2025-11-27T17:15:48.320636-08:00,read,key_768,1.36,true,false,681
2025-11-27T17:15:48.32064-08:00,read,key_940,1.35,true,false,716
2025-11-27T17:15:48.320642-08:00,read,key_539,1.87,true,false,187
2025-11-27T17:15:48.320609-08:00,read,key_685,4.38,true,false,754
2025-11-27T17:15:48.324988-08:00,read,key_629,2.25,true,false,579
2025-11-27T17:15:48.322509-08:00,read,key_721,5.42,true,false,738
2025-11-27T17:15:48.327926-08:00,read,key_207,0.70,true,false,633
2025-11-27T17:15:48.328629-08:00,read,key_402,0.55,true,false,743
2025-11-27T17:15:48.329175-08:00,read,key_222,0.52,true,false,637
2025-11-27T17:15:48.3297-08:00,read,key_483,0.47,true,false,590
2025-11-27T17:15:48.115766-08:00,write,key_933,305.88,true,false,757
2025-11-27T17:15:48.119607-08:00,write,key_147,308.39,true,false,756
2025-11-27T17:15:48.117436-08:00,write,key_18,310.59,true,false,757
2025-11-27T17:15:48.119533-08:00,write,key_0,308.57,true,false,757
2025-11-27T17:15:48.428022-08:00,read,key_222,1.56,true,false,637
2025-11-27T17:15:48.427999-08:00,read,key_919,1.60,true,false,662
2025-11-27T17:15:48.428095-08:00,read,key_218,1.52,true,false,756
2025-11-27T17:15:48.429618-08:00,read,key_441,0.84,false,false,0
2025-11-27T17:15:48.429597-08:00,read,key_649,0.88,true,false,464
2025-11-27T17:15:48.430464-08:00,read,key_458,0.90,true,false,734
2025-11-27T17:15:48.430481-08:00,read,key_1,0.92,true,false,39
2025-11-27T17:15:48.431407-08:00,read,key_104,0.89,true,false,561
2025-11-27T17:15:48.431367-08:00,read,key_364,1.13,false,false,0
2025-11-27T17:15:48.432502-08:00,read,key_719,1.71,false,false,0
2025-11-27T17:15:48.214927-08:00,write,key_439,310.69,true,false,756
2025-11-27T17:15:48.216976-08:00,write,key_944,308.64,true,false,757
2025-11-27T17:15:48.525614-08:00,read,key_537,3.43,false,false,0
2025-11-27T17:15:48.529046-08:00,read,key_934,0.66,false,false,0
2025-11-27T17:15:48.327238-08:00,write,key_547,303.78,true,false,758
2025-11-27T17:15:48.321994-08:00,write,key_975,309.17,true,false,757
2025-11-27T17:15:48.321995-08:00,write,key_706,309.22,true,false,758
2025-11-27T17:15:48.631015-08:00,read,key_727,3.70,true,false,526
2025-11-27T17:15:48.631165-08:00,read,key_55,3.55,true,false,586
2025-11-27T17:15:48.330169-08:00,write,key_460,304.56,true,false,758
2025-11-27T17:15:48.63473-08:00,read,key_783,1.89,true,false,181
2025-11-27T17:15:48.634733-08:00,read,key_221,1.89,true,false,586
2025-11-27T17:15:48.636623-08:00,read,key_503,1.38,true,false,84
2025-11-27T17:15:48.634721-08:00,read,key_150,3.52,true,false,658
2025-11-27T17:15:48.638239-08:00,read,key_301,1.30,false,false,0
2025-11-27T17:15:48.639543-08:00,read,key_898,1.27,true,false,698
2025-11-27T17:15:48.640829-08:00,read,key_765,0.77,false,false,0
2025-11-27T17:15:48.421648-08:00,write,key_565,312.71,true,false,759
2025-11-27T17:15:48.429586-08:00,write,key_68,305.03,true,false,759
2025-11-27T17:15:48.432302-08:00,write,key_216,305.15,true,false,759
2025-11-27T17:15:48.434219-08:00,write,key_287,304.95,true,false,759
2025-11-27T17:15:48.737449-08:00,read,key_427,3.73,true,false,501
2025-11-27T17:15:48.74118-08:00,read,key_377,3.11,true,false,725
2025-11-27T17:15:48.74429-08:00,read,key_828,1.10,false,false,0
2025-11-27T17:15:48.525614-08:00,write,key_456,309.53,true,false,760
2025-11-27T17:15:48.529708-08:00,write,key_101,307.70,true,false,760
2025-11-27T17:15:48.631211-08:00,write,key_832,310.79,true,false,761
2025-11-27T17:15:48.638005-08:00,write,key_618,304.10,true,false,762
2025-11-27T17:15:48.636621-08:00,write,key_70,305.49,true,false,760
2025-11-27T17:15:48.641604-08:00,write,key_890,303.18,true,false,760
2025-11-27T17:15:48.734359-08:00,write,key_405,309.06,true,false,763
2025-11-27T17:15:48.734616-08:00,write,key_442,312.32,true,false,764
2025-11-27T17:15:48.739167-08:00,write,key_911,310.40,true,false,761
2025-11-27T17:15:48.745391-08:00,write,key_111,306.63,true,false,763
2025-11-27T17:15:49.046935-08:00,read,key_467,5.92,true,false,149
2025-11-27T17:15:49.052017-08:00,read,key_423,1.00,true,false,718
2025-11-27T17:15:49.053015-08:00,read,key_144,0.83,true,false,680
2025-11-27T17:15:49.05286-08:00,read,key_430,1.01,true,false,735
2025-11-27T17:15:49.053845-08:00,read,key_54,1.46,true,false,602
2025-11-27T17:15:49.055306-08:00,read,key_683,1.00,true,false,700
2025-11-27T17:15:48.837404-08:00,write,key_446,308.20,true,false,765
2025-11-27T17:15:48.835142-08:00,write,key_654,310.47,true,false,764
2025-11-27T17:15:48.944782-08:00,write,key_344,307.43,true,false,768
2025-11-27T17:15:48.942103-08:00,write,key_11,310.11,true,false,767
2025-11-27T17:15:48.942002-08:00,write,key_326,310.28,true,false,766
2025-11-27T17:15:48.94211-08:00,write,key_483,310.38,true,false,763
2025-11-27T17:15:49.252215-08:00,read,key_566,2.37,true,false,571
2025-11-27T17:15:49.252273-08:00,read,key_117,2.32,true,false,212
2025-11-27T17:15:49.25459-08:00,read,key_958,1.17,true,false,715
2025-11-27T17:15:49.25459-08:00,read,key_17,1.17,true,false,568
2025-11-27T17:15:49.252229-08:00,read,key_719,3.62,false,false,0
2025-11-27T17:15:49.255761-08:00,read,key_129,2.98,false,false,0
2025-11-27T17:15:49.255849-08:00,read,key_968,2.90,true,false,670
2025-11-27T17:15:49.258742-08:00,read,key_430,0.85,true,false,735
2025-11-27T17:15:49.259589-08:00,read,key_329,0.51,true,false,683
2025-11-27T17:15:49.2601-08:00,read,key_409,0.40,true,false,710
2025-11-27T17:15:49.260498-08:00,read,key_51,0.41,true,false,454
2025-11-27T17:15:49.260911-08:00,read,key_205,0.66,true,false,715
2025-11-27T17:15:49.043421-08:00,write,key_658,310.38,true,false,765
2025-11-27T17:15:49.049561-08:00,write,key_217,304.91,true,false,769
2025-11-27T17:15:49.353796-08:00,read,key_373,2.90,true,false,718
2025-11-27T17:15:49.053874-08:00,write,key_324,304.89,true,false,769
2025-11-27T17:15:49.356696-08:00,read,key_166,2.21,true,false,709
2025-11-27T17:15:49.056303-08:00,write,key_930,304.03,true,false,766
2025-11-27T17:15:49.360332-08:00,read,key_652,0.78,true,false,687
2025-11-27T17:15:49.145605-08:00,write,key_320,310.56,true,false,766
2025-11-27T17:15:49.145608-08:00,write,key_946,310.59,true,false,766
2025-11-27T17:15:49.45619-08:00,read,key_959,2.83,true,false,706
2025-11-27T17:15:49.252488-08:00,write,key_118,306.72,true,false,770
2025-11-27T17:15:49.258749-08:00,write,key_549,302.74,true,false,769
2025-11-27T17:15:49.255759-08:00,write,key_126,305.73,true,false,771
2025-11-27T17:15:49.559205-08:00,read,key_740,3.47,true,false,682
2025-11-27T17:15:49.562681-08:00,read,key_953,0.72,true,false,616
2025-11-27T17:15:49.563398-08:00,read,key_589,0.96,true,false,647
2025-11-27T17:15:49.261568-08:00,write,key_825,305.78,true,false,769
2025-11-27T17:15:49.564358-08:00,read,key_59,3.67,true,false,439
2025-11-27T17:15:49.568027-08:00,read,key_613,1.16,true,false,732
2025-11-27T17:15:49.569192-08:00,read,key_743,0.65,true,false,704
2025-11-27T17:15:49.354466-08:00,write,key_447,309.61,true,false,770
2025-11-27T17:15:49.358906-08:00,write,key_103,305.20,true,false,770
2025-11-27T17:15:49.358761-08:00,write,key_102,305.36,true,false,770
2025-11-27T17:15:49.361117-08:00,write,key_254,306.51,true,false,771
2025-11-27T17:15:49.664117-08:00,read,key_373,3.54,true,false,718
2025-11-27T17:15:49.664076-08:00,read,key_950,3.58,true,false,659
2025-11-27T17:15:49.667623-08:00,read,key_38,1.18,true,false,738
2025-11-27T17:15:49.459027-08:00,write,key_4,310.85,true,false,772
2025-11-27T17:15:49.456165-08:00,write,key_489,313.71,true,false,772
2025-11-27T17:15:49.561488-08:00,write,key_51,315.50,true,false,772
2025-11-27T17:15:49.567348-08:00,write,key_152,309.64,true,false,772
2025-11-27T17:15:49.561487-08:00,write,key_612,315.54,true,false,773
2025-11-27T17:15:49.569844-08:00,write,key_526,307.30,true,false,773
2025-11-27T17:15:49.877027-08:00,read,key_631,1.47,true,false,668
2025-11-27T17:15:49.878499-08:00,read,key_122,0.81,true,false,302
2025-11-27T17:15:49.876984-08:00,read,key_111,6.82,true,false,763
2025-11-27T17:15:49.667657-08:00,write,key_110,308.38,true,false,774
2025-11-27T17:15:49.667657-08:00,write,key_505,310.19,true,false,774
2025-11-27T17:15:49.668799-08:00,write,key_903,309.12,true,false,773
2025-11-27T17:15:49.664101-08:00,write,key_989,313.85,true,false,773
2025-11-27T17:15:49.769872-08:00,write,key_114,309.61,true,false,775
2025-11-27T17:15:49.769878-08:00,write,key_284,309.60,true,false,774
2025-11-27T17:15:50.079486-08:00,read,key_937,3.36,true,false,632
2025-11-27T17:15:50.079518-08:00,read,key_726,3.52,true,false,543
2025-11-27T17:15:49.879315-08:00,write,key_584,307.98,true,false,775
2025-11-27T17:15:49.883805-08:00,write,key_531,303.50,true,false,774
2025-11-27T17:15:49.877137-08:00,write,key_438,310.21,true,false,776
2025-11-27T17:15:49.876983-08:00,write,key_520,310.41,true,false,775
2025-11-27T17:15:50.187298-08:00,read,key_952,2.09,true,false,693
2025-11-27T17:15:49.977848-08:00,write,key_103,315.86,true,false,776
2025-11-27T17:15:49.977915-08:00,write,key_761,315.81,true,false,777
2025-11-27T17:15:49.976044-08:00,write,key_222,317.68,true,false,776
2025-11-27T17:15:49.977947-08:00,write,key_2,316.10,true,false,776
2025-11-27T17:15:50.294047-08:00,read,key_989,1.31,true,false,773
2025-11-27T17:15:50.293706-08:00,read,key_937,1.71,true,false,632
2025-11-27T17:15:50.293717-08:00,read,key_432,1.76,true,false,662
2025-11-27T17:15:50.293718-08:00,read,key_120,2.46,true,false,234
2025-11-27T17:15:50.295359-08:00,read,key_215,2.45,true,false,731
2025-11-27T17:15:50.296181-08:00,read,key_689,4.31,true,false,719
2025-11-27T17:15:50.083039-08:00,write,key_947,312.20,true,false,779
2025-11-27T17:15:50.082848-08:00,write,key_154,312.41,true,false,778
2025-11-27T17:15:50.187297-08:00,write,key_917,309.75,true,false,777
2025-11-27T17:15:50.187341-08:00,write,key_167,309.71,true,false,777
2025-11-27T17:15:50.189389-08:00,write,key_464,307.68,true,false,781
2025-11-27T17:15:50.187393-08:00,write,key_55,309.84,true,false,780
2025-11-27T17:15:50.497062-08:00,read,key_129,3.94,false,false,0
2025-11-27T17:15:50.497233-08:00,read,key_1,5.19,true,false,39
2025-11-27T17:15:50.501005-08:00,read,key_959,1.46,true,false,706
2025-11-27T17:15:50.502612-08:00,read,key_721,1.75,true,false,738
2025-11-27T17:15:50.504364-08:00,read,key_212,0.70,true,false,604
2025-11-27T17:15:50.295481-08:00,write,key_440,307.63,true,false,778
2025-11-27T17:15:50.297809-08:00,write,key_227,306.84,true,false,778
2025-11-27T17:15:50.300489-08:00,write,key_721,304.19,true,false,779
2025-11-27T17:15:50.295413-08:00,write,key_960,310.00,true,false,779
2025-11-27T17:15:50.603117-08:00,read,key_232,2.34,false,false,0
2025-11-27T17:15:50.605461-08:00,read,key_153,4.24,true,false,741
2025-11-27T17:15:50.60541-08:00,read,key_651,4.32,true,false,456
2025-11-27T17:15:50.609731-08:00,read,key_921,3.38,true,false,170
2025-11-27T17:15:50.395241-08:00,write,key_120,307.18,true,false,782
2025-11-27T17:15:50.395253-08:00,write,key_906,307.17,true,false,780
2025-11-27T17:15:50.702421-08:00,read,key_760,1.15,true,false,697
2025-11-27T17:15:50.497055-08:00,write,key_680,312.38,true,false,782
2025-11-27T17:15:50.497043-08:00,write,key_837,312.39,true,false,782
2025-11-27T17:15:50.505068-08:00,write,key_507,305.23,true,false,783
2025-11-27T17:15:50.502427-08:00,write,key_971,307.87,true,false,783
2025-11-27T17:15:50.80944-08:00,read,key_128,2.39,true,false,690
2025-11-27T17:15:50.810295-08:00,read,key_446,2.09,true,false,765
2025-11-27T17:15:50.812384-08:00,read,key_167,1.29,true,false,777
2025-11-27T17:15:50.810294-08:00,read,key_511,3.97,true,false,712
2025-11-27T17:15:50.81368-08:00,read,key_943,3.24,true,false,740
2025-11-27T17:15:50.816926-08:00,read,key_944,0.88,true,false,757
2025-11-27T17:15:50.814267-08:00,read,key_483,3.54,true,false,763
2025-11-27T17:15:50.817816-08:00,read,key_420,0.34,true,false,397
2025-11-27T17:15:50.817804-08:00,read,key_651,0.39,true,false,456
2025-11-27T17:15:50.604646-08:00,write,key_986,307.71,true,false,784
2025-11-27T17:15:50.604677-08:00,write,key_45,307.68,true,false,782
2025-11-27T17:15:50.609703-08:00,write,key_404,307.64,true,false,782
2025-11-27T17:15:50.613111-08:00,write,key_31,304.64,true,false,783
2025-11-27T17:15:50.702417-08:00,write,key_465,307.53,true,false,785
2025-11-27T17:15:50.70357-08:00,write,key_158,306.37,true,false,784
2025-11-27T17:15:51.009947-08:00,read,key_313,0.94,true,false,650
2025-11-27T17:15:51.009954-08:00,read,key_127,0.94,true,false,327
2025-11-27T17:15:51.0109-08:00,read,key_101,0.61,true,false,760
2025-11-27T17:15:51.010892-08:00,read,key_630,0.62,true,false,577
2025-11-27T17:15:51.011507-08:00,read,key_679,1.11,true,false,55
2025-11-27T17:15:51.012616-08:00,read,key_926,0.63,false,false,0
2025-11-27T17:15:50.811834-08:00,write,key_834,308.72,true,false,786
2025-11-27T17:15:50.80944-08:00,write,key_107,313.44,true,false,784
2025-11-27T17:15:50.818152-08:00,write,key_517,307.38,true,false,785
2025-11-27T17:15:50.818195-08:00,write,key_587,307.34,true,false,785
2025-11-27T17:15:51.120553-08:00,read,key_41,6.73,true,false,529
2025-11-27T17:15:51.127286-08:00,read,key_941,0.67,true,false,612
2025-11-27T17:15:50.912352-08:00,write,key_210,308.50,true,false,785
2025-11-27T17:15:50.912355-08:00,write,key_987,308.54,true,false,787
2025-11-27T17:15:51.22085-08:00,read,key_630,1.08,true,false,577
2025-11-27T17:15:51.220888-08:00,read,key_118,1.05,true,false,770
2025-11-27T17:15:50.917337-08:00,write,key_615,305.65,true,false,786
2025-11-27T17:15:51.221941-08:00,read,key_942,3.28,false,false,0
2025-11-27T17:15:51.222982-08:00,read,key_623,3.02,true,false,673
2025-11-27T17:15:50.91775-08:00,write,key_435,308.46,true,false,786
2025-11-27T17:15:51.226203-08:00,read,key_259,1.30,true,false,678
2025-11-27T17:15:51.227506-08:00,read,key_432,0.70,true,false,662
2025-11-27T17:15:51.011513-08:00,write,key_162,311.43,true,false,788
2025-11-27T17:15:51.013252-08:00,write,key_371,310.43,true,false,787
2025-11-27T17:15:51.12288-08:00,write,key_958,313.13,true,false,789
2025-11-27T17:15:51.127959-08:00,write,key_401,308.08,true,false,788
2025-11-27T17:15:51.125534-08:00,write,key_18,310.64,true,false,789
2025-11-27T17:15:51.125534-08:00,write,key_976,310.67,true,false,790
2025-11-27T17:15:51.436204-08:00,read,key_610,1.84,true,false,542
2025-11-27T17:15:51.436011-08:00,read,key_652,2.06,true,false,687
2025-11-27T17:15:51.225225-08:00,write,key_3,308.58,true,false,788
2025-11-27T17:15:51.221937-08:00,write,key_897,315.67,true,false,791
2025-11-27T17:15:51.22821-08:00,write,key_952,309.40,true,false,790
2025-11-27T17:15:51.226003-08:00,write,key_747,311.65,true,false,789
2025-11-27T17:15:51.322936-08:00,write,key_223,311.10,true,false,789
2025-11-27T17:15:51.323683-08:00,write,key_31,310.35,true,false,791
2025-11-27T17:15:51.634036-08:00,read,key_634,1.07,true,false,686
2025-11-27T17:15:51.63511-08:00,read,key_747,0.73,true,false,789
2025-11-27T17:15:51.436034-08:00,write,key_725,307.37,true,false,792
2025-11-27T17:15:51.436169-08:00,write,key_580,307.24,true,false,793
2025-11-27T17:15:51.43807-08:00,write,key_113,305.35,true,false,791
2025-11-27T17:15:51.743403-08:00,read,key_482,1.84,true,false,376
2025-11-27T17:15:51.438042-08:00,write,key_57,308.11,true,false,794
2025-11-27T17:15:51.745243-08:00,read,key_650,1.50,true,false,262
2025-11-27T17:15:51.746749-08:00,read,key_217,1.14,true,false,769
2025-11-27T17:15:51.74789-08:00,read,key_519,1.35,true,false,304
2025-11-27T17:15:51.749246-08:00,read,key_514,0.81,true,false,690
2025-11-27T17:15:51.533802-08:00,write,key_672,306.92,true,false,795
2025-11-27T17:15:51.537601-08:00,write,key_952,303.32,true,false,792
2025-11-27T17:15:51.537647-08:00,write,key_837,305.58,true,false,792
2025-11-27T17:15:51.537603-08:00,write,key_577,306.81,true,false,796
2025-11-27T17:15:51.844404-08:00,read,key_294,0.57,true,false,229
2025-11-27T17:15:51.843221-08:00,read,key_650,2.16,true,false,262
2025-11-27T17:15:51.634045-08:00,write,key_834,308.96,true,false,795
2025-11-27T17:15:51.635837-08:00,write,key_513,307.37,true,false,796
2025-11-27T17:15:51.743414-08:00,write,key_768,305.70,true,false,797
2025-11-27T17:15:51.743403-08:00,write,key_259,310.44,true,false,797
2025-11-27T17:15:51.746151-08:00,write,key_916,307.75,true,false,798
2025-11-27T17:15:51.750056-08:00,write,key_830,305.06,true,false,795
2025-11-27T17:15:52.049126-08:00,read,key_169,9.49,true,false,720
2025-11-27T17:15:52.05862-08:00,read,key_496,0.68,true,false,518
2025-11-27T17:15:52.055116-08:00,read,key_651,4.72,true,false,456
2025-11-27T17:15:52.059303-08:00,read,key_127,1.21,true,false,327
2025-11-27T17:15:52.059833-08:00,read,key_222,0.69,true,false,776
2025-11-27T17:15:52.060526-08:00,read,key_351,0.61,true,false,675
2025-11-27T17:15:52.061134-08:00,read,key_619,0.44,true,false,425
2025-11-27T17:15:52.061575-08:00,read,key_703,1.19,true,false,90
2025-11-27T17:15:52.062762-08:00,read,key_409,0.64,true,false,710
2025-11-27T17:15:52.063401-08:00,read,key_711,0.55,true,false,796
2025-11-27T17:15:51.844979-08:00,write,key_742,307.37,true,false,797
2025-11-27T17:15:51.840921-08:00,write,key_374,311.44,true,false,797
2025-11-27T17:15:51.84072-08:00,write,key_711,312.23,true,false,796
2025-11-27T17:15:51.845378-08:00,write,key_485,309.90,true,false,798
2025-11-27T17:15:52.155274-08:00,read,key_406,3.13,true,false,691
2025-11-27T17:15:52.158409-08:00,read,key_302,1.20,true,false,89
2025-11-27T17:15:51.943008-08:00,write,key_161,311.03,true,false,798
2025-11-27T17:15:51.943206-08:00,write,key_508,310.87,true,false,799
2025-11-27T17:15:52.053842-08:00,write,key_958,308.71,true,false,800
2025-11-27T17:15:52.053899-08:00,write,key_724,308.69,true,false,799
2025-11-27T17:15:52.362554-08:00,read,key_961,1.51,true,false,736
2025-11-27T17:15:52.36259-08:00,read,key_518,1.49,true,false,736
2025-11-27T17:15:52.060515-08:00,write,key_572,304.44,true,false,799
2025-11-27T17:15:52.364077-08:00,read,key_502,2.26,true,false,610
2025-11-27T17:15:52.364953-08:00,read,key_320,3.66,true,false,766
2025-11-27T17:15:52.063954-08:00,write,key_448,304.70,true,false,800
2025-11-27T17:15:52.368649-08:00,read,key_935,0.70,false,false,0
2025-11-27T17:15:52.152351-08:00,write,key_571,307.68,true,false,800
2025-11-27T17:15:52.460028-08:00,read,key_116,1.51,true,false,347
2025-11-27T17:15:52.152357-08:00,write,key_311,309.98,true,false,799
2025-11-27T17:15:52.152948-08:00,write,key_659,310.52,true,false,801
2025-11-27T17:15:52.462336-08:00,read,key_838,1.16,true,false,665
2025-11-27T17:15:52.159608-08:00,write,key_909,307.77,true,false,802
2025-11-27T17:15:52.254039-08:00,write,key_565,307.69,true,false,801
2025-11-27T17:15:52.25407-08:00,write,key_101,307.66,true,false,800
2025-11-27T17:15:52.561737-08:00,read,key_392,5.43,false,false,0
2025-11-27T17:15:52.368611-08:00,write,key_33,304.99,true,false,803
2025-11-27T17:15:52.36634-08:00,write,key_940,308.67,true,false,802
2025-11-27T17:15:52.364064-08:00,write,key_731,311.26,true,false,801
2025-11-27T17:15:52.369354-08:00,write,key_111,308.31,true,false,802
2025-11-27T17:15:52.675324-08:00,read,key_826,3.96,true,false,366
2025-11-27T17:15:52.679283-08:00,read,key_346,0.85,true,false,626
2025-11-27T17:15:52.680135-08:00,read,key_924,0.92,false,false,0
2025-11-27T17:15:52.467374-08:00,write,key_441,304.41,true,false,804
2025-11-27T17:15:52.463465-08:00,write,key_565,310.25,true,false,803
2025-11-27T17:15:52.461542-08:00,write,key_445,314.33,true,false,803
2025-11-27T17:15:52.463497-08:00,write,key_215,312.53,true,false,804
2025-11-27T17:15:52.775865-08:00,read,key_624,1.31,false,false,0
2025-11-27T17:15:52.567176-08:00,write,key_615,303.78,true,false,804
2025-11-27T17:15:52.561727-08:00,write,key_165,309.25,true,false,803
2025-11-27T17:15:52.870951-08:00,read,key_8,0.84,true,false,548
2025-11-27T17:15:52.870969-08:00,read,key_833,0.82,true,false,612
2025-11-27T17:15:52.871796-08:00,read,key_934,1.36,false,false,0
2025-11-27T17:15:52.673597-08:00,write,key_511,306.99,true,false,805
2025-11-27T17:15:52.67501-08:00,write,key_958,305.62,true,false,804
2025-11-27T17:15:52.980624-08:00,read,key_87,0.51,false,false,0
2025-11-27T17:15:52.981135-08:00,read,key_456,0.58,true,false,760
2025-11-27T17:15:52.677658-08:00,write,key_280,304.26,true,false,805
2025-11-27T17:15:52.981713-08:00,read,key_128,0.50,true,false,690
2025-11-27T17:15:52.681054-08:00,write,key_285,304.31,true,false,805
2025-11-27T17:15:52.771784-08:00,write,key_465,303.52,true,false,806
2025-11-27T17:15:52.773707-08:00,write,key_438,306.07,true,false,806
2025-11-27T17:15:53.079775-08:00,read,key_512,1.43,true,false,690
2025-11-27T17:15:52.776027-08:00,write,key_77,305.42,true,false,805
2025-11-27T17:15:52.777173-08:00,write,key_910,304.44,true,false,806
2025-11-27T17:15:53.081444-08:00,read,key_400,0.95,true,false,748
2025-11-27T17:15:52.871805-08:00,write,key_126,306.13,true,false,806
2025-11-27T17:15:52.873157-08:00,write,key_478,304.80,true,false,807
2025-11-27T17:15:53.177932-08:00,read,key_631,0.96,true,false,668
2025-11-27T17:15:52.980589-08:00,write,key_831,305.84,true,false,807
2025-11-27T17:15:52.981911-08:00,write,key_461,304.53,true,false,807
2025-11-27T17:15:52.982218-08:00,write,key_128,304.30,true,false,808
2025-11-27T17:15:53.286426-08:00,read,key_287,1.66,true,false,759
2025-11-27T17:15:52.985362-08:00,write,key_434,306.64,true,false,809
2025-11-27T17:15:53.081203-08:00,write,key_685,305.39,true,false,808
2025-11-27T17:15:53.075301-08:00,write,key_761,311.32,true,false,807
2025-11-27T17:15:53.081608-08:00,write,key_866,305.17,true,false,810
2025-11-27T17:15:53.082394-08:00,write,key_958,304.73,true,false,809
2025-11-27T17:15:53.386612-08:00,read,key_781,1.57,true,false,699
2025-11-27T17:15:53.388182-08:00,read,key_837,1.14,true,false,792
2025-11-27T17:15:53.389328-08:00,read,key_947,3.56,true,false,779
2025-11-27T17:15:53.178893-08:00,write,key_252,312.33,true,false,812
2025-11-27T17:15:53.17795-08:00,write,key_8,313.31,true,false,811
2025-11-27T17:15:53.491234-08:00,read,key_635,1.89,false,false,0
2025-11-27T17:15:53.493129-08:00,read,key_115,2.46,true,false,755
2025-11-27T17:15:53.495593-08:00,read,key_909,0.68,true,false,802
2025-11-27T17:15:53.496271-08:00,read,key_786,0.60,true,false,748
2025-11-27T17:15:53.286512-08:00,write,key_928,305.86,true,false,810
2025-11-27T17:15:53.288083-08:00,write,key_970,306.37,true,false,813
2025-11-27T17:15:53.286441-08:00,write,key_630,308.10,true,false,813
2025-11-27T17:15:53.292004-08:00,write,key_37,305.30,true,false,810
2025-11-27T17:15:53.597302-08:00,read,key_494,4.36,false,false,0
2025-11-27T17:15:53.387123-08:00,write,key_985,309.04,true,false,811
2025-11-27T17:15:53.386778-08:00,write,key_971,309.46,true,false,811
2025-11-27T17:15:53.386649-08:00,write,key_107,309.62,true,false,814
2025-11-27T17:15:53.69627-08:00,read,key_204,3.89,true,false,749
2025-11-27T17:15:53.392886-08:00,write,key_727,307.31,true,false,814
2025-11-27T17:15:53.700165-08:00,read,key_656,1.18,true,false,199
2025-11-27T17:15:53.701347-08:00,read,key_952,1.31,true,false,792
2025-11-27T17:15:53.702662-08:00,read,key_376,1.37,false,false,0
2025-11-27T17:15:53.704032-08:00,read,key_502,2.54,true,false,610
2025-11-27T17:15:53.706578-08:00,read,key_960,1.72,true,false,779
2025-11-27T17:15:53.491261-08:00,write,key_155,306.10,true,false,813
2025-11-27T17:15:53.797363-08:00,read,key_633,2.50,false,false,0
2025-11-27T17:15:53.496872-08:00,write,key_375,307.18,true,false,813
2025-11-27T17:15:53.592368-08:00,write,key_215,307.35,true,false,814
2025-11-27T17:15:53.594448-08:00,write,key_462,308.66,true,false,815
2025-11-27T17:15:53.601668-08:00,write,key_900,303.61,true,false,815
2025-11-27T17:15:53.903101-08:00,read,key_890,2.60,true,false,760
2025-11-27T17:15:53.594539-08:00,write,key_188,311.92,true,false,816
2025-11-27T17:15:53.905698-08:00,read,key_100,1.01,true,false,749
2025-11-27T17:15:53.906454-08:00,read,key_453,0.68,true,false,424
2025-11-27T17:15:53.906708-08:00,read,key_473,0.45,true,false,415
2025-11-27T17:15:53.907134-08:00,read,key_41,0.76,true,false,529
2025-11-27T17:15:53.696237-08:00,write,key_437,308.79,true,false,815
2025-11-27T17:15:53.696157-08:00,write,key_489,308.87,true,false,816
2025-11-27T17:15:53.700195-08:00,write,key_652,304.83,true,false,816
2025-11-27T17:15:53.708297-08:00,write,key_52,304.12,true,false,815
2025-11-27T17:15:53.799868-08:00,write,key_761,306.96,true,false,817
2025-11-27T17:15:53.804051-08:00,write,key_651,304.62,true,false,817
2025-11-27T17:15:54.108675-08:00,read,key_673,1.00,true,false,309
2025-11-27T17:15:53.89972-08:00,write,key_656,305.01,true,false,816
2025-11-27T17:15:53.907893-08:00,write,key_824,303.10,true,false,817
2025-11-27T17:15:53.90527-08:00,write,key_916,305.72,true,false,818
2025-11-27T17:15:53.907156-08:00,write,key_940,303.86,true,false,818
2025-11-27T17:15:54.005021-08:00,write,key_50,307.66,true,false,817
2025-11-27T17:15:54.005024-08:00,write,key_921,307.67,true,false,818
2025-11-27T17:15:54.005021-08:00,write,key_959,307.71,true,false,819
2025-11-27T17:15:54.312694-08:00,read,key_112,4.40,true,false,643
2025-11-27T17:15:54.012415-08:00,write,key_120,306.17,true,false,819
2025-11-27T17:15:54.106822-08:00,write,key_357,308.01,true,false,819
2025-11-27T17:15:54.414827-08:00,read,key_482,2.71,true,false,376
2025-11-27T17:15:54.109676-08:00,write,key_561,307.90,true,false,820
2025-11-27T17:15:54.417567-08:00,read,key_30,1.18,true,false,690
2025-11-27T17:15:54.418754-08:00,read,key_987,0.98,true,false,787
2025-11-27T17:15:54.204732-08:00,write,key_741,313.72,true,false,820
2025-11-27T17:15:54.21099-08:00,write,key_327,307.46,true,false,819
2025-11-27T17:15:54.211016-08:00,write,key_340,307.44,true,false,820
2025-11-27T17:15:54.21099-08:00,write,key_408,307.47,true,false,819
2025-11-27T17:15:54.518452-08:00,read,key_959,1.50,true,false,819
2025-11-27T17:15:54.518465-08:00,read,key_285,3.14,true,false,805
2025-11-27T17:15:54.312685-08:00,write,key_40,307.91,true,false,821
2025-11-27T17:15:54.31273-08:00,write,key_977,307.88,true,false,821
2025-11-27T17:15:54.317098-08:00,write,key_121,308.38,true,false,821
2025-11-27T17:15:54.318588-08:00,write,key_431,306.89,true,false,822
2025-11-27T17:15:54.625475-08:00,read,key_55,1.00,true,false,780
2025-11-27T17:15:54.625478-08:00,read,key_952,2.68,true,false,792
2025-11-27T17:15:54.41754-08:00,write,key_959,305.19,true,false,821
2025-11-27T17:15:54.419734-08:00,write,key_949,303.35,true,false,821
2025-11-27T17:15:54.518452-08:00,write,key_101,309.20,true,false,822
2025-11-27T17:15:54.518454-08:00,write,key_981,309.21,true,false,823
2025-11-27T17:15:54.519952-08:00,write,key_114,307.75,true,false,823
2025-11-27T17:15:54.521602-08:00,write,key_440,307.00,true,false,822
2025-11-27T17:15:54.827701-08:00,read,key_182,5.16,false,false,0
2025-11-27T17:15:54.827653-08:00,read,key_832,5.44,true,false,761
2025-11-27T17:15:54.828598-08:00,read,key_482,4.97,true,false,376
2025-11-27T17:15:54.833573-08:00,read,key_977,0.84,true,false,821
2025-11-27T17:15:54.834415-08:00,read,key_287,0.71,true,false,759
2025-11-27T17:15:54.835128-08:00,read,key_323,2.15,true,false,626
2025-11-27T17:15:54.620594-08:00,write,key_14,309.52,true,false,823
2025-11-27T17:15:54.620606-08:00,write,key_522,309.57,true,false,824
2025-11-27T17:15:54.930177-08:00,read,key_403,5.28,true,false,680
2025-11-27T17:15:54.93011-08:00,read,key_212,5.38,true,false,604
2025-11-27T17:15:54.626476-08:00,write,key_727,309.38,true,false,824
2025-11-27T17:15:54.62816-08:00,write,key_910,308.90,true,false,824
2025-11-27T17:15:54.935854-08:00,read,key_506,2.28,true,false,751
2025-11-27T17:15:54.935456-08:00,read,key_510,2.68,true,false,648
2025-11-27T17:15:54.938133-08:00,read,key_498,1.53,true,false,517
2025-11-27T17:15:54.723076-08:00,write,key_96,312.96,true,false,825
2025-11-27T17:15:54.722727-08:00,write,key_164,313.66,true,false,826
2025-11-27T17:15:55.036382-08:00,read,key_978,1.23,false,false,0
2025-11-27T17:15:55.036037-08:00,read,key_747,1.58,true,false,789
2025-11-27T17:15:55.037615-08:00,read,key_487,1.45,true,false,426
2025-11-27T17:15:55.037619-08:00,read,key_626,4.48,true,false,490
2025-11-27T17:15:55.042103-08:00,read,key_345,0.68,false,false,0
2025-11-27T17:15:54.833089-08:00,write,key_545,306.25,true,false,827
2025-11-27T17:15:54.832868-08:00,write,key_915,308.19,true,false,825
2025-11-27T17:15:54.827664-08:00,write,key_765,314.14,true,false,826
2025-11-27T17:15:54.837278-08:00,write,key_721,306.43,true,false,824
2025-11-27T17:15:55.143708-08:00,read,key_109,1.02,true,false,132
2025-11-27T17:15:54.935492-08:00,write,key_701,308.43,true,false,828
2025-11-27T17:15:54.937056-08:00,write,key_749,306.87,true,false,825
2025-11-27T17:15:54.939669-08:00,write,key_108,305.41,true,false,826
2025-11-27T17:15:54.938133-08:00,write,key_829,307.67,true,false,828
2025-11-27T17:15:55.243932-08:00,read,key_53,3.61,true,false,750
2025-11-27T17:15:55.245804-08:00,read,key_944,4.81,true,false,757
2025-11-27T17:15:55.042789-08:00,write,key_860,304.34,true,false,827
2025-11-27T17:15:55.03907-08:00,write,key_4,308.20,true,false,829
2025-11-27T17:15:55.347187-08:00,read,key_678,2.94,true,false,49
2025-11-27T17:15:55.141058-08:00,write,key_52,306.39,true,false,828
2025-11-27T17:15:55.139335-08:00,write,key_159,308.12,true,false,828
2025-11-27T17:15:55.144732-08:00,write,key_450,302.77,true,false,829
2025-11-27T17:15:55.141799-08:00,write,key_839,305.79,true,false,828
2025-11-27T17:15:55.447501-08:00,read,key_431,0.60,true,false,822
2025-11-27T17:15:55.44758-08:00,read,key_480,0.62,true,false,504
2025-11-27T17:15:55.250613-08:00,write,key_384,302.40,true,false,830
2025-11-27T17:15:55.243921-08:00,write,key_124,309.10,true,false,829
2025-11-27T17:15:55.245074-08:00,write,key_223,308.01,true,false,829
2025-11-27T17:15:55.247548-08:00,write,key_316,305.58,true,false,830
2025-11-27T17:15:55.553082-08:00,read,key_536,0.74,true,false,585
2025-11-27T17:15:55.55312-08:00,read,key_209,0.86,true,false,349
2025-11-27T17:15:55.553007-08:00,read,key_583,1.02,true,false,639
2025-11-27T17:15:55.554027-08:00,read,key_389,0.53,true,false,228
2025-11-27T17:15:55.55398-08:00,read,key_613,0.58,true,false,732
2025-11-27T17:15:55.553823-08:00,read,key_740,0.74,true,false,682
2025-11-27T17:15:55.55456-08:00,read,key_505,0.54,true,false,774
2025-11-27T17:15:55.555099-08:00,read,key_969,0.56,false,false,0
2025-11-27T17:15:55.555659-08:00,read,key_207,0.52,true,false,633
2025-11-27T17:15:55.55618-08:00,read,key_729,0.73,true,false,607
2025-11-27T17:15:55.556916-08:00,read,key_613,0.47,true,false,732
2025-11-27T17:15:55.557382-08:00,read,key_9,0.50,true,false,461
2025-11-27T17:15:55.350124-08:00,write,key_619,304.94,true,false,831
2025-11-27T17:15:55.347263-08:00,write,key_943,307.80,true,false,830
2025-11-27T17:15:55.65506-08:00,read,key_687,1.83,true,false,411
2025-11-27T17:15:55.448203-08:00,write,key_857,311.63,true,false,833
2025-11-27T17:15:55.44745-08:00,write,key_7,312.39,true,false,830
2025-11-27T17:15:55.4481-08:00,write,key_313,311.80,true,false,831
2025-11-27T17:15:55.44745-08:00,write,key_454,312.64,true,false,832
2025-11-27T17:15:55.759836-08:00,read,key_700,1.62,true,false,248
2025-11-27T17:15:55.760089-08:00,read,key_401,1.49,true,false,788
2025-11-27T17:15:55.759897-08:00,read,key_767,3.49,false,false,0
2025-11-27T17:15:55.763388-08:00,read,key_173,0.82,true,false,111
2025-11-27T17:15:55.764214-08:00,read,key_213,1.63,true,false,710
2025-11-27T17:15:55.557878-08:00,write,key_892,303.38,true,false,831
2025-11-27T17:15:55.554561-08:00,write,key_179,306.70,true,false,834
2025-11-27T17:15:55.554565-08:00,write,key_947,307.41,true,false,832
2025-11-27T17:15:55.55302-08:00,write,key_504,308.98,true,false,831
2025-11-27T17:15:55.861255-08:00,read,key_210,2.44,true,false,785
2025-11-27T17:15:55.861973-08:00,read,key_843,1.85,true,false,436
2025-11-27T17:15:55.863699-08:00,read,key_170,3.63,false,false,0
2025-11-27T17:15:55.656894-08:00,write,key_469,306.70,true,false,833
2025-11-27T17:15:55.65506-08:00,write,key_429,308.55,true,false,832
2025-11-27T17:15:55.9636-08:00,read,key_214,4.00,true,false,623
2025-11-27T17:15:55.96361-08:00,read,key_624,5.07,false,false,0
2025-11-27T17:15:55.761455-08:00,write,key_614,306.59,true,false,836
2025-11-27T17:15:55.759829-08:00,write,key_651,308.23,true,false,835
2025-11-27T17:15:55.761575-08:00,write,key_725,306.63,true,false,834
2025-11-27T17:15:56.068042-08:00,read,key_175,2.16,true,false,396
2025-11-27T17:15:56.070202-08:00,read,key_102,0.74,true,false,770
2025-11-27T17:15:56.070945-08:00,read,key_105,1.23,true,false,664
2025-11-27T17:15:55.765844-08:00,write,key_915,306.34,true,false,837
2025-11-27T17:15:56.07218-08:00,read,key_767,2.10,false,false,0
2025-11-27T17:15:56.074283-08:00,read,key_115,0.61,true,false,755
2025-11-27T17:15:55.861256-08:00,write,key_217,309.41,true,false,836
2025-11-27T17:15:55.861999-08:00,write,key_169,308.68,true,false,835
2025-11-27T17:15:55.863825-08:00,write,key_161,307.70,true,false,836
2025-11-27T17:15:55.867331-08:00,write,key_943,304.96,true,false,837
2025-11-27T17:15:56.170673-08:00,read,key_376,2.84,false,false,0
2025-11-27T17:15:56.171523-08:00,read,key_659,3.36,true,false,801
2025-11-27T17:15:55.967603-08:00,write,key_59,311.10,true,false,838
2025-11-27T17:15:55.968696-08:00,write,key_432,310.01,true,false,835
2025-11-27T17:15:56.068198-08:00,write,key_127,310.09,true,false,839
2025-11-27T17:15:56.378298-08:00,read,key_939,1.43,true,false,730
2025-11-27T17:15:56.068053-08:00,write,key_244,311.71,true,false,838
2025-11-27T17:15:56.074896-08:00,write,key_831,308.92,true,false,838
2025-11-27T17:15:56.379764-08:00,read,key_35,4.06,true,false,643
2025-11-27T17:15:56.07218-08:00,write,key_406,311.70,true,false,839
2025-11-27T17:15:56.379726-08:00,read,key_243,5.82,true,false,588
2025-11-27T17:15:56.385549-08:00,read,key_975,0.95,true,false,757
2025-11-27T17:15:56.386498-08:00,read,key_450,0.95,true,false,829
2025-11-27T17:15:56.174883-08:00,write,key_540,310.03,true,false,839
2025-11-27T17:15:56.170671-08:00,write,key_896,314.30,true,false,838
2025-11-27T17:15:56.172286-08:00,write,key_177,312.99,true,false,839
2025-11-27T17:15:56.173516-08:00,write,key_950,311.89,true,false,838
2025-11-27T17:15:56.48497-08:00,read,key_588,2.07,true,false,744
2025-11-27T17:15:56.278706-08:00,write,key_323,308.77,true,false,840
2025-11-27T17:15:56.278749-08:00,write,key_821,308.75,true,false,839
2025-11-27T17:15:56.5875-08:00,read,key_156,0.98,true,false,513
2025-11-27T17:15:56.58848-08:00,read,key_450,4.45,true,false,829
2025-11-27T17:15:56.383829-08:00,write,key_512,311.07,true,false,841
2025-11-27T17:15:56.383878-08:00,write,key_100,311.02,true,false,840
2025-11-27T17:15:56.383812-08:00,write,key_853,311.09,true,false,840
2025-11-27T17:15:56.694902-08:00,read,key_587,2.60,true,false,785
2025-11-27T17:15:56.387445-08:00,write,key_36,310.76,true,false,842
2025-11-27T17:15:56.698203-08:00,read,key_617,4.19,true,false,728
2025-11-27T17:15:56.694894-08:00,read,key_823,9.05,true,false,220
2025-11-27T17:15:56.694894-08:00,read,key_496,9.07,true,false,518
2025-11-27T17:15:56.702394-08:00,read,key_933,2.41,true,false,757
2025-11-27T17:15:56.703961-08:00,read,key_932,0.99,true,false,747
2025-11-27T17:15:56.704953-08:00,read,key_302,2.59,true,false,89
2025-11-27T17:15:56.704801-08:00,read,key_444,2.76,true,false,168
2025-11-27T17:15:56.707565-08:00,read,key_115,0.83,true,false,755
2025-11-27T17:15:56.708393-08:00,read,key_595,0.59,true,false,618
2025-11-27T17:15:56.708984-08:00,read,key_793,0.53,true,false,435
2025-11-27T17:15:56.487045-08:00,write,key_956,308.18,true,false,842
2025-11-27T17:15:56.485398-08:00,write,key_823,309.83,true,false,841
2025-11-27T17:15:56.485275-08:00,write,key_255,309.96,true,false,841
2025-11-27T17:15:56.484907-08:00,write,key_983,310.49,true,false,841
2025-11-27T17:15:56.795228-08:00,read,key_154,1.99,true,false,778
2025-11-27T17:15:56.587469-08:00,write,key_473,308.52,true,false,843
2025-11-27T17:15:56.592928-08:00,write,key_350,307.24,true,false,841
2025-11-27T17:15:56.6975-08:00,write,key_482,306.40,true,false,844
2025-11-27T17:15:56.703943-08:00,write,key_705,304.37,true,false,844
2025-11-27T17:15:57.008315-08:00,read,key_946,1.21,true,false,766
2025-11-27T17:15:56.707546-08:00,write,key_580,304.05,true,false,843
2025-11-27T17:15:56.709511-08:00,write,key_523,303.81,true,false,843
2025-11-27T17:15:56.79539-08:00,write,key_616,308.98,true,false,845
2025-11-27T17:15:56.795223-08:00,write,key_768,309.23,true,false,845
2025-11-27T17:15:56.795222-08:00,write,key_201,309.87,true,false,844
2025-11-27T17:15:56.797218-08:00,write,key_34,310.50,true,false,846
2025-11-27T17:15:57.104372-08:00,read,key_429,4.61,true,false,832
2025-11-27T17:15:57.10898-08:00,read,key_218,2.09,true,false,756
2025-11-27T17:15:57.111071-08:00,read,key_30,1.07,true,false,690
2025-11-27T17:15:57.112141-08:00,read,key_976,3.66,true,false,790
2025-11-27T17:15:56.895984-08:00,write,key_466,306.20,true,false,847
2025-11-27T17:15:57.202188-08:00,read,key_847,0.78,true,false,596
2025-11-27T17:15:57.202967-08:00,read,key_947,1.09,true,false,832
2025-11-27T17:15:57.204055-08:00,read,key_117,0.89,true,false,212
2025-11-27T17:15:57.204948-08:00,read,key_223,0.80,true,false,829
2025-11-27T17:15:56.900167-08:00,write,key_742,307.86,true,false,845
2025-11-27T17:15:57.205751-08:00,read,key_401,2.58,true,false,788
2025-11-27T17:15:57.208024-08:00,read,key_256,3.13,true,false,633
2025-11-27T17:15:57.211159-08:00,read,key_10,1.12,false,false,0
2025-11-27T17:15:57.212281-08:00,read,key_651,0.66,true,false,835
2025-11-27T17:15:57.212944-08:00,read,key_614,0.44,true,false,836
2025-11-27T17:15:57.003904-08:00,write,key_794,308.15,true,false,846
2025-11-27T17:15:57.009528-08:00,write,key_405,303.97,true,false,847
2025-11-27T17:15:57.313498-08:00,read,key_154,0.91,true,false,778
2025-11-27T17:15:57.013322-08:00,write,key_514,304.46,true,false,848
2025-11-27T17:15:57.011593-08:00,write,key_765,307.72,true,false,848
2025-11-27T17:15:57.319313-08:00,read,key_219,0.67,true,false,694
2025-11-27T17:15:57.115807-08:00,write,key_399,302.96,true,false,850
2025-11-27T17:15:57.105091-08:00,write,key_210,313.76,true,false,849
2025-11-27T17:15:57.107717-08:00,write,key_427,311.22,true,false,847
2025-11-27T17:15:57.104445-08:00,write,key_584,314.76,true,false,849
2025-11-27T17:15:57.418851-08:00,read,key_723,2.03,true,false,691
2025-11-27T17:15:57.418773-08:00,read,key_840,2.13,true,false,643
2025-11-27T17:15:57.420904-08:00,read,key_104,0.75,true,false,561
2025-11-27T17:15:57.421656-08:00,read,key_221,0.59,true,false,586
2025-11-27T17:15:57.213381-08:00,write,key_30,307.27,true,false,849
2025-11-27T17:15:57.20833-08:00,write,key_489,312.32,true,false,848
2025-11-27T17:15:57.520644-08:00,read,key_588,2.78,true,false,744
2025-11-27T17:15:57.520647-08:00,read,key_950,5.84,true,false,838
2025-11-27T17:15:57.317776-08:00,write,key_464,310.34,true,false,849
2025-11-27T17:15:57.314412-08:00,write,key_224,313.72,true,false,848
2025-11-27T17:15:57.312063-08:00,write,key_721,316.98,true,false,850
2025-11-27T17:15:57.319986-08:00,write,key_158,310.73,true,false,850
2025-11-27T17:15:57.629038-08:00,read,key_47,4.35,true,false,115
2025-11-27T17:15:57.630715-08:00,read,key_520,2.71,true,false,775
2025-11-27T17:15:57.633388-08:00,read,key_649,0.93,true,false,464
2025-11-27T17:15:57.633423-08:00,read,key_995,2.24,true,false,175
2025-11-27T17:15:57.419203-08:00,write,key_31,310.28,true,false,851
2025-11-27T17:15:57.420886-08:00,write,key_828,309.01,true,false,851
2025-11-27T17:15:57.422249-08:00,write,key_619,307.77,true,false,851
2025-11-27T17:15:57.418937-08:00,write,key_367,311.21,true,false,851
2025-11-27T17:15:57.729491-08:00,read,key_479,2.22,true,false,51
2025-11-27T17:15:57.730146-08:00,read,key_547,1.79,true,false,758
2025-11-27T17:15:57.729891-08:00,read,key_372,3.58,true,false,530
2025-11-27T17:15:57.526486-08:00,write,key_760,308.75,true,false,852
2025-11-27T17:15:57.523421-08:00,write,key_170,311.82,true,false,852
2025-11-27T17:15:57.835235-08:00,read,key_112,1.22,true,false,643
2025-11-27T17:15:57.836457-08:00,read,key_456,1.06,true,false,760
2025-11-27T17:15:57.837522-08:00,read,key_742,0.86,true,false,845
2025-11-27T17:15:57.628118-08:00,write,key_944,309.22,true,false,852
2025-11-27T17:15:57.628132-08:00,write,key_438,309.20,true,false,853
2025-11-27T17:15:57.635661-08:00,write,key_817,303.35,true,false,853
2025-11-27T17:15:57.937332-08:00,read,key_805,4.52,false,false,0
2025-11-27T17:15:57.634316-08:00,write,key_688,307.56,true,false,853
2025-11-27T17:15:57.94185-08:00,read,key_532,0.90,false,false,0
2025-11-27T17:15:57.937332-08:00,read,key_502,5.44,true,false,610
2025-11-27T17:15:57.730016-08:00,write,key_34,312.72,true,false,854
2025-11-27T17:15:57.73347-08:00,write,key_479,309.27,true,false,855
2025-11-27T17:15:57.731936-08:00,write,key_42,310.82,true,false,854
2025-11-27T17:15:57.73171-08:00,write,key_281,311.03,true,false,854
2025-11-27T17:15:58.042738-08:00,read,key_903,4.27,true,false,773
2025-11-27T17:15:58.047014-08:00,read,key_857,1.04,true,false,833
2025-11-27T17:15:58.048054-08:00,read,key_405,1.90,true,false,847
2025-11-27T17:15:57.838385-08:00,write,key_409,306.68,true,false,854
2025-11-27T17:15:57.835235-08:00,write,key_119,309.83,true,false,853
2025-11-27T17:15:57.942769-08:00,write,key_821,318.92,true,false,855
2025-11-27T17:15:57.941874-08:00,write,key_565,319.83,true,false,855
2025-11-27T17:15:57.942754-08:00,write,key_940,318.93,true,false,855
2025-11-27T17:15:57.939004-08:00,write,key_447,322.80,true,false,854
2025-11-27T17:15:58.261722-08:00,read,key_164,0.74,true,false,826
2025-11-27T17:15:58.261685-08:00,read,key_512,0.78,true,false,841
2025-11-27T17:15:58.261806-08:00,read,key_918,0.75,true,false,717
2025-11-27T17:15:58.262462-08:00,read,key_208,0.67,true,false,671
2025-11-27T17:15:58.263128-08:00,read,key_409,2.89,true,false,854
2025-11-27T17:15:58.266021-08:00,read,key_377,0.43,true,false,725
2025-11-27T17:15:58.266456-08:00,read,key_530,0.38,true,false,45
2025-11-27T17:15:58.266837-08:00,read,key_834,0.37,true,false,795
2025-11-27T17:15:58.267205-08:00,read,key_408,0.40,true,false,819
2025-11-27T17:15:58.267608-08:00,read,key_185,0.31,false,false,0
2025-11-27T17:15:58.042751-08:00,write,key_686,322.96,true,false,856
2025-11-27T17:15:58.049958-08:00,write,key_757,316.02,true,false,856
2025-11-27T17:15:58.042752-08:00,write,key_959,323.36,true,false,857
2025-11-27T17:15:58.042775-08:00,write,key_439,323.77,true,false,856
2025-11-27T17:15:58.365975-08:00,read,key_150,3.76,true,false,658
2025-11-27T17:15:58.14506-08:00,write,key_925,313.34,true,false,856
2025-11-27T17:15:58.4584-08:00,read,key_749,0.93,true,false,825
2025-11-27T17:15:58.14506-08:00,write,key_347,317.47,true,false,858
2025-11-27T17:15:58.261695-08:00,write,key_129,307.05,true,false,857
2025-11-27T17:15:58.262462-08:00,write,key_990,306.40,true,false,857
2025-11-27T17:15:58.262552-08:00,write,key_87,306.44,true,false,858
2025-11-27T17:15:58.568855-08:00,read,key_454,2.38,true,false,832
2025-11-27T17:15:58.568987-08:00,read,key_405,2.30,true,false,847
2025-11-27T17:15:58.568744-08:00,read,key_411,6.40,true,false,259
2025-11-27T17:15:58.267918-08:00,write,key_345,307.27,true,false,859
2025-11-27T17:15:58.575185-08:00,read,key_945,1.70,true,false,391
2025-11-27T17:15:58.575147-08:00,read,key_622,1.98,true,false,570
2025-11-27T17:15:58.571241-08:00,read,key_470,7.52,true,false,213
2025-11-27T17:15:58.578767-08:00,read,key_346,0.64,true,false,626
2025-11-27T17:15:58.577133-08:00,read,key_467,2.30,true,false,149
2025-11-27T17:15:58.579437-08:00,read,key_204,0.61,true,false,749
2025-11-27T17:15:58.580044-08:00,read,key_480,0.45,true,false,504
2025-11-27T17:15:58.580498-08:00,read,key_955,0.50,true,false,703
2025-11-27T17:15:58.365709-08:00,write,key_436,306.19,true,false,859
2025-11-27T17:15:58.366541-08:00,write,key_990,308.59,true,false,858
2025-11-27T17:15:58.369741-08:00,write,key_30,307.56,true,false,861
2025-11-27T17:15:58.366107-08:00,write,key_305,311.22,true,false,860
2025-11-27T17:15:58.677298-08:00,read,key_704,0.97,false,false,0
2025-11-27T17:15:58.678273-08:00,read,key_566,1.26,true,false,571
2025-11-27T17:15:58.462529-08:00,write,key_210,312.28,true,false,860
2025-11-27T17:15:58.459328-08:00,write,key_108,315.48,true,false,859
2025-11-27T17:15:58.571291-08:00,write,key_744,311.48,true,false,862
2025-11-27T17:15:58.576882-08:00,write,key_104,306.46,true,false,860
2025-11-27T17:15:58.579406-08:00,write,key_2,305.76,true,false,862
2025-11-27T17:15:58.581004-08:00,write,key_667,304.74,true,false,861
2025-11-27T17:15:58.885161-08:00,read,key_303,1.04,true,false,557
2025-11-27T17:15:58.885742-08:00,read,key_567,0.86,true,false,604
2025-11-27T17:15:58.886602-08:00,read,key_313,0.65,true,false,831
2025-11-27T17:15:58.887252-08:00,read,key_253,0.77,true,false,713
2025-11-27T17:15:58.888023-08:00,read,key_756,0.55,true,false,309
2025-11-27T17:15:58.675133-08:00,write,key_826,309.18,true,false,860
2025-11-27T17:15:58.671902-08:00,write,key_478,312.42,true,false,862
2025-11-27T17:15:58.677321-08:00,write,key_158,307.01,true,false,863
2025-11-27T17:15:58.984314-08:00,read,key_309,1.76,true,false,139
2025-11-27T17:15:58.679537-08:00,write,key_940,307.58,true,false,864
2025-11-27T17:15:58.98608-08:00,read,key_375,1.21,true,false,813
2025-11-27T17:15:58.984331-08:00,read,key_952,3.83,true,false,792
2025-11-27T17:15:58.774805-08:00,write,key_923,311.04,true,false,863
2025-11-27T17:15:58.774805-08:00,write,key_750,311.30,true,false,862
2025-11-27T17:15:59.086103-08:00,read,key_643,2.17,true,false,585
2025-11-27T17:15:59.088277-08:00,read,key_214,1.14,true,false,623
2025-11-27T17:15:59.089415-08:00,read,key_460,2.31,true,false,758
2025-11-27T17:15:59.091726-08:00,read,key_318,0.59,false,false,0
2025-11-27T17:15:59.092313-08:00,read,key_37,0.82,true,false,810
2025-11-27T17:15:58.883338-08:00,write,key_125,311.68,true,false,863
2025-11-27T17:15:58.888573-08:00,write,key_313,306.45,true,false,864
2025-11-27T17:15:58.882771-08:00,write,key_164,312.36,true,false,865
2025-11-27T17:15:58.886198-08:00,write,key_105,310.03,true,false,864
2025-11-27T17:15:59.195131-08:00,read,key_177,2.51,true,false,839
2025-11-27T17:15:59.19622-08:00,read,key_316,6.45,true,false,830
2025-11-27T17:15:59.197645-08:00,read,key_322,6.42,true,false,174
2025-11-27T17:15:59.202668-08:00,read,key_128,1.41,true,false,808
2025-11-27T17:15:59.204083-08:00,read,key_653,0.79,true,false,738
2025-11-27T17:15:59.204064-08:00,read,key_437,0.83,true,false,815
2025-11-27T17:15:59.204895-08:00,read,key_744,0.48,true,false,862
2025-11-27T17:15:59.204877-08:00,read,key_31,0.52,true,false,851
2025-11-27T17:15:59.205395-08:00,read,key_420,0.78,true,false,397
2025-11-27T17:15:59.206181-08:00,read,key_211,0.83,true,false,654
2025-11-27T17:15:58.984323-08:00,write,key_352,312.29,true,false,865
2025-11-27T17:15:58.987119-08:00,write,key_365,309.54,true,false,865
2025-11-27T17:15:58.988158-08:00,write,key_753,308.63,true,false,867
2025-11-27T17:15:58.987294-08:00,write,key_108,309.63,true,false,866
2025-11-27T17:15:59.29661-08:00,read,key_984,4.45,false,false,0
2025-11-27T17:15:59.296655-08:00,read,key_48,6.90,true,false,630
2025-11-27T17:15:59.30106-08:00,read,key_939,3.22,true,false,730
2025-11-27T17:15:59.303554-08:00,read,key_451,1.27,true,false,683
2025-11-27T17:15:59.085858-08:00,write,key_727,311.39,true,false,866
2025-11-27T17:15:59.093133-08:00,write,key_163,307.56,true,false,867
2025-11-27T17:15:59.400689-08:00,read,key_325,1.12,true,false,753
2025-11-27T17:15:59.19502-08:00,write,key_186,308.87,true,false,866
2025-11-27T17:15:59.195032-08:00,write,key_164,308.86,true,false,867
2025-11-27T17:15:59.503892-08:00,read,key_542,11.86,true,false,686
2025-11-27T17:15:59.205378-08:00,write,key_470,310.61,true,false,868
2025-11-27T17:15:59.207009-08:00,write,key_545,308.99,true,false,868
2025-11-27T17:15:59.296788-08:00,write,key_444,312.03,true,false,868
2025-11-27T17:15:59.29692-08:00,write,key_60,311.91,true,false,869
2025-11-27T17:15:59.30482-08:00,write,key_517,306.82,true,false,868
2025-11-27T17:15:59.611638-08:00,read,key_371,1.10,true,false,787
2025-11-27T17:15:59.612737-08:00,read,key_312,0.93,true,false,721
2025-11-27T17:15:59.304282-08:00,write,key_399,313.65,true,false,870
2025-11-27T17:15:59.397246-08:00,write,key_445,312.50,true,false,871
2025-11-27T17:15:59.401811-08:00,write,key_42,307.93,true,false,869
2025-11-27T17:15:59.709762-08:00,read,key_119,2.48,true,false,853
2025-11-27T17:15:59.503899-08:00,write,key_460,308.39,true,false,869
2025-11-27T17:15:59.515757-08:00,write,key_503,303.56,true,false,870
2025-11-27T17:15:59.515993-08:00,write,key_906,303.33,true,false,872
2025-11-27T17:15:59.51598-08:00,write,key_286,303.42,true,false,870
2025-11-27T17:15:59.819322-08:00,read,key_463,1.59,true,false,725
2025-11-27T17:15:59.820912-08:00,read,key_957,1.07,true,false,731
2025-11-27T17:15:59.821981-08:00,read,key_235,1.01,true,false,159
2025-11-27T17:15:59.822992-08:00,read,key_692,1.49,true,false,515
2025-11-27T17:15:59.608824-08:00,write,key_830,308.52,true,false,871
2025-11-27T17:15:59.608813-08:00,write,key_257,308.61,true,false,871
2025-11-27T17:15:59.613667-08:00,write,key_226,306.59,true,false,872
2025-11-27T17:15:59.920254-08:00,read,key_455,1.21,true,false,676
2025-11-27T17:15:59.617927-08:00,write,key_283,304.27,true,false,873
2025-11-27T17:15:59.709743-08:00,write,key_765,311.06,true,false,872
2025-11-27T17:15:59.712244-08:00,write,key_670,308.57,true,false,874
2025-11-27T17:16:00.020805-08:00,read,key_680,1.35,true,false,782
2025-11-27T17:15:59.812293-08:00,write,key_986,309.89,true,false,875
2025-11-27T17:15:59.819318-08:00,write,key_740,308.09,true,false,873
2025-11-27T17:15:59.824509-08:00,write,key_545,303.43,true,false,873
2025-11-27T17:15:59.819396-08:00,write,key_324,308.55,true,false,873
2025-11-27T17:16:00.122183-08:00,read,key_440,7.20,true,false,822
2025-11-27T17:16:00.127401-08:00,read,key_33,1.99,true,false,803
2025-11-27T17:16:00.127946-08:00,read,key_765,1.45,true,false,872
2025-11-27T17:16:00.129397-08:00,read,key_205,1.57,true,false,715
2025-11-27T17:16:00.129393-08:00,read,key_487,5.01,true,false,426
2025-11-27T17:15:59.917415-08:00,write,key_919,308.37,true,false,876
2025-11-27T17:15:59.917344-08:00,write,key_224,308.44,true,false,874
2025-11-27T17:15:59.921465-08:00,write,key_46,306.65,true,false,875
2025-11-27T17:15:59.922196-08:00,write,key_658,305.92,true,false,877
2025-11-27T17:16:00.022159-08:00,write,key_494,309.12,true,false,878
2025-11-27T17:16:00.020806-08:00,write,key_129,310.50,true,false,875
2025-11-27T17:16:00.331304-08:00,read,key_971,2.37,true,false,811
2025-11-27T17:16:00.333675-08:00,read,key_818,1.25,true,false,699
2025-11-27T17:16:00.127935-08:00,write,key_287,307.01,true,false,876
2025-11-27T17:16:00.129382-08:00,write,key_649,306.34,true,false,876
2025-11-27T17:16:00.134402-08:00,write,key_186,303.88,true,false,876
2025-11-27T17:16:00.130973-08:00,write,key_15,307.33,true,false,879
2025-11-27T17:16:00.43572-08:00,read,key_960,2.64,true,false,779
2025-11-27T17:16:00.438273-08:00,read,key_222,1.75,true,false,776
2025-11-27T17:16:00.438356-08:00,read,key_587,2.47,true,false,785
2025-11-27T17:16:00.225795-08:00,write,key_338,309.67,true,false,880
2025-11-27T17:16:00.225785-08:00,write,key_437,309.68,true,false,877
2025-11-27T17:16:00.228118-08:00,write,key_916,311.18,true,false,879
2025-11-27T17:16:00.228134-08:00,write,key_656,311.17,true,false,878
2025-11-27T17:16:00.539298-08:00,read,key_981,5.08,true,false,823
2025-11-27T17:16:00.33128-08:00,write,key_248,306.47,true,false,879
2025-11-27T17:16:00.334929-08:00,write,key_128,302.85,true,false,881
2025-11-27T17:16:00.637771-08:00,read,key_585,1.50,true,false,689
2025-11-27T17:16:00.637754-08:00,read,key_47,1.53,true,false,115
2025-11-27T17:16:00.639282-08:00,read,key_423,2.97,true,false,718
2025-11-27T17:16:00.642256-08:00,read,key_727,3.92,true,false,866
2025-11-27T17:16:00.646182-08:00,read,key_50,0.93,true,false,817
2025-11-27T17:16:00.434948-08:00,write,key_524,308.72,true,false,882
2025-11-27T17:16:00.4383-08:00,write,key_686,305.37,true,false,880
2025-11-27T17:16:00.743676-08:00,read,key_510,1.63,true,false,648
2025-11-27T17:16:00.440826-08:00,write,key_255,306.06,true,false,882
2025-11-27T17:16:00.74531-08:00,read,key_118,1.58,true,false,770
2025-11-27T17:16:00.44002-08:00,write,key_963,306.90,true,false,881
2025-11-27T17:16:00.746921-08:00,read,key_128,3.06,true,false,881
2025-11-27T17:16:00.74689-08:00,read,key_899,3.09,true,false,705
2025-11-27T17:16:00.749993-08:00,read,key_496,0.89,true,false,518
2025-11-27T17:16:00.544375-08:00,write,key_593,305.86,true,false,883
2025-11-27T17:16:00.535459-08:00,write,key_305,314.81,true,false,882
2025-11-27T17:16:00.539297-08:00,write,key_507,310.99,true,false,883
2025-11-27T17:16:00.535481-08:00,write,key_519,315.55,true,false,883
2025-11-27T17:16:00.850236-08:00,read,key_38,2.10,true,false,738
2025-11-27T17:16:00.851032-08:00,read,key_220,2.25,true,false,642
2025-11-27T17:16:00.850284-08:00,read,key_895,3.01,true,false,707
2025-11-27T17:16:00.853284-08:00,read,key_217,0.82,true,false,836
2025-11-27T17:16:00.853297-08:00,read,key_485,0.81,true,false,798
2025-11-27T17:16:00.854106-08:00,read,key_917,0.66,true,false,777
2025-11-27T17:16:00.647109-08:00,write,key_461,307.08,true,false,885
2025-11-27T17:16:00.639273-08:00,write,key_759,315.13,true,false,884
2025-11-27T17:16:00.954187-08:00,read,key_1,4.92,true,false,39
2025-11-27T17:16:00.954404-08:00,read,key_915,5.10,true,false,837
2025-11-27T17:16:00.959504-08:00,read,key_244,0.92,true,false,838
2025-11-27T17:16:00.959104-08:00,read,key_786,1.32,true,false,748
2025-11-27T17:16:00.960426-08:00,read,key_458,0.79,true,false,734
2025-11-27T17:16:00.960422-08:00,read,key_46,0.87,true,false,875
2025-11-27T17:16:00.743667-08:00,write,key_435,312.45,true,false,885
2025-11-27T17:16:00.749982-08:00,write,key_914,306.13,true,false,886
2025-11-27T17:16:00.74688-08:00,write,key_211,309.29,true,false,883
2025-11-27T17:16:01.056163-08:00,read,key_760,3.84,true,false,852
2025-11-27T17:16:01.057143-08:00,read,key_55,4.42,true,false,780
2025-11-27T17:16:01.056112-08:00,read,key_453,5.45,true,false,424
2025-11-27T17:16:00.750882-08:00,write,key_119,311.13,true,false,887
2025-11-27T17:16:01.061593-08:00,read,key_406,1.67,true,false,839
2025-11-27T17:16:01.063263-08:00,read,key_535,0.96,true,false,711
2025-11-27T17:16:00.854767-08:00,write,key_36,305.12,true,false,885
2025-11-27T17:16:00.850265-08:00,write,key_163,309.65,true,false,884
2025-11-27T17:16:00.852338-08:00,write,key_316,307.59,true,false,884
2025-11-27T17:16:00.854107-08:00,write,key_430,305.85,true,false,884
2025-11-27T17:16:01.159881-08:00,read,key_327,2.22,true,false,819
2025-11-27T17:16:00.961289-08:00,write,key_225,309.21,true,false,887
2025-11-27T17:16:00.961221-08:00,write,key_521,309.28,true,false,886
2025-11-27T17:16:01.060002-08:00,write,key_32,312.65,true,false,888
2025-11-27T17:16:01.064229-08:00,write,key_396,310.31,true,false,890
2025-11-27T17:16:01.061577-08:00,write,key_89,312.97,true,false,888
2025-11-27T17:16:01.062009-08:00,write,key_318,313.28,true,false,889
2025-11-27T17:16:01.374533-08:00,read,key_166,2.77,true,false,709
2025-11-27T17:16:01.159907-08:00,write,key_902,309.91,true,false,888
2025-11-27T17:16:01.15995-08:00,write,key_38,312.34,true,false,888
2025-11-27T17:16:01.472289-08:00,read,key_995,3.33,true,false,175
2025-11-27T17:16:01.162107-08:00,write,key_708,313.54,true,false,892
2025-11-27T17:16:01.15992-08:00,write,key_416,315.73,true,false,891
2025-11-27T17:16:01.475618-08:00,read,key_187,1.51,true,false,241
2025-11-27T17:16:01.477127-08:00,read,key_617,1.99,true,false,728
2025-11-27T17:16:01.270497-08:00,write,key_925,307.92,true,false,889
2025-11-27T17:16:01.270497-08:00,write,key_202,307.93,true,false,888
2025-11-27T17:16:01.375284-08:00,write,key_373,304.29,true,false,891
2025-11-27T17:16:01.374541-08:00,write,key_749,305.06,true,false,891
2025-11-27T17:16:01.372647-08:00,write,key_38,306.93,true,false,892
2025-11-27T17:16:01.679577-08:00,read,key_356,4.72,false,false,0
2025-11-27T17:16:01.3773-08:00,write,key_957,309.35,true,false,893
2025-11-27T17:16:01.469818-08:00,write,key_310,309.64,true,false,891
2025-11-27T17:16:01.479119-08:00,write,key_743,306.16,true,false,894
2025-11-27T17:16:01.475644-08:00,write,key_725,311.61,true,false,893
2025-11-27T17:16:01.475651-08:00,write,key_123,315.90,true,false,894
2025-11-27T17:16:01.791547-08:00,read,key_822,1.94,false,false,0
2025-11-27T17:16:01.793493-08:00,read,key_460,0.61,true,false,869
2025-11-27T17:16:01.794108-08:00,read,key_747,0.68,true,false,789
2025-11-27T17:16:01.794795-08:00,read,key_326,0.58,true,false,766
2025-11-27T17:16:01.578414-08:00,write,key_39,306.81,true,false,894
2025-11-27T17:16:01.578427-08:00,write,key_603,312.63,true,false,895
2025-11-27T17:16:01.679595-08:00,write,key_948,309.01,true,false,896
2025-11-27T17:16:01.684301-08:00,write,key_158,304.30,true,false,894
2025-11-27T17:16:01.67969-08:00,write,key_227,308.96,true,false,893
2025-11-27T17:16:01.686644-08:00,write,key_502,305.58,true,false,894
2025-11-27T17:16:01.785275-08:00,write,key_507,308.02,true,false,897
2025-11-27T17:16:02.093297-08:00,read,key_372,1.17,true,false,530
2025-11-27T17:16:01.779462-08:00,write,key_653,315.99,true,false,895
2025-11-27T17:16:01.787248-08:00,write,key_967,308.23,true,false,896
2025-11-27T17:16:02.095475-08:00,read,key_152,0.86,true,false,772
2025-11-27T17:16:02.095445-08:00,read,key_188,0.89,true,false,816
2025-11-27T17:16:02.096336-08:00,read,key_452,0.90,true,false,679
2025-11-27T17:16:01.795378-08:00,write,key_37,304.59,true,false,895
2025-11-27T17:16:01.891049-08:00,write,key_953,304.93,true,false,898
2025-11-27T17:16:01.885229-08:00,write,key_740,311.40,true,false,897
2025-11-27T17:16:02.196622-08:00,read,key_436,1.16,true,false,859
2025-11-27T17:16:01.988602-08:00,write,key_218,309.30,true,false,898
2025-11-27T17:16:01.988605-08:00,write,key_187,311.17,true,false,897
2025-11-27T17:16:01.992218-08:00,write,key_610,308.41,true,false,897
2025-11-27T17:16:01.988643-08:00,write,key_661,312.01,true,false,899
2025-11-27T17:16:02.300652-08:00,read,key_433,1.43,true,false,733
2025-11-27T17:16:02.302082-08:00,read,key_781,1.01,true,false,699
2025-11-27T17:16:02.303091-08:00,read,key_839,0.83,true,false,828
2025-11-27T17:16:02.303925-08:00,read,key_650,0.79,true,false,262
2025-11-27T17:16:02.304713-08:00,read,key_528,0.58,true,false,152
2025-11-27T17:16:02.305293-08:00,read,key_934,1.53,false,false,0
2025-11-27T17:16:02.094471-08:00,write,key_585,307.03,true,false,898
2025-11-27T17:16:02.097232-08:00,write,key_360,304.38,true,false,899
2025-11-27T17:16:02.096334-08:00,write,key_724,305.34,true,false,898
2025-11-27T17:16:02.401502-08:00,read,key_611,2.71,true,false,335
2025-11-27T17:16:02.401603-08:00,read,key_742,2.76,true,false,845
2025-11-27T17:16:02.099961-08:00,write,key_224,305.80,true,false,900
2025-11-27T17:16:02.197785-08:00,write,key_985,309.53,true,false,901
2025-11-27T17:16:02.195978-08:00,write,key_880,311.70,true,false,900
2025-11-27T17:16:02.507674-08:00,read,key_206,1.86,true,false,709
2025-11-27T17:16:02.507343-08:00,read,key_724,2.22,true,false,898
2025-11-27T17:16:02.509566-08:00,read,key_513,3.32,true,false,796
2025-11-27T17:16:02.30682-08:00,write,key_843,306.71,true,false,901
2025-11-27T17:16:02.297903-08:00,write,key_510,315.71,true,false,900
2025-11-27T17:16:02.299767-08:00,write,key_7,314.08,true,false,902
2025-11-27T17:16:02.300626-08:00,write,key_984,315.73,true,false,902
2025-11-27T17:16:02.616354-08:00,read,key_373,1.10,true,false,891
2025-11-27T17:16:02.613843-08:00,read,key_950,3.61,true,false,838
2025-11-27T17:16:02.405754-08:00,write,key_471,306.08,true,false,903
2025-11-27T17:16:02.404214-08:00,write,key_118,307.63,true,false,903
2025-11-27T17:16:02.40167-08:00,write,key_725,314.58,true,false,903
2025-11-27T17:16:02.404361-08:00,write,key_836,311.92,true,false,904
2025-11-27T17:16:02.509536-08:00,write,key_983,309.45,true,false,905
2025-11-27T17:16:02.512892-08:00,write,key_623,306.12,true,false,902
2025-11-27T17:16:02.617452-08:00,write,key_486,304.18,true,false,903
2025-11-27T17:16:02.613609-08:00,write,key_140,308.20,true,false,904
2025-11-27T17:16:02.613524-08:00,write,key_180,308.30,true,false,906
2025-11-27T17:16:02.921808-08:00,read,key_315,3.12,true,false,543
2025-11-27T17:16:02.921634-08:00,read,key_408,3.34,true,false,819
2025-11-27T17:16:02.617451-08:00,write,key_611,307.92,true,false,906
2025-11-27T17:16:02.924978-08:00,read,key_755,1.42,false,false,0
2025-11-27T17:16:02.926397-08:00,read,key_709,0.50,false,false,0
2025-11-27T17:16:02.92537-08:00,read,key_425,1.79,true,false,663
2025-11-27T17:16:02.926896-08:00,read,key_153,0.56,true,false,741
2025-11-27T17:16:02.711839-08:00,write,key_612,307.46,true,false,905
2025-11-27T17:16:03.019296-08:00,read,key_517,0.71,true,false,868
2025-11-27T17:16:03.020004-08:00,read,key_659,0.75,true,false,801
2025-11-27T17:16:02.716274-08:00,write,key_720,304.65,true,false,905
2025-11-27T17:16:02.716249-08:00,write,key_315,304.78,true,false,906
2025-11-27T17:16:02.711843-08:00,write,key_548,309.29,true,false,905
2025-11-27T17:16:03.020759-08:00,read,key_980,0.45,true,false,715
2025-11-27T17:16:03.021021-08:00,read,key_170,0.49,true,false,852
2025-11-27T17:16:03.02151-08:00,read,key_452,0.53,true,false,679
2025-11-27T17:16:03.021214-08:00,read,key_615,0.87,true,false,804
2025-11-27T17:16:03.022082-08:00,read,key_968,1.47,true,false,670
2025-11-27T17:16:03.022043-08:00,read,key_500,1.72,true,false,625
2025-11-27T17:16:03.02355-08:00,read,key_448,0.58,true,false,800
2025-11-27T17:16:03.023762-08:00,read,key_576,0.77,true,false,673
2025-11-27T17:16:03.024132-08:00,read,key_161,0.50,true,false,836
2025-11-27T17:16:03.024636-08:00,read,key_943,0.41,true,false,837
2025-11-27T17:16:02.819007-08:00,write,key_336,306.88,true,false,907
2025-11-27T17:16:02.818987-08:00,write,key_763,306.92,true,false,907
2025-11-27T17:16:03.125897-08:00,read,key_201,1.37,true,false,844
2025-11-27T17:16:02.921823-08:00,write,key_556,305.26,true,false,908
2025-11-27T17:16:03.227077-08:00,read,key_225,1.07,true,false,887
2025-11-27T17:16:03.228148-08:00,read,key_972,1.47,true,false,275
2025-11-27T17:16:02.927164-08:00,write,key_541,302.46,true,false,908
2025-11-27T17:16:02.92493-08:00,write,key_145,304.72,true,false,909
2025-11-27T17:16:02.927458-08:00,write,key_795,302.26,true,false,907
2025-11-27T17:16:03.229712-08:00,read,key_896,3.03,true,false,838
2025-11-27T17:16:03.229648-08:00,read,key_226,3.12,true,false,872
2025-11-27T17:16:03.22962-08:00,read,key_315,3.26,true,false,906
2025-11-27T17:16:03.232771-08:00,read,key_121,1.78,true,false,821
2025-11-27T17:16:03.02092-08:00,write,key_77,309.67,true,false,908
2025-11-27T17:16:03.021132-08:00,write,key_122,309.46,true,false,909
2025-11-27T17:16:03.024534-08:00,write,key_456,306.17,true,false,910
2025-11-27T17:16:03.025049-08:00,write,key_635,305.67,true,false,909
2025-11-27T17:16:03.330589-08:00,read,key_373,2.70,true,false,891
2025-11-27T17:16:03.330719-08:00,read,key_408,2.60,true,false,819
2025-11-27T17:16:03.330589-08:00,read,key_905,2.82,false,false,0
2025-11-27T17:16:03.333293-08:00,read,key_795,1.98,true,false,907
2025-11-27T17:16:03.333405-08:00,read,key_196,1.93,false,false,0
2025-11-27T17:16:03.12727-08:00,write,key_588,305.16,true,false,908
2025-11-27T17:16:03.125883-08:00,write,key_250,306.74,true,false,908
2025-11-27T17:16:03.432427-08:00,read,key_16,2.24,false,false,0
2025-11-27T17:16:03.434668-08:00,read,key_488,1.01,true,false,356
2025-11-27T17:16:03.234552-08:00,write,key_38,303.67,true,false,911
2025-11-27T17:16:03.23274-08:00,write,key_610,305.53,true,false,911
2025-11-27T17:16:03.232881-08:00,write,key_461,305.40,true,false,910
2025-11-27T17:16:03.22962-08:00,write,key_953,308.71,true,false,910
2025-11-27T17:16:03.538222-08:00,read,key_804,3.83,true,false,588
2025-11-27T17:16:03.538328-08:00,read,key_917,3.73,true,false,777
2025-11-27T17:16:03.538275-08:00,read,key_374,3.80,true,false,797
2025-11-27T17:16:03.542054-08:00,read,key_160,1.69,true,false,614
2025-11-27T17:16:03.542075-08:00,read,key_748,1.67,true,false,560
2025-11-27T17:16:03.54206-08:00,read,key_653,2.77,true,false,895
2025-11-27T17:16:03.543749-08:00,read,key_498,1.08,true,false,517
2025-11-27T17:16:03.330699-08:00,write,key_787,311.61,true,false,911
2025-11-27T17:16:03.33527-08:00,write,key_206,307.20,true,false,912
2025-11-27T17:16:03.33534-08:00,write,key_217,307.20,true,false,912
2025-11-27T17:16:03.333322-08:00,write,key_618,309.22,true,false,912
2025-11-27T17:16:03.642467-08:00,read,key_321,2.59,true,false,504
2025-11-27T17:16:03.642539-08:00,read,key_967,2.52,true,false,896
2025-11-27T17:16:03.642534-08:00,read,key_255,3.80,true,false,882
2025-11-27T17:16:03.432619-08:00,write,key_403,310.08,true,false,911
2025-11-27T17:16:03.435675-08:00,write,key_434,307.07,true,false,913
2025-11-27T17:16:03.543748-08:00,write,key_944,308.12,true,false,914
2025-11-27T17:16:03.544828-08:00,write,key_317,307.08,true,false,914
2025-11-27T17:16:03.538271-08:00,write,key_776,313.66,true,false,913
2025-11-27T17:16:03.54484-08:00,write,key_933,307.10,true,false,914
2025-11-27T17:16:03.642305-08:00,write,key_566,314.00,true,false,915
2025-11-27T17:16:03.645062-08:00,write,key_777,311.26,true,false,916
2025-11-27T17:16:03.645058-08:00,write,key_143,311.26,true,false,915
2025-11-27T17:16:03.64634-08:00,write,key_159,310.02,true,false,913
