timestamp,type,key,latency_ms,success,is_stale,version
2025-11-27T16:43:10.366221-08:00,read,key_609,4.40,true,false,7047
2025-11-27T16:43:10.344283-08:00,write,key_608,312.14,true,false,7075
2025-11-27T16:43:10.355139-08:00,write,key_600,307.76,true,false,7075
2025-11-27T16:43:10.376562-08:00,write,key_602,312.96,true,false,7075
2025-11-27T16:43:10.387619-08:00,write,key_802,307.68,true,false,7076
2025-11-27T16:43:10.398682-08:00,write,key_808,307.86,true,false,7077
2025-11-27T16:43:10.409744-08:00,write,key_800,305.65,true,false,7076
2025-11-27T16:43:10.42079-08:00,write,key_808,308.37,true,false,7077
2025-11-27T16:43:10.431853-08:00,write,key_785,306.54,true,false,7075
2025-11-27T16:43:10.442916-08:00,write,key_806,307.17,true,false,7076
2025-11-27T16:43:10.453967-08:00,write,key_785,307.29,true,false,7076
2025-11-27T16:43:10.656431-08:00,write,key_783,306.52,true,false,7078
2025-11-27T16:43:10.662919-08:00,write,key_412,302.38,true,false,7078
2025-11-27T16:43:10.689527-08:00,write,key_589,311.50,true,false,7077
2025-11-27T16:43:10.695333-08:00,write,key_602,306.73,true,false,7077
2025-11-27T16:43:11.001033-08:00,read,key_437,2.61,true,false,6802
2025-11-27T16:43:10.706543-08:00,write,key_605,306.95,true,false,7079
2025-11-27T16:43:10.715392-08:00,write,key_430,305.16,true,false,7079
2025-11-27T16:43:10.729166-08:00,write,key_415,307.80,true,false,7078
2025-11-27T16:43:10.738394-08:00,write,key_433,311.01,true,false,7080
2025-11-27T16:43:11.0494-08:00,read,key_601,1.08,true,false,7057
2025-11-27T16:43:10.750119-08:00,write,key_585,305.90,true,false,7079
2025-11-27T16:43:10.761262-08:00,write,key_416,306.86,true,false,7081
2025-11-27T16:43:11.068123-08:00,read,key_414,0.88,true,false,7038
2025-11-27T16:43:10.962955-08:00,write,key_411,309.88,true,false,7080
2025-11-27T16:43:10.965296-08:00,write,key_808,307.56,true,false,7079
2025-11-27T16:43:11.272862-08:00,read,key_785,1.25,true,false,7076
2025-11-27T16:43:11.274109-08:00,read,key_589,0.86,true,false,7077
2025-11-27T16:43:11.274969-08:00,read,key_615,0.62,true,false,7058
2025-11-27T16:43:11.003639-08:00,write,key_602,309.67,true,false,7081
2025-11-27T16:43:11.002069-08:00,write,key_587,311.27,true,false,7080
2025-11-27T16:43:11.013496-08:00,write,key_786,308.43,true,false,7082
2025-11-27T16:43:11.020555-08:00,write,key_585,305.90,true,false,7081
2025-11-27T16:43:11.036977-08:00,write,key_880,304.58,true,false,7082
2025-11-27T16:43:11.050484-08:00,write,key_415,309.08,true,false,7083
2025-11-27T16:43:11.05602-08:00,write,key_430,304.80,true,false,7081
2025-11-27T16:43:11.069005-08:00,write,key_803,305.98,true,false,7082
2025-11-27T16:43:11.272836-08:00,write,key_780,304.23,true,false,7083
2025-11-27T16:43:11.275592-08:00,write,key_6,305.48,true,false,7082
2025-11-27T16:43:11.31335-08:00,write,key_809,305.82,true,false,7083
2025-11-27T16:43:11.313312-08:00,write,key_613,306.21,true,false,7084
2025-11-27T16:43:11.321931-08:00,write,key_588,305.60,true,false,7084
2025-11-27T16:43:11.326455-08:00,write,key_887,302.74,true,false,7085
2025-11-27T16:43:11.341559-08:00,write,key_580,306.19,true,false,7084
2025-11-27T16:43:11.359566-08:00,write,key_7,306.31,true,false,7086
2025-11-27T16:43:11.360822-08:00,write,key_782,306.18,true,false,7084
2025-11-27T16:43:11.667003-08:00,read,key_411,3.92,true,false,7080
2025-11-27T16:43:11.374987-08:00,write,key_9,305.58,true,false,7084
2025-11-27T16:43:11.581074-08:00,write,key_412,305.48,true,false,7085
2025-11-27T16:43:11.577071-08:00,write,key_613,309.49,true,false,7087
2025-11-27T16:43:11.619176-08:00,write,key_414,310.29,true,false,7087
2025-11-27T16:43:11.619525-08:00,write,key_410,309.97,true,false,7085
2025-11-27T16:43:11.627537-08:00,write,key_887,304.54,true,false,7088
2025-11-27T16:43:11.629225-08:00,write,key_609,307.45,true,false,7088
2025-11-27T16:43:11.647758-08:00,write,key_808,310.45,true,false,7089
2025-11-27T16:43:11.665882-08:00,write,key_610,306.68,true,false,7090
2025-11-27T16:43:11.670923-08:00,write,key_585,305.09,true,false,7091
2025-11-27T16:43:11.976021-08:00,read,key_803,4.06,true,false,7082
2025-11-27T16:43:11.68057-08:00,write,key_607,307.00,true,false,7092
2025-11-27T16:43:11.886563-08:00,write,key_316,305.12,true,false,7093
2025-11-27T16:43:11.88656-08:00,write,key_612,305.14,true,false,7088
2025-11-27T16:43:11.929493-08:00,write,key_318,311.32,true,false,7095
2025-11-27T16:43:11.929474-08:00,write,key_802,311.37,true,false,7094
2025-11-27T16:43:11.932078-08:00,write,key_21,308.80,true,false,7089
2025-11-27T16:43:11.936674-08:00,write,key_787,304.27,true,false,7089
2025-11-27T16:43:11.958208-08:00,write,key_332,312.72,true,false,7090
2025-11-27T16:43:12.270928-08:00,read,key_787,4.40,true,false,7089
2025-11-27T16:43:11.972569-08:00,write,key_428,305.99,true,false,7091
2025-11-27T16:43:11.980087-08:00,write,key_886,305.05,true,false,7092
2025-11-27T16:43:11.987578-08:00,write,key_2,304.87,true,false,7093
2025-11-27T16:43:12.191701-08:00,write,key_414,305.64,true,false,7094
2025-11-27T16:43:12.191689-08:00,write,key_588,305.70,true,false,7096
2025-11-27T16:43:12.240847-08:00,write,key_426,306.13,true,false,7096
2025-11-27T16:43:12.240883-08:00,write,key_613,306.24,true,false,7096
2025-11-27T16:43:12.240947-08:00,write,key_609,306.19,true,false,7097
2025-11-27T16:43:12.240813-08:00,write,key_412,309.81,true,false,7097
2025-11-27T16:43:12.278557-08:00,write,key_28,305.48,true,false,7098
2025-11-27T16:43:12.275329-08:00,write,key_419,308.71,true,false,7099
2025-11-27T16:43:12.285136-08:00,write,key_652,303.99,true,false,7096
2025-11-27T16:43:12.292446-08:00,write,key_601,309.43,true,false,7100
2025-11-27T16:43:12.497389-08:00,write,key_580,309.73,true,false,7101
2025-11-27T16:43:12.497348-08:00,write,key_604,310.00,true,false,7102
2025-11-27T16:43:12.550629-08:00,write,key_584,304.74,true,false,7099
2025-11-27T16:43:12.547126-08:00,write,key_316,308.26,true,false,7098
2025-11-27T16:43:12.547139-08:00,write,key_801,308.90,true,false,7098
2025-11-27T16:43:12.54698-08:00,write,key_198,309.10,true,false,7099
2025-11-27T16:43:12.584036-08:00,write,key_316,307.30,true,false,7103
2025-11-27T16:43:12.584035-08:00,write,key_884,309.99,true,false,7100
2025-11-27T16:43:12.589129-08:00,write,key_585,306.65,true,false,7101
2025-11-27T16:43:12.601871-08:00,write,key_255,308.77,true,false,7104
2025-11-27T16:43:12.807127-08:00,write,key_587,307.02,true,false,7105
2025-11-27T16:43:12.807348-08:00,write,key_428,310.02,true,false,7103
2025-11-27T16:43:12.856041-08:00,write,key_376,309.34,true,false,7104
2025-11-27T16:43:12.855387-08:00,write,key_637,310.03,true,false,7105
2025-11-27T16:43:12.856094-08:00,write,key_6,310.13,true,false,7107
2025-11-27T16:43:12.855369-08:00,write,key_607,311.44,true,false,7106
2025-11-27T16:43:12.891337-08:00,write,key_311,312.08,true,false,7104
2025-11-27T16:43:12.89578-08:00,write,key_338,307.64,true,false,7105
2025-11-27T16:43:12.89403-08:00,write,key_410,309.63,true,false,7104
2025-11-27T16:43:12.91064-08:00,write,key_331,305.67,true,false,7105
2025-11-27T16:43:13.114152-08:00,write,key_435,310.27,true,false,7106
2025-11-27T16:43:13.117369-08:00,write,key_26,307.06,true,false,7108
2025-11-27T16:43:13.166815-08:00,write,key_775,309.85,true,false,7109
2025-11-27T16:43:13.165385-08:00,write,key_119,312.65,true,false,7108
2025-11-27T16:43:13.166228-08:00,write,key_194,312.18,true,false,7109
2025-11-27T16:43:13.165423-08:00,write,key_376,313.21,true,false,7108
2025-11-27T16:43:13.203425-08:00,write,key_425,317.10,true,false,7109
2025-11-27T16:43:13.203425-08:00,write,key_468,317.15,true,false,7110
2025-11-27T16:43:13.203661-08:00,write,key_194,316.93,true,false,7108
2025-11-27T16:43:13.216316-08:00,write,key_808,307.07,true,false,7108
2025-11-27T16:43:13.424431-08:00,write,key_865,306.00,true,false,7111
2025-11-27T16:43:13.424443-08:00,write,key_313,306.00,true,false,7109
2025-11-27T16:43:13.730438-08:00,read,key_147,0.99,true,false,6877
2025-11-27T16:43:13.477873-08:00,write,key_531,310.99,true,false,7110
2025-11-27T16:43:13.478632-08:00,write,key_779,310.23,true,false,7110
2025-11-27T16:43:13.478413-08:00,write,key_658,310.46,true,false,7112
2025-11-27T16:43:13.47804-08:00,write,key_428,310.83,true,false,7111
2025-11-27T16:43:13.788864-08:00,read,key_616,1.68,true,false,7026
2025-11-27T16:43:13.788873-08:00,read,key_537,1.70,true,false,6965
2025-11-27T16:43:13.790545-08:00,read,key_414,3.30,true,false,7094
2025-11-27T16:43:13.520575-08:00,write,key_434,308.77,true,false,7111
2025-11-27T16:43:13.520593-08:00,write,key_115,308.77,true,false,7112
2025-11-27T16:43:13.523388-08:00,write,key_262,308.22,true,false,7112
2025-11-27T16:43:13.520532-08:00,write,key_194,311.12,true,false,7111
2025-11-27T16:43:13.730446-08:00,write,key_255,309.62,true,false,7113
2025-11-27T16:43:13.731428-08:00,write,key_632,308.64,true,false,7112
2025-11-27T16:43:13.793851-08:00,write,key_536,308.31,true,false,7115
2025-11-27T16:43:13.788871-08:00,write,key_867,314.61,true,false,7113
2025-11-27T16:43:13.790577-08:00,write,key_438,313.06,true,false,7113
2025-11-27T16:43:13.788864-08:00,write,key_250,315.01,true,false,7114
2025-11-27T16:43:14.103635-08:00,read,key_770,2.86,true,false,5504
2025-11-27T16:43:14.106495-08:00,read,key_412,1.35,true,false,7097
2025-11-27T16:43:13.829366-08:00,write,key_881,310.35,true,false,7114
2025-11-27T16:43:13.831608-08:00,write,key_411,308.99,true,false,7116
2025-11-27T16:43:13.83165-08:00,write,key_774,308.95,true,false,7114
2025-11-27T16:43:13.829349-08:00,write,key_862,311.26,true,false,7115
2025-11-27T16:43:14.140597-08:00,read,key_144,1.37,true,false,5204
2025-11-27T16:43:14.141971-08:00,read,key_333,0.95,true,false,7055
2025-11-27T16:43:14.040071-08:00,write,key_637,306.39,true,false,7114
2025-11-27T16:43:14.040077-08:00,write,key_774,306.44,true,false,7115
2025-11-27T16:43:14.103875-08:00,write,key_759,311.19,true,false,7117
2025-11-27T16:43:14.103487-08:00,write,key_256,311.58,true,false,7116
2025-11-27T16:43:14.102196-08:00,write,key_315,313.48,true,false,7116
2025-11-27T16:43:14.107847-08:00,write,key_931,308.14,true,false,7117
2025-11-27T16:43:14.1406-08:00,write,key_927,306.66,true,false,7117
2025-11-27T16:43:14.140605-08:00,write,key_772,308.73,true,false,7117
2025-11-27T16:43:14.142923-08:00,write,key_468,306.73,true,false,7118
2025-11-27T16:43:14.139716-08:00,write,key_315,310.55,true,false,7117
2025-11-27T16:43:14.450271-08:00,read,key_416,2.47,true,false,7081
2025-11-27T16:43:14.346518-08:00,write,key_779,306.35,true,false,7119
2025-11-27T16:43:14.346475-08:00,write,key_826,306.40,true,false,7119
2025-11-27T16:43:14.415068-08:00,write,key_756,311.70,true,false,7120
2025-11-27T16:43:14.415066-08:00,write,key_21,311.72,true,false,7118
2025-11-27T16:43:14.415988-08:00,write,key_825,310.80,true,false,7118
2025-11-27T16:43:14.415681-08:00,write,key_588,311.21,true,false,7121
2025-11-27T16:43:14.44934-08:00,write,key_379,305.49,true,false,7119
2025-11-27T16:43:14.44965-08:00,write,key_58,305.20,true,false,7120
2025-11-27T16:43:14.447265-08:00,write,key_115,307.93,true,false,7122
2025-11-27T16:43:14.452742-08:00,write,key_110,305.87,true,false,7123
2025-11-27T16:43:14.652869-08:00,write,key_535,304.26,true,false,7124
2025-11-27T16:43:14.652878-08:00,write,key_807,304.27,true,false,7120
2025-11-27T16:43:14.726774-08:00,write,key_631,306.93,true,false,7122
2025-11-27T16:43:14.726793-08:00,write,key_775,306.93,true,false,7127
2025-11-27T16:43:14.726893-08:00,write,key_26,306.86,true,false,7126
2025-11-27T16:43:14.726788-08:00,write,key_110,306.98,true,false,7125
2025-11-27T16:43:15.033708-08:00,read,key_410,0.83,true,false,7104
2025-11-27T16:43:15.034538-08:00,read,key_467,0.59,true,false,7033
2025-11-27T16:43:14.754846-08:00,write,key_636,305.48,true,false,7124
2025-11-27T16:43:14.754835-08:00,write,key_209,305.52,true,false,7128
2025-11-27T16:43:14.755196-08:00,write,key_462,305.19,true,false,7125
2025-11-27T16:43:14.758611-08:00,write,key_105,305.53,true,false,7126
2025-11-27T16:43:14.957151-08:00,write,key_318,308.68,true,false,7129
2025-11-27T16:43:14.957131-08:00,write,key_655,308.74,true,false,7125
2025-11-27T16:43:15.035127-08:00,write,key_788,312.69,true,false,7131
2025-11-27T16:43:15.03377-08:00,write,key_802,315.13,true,false,7129
2025-11-27T16:43:15.033757-08:00,write,key_260,315.27,true,false,7130
2025-11-27T16:43:15.033725-08:00,write,key_639,315.99,true,false,7128
2025-11-27T16:43:15.347819-08:00,read,key_788,3.87,true,false,7131
2025-11-27T16:43:15.060327-08:00,write,key_332,306.83,true,false,7132
2025-11-27T16:43:15.060391-08:00,write,key_118,306.78,true,false,7130
2025-11-27T16:43:15.060356-08:00,write,key_979,306.82,true,false,7129
2025-11-27T16:43:15.064173-08:00,write,key_586,305.93,true,false,7133
2025-11-27T16:43:15.265835-08:00,write,key_774,317.24,true,false,7130
2025-11-27T16:43:15.265871-08:00,write,key_257,317.22,true,false,7134
2025-11-27T16:43:15.351692-08:00,write,key_910,306.66,true,false,7133
2025-11-27T16:43:15.348901-08:00,write,key_919,309.48,true,false,7132
2025-11-27T16:43:15.349025-08:00,write,key_51,309.40,true,false,7134
2025-11-27T16:43:15.349719-08:00,write,key_800,308.71,true,false,7132
2025-11-27T16:43:15.367156-08:00,write,key_183,319.50,true,false,7135
2025-11-27T16:43:15.367173-08:00,write,key_919,319.49,true,false,7133
2025-11-27T16:43:15.36717-08:00,write,key_140,319.54,true,false,7134
2025-11-27T16:43:15.370105-08:00,write,key_960,316.65,true,false,7134
2025-11-27T16:43:15.583075-08:00,write,key_222,308.12,true,false,7136
2025-11-27T16:43:15.583092-08:00,write,key_410,308.12,true,false,7135
2025-11-27T16:43:15.658434-08:00,write,key_190,312.49,true,false,7135
2025-11-27T16:43:15.658353-08:00,write,key_227,312.61,true,false,7136
2025-11-27T16:43:15.658379-08:00,write,key_193,312.65,true,false,7137
2025-11-27T16:43:15.658429-08:00,write,key_392,312.70,true,false,7138
2025-11-27T16:43:15.686657-08:00,write,key_22,305.93,true,false,7136
2025-11-27T16:43:15.686757-08:00,write,key_637,310.03,true,false,7137
2025-11-27T16:43:15.686662-08:00,write,key_336,311.03,true,false,7136
2025-11-27T16:43:15.686714-08:00,write,key_437,311.00,true,false,7139
2025-11-27T16:43:15.891201-08:00,write,key_263,311.03,true,false,7138
2025-11-27T16:43:15.891215-08:00,write,key_917,311.02,true,false,7139
2025-11-27T16:43:15.970963-08:00,write,key_340,309.50,true,false,7140
2025-11-27T16:43:15.971125-08:00,write,key_934,312.64,true,false,7142
2025-11-27T16:43:15.971028-08:00,write,key_109,312.75,true,false,7140
2025-11-27T16:43:15.970937-08:00,write,key_413,312.86,true,false,7141
2025-11-27T16:43:15.992592-08:00,write,key_7,304.97,true,false,7140
2025-11-27T16:43:15.996792-08:00,write,key_196,306.55,true,false,7141
2025-11-27T16:43:15.997691-08:00,write,key_402,305.67,true,false,7140
2025-11-27T16:43:15.997718-08:00,write,key_422,305.87,true,false,7142
2025-11-27T16:43:16.303364-08:00,read,key_783,1.18,true,false,7078
2025-11-27T16:43:16.202231-08:00,write,key_971,304.84,true,false,7143
2025-11-27T16:43:16.202239-08:00,write,key_250,305.58,true,false,7141
2025-11-27T16:43:16.283764-08:00,write,key_258,311.77,true,false,7143
2025-11-27T16:43:16.280467-08:00,write,key_10,315.32,true,false,7143
2025-11-27T16:43:16.283777-08:00,write,key_765,312.05,true,false,7144
2025-11-27T16:43:16.283802-08:00,write,key_394,312.10,true,false,7144
2025-11-27T16:43:16.297567-08:00,write,key_259,304.58,true,false,7144
2025-11-27T16:43:16.303345-08:00,write,key_917,304.09,true,false,7143
2025-11-27T16:43:16.304544-08:00,write,key_534,305.54,true,false,7143
2025-11-27T16:43:16.30359-08:00,write,key_819,308.19,true,false,7145
2025-11-27T16:43:16.507077-08:00,write,key_936,305.20,true,false,7146
2025-11-27T16:43:16.50782-08:00,write,key_254,304.47,true,false,7144
2025-11-27T16:43:16.812289-08:00,read,key_228,4.14,true,false,6921
2025-11-27T16:43:16.595789-08:00,write,key_917,314.68,true,false,7145
2025-11-27T16:43:16.602148-08:00,write,key_255,308.38,true,false,7146
2025-11-27T16:43:16.595907-08:00,write,key_650,314.86,true,false,7145
2025-11-27T16:43:16.595549-08:00,write,key_190,317.17,true,false,7147
2025-11-27T16:43:16.607449-08:00,write,key_788,305.84,true,false,7145
2025-11-27T16:43:16.595825-08:00,write,key_936,317.78,true,false,7148
2025-11-27T16:43:16.61178-08:00,write,key_411,304.99,true,false,7147
2025-11-27T16:43:16.610089-08:00,write,key_769,307.73,true,false,7146
2025-11-27T16:43:16.812279-08:00,write,key_533,311.98,true,false,7149
2025-11-27T16:43:16.816427-08:00,write,key_614,308.56,true,false,7147
2025-11-27T16:43:16.91361-08:00,write,key_962,313.86,true,false,7149
2025-11-27T16:43:16.917817-08:00,write,key_724,309.65,true,false,7150
2025-11-27T16:43:16.910533-08:00,write,key_752,317.19,true,false,7149
2025-11-27T16:43:16.910478-08:00,write,key_318,317.68,true,false,7150
2025-11-27T16:43:16.912725-08:00,write,key_419,315.76,true,false,7150
2025-11-27T16:43:16.916777-08:00,write,key_413,311.79,true,false,7151
2025-11-27T16:43:16.910765-08:00,write,key_780,318.14,true,false,7151
2025-11-27T16:43:16.913292-08:00,write,key_639,315.64,true,false,7151
2025-11-27T16:43:17.227471-08:00,read,key_919,5.52,true,false,7133
2025-11-27T16:43:17.124991-08:00,write,key_791,320.06,true,false,7150
2025-11-27T16:43:17.124277-08:00,write,key_402,322.62,true,false,7152
2025-11-27T16:43:17.228482-08:00,write,key_618,319.76,true,false,7153
2025-11-27T16:43:17.232993-08:00,write,key_437,315.26,true,false,7153
2025-11-27T16:43:17.228935-08:00,write,key_636,319.32,true,false,7155
2025-11-27T16:43:17.228161-08:00,write,key_142,320.33,true,false,7154
2025-11-27T16:43:17.227469-08:00,write,key_51,321.03,true,false,7152
2025-11-27T16:43:17.228563-08:00,write,key_778,320.51,true,false,7154
2025-11-27T16:43:17.228907-08:00,write,key_115,320.79,true,false,7155
2025-11-27T16:43:17.227734-08:00,write,key_222,323.52,true,false,7153
2025-11-27T16:43:17.445052-08:00,write,key_637,307.86,true,false,7156
2025-11-27T16:43:17.446901-08:00,write,key_588,306.49,true,false,7157
2025-11-27T16:43:17.752916-08:00,read,key_333,6.01,true,false,7055
2025-11-27T16:43:17.548252-08:00,write,key_316,306.65,true,false,7158
2025-11-27T16:43:17.548496-08:00,write,key_113,306.42,true,false,7157
2025-11-27T16:43:17.5485-08:00,write,key_391,306.49,true,false,7156
2025-11-27T16:43:17.548251-08:00,write,key_266,306.81,true,false,7157
2025-11-27T16:43:17.549076-08:00,write,key_785,308.28,true,false,7156
2025-11-27T16:43:17.548243-08:00,write,key_580,309.15,true,false,7158
2025-11-27T16:43:17.551252-08:00,write,key_112,314.61,true,false,7157
2025-11-27T16:43:17.549699-08:00,write,key_915,316.23,true,false,7159
2025-11-27T16:43:17.753396-08:00,write,key_932,314.26,true,false,7158
2025-11-27T16:43:17.758925-08:00,write,key_503,308.74,true,false,7159
2025-11-27T16:43:18.067663-08:00,read,key_205,1.60,true,false,6989
2025-11-27T16:43:17.854994-08:00,write,key_184,312.15,true,false,7160
2025-11-27T16:43:17.857359-08:00,write,key_934,309.80,true,false,7161
2025-11-27T16:43:17.857398-08:00,write,key_251,309.79,true,false,7160
2025-11-27T16:43:17.865928-08:00,write,key_971,303.97,true,false,7161
2025-11-27T16:43:17.854912-08:00,write,key_938,315.08,true,false,7161
2025-11-27T16:43:17.854903-08:00,write,key_143,315.15,true,false,7160
2025-11-27T16:43:17.865865-08:00,write,key_868,304.61,true,false,7161
2025-11-27T16:43:17.85506-08:00,write,key_727,315.48,true,false,7160
2025-11-27T16:43:18.069262-08:00,write,key_825,306.49,true,false,7162
2025-11-27T16:43:18.067658-08:00,write,key_361,308.14,true,false,7162
2025-11-27T16:43:18.375802-08:00,read,key_818,3.43,true,false,6832
2025-11-27T16:43:18.170542-08:00,write,key_787,307.47,true,false,7162
2025-11-27T16:43:18.167159-08:00,write,key_506,311.16,true,false,7163
2025-11-27T16:43:18.170476-08:00,write,key_160,308.16,true,false,7165
2025-11-27T16:43:18.167148-08:00,write,key_960,312.61,true,false,7162
2025-11-27T16:43:18.170056-08:00,write,key_202,311.81,true,false,7163
2025-11-27T16:43:18.169904-08:00,write,key_425,312.42,true,false,7164
2025-11-27T16:43:18.16999-08:00,write,key_278,312.35,true,false,7162
2025-11-27T16:43:18.167188-08:00,write,key_585,315.23,true,false,7163
2025-11-27T16:43:18.375759-08:00,write,key_113,311.70,true,false,7163
2025-11-27T16:43:18.379235-08:00,write,key_568,308.28,true,false,7166
2025-11-27T16:43:18.478638-08:00,write,key_639,315.99,true,false,7167
2025-11-27T16:43:18.482419-08:00,write,key_252,312.22,true,false,7168
2025-11-27T16:43:18.482326-08:00,write,key_269,312.35,true,false,7166
2025-11-27T16:43:18.47802-08:00,write,key_567,316.68,true,false,7167
2025-11-27T16:43:18.47832-08:00,write,key_52,316.55,true,false,7168
2025-11-27T16:43:18.479757-08:00,write,key_545,315.14,true,false,7166
2025-11-27T16:43:18.481869-08:00,write,key_402,314.45,true,false,7167
2025-11-27T16:43:18.482346-08:00,write,key_189,318.32,true,false,7168
2025-11-27T16:43:18.68746-08:00,write,key_141,314.82,true,false,7167
2025-11-27T16:43:18.687511-08:00,write,key_224,314.80,true,false,7169
2025-11-27T16:43:19.002308-08:00,read,key_312,5.07,true,false,6843
2025-11-27T16:43:18.794868-08:00,write,key_373,309.87,true,false,7169
2025-11-27T16:43:18.796325-08:00,write,key_756,308.42,true,false,7170
2025-11-27T16:43:18.794682-08:00,write,key_807,310.20,true,false,7171
2025-11-27T16:43:18.794633-08:00,write,key_0,310.33,true,false,7170
2025-11-27T16:43:18.794642-08:00,write,key_938,310.33,true,false,7169
2025-11-27T16:43:18.7947-08:00,write,key_932,310.42,true,false,7169
2025-11-27T16:43:18.80067-08:00,write,key_932,308.62,true,false,7170
2025-11-27T16:43:18.794894-08:00,write,key_928,321.29,true,false,7172
2025-11-27T16:43:19.00738-08:00,write,key_413,307.62,true,false,7171
2025-11-27T16:43:19.002285-08:00,write,key_613,312.74,true,false,7170
2025-11-27T16:43:19.104742-08:00,write,key_396,313.20,true,false,7173
2025-11-27T16:43:19.10488-08:00,write,key_589,313.08,true,false,7173
2025-11-27T16:43:19.104968-08:00,write,key_992,313.00,true,false,7174
2025-11-27T16:43:19.105122-08:00,write,key_706,312.89,true,false,7174
2025-11-27T16:43:19.116183-08:00,write,key_319,304.97,true,false,7174
2025-11-27T16:43:19.109297-08:00,write,key_569,311.90,true,false,7173
2025-11-27T16:43:19.104742-08:00,write,key_445,318.66,true,false,7173
2025-11-27T16:43:19.10497-08:00,write,key_737,318.43,true,false,7175
2025-11-27T16:43:19.315028-08:00,write,key_225,313.23,true,false,7175
2025-11-27T16:43:19.315006-08:00,write,key_114,313.28,true,false,7174
2025-11-27T16:43:19.418016-08:00,write,key_754,316.08,true,false,7177
2025-11-27T16:43:19.423568-08:00,write,key_411,310.54,true,false,7176
2025-11-27T16:43:19.417944-08:00,write,key_324,316.30,true,false,7176
2025-11-27T16:43:19.417971-08:00,write,key_535,316.54,true,false,7177
2025-11-27T16:43:19.421198-08:00,write,key_26,313.48,true,false,7177
2025-11-27T16:43:19.421151-08:00,write,key_820,314.05,true,false,7178
2025-11-27T16:43:19.417964-08:00,write,key_444,317.35,true,false,7176
2025-11-27T16:43:19.423401-08:00,write,key_374,312.42,true,false,7176
2025-11-27T16:43:19.628263-08:00,write,key_785,307.72,true,false,7177
2025-11-27T16:43:19.628292-08:00,write,key_961,307.72,true,false,7178
2025-11-27T16:43:19.734676-08:00,write,key_379,310.24,true,false,7179
2025-11-27T16:43:19.734246-08:00,write,key_446,310.96,true,false,7179
2025-11-27T16:43:19.734511-08:00,write,key_933,311.45,true,false,7179
2025-11-27T16:43:19.735821-08:00,write,key_24,310.19,true,false,7180
2025-11-27T16:43:19.73411-08:00,write,key_880,312.06,true,false,7181
2025-11-27T16:43:19.735201-08:00,write,key_812,310.99,true,false,7180
2025-11-27T16:43:19.734102-08:00,write,key_263,312.32,true,false,7179
2025-11-27T16:43:19.735313-08:00,write,key_101,316.03,true,false,7181
2025-11-27T16:43:20.046173-08:00,read,key_21,5.18,true,false,7118
2025-11-27T16:43:19.935991-08:00,write,key_465,308.78,true,false,7182
2025-11-27T16:43:19.936016-08:00,write,key_922,308.90,true,false,7182
2025-11-27T16:43:20.044916-08:00,write,key_546,309.10,true,false,7183
2025-11-27T16:43:20.046427-08:00,write,key_418,307.60,true,false,7183
2025-11-27T16:43:20.046015-08:00,write,key_724,308.06,true,false,7184
2025-11-27T16:43:20.045964-08:00,write,key_541,308.20,true,false,7182
2025-11-27T16:43:20.045208-08:00,write,key_224,308.97,true,false,7183
2025-11-27T16:43:20.354032-08:00,read,key_553,3.28,true,false,6929
2025-11-27T16:43:20.354022-08:00,read,key_783,3.35,true,false,7078
2025-11-27T16:43:20.051349-08:00,write,key_374,307.90,true,false,7185
2025-11-27T16:43:20.051344-08:00,write,key_427,309.34,true,false,7185
2025-11-27T16:43:20.046192-08:00,write,key_162,314.71,true,false,7184
2025-11-27T16:43:20.244964-08:00,write,key_554,309.38,true,false,7184
2025-11-27T16:43:20.244775-08:00,write,key_169,309.62,true,false,7186
2025-11-27T16:43:20.354183-08:00,write,key_143,309.70,true,false,7185
2025-11-27T16:43:20.35417-08:00,write,key_254,310.30,true,false,7187
2025-11-27T16:43:20.354076-08:00,write,key_119,311.30,true,false,7186
2025-11-27T16:43:20.360688-08:00,write,key_192,307.71,true,false,7187
2025-11-27T16:43:20.357378-08:00,write,key_191,311.06,true,false,7188
2025-11-27T16:43:20.360903-08:00,write,key_762,307.56,true,false,7187
2025-11-27T16:43:20.359249-08:00,write,key_413,309.23,true,false,7187
2025-11-27T16:43:20.357315-08:00,write,key_51,311.36,true,false,7186
2025-11-27T16:43:20.668461-08:00,read,key_363,1.62,true,false,6853
2025-11-27T16:43:20.554351-08:00,write,key_590,314.03,true,false,7188
2025-11-27T16:43:20.554398-08:00,write,key_117,313.99,true,false,7188
2025-11-27T16:43:20.868392-08:00,read,key_607,1.49,true,false,7106
2025-11-27T16:43:20.668441-08:00,write,key_465,306.89,true,false,7189
2025-11-27T16:43:20.663891-08:00,write,key_887,311.44,true,false,7190
2025-11-27T16:43:20.668399-08:00,write,key_304,306.96,true,false,7190
2025-11-27T16:43:20.668477-08:00,write,key_802,306.89,true,false,7190
2025-11-27T16:43:20.668676-08:00,write,key_19,306.72,true,false,7189
2025-11-27T16:43:20.665374-08:00,write,key_916,310.10,true,false,7189
2025-11-27T16:43:20.670081-08:00,write,key_790,307.32,true,false,7191
2025-11-27T16:43:20.664473-08:00,write,key_801,315.07,true,false,7189
2025-11-27T16:43:20.975401-08:00,read,key_916,6.80,true,false,7189
2025-11-27T16:43:20.869886-08:00,write,key_337,309.13,true,false,7192
2025-11-27T16:43:20.868383-08:00,write,key_931,310.66,true,false,7189
2025-11-27T16:43:20.975334-08:00,write,key_156,307.99,true,false,7192
2025-11-27T16:43:20.975371-08:00,write,key_18,307.96,true,false,7192
2025-11-27T16:43:20.977403-08:00,write,key_140,307.61,true,false,7194
2025-11-27T16:43:20.982203-08:00,write,key_380,305.04,true,false,7193
2025-11-27T16:43:20.975355-08:00,write,key_962,313.79,true,false,7193
2025-11-27T16:43:20.975334-08:00,write,key_987,314.00,true,false,7193
2025-11-27T16:43:20.979548-08:00,write,key_937,310.31,true,false,7196
2025-11-27T16:43:20.975471-08:00,write,key_160,314.53,true,false,7195
2025-11-27T16:43:21.179041-08:00,write,key_262,312.98,true,false,7194
2025-11-27T16:43:21.179025-08:00,write,key_1,313.03,true,false,7194
2025-11-27T16:43:21.283331-08:00,write,key_886,309.97,true,false,7197
2025-11-27T16:43:21.285011-08:00,write,key_190,308.31,true,false,7198
2025-11-27T16:43:21.283332-08:00,write,key_397,310.03,true,false,7197
2025-11-27T16:43:21.290004-08:00,write,key_844,306.18,true,false,7198
2025-11-27T16:43:21.289146-08:00,write,key_400,307.38,true,false,7198
2025-11-27T16:43:21.287248-08:00,write,key_442,309.32,true,false,7197
2025-11-27T16:43:21.289331-08:00,write,key_809,307.27,true,false,7197
2025-11-27T16:43:21.289861-08:00,write,key_744,311.15,true,false,7199
2025-11-27T16:43:21.492054-08:00,write,key_220,308.11,true,false,7198
2025-11-27T16:43:21.492031-08:00,write,key_846,311.11,true,false,7199
2025-11-27T16:43:21.596565-08:00,write,key_552,307.56,true,false,7200
2025-11-27T16:43:21.593317-08:00,write,key_934,310.85,true,false,7201
2025-11-27T16:43:21.593307-08:00,write,key_252,310.88,true,false,7200
2025-11-27T16:43:21.593361-08:00,write,key_882,310.90,true,false,7200
2025-11-27T16:43:21.596186-08:00,write,key_257,309.00,true,false,7201
2025-11-27T16:43:21.596604-08:00,write,key_805,312.63,true,false,7203
2025-11-27T16:43:21.601014-08:00,write,key_397,308.83,true,false,7200
2025-11-27T16:43:21.59653-08:00,write,key_271,313.95,true,false,7202
2025-11-27T16:43:21.800168-08:00,write,key_59,312.07,true,false,7201
2025-11-27T16:43:21.803147-08:00,write,key_265,309.96,true,false,7201
2025-11-27T16:43:21.90417-08:00,write,key_52,312.96,true,false,7203
2025-11-27T16:43:21.904124-08:00,write,key_312,313.04,true,false,7202
2025-11-27T16:43:21.904187-08:00,write,key_370,313.09,true,false,7204
2025-11-27T16:43:21.905189-08:00,write,key_68,312.45,true,false,7204
2025-11-27T16:43:21.90924-08:00,write,key_57,308.59,true,false,7205
2025-11-27T16:43:22.217835-08:00,read,key_531,1.86,true,false,7110
2025-11-27T16:43:21.910482-08:00,write,key_26,311.20,true,false,7206
2025-11-27T16:43:21.904257-08:00,write,key_767,318.58,true,false,7205
2025-11-27T16:43:21.909843-08:00,write,key_917,313.03,true,false,7206
2025-11-27T16:43:22.112243-08:00,write,key_370,310.98,true,false,7207
2025-11-27T16:43:22.11311-08:00,write,key_863,310.11,true,false,7208
2025-11-27T16:43:22.423224-08:00,read,key_417,0.68,true,false,6995
2025-11-27T16:43:22.217134-08:00,write,key_880,306.28,true,false,7207
2025-11-27T16:43:22.21717-08:00,write,key_63,306.51,true,false,7206
2025-11-27T16:43:22.217642-08:00,write,key_386,306.27,true,false,7206
2025-11-27T16:43:22.217281-08:00,write,key_792,306.69,true,false,7207
2025-11-27T16:43:22.52391-08:00,read,key_842,0.85,true,false,6762
2025-11-27T16:43:22.219696-08:00,write,key_932,305.31,true,false,7209
2025-11-27T16:43:22.221682-08:00,write,key_933,306.28,true,false,7209
2025-11-27T16:43:22.222836-08:00,write,key_683,305.15,true,false,7208
2025-11-27T16:43:22.222873-08:00,write,key_987,305.17,true,false,7210
2025-11-27T16:43:22.423905-08:00,write,key_914,306.18,true,false,7211
2025-11-27T16:43:22.423228-08:00,write,key_78,307.99,true,false,7210
2025-11-27T16:43:22.525006-08:00,write,key_926,309.72,true,false,7212
2025-11-27T16:43:22.524758-08:00,write,key_764,310.23,true,false,7212
2025-11-27T16:43:22.527984-08:00,write,key_253,307.05,true,false,7211
2025-11-27T16:43:22.523682-08:00,write,key_847,311.51,true,false,7211
2025-11-27T16:43:22.523419-08:00,write,key_960,312.80,true,false,7209
2025-11-27T16:43:22.523974-08:00,write,key_574,312.50,true,false,7210
2025-11-27T16:43:22.527964-08:00,write,key_176,312.93,true,false,7212
2025-11-27T16:43:22.528046-08:00,write,key_821,312.87,true,false,7211
2025-11-27T16:43:22.731219-08:00,write,key_290,315.78,true,false,7212
2025-11-27T16:43:22.730091-08:00,write,key_630,317.73,true,false,7213
2025-11-27T16:43:22.834987-08:00,write,key_888,310.15,true,false,7214
2025-11-27T16:43:22.834735-08:00,write,key_633,310.44,true,false,7215
2025-11-27T16:43:22.836218-08:00,write,key_1,312.42,true,false,7213
2025-11-27T16:43:22.83648-08:00,write,key_991,312.19,true,false,7214
2025-11-27T16:43:22.8409-08:00,write,key_222,309.35,true,false,7214
2025-11-27T16:43:22.835035-08:00,write,key_379,315.22,true,false,7213
2025-11-27T16:43:23.150249-08:00,read,key_947,2.64,true,false,6842
2025-11-27T16:43:22.835189-08:00,write,key_269,318.96,true,false,7216
2025-11-27T16:43:22.840921-08:00,write,key_544,313.24,true,false,7217
2025-11-27T16:43:23.152893-08:00,read,key_379,3.25,true,false,7213
2025-11-27T16:43:23.047824-08:00,write,key_845,311.46,true,false,7218
2025-11-27T16:43:23.047006-08:00,write,key_701,312.29,true,false,7215
2025-11-27T16:43:23.148639-08:00,write,key_597,305.28,true,false,7216
2025-11-27T16:43:23.145145-08:00,write,key_113,310.43,true,false,7216
2025-11-27T16:43:23.150251-08:00,write,key_6,307.94,true,false,7219
2025-11-27T16:43:23.145172-08:00,write,key_808,313.03,true,false,7217
2025-11-27T16:43:23.14867-08:00,write,key_592,310.58,true,false,7218
2025-11-27T16:43:23.15615-08:00,write,key_101,305.85,true,false,7220
2025-11-27T16:43:23.154148-08:00,write,key_423,309.52,true,false,7219
2025-11-27T16:43:23.154159-08:00,write,key_339,310.73,true,false,7218
2025-11-27T16:43:23.464892-08:00,read,key_704,1.31,true,false,6678
2025-11-27T16:43:23.359293-08:00,write,key_58,308.01,true,false,7220
2025-11-27T16:43:23.359302-08:00,write,key_385,308.01,true,false,7221
2025-11-27T16:43:23.458191-08:00,write,key_837,309.64,true,false,7221
2025-11-27T16:43:23.459248-08:00,write,key_320,308.60,true,false,7222
2025-11-27T16:43:23.458207-08:00,write,key_223,309.67,true,false,7220
2025-11-27T16:43:23.453921-08:00,write,key_548,313.98,true,false,7219
2025-11-27T16:43:23.455582-08:00,write,key_109,312.32,true,false,7221
2025-11-27T16:43:23.461998-08:00,write,key_21,308.14,true,false,7223
2025-11-27T16:43:23.463667-08:00,write,key_202,306.57,true,false,7222
2025-11-27T16:43:23.4662-08:00,write,key_373,306.52,true,false,7221
2025-11-27T16:43:23.770146-08:00,read,key_863,4.93,true,false,7208
2025-11-27T16:43:23.770235-08:00,read,key_413,5.97,true,false,7187
2025-11-27T16:43:23.667306-08:00,write,key_426,310.43,true,false,7222
2025-11-27T16:43:23.667313-08:00,write,key_210,316.69,true,false,7224
2025-11-27T16:43:23.767833-08:00,write,key_415,313.06,true,false,7225
2025-11-27T16:43:23.767852-08:00,write,key_887,315.00,true,false,7224
2025-11-27T16:43:23.767903-08:00,write,key_276,316.85,true,false,7224
2025-11-27T16:43:23.7679-08:00,write,key_395,316.86,true,false,7224
2025-11-27T16:43:23.775076-08:00,write,key_389,309.70,true,false,7225
2025-11-27T16:43:23.776203-08:00,write,key_561,308.64,true,false,7226
2025-11-27T16:43:23.767873-08:00,write,key_409,316.98,true,false,7226
2025-11-27T16:43:23.772721-08:00,write,key_85,312.17,true,false,7225
2025-11-27T16:43:24.084759-08:00,read,key_889,2.74,true,false,6731
2025-11-27T16:43:23.98401-08:00,write,key_331,307.84,true,false,7228
2025-11-27T16:43:23.977742-08:00,write,key_425,314.13,true,false,7227
2025-11-27T16:43:24.084765-08:00,write,key_469,304.58,true,false,7227
2025-11-27T16:43:24.084845-08:00,write,key_821,304.54,true,false,7228
2025-11-27T16:43:24.080896-08:00,write,key_62,308.50,true,false,7227
2025-11-27T16:43:24.084775-08:00,write,key_599,304.63,true,false,7227
2025-11-27T16:43:24.082851-08:00,write,key_261,306.61,true,false,7228
2025-11-27T16:43:24.084897-08:00,write,key_968,304.60,true,false,7227
2025-11-27T16:43:24.389459-08:00,read,key_158,0.69,true,false,6453
2025-11-27T16:43:24.084857-08:00,write,key_254,307.00,true,false,7229
2025-11-27T16:43:24.087497-08:00,write,key_297,304.40,true,false,7229
2025-11-27T16:43:24.291878-08:00,write,key_171,306.64,true,false,7229
2025-11-27T16:43:24.29185-08:00,write,key_413,307.40,true,false,7229
2025-11-27T16:43:24.391862-08:00,write,key_362,305.91,true,false,7232
2025-11-27T16:43:24.389343-08:00,write,key_56,308.72,true,false,7230
2025-11-27T16:43:24.389388-08:00,write,key_934,308.72,true,false,7230
2025-11-27T16:43:24.390154-08:00,write,key_258,308.78,true,false,7231
2025-11-27T16:43:24.3895-08:00,write,key_779,309.95,true,false,7230
2025-11-27T16:43:24.38941-08:00,write,key_388,310.14,true,false,7231
2025-11-27T16:43:24.389397-08:00,write,key_108,310.56,true,false,7230
2025-11-27T16:43:24.698069-08:00,read,key_146,5.64,true,false,4958
2025-11-27T16:43:24.391894-08:00,write,key_324,313.65,true,false,7231
2025-11-27T16:43:24.598528-08:00,write,key_881,308.63,true,false,7232
2025-11-27T16:43:24.599252-08:00,write,key_410,307.98,true,false,7233
2025-11-27T16:43:24.697773-08:00,write,key_935,307.51,true,false,7233
2025-11-27T16:43:24.69996-08:00,write,key_298,305.45,true,false,7234
2025-11-27T16:43:24.699546-08:00,write,key_144,305.95,true,false,7234
2025-11-27T16:43:24.698109-08:00,write,key_290,307.88,true,false,7235
2025-11-27T16:43:24.69894-08:00,write,key_939,307.60,true,false,7233
2025-11-27T16:43:24.703709-08:00,write,key_113,303.66,true,false,7235
2025-11-27T16:43:24.699453-08:00,write,key_468,308.18,true,false,7234
2025-11-27T16:43:24.705549-08:00,write,key_881,302.12,true,false,7233
2025-11-27T16:43:24.907238-08:00,write,key_801,309.54,true,false,7234
2025-11-27T16:43:24.907169-08:00,write,key_28,309.65,true,false,7236
2025-11-27T16:43:25.005989-08:00,write,key_260,312.42,true,false,7237
2025-11-27T16:43:25.007665-08:00,write,key_53,310.81,true,false,7239
2025-11-27T16:43:25.007629-08:00,write,key_842,310.87,true,false,7237
2025-11-27T16:43:25.006544-08:00,write,key_635,311.97,true,false,7236
2025-11-27T16:43:25.005412-08:00,write,key_960,313.11,true,false,7236
2025-11-27T16:43:25.005307-08:00,write,key_781,313.28,true,false,7238
2025-11-27T16:43:25.007377-08:00,write,key_378,311.25,true,false,7236
2025-11-27T16:43:25.005501-08:00,write,key_56,313.95,true,false,7237
2025-11-27T16:43:25.318528-08:00,read,key_238,5.68,true,false,6933
2025-11-27T16:43:25.216783-08:00,write,key_961,312.39,true,false,7239
2025-11-27T16:43:25.216816-08:00,write,key_420,312.39,true,false,7238
2025-11-27T16:43:25.324209-08:00,write,key_530,307.22,true,false,7240
2025-11-27T16:43:25.318429-08:00,write,key_375,313.52,true,false,7240
2025-11-27T16:43:25.318474-08:00,write,key_936,313.78,true,false,7240
2025-11-27T16:43:25.318591-08:00,write,key_21,313.73,true,false,7240
2025-11-27T16:43:25.318497-08:00,write,key_788,313.98,true,false,7242
2025-11-27T16:43:25.318511-08:00,write,key_814,313.99,true,false,7240
2025-11-27T16:43:25.319454-08:00,write,key_20,313.09,true,false,7241
2025-11-27T16:43:25.318624-08:00,write,key_59,314.75,true,false,7241
2025-11-27T16:43:25.6325-08:00,read,key_205,3.12,true,false,6989
2025-11-27T16:43:25.529208-08:00,write,key_110,310.77,true,false,7241
2025-11-27T16:43:25.52918-08:00,write,key_171,311.07,true,false,7241
2025-11-27T16:43:25.631953-08:00,write,key_981,310.00,true,false,7243
2025-11-27T16:43:25.633379-08:00,write,key_532,308.58,true,false,7243
2025-11-27T16:43:25.63226-08:00,write,key_262,309.73,true,false,7245
2025-11-27T16:43:25.632549-08:00,write,key_206,309.46,true,false,7243
2025-11-27T16:43:25.632481-08:00,write,key_746,309.55,true,false,7244
2025-11-27T16:43:25.632324-08:00,write,key_410,309.72,true,false,7244
2025-11-27T16:43:25.631434-08:00,write,key_113,313.48,true,false,7244
2025-11-27T16:43:25.941954-08:00,read,key_803,3.06,true,false,7082
2025-11-27T16:43:25.635624-08:00,write,key_861,310.52,true,false,7246
2025-11-27T16:43:25.839984-08:00,write,key_864,309.92,true,false,7245
2025-11-27T16:43:25.840253-08:00,write,key_411,309.67,true,false,7247
2025-11-27T16:43:25.941991-08:00,write,key_234,312.29,true,false,7246
2025-11-27T16:43:25.942006-08:00,write,key_114,313.05,true,false,7247
2025-11-27T16:43:25.945013-08:00,write,key_113,310.06,true,false,7247
2025-11-27T16:43:25.942028-08:00,write,key_636,315.45,true,false,7249
2025-11-27T16:43:25.942041-08:00,write,key_932,315.46,true,false,7247
2025-11-27T16:43:25.941963-08:00,write,key_262,315.56,true,false,7248
2025-11-27T16:43:25.944919-08:00,write,key_426,312.63,true,false,7248
2025-11-27T16:43:25.946142-08:00,write,key_291,313.25,true,false,7248
2025-11-27T16:43:26.257501-08:00,read,key_774,2.81,true,false,7130
2025-11-27T16:43:26.25748-08:00,read,key_377,4.70,true,false,6952
2025-11-27T16:43:26.260312-08:00,read,key_456,2.98,true,false,5334
2025-11-27T16:43:26.14991-08:00,write,key_27,309.06,true,false,7250
2025-11-27T16:43:26.149925-08:00,write,key_23,309.06,true,false,7250
2025-11-27T16:43:26.25428-08:00,write,key_267,308.39,true,false,7251
2025-11-27T16:43:26.255071-08:00,write,key_966,307.61,true,false,7250
2025-11-27T16:43:26.255057-08:00,write,key_881,307.63,true,false,7251
2025-11-27T16:43:26.259399-08:00,write,key_255,307.43,true,false,7252
2025-11-27T16:43:26.257545-08:00,write,key_996,309.30,true,false,7252
2025-11-27T16:43:26.262182-08:00,write,key_773,304.68,true,false,7251
2025-11-27T16:43:26.257521-08:00,write,key_889,309.36,true,false,7253
2025-11-27T16:43:26.263297-08:00,write,key_574,303.61,true,false,7250
2025-11-27T16:43:26.566903-08:00,read,key_113,1.55,true,false,7247
2025-11-27T16:43:26.458986-08:00,write,key_253,310.16,true,false,7251
2025-11-27T16:43:26.458972-08:00,write,key_179,310.21,true,false,7253
2025-11-27T16:43:26.562678-08:00,write,key_489,308.26,true,false,7254
2025-11-27T16:43:26.562674-08:00,write,key_119,308.37,true,false,7255
2025-11-27T16:43:26.562683-08:00,write,key_374,308.41,true,false,7254
2025-11-27T16:43:26.566848-08:00,write,key_866,307.97,true,false,7254
2025-11-27T16:43:26.566828-08:00,write,key_593,308.95,true,false,7255
2025-11-27T16:43:26.566878-08:00,write,key_793,308.91,true,false,7255
2025-11-27T16:43:26.566863-08:00,write,key_849,309.08,true,false,7254
2025-11-27T16:43:26.568457-08:00,write,key_387,307.67,true,false,7254
2025-11-27T16:43:26.769147-08:00,write,key_537,308.51,true,false,7256
2025-11-27T16:43:26.76918-08:00,write,key_911,309.76,true,false,7255
2025-11-27T16:43:26.875793-08:00,write,key_117,308.56,true,false,7258
2025-11-27T16:43:26.875943-08:00,write,key_804,308.50,true,false,7257
2025-11-27T16:43:26.87482-08:00,write,key_771,309.65,true,false,7256
2025-11-27T16:43:26.87578-08:00,write,key_412,309.18,true,false,7256
2025-11-27T16:43:26.871093-08:00,write,key_274,313.88,true,false,7257
2025-11-27T16:43:26.870944-08:00,write,key_81,315.25,true,false,7256
2025-11-27T16:43:26.871044-08:00,write,key_232,315.36,true,false,7257
2025-11-27T16:43:26.876127-08:00,write,key_103,310.34,true,false,7257
2025-11-27T16:43:27.078943-08:00,write,key_388,313.15,true,false,7257
2025-11-27T16:43:27.077666-08:00,write,key_442,314.43,true,false,7258
2025-11-27T16:43:27.392094-08:00,read,key_886,4.10,true,false,7197
2025-11-27T16:43:27.18447-08:00,write,key_417,312.71,true,false,7260
2025-11-27T16:43:27.184356-08:00,write,key_481,313.59,true,false,7259
2025-11-27T16:43:27.184975-08:00,write,key_353,313.21,true,false,7259
2025-11-27T16:43:27.184447-08:00,write,key_228,313.77,true,false,7259
2025-11-27T16:43:27.184963-08:00,write,key_590,313.83,true,false,7261
2025-11-27T16:43:27.186196-08:00,write,key_55,312.63,true,false,7260
2025-11-27T16:43:27.186406-08:00,write,key_222,312.54,true,false,7261
2025-11-27T16:43:27.186467-08:00,write,key_950,313.06,true,false,7262
2025-11-27T16:43:27.498183-08:00,read,key_963,4.66,true,false,6906
2025-11-27T16:43:27.392094-08:00,write,key_822,313.20,true,false,7259
2025-11-27T16:43:27.396197-08:00,write,key_265,310.91,true,false,7263
2025-11-27T16:43:27.498217-08:00,write,key_499,312.07,true,false,7264
2025-11-27T16:43:27.498947-08:00,write,key_464,311.37,true,false,7263
2025-11-27T16:43:27.497952-08:00,write,key_228,312.46,true,false,7265
2025-11-27T16:43:27.499527-08:00,write,key_262,311.78,true,false,7264
2025-11-27T16:43:27.49718-08:00,write,key_964,314.14,true,false,7263
2025-11-27T16:43:27.498798-08:00,write,key_146,312.78,true,false,7263
2025-11-27T16:43:27.498827-08:00,write,key_763,312.81,true,false,7263
2025-11-27T16:43:27.502843-08:00,write,key_16,308.88,true,false,7264
2025-11-27T16:43:27.705302-08:00,write,key_229,314.69,true,false,7265
2025-11-27T16:43:27.707112-08:00,write,key_243,312.89,true,false,7264
2025-11-27T16:43:27.811311-08:00,write,key_359,307.31,true,false,7266
2025-11-27T16:43:27.810291-08:00,write,key_277,308.34,true,false,7267
2025-11-27T16:43:27.811726-08:00,write,key_95,308.99,true,false,7266
2025-11-27T16:43:27.810323-08:00,write,key_418,310.41,true,false,7266
2025-11-27T16:43:27.811577-08:00,write,key_614,309.17,true,false,7266
2025-11-27T16:43:27.811635-08:00,write,key_422,309.26,true,false,7268
2025-11-27T16:43:27.811322-08:00,write,key_930,311.63,true,false,7266
2025-11-27T16:43:27.810416-08:00,write,key_228,312.55,true,false,7267
2025-11-27T16:43:28.020003-08:00,write,key_251,308.20,true,false,7267
2025-11-27T16:43:28.019994-08:00,write,key_955,308.36,true,false,7269
2025-11-27T16:43:28.120891-08:00,write,key_636,307.35,true,false,7269
2025-11-27T16:43:28.120753-08:00,write,key_118,307.68,true,false,7269
2025-11-27T16:43:28.11862-08:00,write,key_89,310.39,true,false,7269
2025-11-27T16:43:28.120721-08:00,write,key_9,308.50,true,false,7269
2025-11-27T16:43:28.118634-08:00,write,key_964,311.31,true,false,7270
2025-11-27T16:43:28.122954-08:00,write,key_176,310.95,true,false,7272
2025-11-27T16:43:28.120738-08:00,write,key_373,313.19,true,false,7271
2025-11-27T16:43:28.122967-08:00,write,key_845,310.94,true,false,7270
2025-11-27T16:43:28.32821-08:00,write,key_489,306.85,true,false,7273
2025-11-27T16:43:28.328351-08:00,write,key_414,306.74,true,false,7273
2025-11-27T16:43:28.429007-08:00,write,key_565,311.15,true,false,7274
2025-11-27T16:43:28.433925-08:00,write,key_615,307.14,true,false,7274
2025-11-27T16:43:28.433923-08:00,write,key_159,307.16,true,false,7273
2025-11-27T16:43:28.433953-08:00,write,key_21,308.01,true,false,7277
2025-11-27T16:43:28.42824-08:00,write,key_369,313.75,true,false,7274
2025-11-27T16:43:28.429225-08:00,write,key_926,312.77,true,false,7275
2025-11-27T16:43:28.428429-08:00,write,key_802,313.58,true,false,7275
2025-11-27T16:43:28.429942-08:00,write,key_802,312.11,true,false,7276
2025-11-27T16:43:28.635087-08:00,write,key_982,308.13,true,false,7274
2025-11-27T16:43:28.635061-08:00,write,key_935,309.55,true,false,7278
2025-11-27T16:43:28.741987-08:00,write,key_785,309.16,true,false,7278
2025-11-27T16:43:28.742011-08:00,write,key_463,309.17,true,false,7279
2025-11-27T16:43:28.741069-08:00,write,key_265,310.13,true,false,7279
2025-11-27T16:43:28.74016-08:00,write,key_453,311.06,true,false,7279
2025-11-27T16:43:28.741961-08:00,write,key_157,309.34,true,false,7278
2025-11-27T16:43:28.742049-08:00,write,key_178,309.28,true,false,7279
2025-11-27T16:43:28.741991-08:00,write,key_256,309.35,true,false,7280
2025-11-27T16:43:28.741084-08:00,write,key_694,310.58,true,false,7278
2025-11-27T16:43:29.05166-08:00,read,key_28,2.63,true,false,7236
2025-11-27T16:43:28.943227-08:00,write,key_686,313.02,true,false,7281
2025-11-27T16:43:28.944619-08:00,write,key_968,311.63,true,false,7281
2025-11-27T16:43:29.051216-08:00,write,key_268,307.46,true,false,7281
2025-11-27T16:43:29.05118-08:00,write,key_257,308.01,true,false,7282
2025-11-27T16:43:29.051345-08:00,write,key_742,307.98,true,false,7281
2025-11-27T16:43:29.051197-08:00,write,key_780,308.16,true,false,7281
2025-11-27T16:43:29.051155-08:00,write,key_261,308.23,true,false,7282
2025-11-27T16:43:29.359192-08:00,read,key_843,3.53,true,false,6914
2025-11-27T16:43:29.051299-08:00,write,key_118,311.45,true,false,7284
2025-11-27T16:43:29.054297-08:00,write,key_773,308.45,true,false,7282
2025-11-27T16:43:29.051335-08:00,write,key_481,311.47,true,false,7283
2025-11-27T16:43:29.256248-08:00,write,key_462,310.99,true,false,7285
2025-11-27T16:43:29.256248-08:00,write,key_551,312.96,true,false,7283
2025-11-27T16:43:29.359358-08:00,write,key_262,308.30,true,false,7285
2025-11-27T16:43:29.359324-08:00,write,key_860,308.35,true,false,7286
2025-11-27T16:43:29.359389-08:00,write,key_811,309.40,true,false,7286
2025-11-27T16:43:29.358683-08:00,write,key_800,311.72,true,false,7285
2025-11-27T16:43:29.362749-08:00,write,key_639,307.66,true,false,7286
2025-11-27T16:43:29.362747-08:00,write,key_460,311.64,true,false,7286
2025-11-27T16:43:29.36274-08:00,write,key_788,312.11,true,false,7287
2025-11-27T16:43:29.362804-08:00,write,key_320,313.63,true,false,7287
2025-11-27T16:43:29.676433-08:00,read,key_459,1.32,true,false,6704
2025-11-27T16:43:29.567245-08:00,write,key_482,312.86,true,false,7287
2025-11-27T16:43:29.569208-08:00,write,key_998,311.03,true,false,7288
2025-11-27T16:43:29.668794-08:00,write,key_800,305.86,true,false,7288
2025-11-27T16:43:29.667679-08:00,write,key_450,307.30,true,false,7288
2025-11-27T16:43:29.667664-08:00,write,key_346,307.36,true,false,7287
2025-11-27T16:43:29.670408-08:00,write,key_103,305.84,true,false,7289
2025-11-27T16:43:29.670411-08:00,write,key_612,305.86,true,false,7288
2025-11-27T16:43:29.674847-08:00,write,key_520,305.92,true,false,7289
2025-11-27T16:43:29.980771-08:00,read,key_229,1.25,true,false,7265
2025-11-27T16:43:29.677759-08:00,write,key_29,306.74,true,false,7290
2025-11-27T16:43:29.674388-08:00,write,key_258,312.35,true,false,7289
2025-11-27T16:43:29.88024-08:00,write,key_787,307.08,true,false,7289
2025-11-27T16:43:29.880109-08:00,write,key_463,307.26,true,false,7291
2025-11-27T16:43:29.975072-08:00,write,key_220,310.27,true,false,7290
2025-11-27T16:43:29.976267-08:00,write,key_465,309.10,true,false,7291
2025-11-27T16:43:29.974663-08:00,write,key_777,310.75,true,false,7292
2025-11-27T16:43:29.976246-08:00,write,key_13,309.49,true,false,7291
2025-11-27T16:43:29.974983-08:00,write,key_805,310.76,true,false,7290
2025-11-27T16:43:29.982027-08:00,write,key_226,308.77,true,false,7293
2025-11-27T16:43:29.986738-08:00,write,key_255,307.56,true,false,7293
2025-11-27T16:43:29.984499-08:00,write,key_224,309.98,true,false,7292
2025-11-27T16:43:30.187323-08:00,write,key_320,306.28,true,false,7294
2025-11-27T16:43:30.187372-08:00,write,key_264,306.24,true,false,7295
2025-11-27T16:43:30.285739-08:00,write,key_377,309.20,true,false,7294
2025-11-27T16:43:30.285744-08:00,write,key_933,309.26,true,false,7294
2025-11-27T16:43:30.290797-08:00,write,key_466,304.23,true,false,7295
2025-11-27T16:43:30.285369-08:00,write,key_290,309.72,true,false,7294
2025-11-27T16:43:30.285342-08:00,write,key_140,309.76,true,false,7294
2025-11-27T16:43:30.285416-08:00,write,key_562,309.76,true,false,7296
2025-11-27T16:43:30.29448-08:00,write,key_630,306.05,true,false,7295
2025-11-27T16:43:30.294301-08:00,write,key_228,306.24,true,false,7295
2025-11-27T16:43:30.493606-08:00,write,key_254,306.22,true,false,7297
2025-11-27T16:43:30.493616-08:00,write,key_228,307.79,true,false,7296
2025-11-27T16:43:30.595004-08:00,write,key_967,313.44,true,false,7297
2025-11-27T16:43:30.595178-08:00,write,key_482,313.27,true,false,7300
2025-11-27T16:43:30.595109-08:00,write,key_568,313.37,true,false,7299
2025-11-27T16:43:30.595026-08:00,write,key_131,313.50,true,false,7298
2025-11-27T16:43:30.595087-08:00,write,key_174,313.49,true,false,7297
2025-11-27T16:43:30.600545-08:00,write,key_296,308.05,true,false,7302
2025-11-27T16:43:30.594984-08:00,write,key_221,313.62,true,false,7301
2025-11-27T16:43:30.600532-08:00,write,key_359,308.24,true,false,7297
2025-11-27T16:43:30.908577-08:00,read,key_560,5.57,true,false,5775
2025-11-27T16:43:30.908605-08:00,read,key_269,6.18,true,false,7216
2025-11-27T16:43:30.79984-08:00,write,key_523,312.41,true,false,7303
2025-11-27T16:43:30.801403-08:00,write,key_2,310.86,true,false,7304
2025-11-27T16:43:30.908445-08:00,write,key_932,310.14,true,false,7306
2025-11-27T16:43:30.914785-08:00,write,key_273,303.90,true,false,7304
2025-11-27T16:43:30.908771-08:00,write,key_607,309.94,true,false,7305
2025-11-27T16:43:30.90848-08:00,write,key_105,310.30,true,false,7303
2025-11-27T16:43:30.914152-08:00,write,key_775,305.29,true,false,7304
2025-11-27T16:43:30.908446-08:00,write,key_385,311.02,true,false,7303
2025-11-27T16:43:30.908592-08:00,write,key_364,313.90,true,false,7305
2025-11-27T16:43:30.908523-08:00,write,key_997,314.64,true,false,7307
2025-11-27T16:43:31.112252-08:00,write,key_465,315.64,true,false,7305
2025-11-27T16:43:31.112264-08:00,write,key_221,316.09,true,false,7308
2025-11-27T16:43:31.218683-08:00,write,key_458,311.49,true,false,7309
2025-11-27T16:43:31.219466-08:00,write,key_66,310.74,true,false,7310
2025-11-27T16:43:31.218716-08:00,write,key_112,311.49,true,false,7308
2025-11-27T16:43:31.219445-08:00,write,key_250,310.80,true,false,7309
2025-11-27T16:43:31.223165-08:00,write,key_326,307.22,true,false,7310
2025-11-27T16:43:31.222497-08:00,write,key_321,307.96,true,false,7309
2025-11-27T16:43:31.218589-08:00,write,key_123,315.17,true,false,7308
2025-11-27T16:43:31.218785-08:00,write,key_324,314.98,true,false,7309
2025-11-27T16:43:31.427895-08:00,write,key_841,308.74,true,false,7309
2025-11-27T16:43:31.428352-08:00,write,key_788,308.29,true,false,7311
2025-11-27T16:43:31.530458-08:00,write,key_791,311.59,true,false,7311
2025-11-27T16:43:31.5304-08:00,write,key_294,311.67,true,false,7312
2025-11-27T16:43:31.530178-08:00,write,key_883,311.92,true,false,7312
2025-11-27T16:43:31.530202-08:00,write,key_786,311.91,true,false,7311
2025-11-27T16:43:31.533768-08:00,write,key_6,308.48,true,false,7313
2025-11-27T16:43:31.530207-08:00,write,key_256,312.10,true,false,7311
2025-11-27T16:43:31.530248-08:00,write,key_197,312.22,true,false,7312
2025-11-27T16:43:31.533761-08:00,write,key_403,312.27,true,false,7313
2025-11-27T16:43:31.736659-08:00,write,key_261,313.22,true,false,7313
2025-11-27T16:43:31.736639-08:00,write,key_55,313.24,true,false,7312
2025-11-27T16:43:31.842304-08:00,write,key_943,319.78,true,false,7314
2025-11-27T16:43:31.84225-08:00,write,key_9,319.86,true,false,7314
2025-11-27T16:43:31.846035-08:00,write,key_590,316.10,true,false,7314
2025-11-27T16:43:31.842055-08:00,write,key_2,320.08,true,false,7314
2025-11-27T16:43:31.842101-08:00,write,key_801,320.04,true,false,7316
2025-11-27T16:43:31.842473-08:00,write,key_941,319.68,true,false,7316
2025-11-27T16:43:31.842072-08:00,write,key_23,320.11,true,false,7315
2025-11-27T16:43:31.842117-08:00,write,key_602,320.11,true,false,7315
2025-11-27T16:43:32.049882-08:00,write,key_361,304.80,true,false,7317
2025-11-27T16:43:32.049883-08:00,write,key_125,304.81,true,false,7315
2025-11-27T16:43:32.162179-08:00,write,key_927,304.75,true,false,7318
2025-11-27T16:43:32.162083-08:00,write,key_112,304.86,true,false,7317
2025-11-27T16:43:32.162106-08:00,write,key_152,304.86,true,false,7318
2025-11-27T16:43:32.162146-08:00,write,key_810,304.85,true,false,7319
2025-11-27T16:43:32.162223-08:00,write,key_221,304.81,true,false,7319
2025-11-27T16:43:32.162158-08:00,write,key_375,304.99,true,false,7320
2025-11-27T16:43:32.16214-08:00,write,key_595,305.02,true,false,7317
2025-11-27T16:43:32.162132-08:00,write,key_197,305.06,true,false,7318
2025-11-27T16:43:32.354683-08:00,write,key_795,327.33,true,false,7322
2025-11-27T16:43:32.354695-08:00,write,key_966,327.33,true,false,7321
2025-11-27T16:43:32.466992-08:00,write,key_703,319.34,true,false,7324
2025-11-27T16:43:32.466949-08:00,write,key_250,319.40,true,false,7323
2025-11-27T16:43:32.466933-08:00,write,key_814,319.42,true,false,7323
2025-11-27T16:43:32.467197-08:00,write,key_847,319.24,true,false,7321
2025-11-27T16:43:32.466964-08:00,write,key_884,319.48,true,false,7322
2025-11-27T16:43:32.467037-08:00,write,key_9,319.45,true,false,7321
2025-11-27T16:43:32.467166-08:00,write,key_989,319.35,true,false,7321
2025-11-27T16:43:32.467144-08:00,write,key_630,319.45,true,false,7322
2025-11-27T16:43:32.682012-08:00,write,key_411,305.73,true,false,7325
2025-11-27T16:43:32.682025-08:00,write,key_831,305.75,true,false,7323
2025-11-27T16:43:32.786434-08:00,write,key_700,314.71,true,false,7326
2025-11-27T16:43:32.786519-08:00,write,key_938,314.64,true,false,7325
2025-11-27T16:43:32.786444-08:00,write,key_983,314.73,true,false,7326
2025-11-27T16:43:32.786355-08:00,write,key_561,314.94,true,false,7325
2025-11-27T16:43:32.786349-08:00,write,key_618,314.98,true,false,7327
2025-11-27T16:43:32.786592-08:00,write,key_632,314.74,true,false,7328
2025-11-27T16:43:32.786343-08:00,write,key_997,315.04,true,false,7326
2025-11-27T16:43:32.786488-08:00,write,key_421,315.02,true,false,7325
2025-11-27T16:43:32.987748-08:00,write,key_467,352.56,true,false,7329
2025-11-27T16:43:32.987772-08:00,write,key_93,352.54,true,false,7326
2025-11-27T16:43:33.101328-08:00,write,key_345,344.94,true,false,7330
2025-11-27T16:43:33.101383-08:00,write,key_112,344.89,true,false,7329
2025-11-27T16:43:33.101296-08:00,write,key_806,344.99,true,false,7330
2025-11-27T16:43:33.101175-08:00,write,key_224,345.14,true,false,7332
2025-11-27T16:43:33.101156-08:00,write,key_256,345.16,true,false,7330
2025-11-27T16:43:33.10115-08:00,write,key_937,345.19,true,false,7329
2025-11-27T16:43:33.10133-08:00,write,key_364,345.04,true,false,7330
2025-11-27T16:43:33.101504-08:00,write,key_320,344.88,true,false,7331
2025-11-27T16:43:33.446279-08:00,read,key_611,4.95,true,false,6990
2025-11-27T16:43:33.340313-08:00,write,key_299,311.42,true,false,7330
2025-11-27T16:43:33.340312-08:00,write,key_566,311.44,true,false,7331
2025-11-27T16:43:33.446382-08:00,write,key_939,307.01,true,false,7333
2025-11-27T16:43:33.446291-08:00,write,key_257,307.11,true,false,7333
2025-11-27T16:43:33.446279-08:00,write,key_689,307.14,true,false,7333
2025-11-27T16:43:33.446318-08:00,write,key_113,307.15,true,false,7334
2025-11-27T16:43:33.446337-08:00,write,key_130,307.16,true,false,7334
2025-11-27T16:43:33.446311-08:00,write,key_198,311.13,true,false,7333
2025-11-27T16:43:33.446373-08:00,write,key_179,311.07,true,false,7334
2025-11-27T16:43:33.451233-08:00,write,key_452,306.45,true,false,7335
2025-11-27T16:43:33.7534-08:00,read,key_373,6.25,true,false,7271
2025-11-27T16:43:33.651735-08:00,write,key_790,319.14,true,false,7336
2025-11-27T16:43:33.651751-08:00,write,key_611,319.14,true,false,7333
2025-11-27T16:43:33.753464-08:00,write,key_659,306.30,true,false,7336
2025-11-27T16:43:33.753421-08:00,write,key_701,306.34,true,false,7335
2025-11-27T16:43:33.753496-08:00,write,key_844,306.73,true,false,7337
2025-11-27T16:43:33.753393-08:00,write,key_301,306.86,true,false,7335
2025-11-27T16:43:34.060224-08:00,read,key_320,3.74,true,false,7331
2025-11-27T16:43:33.759653-08:00,write,key_348,305.23,true,false,7336
2025-11-27T16:43:33.757448-08:00,write,key_429,310.93,true,false,7338
2025-11-27T16:43:33.757687-08:00,write,key_826,310.79,true,false,7337
2025-11-27T16:43:33.757445-08:00,write,key_806,312.35,true,false,7336
2025-11-27T16:43:34.068382-08:00,read,key_802,5.56,true,false,7276
2025-11-27T16:43:33.970881-08:00,write,key_153,306.45,true,false,7339
2025-11-27T16:43:33.97089-08:00,write,key_114,306.48,true,false,7339
2025-11-27T16:43:34.059762-08:00,write,key_179,306.61,true,false,7338
2025-11-27T16:43:34.059762-08:00,write,key_272,306.64,true,false,7340
2025-11-27T16:43:34.060254-08:00,write,key_815,306.16,true,false,7338
2025-11-27T16:43:34.36641-08:00,read,key_688,1.19,true,false,6909
2025-11-27T16:43:34.064889-08:00,write,key_469,312.36,true,false,7339
2025-11-27T16:43:34.069791-08:00,write,key_968,308.07,true,false,7342
2025-11-27T16:43:34.06397-08:00,write,key_884,313.92,true,false,7341
2025-11-27T16:43:34.073947-08:00,write,key_858,304.26,true,false,7343
2025-11-27T16:43:34.068482-08:00,write,key_405,309.97,true,false,7339
2025-11-27T16:43:34.378478-08:00,read,key_475,0.43,true,false,6785
2025-11-27T16:43:34.277367-08:00,write,key_807,306.01,true,false,7345
2025-11-27T16:43:34.277334-08:00,write,key_276,306.06,true,false,7344
2025-11-27T16:43:34.366371-08:00,write,key_755,304.02,true,false,7341
2025-11-27T16:43:34.366403-08:00,write,key_808,303.99,true,false,7341
2025-11-27T16:43:34.670389-08:00,read,key_785,1.05,true,false,7278
2025-11-27T16:43:34.367602-08:00,write,key_930,307.28,true,false,7346
2025-11-27T16:43:34.378906-08:00,write,key_12,305.34,true,false,7344
2025-11-27T16:43:34.377253-08:00,write,key_864,307.01,true,false,7347
2025-11-27T16:43:34.377887-08:00,write,key_370,306.38,true,false,7350
2025-11-27T16:43:34.378207-08:00,write,key_948,306.11,true,false,7349
2025-11-27T16:43:34.377867-08:00,write,key_20,306.50,true,false,7348
2025-11-27T16:43:34.58338-08:00,write,key_842,302.63,true,false,7346
2025-11-27T16:43:34.58339-08:00,write,key_178,302.92,true,false,7351
2025-11-27T16:43:34.674882-08:00,write,key_784,304.55,true,false,7347
2025-11-27T16:43:34.671437-08:00,write,key_612,308.00,true,false,7352
2025-11-27T16:43:34.670392-08:00,write,key_323,309.06,true,false,7346
2025-11-27T16:43:34.684364-08:00,write,key_324,303.16,true,false,7353
2025-11-27T16:43:34.684268-08:00,write,key_256,303.26,true,false,7352
2025-11-27T16:43:34.684266-08:00,write,key_258,303.87,true,false,7351
2025-11-27T16:43:34.987527-08:00,read,key_710,2.18,true,false,5293
2025-11-27T16:43:34.684248-08:00,write,key_275,305.92,true,false,7352
2025-11-27T16:43:34.684319-08:00,write,key_888,305.88,true,false,7353
2025-11-27T16:43:34.886307-08:00,write,key_135,313.07,true,false,7355
2025-11-27T16:43:34.886014-08:00,write,key_936,313.38,true,false,7354
2025-11-27T16:43:35.199393-08:00,read,key_320,1.57,true,false,7331
2025-11-27T16:43:34.979441-08:00,write,key_110,305.25,true,false,7353
2025-11-27T16:43:34.979453-08:00,write,key_151,305.32,true,false,7354
2025-11-27T16:43:35.284772-08:00,read,key_788,1.39,true,false,7311
2025-11-27T16:43:34.979439-08:00,write,key_360,306.76,true,false,7356
2025-11-27T16:43:35.286197-08:00,read,key_850,7.19,true,false,6905
2025-11-27T16:43:35.293391-08:00,read,key_63,0.56,true,false,7206
2025-11-27T16:43:34.990173-08:00,write,key_414,310.31,true,false,7356
2025-11-27T16:43:34.990199-08:00,write,key_193,310.34,true,false,7354
2025-11-27T16:43:34.987525-08:00,write,key_617,314.48,true,false,7354
2025-11-27T16:43:34.98814-08:00,write,key_325,313.94,true,false,7355
2025-11-27T16:43:34.989719-08:00,write,key_28,313.40,true,false,7356
2025-11-27T16:43:35.199374-08:00,write,key_847,302.96,true,false,7357
2025-11-27T16:43:35.200965-08:00,write,key_223,306.07,true,false,7357
2025-11-27T16:43:35.286165-08:00,write,key_60,310.33,true,false,7358
2025-11-27T16:43:35.284694-08:00,write,key_220,311.86,true,false,7357
2025-11-27T16:43:35.293949-08:00,write,key_617,307.97,true,false,7359
2025-11-27T16:43:35.300485-08:00,write,key_963,303.50,true,false,7358
2025-11-27T16:43:35.300541-08:00,write,key_742,304.58,true,false,7357
2025-11-27T16:43:35.302076-08:00,write,key_519,305.72,true,false,7358
2025-11-27T16:43:35.303119-08:00,write,key_468,305.77,true,false,7359
2025-11-27T16:43:35.302011-08:00,write,key_813,306.90,true,false,7358
2025-11-27T16:43:35.603984-08:00,read,key_252,6.03,true,false,7200
2025-11-27T16:43:35.608885-08:00,read,key_251,3.18,true,false,7267
2025-11-27T16:43:35.502334-08:00,write,key_808,304.94,true,false,7360
2025-11-27T16:43:35.507039-08:00,write,key_111,302.93,true,false,7358
2025-11-27T16:43:35.59656-08:00,write,key_813,312.85,true,false,7361
2025-11-27T16:43:35.596496-08:00,write,key_62,312.92,true,false,7360
2025-11-27T16:43:35.601923-08:00,write,key_868,308.60,true,false,7362
2025-11-27T16:43:35.909419-08:00,read,key_563,1.15,true,false,6900
2025-11-27T16:43:35.605127-08:00,write,key_422,306.41,true,false,7360
2025-11-27T16:43:35.607795-08:00,write,key_785,306.16,true,false,7363
2025-11-27T16:43:35.612069-08:00,write,key_806,302.61,true,false,7360
2025-11-27T16:43:35.610019-08:00,write,key_702,304.95,true,false,7364
2025-11-27T16:43:35.608915-08:00,write,key_118,306.34,true,false,7361
2025-11-27T16:43:35.807281-08:00,write,key_191,316.58,true,false,7361
2025-11-27T16:43:35.809967-08:00,write,key_375,313.90,true,false,7365
2025-11-27T16:43:35.909413-08:00,write,key_424,312.49,true,false,7366
2025-11-27T16:43:35.911537-08:00,write,key_464,320.47,true,false,7370
2025-11-27T16:43:35.913953-08:00,write,key_222,318.06,true,false,7366
2025-11-27T16:43:35.910523-08:00,write,key_349,321.52,true,false,7367
2025-11-27T16:43:35.910564-08:00,write,key_99,321.48,true,false,7368
2025-11-27T16:43:35.914676-08:00,write,key_939,318.06,true,false,7366
2025-11-27T16:43:35.915254-08:00,write,key_788,317.56,true,false,7365
2025-11-27T16:43:36.23274-08:00,read,key_463,1.31,true,false,7291
2025-11-27T16:43:36.232018-08:00,read,key_410,2.35,true,false,7244
2025-11-27T16:43:36.232816-08:00,read,key_112,1.57,true,false,7329
2025-11-27T16:43:35.914966-08:00,write,key_993,320.23,true,false,7369
2025-11-27T16:43:36.123873-08:00,write,key_112,307.79,true,false,7366
2025-11-27T16:43:36.123871-08:00,write,key_968,307.88,true,false,7371
2025-11-27T16:43:36.23204-08:00,write,key_829,306.98,true,false,7372
2025-11-27T16:43:36.22191-08:00,write,key_965,317.12,true,false,7372
2025-11-27T16:43:36.232012-08:00,write,key_687,307.02,true,false,7371
2025-11-27T16:43:36.235192-08:00,write,key_837,303.85,true,false,7371
2025-11-27T16:43:36.232044-08:00,write,key_268,307.02,true,false,7371
2025-11-27T16:43:36.234049-08:00,write,key_277,305.28,true,false,7372
2025-11-27T16:43:36.23439-08:00,write,key_98,309.08,true,false,7373
2025-11-27T16:43:36.234368-08:00,write,key_888,309.18,true,false,7374
2025-11-27T16:43:36.539047-08:00,read,key_119,4.63,true,false,7255
2025-11-27T16:43:36.543547-08:00,read,key_268,1.92,true,false,7371
2025-11-27T16:43:36.431669-08:00,write,key_685,306.36,true,false,7372
2025-11-27T16:43:36.431755-08:00,write,key_28,306.30,true,false,7373
2025-11-27T16:43:36.543473-08:00,write,key_257,314.00,true,false,7375
2025-11-27T16:43:36.539062-08:00,write,key_630,318.43,true,false,7375
2025-11-27T16:43:36.545473-08:00,write,key_950,312.05,true,false,7375
2025-11-27T16:43:36.539037-08:00,write,key_931,318.49,true,false,7375
2025-11-27T16:43:36.539029-08:00,write,key_152,318.51,true,false,7377
2025-11-27T16:43:36.543679-08:00,write,key_788,313.88,true,false,7376
2025-11-27T16:43:36.539327-08:00,write,key_8,318.24,true,false,7374
2025-11-27T16:43:36.53903-08:00,write,key_221,318.57,true,false,7373
2025-11-27T16:43:36.738035-08:00,write,key_711,310.18,true,false,7379
2025-11-27T16:43:36.738059-08:00,write,key_251,310.17,true,false,7378
2025-11-27T16:43:36.857543-08:00,write,key_683,303.60,true,false,7379
2025-11-27T16:43:36.857527-08:00,write,key_885,303.65,true,false,7378
2025-11-27T16:43:36.857495-08:00,write,key_613,304.70,true,false,7380
2025-11-27T16:43:36.857471-08:00,write,key_360,304.79,true,false,7380
2025-11-27T16:43:37.161178-08:00,read,key_464,1.27,true,false,7370
2025-11-27T16:43:36.857522-08:00,write,key_833,305.14,true,false,7378
2025-11-27T16:43:36.857567-08:00,write,key_475,305.21,true,false,7378
2025-11-27T16:43:36.857555-08:00,write,key_405,306.81,true,false,7379
2025-11-27T16:43:36.857595-08:00,write,key_361,307.03,true,false,7379
2025-11-27T16:43:37.16278-08:00,read,key_320,1.93,true,false,7331
2025-11-27T16:43:37.048235-08:00,write,key_405,305.90,true,false,7380
2025-11-27T16:43:37.048215-08:00,write,key_453,305.94,true,false,7380
2025-11-27T16:43:37.161143-08:00,write,key_24,303.97,true,false,7381
2025-11-27T16:43:37.162449-08:00,write,key_831,305.16,true,false,7381
2025-11-27T16:43:37.162195-08:00,write,key_993,305.96,true,false,7382
2025-11-27T16:43:37.162262-08:00,write,key_375,306.92,true,false,7381
2025-11-27T16:43:37.164363-08:00,write,key_329,304.84,true,false,7381
2025-11-27T16:43:37.164706-08:00,write,key_470,305.96,true,false,7382
2025-11-27T16:43:37.162666-08:00,write,key_473,308.50,true,false,7383
2025-11-27T16:43:37.164629-08:00,write,key_802,306.55,true,false,7383
2025-11-27T16:43:37.354154-08:00,write,key_611,311.99,true,false,7382
2025-11-27T16:43:37.354141-08:00,write,key_716,312.03,true,false,7383
2025-11-27T16:43:37.46512-08:00,write,key_457,305.94,true,false,7384
2025-11-27T16:43:37.771067-08:00,read,key_689,1.49,true,false,7333
2025-11-27T16:43:37.469186-08:00,write,key_569,303.47,true,false,7384
2025-11-27T16:43:37.467613-08:00,write,key_809,305.38,true,false,7385
2025-11-27T16:43:37.471178-08:00,write,key_361,305.99,true,false,7384
2025-11-27T16:43:37.470671-08:00,write,key_561,306.78,true,false,7384
2025-11-27T16:43:37.46816-08:00,write,key_227,312.93,true,false,7386
2025-11-27T16:43:37.469207-08:00,write,key_344,312.96,true,false,7386
2025-11-27T16:43:37.471166-08:00,write,key_269,311.02,true,false,7385
2025-11-27T16:43:37.66617-08:00,write,key_5,306.24,true,false,7384
2025-11-27T16:43:37.666146-08:00,write,key_299,306.28,true,false,7387
2025-11-27T16:43:37.772995-08:00,write,key_408,305.54,true,false,7388
2025-11-27T16:43:37.772555-08:00,write,key_864,305.99,true,false,7387
2025-11-27T16:43:37.772656-08:00,write,key_63,305.89,true,false,7388
2025-11-27T16:43:37.777455-08:00,write,key_868,304.78,true,false,7389
2025-11-27T16:43:37.777174-08:00,write,key_250,305.08,true,false,7387
2025-11-27T16:43:37.781091-08:00,write,key_617,304.75,true,false,7387
2025-11-27T16:43:37.782168-08:00,write,key_631,305.36,true,false,7388
2025-11-27T16:43:37.782198-08:00,write,key_962,305.35,true,false,7388
2025-11-27T16:43:37.972413-08:00,write,key_811,310.05,true,false,7389
2025-11-27T16:43:37.972428-08:00,write,key_198,310.14,true,false,7388
2025-11-27T16:43:38.282567-08:00,read,key_225,2.75,true,false,7175
2025-11-27T16:43:38.082235-08:00,write,key_267,306.73,true,false,7390
2025-11-27T16:43:38.078548-08:00,write,key_813,310.52,true,false,7390
2025-11-27T16:43:38.078542-08:00,write,key_719,310.58,true,false,7390
2025-11-27T16:43:38.082258-08:00,write,key_227,306.90,true,false,7391
2025-11-27T16:43:38.078549-08:00,write,key_801,310.77,true,false,7389
2025-11-27T16:43:38.389069-08:00,read,key_636,5.15,true,false,7269
2025-11-27T16:43:38.085847-08:00,write,key_379,308.37,true,false,7390
2025-11-27T16:43:38.087533-08:00,write,key_342,306.69,true,false,7391
2025-11-27T16:43:38.087546-08:00,write,key_987,306.82,true,false,7391
2025-11-27T16:43:38.282469-08:00,write,key_268,306.61,true,false,7392
2025-11-27T16:43:38.285315-08:00,write,key_323,306.85,true,false,7393
2025-11-27T16:43:38.394223-08:00,write,key_469,305.20,true,false,7393
2025-11-27T16:43:38.389124-08:00,write,key_744,310.32,true,false,7392
2025-11-27T16:43:38.394223-08:00,write,key_788,305.22,true,false,7394
2025-11-27T16:43:38.389323-08:00,write,key_268,310.15,true,false,7392
2025-11-27T16:43:38.388965-08:00,write,key_301,310.54,true,false,7392
2025-11-27T16:43:38.389163-08:00,write,key_882,310.36,true,false,7393
2025-11-27T16:43:38.394369-08:00,write,key_275,306.33,true,false,7393
2025-11-27T16:43:38.394227-08:00,write,key_707,307.58,true,false,7394
2025-11-27T16:43:38.592169-08:00,write,key_556,316.79,true,false,7395
2025-11-27T16:43:38.589086-08:00,write,key_258,319.94,true,false,7394
2025-11-27T16:43:38.69951-08:00,write,key_182,313.02,true,false,7395
2025-11-27T16:43:38.7007-08:00,write,key_783,311.88,true,false,7397
2025-11-27T16:43:38.699473-08:00,write,key_403,313.39,true,false,7395
2025-11-27T16:43:38.699442-08:00,write,key_800,313.49,true,false,7395
2025-11-27T16:43:38.699427-08:00,write,key_867,313.55,true,false,7397
2025-11-27T16:43:38.699443-08:00,write,key_866,313.53,true,false,7396
2025-11-27T16:43:38.699521-08:00,write,key_981,313.48,true,false,7396
2025-11-27T16:43:38.701806-08:00,write,key_516,311.47,true,false,7398
2025-11-27T16:43:39.012581-08:00,read,key_960,5.64,true,false,7236
2025-11-27T16:43:39.012976-08:00,read,key_562,6.83,true,false,7296
2025-11-27T16:43:39.019805-08:00,read,key_789,2.09,true,false,6500
2025-11-27T16:43:38.908962-08:00,write,key_177,311.45,true,false,7396
2025-11-27T16:43:38.909026-08:00,write,key_404,311.39,true,false,7397
2025-11-27T16:43:39.013006-08:00,write,key_930,309.31,true,false,7399
2025-11-27T16:43:39.012869-08:00,write,key_846,309.45,true,false,7399
2025-11-27T16:43:39.012533-08:00,write,key_934,309.82,true,false,7400
2025-11-27T16:43:39.012933-08:00,write,key_635,309.43,true,false,7399
2025-11-27T16:43:39.013282-08:00,write,key_110,309.10,true,false,7399
2025-11-27T16:43:39.018229-08:00,write,key_803,305.68,true,false,7400
2025-11-27T16:43:39.012973-08:00,write,key_813,312.15,true,false,7400
2025-11-27T16:43:39.322318-08:00,read,key_563,2.81,true,false,6900
2025-11-27T16:43:39.021896-08:00,write,key_518,305.57,true,false,7401
2025-11-27T16:43:39.220421-08:00,write,key_773,309.77,true,false,7401
2025-11-27T16:43:39.220418-08:00,write,key_783,310.35,true,false,7402
2025-11-27T16:43:39.32238-08:00,write,key_369,308.57,true,false,7403
2025-11-27T16:43:39.322353-08:00,write,key_934,308.67,true,false,7401
2025-11-27T16:43:39.32232-08:00,write,key_808,309.00,true,false,7402
2025-11-27T16:43:39.323931-08:00,write,key_402,307.42,true,false,7404
2025-11-27T16:43:39.325127-08:00,write,key_346,306.25,true,false,7402
2025-11-27T16:43:39.322367-08:00,write,key_614,310.07,true,false,7401
2025-11-27T16:43:39.630966-08:00,read,key_258,3.74,true,false,7394
2025-11-27T16:43:39.325134-08:00,write,key_933,312.80,true,false,7405
2025-11-27T16:43:39.32747-08:00,write,key_844,310.49,true,false,7403
2025-11-27T16:43:39.530774-08:00,write,key_869,311.03,true,false,7406
2025-11-27T16:43:39.530197-08:00,write,key_813,311.61,true,false,7403
2025-11-27T16:43:39.841807-08:00,read,key_782,3.51,true,false,7084
2025-11-27T16:43:39.632439-08:00,write,key_635,317.01,true,false,7407
2025-11-27T16:43:39.637935-08:00,write,key_711,311.54,true,false,7406
2025-11-27T16:43:39.631351-08:00,write,key_118,318.16,true,false,7406
2025-11-27T16:43:39.631379-08:00,write,key_868,318.19,true,false,7407
2025-11-27T16:43:39.631321-08:00,write,key_127,318.41,true,false,7405
2025-11-27T16:43:39.631022-08:00,write,key_841,318.77,true,false,7406
2025-11-27T16:43:39.637966-08:00,write,key_422,311.92,true,false,7407
2025-11-27T16:43:39.63471-08:00,write,key_857,320.41,true,false,7408
2025-11-27T16:43:39.949736-08:00,read,key_884,8.23,true,false,7341
2025-11-27T16:43:39.841807-08:00,write,key_151,312.85,true,false,7407
2025-11-27T16:43:39.845315-08:00,write,key_690,309.37,true,false,7408
2025-11-27T16:43:39.949472-08:00,write,key_688,313.53,true,false,7409
2025-11-27T16:43:39.949573-08:00,write,key_307,313.44,true,false,7409
2025-11-27T16:43:39.94989-08:00,write,key_634,313.13,true,false,7410
2025-11-27T16:43:39.949514-08:00,write,key_138,313.56,true,false,7409
2025-11-27T16:43:39.955125-08:00,write,key_567,308.52,true,false,7410
2025-11-27T16:43:39.949448-08:00,write,key_406,314.22,true,false,7409
2025-11-27T16:43:39.94979-08:00,write,key_275,314.95,true,false,7411
2025-11-27T16:43:39.957964-08:00,write,key_117,307.20,true,false,7410
2025-11-27T16:43:40.154683-08:00,write,key_822,309.55,true,false,7411
2025-11-27T16:43:40.15466-08:00,write,key_714,309.59,true,false,7412
2025-11-27T16:43:40.263669-08:00,write,key_517,308.02,true,false,7414
2025-11-27T16:43:40.263075-08:00,write,key_263,308.62,true,false,7413
2025-11-27T16:43:40.264741-08:00,write,key_814,307.08,true,false,7414
2025-11-27T16:43:40.265165-08:00,write,key_67,307.85,true,false,7413
2025-11-27T16:43:40.263001-08:00,write,key_886,310.04,true,false,7412
2025-11-27T16:43:40.263026-08:00,write,key_67,310.42,true,false,7412
2025-11-27T16:43:40.263648-08:00,write,key_400,309.81,true,false,7413
2025-11-27T16:43:40.26301-08:00,write,key_349,311.35,true,false,7413
2025-11-27T16:43:40.464254-08:00,write,key_618,309.09,true,false,7415
2025-11-27T16:43:40.464242-08:00,write,key_469,309.12,true,false,7414
2025-11-27T16:43:40.573452-08:00,write,key_114,306.66,true,false,7415
2025-11-27T16:43:40.573015-08:00,write,key_265,307.34,true,false,7415
2025-11-27T16:43:40.571695-08:00,write,key_799,308.70,true,false,7416
2025-11-27T16:43:40.574363-08:00,write,key_226,308.15,true,false,7415
2025-11-27T16:43:40.573039-08:00,write,key_254,309.55,true,false,7417
2025-11-27T16:43:40.573461-08:00,write,key_368,309.17,true,false,7416
2025-11-27T16:43:40.571695-08:00,write,key_302,312.21,true,false,7416
2025-11-27T16:43:40.57182-08:00,write,key_292,312.10,true,false,7418
2025-11-27T16:43:40.77336-08:00,write,key_592,303.92,true,false,7416
2025-11-27T16:43:40.773346-08:00,write,key_370,303.97,true,false,7419
2025-11-27T16:43:40.880358-08:00,write,key_566,307.85,true,false,7418
2025-11-27T16:43:40.883909-08:00,write,key_27,304.30,true,false,7421
2025-11-27T16:43:40.882512-08:00,write,key_567,305.71,true,false,7421
2025-11-27T16:43:40.880399-08:00,write,key_969,307.82,true,false,7419
2025-11-27T16:43:40.880115-08:00,write,key_467,308.15,true,false,7420
2025-11-27T16:43:40.882585-08:00,write,key_485,305.91,true,false,7419
2025-11-27T16:43:40.883923-08:00,write,key_851,304.61,true,false,7422
2025-11-27T16:43:40.882632-08:00,write,key_26,308.28,true,false,7420
2025-11-27T16:43:41.190918-08:00,read,key_568,1.19,true,false,7299
2025-11-27T16:43:41.077318-08:00,write,key_635,345.24,true,false,7420
2025-11-27T16:43:41.077289-08:00,write,key_710,345.33,true,false,7423
2025-11-27T16:43:41.422622-08:00,read,key_418,0.58,true,false,7266
2025-11-27T16:43:41.192111-08:00,write,key_261,333.78,true,false,7426
2025-11-27T16:43:41.188268-08:00,write,key_226,337.64,true,false,7424
2025-11-27T16:43:41.188224-08:00,write,key_320,337.70,true,false,7424
2025-11-27T16:43:41.188214-08:00,write,key_987,337.75,true,false,7425
2025-11-27T16:43:41.188221-08:00,write,key_635,338.01,true,false,7424
2025-11-27T16:43:41.188214-08:00,write,key_824,338.05,true,false,7423
2025-11-27T16:43:41.188535-08:00,write,key_620,338.68,true,false,7423
2025-11-27T16:43:41.188497-08:00,write,key_565,340.03,true,false,7425
2025-11-27T16:43:41.422559-08:00,write,key_562,311.41,true,false,7424
2025-11-27T16:43:41.423204-08:00,write,key_862,310.78,true,false,7426
2025-11-27T16:43:41.525896-08:00,write,key_176,312.26,true,false,7428
2025-11-27T16:43:41.525961-08:00,write,key_147,312.20,true,false,7427
2025-11-27T16:43:41.527216-08:00,write,key_116,310.95,true,false,7429
2025-11-27T16:43:41.525921-08:00,write,key_306,312.25,true,false,7428
2025-11-27T16:43:41.526264-08:00,write,key_638,311.96,true,false,7427
2025-11-27T16:43:41.525912-08:00,write,key_884,312.33,true,false,7427
2025-11-27T16:43:41.52623-08:00,write,key_461,312.03,true,false,7427
2025-11-27T16:43:41.528532-08:00,write,key_365,309.74,true,false,7428
2025-11-27T16:43:41.838264-08:00,read,key_973,3.53,true,false,6314
2025-11-27T16:43:41.733976-08:00,write,key_291,323.96,true,false,7430
2025-11-27T16:43:41.73399-08:00,write,key_114,323.95,true,false,7430
2025-11-27T16:43:41.838277-08:00,write,key_340,318.58,true,false,7432
2025-11-27T16:43:41.838227-08:00,write,key_127,322.90,true,false,7430
2025-11-27T16:43:41.838163-08:00,write,key_687,323.43,true,false,7431
2025-11-27T16:43:41.83816-08:00,write,key_946,323.46,true,false,7432
2025-11-27T16:43:41.841795-08:00,write,key_815,321.06,true,false,7435
2025-11-27T16:43:41.838238-08:00,write,key_561,324.62,true,false,7431
2025-11-27T16:43:41.838173-08:00,write,key_515,324.70,true,false,7433
2025-11-27T16:43:41.83816-08:00,write,key_930,324.83,true,false,7434
2025-11-27T16:43:42.057938-08:00,write,key_404,304.11,true,false,7431
2025-11-27T16:43:42.057943-08:00,write,key_575,304.11,true,false,7436
2025-11-27T16:43:42.156867-08:00,write,key_114,307.94,true,false,7436
2025-11-27T16:43:42.161625-08:00,write,key_296,327.63,true,false,7436
2025-11-27T16:43:42.161595-08:00,write,key_569,327.66,true,false,7437
2025-11-27T16:43:42.162876-08:00,write,key_561,326.41,true,false,7437
2025-11-27T16:43:42.162988-08:00,write,key_619,326.39,true,false,7437
2025-11-27T16:43:42.162861-08:00,write,key_671,326.55,true,false,7439
2025-11-27T16:43:42.162854-08:00,write,key_349,326.56,true,false,7437
2025-11-27T16:43:42.161227-08:00,write,key_638,328.19,true,false,7438
2025-11-27T16:43:42.489415-08:00,read,key_267,0.81,true,false,7390
2025-11-27T16:43:42.489255-08:00,read,key_964,1.02,true,false,7270
2025-11-27T16:43:42.36205-08:00,write,key_806,310.08,true,false,7438
2025-11-27T16:43:42.362058-08:00,write,key_305,310.08,true,false,7438
2025-11-27T16:43:42.46481-08:00,write,key_880,312.69,true,false,7437
2025-11-27T16:43:42.489422-08:00,write,key_616,308.17,true,false,7440
2025-11-27T16:43:42.489288-08:00,write,key_577,308.32,true,false,7441
2025-11-27T16:43:42.48941-08:00,write,key_801,308.22,true,false,7440
2025-11-27T16:43:42.489255-08:00,write,key_364,308.54,true,false,7440
2025-11-27T16:43:42.797799-08:00,read,key_405,2.31,true,false,7380
2025-11-27T16:43:42.80011-08:00,read,key_418,0.89,true,false,7266
2025-11-27T16:43:42.797598-08:00,read,key_631,3.44,true,false,7388
2025-11-27T16:43:42.490221-08:00,write,key_176,318.50,true,false,7441
2025-11-27T16:43:42.490271-08:00,write,key_864,318.46,true,false,7442
2025-11-27T16:43:42.489381-08:00,write,key_710,319.45,true,false,7442
2025-11-27T16:43:42.67213-08:00,write,key_698,308.85,true,false,7440
2025-11-27T16:43:42.672141-08:00,write,key_688,308.91,true,false,7443
2025-11-27T16:43:42.777511-08:00,write,key_887,309.92,true,false,7443
2025-11-27T16:43:42.800999-08:00,write,key_958,306.32,true,false,7444
2025-11-27T16:43:42.797632-08:00,write,key_965,309.76,true,false,7444
2025-11-27T16:43:42.801035-08:00,write,key_4,307.63,true,false,7443
2025-11-27T16:43:42.79761-08:00,write,key_253,311.27,true,false,7442
2025-11-27T16:43:43.107392-08:00,read,key_327,5.19,true,false,6941
2025-11-27T16:43:42.808724-08:00,write,key_117,309.11,true,false,7445
2025-11-27T16:43:43.112589-08:00,read,key_569,6.61,true,false,7437
2025-11-27T16:43:42.808735-08:00,write,key_653,310.49,true,false,7443
2025-11-27T16:43:42.808827-08:00,write,key_690,310.52,true,false,7444
2025-11-27T16:43:43.119231-08:00,read,key_967,0.60,true,false,7297
2025-11-27T16:43:43.1192-08:00,read,key_670,1.81,true,false,7067
2025-11-27T16:43:42.981048-08:00,write,key_843,311.84,true,false,7445
2025-11-27T16:43:42.980978-08:00,write,key_780,312.33,true,false,7446
2025-11-27T16:43:43.087433-08:00,write,key_886,309.89,true,false,7446
2025-11-27T16:43:43.108671-08:00,write,key_953,306.86,true,false,7447
2025-11-27T16:43:43.107322-08:00,write,key_118,308.22,true,false,7445
2025-11-27T16:43:43.108882-08:00,write,key_560,306.66,true,false,7445
2025-11-27T16:43:43.117841-08:00,write,key_887,305.46,true,false,7448
2025-11-27T16:43:43.42331-08:00,read,key_803,0.71,true,false,7400
2025-11-27T16:43:43.121007-08:00,write,key_307,304.02,true,false,7449
2025-11-27T16:43:43.119834-08:00,write,key_267,305.23,true,false,7448
2025-11-27T16:43:43.11935-08:00,write,key_260,305.73,true,false,7447
2025-11-27T16:43:43.292888-08:00,write,key_174,313.30,true,false,7447
2025-11-27T16:43:43.293314-08:00,write,key_62,313.04,true,false,7449
2025-11-27T16:43:43.397331-08:00,write,key_461,316.66,true,false,7450
2025-11-27T16:43:43.415536-08:00,write,key_3,308.08,true,false,7448
2025-11-27T16:43:43.415545-08:00,write,key_862,308.10,true,false,7452
2025-11-27T16:43:43.415542-08:00,write,key_576,308.14,true,false,7451
2025-11-27T16:43:43.42508-08:00,write,key_403,303.82,true,false,7451
2025-11-27T16:43:43.425027-08:00,write,key_171,303.90,true,false,7450
2025-11-27T16:43:43.42507-08:00,write,key_988,303.88,true,false,7450
2025-11-27T16:43:43.424022-08:00,write,key_773,305.44,true,false,7450
2025-11-27T16:43:43.606193-08:00,write,key_418,306.89,true,false,7450
2025-11-27T16:43:43.606356-08:00,write,key_635,306.74,true,false,7451
2025-11-27T16:43:43.714002-08:00,write,key_817,311.56,true,false,7452
2025-11-27T16:43:43.723623-08:00,write,key_250,305.36,true,false,7453
2025-11-27T16:43:43.723677-08:00,write,key_416,305.39,true,false,7453
2025-11-27T16:43:43.723646-08:00,write,key_970,307.34,true,false,7453
2025-11-27T16:43:44.030985-08:00,read,key_780,0.86,true,false,7446
2025-11-27T16:43:43.729464-08:00,write,key_400,303.61,true,false,7453
2025-11-27T16:43:43.72895-08:00,write,key_961,308.50,true,false,7455
2025-11-27T16:43:43.728924-08:00,write,key_523,308.54,true,false,7454
2025-11-27T16:43:43.728906-08:00,write,key_131,308.57,true,false,7456
2025-11-27T16:43:43.913087-08:00,write,key_869,309.63,true,false,7457
2025-11-27T16:43:43.913094-08:00,write,key_294,309.66,true,false,7454
2025-11-27T16:43:44.025563-08:00,write,key_371,305.56,true,false,7454
2025-11-27T16:43:44.028989-08:00,write,key_466,303.86,true,false,7457
2025-11-27T16:43:44.029066-08:00,write,key_777,303.79,true,false,7458
2025-11-27T16:43:44.031879-08:00,write,key_113,306.51,true,false,7456
2025-11-27T16:43:44.033076-08:00,write,key_362,306.91,true,false,7459
2025-11-27T16:43:44.037451-08:00,write,key_229,304.53,true,false,7457
2025-11-27T16:43:44.037467-08:00,write,key_620,312.15,true,false,7460
2025-11-27T16:43:44.037477-08:00,write,key_832,312.27,true,false,7457
2025-11-27T16:43:44.349752-08:00,read,key_413,0.71,true,false,7229
2025-11-27T16:43:44.222726-08:00,write,key_127,313.95,true,false,7461
2025-11-27T16:43:44.222751-08:00,write,key_623,313.93,true,false,7458
2025-11-27T16:43:44.536677-08:00,read,key_414,1.86,true,false,7356
2025-11-27T16:43:44.332853-08:00,write,key_112,310.36,true,false,7459
2025-11-27T16:43:44.338395-08:00,write,key_977,304.84,true,false,7459
2025-11-27T16:43:44.339987-08:00,write,key_883,303.37,true,false,7462
2025-11-27T16:43:44.332849-08:00,write,key_119,310.55,true,false,7462
2025-11-27T16:43:44.331124-08:00,write,key_268,312.32,true,false,7459
2025-11-27T16:43:44.341988-08:00,write,key_113,312.44,true,false,7463
2025-11-27T16:43:44.350468-08:00,write,key_814,305.67,true,false,7461
2025-11-27T16:43:44.349614-08:00,write,key_262,307.02,true,false,7464
2025-11-27T16:43:44.538538-08:00,write,key_153,308.91,true,false,7465
2025-11-27T16:43:44.536682-08:00,write,key_983,313.03,true,false,7462
2025-11-27T16:43:44.847456-08:00,read,key_973,4.11,true,false,6314
2025-11-27T16:43:44.851567-08:00,read,key_341,1.15,true,false,6490
2025-11-27T16:43:44.64324-08:00,write,key_684,307.63,true,false,7466
2025-11-27T16:43:44.643448-08:00,write,key_859,307.56,true,false,7467
2025-11-27T16:43:44.643355-08:00,write,key_808,308.03,true,false,7466
2025-11-27T16:43:44.643219-08:00,write,key_324,310.21,true,false,7463
2025-11-27T16:43:44.643397-08:00,write,key_488,310.06,true,false,7467
2025-11-27T16:43:44.656137-08:00,write,key_510,305.18,true,false,7465
2025-11-27T16:43:44.656633-08:00,write,key_966,305.32,true,false,7468
2025-11-27T16:43:44.654435-08:00,write,key_118,307.61,true,false,7468
2025-11-27T16:43:44.852713-08:00,write,key_347,306.61,true,false,7466
2025-11-27T16:43:44.849714-08:00,write,key_937,309.62,true,false,7466
2025-11-27T16:43:45.159335-08:00,read,key_575,0.54,true,false,7436
2025-11-27T16:43:44.953426-08:00,write,key_290,306.88,true,false,7470
2025-11-27T16:43:44.953453-08:00,write,key_937,306.87,true,false,7471
2025-11-27T16:43:44.951011-08:00,write,key_129,309.34,true,false,7468
2025-11-27T16:43:44.951382-08:00,write,key_92,309.06,true,false,7469
2025-11-27T16:43:44.95087-08:00,write,key_616,309.77,true,false,7469
2025-11-27T16:43:44.961955-08:00,write,key_612,304.40,true,false,7469
2025-11-27T16:43:44.962043-08:00,write,key_803,304.35,true,false,7472
2025-11-27T16:43:44.961315-08:00,write,key_367,305.08,true,false,7469
2025-11-27T16:43:45.266391-08:00,read,key_28,2.77,true,false,7373
2025-11-27T16:43:45.159325-08:00,write,key_253,307.37,true,false,7470
2025-11-27T16:43:45.159876-08:00,write,key_815,306.84,true,false,7470
2025-11-27T16:43:45.46672-08:00,read,key_118,1.55,true,false,7468
2025-11-27T16:43:45.260314-08:00,write,key_935,309.98,true,false,7472
2025-11-27T16:43:45.260645-08:00,write,key_114,310.04,true,false,7473
2025-11-27T16:43:45.260322-08:00,write,key_888,310.40,true,false,7473
2025-11-27T16:43:45.260356-08:00,write,key_723,311.01,true,false,7474
2025-11-27T16:43:45.260441-08:00,write,key_514,315.23,true,false,7474
2025-11-27T16:43:45.266399-08:00,write,key_221,309.70,true,false,7475
2025-11-27T16:43:45.269161-08:00,write,key_517,307.10,true,false,7475
2025-11-27T16:43:45.266357-08:00,write,key_469,310.00,true,false,7473
2025-11-27T16:43:45.575671-08:00,read,key_967,2.22,true,false,7297
2025-11-27T16:43:45.466697-08:00,write,key_467,311.90,true,false,7473
2025-11-27T16:43:45.468271-08:00,write,key_888,311.33,true,false,7476
2025-11-27T16:43:45.779601-08:00,read,key_867,5.08,true,false,7397
2025-11-27T16:43:45.576356-08:00,write,key_464,308.51,true,false,7476
2025-11-27T16:43:45.576096-08:00,write,key_346,308.78,true,false,7476
2025-11-27T16:43:45.570719-08:00,write,key_684,314.19,true,false,7477
2025-11-27T16:43:45.570682-08:00,write,key_410,314.25,true,false,7476
2025-11-27T16:43:45.571371-08:00,write,key_405,313.57,true,false,7478
2025-11-27T16:43:45.570305-08:00,write,key_580,314.68,true,false,7477
2025-11-27T16:43:45.576263-08:00,write,key_128,311.41,true,false,7478
2025-11-27T16:43:45.577889-08:00,write,key_403,309.80,true,false,7479
2025-11-27T16:43:45.784687-08:00,write,key_932,304.85,true,false,7480
2025-11-27T16:43:45.77862-08:00,write,key_359,310.93,true,false,7477
2025-11-27T16:43:45.884877-08:00,write,key_889,307.72,true,false,7481
2025-11-27T16:43:45.884931-08:00,write,key_882,307.68,true,false,7480
2025-11-27T16:43:45.884945-08:00,write,key_725,307.69,true,false,7480
2025-11-27T16:43:45.884986-08:00,write,key_787,307.66,true,false,7481
2025-11-27T16:43:45.884908-08:00,write,key_639,307.79,true,false,7481
2025-11-27T16:43:45.887673-08:00,write,key_882,306.16,true,false,7480
2025-11-27T16:43:45.884869-08:00,write,key_261,310.75,true,false,7482
2025-11-27T16:43:45.887694-08:00,write,key_119,308.87,true,false,7483
2025-11-27T16:43:46.089542-08:00,write,key_575,310.61,true,false,7484
2025-11-27T16:43:46.089548-08:00,write,key_819,310.83,true,false,7482
2025-11-27T16:43:46.400159-08:00,read,key_352,2.21,true,false,6946
2025-11-27T16:43:46.195623-08:00,write,key_125,305.34,true,false,7485
2025-11-27T16:43:46.196564-08:00,write,key_674,304.43,true,false,7484
2025-11-27T16:43:46.192613-08:00,write,key_965,308.39,true,false,7483
2025-11-27T16:43:46.192698-08:00,write,key_402,308.33,true,false,7484
2025-11-27T16:43:46.192597-08:00,write,key_295,308.57,true,false,7486
2025-11-27T16:43:46.192636-08:00,write,key_807,308.73,true,false,7484
2025-11-27T16:43:46.501169-08:00,read,key_486,2.48,true,false,7041
2025-11-27T16:43:46.501005-08:00,read,key_816,2.64,true,false,7010
2025-11-27T16:43:46.193833-08:00,write,key_261,309.89,true,false,7485
2025-11-27T16:43:46.192649-08:00,write,key_331,311.43,true,false,7485
2025-11-27T16:43:46.504084-08:00,read,key_612,1.37,true,false,7469
2025-11-27T16:43:46.501365-08:00,read,key_619,5.07,true,false,7437
2025-11-27T16:43:46.40038-08:00,write,key_516,308.10,true,false,7485
2025-11-27T16:43:46.402373-08:00,write,key_808,308.03,true,false,7487
2025-11-27T16:43:46.500961-08:00,write,key_123,309.77,true,false,7487
2025-11-27T16:43:46.503648-08:00,write,key_266,307.15,true,false,7488
2025-11-27T16:43:46.503645-08:00,write,key_151,307.16,true,false,7488
2025-11-27T16:43:46.501025-08:00,write,key_222,309.78,true,false,7487
2025-11-27T16:43:46.500998-08:00,write,key_378,309.86,true,false,7487
2025-11-27T16:43:46.810803-08:00,read,key_112,2.67,true,false,7459
2025-11-27T16:43:46.503725-08:00,write,key_260,313.51,true,false,7489
2025-11-27T16:43:46.506439-08:00,write,key_636,310.81,true,false,7490
2025-11-27T16:43:46.505459-08:00,write,key_60,313.25,true,false,7489
2025-11-27T16:43:46.708484-08:00,write,key_321,308.88,true,false,7488
2025-11-27T16:43:46.710401-08:00,write,key_357,309.31,true,false,7491
2025-11-27T16:43:46.810734-08:00,write,key_180,312.04,true,false,7493
2025-11-27T16:43:46.810805-08:00,write,key_868,312.02,true,false,7492
2025-11-27T16:43:46.810795-08:00,write,key_679,312.24,true,false,7489
2025-11-27T16:43:46.810855-08:00,write,key_269,313.04,true,false,7494
2025-11-27T16:43:46.813479-08:00,write,key_932,311.62,true,false,7495
2025-11-27T16:43:46.817235-08:00,write,key_343,307.88,true,false,7491
2025-11-27T16:43:46.817255-08:00,write,key_515,308.82,true,false,7491
2025-11-27T16:43:46.818713-08:00,write,key_719,309.13,true,false,7492
2025-11-27T16:43:47.019708-08:00,write,key_483,304.86,true,false,7497
2025-11-27T16:43:47.017371-08:00,write,key_260,307.22,true,false,7496
2025-11-27T16:43:47.122773-08:00,write,key_963,308.27,true,false,7496
2025-11-27T16:43:47.125117-08:00,write,key_113,306.12,true,false,7498
2025-11-27T16:43:47.123032-08:00,write,key_469,309.02,true,false,7496
2025-11-27T16:43:47.122824-08:00,write,key_69,309.31,true,false,7496
2025-11-27T16:43:47.125103-08:00,write,key_379,307.39,true,false,7498
2025-11-27T16:43:47.12608-08:00,write,key_309,306.86,true,false,7497
2025-11-27T16:43:47.127848-08:00,write,key_444,307.31,true,false,7497
2025-11-27T16:43:47.1239-08:00,write,key_329,312.47,true,false,7498
2025-11-27T16:43:47.324572-08:00,write,key_328,309.12,true,false,7499
2025-11-27T16:43:47.324588-08:00,write,key_377,309.12,true,false,7498
2025-11-27T16:43:47.431042-08:00,write,key_332,310.35,true,false,7501
2025-11-27T16:43:47.43213-08:00,write,key_324,309.27,true,false,7500
2025-11-27T16:43:47.432499-08:00,write,key_133,308.92,true,false,7499
2025-11-27T16:43:47.431237-08:00,write,key_808,310.19,true,false,7499
2025-11-27T16:43:47.435155-08:00,write,key_567,306.30,true,false,7500
2025-11-27T16:43:47.43294-08:00,write,key_264,308.53,true,false,7499
2025-11-27T16:43:47.432055-08:00,write,key_933,309.46,true,false,7500
2025-11-27T16:43:47.74142-08:00,read,key_719,2.59,true,false,7492
2025-11-27T16:43:47.436374-08:00,write,key_561,308.26,true,false,7502
2025-11-27T16:43:47.633695-08:00,write,key_859,316.51,true,false,7503
2025-11-27T16:43:47.633705-08:00,write,key_198,316.55,true,false,7500
2025-11-27T16:43:47.950257-08:00,read,key_578,1.22,true,false,5205
2025-11-27T16:43:47.741461-08:00,write,key_111,310.06,true,false,7503
2025-11-27T16:43:47.741393-08:00,write,key_691,310.16,true,false,7502
2025-11-27T16:43:47.744631-08:00,write,key_740,306.96,true,false,7504
2025-11-27T16:43:47.741431-08:00,write,key_788,310.17,true,false,7505
2025-11-27T16:43:47.741398-08:00,write,key_583,310.86,true,false,7503
2025-11-27T16:43:47.741471-08:00,write,key_774,311.46,true,false,7504
2025-11-27T16:43:47.741518-08:00,write,key_782,311.46,true,false,7502
2025-11-27T16:43:47.744012-08:00,write,key_969,309.19,true,false,7503
2025-11-27T16:43:48.051556-08:00,read,key_198,4.01,true,false,7500
2025-11-27T16:43:47.950222-08:00,write,key_237,304.80,true,false,7506
2025-11-27T16:43:47.951481-08:00,write,key_516,306.86,true,false,7504
2025-11-27T16:43:48.051593-08:00,write,key_524,308.52,true,false,7507
2025-11-27T16:43:48.051525-08:00,write,key_300,308.63,true,false,7506
2025-11-27T16:43:48.052928-08:00,write,key_63,307.26,true,false,7507
2025-11-27T16:43:48.051601-08:00,write,key_713,308.75,true,false,7508
2025-11-27T16:43:48.053201-08:00,write,key_326,309.07,true,false,7508
2025-11-27T16:43:48.052257-08:00,write,key_637,310.04,true,false,7507
2025-11-27T16:43:48.052977-08:00,write,key_614,309.98,true,false,7508
2025-11-27T16:43:48.055567-08:00,write,key_775,310.48,true,false,7509
2025-11-27T16:43:48.362274-08:00,read,key_617,4.54,true,false,7387
2025-11-27T16:43:48.255033-08:00,write,key_405,323.26,true,false,7510
2025-11-27T16:43:48.258343-08:00,write,key_621,319.96,true,false,7507
2025-11-27T16:43:48.362955-08:00,write,key_120,309.73,true,false,7510
2025-11-27T16:43:48.360119-08:00,write,key_710,313.14,true,false,7509
2025-11-27T16:43:48.366045-08:00,write,key_117,313.88,true,false,7512
2025-11-27T16:43:48.36016-08:00,write,key_297,319.82,true,false,7510
2025-11-27T16:43:48.362301-08:00,write,key_228,317.73,true,false,7510
2025-11-27T16:43:48.36035-08:00,write,key_27,319.77,true,false,7511
2025-11-27T16:43:48.360194-08:00,write,key_170,319.96,true,false,7509
2025-11-27T16:43:48.366812-08:00,write,key_344,315.23,true,false,7513
2025-11-27T16:43:48.578292-08:00,write,key_932,305.46,true,false,7511
2025-11-27T16:43:48.5783-08:00,write,key_729,305.46,true,false,7511
2025-11-27T16:43:48.883765-08:00,read,key_616,1.93,true,false,7469
2025-11-27T16:43:48.673266-08:00,write,key_568,306.67,true,false,7514
2025-11-27T16:43:48.672692-08:00,write,key_868,307.50,true,false,7512
2025-11-27T16:43:48.680118-08:00,write,key_222,304.59,true,false,7514
2025-11-27T16:43:48.679982-08:00,write,key_916,304.77,true,false,7515
2025-11-27T16:43:48.679925-08:00,write,key_256,305.61,true,false,7514
2025-11-27T16:43:48.680032-08:00,write,key_290,306.68,true,false,7515
2025-11-27T16:43:48.680155-08:00,write,key_264,308.62,true,false,7514
2025-11-27T16:43:48.682046-08:00,write,key_413,309.57,true,false,7516
2025-11-27T16:43:48.885697-08:00,write,key_851,305.74,true,false,7514
2025-11-27T16:43:48.883753-08:00,write,key_461,308.41,true,false,7515
2025-11-27T16:43:48.980194-08:00,write,key_665,307.40,true,false,7517
2025-11-27T16:43:48.979938-08:00,write,key_929,307.74,true,false,7515
2025-11-27T16:43:48.986712-08:00,write,key_340,304.98,true,false,7517
2025-11-27T16:43:48.985534-08:00,write,key_187,306.18,true,false,7516
2025-11-27T16:43:48.984708-08:00,write,key_814,307.02,true,false,7518
2025-11-27T16:43:48.984749-08:00,write,key_112,307.52,true,false,7517
2025-11-27T16:43:48.988777-08:00,write,key_464,306.10,true,false,7518
2025-11-27T16:43:48.991618-08:00,write,key_322,304.85,true,false,7519
2025-11-27T16:43:49.192165-08:00,write,key_616,303.54,true,false,7518
2025-11-27T16:43:49.191448-08:00,write,key_322,304.28,true,false,7517
2025-11-27T16:43:49.291695-08:00,write,key_325,304.44,true,false,7520
2025-11-27T16:43:49.287597-08:00,write,key_298,308.56,true,false,7519
2025-11-27T16:43:49.287684-08:00,write,key_611,308.47,true,false,7518
2025-11-27T16:43:49.291732-08:00,write,key_345,304.46,true,false,7520
2025-11-27T16:43:49.291719-08:00,write,key_710,304.50,true,false,7520
2025-11-27T16:43:49.292274-08:00,write,key_597,305.76,true,false,7519
2025-11-27T16:43:49.294881-08:00,write,key_981,306.35,true,false,7521
2025-11-27T16:43:49.29647-08:00,write,key_400,305.44,true,false,7520
2025-11-27T16:43:49.495731-08:00,write,key_183,309.39,true,false,7522
2025-11-27T16:43:49.49571-08:00,write,key_987,314.87,true,false,7520
2025-11-27T16:43:49.810587-08:00,read,key_235,1.29,true,false,6983
2025-11-27T16:43:49.596146-08:00,write,key_774,314.23,true,false,7522
2025-11-27T16:43:49.596156-08:00,write,key_468,314.23,true,false,7521
2025-11-27T16:43:49.598033-08:00,write,key_665,312.37,true,false,7521
2025-11-27T16:43:49.596155-08:00,write,key_810,314.30,true,false,7523
2025-11-27T16:43:49.596189-08:00,write,key_358,314.35,true,false,7523
2025-11-27T16:43:49.59622-08:00,write,key_196,314.43,true,false,7522
2025-11-27T16:43:49.601229-08:00,write,key_573,315.95,true,false,7523
2025-11-27T16:43:49.601916-08:00,write,key_781,318.01,true,false,7524
2025-11-27T16:43:49.805128-08:00,write,key_942,316.34,true,false,7524
2025-11-27T16:43:49.81188-08:00,write,key_156,312.54,true,false,7525
2025-11-27T16:43:49.917181-08:00,write,key_110,308.75,true,false,7528
2025-11-27T16:43:49.910376-08:00,write,key_964,315.63,true,false,7526
2025-11-27T16:43:49.91046-08:00,write,key_111,315.61,true,false,7524
2025-11-27T16:43:49.910539-08:00,write,key_225,315.54,true,false,7524
2025-11-27T16:43:49.910385-08:00,write,key_514,315.75,true,false,7526
2025-11-27T16:43:49.910646-08:00,write,key_705,315.62,true,false,7527
2025-11-27T16:43:49.910405-08:00,write,key_718,316.18,true,false,7525
2025-11-27T16:43:49.919925-08:00,write,key_517,307.96,true,false,7525
2025-11-27T16:43:50.22613-08:00,read,key_295,3.31,true,false,7486
2025-11-27T16:43:50.121501-08:00,write,key_586,309.58,true,false,7526
2025-11-27T16:43:50.124423-08:00,write,key_344,306.76,true,false,7527
2025-11-27T16:43:50.431092-08:00,read,key_417,4.82,true,false,7260
2025-11-27T16:43:50.226078-08:00,write,key_297,305.94,true,false,7529
2025-11-27T16:43:50.226075-08:00,write,key_704,306.10,true,false,7529
2025-11-27T16:43:50.225931-08:00,write,key_621,306.56,true,false,7530
2025-11-27T16:43:50.226006-08:00,write,key_178,308.99,true,false,7529
2025-11-27T16:43:50.532495-08:00,read,key_188,2.52,true,false,7001
2025-11-27T16:43:50.227888-08:00,write,key_49,307.15,true,false,7530
2025-11-27T16:43:50.226583-08:00,write,key_23,310.38,true,false,7529
2025-11-27T16:43:50.229446-08:00,write,key_805,309.53,true,false,7531
2025-11-27T16:43:50.226265-08:00,write,key_23,313.89,true,false,7532
2025-11-27T16:43:50.535039-08:00,read,key_151,8.22,true,false,7488
2025-11-27T16:43:50.435915-08:00,write,key_807,307.90,true,false,7532
2025-11-27T16:43:50.431184-08:00,write,key_869,312.66,true,false,7531
2025-11-27T16:43:50.534993-08:00,write,key_702,307.41,true,false,7532
2025-11-27T16:43:50.532172-08:00,write,key_269,310.25,true,false,7531
2025-11-27T16:43:50.532028-08:00,write,key_987,310.40,true,false,7533
2025-11-27T16:43:50.540158-08:00,write,key_801,306.27,true,false,7534
2025-11-27T16:43:50.536967-08:00,write,key_408,311.85,true,false,7533
2025-11-27T16:43:50.846433-08:00,read,key_783,4.24,true,false,7402
2025-11-27T16:43:50.53898-08:00,write,key_862,311.94,true,false,7533
2025-11-27T16:43:50.535018-08:00,write,key_881,317.96,true,false,7534
2025-11-27T16:43:50.543264-08:00,write,key_189,310.54,true,false,7535
2025-11-27T16:43:50.853809-08:00,read,key_306,2.41,true,false,7428
2025-11-27T16:43:50.743844-08:00,write,key_347,311.42,true,false,7536
2025-11-27T16:43:50.743823-08:00,write,key_785,317.18,true,false,7533
2025-11-27T16:43:50.84243-08:00,write,key_618,309.97,true,false,7534
2025-11-27T16:43:50.842409-08:00,write,key_127,310.01,true,false,7534
2025-11-27T16:43:50.842418-08:00,write,key_598,310.05,true,false,7535
2025-11-27T16:43:50.848816-08:00,write,key_375,305.05,true,false,7537
2025-11-27T16:43:51.152403-08:00,read,key_460,2.86,true,false,7286
2025-11-27T16:43:50.850679-08:00,write,key_956,307.74,true,false,7537
2025-11-27T16:43:50.850921-08:00,write,key_611,310.26,true,false,7536
2025-11-27T16:43:50.852977-08:00,write,key_769,309.17,true,false,7537
2025-11-27T16:43:50.856219-08:00,write,key_854,305.93,true,false,7536
2025-11-27T16:43:51.055273-08:00,write,key_576,312.44,true,false,7537
2025-11-27T16:43:51.061004-08:00,write,key_112,306.74,true,false,7538
2025-11-27T16:43:51.155273-08:00,write,key_346,306.11,true,false,7538
2025-11-27T16:43:51.152418-08:00,write,key_443,308.99,true,false,7538
2025-11-27T16:43:51.152467-08:00,write,key_327,311.37,true,false,7539
2025-11-27T16:43:51.153868-08:00,write,key_676,310.50,true,false,7541
2025-11-27T16:43:51.158424-08:00,write,key_638,306.17,true,false,7540
2025-11-27T16:43:51.464376-08:00,read,key_266,2.03,true,false,7488
2025-11-27T16:43:51.162153-08:00,write,key_212,306.08,true,false,7538
2025-11-27T16:43:51.162148-08:00,write,key_713,306.11,true,false,7539
2025-11-27T16:43:51.161181-08:00,write,key_985,308.16,true,false,7538
2025-11-27T16:43:51.36774-08:00,write,key_863,311.88,true,false,7543
2025-11-27T16:43:51.367713-08:00,write,key_514,311.95,true,false,7542
2025-11-27T16:43:51.679667-08:00,read,key_419,3.54,true,false,7150
2025-11-27T16:43:51.463843-08:00,write,key_290,309.11,true,false,7542
2025-11-27T16:43:51.461412-08:00,write,key_745,311.59,true,false,7542
2025-11-27T16:43:51.46139-08:00,write,key_118,311.65,true,false,7543
2025-11-27T16:43:51.468234-08:00,write,key_526,307.42,true,false,7542
2025-11-27T16:43:51.468256-08:00,write,key_811,307.87,true,false,7543
2025-11-27T16:43:51.469338-08:00,write,key_184,308.89,true,false,7544
2025-11-27T16:43:51.464598-08:00,write,key_25,317.28,true,false,7544
2025-11-27T16:43:51.466409-08:00,write,key_224,315.59,true,false,7545
2025-11-27T16:43:51.679656-08:00,write,key_466,307.10,true,false,7545
2025-11-27T16:43:51.68321-08:00,write,key_408,304.17,true,false,7544
2025-11-27T16:43:51.987386-08:00,read,key_782,1.90,true,false,7502
2025-11-27T16:43:51.776128-08:00,write,key_774,304.13,true,false,7546
2025-11-27T16:43:51.772961-08:00,write,key_329,308.38,true,false,7546
2025-11-27T16:43:51.775659-08:00,write,key_300,305.70,true,false,7547
2025-11-27T16:43:51.773044-08:00,write,key_377,308.50,true,false,7544
2025-11-27T16:43:51.773006-08:00,write,key_179,308.70,true,false,7546
2025-11-27T16:43:51.778229-08:00,write,key_802,307.01,true,false,7547
2025-11-27T16:43:51.781883-08:00,write,key_25,303.37,true,false,7547
2025-11-27T16:43:51.781998-08:00,write,key_988,304.27,true,false,7546
2025-11-27T16:43:51.986769-08:00,write,key_930,304.05,true,false,7547
2025-11-27T16:43:51.989284-08:00,write,key_151,305.92,true,false,7548
2025-11-27T16:43:52.081709-08:00,write,key_316,304.88,true,false,7548
2025-11-27T16:43:52.081541-08:00,write,key_225,305.07,true,false,7548
2025-11-27T16:43:52.080264-08:00,write,key_667,306.43,true,false,7548
2025-11-27T16:43:52.081339-08:00,write,key_568,305.50,true,false,7550
2025-11-27T16:43:52.085247-08:00,write,key_290,301.87,true,false,7549
2025-11-27T16:43:52.081361-08:00,write,key_582,305.78,true,false,7549
2025-11-27T16:43:52.085255-08:00,write,key_25,302.62,true,false,7548
2025-11-27T16:43:52.086267-08:00,write,key_781,303.62,true,false,7549
2025-11-27T16:43:52.290826-08:00,write,key_20,313.92,true,false,7549
2025-11-27T16:43:52.295204-08:00,write,key_190,309.62,true,false,7550
2025-11-27T16:43:52.387113-08:00,write,key_112,325.25,true,false,7551
2025-11-27T16:43:52.386837-08:00,write,key_717,325.56,true,false,7551
2025-11-27T16:43:52.389891-08:00,write,key_711,322.56,true,false,7553
2025-11-27T16:43:52.386607-08:00,write,key_958,325.85,true,false,7551
2025-11-27T16:43:52.387145-08:00,write,key_495,325.40,true,false,7552
2025-11-27T16:43:52.386692-08:00,write,key_953,325.87,true,false,7551
2025-11-27T16:43:52.386601-08:00,write,key_780,326.00,true,false,7551
2025-11-27T16:43:52.387877-08:00,write,key_305,324.83,true,false,7552
2025-11-27T16:43:52.712462-08:00,read,key_908,0.82,true,false,6664
2025-11-27T16:43:52.604824-08:00,write,key_115,314.25,true,false,7553
2025-11-27T16:43:52.604757-08:00,write,key_262,314.46,true,false,7552
2025-11-27T16:43:52.712398-08:00,write,key_964,308.99,true,false,7554
2025-11-27T16:43:52.712712-08:00,write,key_463,308.70,true,false,7556
2025-11-27T16:43:52.713281-08:00,write,key_913,308.14,true,false,7555
2025-11-27T16:43:52.712542-08:00,write,key_510,308.88,true,false,7554
2025-11-27T16:43:52.712446-08:00,write,key_821,309.05,true,false,7554
2025-11-27T16:43:52.712564-08:00,write,key_960,310.62,true,false,7555
2025-11-27T16:43:52.712606-08:00,write,key_320,310.70,true,false,7554
2025-11-27T16:43:52.712362-08:00,write,key_964,310.99,true,false,7555
2025-11-27T16:43:53.023304-08:00,read,key_742,3.38,true,false,7357
2025-11-27T16:43:53.021499-08:00,read,key_194,5.39,true,false,7111
2025-11-27T16:43:52.919078-08:00,write,key_561,310.23,true,false,7555
2025-11-27T16:43:52.91922-08:00,write,key_124,310.11,true,false,7556
2025-11-27T16:43:53.021422-08:00,write,key_631,314.70,true,false,7557
2025-11-27T16:43:53.021413-08:00,write,key_64,314.80,true,false,7559
2025-11-27T16:43:53.023183-08:00,write,key_255,313.05,true,false,7557
2025-11-27T16:43:53.021422-08:00,write,key_281,314.96,true,false,7558
2025-11-27T16:43:53.026885-08:00,write,key_560,309.52,true,false,7557
2025-11-27T16:43:53.021388-08:00,write,key_812,315.14,true,false,7558
2025-11-27T16:43:53.023366-08:00,write,key_761,313.39,true,false,7557
2025-11-27T16:43:53.026686-08:00,write,key_164,310.07,true,false,7557
2025-11-27T16:43:53.229308-08:00,write,key_125,316.19,true,false,7559
2025-11-27T16:43:53.229334-08:00,write,key_630,316.19,true,false,7560
2025-11-27T16:43:53.54552-08:00,read,key_785,1.39,true,false,7533
2025-11-27T16:43:53.336213-08:00,write,key_407,315.23,true,false,7561
2025-11-27T16:43:53.336387-08:00,write,key_179,315.07,true,false,7560
2025-11-27T16:43:53.336753-08:00,write,key_263,314.85,true,false,7560
2025-11-27T16:43:53.336532-08:00,write,key_769,315.29,true,false,7561
2025-11-27T16:43:53.336408-08:00,write,key_342,315.75,true,false,7561
2025-11-27T16:43:53.336755-08:00,write,key_569,315.59,true,false,7560
2025-11-27T16:43:53.336231-08:00,write,key_636,316.12,true,false,7561
2025-11-27T16:43:53.336122-08:00,write,key_325,316.78,true,false,7562
2025-11-27T16:43:53.652905-08:00,read,key_163,4.76,true,false,6540
2025-11-27T16:43:53.546915-08:00,write,key_725,312.49,true,false,7561
2025-11-27T16:43:53.545504-08:00,write,key_374,314.02,true,false,7563
2025-11-27T16:43:53.859407-08:00,read,key_178,4.04,true,false,7529
2025-11-27T16:43:53.863454-08:00,read,key_865,1.87,true,false,7111
2025-11-27T16:43:53.651607-08:00,write,key_787,310.02,true,false,7563
2025-11-27T16:43:53.652157-08:00,write,key_520,309.48,true,false,7563
2025-11-27T16:43:53.65146-08:00,write,key_929,310.22,true,false,7565
2025-11-27T16:43:53.65145-08:00,write,key_179,310.27,true,false,7564
2025-11-27T16:43:53.657664-08:00,write,key_760,306.46,true,false,7567
2025-11-27T16:43:53.652349-08:00,write,key_465,311.83,true,false,7566
2025-11-27T16:43:53.652352-08:00,write,key_813,311.83,true,false,7565
2025-11-27T16:43:53.651826-08:00,write,key_812,312.36,true,false,7564
2025-11-27T16:43:53.964182-08:00,read,key_781,1.72,true,false,7549
2025-11-27T16:43:53.9659-08:00,read,key_938,0.64,true,false,7325
2025-11-27T16:43:53.966538-08:00,read,key_886,2.04,true,false,7446
2025-11-27T16:43:53.865327-08:00,write,key_935,305.86,true,false,7564
2025-11-27T16:43:53.859523-08:00,write,key_569,311.67,true,false,7568
2025-11-27T16:43:53.964176-08:00,write,key_951,307.27,true,false,7568
2025-11-27T16:43:53.961682-08:00,write,key_290,309.76,true,false,7567
2025-11-27T16:43:53.964124-08:00,write,key_224,307.33,true,false,7569
2025-11-27T16:43:53.96164-08:00,write,key_637,309.82,true,false,7566
2025-11-27T16:43:53.96163-08:00,write,key_766,309.87,true,false,7566
2025-11-27T16:43:53.96419-08:00,write,key_316,307.71,true,false,7569
2025-11-27T16:43:53.961723-08:00,write,key_301,311.07,true,false,7568
2025-11-27T16:43:53.968582-08:00,write,key_884,315.88,true,false,7569
2025-11-27T16:43:54.27145-08:00,read,key_628,13.03,true,false,6035
2025-11-27T16:43:54.171192-08:00,write,key_613,306.74,true,false,7569
2025-11-27T16:43:54.17119-08:00,write,key_250,306.92,true,false,7570
2025-11-27T16:43:54.271904-08:00,write,key_227,317.70,true,false,7570
2025-11-27T16:43:54.284463-08:00,write,key_941,305.73,true,false,7571
2025-11-27T16:43:54.272798-08:00,write,key_816,317.68,true,false,7572
2025-11-27T16:43:54.27164-08:00,write,key_264,319.13,true,false,7571
2025-11-27T16:43:54.271459-08:00,write,key_571,319.84,true,false,7572
2025-11-27T16:43:54.284481-08:00,write,key_982,306.99,true,false,7570
2025-11-27T16:43:54.271457-08:00,write,key_423,320.31,true,false,7571
2025-11-27T16:43:54.271496-08:00,write,key_22,321.91,true,false,7570
2025-11-27T16:43:54.590771-08:00,read,key_362,7.90,true,false,7459
2025-11-27T16:43:54.47794-08:00,write,key_375,308.80,true,false,7573
2025-11-27T16:43:54.478114-08:00,write,key_858,308.65,true,false,7571
2025-11-27T16:43:54.590198-08:00,write,key_184,312.25,true,false,7574
2025-11-27T16:43:54.590483-08:00,write,key_296,311.98,true,false,7574
2025-11-27T16:43:54.598672-08:00,write,key_353,304.64,true,false,7574
2025-11-27T16:43:54.591303-08:00,write,key_865,312.05,true,false,7573
2025-11-27T16:43:54.589615-08:00,write,key_612,314.54,true,false,7575
2025-11-27T16:43:54.591474-08:00,write,key_945,312.68,true,false,7576
2025-11-27T16:43:54.591764-08:00,write,key_294,315.29,true,false,7577
2025-11-27T16:43:54.593408-08:00,write,key_114,313.69,true,false,7578
2025-11-27T16:43:54.903314-08:00,read,key_413,5.31,true,false,7516
2025-11-27T16:43:54.907095-08:00,read,key_264,1.86,true,false,7571
2025-11-27T16:43:54.786762-08:00,write,key_115,309.11,true,false,7579
2025-11-27T16:43:54.786747-08:00,write,key_122,309.14,true,false,7574
2025-11-27T16:43:55.095887-08:00,read,key_902,2.21,true,false,6610
2025-11-27T16:43:54.90246-08:00,write,key_467,307.70,true,false,7579
2025-11-27T16:43:54.902456-08:00,write,key_297,307.73,true,false,7579
2025-11-27T16:43:54.903352-08:00,write,key_560,307.63,true,false,7579
2025-11-27T16:43:54.904154-08:00,write,key_634,306.87,true,false,7580
2025-11-27T16:43:54.907051-08:00,write,key_660,304.48,true,false,7581
2025-11-27T16:43:54.904156-08:00,write,key_468,307.67,true,false,7580
2025-11-27T16:43:55.210182-08:00,read,key_809,1.65,true,false,7385
2025-11-27T16:43:54.908624-08:00,write,key_323,303.59,true,false,7580
2025-11-27T16:43:55.212212-08:00,read,key_178,0.56,true,false,7529
2025-11-27T16:43:54.908951-08:00,write,key_325,304.23,true,false,7582
2025-11-27T16:43:55.213183-08:00,read,key_863,0.43,true,false,7543
2025-11-27T16:43:55.095881-08:00,write,key_956,308.44,true,false,7580
2025-11-27T16:43:55.098101-08:00,write,key_295,306.28,true,false,7583
2025-11-27T16:43:55.404327-08:00,read,key_781,1.14,true,false,7549
2025-11-27T16:43:55.405471-08:00,read,key_174,0.76,true,false,7447
2025-11-27T16:43:55.211836-08:00,write,key_291,303.81,true,false,7582
2025-11-27T16:43:55.211026-08:00,write,key_327,305.42,true,false,7583
2025-11-27T16:43:55.210162-08:00,write,key_760,306.28,true,false,7582
2025-11-27T16:43:55.210988-08:00,write,key_306,307.68,true,false,7584
2025-11-27T16:43:55.213613-08:00,write,key_43,305.06,true,false,7583
2025-11-27T16:43:55.211825-08:00,write,key_466,306.91,true,false,7584
2025-11-27T16:43:55.211533-08:00,write,key_29,307.23,true,false,7585
2025-11-27T16:43:55.212774-08:00,write,key_810,307.15,true,false,7586
2025-11-27T16:43:55.515655-08:00,read,key_855,4.28,true,false,6718
2025-11-27T16:43:55.516446-08:00,read,key_159,3.51,true,false,7273
2025-11-27T16:43:55.406232-08:00,write,key_765,307.36,true,false,7587
2025-11-27T16:43:55.404385-08:00,write,key_297,309.39,true,false,7584
2025-11-27T16:43:55.713776-08:00,read,key_497,1.99,true,false,5836
2025-11-27T16:43:55.518733-08:00,write,key_789,307.96,true,false,7588
2025-11-27T16:43:55.518768-08:00,write,key_466,307.99,true,false,7589
2025-11-27T16:43:55.519936-08:00,write,key_403,306.84,true,false,7590
2025-11-27T16:43:55.519929-08:00,write,key_985,307.05,true,false,7589
2025-11-27T16:43:55.516445-08:00,write,key_468,310.69,true,false,7587
2025-11-27T16:43:55.519957-08:00,write,key_764,307.20,true,false,7588
2025-11-27T16:43:55.518672-08:00,write,key_299,308.51,true,false,7587
2025-11-27T16:43:55.518674-08:00,write,key_217,309.43,true,false,7588
2025-11-27T16:43:55.826763-08:00,read,key_323,4.29,true,false,7580
2025-11-27T16:43:55.827132-08:00,read,key_832,6.25,true,false,7457
2025-11-27T16:43:55.715766-08:00,write,key_193,309.17,true,false,7590
2025-11-27T16:43:55.713625-08:00,write,key_369,311.37,true,false,7591
2025-11-27T16:43:55.826776-08:00,write,key_855,308.82,true,false,7592
2025-11-27T16:43:55.826693-08:00,write,key_304,309.03,true,false,7591
2025-11-27T16:43:55.826984-08:00,write,key_580,308.76,true,false,7591
2025-11-27T16:43:55.828108-08:00,write,key_786,307.72,true,false,7591
2025-11-27T16:43:55.827155-08:00,write,key_301,309.48,true,false,7592
2025-11-27T16:43:55.827185-08:00,write,key_60,309.46,true,false,7593
2025-11-27T16:43:55.83339-08:00,write,key_980,303.27,true,false,7592
2025-11-27T16:43:55.831508-08:00,write,key_855,305.20,true,false,7592
2025-11-27T16:43:56.024949-08:00,write,key_724,313.10,true,false,7594
2025-11-27T16:43:56.024998-08:00,write,key_120,313.06,true,false,7592
2025-11-27T16:43:56.135829-08:00,write,key_933,309.97,true,false,7595
2025-11-27T16:43:56.135729-08:00,write,key_859,310.35,true,false,7594
2025-11-27T16:43:56.136642-08:00,write,key_462,309.46,true,false,7594
2025-11-27T16:43:56.135748-08:00,write,key_804,310.78,true,false,7597
2025-11-27T16:43:56.1356-08:00,write,key_582,311.57,true,false,7595
2025-11-27T16:43:56.136657-08:00,write,key_469,311.35,true,false,7596
2025-11-27T16:43:56.136713-08:00,write,key_180,311.44,true,false,7595
2025-11-27T16:43:56.136634-08:00,write,key_880,311.68,true,false,7596
2025-11-27T16:43:56.447171-08:00,read,key_516,4.41,true,false,7504
2025-11-27T16:43:56.33805-08:00,write,key_868,312.44,true,false,7598
2025-11-27T16:43:56.33806-08:00,write,key_370,312.45,true,false,7596
2025-11-27T16:43:56.445807-08:00,write,key_414,312.05,true,false,7598
2025-11-27T16:43:56.446085-08:00,write,key_303,311.87,true,false,7599
2025-11-27T16:43:56.448009-08:00,write,key_888,309.96,true,false,7599
2025-11-27T16:43:56.446107-08:00,write,key_324,311.87,true,false,7598
2025-11-27T16:43:56.448149-08:00,write,key_860,309.87,true,false,7599
2025-11-27T16:43:56.446534-08:00,write,key_722,311.60,true,false,7600
2025-11-27T16:43:56.448319-08:00,write,key_967,312.10,true,false,7600
2025-11-27T16:43:56.451582-08:00,write,key_267,308.91,true,false,7601
2025-11-27T16:43:56.650497-08:00,write,key_869,311.06,true,false,7599
2025-11-27T16:43:56.650516-08:00,write,key_787,311.06,true,false,7602
2025-11-27T16:43:56.757955-08:00,write,key_295,320.99,true,false,7604
2025-11-27T16:43:56.760497-08:00,write,key_342,318.45,true,false,7607
2025-11-27T16:43:56.758019-08:00,write,key_909,321.02,true,false,7602
2025-11-27T16:43:56.757965-08:00,write,key_499,321.19,true,false,7604
2025-11-27T16:43:56.758137-08:00,write,key_324,321.02,true,false,7603
2025-11-27T16:43:56.757977-08:00,write,key_324,321.19,true,false,7605
2025-11-27T16:43:56.76042-08:00,write,key_295,318.81,true,false,7606
2025-11-27T16:43:56.757864-08:00,write,key_221,321.38,true,false,7603
2025-11-27T16:43:56.961566-08:00,write,key_806,312.73,true,false,7608
2025-11-27T16:43:56.961574-08:00,write,key_326,315.60,true,false,7608
2025-11-27T16:43:57.078948-08:00,write,key_159,309.30,true,false,7609
2025-11-27T16:43:57.079159-08:00,write,key_411,309.13,true,false,7608
2025-11-27T16:43:57.079234-08:00,write,key_983,309.06,true,false,7610
2025-11-27T16:43:57.079042-08:00,write,key_311,309.33,true,false,7609
2025-11-27T16:43:57.079152-08:00,write,key_263,310.83,true,false,7608
2025-11-27T16:43:57.078951-08:00,write,key_880,311.70,true,false,7609
2025-11-27T16:43:57.07924-08:00,write,key_111,311.43,true,false,7610
2025-11-27T16:43:57.079165-08:00,write,key_938,311.65,true,false,7610
2025-11-27T16:43:57.38829-08:00,read,key_258,4.51,true,false,7394
2025-11-27T16:43:57.274301-08:00,write,key_882,310.56,true,false,7611
2025-11-27T16:43:57.277171-08:00,write,key_311,307.72,true,false,7611
2025-11-27T16:43:57.388252-08:00,write,key_342,308.71,true,false,7612
2025-11-27T16:43:57.390671-08:00,write,key_343,306.35,true,false,7612
2025-11-27T16:43:57.390656-08:00,write,key_351,306.53,true,false,7611
2025-11-27T16:43:57.388297-08:00,write,key_290,308.93,true,false,7611
2025-11-27T16:43:57.389981-08:00,write,key_781,310.10,true,false,7612
2025-11-27T16:43:57.390815-08:00,write,key_198,309.30,true,false,7613
2025-11-27T16:43:57.388373-08:00,write,key_226,311.75,true,false,7614
2025-11-27T16:43:57.392799-08:00,write,key_120,310.04,true,false,7615
2025-11-27T16:43:57.702839-08:00,read,key_269,1.06,true,false,7531
2025-11-27T16:43:57.700118-08:00,read,key_65,3.80,true,false,6693
2025-11-27T16:43:57.584866-08:00,write,key_612,310.42,true,false,7612
2025-11-27T16:43:57.584893-08:00,write,key_812,310.42,true,false,7613
2025-11-27T16:43:57.697228-08:00,write,key_428,310.84,true,false,7615
2025-11-27T16:43:57.696962-08:00,write,key_297,311.12,true,false,7615
2025-11-27T16:43:57.700123-08:00,write,key_962,308.44,true,false,7616
2025-11-27T16:43:57.703915-08:00,write,key_252,305.13,true,false,7616
2025-11-27T16:43:57.703904-08:00,write,key_222,305.15,true,false,7617
2025-11-27T16:43:57.700083-08:00,write,key_295,310.40,true,false,7618
2025-11-27T16:43:58.00905-08:00,read,key_761,2.59,true,false,7557
2025-11-27T16:43:58.009052-08:00,read,key_618,2.59,true,false,7534
2025-11-27T16:43:57.697189-08:00,write,key_863,314.53,true,false,7616
2025-11-27T16:43:57.697021-08:00,write,key_662,314.76,true,false,7617
2025-11-27T16:43:57.895293-08:00,write,key_882,309.49,true,false,7616
2025-11-27T16:43:57.895312-08:00,write,key_368,309.49,true,false,7618
2025-11-27T16:43:58.008561-08:00,write,key_565,306.19,true,false,7619
2025-11-27T16:43:58.008086-08:00,write,key_221,307.02,true,false,7619
2025-11-27T16:43:58.008072-08:00,write,key_465,307.32,true,false,7618
2025-11-27T16:43:58.011778-08:00,write,key_415,306.83,true,false,7619
2025-11-27T16:43:58.011725-08:00,write,key_305,306.90,true,false,7620
2025-11-27T16:43:58.01164-08:00,write,key_408,307.01,true,false,7620
2025-11-27T16:43:58.010485-08:00,write,key_291,308.56,true,false,7619
2025-11-27T16:43:58.011639-08:00,write,key_469,307.43,true,false,7619
2025-11-27T16:43:58.318648-08:00,read,key_811,2.39,true,false,7543
2025-11-27T16:43:58.32104-08:00,read,key_63,0.98,true,false,7507
2025-11-27T16:43:58.204784-08:00,write,key_168,315.83,true,false,7622
2025-11-27T16:43:58.204801-08:00,write,key_378,315.84,true,false,7621
2025-11-27T16:43:58.318623-08:00,write,key_344,307.84,true,false,7622
2025-11-27T16:43:58.31539-08:00,write,key_953,311.86,true,false,7621
2025-11-27T16:43:58.315107-08:00,write,key_681,312.38,true,false,7621
2025-11-27T16:43:58.31905-08:00,write,key_22,308.52,true,false,7625
2025-11-27T16:43:58.318613-08:00,write,key_110,308.97,true,false,7622
2025-11-27T16:43:58.319068-08:00,write,key_92,309.23,true,false,7624
2025-11-27T16:43:58.314755-08:00,write,key_310,316.50,true,false,7623
2025-11-27T16:43:58.322026-08:00,write,key_867,310.31,true,false,7623
2025-11-27T16:43:58.628302-08:00,read,key_314,5.56,true,false,6780
2025-11-27T16:43:58.627486-08:00,read,key_125,6.41,true,false,7559
2025-11-27T16:43:58.520639-08:00,write,key_457,309.18,true,false,7623
2025-11-27T16:43:58.52062-08:00,write,key_952,309.21,true,false,7626
2025-11-27T16:43:58.627579-08:00,write,key_42,310.91,true,false,7628
2025-11-27T16:43:58.633867-08:00,write,key_611,304.93,true,false,7626
2025-11-27T16:43:58.631259-08:00,write,key_213,307.86,true,false,7628
2025-11-27T16:43:58.62648-08:00,write,key_374,313.20,true,false,7626
2025-11-27T16:43:58.627573-08:00,write,key_266,312.24,true,false,7627
2025-11-27T16:43:58.627251-08:00,write,key_742,312.71,true,false,7627
2025-11-27T16:43:58.632333-08:00,write,key_869,307.89,true,false,7627
2025-11-27T16:43:58.633895-08:00,write,key_464,309.58,true,false,7629
2025-11-27T16:43:58.829825-08:00,write,key_834,308.72,true,false,7630
2025-11-27T16:43:58.82983-08:00,write,key_269,308.97,true,false,7627
2025-11-27T16:43:58.939685-08:00,write,key_661,308.51,true,false,7631
2025-11-27T16:43:58.938802-08:00,write,key_413,310.54,true,false,7630
2025-11-27T16:43:58.940228-08:00,write,key_293,309.32,true,false,7630
2025-11-27T16:43:58.939812-08:00,write,key_610,309.89,true,false,7632
2025-11-27T16:43:58.938494-08:00,write,key_757,311.35,true,false,7633
2025-11-27T16:43:58.943481-08:00,write,key_222,306.39,true,false,7634
2025-11-27T16:43:58.939123-08:00,write,key_689,310.87,true,false,7631
2025-11-27T16:43:58.939957-08:00,write,key_414,312.98,true,false,7632
2025-11-27T16:43:59.249992-08:00,read,key_981,3.01,true,false,7521
2025-11-27T16:43:59.138797-08:00,write,key_265,310.88,true,false,7631
2025-11-27T16:43:59.138549-08:00,write,key_732,311.14,true,false,7631
2025-11-27T16:43:59.249347-08:00,write,key_961,309.58,true,false,7635
2025-11-27T16:43:59.252943-08:00,write,key_784,306.02,true,false,7636
2025-11-27T16:43:59.249546-08:00,write,key_49,309.43,true,false,7635
2025-11-27T16:43:59.249704-08:00,write,key_404,309.34,true,false,7636
2025-11-27T16:43:59.252998-08:00,write,key_559,306.10,true,false,7636
2025-11-27T16:43:59.249843-08:00,write,key_557,309.46,true,false,7635
2025-11-27T16:43:59.249874-08:00,write,key_592,309.44,true,false,7635
2025-11-27T16:43:59.248296-08:00,write,key_311,311.27,true,false,7635
2025-11-27T16:43:59.449681-08:00,write,key_968,309.18,true,false,7637
2025-11-27T16:43:59.449694-08:00,write,key_378,309.18,true,false,7636
2025-11-27T16:43:59.558963-08:00,write,key_554,308.51,true,false,7638
2025-11-27T16:43:59.558928-08:00,write,key_340,308.55,true,false,7638
2025-11-27T16:43:59.559565-08:00,write,key_516,307.99,true,false,7637
2025-11-27T16:43:59.559046-08:00,write,key_588,308.77,true,false,7637
2025-11-27T16:43:59.559318-08:00,write,key_345,308.53,true,false,7637
2025-11-27T16:43:59.559304-08:00,write,key_884,315.33,true,false,7640
2025-11-27T16:43:59.558974-08:00,write,key_769,315.72,true,false,7641
2025-11-27T16:43:59.559101-08:00,write,key_403,315.64,true,false,7639
2025-11-27T16:43:59.758878-08:00,write,key_421,310.09,true,false,7642
2025-11-27T16:43:59.758864-08:00,write,key_20,310.13,true,false,7638
2025-11-27T16:43:59.867476-08:00,write,key_448,307.87,true,false,7643
2025-11-27T16:43:59.867557-08:00,write,key_766,307.80,true,false,7643
2025-11-27T16:43:59.86782-08:00,write,key_965,307.58,true,false,7642
2025-11-27T16:43:59.867472-08:00,write,key_221,307.94,true,false,7642
2025-11-27T16:43:59.874747-08:00,write,key_722,302.53,true,false,7642
2025-11-27T16:43:59.867846-08:00,write,key_444,309.56,true,false,7643
2025-11-27T16:43:59.874637-08:00,write,key_888,309.27,true,false,7644
2025-11-27T16:43:59.874695-08:00,write,key_736,309.23,true,false,7644
2025-11-27T16:44:00.183912-08:00,read,key_815,0.88,true,false,7470
2025-11-27T16:44:00.068975-08:00,write,key_191,307.85,true,false,7643
2025-11-27T16:44:00.068996-08:00,write,key_980,308.05,true,false,7645
2025-11-27T16:44:00.17536-08:00,write,key_139,310.72,true,false,7646
2025-11-27T16:44:00.177409-08:00,write,key_815,308.72,true,false,7648
2025-11-27T16:44:00.175414-08:00,write,key_714,310.74,true,false,7647
2025-11-27T16:44:00.175352-08:00,write,key_161,310.88,true,false,7645
2025-11-27T16:44:00.177274-08:00,write,key_26,308.99,true,false,7644
2025-11-27T16:44:00.175402-08:00,write,key_496,310.92,true,false,7646
2025-11-27T16:44:00.183923-08:00,write,key_615,306.95,true,false,7647
2025-11-27T16:44:00.184793-08:00,write,key_803,306.12,true,false,7646
2025-11-27T16:44:00.486153-08:00,read,key_781,5.79,true,false,7612
2025-11-27T16:44:00.377045-08:00,write,key_411,315.09,true,false,7648
2025-11-27T16:44:00.376836-08:00,write,key_816,315.32,true,false,7649
2025-11-27T16:44:00.490873-08:00,write,key_305,304.10,true,false,7649
2025-11-27T16:44:00.486088-08:00,write,key_983,308.92,true,false,7650
2025-11-27T16:44:00.486232-08:00,write,key_664,308.80,true,false,7649
2025-11-27T16:44:00.486269-08:00,write,key_155,309.56,true,false,7650
2025-11-27T16:44:00.49091-08:00,write,key_324,308.79,true,false,7651
2025-11-27T16:44:00.486128-08:00,write,key_124,313.58,true,false,7650
2025-11-27T16:44:00.486326-08:00,write,key_626,314.33,true,false,7651
2025-11-27T16:44:00.491941-08:00,write,key_861,308.74,true,false,7652
2025-11-27T16:44:00.795833-08:00,read,key_48,8.20,true,false,6054
2025-11-27T16:44:00.692144-08:00,write,key_358,310.35,true,false,7653
2025-11-27T16:44:00.692157-08:00,write,key_806,310.35,true,false,7652
2025-11-27T16:44:01.002498-08:00,read,key_228,6.85,true,false,7510
2025-11-27T16:44:00.80066-08:00,write,key_30,307.66,true,false,7653
2025-11-27T16:44:00.795009-08:00,write,key_939,313.35,true,false,7654
2025-11-27T16:44:00.800681-08:00,write,key_580,307.69,true,false,7654
2025-11-27T16:44:00.795034-08:00,write,key_341,313.37,true,false,7653
2025-11-27T16:44:00.799699-08:00,write,key_266,309.05,true,false,7655
2025-11-27T16:44:00.799706-08:00,write,key_409,309.92,true,false,7653
2025-11-27T16:44:00.804038-08:00,write,key_367,305.62,true,false,7654
2025-11-27T16:44:00.794981-08:00,write,key_114,317.13,true,false,7655
2025-11-27T16:44:01.002507-08:00,write,key_988,314.05,true,false,7655
2025-11-27T16:44:01.009354-08:00,write,key_809,308.36,true,false,7656
2025-11-27T16:44:01.108373-08:00,write,key_350,309.40,true,false,7657
2025-11-27T16:44:01.108324-08:00,write,key_479,309.49,true,false,7656
2025-11-27T16:44:01.108407-08:00,write,key_596,309.49,true,false,7656
2025-11-27T16:44:01.10875-08:00,write,key_959,311.65,true,false,7656
2025-11-27T16:44:01.108365-08:00,write,key_326,312.31,true,false,7656
2025-11-27T16:44:01.112112-08:00,write,key_476,308.73,true,false,7657
2025-11-27T16:44:01.109657-08:00,write,key_223,315.52,true,false,7659
2025-11-27T16:44:01.109629-08:00,write,key_478,315.58,true,false,7658
2025-11-27T16:44:01.425213-08:00,read,key_966,2.94,true,false,7468
2025-11-27T16:44:01.317716-08:00,write,key_967,305.92,true,false,7660
2025-11-27T16:44:01.316572-08:00,write,key_811,308.12,true,false,7657
2025-11-27T16:44:01.420404-08:00,write,key_64,308.33,true,false,7661
2025-11-27T16:44:01.420839-08:00,write,key_469,307.93,true,false,7660
2025-11-27T16:44:01.417776-08:00,write,key_988,311.10,true,false,7660
2025-11-27T16:44:01.417893-08:00,write,key_729,311.04,true,false,7660
2025-11-27T16:44:01.420677-08:00,write,key_254,308.32,true,false,7660
2025-11-27T16:44:01.417811-08:00,write,key_221,311.63,true,false,7661
2025-11-27T16:44:01.425179-08:00,write,key_411,308.01,true,false,7662
2025-11-27T16:44:01.428153-08:00,write,key_939,306.29,true,false,7661
2025-11-27T16:44:01.623643-08:00,write,key_416,310.30,true,false,7663
2025-11-27T16:44:01.624693-08:00,write,key_887,309.31,true,false,7664
2025-11-27T16:44:01.734444-08:00,write,key_648,308.48,true,false,7664
2025-11-27T16:44:01.72894-08:00,write,key_823,313.99,true,false,7663
2025-11-27T16:44:01.729437-08:00,write,key_888,313.53,true,false,7666
2025-11-27T16:44:01.728774-08:00,write,key_373,314.22,true,false,7665
2025-11-27T16:44:01.728736-08:00,write,key_320,314.32,true,false,7663
2025-11-27T16:44:01.728874-08:00,write,key_880,314.32,true,false,7663
2025-11-27T16:44:01.729001-08:00,write,key_515,314.28,true,false,7664
2025-11-27T16:44:01.733194-08:00,write,key_62,310.41,true,false,7665
2025-11-27T16:44:02.043284-08:00,read,key_402,3.03,true,false,7484
2025-11-27T16:44:02.043055-08:00,read,key_265,3.28,true,false,7631
2025-11-27T16:44:02.042967-08:00,read,key_952,6.40,true,false,7626
2025-11-27T16:44:01.933946-08:00,write,key_350,310.30,true,false,7665
2025-11-27T16:44:01.934005-08:00,write,key_260,310.26,true,false,7667
2025-11-27T16:44:02.042929-08:00,write,key_610,305.09,true,false,7667
2025-11-27T16:44:02.042932-08:00,write,key_443,305.10,true,false,7668
2025-11-27T16:44:02.043608-08:00,write,key_615,304.48,true,false,7668
2025-11-27T16:44:02.04319-08:00,write,key_808,304.98,true,false,7668
2025-11-27T16:44:02.348092-08:00,read,key_366,0.55,true,false,6748
2025-11-27T16:44:02.348168-08:00,read,key_862,0.57,true,false,7533
2025-11-27T16:44:02.042994-08:00,write,key_765,305.78,true,false,7667
2025-11-27T16:44:02.046339-08:00,write,key_763,304.75,true,false,7668
2025-11-27T16:44:02.049365-08:00,write,key_225,303.56,true,false,7667
2025-11-27T16:44:02.046314-08:00,write,key_416,308.80,true,false,7669
2025-11-27T16:44:02.24427-08:00,write,key_515,308.12,true,false,7669
2025-11-27T16:44:02.244254-08:00,write,key_294,308.15,true,false,7670
2025-11-27T16:44:02.348743-08:00,write,key_628,308.70,true,false,7671
2025-11-27T16:44:02.348021-08:00,write,key_366,309.42,true,false,7669
2025-11-27T16:44:02.348645-08:00,write,key_529,308.82,true,false,7671
2025-11-27T16:44:02.348034-08:00,write,key_321,309.77,true,false,7670
2025-11-27T16:44:02.348778-08:00,write,key_584,311.62,true,false,7672
2025-11-27T16:44:02.352923-08:00,write,key_416,307.49,true,false,7671
2025-11-27T16:44:02.351094-08:00,write,key_221,309.86,true,false,7673
2025-11-27T16:44:02.355116-08:00,write,key_615,305.91,true,false,7670
2025-11-27T16:44:02.660956-08:00,read,key_806,1.84,true,false,7652
2025-11-27T16:44:02.552397-08:00,write,key_355,309.23,true,false,7675
2025-11-27T16:44:02.552408-08:00,write,key_769,309.22,true,false,7674
2025-11-27T16:44:02.661031-08:00,write,key_658,307.57,true,false,7676
2025-11-27T16:44:02.657446-08:00,write,key_493,311.18,true,false,7674
2025-11-27T16:44:02.657809-08:00,write,key_316,310.85,true,false,7677
2025-11-27T16:44:02.657446-08:00,write,key_127,311.32,true,false,7675
2025-11-27T16:44:02.657465-08:00,write,key_227,311.45,true,false,7676
2025-11-27T16:44:02.662794-08:00,write,key_682,308.11,true,false,7674
2025-11-27T16:44:02.660404-08:00,write,key_258,311.53,true,false,7678
2025-11-27T16:44:02.660415-08:00,write,key_321,311.53,true,false,7679
2025-11-27T16:44:02.968626-08:00,read,key_574,3.47,true,false,7250
2025-11-27T16:44:02.861629-08:00,write,key_964,314.32,true,false,7680
2025-11-27T16:44:02.861633-08:00,write,key_800,315.14,true,false,7676
2025-11-27T16:44:02.968767-08:00,write,key_427,310.76,true,false,7681
2025-11-27T16:44:02.9721-08:00,write,key_961,307.43,true,false,7680
2025-11-27T16:44:02.968911-08:00,write,key_322,310.63,true,false,7680
2025-11-27T16:44:02.97091-08:00,write,key_342,308.87,true,false,7680
2025-11-27T16:44:02.968602-08:00,write,key_767,311.37,true,false,7681
2025-11-27T16:44:02.971938-08:00,write,key_814,308.21,true,false,7682
2025-11-27T16:44:02.968658-08:00,write,key_254,311.59,true,false,7681
2025-11-27T16:44:02.971948-08:00,write,key_788,311.29,true,false,7683
2025-11-27T16:44:03.279974-08:00,read,key_722,4.33,true,false,7642
2025-11-27T16:44:03.176777-08:00,write,key_252,307.09,true,false,7682
2025-11-27T16:44:03.175955-08:00,write,key_983,308.99,true,false,7682
2025-11-27T16:44:03.483877-08:00,read,key_299,4.08,true,false,7587
2025-11-27T16:44:03.28431-08:00,write,key_400,305.22,true,false,7685
2025-11-27T16:44:03.279527-08:00,write,key_661,310.02,true,false,7684
2025-11-27T16:44:03.27954-08:00,write,key_812,311.02,true,false,7684
2025-11-27T16:44:03.279528-08:00,write,key_216,311.59,true,false,7684
2025-11-27T16:44:03.283237-08:00,write,key_363,307.91,true,false,7685
2025-11-27T16:44:03.279784-08:00,write,key_663,312.16,true,false,7684
2025-11-27T16:44:03.280247-08:00,write,key_938,311.74,true,false,7685
2025-11-27T16:44:03.280151-08:00,write,key_805,311.86,true,false,7686
2025-11-27T16:44:03.59056-08:00,read,key_122,3.11,true,false,7574
2025-11-27T16:44:03.484947-08:00,write,key_364,310.13,true,false,7684
2025-11-27T16:44:03.487957-08:00,write,key_361,307.13,true,false,7686
2025-11-27T16:44:03.591943-08:00,write,key_932,309.58,true,false,7688
2025-11-27T16:44:03.591991-08:00,write,key_931,309.56,true,false,7687
2025-11-27T16:44:03.593669-08:00,write,key_446,307.92,true,false,7688
2025-11-27T16:44:03.589544-08:00,write,key_460,312.14,true,false,7688
2025-11-27T16:44:03.589529-08:00,write,key_363,312.26,true,false,7687
2025-11-27T16:44:03.591149-08:00,write,key_951,310.87,true,false,7687
2025-11-27T16:44:03.592006-08:00,write,key_466,310.10,true,false,7687
2025-11-27T16:44:03.591114-08:00,write,key_194,311.33,true,false,7687
2025-11-27T16:44:03.795082-08:00,write,key_829,314.54,true,false,7689
2025-11-27T16:44:03.79509-08:00,write,key_29,314.76,true,false,7689
2025-11-27T16:44:03.901587-08:00,write,key_815,311.18,true,false,7691
2025-11-27T16:44:03.902106-08:00,write,key_224,310.72,true,false,7690
2025-11-27T16:44:03.902446-08:00,write,key_154,310.48,true,false,7690
2025-11-27T16:44:03.901553-08:00,write,key_888,311.75,true,false,7692
2025-11-27T16:44:03.901682-08:00,write,key_225,311.66,true,false,7691
2025-11-27T16:44:03.901791-08:00,write,key_415,312.92,true,false,7690
2025-11-27T16:44:03.902024-08:00,write,key_933,314.53,true,false,7690
2025-11-27T16:44:03.901523-08:00,write,key_413,315.04,true,false,7689
2025-11-27T16:44:04.213308-08:00,read,key_786,4.62,true,false,7591
2025-11-27T16:44:04.212823-08:00,read,key_420,7.72,true,false,7238
2025-11-27T16:44:04.109624-08:00,write,key_415,303.97,true,false,7691
2025-11-27T16:44:04.109854-08:00,write,key_406,303.74,true,false,7693
2025-11-27T16:44:04.214711-08:00,write,key_299,310.66,true,false,7693
2025-11-27T16:44:04.212768-08:00,write,key_869,312.79,true,false,7695
2025-11-27T16:44:04.220549-08:00,write,key_813,305.13,true,false,7694
2025-11-27T16:44:04.216559-08:00,write,key_322,309.71,true,false,7695
2025-11-27T16:44:04.212926-08:00,write,key_231,315.29,true,false,7694
2025-11-27T16:44:04.216565-08:00,write,key_340,311.68,true,false,7693
2025-11-27T16:44:04.21334-08:00,write,key_368,314.95,true,false,7694
2025-11-27T16:44:04.21793-08:00,write,key_767,313.82,true,false,7696
2025-11-27T16:44:04.525375-08:00,read,key_425,6.69,true,false,7227
2025-11-27T16:44:04.525562-08:00,read,key_801,6.62,true,false,7534
2025-11-27T16:44:04.413596-08:00,write,key_935,310.50,true,false,7694
2025-11-27T16:44:04.413594-08:00,write,key_492,310.51,true,false,7694
2025-11-27T16:44:04.528248-08:00,write,key_663,307.48,true,false,7697
2025-11-27T16:44:04.532061-08:00,write,key_46,303.71,true,false,7697
2025-11-27T16:44:04.528214-08:00,write,key_824,307.63,true,false,7697
2025-11-27T16:44:04.528288-08:00,write,key_984,307.65,true,false,7697
2025-11-27T16:44:04.532182-08:00,write,key_868,304.10,true,false,7697
2025-11-27T16:44:04.52627-08:00,write,key_662,314.65,true,false,7698
2025-11-27T16:44:04.525676-08:00,write,key_768,315.36,true,false,7699
2025-11-27T16:44:04.531751-08:00,write,key_951,309.53,true,false,7698
2025-11-27T16:44:04.724098-08:00,write,key_269,309.95,true,false,7698
2025-11-27T16:44:04.724109-08:00,write,key_37,309.95,true,false,7700
2025-11-27T16:44:04.83594-08:00,write,key_356,307.63,true,false,7701
2025-11-27T16:44:04.835727-08:00,write,key_32,307.85,true,false,7700
2025-11-27T16:44:04.835767-08:00,write,key_866,307.82,true,false,7699
2025-11-27T16:44:04.841034-08:00,write,key_720,305.39,true,false,7700
2025-11-27T16:44:04.84092-08:00,write,key_789,305.52,true,false,7702
2025-11-27T16:44:04.841278-08:00,write,key_321,305.18,true,false,7701
2025-11-27T16:44:04.83585-08:00,write,key_365,313.58,true,false,7700
2025-11-27T16:44:04.836281-08:00,write,key_267,313.23,true,false,7701
2025-11-27T16:44:05.034063-08:00,write,key_349,307.33,true,false,7703
2025-11-27T16:44:05.034052-08:00,write,key_359,307.35,true,false,7702
2025-11-27T16:44:05.341395-08:00,read,key_227,0.86,true,false,7676
2025-11-27T16:44:05.143578-08:00,write,key_302,306.41,true,false,7704
2025-11-27T16:44:05.143589-08:00,write,key_26,306.41,true,false,7702
2025-11-27T16:44:05.146426-08:00,write,key_46,305.19,true,false,7705
2025-11-27T16:44:05.146461-08:00,write,key_884,305.16,true,false,7704
2025-11-27T16:44:05.143578-08:00,write,key_69,308.09,true,false,7703
2025-11-27T16:44:05.149434-08:00,write,key_405,304.66,true,false,7703
2025-11-27T16:44:05.146441-08:00,write,key_153,308.58,true,false,7703
2025-11-27T16:44:05.149511-08:00,write,key_380,307.23,true,false,7706
2025-11-27T16:44:05.456745-08:00,read,key_375,1.10,true,false,7573
2025-11-27T16:44:05.342253-08:00,write,key_256,308.92,true,false,7705
2025-11-27T16:44:05.341403-08:00,write,key_118,310.05,true,false,7704
2025-11-27T16:44:05.454101-08:00,write,key_882,305.76,true,false,7707
2025-11-27T16:44:05.449995-08:00,write,key_157,309.89,true,false,7706
2025-11-27T16:44:05.455023-08:00,write,key_68,304.87,true,false,7707
2025-11-27T16:44:05.44999-08:00,write,key_467,309.92,true,false,7705
2025-11-27T16:44:05.451616-08:00,write,key_817,308.33,true,false,7707
2025-11-27T16:44:05.451617-08:00,write,key_320,308.39,true,false,7706
2025-11-27T16:44:05.451673-08:00,write,key_612,308.33,true,false,7707
2025-11-27T16:44:05.457842-08:00,write,key_682,307.70,true,false,7708
2025-11-27T16:44:05.651455-08:00,write,key_618,310.49,true,false,7708
2025-11-27T16:44:05.651184-08:00,write,key_221,310.85,true,false,7708
2025-11-27T16:44:05.759883-08:00,write,key_780,310.52,true,false,7710
2025-11-27T16:44:05.759912-08:00,write,key_321,310.51,true,false,7710
2025-11-27T16:44:05.765544-08:00,write,key_294,304.89,true,false,7711
2025-11-27T16:44:05.759861-08:00,write,key_363,310.65,true,false,7709
2025-11-27T16:44:05.759944-08:00,write,key_513,310.59,true,false,7709
2025-11-27T16:44:05.760006-08:00,write,key_408,310.64,true,false,7710
2025-11-27T16:44:05.759889-08:00,write,key_264,311.27,true,false,7708
2025-11-27T16:44:05.760008-08:00,write,key_960,311.23,true,false,7709
2025-11-27T16:44:06.070422-08:00,read,key_789,5.89,true,false,7702
2025-11-27T16:44:05.962034-08:00,write,key_251,313.99,true,false,7712
2025-11-27T16:44:05.961945-08:00,write,key_618,314.18,true,false,7711
2025-11-27T16:44:06.070432-08:00,write,key_656,310.40,true,false,7714
2025-11-27T16:44:06.070407-08:00,write,key_256,310.53,true,false,7712
2025-11-27T16:44:06.070651-08:00,write,key_371,310.54,true,false,7712
2025-11-27T16:44:06.07124-08:00,write,key_618,310.63,true,false,7713
2025-11-27T16:44:06.070511-08:00,write,key_802,311.41,true,false,7713
2025-11-27T16:44:06.381193-08:00,read,key_960,4.92,true,false,7709
2025-11-27T16:44:06.071159-08:00,write,key_616,314.97,true,false,7716
2025-11-27T16:44:06.076313-08:00,write,key_67,309.88,true,false,7717
2025-11-27T16:44:06.381873-08:00,read,key_449,4.58,true,false,6771
2025-11-27T16:44:06.070538-08:00,write,key_571,317.17,true,false,7715
2025-11-27T16:44:06.276027-08:00,write,key_132,308.28,true,false,7713
2025-11-27T16:44:06.276125-08:00,write,key_153,315.14,true,false,7718
2025-11-27T16:44:06.381922-08:00,write,key_299,306.74,true,false,7719
2025-11-27T16:44:06.38084-08:00,write,key_938,308.73,true,false,7718
2025-11-27T16:44:06.380944-08:00,write,key_320,308.81,true,false,7718
2025-11-27T16:44:06.386117-08:00,write,key_21,306.13,true,false,7719
2025-11-27T16:44:06.386129-08:00,write,key_881,308.65,true,false,7720
2025-11-27T16:44:06.38771-08:00,write,key_935,307.29,true,false,7719
2025-11-27T16:44:06.386459-08:00,write,key_780,309.22,true,false,7722
2025-11-27T16:44:06.386191-08:00,write,key_588,310.12,true,false,7721
2025-11-27T16:44:06.69568-08:00,read,key_110,3.91,true,false,7622
2025-11-27T16:44:06.584315-08:00,write,key_442,312.22,true,false,7723
2025-11-27T16:44:06.591266-08:00,write,key_66,308.39,true,false,7723
2025-11-27T16:44:06.899659-08:00,read,key_984,0.99,true,false,7697
2025-11-27T16:44:06.689756-08:00,write,key_486,314.47,true,false,7721
2025-11-27T16:44:06.688691-08:00,write,key_69,315.78,true,false,7724
2025-11-27T16:44:06.695-08:00,write,key_298,309.62,true,false,7723
2025-11-27T16:44:06.694782-08:00,write,key_297,310.30,true,false,7724
2025-11-27T16:44:06.696316-08:00,write,key_612,309.88,true,false,7725
2025-11-27T16:44:06.692254-08:00,write,key_40,314.48,true,false,7724
2025-11-27T16:44:06.699597-08:00,write,key_218,307.18,true,false,7725
2025-11-27T16:44:06.689571-08:00,write,key_261,317.26,true,false,7720
2025-11-27T16:44:06.896544-08:00,write,key_962,309.81,true,false,7726
2025-11-27T16:44:06.90065-08:00,write,key_789,306.20,true,false,7724
2025-11-27T16:44:07.006772-08:00,write,key_617,320.12,true,false,7726
2025-11-27T16:44:07.005084-08:00,write,key_866,322.17,true,false,7728
2025-11-27T16:44:07.00447-08:00,write,key_261,322.84,true,false,7727
2025-11-27T16:44:07.006829-08:00,write,key_31,320.62,true,false,7728
2025-11-27T16:44:07.006735-08:00,write,key_150,320.86,true,false,7726
2025-11-27T16:44:07.004627-08:00,write,key_327,323.04,true,false,7727
2025-11-27T16:44:07.006194-08:00,write,key_887,321.61,true,false,7727
2025-11-27T16:44:07.004235-08:00,write,key_266,323.75,true,false,7727
2025-11-27T16:44:07.206854-08:00,write,key_311,313.47,true,false,7729
2025-11-27T16:44:07.206357-08:00,write,key_354,314.09,true,false,7728
2025-11-27T16:44:07.326897-08:00,write,key_292,327.94,true,false,7730
2025-11-27T16:44:07.327454-08:00,write,key_49,327.40,true,false,7731
2025-11-27T16:44:07.327308-08:00,write,key_42,327.55,true,false,7730
2025-11-27T16:44:07.327671-08:00,write,key_161,327.21,true,false,7731
2025-11-27T16:44:07.327255-08:00,write,key_509,327.67,true,false,7729
2025-11-27T16:44:07.327598-08:00,write,key_255,327.34,true,false,7730
2025-11-27T16:44:07.327981-08:00,write,key_783,326.96,true,false,7732
2025-11-27T16:44:07.32781-08:00,write,key_567,327.17,true,false,7729
2025-11-27T16:44:07.654862-08:00,read,key_756,0.43,true,false,7170
2025-11-27T16:44:07.520327-08:00,write,key_24,313.22,true,false,7730
2025-11-27T16:44:07.520451-08:00,write,key_510,313.11,true,false,7733
2025-11-27T16:44:07.654939-08:00,write,key_720,307.72,true,false,7733
2025-11-27T16:44:07.654851-08:00,write,key_967,307.82,true,false,7735
2025-11-27T16:44:07.654935-08:00,write,key_883,307.75,true,false,7734
2025-11-27T16:44:07.655293-08:00,write,key_153,307.40,true,false,7734
2025-11-27T16:44:07.65493-08:00,write,key_865,307.80,true,false,7733
2025-11-27T16:44:07.654835-08:00,write,key_215,307.93,true,false,7734
2025-11-27T16:44:07.65498-08:00,write,key_250,307.96,true,false,7733
2025-11-27T16:44:07.654882-08:00,write,key_526,308.09,true,false,7734
2025-11-27T16:44:07.833558-08:00,write,key_686,311.42,true,false,7735
2025-11-27T16:44:07.833547-08:00,write,key_257,311.45,true,false,7736
2025-11-27T16:44:08.144978-08:00,read,key_301,4.96,true,false,7592
2025-11-27T16:44:07.962675-08:00,write,key_835,313.45,true,false,7737
2025-11-27T16:44:07.962969-08:00,write,key_243,313.17,true,false,7736
2025-11-27T16:44:07.962765-08:00,write,key_727,313.40,true,false,7739
2025-11-27T16:44:07.962686-08:00,write,key_663,313.71,true,false,7738
2025-11-27T16:44:07.962662-08:00,write,key_768,313.78,true,false,7737
2025-11-27T16:44:07.962734-08:00,write,key_111,313.83,true,false,7737
2025-11-27T16:44:07.962691-08:00,write,key_363,314.09,true,false,7736
2025-11-27T16:44:07.962942-08:00,write,key_348,313.94,true,false,7738
2025-11-27T16:44:08.149944-08:00,write,key_405,308.49,true,false,7737
2025-11-27T16:44:08.145005-08:00,write,key_291,313.57,true,false,7740
2025-11-27T16:44:08.276397-08:00,write,key_960,308.35,true,false,7741
2025-11-27T16:44:08.276162-08:00,write,key_786,308.62,true,false,7742
2025-11-27T16:44:08.276561-08:00,write,key_966,308.26,true,false,7741
2025-11-27T16:44:08.276782-08:00,write,key_407,308.07,true,false,7740
2025-11-27T16:44:08.276447-08:00,write,key_528,308.61,true,false,7740
2025-11-27T16:44:08.276126-08:00,write,key_519,309.00,true,false,7741
2025-11-27T16:44:08.27688-08:00,write,key_349,308.33,true,false,7740
2025-11-27T16:44:08.276135-08:00,write,key_938,309.25,true,false,7742
2025-11-27T16:44:08.458436-08:00,write,key_881,314.29,true,false,7743
2025-11-27T16:44:08.458577-08:00,write,key_762,315.58,true,false,7742
2025-11-27T16:44:08.584823-08:00,write,key_30,306.49,true,false,7743
2025-11-27T16:44:08.584851-08:00,write,key_29,306.48,true,false,7744
2025-11-27T16:44:08.58539-08:00,write,key_587,305.95,true,false,7744
2025-11-27T16:44:08.584747-08:00,write,key_342,306.60,true,false,7744
2025-11-27T16:44:08.585058-08:00,write,key_436,306.30,true,false,7743
2025-11-27T16:44:08.585125-08:00,write,key_418,306.31,true,false,7745
2025-11-27T16:44:08.584782-08:00,write,key_462,306.68,true,false,7744
2025-11-27T16:44:08.891432-08:00,read,key_989,0.66,true,false,7321
2025-11-27T16:44:08.585214-08:00,write,key_984,308.54,true,false,7746
2025-11-27T16:44:08.77273-08:00,write,key_864,310.52,true,false,7745
2025-11-27T16:44:08.774165-08:00,write,key_377,309.13,true,false,7747
2025-11-27T16:44:08.891338-08:00,write,key_497,311.66,true,false,7748
2025-11-27T16:44:08.891336-08:00,write,key_252,312.01,true,false,7750
2025-11-27T16:44:08.891316-08:00,write,key_462,312.53,true,false,7746
2025-11-27T16:44:08.892089-08:00,write,key_462,311.92,true,false,7748
2025-11-27T16:44:08.891461-08:00,write,key_767,313.22,true,false,7746
2025-11-27T16:44:08.89376-08:00,write,key_766,310.94,true,false,7747
2025-11-27T16:44:08.89136-08:00,write,key_663,313.44,true,false,7749
2025-11-27T16:44:08.891346-08:00,write,key_983,313.53,true,false,7746
2025-11-27T16:44:09.204683-08:00,read,key_338,3.97,true,false,7105
2025-11-27T16:44:09.083253-08:00,write,key_547,309.60,true,false,7748
2025-11-27T16:44:09.083295-08:00,write,key_913,311.78,true,false,7751
2025-11-27T16:44:09.204009-08:00,write,key_24,311.64,true,false,7752
2025-11-27T16:44:09.204698-08:00,write,key_462,310.96,true,false,7753
2025-11-27T16:44:09.208658-08:00,write,key_809,307.06,true,false,7752
2025-11-27T16:44:09.204879-08:00,write,key_813,311.82,true,false,7752
2025-11-27T16:44:09.204804-08:00,write,key_435,311.92,true,false,7751
2025-11-27T16:44:09.203352-08:00,write,key_469,313.39,true,false,7753
2025-11-27T16:44:09.203851-08:00,write,key_512,313.09,true,false,7751
2025-11-27T16:44:09.203003-08:00,write,key_590,314.00,true,false,7751
2025-11-27T16:44:09.516741-08:00,read,key_819,1.99,true,false,7482
2025-11-27T16:44:09.39508-08:00,write,key_985,306.63,true,false,7752
2025-11-27T16:44:09.392856-08:00,write,key_129,308.85,true,false,7754
2025-11-27T16:44:09.515657-08:00,write,key_32,307.04,true,false,7755
2025-11-27T16:44:09.516937-08:00,write,key_219,306.06,true,false,7756
2025-11-27T16:44:09.518731-08:00,write,key_442,304.37,true,false,7755
2025-11-27T16:44:09.516725-08:00,write,key_986,306.44,true,false,7754
2025-11-27T16:44:09.516702-08:00,write,key_153,306.83,true,false,7755
2025-11-27T16:44:09.515719-08:00,write,key_967,307.93,true,false,7754
2025-11-27T16:44:09.515663-08:00,write,key_613,308.00,true,false,7754
2025-11-27T16:44:09.516999-08:00,write,key_575,306.71,true,false,7755
2025-11-27T16:44:09.701716-08:00,write,key_817,316.09,true,false,7756
2025-11-27T16:44:09.701726-08:00,write,key_769,316.13,true,false,7757
2025-11-27T16:44:09.822696-08:00,write,key_787,312.84,true,false,7759
2025-11-27T16:44:09.822994-08:00,write,key_153,312.61,true,false,7758
2025-11-27T16:44:09.823712-08:00,write,key_797,312.06,true,false,7760
2025-11-27T16:44:09.823166-08:00,write,key_781,312.82,true,false,7757
2025-11-27T16:44:09.823532-08:00,write,key_115,312.50,true,false,7758
2025-11-27T16:44:09.823104-08:00,write,key_862,315.58,true,false,7757
2025-11-27T16:44:09.82365-08:00,write,key_312,315.11,true,false,7758
2025-11-27T16:44:09.823664-08:00,write,key_23,318.14,true,false,7759
2025-11-27T16:44:10.017807-08:00,write,key_326,309.25,true,false,7761
2025-11-27T16:44:10.017854-08:00,write,key_439,309.23,true,false,7758
2025-11-27T16:44:10.135776-08:00,write,key_576,306.64,true,false,7761
2025-11-27T16:44:10.135537-08:00,write,key_15,306.91,true,false,7762
2025-11-27T16:44:10.13599-08:00,write,key_299,307.40,true,false,7762
2025-11-27T16:44:10.135607-08:00,write,key_728,307.81,true,false,7763
2025-11-27T16:44:10.138685-08:00,write,key_516,307.53,true,false,7762
2025-11-27T16:44:10.141804-08:00,write,key_267,304.44,true,false,7761
2025-11-27T16:44:10.136032-08:00,write,key_317,310.22,true,false,7761
2025-11-27T16:44:10.138765-08:00,write,key_228,310.75,true,false,7764
2025-11-27T16:44:10.327061-08:00,write,key_960,309.89,true,false,7763
2025-11-27T16:44:10.327083-08:00,write,key_408,309.87,true,false,7765
