timestamp,type,key,latency_ms,success,is_stale,version
2025-11-27T21:25:43.589905-08:00,read,key_587,1.68,true,false,785
2025-11-27T21:25:43.600947-08:00,read,key_515,1.69,true,false,1626
2025-11-27T21:25:43.611958-08:00,read,key_510,1.51,true,false,1684
2025-11-27T21:25:43.644802-08:00,read,key_240,1.06,true,false,1181
2025-11-27T21:25:43.666338-08:00,read,key_583,3.28,true,false,1722
2025-11-27T21:25:43.676624-08:00,read,key_248,4.04,true,false,879
2025-11-27T21:25:43.698592-08:00,read,key_583,3.67,true,false,1722
2025-11-27T21:25:43.535134-08:00,write,key_512,306.28,true,false,1883
2025-11-27T21:25:43.546154-08:00,write,key_512,310.17,true,false,1883
2025-11-27T21:25:43.557197-08:00,write,key_246,307.80,true,false,1884
2025-11-27T21:25:43.856328-08:00,read,key_515,9.27,true,false,1626
2025-11-27T21:25:43.865599-08:00,read,key_586,3.74,true,false,1085
2025-11-27T21:25:43.869344-08:00,read,key_3,1.79,true,false,1810
2025-11-27T21:25:43.567827-08:00,write,key_242,307.49,true,false,1885
2025-11-27T21:25:43.875319-08:00,read,key_523,0.61,true,false,993
2025-11-27T21:25:43.578864-08:00,write,key_244,304.22,true,false,1883
2025-11-27T21:25:43.883087-08:00,read,key_525,0.84,true,false,1764
2025-11-27T21:25:43.883928-08:00,read,key_900,0.92,true,false,815
2025-11-27T21:25:43.622973-08:00,write,key_514,307.62,true,false,1884
2025-11-27T21:25:43.634023-08:00,write,key_244,304.92,true,false,1883
2025-11-27T21:25:43.938945-08:00,read,key_580,1.14,true,false,1666
2025-11-27T21:25:43.940092-08:00,read,key_240,0.86,true,false,1181
2025-11-27T21:25:43.940954-08:00,read,key_516,3.99,true,false,1698
2025-11-27T21:25:43.655217-08:00,write,key_439,305.89,true,false,1884
2025-11-27T21:25:43.687512-08:00,write,key_1,307.08,true,false,1886
2025-11-27T21:25:43.994595-08:00,read,key_241,1.15,true,false,1890
2025-11-27T21:25:43.710341-08:00,write,key_769,312.56,true,false,1886
2025-11-27T21:25:43.841413-08:00,write,key_768,310.35,true,false,1887
2025-11-27T21:25:44.151769-08:00,read,key_902,2.25,true,false,1541
2025-11-27T21:25:43.871139-08:00,write,key_584,306.54,true,false,1889
2025-11-27T21:25:43.865014-08:00,write,key_433,312.73,true,false,1888
2025-11-27T21:25:44.177684-08:00,read,key_794,1.00,true,false,846
2025-11-27T21:25:43.875928-08:00,write,key_241,304.29,true,false,1890
2025-11-27T21:25:43.884852-08:00,write,key_249,304.54,true,false,1886
2025-11-27T21:25:43.930631-08:00,write,key_240,304.95,true,false,1886
2025-11-27T21:25:43.94495-08:00,write,key_437,307.84,true,false,1887
2025-11-27T21:25:43.961113-08:00,write,key_760,306.95,true,false,1888
2025-11-27T21:25:43.995742-08:00,write,key_584,306.68,true,false,1887
2025-11-27T21:25:44.022904-08:00,write,key_790,317.33,true,false,1889
2025-11-27T21:25:44.154018-08:00,write,key_439,307.63,true,false,1890
2025-11-27T21:25:44.17774-08:00,write,key_583,303.45,true,false,1891
2025-11-27T21:25:44.178681-08:00,write,key_876,304.57,true,false,1892
2025-11-27T21:25:44.180214-08:00,write,key_243,304.86,true,false,1891
2025-11-27T21:25:44.481189-08:00,read,key_900,4.13,true,false,815
2025-11-27T21:25:44.485105-08:00,read,key_589,2.20,true,false,1715
2025-11-27T21:25:44.487303-08:00,read,key_3,0.75,true,false,1810
2025-11-27T21:25:44.189393-08:00,write,key_430,308.67,true,false,1891
2025-11-27T21:25:44.498069-08:00,read,key_437,0.85,true,false,1887
2025-11-27T21:25:44.498921-08:00,read,key_794,1.09,true,false,846
2025-11-27T21:25:44.500008-08:00,read,key_299,0.85,true,false,1775
2025-11-27T21:25:44.50086-08:00,read,key_526,0.87,true,false,1529
2025-11-27T21:25:44.501734-08:00,read,key_673,1.19,true,false,309
2025-11-27T21:25:44.235581-08:00,write,key_877,310.88,true,false,1892
2025-11-27T21:25:44.54646-08:00,read,key_582,0.93,true,false,1646
2025-11-27T21:25:44.547391-08:00,read,key_589,0.98,true,false,1715
2025-11-27T21:25:44.252787-08:00,write,key_247,303.59,true,false,1891
2025-11-27T21:25:44.556382-08:00,read,key_513,0.93,true,false,1640
2025-11-27T21:25:44.557315-08:00,read,key_224,0.84,true,false,900
2025-11-27T21:25:44.268062-08:00,write,key_242,308.62,true,false,1893
2025-11-27T21:25:44.302425-08:00,write,key_4,304.19,true,false,1892
2025-11-27T21:25:44.606614-08:00,read,key_796,3.72,true,false,1896
2025-11-27T21:25:44.340232-08:00,write,key_874,307.68,true,false,1891
2025-11-27T21:25:44.461653-08:00,write,key_520,305.09,true,false,1893
2025-11-27T21:25:44.766749-08:00,read,key_682,1.02,true,false,542
2025-11-27T21:25:44.483255-08:00,write,key_795,305.31,true,false,1893
2025-11-27T21:25:44.485316-08:00,write,key_434,305.64,true,false,1894
2025-11-27T21:25:44.488056-08:00,write,key_901,306.91,true,false,1894
2025-11-27T21:25:44.794971-08:00,read,key_767,0.78,true,false,1431
2025-11-27T21:25:44.502922-08:00,write,key_900,307.98,true,false,1894
2025-11-27T21:25:44.810903-08:00,read,key_684,1.22,true,false,70
2025-11-27T21:25:44.812129-08:00,read,key_254,0.85,true,false,1782
2025-11-27T21:25:44.812985-08:00,read,key_28,1.17,true,false,1480
2025-11-27T21:25:44.814157-08:00,read,key_249,0.84,true,false,1886
2025-11-27T21:25:44.548373-08:00,write,key_433,306.23,true,false,1895
2025-11-27T21:25:44.854599-08:00,read,key_874,0.91,true,false,1891
2025-11-27T21:25:44.558158-08:00,write,key_796,307.31,true,false,1896
2025-11-27T21:25:44.865465-08:00,read,key_857,2.52,true,false,1897
2025-11-27T21:25:44.867984-08:00,read,key_87,0.78,true,false,960
2025-11-27T21:25:44.868765-08:00,read,key_514,0.50,true,false,1884
2025-11-27T21:25:44.57669-08:00,write,key_670,308.55,true,false,1897
2025-11-27T21:25:44.610336-08:00,write,key_527,306.74,true,false,1895
2025-11-27T21:25:44.647918-08:00,write,key_224,309.75,true,false,1895
2025-11-27T21:25:44.957669-08:00,read,key_672,4.51,true,false,1723
2025-11-27T21:25:44.767769-08:00,write,key_528,306.34,true,false,1898
2025-11-27T21:25:44.788562-08:00,write,key_768,303.43,true,false,1899
2025-11-27T21:25:45.091992-08:00,read,key_798,2.01,true,false,1855
2025-11-27T21:25:45.094032-08:00,read,key_84,0.90,true,false,1730
2025-11-27T21:25:44.790958-08:00,write,key_221,305.05,true,false,1895
2025-11-27T21:25:45.096007-08:00,read,key_77,0.99,true,false,1767
2025-11-27T21:25:44.795756-08:00,write,key_520,303.55,true,false,1896
2025-11-27T21:25:45.099309-08:00,read,key_851,1.16,true,false,1802
2025-11-27T21:25:44.815001-08:00,write,key_857,306.90,true,false,1897
2025-11-27T21:25:44.855512-08:00,write,key_856,310.26,true,false,1898
2025-11-27T21:25:45.16577-08:00,read,key_292,3.81,true,false,1880
2025-11-27T21:25:45.169582-08:00,read,key_584,1.12,true,false,1889
2025-11-27T21:25:45.170707-08:00,read,key_674,0.79,true,false,1699
2025-11-27T21:25:45.171503-08:00,read,key_421,0.77,true,false,1162
2025-11-27T21:25:45.172271-08:00,read,key_580,0.85,true,false,1666
2025-11-27T21:25:45.173126-08:00,read,key_909,1.03,true,false,1749
2025-11-27T21:25:44.869269-08:00,write,key_251,308.06,true,false,1900
2025-11-27T21:25:45.177326-08:00,read,key_584,2.55,true,true,1887
2025-11-27T21:25:44.885245-08:00,write,key_431,310.09,true,false,1901
2025-11-27T21:25:45.195341-08:00,read,key_293,1.04,true,false,1793
2025-11-27T21:25:44.917084-08:00,write,key_582,307.07,true,false,1898
2025-11-27T21:25:44.962186-08:00,write,key_227,306.98,true,false,1899
2025-11-27T21:25:45.269165-08:00,read,key_4,1.20,true,false,1892
2025-11-27T21:25:45.270366-08:00,read,key_247,0.96,true,false,1891
2025-11-27T21:25:45.074112-08:00,write,key_0,308.10,true,false,1902
2025-11-27T21:25:45.382216-08:00,read,key_924,1.78,false,false,0
2025-11-27T21:25:45.094936-08:00,write,key_521,304.61,true,false,1900
2025-11-27T21:25:45.096995-08:00,write,key_583,303.63,true,false,1900
2025-11-27T21:25:45.399546-08:00,read,key_685,2.14,true,false,1629
2025-11-27T21:25:45.40063-08:00,read,key_243,1.67,true,false,1891
2025-11-27T21:25:45.100475-08:00,write,key_922,305.70,true,false,1902
2025-11-27T21:25:45.1219-08:00,write,key_252,308.85,true,false,1903
2025-11-27T21:25:45.174155-08:00,write,key_111,307.95,true,false,1901
2025-11-27T21:25:45.179878-08:00,write,key_9,303.56,true,false,1904
2025-11-27T21:25:45.482109-08:00,read,key_227,1.59,true,false,1899
2025-11-27T21:25:45.196384-08:00,write,key_464,304.82,true,false,1903
2025-11-27T21:25:45.501206-08:00,read,key_224,2.81,true,false,1895
2025-11-27T21:25:45.224156-08:00,write,key_820,309.26,true,false,1904
2025-11-27T21:25:45.271332-08:00,write,key_823,308.48,true,false,1902
2025-11-27T21:25:45.383999-08:00,write,key_522,305.85,true,false,1903
2025-11-27T21:25:45.689847-08:00,read,key_910,1.06,true,false,1381
2025-11-27T21:25:45.40169-08:00,write,key_676,306.49,true,false,1903
2025-11-27T21:25:45.402305-08:00,write,key_794,305.90,true,false,1905
2025-11-27T21:25:45.708205-08:00,read,key_266,2.65,true,false,495
2025-11-27T21:25:45.406176-08:00,write,key_265,305.44,true,false,1903
2025-11-27T21:25:45.711614-08:00,read,key_404,1.36,true,false,1171
2025-11-27T21:25:45.430755-08:00,write,key_427,309.96,true,false,1906
2025-11-27T21:25:45.483705-08:00,write,key_811,307.85,true,false,1906
2025-11-27T21:25:45.483435-08:00,write,key_307,311.34,true,false,1905
2025-11-27T21:25:45.791558-08:00,read,key_224,4.98,true,false,1895
2025-11-27T21:25:45.796537-08:00,read,key_826,0.64,true,false,860
2025-11-27T21:25:45.504016-08:00,write,key_439,304.03,true,false,1905
2025-11-27T21:25:45.533421-08:00,write,key_927,306.02,true,false,1907
2025-11-27T21:25:45.83944-08:00,read,key_469,0.93,true,false,1763
2025-11-27T21:25:45.84037-08:00,read,key_469,0.72,true,false,1763
2025-11-27T21:25:45.841093-08:00,read,key_768,0.61,true,false,1899
2025-11-27T21:25:45.579812-08:00,write,key_248,312.05,true,false,1908
2025-11-27T21:25:45.891873-08:00,read,key_80,3.16,true,false,1765
2025-11-27T21:25:45.690911-08:00,write,key_250,312.02,true,false,1909
2025-11-27T21:25:46.002931-08:00,read,key_420,1.21,true,false,397
2025-11-27T21:25:46.004145-08:00,read,key_222,3.83,true,false,776
2025-11-27T21:25:45.710855-08:00,write,key_796,302.68,true,false,1909
2025-11-27T21:25:45.712972-08:00,write,key_794,303.27,true,false,1906
2025-11-27T21:25:45.708185-08:00,write,key_6,308.11,true,false,1910
2025-11-27T21:25:46.016299-08:00,read,key_420,0.94,true,false,397
2025-11-27T21:25:46.016247-08:00,read,key_75,1.00,true,false,1523
2025-11-27T21:25:46.017247-08:00,read,key_678,1.05,true,false,1346
2025-11-27T21:25:46.018301-08:00,read,key_981,1.89,true,false,1384
2025-11-27T21:25:46.020197-08:00,read,key_224,1.58,true,false,1895
2025-11-27T21:25:45.74072-08:00,write,key_85,306.89,true,false,1910
2025-11-27T21:25:45.797183-08:00,write,key_461,307.14,true,false,1907
2025-11-27T21:25:45.794778-08:00,write,key_925,309.58,true,false,1907
2025-11-27T21:25:46.104356-08:00,read,key_296,1.16,false,false,0
2025-11-27T21:25:46.104326-08:00,read,key_584,1.33,true,false,1887
2025-11-27T21:25:45.808046-08:00,write,key_513,304.56,true,false,1907
2025-11-27T21:25:46.112613-08:00,read,key_8,1.22,true,false,1867
2025-11-27T21:25:45.8417-08:00,write,key_428,306.22,true,false,1908
2025-11-27T21:25:45.895037-08:00,write,key_221,310.28,true,false,1911
2025-11-27T21:25:46.205325-08:00,read,key_431,0.75,true,false,1901
2025-11-27T21:25:46.007978-08:00,write,key_406,304.20,true,false,1910
2025-11-27T21:25:46.013543-08:00,write,key_929,303.69,true,false,1910
2025-11-27T21:25:46.017247-08:00,write,key_114,303.74,true,false,1912
2025-11-27T21:25:46.317232-08:00,read,key_855,4.85,true,false,1487
2025-11-27T21:25:46.32099-08:00,read,key_79,1.12,true,false,1662
2025-11-27T21:25:46.322107-08:00,read,key_166,0.50,true,false,1536
2025-11-27T21:25:46.322083-08:00,read,key_894,0.53,true,false,1637
2025-11-27T21:25:46.322619-08:00,read,key_8,0.52,true,false,1867
2025-11-27T21:25:46.323138-08:00,read,key_23,0.49,true,false,1305
2025-11-27T21:25:46.021776-08:00,write,key_796,302.17,true,false,1911
2025-11-27T21:25:46.323653-08:00,read,key_167,0.38,true,false,1696
2025-11-27T21:25:46.047614-08:00,write,key_425,307.56,true,false,1912
2025-11-27T21:25:46.10552-08:00,write,key_293,307.54,true,false,1912
2025-11-27T21:25:46.105654-08:00,write,key_260,307.40,true,false,1911
2025-11-27T21:25:46.413061-08:00,read,key_461,1.30,true,false,1907
2025-11-27T21:25:46.113832-08:00,write,key_395,303.68,true,false,1913
2025-11-27T21:25:46.41751-08:00,read,key_908,1.87,true,false,1745
2025-11-27T21:25:46.147926-08:00,write,key_515,311.96,true,false,1911
2025-11-27T21:25:46.20608-08:00,write,key_850,309.81,true,false,1912
2025-11-27T21:25:46.515892-08:00,read,key_857,0.64,true,false,1897
2025-11-27T21:25:46.312176-08:00,write,key_390,304.39,true,false,1912
2025-11-27T21:25:46.322612-08:00,write,key_910,303.15,true,false,1913
2025-11-27T21:25:46.324037-08:00,write,key_263,304.70,true,false,1914
2025-11-27T21:25:46.323951-08:00,write,key_319,304.80,true,false,1915
2025-11-27T21:25:46.62576-08:00,read,key_674,3.01,true,false,1699
2025-11-27T21:25:46.355177-08:00,write,key_899,310.72,true,false,1913
2025-11-27T21:25:46.665901-08:00,read,key_253,3.53,true,false,1518
2025-11-27T21:25:46.669433-08:00,read,key_257,0.82,true,false,1539
2025-11-27T21:25:46.670252-08:00,read,key_465,0.88,true,false,1867
2025-11-27T21:25:46.671136-08:00,read,key_428,1.17,true,false,1908
2025-11-27T21:25:46.414367-08:00,write,key_226,307.23,true,false,1914
2025-11-27T21:25:46.413072-08:00,write,key_121,308.55,true,false,1914
2025-11-27T21:25:46.419385-08:00,write,key_461,304.66,true,false,1914
2025-11-27T21:25:46.721602-08:00,read,key_794,2.74,true,false,1906
2025-11-27T21:25:46.724042-08:00,read,key_114,0.91,true,false,1912
2025-11-27T21:25:46.459885-08:00,write,key_547,310.34,true,false,1915
2025-11-27T21:25:46.516538-08:00,write,key_512,307.50,true,false,1916
2025-11-27T21:25:46.616572-08:00,write,key_110,307.01,true,false,1915
2025-11-27T21:25:46.923585-08:00,read,key_423,1.08,true,false,1702
2025-11-27T21:25:46.924671-08:00,read,key_1,1.02,true,false,1886
2025-11-27T21:25:46.628736-08:00,write,key_121,303.47,true,false,1916
2025-11-27T21:25:46.628768-08:00,write,key_986,303.46,true,false,1917
2025-11-27T21:25:46.628753-08:00,write,key_875,307.19,true,false,1917
2025-11-27T21:25:46.932224-08:00,read,key_607,4.30,true,false,1033
2025-11-27T21:25:46.935944-08:00,read,key_80,1.01,true,false,1765
2025-11-27T21:25:46.93652-08:00,read,key_825,0.71,true,false,769
2025-11-27T21:25:46.93696-08:00,read,key_907,0.78,true,false,1576
2025-11-27T21:25:46.937737-08:00,read,key_9,0.74,true,false,1904
2025-11-27T21:25:46.938483-08:00,read,key_3,0.83,true,false,1810
2025-11-27T21:25:46.67231-08:00,write,key_812,304.75,true,false,1916
2025-11-27T21:25:46.977058-08:00,read,key_819,1.24,false,false,0
2025-11-27T21:25:46.724951-08:00,write,key_762,304.01,true,false,1916
2025-11-27T21:25:46.724344-08:00,write,key_433,304.63,true,false,1918
2025-11-27T21:25:46.721623-08:00,write,key_763,307.38,true,false,1917
2025-11-27T21:25:47.028976-08:00,read,key_391,1.49,true,false,1523
2025-11-27T21:25:47.030472-08:00,read,key_464,0.77,true,false,1903
2025-11-27T21:25:46.770223-08:00,write,key_74,310.27,true,false,1918
2025-11-27T21:25:46.824039-08:00,write,key_674,307.93,true,false,1919
2025-11-27T21:25:47.131971-08:00,read,key_118,0.81,true,false,1529
2025-11-27T21:25:46.925688-08:00,write,key_686,310.26,true,false,1920
2025-11-27T21:25:46.932222-08:00,write,key_546,307.13,true,false,1921
2025-11-27T21:25:46.937231-08:00,write,key_227,305.57,true,false,1922
2025-11-27T21:25:46.939311-08:00,write,key_816,303.52,true,false,1918
2025-11-27T21:25:46.978295-08:00,write,key_395,304.17,true,false,1920
2025-11-27T21:25:47.28247-08:00,read,key_929,4.01,true,false,1910
2025-11-27T21:25:47.029007-08:00,write,key_858,309.19,true,false,1919
2025-11-27T21:25:47.028965-08:00,write,key_541,309.24,true,false,1921
2025-11-27T21:25:47.031244-08:00,write,key_73,306.97,true,false,1919
2025-11-27T21:25:47.338209-08:00,read,key_790,1.07,true,false,1889
2025-11-27T21:25:47.338203-08:00,read,key_88,3.13,true,false,1553
2025-11-27T21:25:47.341338-08:00,read,key_792,1.49,true,false,1792
2025-11-27T21:25:47.342834-08:00,read,key_852,2.86,true,false,1220
2025-11-27T21:25:47.345699-08:00,read,key_911,0.87,true,false,761
2025-11-27T21:25:47.346572-08:00,read,key_408,0.56,true,false,1366
2025-11-27T21:25:47.080497-08:00,write,key_587,307.90,true,false,1923
2025-11-27T21:25:47.13278-08:00,write,key_294,308.13,true,false,1920
2025-11-27T21:25:47.242835-08:00,write,key_565,303.57,true,false,1923
2025-11-27T21:25:47.239351-08:00,write,key_541,307.07,true,false,1925
2025-11-27T21:25:47.242806-08:00,write,key_976,303.63,true,false,1924
2025-11-27T21:25:47.235952-08:00,write,key_644,310.49,true,false,1924
2025-11-27T21:25:47.546416-08:00,read,key_581,1.66,true,false,1632
2025-11-27T21:25:47.546436-08:00,read,key_163,1.64,true,false,1575
2025-11-27T21:25:47.548081-08:00,read,key_246,1.70,true,false,1884
2025-11-27T21:25:47.548078-08:00,read,key_796,1.74,true,false,1911
2025-11-27T21:25:47.549819-08:00,read,key_394,2.63,true,false,1731
2025-11-27T21:25:47.286483-08:00,write,key_583,309.57,true,false,1923
2025-11-27T21:25:47.338218-08:00,write,key_515,308.04,true,false,1924
2025-11-27T21:25:47.339286-08:00,write,key_268,308.51,true,false,1925
2025-11-27T21:25:47.646259-08:00,read,key_636,2.53,true,false,1698
2025-11-27T21:25:47.648785-08:00,read,key_125,4.95,true,false,1326
2025-11-27T21:25:47.347135-08:00,write,key_974,306.82,true,false,1926
2025-11-27T21:25:47.653958-08:00,read,key_510,0.80,true,false,1684
2025-11-27T21:25:47.653738-08:00,read,key_467,1.16,true,false,1722
2025-11-27T21:25:47.654899-08:00,read,key_581,0.51,true,false,1632
2025-11-27T21:25:47.388401-08:00,write,key_217,310.26,true,false,1927
2025-11-27T21:25:47.440909-08:00,write,key_244,305.59,true,false,1926
2025-11-27T21:25:47.746505-08:00,read,key_155,3.51,true,false,1758
2025-11-27T21:25:47.750021-08:00,read,key_402,2.20,true,false,1213
2025-11-27T21:25:47.752224-08:00,read,key_765,2.65,true,false,1365
2025-11-27T21:25:47.546441-08:00,write,key_112,303.67,true,false,1926
2025-11-27T21:25:47.546406-08:00,write,key_682,306.45,true,false,1928
2025-11-27T21:25:47.549787-08:00,write,key_465,305.76,true,false,1926
2025-11-27T21:25:47.552447-08:00,write,key_760,303.10,true,false,1929
2025-11-27T21:25:47.85555-08:00,read,key_77,1.30,true,false,1767
2025-11-27T21:25:47.856848-08:00,read,key_519,1.91,true,false,968
2025-11-27T21:25:47.85876-08:00,read,key_858,0.69,true,false,1919
2025-11-27T21:25:47.596057-08:00,write,key_71,308.98,true,false,1927
2025-11-27T21:25:47.647796-08:00,write,key_74,310.03,true,false,1928
2025-11-27T21:25:47.654759-08:00,write,key_120,307.24,true,false,1930
2025-11-27T21:25:47.655411-08:00,write,key_408,306.62,true,false,1929
2025-11-27T21:25:47.957835-08:00,read,key_873,6.10,true,false,1876
2025-11-27T21:25:47.963941-08:00,read,key_86,1.06,true,false,1535
2025-11-27T21:25:47.965001-08:00,read,key_215,0.92,true,false,1014
2025-11-27T21:25:47.698665-08:00,write,key_905,307.00,true,false,1930
2025-11-27T21:25:47.754879-08:00,write,key_460,303.55,true,false,1928
2025-11-27T21:25:48.058434-08:00,read,key_222,1.95,true,false,776
2025-11-27T21:25:47.852861-08:00,write,key_222,311.42,true,false,1929
2025-11-27T21:25:47.859447-08:00,write,key_301,304.84,true,false,1930
2025-11-27T21:25:47.850119-08:00,write,key_9,314.25,true,false,1928
2025-11-27T21:25:47.855543-08:00,write,key_763,309.12,true,false,1931
2025-11-27T21:25:48.164665-08:00,read,key_311,4.81,true,false,1050
2025-11-27T21:25:48.164369-08:00,read,key_549,5.53,true,false,1778
2025-11-27T21:25:48.164286-08:00,read,key_296,6.84,false,false,0
2025-11-27T21:25:48.169479-08:00,read,key_565,2.00,true,false,1923
2025-11-27T21:25:48.171476-08:00,read,key_897,0.91,true,false,1635
2025-11-27T21:25:47.905041-08:00,write,key_580,309.37,true,false,1931
2025-11-27T21:25:48.214418-08:00,read,key_696,0.56,true,false,1540
2025-11-27T21:25:47.962006-08:00,write,key_722,308.55,true,false,1932
2025-11-27T21:25:47.962029-08:00,write,key_895,308.63,true,false,1932
2025-11-27T21:25:48.270561-08:00,read,key_511,1.15,true,false,1805
2025-11-27T21:25:48.270662-08:00,read,key_228,1.08,true,false,1768
2025-11-27T21:25:47.965922-08:00,write,key_852,306.51,true,false,1932
2025-11-27T21:25:48.271743-08:00,read,key_21,0.76,true,false,1414
2025-11-27T21:25:48.272503-08:00,read,key_220,1.69,true,false,642
2025-11-27T21:25:48.272431-08:00,read,key_795,1.77,true,false,1893
2025-11-27T21:25:48.005669-08:00,write,key_351,305.10,true,false,1933
2025-11-27T21:25:48.310773-08:00,read,key_290,2.20,true,false,470
2025-11-27T21:25:48.312979-08:00,read,key_693,1.31,true,false,1048
2025-11-27T21:25:48.314292-08:00,read,key_385,1.05,false,false,0
2025-11-27T21:25:48.31534-08:00,read,key_5,1.15,true,false,1763
2025-11-27T21:25:48.060391-08:00,write,key_126,308.22,true,false,1933
2025-11-27T21:25:48.368609-08:00,read,key_354,0.80,true,false,1709
2025-11-27T21:25:48.369412-08:00,read,key_405,0.60,true,false,1545
2025-11-27T21:25:48.370018-08:00,read,key_299,0.52,true,false,1775
2025-11-27T21:25:48.370536-08:00,read,key_293,2.48,true,false,1912
2025-11-27T21:25:48.164285-08:00,write,key_401,309.84,true,false,1934
2025-11-27T21:25:48.169899-08:00,write,key_542,304.23,true,false,1932
2025-11-27T21:25:48.171125-08:00,write,key_223,303.01,true,false,1935
2025-11-27T21:25:48.474123-08:00,read,key_793,0.61,true,false,1754
2025-11-27T21:25:48.474134-08:00,read,key_286,0.66,true,false,1787
2025-11-27T21:25:48.474794-08:00,read,key_429,0.44,true,false,1835
2025-11-27T21:25:48.172385-08:00,write,key_210,305.76,true,false,1936
2025-11-27T21:25:48.214979-08:00,write,key_119,304.70,true,false,1934
2025-11-27T21:25:48.2742-08:00,write,key_317,305.72,true,false,1935
2025-11-27T21:25:48.274194-08:00,write,key_126,305.74,true,false,1936
2025-11-27T21:25:48.271713-08:00,write,key_680,308.27,true,false,1934
2025-11-27T21:25:48.579935-08:00,read,key_685,1.44,true,false,1629
2025-11-27T21:25:48.581376-08:00,read,key_820,1.13,true,false,1904
2025-11-27T21:25:48.582512-08:00,read,key_423,3.80,true,false,1702
2025-11-27T21:25:48.58631-08:00,read,key_606,0.98,true,false,1850
2025-11-27T21:25:48.316493-08:00,write,key_402,304.71,true,false,1937
2025-11-27T21:25:48.373014-08:00,write,key_697,315.43,true,false,1937
2025-11-27T21:25:48.475234-08:00,write,key_314,314.81,true,false,1939
2025-11-27T21:25:48.474138-08:00,write,key_936,315.95,true,false,1938
2025-11-27T21:25:48.478146-08:00,write,key_129,313.15,true,false,1940
2025-11-27T21:25:48.474735-08:00,write,key_316,320.43,true,false,1938
2025-11-27T21:25:48.7913-08:00,read,key_131,4.40,true,false,1588
2025-11-27T21:25:48.795698-08:00,read,key_253,1.05,true,false,1518
2025-11-27T21:25:48.795166-08:00,read,key_596,2.22,true,false,1666
2025-11-27T21:25:48.519684-08:00,write,key_595,305.33,true,false,1937
2025-11-27T21:25:48.579922-08:00,write,key_904,312.41,true,false,1937
2025-11-27T21:25:48.579981-08:00,write,key_72,312.37,true,false,1937
2025-11-27T21:25:48.58729-08:00,write,key_728,305.11,true,false,1941
2025-11-27T21:25:48.621203-08:00,write,key_822,307.98,true,false,1938
2025-11-27T21:25:48.688444-08:00,write,key_790,306.76,true,false,1938
2025-11-27T21:25:48.79739-08:00,write,key_75,304.89,true,false,1943
2025-11-27T21:25:48.790047-08:00,write,key_285,312.55,true,false,1942
2025-11-27T21:25:48.796753-08:00,write,key_692,307.62,true,false,1942
2025-11-27T21:25:48.790087-08:00,write,key_694,314.31,true,false,1941
2025-11-27T21:25:48.82502-08:00,write,key_242,312.35,true,false,1941
2025-11-27T21:25:48.89234-08:00,write,key_585,312.78,true,false,1942
2025-11-27T21:25:48.892354-08:00,write,key_312,312.78,true,false,1944
2025-11-27T21:25:48.892404-08:00,write,key_697,312.76,true,false,1943
2025-11-27T21:25:48.929187-08:00,write,key_691,310.25,true,false,1942
2025-11-27T21:25:49.239442-08:00,read,key_686,6.32,true,false,1920
2025-11-27T21:25:48.995209-08:00,write,key_25,311.64,true,false,1945
2025-11-27T21:25:49.102601-08:00,write,key_466,304.50,true,false,1944
2025-11-27T21:25:49.102283-08:00,write,key_315,304.84,true,false,1944
2025-11-27T21:25:49.104396-08:00,write,key_736,304.40,true,false,1944
2025-11-27T21:25:49.407105-08:00,read,key_639,4.96,true,false,343
2025-11-27T21:25:49.104373-08:00,write,key_565,307.71,true,false,1946
2025-11-27T21:25:49.408794-08:00,read,key_638,4.34,true,false,1780
2025-11-27T21:25:49.413138-08:00,read,key_542,0.89,true,false,1932
2025-11-27T21:25:49.137436-08:00,write,key_76,312.58,true,false,1945
2025-11-27T21:25:49.450018-08:00,read,key_251,3.30,true,false,1900
2025-11-27T21:25:49.453325-08:00,read,key_314,0.86,true,false,1939
2025-11-27T21:25:49.454189-08:00,read,key_694,0.81,true,false,1941
2025-11-27T21:25:49.205119-08:00,write,key_70,306.25,true,false,1945
2025-11-27T21:25:49.205138-08:00,write,key_235,306.26,true,false,1946
2025-11-27T21:25:49.205167-08:00,write,key_488,306.39,true,false,1946
2025-11-27T21:25:49.511557-08:00,read,key_928,1.06,true,false,810
2025-11-27T21:25:49.511377-08:00,read,key_549,1.26,true,false,1778
2025-11-27T21:25:49.512623-08:00,read,key_589,0.93,true,false,1715
2025-11-27T21:25:49.51355-08:00,read,key_855,0.87,true,false,1487
2025-11-27T21:25:49.514426-08:00,read,key_570,0.89,true,false,1499
2025-11-27T21:25:49.24577-08:00,write,key_215,308.14,true,false,1947
2025-11-27T21:25:49.306849-08:00,write,key_365,307.99,true,false,1947
2025-11-27T21:25:49.614847-08:00,read,key_403,0.99,true,false,1858
2025-11-27T21:25:49.40712-08:00,write,key_605,308.35,true,false,1948
2025-11-27T21:25:49.412087-08:00,write,key_643,304.43,true,false,1948
2025-11-27T21:25:49.412073-08:00,write,key_878,304.46,true,false,1947
2025-11-27T21:25:49.716515-08:00,read,key_975,4.33,true,false,1478
2025-11-27T21:25:49.414029-08:00,write,key_240,307.13,true,false,1949
2025-11-27T21:25:49.455003-08:00,write,key_696,306.45,true,false,1947
2025-11-27T21:25:49.512639-08:00,write,key_112,308.14,true,false,1948
2025-11-27T21:25:49.511403-08:00,write,key_405,309.38,true,false,1948
2025-11-27T21:25:49.515321-08:00,write,key_319,305.47,true,false,1947
2025-11-27T21:25:49.820781-08:00,read,key_546,1.06,true,false,1921
2025-11-27T21:25:49.820793-08:00,read,key_423,1.05,true,false,1702
2025-11-27T21:25:49.820791-08:00,read,key_765,1.05,true,false,1365
2025-11-27T21:25:49.821841-08:00,read,key_156,1.38,true,false,1695
2025-11-27T21:25:49.823223-08:00,read,key_645,1.38,true,false,1806
2025-11-27T21:25:49.821845-08:00,read,key_562,3.95,true,false,1520
2025-11-27T21:25:49.825796-08:00,read,key_927,1.67,true,false,1907
2025-11-27T21:25:49.553912-08:00,write,key_381,307.89,true,false,1950
2025-11-27T21:25:49.615838-08:00,write,key_743,305.53,true,false,1948
2025-11-27T21:25:49.921367-08:00,read,key_253,3.81,true,false,1518
2025-11-27T21:25:49.720844-08:00,write,key_796,303.33,true,false,1950
2025-11-27T21:25:49.716531-08:00,write,key_388,307.65,true,false,1950
2025-11-27T21:25:49.715473-08:00,write,key_173,308.76,true,false,1949
2025-11-27T21:25:50.024186-08:00,read,key_425,1.22,true,false,1912
2025-11-27T21:25:50.025406-08:00,read,key_388,3.04,true,false,1950
2025-11-27T21:25:50.028448-08:00,read,key_258,0.96,true,false,1563
2025-11-27T21:25:49.721161-08:00,write,key_678,308.27,true,false,1951
2025-11-27T21:25:50.029412-08:00,read,key_237,0.99,true,false,1629
2025-11-27T21:25:50.029433-08:00,read,key_901,1.00,true,false,1894
2025-11-27T21:25:50.030401-08:00,read,key_396,2.45,true,false,890
2025-11-27T21:25:50.032856-08:00,read,key_76,0.70,true,false,1945
2025-11-27T21:25:49.761455-08:00,write,key_461,306.50,true,false,1952
2025-11-27T21:25:49.82184-08:00,write,key_870,308.08,true,false,1951
2025-11-27T21:25:49.82461-08:00,write,key_696,306.47,true,false,1950
2025-11-27T21:25:49.827469-08:00,write,key_595,304.50,true,false,1951
2025-11-27T21:25:50.129923-08:00,read,key_310,2.07,true,false,953
2025-11-27T21:25:50.131083-08:00,read,key_671,1.06,true,false,1779
2025-11-27T21:25:50.132143-08:00,read,key_767,4.85,true,false,1431
2025-11-27T21:25:50.136995-08:00,read,key_429,0.94,true,false,1835
2025-11-27T21:25:49.861805-08:00,write,key_254,316.33,true,false,1952
2025-11-27T21:25:49.92518-08:00,write,key_34,306.58,true,false,1953
2025-11-27T21:25:50.024177-08:00,write,key_253,306.59,true,false,1952
2025-11-27T21:25:50.024229-08:00,write,key_122,306.55,true,false,1951
2025-11-27T21:25:50.030432-08:00,write,key_221,305.28,true,false,1954
2025-11-27T21:25:50.033561-08:00,write,key_621,304.05,true,false,1952
2025-11-27T21:25:50.337617-08:00,read,key_6,0.72,true,false,1910
2025-11-27T21:25:50.067961-08:00,write,key_596,310.76,true,false,1954
2025-11-27T21:25:50.378727-08:00,read,key_302,1.10,true,false,1175
2025-11-27T21:25:50.131969-08:00,write,key_796,306.10,true,false,1956
2025-11-27T21:25:50.131994-08:00,write,key_287,306.08,true,false,1955
2025-11-27T21:25:50.438073-08:00,read,key_222,1.29,true,false,1929
2025-11-27T21:25:50.137934-08:00,write,key_576,303.17,true,false,1953
2025-11-27T21:25:50.178139-08:00,write,key_751,305.97,true,false,1953
2025-11-27T21:25:50.231766-08:00,write,key_734,308.25,true,false,1954
2025-11-27T21:25:50.54002-08:00,read,key_605,3.65,true,false,1948
2025-11-27T21:25:50.330779-08:00,write,key_79,306.92,true,false,1955
2025-11-27T21:25:50.330769-08:00,write,key_751,306.95,true,false,1954
2025-11-27T21:25:50.637703-08:00,read,key_788,1.71,true,false,1723
2025-11-27T21:25:50.335715-08:00,write,key_528,305.51,true,false,1957
2025-11-27T21:25:50.639416-08:00,read,key_628,4.69,true,false,1799
2025-11-27T21:25:50.338335-08:00,write,key_310,305.91,true,false,1955
2025-11-27T21:25:50.644106-08:00,read,key_825,1.83,true,false,769
2025-11-27T21:25:50.644249-08:00,read,key_982,1.69,true,false,668
2025-11-27T21:25:50.645952-08:00,read,key_900,1.65,true,false,1894
2025-11-27T21:25:50.641228-08:00,read,key_623,6.40,true,false,1187
2025-11-27T21:25:50.645943-08:00,read,key_680,3.25,true,false,1959
2025-11-27T21:25:50.379827-08:00,write,key_397,310.77,true,false,1956
2025-11-27T21:25:50.690604-08:00,read,key_432,1.47,true,false,1288
2025-11-27T21:25:50.692071-08:00,read,key_826,1.54,true,false,860
2025-11-27T21:25:50.693608-08:00,read,key_546,2.84,true,false,1921
2025-11-27T21:25:50.696449-08:00,read,key_857,1.03,true,false,1897
2025-11-27T21:25:50.697484-08:00,read,key_261,0.73,true,false,568
2025-11-27T21:25:50.698214-08:00,read,key_597,0.83,true,false,231
2025-11-27T21:25:50.438072-08:00,write,key_366,304.34,true,false,1957
2025-11-27T21:25:50.439369-08:00,write,key_54,303.05,true,false,1957
2025-11-27T21:25:50.742418-08:00,read,key_383,4.31,true,false,1000
2025-11-27T21:25:50.441103-08:00,write,key_389,306.15,true,false,1958
2025-11-27T21:25:50.742414-08:00,read,key_78,6.01,true,false,1683
2025-11-27T21:25:50.48412-08:00,write,key_167,309.98,true,false,1958
2025-11-27T21:25:50.794105-08:00,read,key_689,1.49,true,false,1707
2025-11-27T21:25:50.795593-08:00,read,key_925,1.08,true,false,1907
2025-11-27T21:25:50.543667-08:00,write,key_680,305.97,true,false,1959
2025-11-27T21:25:50.849642-08:00,read,key_594,2.69,true,false,1855
2025-11-27T21:25:50.852336-08:00,read,key_75,1.68,true,false,1943
2025-11-27T21:25:50.854018-08:00,read,key_516,0.87,true,false,1698
2025-11-27T21:25:50.63772-08:00,write,key_427,309.62,true,false,1959
2025-11-27T21:25:50.647627-08:00,write,key_829,306.63,true,false,1960
2025-11-27T21:25:50.647602-08:00,write,key_738,306.68,true,false,1958
2025-11-27T21:25:50.649192-08:00,write,key_577,308.48,true,false,1960
2025-11-27T21:25:50.954261-08:00,read,key_602,3.71,true,false,1774
2025-11-27T21:25:50.957973-08:00,read,key_913,1.43,true,false,1725
2025-11-27T21:25:50.95767-08:00,read,key_420,1.87,true,false,397
2025-11-27T21:25:50.959426-08:00,read,key_670,2.83,true,false,1897
2025-11-27T21:25:50.962258-08:00,read,key_317,0.85,true,false,1935
2025-11-27T21:25:50.699047-08:00,write,key_675,305.45,true,false,1958
2025-11-27T21:25:50.746727-08:00,write,key_649,306.54,true,false,1959
2025-11-27T21:25:51.053266-08:00,read,key_648,0.95,true,false,1779
2025-11-27T21:25:51.05422-08:00,read,key_240,0.92,true,false,1949
2025-11-27T21:25:50.747258-08:00,write,key_71,307.88,true,false,1960
2025-11-27T21:25:50.74843-08:00,write,key_462,306.79,true,false,1961
2025-11-27T21:25:51.055141-08:00,read,key_571,1.17,true,false,1871
2025-11-27T21:25:51.055216-08:00,read,key_607,1.10,true,false,1033
2025-11-27T21:25:51.055141-08:00,read,key_568,1.26,true,false,1697
2025-11-27T21:25:50.796669-08:00,write,key_647,308.82,true,false,1959
2025-11-27T21:25:51.105491-08:00,read,key_74,0.85,true,false,1928
2025-11-27T21:25:51.106347-08:00,read,key_310,0.80,true,false,1955
2025-11-27T21:25:50.854894-08:00,write,key_633,304.28,true,false,1961
2025-11-27T21:25:50.947347-08:00,write,key_888,309.39,true,false,1961
2025-11-27T21:25:50.954283-08:00,write,key_959,309.55,true,false,1962
2025-11-27T21:25:50.959543-08:00,write,key_116,304.36,true,false,1962
2025-11-27T21:25:51.263906-08:00,read,key_983,1.71,true,false,1339
2025-11-27T21:25:51.263832-08:00,read,key_880,1.81,true,false,1089
2025-11-27T21:25:50.963105-08:00,write,key_259,302.66,true,false,1962
2025-11-27T21:25:51.265644-08:00,read,key_477,1.90,true,false,1538
2025-11-27T21:25:51.265769-08:00,read,key_574,1.90,true,false,1673
2025-11-27T21:25:51.267547-08:00,read,key_686,3.23,true,false,1920
2025-11-27T21:25:51.004504-08:00,write,key_77,311.85,true,false,1963
2025-11-27T21:25:51.316357-08:00,read,key_636,0.77,true,false,1698
2025-11-27T21:25:51.056321-08:00,write,key_388,317.51,true,false,1963
2025-11-27T21:25:51.0564-08:00,write,key_29,317.46,true,false,1963
2025-11-27T21:25:51.056317-08:00,write,key_131,317.55,true,false,1962
2025-11-27T21:25:51.373867-08:00,read,key_607,0.60,true,false,1033
2025-11-27T21:25:51.373865-08:00,read,key_735,0.75,true,false,180
2025-11-27T21:25:51.107144-08:00,write,key_694,316.05,true,false,1964
2025-11-27T21:25:51.159175-08:00,write,key_591,316.12,true,false,1964
2025-11-27T21:25:51.475299-08:00,read,key_910,2.78,true,false,1913
2025-11-27T21:25:51.478079-08:00,read,key_318,0.93,true,false,1615
2025-11-27T21:25:51.479013-08:00,read,key_853,0.70,true,false,1724
2025-11-27T21:25:51.479717-08:00,read,key_0,0.64,true,false,1902
2025-11-27T21:25:51.256749-08:00,write,key_878,314.19,true,false,1965
2025-11-27T21:25:51.265621-08:00,write,key_760,308.61,true,false,1963
2025-11-27T21:25:51.267671-08:00,write,key_119,312.23,true,false,1967
2025-11-27T21:25:51.270781-08:00,write,key_161,309.33,true,false,1966
2025-11-27T21:25:51.579903-08:00,read,key_77,2.16,true,false,1963
2025-11-27T21:25:51.580116-08:00,read,key_292,1.96,true,false,1880
2025-11-27T21:25:51.574229-08:00,read,key_177,7.93,true,false,1767
2025-11-27T21:25:51.317129-08:00,write,key_220,307.31,true,false,1965
2025-11-27T21:25:51.624443-08:00,read,key_740,1.01,true,false,1669
2025-11-27T21:25:51.625455-08:00,read,key_157,2.88,true,false,1816
2025-11-27T21:25:51.373833-08:00,write,key_240,307.55,true,false,1964
2025-11-27T21:25:51.374617-08:00,write,key_976,306.78,true,false,1964
2025-11-27T21:25:51.374468-08:00,write,key_696,306.95,true,false,1968
2025-11-27T21:25:51.681388-08:00,read,key_168,1.68,true,false,1278
2025-11-27T21:25:51.681422-08:00,read,key_82,4.72,true,false,1461
2025-11-27T21:25:51.683065-08:00,read,key_695,4.02,true,false,1855
2025-11-27T21:25:51.687083-08:00,read,key_677,2.15,true,false,1808
2025-11-27T21:25:51.423198-08:00,write,key_686,307.86,true,false,1965
2025-11-27T21:25:51.731065-08:00,read,key_548,1.42,true,false,905
2025-11-27T21:25:51.480358-08:00,write,key_697,306.41,true,false,1965
2025-11-27T21:25:51.582069-08:00,write,key_113,307.15,true,false,1968
2025-11-27T21:25:51.582157-08:00,write,key_853,307.11,true,false,1969
2025-11-27T21:25:51.570944-08:00,write,key_243,318.52,true,false,1968
2025-11-27T21:25:51.582079-08:00,write,key_789,308.26,true,false,1968
2025-11-27T21:25:51.889223-08:00,read,key_645,2.43,true,false,1806
2025-11-27T21:25:51.889267-08:00,read,key_104,2.39,true,false,860
2025-11-27T21:25:51.891655-08:00,read,key_253,2.52,true,false,1952
2025-11-27T21:25:51.894173-08:00,read,key_245,0.75,true,false,1468
2025-11-27T21:25:51.628333-08:00,write,key_590,305.37,true,false,1969
2025-11-27T21:25:51.6814-08:00,write,key_823,310.28,true,false,1969
2025-11-27T21:25:51.686144-08:00,write,key_567,305.55,true,false,1970
2025-11-27T21:25:51.991682-08:00,read,key_827,2.63,true,false,1787
2025-11-27T21:25:51.991692-08:00,read,key_50,2.75,true,false,1662
2025-11-27T21:25:51.689233-08:00,write,key_3,306.33,true,false,1970
2025-11-27T21:25:51.995564-08:00,read,key_117,2.20,true,false,1969
2025-11-27T21:25:51.997767-08:00,read,key_124,0.77,true,false,1309
2025-11-27T21:25:51.998536-08:00,read,key_814,0.77,true,false,1747
2025-11-27T21:25:51.999303-08:00,read,key_32,0.73,true,false,1577
2025-11-27T21:25:52.000036-08:00,read,key_570,1.09,true,false,1499
2025-11-27T21:25:52.00113-08:00,read,key_169,2.14,true,false,1714
2025-11-27T21:25:51.732483-08:00,write,key_117,305.09,true,false,1969
2025-11-27T21:25:52.037577-08:00,read,key_748,1.22,true,false,1873
2025-11-27T21:25:51.78679-08:00,write,key_625,306.07,true,false,1971
2025-11-27T21:25:52.092863-08:00,read,key_132,2.19,true,false,1557
2025-11-27T21:25:52.095058-08:00,read,key_303,0.84,true,false,557
2025-11-27T21:25:52.095903-08:00,read,key_308,0.82,true,false,1849
2025-11-27T21:25:52.096728-08:00,read,key_76,0.73,true,false,1945
2025-11-27T21:25:52.097463-08:00,read,key_642,1.06,true,false,344
2025-11-27T21:25:52.098529-08:00,read,key_71,0.68,true,false,1960
2025-11-27T21:25:51.89165-08:00,write,key_573,304.43,true,false,1971
2025-11-27T21:25:51.889463-08:00,write,key_799,306.67,true,false,1970
2025-11-27T21:25:51.890339-08:00,write,key_542,305.83,true,false,1970
2025-11-27T21:25:52.196171-08:00,read,key_970,2.22,true,false,1453
2025-11-27T21:25:52.196085-08:00,read,key_546,2.33,true,false,1921
2025-11-27T21:25:51.894929-08:00,write,key_33,305.29,true,false,1971
2025-11-27T21:25:51.933704-08:00,write,key_384,307.49,true,false,1972
2025-11-27T21:25:52.241195-08:00,read,key_974,3.97,true,false,1926
2025-11-27T21:25:51.994311-08:00,write,key_592,306.52,true,false,1972
2025-11-27T21:25:51.994447-08:00,write,key_548,306.64,true,false,1972
2025-11-27T21:25:52.003271-08:00,write,key_888,303.68,true,false,1972
2025-11-27T21:25:52.038803-08:00,write,key_737,302.47,true,false,1973
2025-11-27T21:25:52.099206-08:00,write,key_113,304.62,true,false,1973
2025-11-27T21:25:52.198388-08:00,write,key_639,309.19,true,false,1974
2025-11-27T21:25:52.198415-08:00,write,key_19,309.19,true,false,1975
2025-11-27T21:25:52.196138-08:00,write,key_572,311.50,true,false,1974
2025-11-27T21:25:52.200216-08:00,write,key_429,308.04,true,false,1975
2025-11-27T21:25:52.507585-08:00,read,key_242,5.40,true,false,1941
2025-11-27T21:25:52.50764-08:00,read,key_649,5.37,true,false,1959
2025-11-27T21:25:52.513009-08:00,read,key_792,0.93,true,false,1792
2025-11-27T21:25:52.513937-08:00,read,key_639,0.69,true,false,1974
2025-11-27T21:25:52.512986-08:00,read,key_928,2.48,true,false,810
2025-11-27T21:25:52.245172-08:00,write,key_123,304.12,true,false,1973
2025-11-27T21:25:52.549296-08:00,read,key_656,0.78,true,false,1017
2025-11-27T21:25:52.550074-08:00,read,key_170,1.23,true,false,1687
2025-11-27T21:25:52.551305-08:00,read,key_221,1.29,true,false,1977
2025-11-27T21:25:52.552601-08:00,read,key_4,0.77,true,false,1892
2025-11-27T21:25:52.301082-08:00,write,key_119,308.34,true,false,1973
2025-11-27T21:25:52.30083-08:00,write,key_210,308.79,true,false,1974
2025-11-27T21:25:52.306955-08:00,write,key_39,305.51,true,false,1974
2025-11-27T21:25:52.609625-08:00,read,key_632,3.81,false,false,0
2025-11-27T21:25:52.341279-08:00,write,key_512,307.11,true,false,1976
2025-11-27T21:25:52.64839-08:00,read,key_623,1.07,true,false,1187
2025-11-27T21:25:52.403828-08:00,write,key_736,309.59,true,false,1975
2025-11-27T21:25:52.508255-08:00,write,key_644,307.38,true,false,1977
2025-11-27T21:25:52.507602-08:00,write,key_221,308.08,true,false,1977
2025-11-27T21:25:52.815634-08:00,read,key_562,0.98,true,false,1520
2025-11-27T21:25:52.514624-08:00,write,key_478,302.69,true,false,1976
2025-11-27T21:25:52.817316-08:00,read,key_930,1.94,true,false,1607
2025-11-27T21:25:52.51547-08:00,write,key_395,304.81,true,false,1976
2025-11-27T21:25:52.820278-08:00,read,key_591,2.82,true,false,1964
2025-11-27T21:25:52.553374-08:00,write,key_55,304.26,true,false,1978
2025-11-27T21:25:52.857637-08:00,read,key_622,1.24,true,false,1150
2025-11-27T21:25:52.858876-08:00,read,key_529,1.53,true,false,1770
2025-11-27T21:25:52.860405-08:00,read,key_851,2.98,true,false,1802
2025-11-27T21:25:52.863391-08:00,read,key_284,0.92,true,false,1537
2025-11-27T21:25:52.609428-08:00,write,key_677,307.11,true,false,1978
2025-11-27T21:25:52.613438-08:00,write,key_728,303.11,true,false,1976
2025-11-27T21:25:52.612466-08:00,write,key_735,304.09,true,false,1977
2025-11-27T21:25:52.916538-08:00,read,key_387,1.60,true,false,161
2025-11-27T21:25:52.916546-08:00,read,key_594,1.74,true,false,1855
2025-11-27T21:25:52.918142-08:00,read,key_480,2.17,true,false,1849
2025-11-27T21:25:52.920318-08:00,read,key_130,0.90,true,false,1823
2025-11-27T21:25:52.921223-08:00,read,key_638,0.89,true,false,1780
2025-11-27T21:25:52.649458-08:00,write,key_848,307.87,true,false,1977
2025-11-27T21:25:52.713417-08:00,write,key_765,307.21,true,false,1979
2025-11-27T21:25:52.816612-08:00,write,key_913,304.66,true,false,1980
2025-11-27T21:25:52.815677-08:00,write,key_810,305.60,true,false,1978
2025-11-27T21:25:52.819259-08:00,write,key_855,304.68,true,false,1981
2025-11-27T21:25:53.121284-08:00,read,key_178,3.76,true,false,1810
2025-11-27T21:25:53.125049-08:00,read,key_828,1.80,true,false,851
2025-11-27T21:25:52.8231-08:00,write,key_881,305.47,true,false,1979
2025-11-27T21:25:52.864311-08:00,write,key_58,306.52,true,false,1979
2025-11-27T21:25:53.170833-08:00,read,key_52,1.06,true,false,1825
2025-11-27T21:25:52.92211-08:00,write,key_931,302.49,true,false,1979
2025-11-27T21:25:52.916553-08:00,write,key_600,308.05,true,false,1980
2025-11-27T21:25:52.918285-08:00,write,key_698,306.34,true,false,1981
2025-11-27T21:25:53.224602-08:00,read,key_460,1.14,true,false,1928
2025-11-27T21:25:53.224601-08:00,read,key_127,1.28,true,false,983
2025-11-27T21:25:53.224622-08:00,read,key_880,1.37,true,false,1089
2025-11-27T21:25:53.225879-08:00,read,key_244,2.49,true,false,1926
2025-11-27T21:25:52.957331-08:00,write,key_227,312.36,true,false,1982
2025-11-27T21:25:53.020629-08:00,write,key_38,304.25,true,false,1980
2025-11-27T21:25:53.121281-08:00,write,key_642,308.79,true,false,1981
2025-11-27T21:25:53.123939-08:00,write,key_59,307.84,true,false,1983
2025-11-27T21:25:53.128576-08:00,write,key_971,303.88,true,false,1983
2025-11-27T21:25:53.430073-08:00,read,key_115,2.44,true,false,1782
2025-11-27T21:25:53.126854-08:00,write,key_549,305.85,true,false,1982
2025-11-27T21:25:53.432518-08:00,read,key_632,1.29,false,false,0
2025-11-27T21:25:53.431779-08:00,read,key_34,2.05,true,false,1953
2025-11-27T21:25:53.432455-08:00,read,key_283,1.68,true,false,1827
2025-11-27T21:25:53.434138-08:00,read,key_401,2.62,true,false,1934
2025-11-27T21:25:53.433832-08:00,read,key_970,2.92,true,false,1453
2025-11-27T21:25:53.436756-08:00,read,key_70,0.71,true,false,1945
2025-11-27T21:25:53.436756-08:00,read,key_905,0.73,true,false,1930
2025-11-27T21:25:53.171895-08:00,write,key_300,309.48,true,false,1982
2025-11-27T21:25:53.228375-08:00,write,key_36,303.82,true,false,1983
2025-11-27T21:25:53.22574-08:00,write,key_234,306.47,true,false,1982
2025-11-27T21:25:53.225989-08:00,write,key_37,306.27,true,false,1984
2025-11-27T21:25:53.532212-08:00,read,key_409,3.35,true,false,1347
2025-11-27T21:25:53.53556-08:00,read,key_590,1.15,true,false,1969
2025-11-27T21:25:53.269693-08:00,write,key_423,309.20,true,false,1985
2025-11-27T21:25:53.578891-08:00,read,key_739,1.19,true,false,1756
2025-11-27T21:25:53.324881-08:00,write,key_418,313.59,true,false,1984
2025-11-27T21:25:53.432705-08:00,write,key_466,306.92,true,false,1986
2025-11-27T21:25:53.43381-08:00,write,key_57,305.82,true,false,1986
2025-11-27T21:25:53.739624-08:00,read,key_577,1.23,true,false,1960
2025-11-27T21:25:53.437469-08:00,write,key_246,304.00,true,false,1985
2025-11-27T21:25:53.437484-08:00,write,key_745,303.99,true,false,1984
2025-11-27T21:25:53.74147-08:00,read,key_510,2.49,true,false,1684
2025-11-27T21:25:53.743963-08:00,read,key_215,0.77,true,false,1947
2025-11-27T21:25:53.481375-08:00,write,key_750,305.80,true,false,1987
2025-11-27T21:25:53.532203-08:00,write,key_737,306.58,true,false,1987
2025-11-27T21:25:53.536707-08:00,write,key_30,305.18,true,false,1985
2025-11-27T21:25:53.532263-08:00,write,key_548,309.63,true,false,1988
2025-11-27T21:25:53.838783-08:00,read,key_521,5.62,true,false,1900
2025-11-27T21:25:53.841884-08:00,read,key_473,2.53,true,false,1802
2025-11-27T21:25:53.844418-08:00,read,key_336,1.05,true,false,1825
2025-11-27T21:25:53.845464-08:00,read,key_879,0.59,true,false,1566
2025-11-27T21:25:53.844405-08:00,read,key_820,3.87,true,false,1904
2025-11-27T21:25:53.848279-08:00,read,key_590,0.73,true,false,1969
2025-11-27T21:25:53.846054-08:00,read,key_110,2.96,true,false,1915
2025-11-27T21:25:53.849014-08:00,read,key_153,0.35,true,false,1575
2025-11-27T21:25:53.580078-08:00,write,key_644,307.57,true,false,1986
2025-11-27T21:25:53.638468-08:00,write,key_308,308.27,true,false,1987
2025-11-27T21:25:53.946745-08:00,read,key_319,1.03,true,false,1947
2025-11-27T21:25:53.741469-08:00,write,key_70,310.22,true,false,1988
2025-11-27T21:25:53.744732-08:00,write,key_644,307.29,true,false,1988
2025-11-27T21:25:53.740857-08:00,write,key_596,311.26,true,false,1987
2025-11-27T21:25:53.73963-08:00,write,key_291,312.53,true,false,1987
2025-11-27T21:25:53.787174-08:00,write,key_620,310.37,true,false,1989
2025-11-27T21:25:53.841889-08:00,write,key_855,312.86,true,false,1990
2025-11-27T21:25:53.849007-08:00,write,key_881,305.75,true,false,1989
2025-11-27T21:25:53.84937-08:00,write,key_291,305.48,true,false,1989
2025-11-27T21:25:54.154846-08:00,read,key_745,2.41,true,false,1984
2025-11-27T21:25:54.154751-08:00,read,key_580,2.54,true,false,1931
2025-11-27T21:25:54.157253-08:00,read,key_789,1.19,true,false,1968
2025-11-27T21:25:54.157295-08:00,read,key_833,1.17,true,false,1765
2025-11-27T21:25:54.154756-08:00,read,key_856,3.72,true,false,1898
2025-11-27T21:25:54.158481-08:00,read,key_735,2.52,true,false,1977
2025-11-27T21:25:54.161005-08:00,read,key_835,0.95,true,false,1814
2025-11-27T21:25:53.887646-08:00,write,key_572,306.66,true,false,1989
2025-11-27T21:25:54.194306-08:00,read,key_419,0.91,true,false,1556
2025-11-27T21:25:54.195218-08:00,read,key_631,0.85,true,false,668
2025-11-27T21:25:53.947776-08:00,write,key_305,307.87,true,false,1990
2025-11-27T21:25:54.25565-08:00,read,key_624,1.13,true,false,1359
2025-11-27T21:25:54.256854-08:00,read,key_752,4.53,true,false,1739
2025-11-27T21:25:54.052022-08:00,write,key_463,306.45,true,false,1991
2025-11-27T21:25:54.052121-08:00,write,key_733,306.37,true,false,1990
2025-11-27T21:25:54.05216-08:00,write,key_692,306.57,true,false,1992
2025-11-27T21:25:54.051722-08:00,write,key_568,307.03,true,false,1991
2025-11-27T21:25:54.35848-08:00,read,key_727,4.00,true,false,1348
2025-11-27T21:25:54.358732-08:00,read,key_576,3.76,true,false,1953
2025-11-27T21:25:54.362494-08:00,read,key_755,3.79,true,false,1801
2025-11-27T21:25:54.362482-08:00,read,key_607,3.80,true,false,1033
2025-11-27T21:25:54.097545-08:00,write,key_936,307.24,true,false,1991
2025-11-27T21:25:54.158462-08:00,write,key_241,308.17,true,false,1993
2025-11-27T21:25:54.161954-08:00,write,key_900,304.69,true,false,1993
2025-11-27T21:25:54.158446-08:00,write,key_284,308.21,true,false,1992
2025-11-27T21:25:54.466649-08:00,read,key_590,2.85,true,false,1969
2025-11-27T21:25:54.466638-08:00,read,key_320,2.90,true,false,1800
2025-11-27T21:25:54.466652-08:00,read,key_932,4.68,true,false,1648
2025-11-27T21:25:54.471336-08:00,read,key_116,0.76,true,false,1962
2025-11-27T21:25:54.472101-08:00,read,key_811,0.78,true,false,1906
2025-11-27T21:25:54.472885-08:00,read,key_672,0.82,true,false,1723
2025-11-27T21:25:54.19607-08:00,write,key_707,308.23,true,false,1994
2025-11-27T21:25:54.504305-08:00,read,key_221,3.88,true,false,1977
2025-11-27T21:25:54.261388-08:00,write,key_27,306.42,true,false,1991
2025-11-27T21:25:54.366284-08:00,write,key_0,304.80,true,false,1995
2025-11-27T21:25:54.358487-08:00,write,key_938,312.62,true,false,1993
2025-11-27T21:25:54.35875-08:00,write,key_577,312.38,true,false,1994
2025-11-27T21:25:54.366285-08:00,write,key_872,304.87,true,false,1995
2025-11-27T21:25:54.671109-08:00,read,key_141,2.69,true,false,656
2025-11-27T21:25:54.671084-08:00,read,key_751,2.73,true,false,1954
2025-11-27T21:25:54.673815-08:00,read,key_626,1.52,true,false,1343
2025-11-27T21:25:54.673803-08:00,read,key_313,4.70,true,false,1056
2025-11-27T21:25:54.671153-08:00,read,key_125,7.61,true,false,1326
2025-11-27T21:25:54.40479-08:00,write,key_821,308.56,true,false,1996
2025-11-27T21:25:54.713349-08:00,read,key_422,3.10,true,false,1066
2025-11-27T21:25:54.469534-08:00,write,key_821,306.64,true,false,1995
2025-11-27T21:25:54.469499-08:00,write,key_687,308.66,true,false,1994
2025-11-27T21:25:54.776177-08:00,read,key_578,3.30,true,false,1857
2025-11-27T21:25:54.473705-08:00,write,key_77,306.65,true,false,1995
2025-11-27T21:25:54.779474-08:00,read,key_25,1.79,true,false,1945
2025-11-27T21:25:54.508192-08:00,write,key_822,311.84,true,false,1995
2025-11-27T21:25:54.820032-08:00,read,key_999,0.93,true,false,1116
2025-11-27T21:25:54.567811-08:00,write,key_609,309.82,true,false,1996
2025-11-27T21:25:54.877643-08:00,read,key_976,1.34,true,false,1964
2025-11-27T21:25:54.671132-08:00,write,key_591,309.07,true,false,1996
2025-11-27T21:25:54.980204-08:00,read,key_881,0.85,true,false,1989
2025-11-27T21:25:54.678509-08:00,write,key_857,305.57,true,false,1997
2025-11-27T21:25:54.675335-08:00,write,key_671,308.81,true,false,1996
2025-11-27T21:25:54.678769-08:00,write,key_119,305.46,true,false,1997
2025-11-27T21:25:54.984147-08:00,read,key_703,3.07,true,false,1621
2025-11-27T21:25:54.984232-08:00,read,key_749,3.04,true,false,1879
2025-11-27T21:25:54.984077-08:00,read,key_365,3.87,true,false,1947
2025-11-27T21:25:54.987269-08:00,read,key_971,1.21,true,false,1983
2025-11-27T21:25:54.98795-08:00,read,key_673,1.13,true,false,309
2025-11-27T21:25:54.71645-08:00,write,key_547,308.94,true,false,1998
2025-11-27T21:25:55.025391-08:00,read,key_851,3.86,true,false,1802
2025-11-27T21:25:54.778158-08:00,write,key_21,304.23,true,false,1997
2025-11-27T21:25:55.082394-08:00,read,key_130,0.76,true,false,1823
2025-11-27T21:25:55.083151-08:00,read,key_24,1.05,true,false,1428
2025-11-27T21:25:54.780357-08:00,write,key_625,307.29,true,false,1998
2025-11-27T21:25:54.78127-08:00,write,key_993,306.41,true,false,1999
2025-11-27T21:25:55.08765-08:00,read,key_988,1.59,true,false,1847
2025-11-27T21:25:55.087678-08:00,read,key_317,1.58,true,false,1935
2025-11-27T21:25:55.08926-08:00,read,key_329,1.21,true,false,1793
2025-11-27T21:25:55.089242-08:00,read,key_816,1.24,true,false,1918
2025-11-27T21:25:55.09048-08:00,read,key_523,1.25,true,false,993
2025-11-27T21:25:55.091728-08:00,read,key_315,0.67,true,false,1944
2025-11-27T21:25:55.092399-08:00,read,key_288,0.51,true,false,1770
2025-11-27T21:25:55.092908-08:00,read,key_327,0.62,true,false,1474
2025-11-27T21:25:54.820963-08:00,write,key_305,313.48,true,false,1999
2025-11-27T21:25:54.878984-08:00,write,key_653,305.48,true,false,1999
2025-11-27T21:25:54.981055-08:00,write,key_602,305.53,true,false,2000
2025-11-27T21:25:55.286598-08:00,read,key_304,1.26,true,false,1549
2025-11-27T21:25:55.28786-08:00,read,key_76,1.09,true,false,1945
2025-11-27T21:25:55.288947-08:00,read,key_788,0.88,true,false,1723
2025-11-27T21:25:54.987221-08:00,write,key_515,305.04,true,false,1998
2025-11-27T21:25:54.989082-08:00,write,key_822,305.24,true,false,2001
2025-11-27T21:25:54.988477-08:00,write,key_241,305.96,true,false,2000
2025-11-27T21:25:55.292258-08:00,read,key_50,4.04,true,false,1662
2025-11-27T21:25:55.294436-08:00,read,key_113,2.10,true,false,1973
2025-11-27T21:25:55.296537-08:00,read,key_129,0.75,true,false,1940
2025-11-27T21:25:55.029258-08:00,write,key_177,307.36,true,false,2000
2025-11-27T21:25:55.084201-08:00,write,key_757,310.02,true,false,2000
2025-11-27T21:25:55.090469-08:00,write,key_380,305.89,true,false,2002
2025-11-27T21:25:55.093531-08:00,write,key_214,305.31,true,false,2001
2025-11-27T21:25:55.398843-08:00,read,key_115,0.60,true,false,1782
2025-11-27T21:25:55.39945-08:00,read,key_659,0.76,true,false,1843
2025-11-27T21:25:55.400208-08:00,read,key_29,0.65,true,false,1963
2025-11-27T21:25:55.13444-08:00,write,key_166,305.98,true,false,2003
2025-11-27T21:25:55.184466-08:00,write,key_592,315.66,true,false,2004
2025-11-27T21:25:55.289831-08:00,write,key_71,311.24,true,false,2001
2025-11-27T21:25:55.297286-08:00,write,key_799,304.87,true,false,2002
2025-11-27T21:25:55.296295-08:00,write,key_224,305.88,true,false,2005
2025-11-27T21:25:55.294326-08:00,write,key_522,309.13,true,false,2002
2025-11-27T21:25:55.601069-08:00,read,key_82,3.02,true,false,1461
2025-11-27T21:25:55.603459-08:00,read,key_590,1.27,true,false,1969
2025-11-27T21:25:55.336621-08:00,write,key_937,312.98,true,false,2005
2025-11-27T21:25:55.649602-08:00,read,key_25,0.81,true,false,1945
2025-11-27T21:25:55.39636-08:00,write,key_641,307.36,true,false,2006
2025-11-27T21:25:55.394225-08:00,write,key_597,309.50,true,false,2003
2025-11-27T21:25:55.400857-08:00,write,key_486,305.31,true,false,2003
2025-11-27T21:25:55.703721-08:00,read,key_100,2.48,true,false,1864
2025-11-27T21:25:55.440419-08:00,write,key_876,305.03,true,false,2004
2025-11-27T21:25:55.500127-08:00,write,key_561,308.18,true,false,2005
2025-11-27T21:25:55.80831-08:00,read,key_699,3.17,true,false,1782
2025-11-27T21:25:55.604093-08:00,write,key_918,308.02,true,false,2006
2025-11-27T21:25:55.604728-08:00,write,key_1,307.39,true,false,2007
2025-11-27T21:25:55.602161-08:00,write,key_465,310.01,true,false,2007
2025-11-27T21:25:55.602174-08:00,write,key_469,310.12,true,false,2006
2025-11-27T21:25:55.650413-08:00,write,key_649,305.86,true,false,2008
2025-11-27T21:25:55.703724-08:00,write,key_107,307.81,true,false,2009
2025-11-27T21:25:55.706203-08:00,write,key_973,306.72,true,false,2008
2025-11-27T21:25:55.706166-08:00,write,key_597,306.92,true,false,2007
2025-11-27T21:25:56.01292-08:00,read,key_225,2.34,true,false,1826
2025-11-27T21:25:56.01309-08:00,read,key_955,2.23,true,false,1567
2025-11-27T21:25:56.015256-08:00,read,key_644,1.44,true,false,1988
2025-11-27T21:25:56.016696-08:00,read,key_842,0.48,true,false,1675
2025-11-27T21:25:56.017178-08:00,read,key_528,0.90,true,false,1957
2025-11-27T21:25:55.745454-08:00,write,key_214,310.58,true,false,2008
2025-11-27T21:25:56.056033-08:00,read,key_606,0.78,true,false,1850
2025-11-27T21:25:55.811477-08:00,write,key_687,304.07,true,false,2010
2025-11-27T21:25:55.912174-08:00,write,key_970,302.15,true,false,2011
2025-11-27T21:25:55.91212-08:00,write,key_402,302.21,true,false,2012
2025-11-27T21:25:56.21433-08:00,read,key_210,0.29,true,false,1974
2025-11-27T21:25:55.912295-08:00,write,key_170,304.49,true,false,2011
2025-11-27T21:25:55.912114-08:00,write,key_907,304.71,true,false,2012
2025-11-27T21:25:56.216785-08:00,read,key_750,0.49,true,false,1987
2025-11-27T21:25:56.217272-08:00,read,key_55,0.50,true,false,1978
2025-11-27T21:25:55.956277-08:00,write,key_640,305.23,true,false,2013
2025-11-27T21:25:56.261512-08:00,read,key_191,0.62,false,false,0
2025-11-27T21:25:56.011538-08:00,write,key_945,304.85,true,false,2014
2025-11-27T21:25:56.015317-08:00,write,key_542,304.44,true,false,2013
2025-11-27T21:25:56.319758-08:00,read,key_549,0.44,true,false,1982
2025-11-27T21:25:56.018079-08:00,write,key_578,302.89,true,false,2010
2025-11-27T21:25:56.320198-08:00,read,key_219,1.62,true,false,1456
2025-11-27T21:25:56.32097-08:00,read,key_647,1.70,true,false,1959
2025-11-27T21:25:56.056817-08:00,write,key_758,307.20,true,false,2013
2025-11-27T21:25:56.115554-08:00,write,key_313,303.98,true,false,2015
2025-11-27T21:25:56.419536-08:00,read,key_423,0.52,true,false,1985
2025-11-27T21:25:56.420054-08:00,read,key_838,1.64,true,false,665
2025-11-27T21:25:56.421695-08:00,read,key_810,0.55,true,false,1978
2025-11-27T21:25:56.422241-08:00,read,key_77,0.50,true,false,1995
2025-11-27T21:25:56.422741-08:00,read,key_679,0.49,true,false,1743
2025-11-27T21:25:56.423235-08:00,read,key_52,0.65,true,false,1825
2025-11-27T21:25:56.423882-08:00,read,key_73,0.57,true,false,1919
2025-11-27T21:25:56.424453-08:00,read,key_246,0.48,true,false,1985
2025-11-27T21:25:56.214621-08:00,write,key_738,306.86,true,false,2013
2025-11-27T21:25:56.214321-08:00,write,key_794,307.17,true,false,2013
2025-11-27T21:25:56.217775-08:00,write,key_220,303.73,true,false,2014
2025-11-27T21:25:56.21682-08:00,write,key_76,304.72,true,false,2014
2025-11-27T21:25:56.521483-08:00,read,key_828,1.43,true,false,851
2025-11-27T21:25:56.521493-08:00,read,key_828,1.48,true,false,851
2025-11-27T21:25:56.522912-08:00,read,key_348,1.44,true,false,615
2025-11-27T21:25:56.522977-08:00,read,key_799,2.52,true,false,2002
2025-11-27T21:25:56.525496-08:00,read,key_135,1.79,true,false,1740
2025-11-27T21:25:56.527286-08:00,read,key_301,0.56,true,false,1930
2025-11-27T21:25:56.262135-08:00,write,key_732,308.12,true,false,2015
2025-11-27T21:25:56.321823-08:00,write,key_245,303.71,true,false,2016
2025-11-27T21:25:56.316393-08:00,write,key_681,309.14,true,false,2015
2025-11-27T21:25:56.322668-08:00,write,key_316,305.47,true,false,2015
2025-11-27T21:25:56.625534-08:00,read,key_691,2.61,true,false,1942
2025-11-27T21:25:56.625531-08:00,read,key_572,2.62,true,false,1989
2025-11-27T21:25:56.628154-08:00,read,key_529,1.28,true,false,1770
2025-11-27T21:25:56.628147-08:00,read,key_621,2.57,true,false,1952
2025-11-27T21:25:56.630719-08:00,read,key_873,0.57,true,false,1876
2025-11-27T21:25:56.364018-08:00,write,key_259,309.16,true,false,2016
2025-11-27T21:25:56.673177-08:00,read,key_952,0.70,true,false,1453
2025-11-27T21:25:56.673873-08:00,read,key_53,0.77,true,false,1535
2025-11-27T21:25:56.424929-08:00,write,key_254,303.56,true,false,2017
2025-11-27T21:25:56.72849-08:00,read,key_765,1.66,true,false,1979
2025-11-27T21:25:56.527842-08:00,write,key_57,305.87,true,false,2018
2025-11-27T21:25:56.521506-08:00,write,key_640,312.48,true,false,2019
2025-11-27T21:25:56.524354-08:00,write,key_574,311.06,true,false,2016
2025-11-27T21:25:56.521536-08:00,write,key_730,314.43,true,false,2018
2025-11-27T21:25:56.83371-08:00,read,key_512,3.48,true,false,1976
2025-11-27T21:25:56.835414-08:00,read,key_957,1.80,true,false,1668
2025-11-27T21:25:56.837215-08:00,read,key_988,0.85,true,false,1847
2025-11-27T21:25:56.838065-08:00,read,key_740,1.49,true,false,1669
2025-11-27T21:25:56.839556-08:00,read,key_297,0.58,true,false,1841
2025-11-27T21:25:56.57026-08:00,write,key_298,306.37,true,false,2020
2025-11-27T21:25:56.87663-08:00,read,key_873,1.87,true,false,1876
2025-11-27T21:25:56.629437-08:00,write,key_562,308.22,true,false,2017
2025-11-27T21:25:56.628137-08:00,write,key_89,309.57,true,false,2021
2025-11-27T21:25:56.631293-08:00,write,key_587,306.45,true,false,2017
2025-11-27T21:25:56.674644-08:00,write,key_381,303.81,true,false,2021
2025-11-27T21:25:56.73015-08:00,write,key_648,308.05,true,false,2018
2025-11-27T21:25:56.83597-08:00,write,key_774,304.34,true,false,2020
2025-11-27T21:25:56.837192-08:00,write,key_684,304.80,true,false,2022
2025-11-27T21:25:56.833986-08:00,write,key_463,308.21,true,false,2022
2025-11-27T21:25:57.142196-08:00,read,key_322,1.75,true,false,1559
2025-11-27T21:25:57.140313-08:00,read,key_255,4.67,true,false,1482
2025-11-27T21:25:56.84014-08:00,write,key_828,304.86,true,false,2023
2025-11-27T21:25:57.144984-08:00,read,key_121,0.51,true,false,1916
2025-11-27T21:25:57.143952-08:00,read,key_110,1.92,true,false,1915
2025-11-27T21:25:57.145492-08:00,read,key_732,0.63,true,false,2015
2025-11-27T21:25:56.878497-08:00,write,key_595,303.76,true,false,2021
2025-11-27T21:25:56.937744-08:00,write,key_673,307.29,true,false,2022
2025-11-27T21:25:56.937662-08:00,write,key_591,307.38,true,false,2023
2025-11-27T21:25:56.937712-08:00,write,key_179,307.36,true,false,2023
2025-11-27T21:25:57.24504-08:00,read,key_627,1.16,true,false,1267
2025-11-27T21:25:56.97845-08:00,write,key_722,302.60,true,false,2024
2025-11-27T21:25:57.038206-08:00,write,key_590,307.34,true,false,2024
2025-11-27T21:25:57.141994-08:00,write,key_387,306.69,true,false,2025
2025-11-27T21:25:57.144995-08:00,write,key_978,305.75,true,false,2024
2025-11-27T21:25:57.145872-08:00,write,key_227,304.94,true,false,2024
2025-11-27T21:25:57.146121-08:00,write,key_580,306.32,true,false,2024
2025-11-27T21:25:57.452444-08:00,read,key_72,0.73,true,false,1937
2025-11-27T21:25:57.182259-08:00,write,key_72,304.45,true,false,2025
2025-11-27T21:25:57.246201-08:00,write,key_240,308.11,true,false,2026
2025-11-27T21:25:57.245074-08:00,write,key_594,309.29,true,false,2026
2025-11-27T21:25:57.245034-08:00,write,key_420,309.38,true,false,2025
2025-11-27T21:25:57.554313-08:00,read,key_243,2.48,true,false,1968
2025-11-27T21:25:57.281046-08:00,write,key_731,308.36,true,false,2025
2025-11-27T21:25:57.589402-08:00,read,key_48,0.83,true,false,1086
2025-11-27T21:25:57.345555-08:00,write,key_975,308.92,true,false,2027
2025-11-27T21:25:57.450749-08:00,write,key_428,318.83,true,false,2026
2025-11-27T21:25:57.448685-08:00,write,key_246,320.91,true,false,2026
2025-11-27T21:25:57.450811-08:00,write,key_647,318.80,true,false,2026
2025-11-27T21:25:57.45317-08:00,write,key_286,316.68,true,false,2027
2025-11-27T21:25:57.769611-08:00,read,key_79,0.56,true,false,1955
2025-11-27T21:25:57.769592-08:00,read,key_409,0.65,true,false,1347
2025-11-27T21:25:57.486714-08:00,write,key_585,304.84,true,false,2027
2025-11-27T21:25:57.556799-08:00,write,key_165,315.02,true,false,2029
2025-11-27T21:25:57.554412-08:00,write,key_54,317.50,true,false,2028
2025-11-27T21:25:57.554361-08:00,write,key_573,318.64,true,false,2028
2025-11-27T21:25:57.873005-08:00,read,key_242,3.42,true,false,1941
2025-11-27T21:25:57.590233-08:00,write,key_599,303.68,true,false,2030
2025-11-27T21:25:57.654497-08:00,write,key_300,308.10,true,false,2031
2025-11-27T21:25:57.769847-08:00,write,key_174,303.45,true,false,2028
2025-11-27T21:25:57.770243-08:00,write,key_25,303.08,true,false,2032
2025-11-27T21:25:57.770173-08:00,write,key_824,303.18,true,false,2033
2025-11-27T21:25:57.769582-08:00,write,key_529,303.78,true,false,2032
2025-11-27T21:25:58.073319-08:00,read,key_611,1.28,true,false,1467
2025-11-27T21:25:58.073359-08:00,read,key_544,1.25,true,false,1788
2025-11-27T21:25:58.073352-08:00,read,key_130,1.26,true,false,1823
2025-11-27T21:25:58.074598-08:00,read,key_14,1.49,true,false,823
2025-11-27T21:25:58.074607-08:00,read,key_829,3.67,true,false,1960
2025-11-27T21:25:58.076093-08:00,read,key_994,2.21,true,false,1194
2025-11-27T21:25:58.078301-08:00,read,key_684,0.61,true,false,2022
2025-11-27T21:25:58.078281-08:00,read,key_752,0.63,true,false,1739
2025-11-27T21:25:58.078915-08:00,read,key_595,0.48,true,false,2021
2025-11-27T21:25:57.79155-08:00,write,key_750,305.64,true,false,2034
2025-11-27T21:25:57.876427-08:00,write,key_10,304.78,true,false,2034
2025-11-27T21:25:57.871825-08:00,write,key_139,309.47,true,false,2033
2025-11-27T21:25:57.871914-08:00,write,key_229,309.74,true,false,2035
2025-11-27T21:25:58.181291-08:00,read,key_774,3.70,true,false,2020
2025-11-27T21:25:58.18499-08:00,read,key_757,1.81,true,false,2000
2025-11-27T21:25:57.893917-08:00,write,key_983,303.37,true,false,2031
2025-11-27T21:25:58.197288-08:00,read,key_692,1.17,true,false,1992
2025-11-27T21:25:57.962598-08:00,write,key_175,308.06,true,false,2036
2025-11-27T21:25:58.073294-08:00,write,key_70,303.04,true,false,2034
2025-11-27T21:25:58.376336-08:00,read,key_406,1.01,true,false,1910
2025-11-27T21:25:58.07461-08:00,write,key_700,303.48,true,false,2035
2025-11-27T21:25:58.377352-08:00,read,key_56,0.90,true,false,1513
2025-11-27T21:25:58.079399-08:00,write,key_74,306.28,true,false,2037
2025-11-27T21:25:58.078909-08:00,write,key_619,306.77,true,false,2036
2025-11-27T21:25:58.378256-08:00,read,key_599,9.32,true,false,2030
2025-11-27T21:25:58.385683-08:00,read,key_697,1.91,true,false,1965
2025-11-27T21:25:58.38758-08:00,read,key_652,0.93,true,false,1495
2025-11-27T21:25:58.388507-08:00,read,key_228,0.75,true,false,1768
2025-11-27T21:25:58.389253-08:00,read,key_975,0.30,true,false,2027
2025-11-27T21:25:58.097191-08:00,write,key_0,307.65,true,false,2037
2025-11-27T21:25:58.404846-08:00,read,key_993,1.90,true,false,1999
2025-11-27T21:25:58.406744-08:00,read,key_975,0.65,true,false,2027
2025-11-27T21:25:58.181653-08:00,write,key_582,306.24,true,false,2036
2025-11-27T21:25:58.18121-08:00,write,key_822,306.68,true,false,2038
2025-11-27T21:25:58.186796-08:00,write,key_5,304.09,true,false,2036
2025-11-27T21:25:58.198461-08:00,write,key_471,306.45,true,false,2038
2025-11-27T21:25:58.27066-08:00,write,key_974,305.48,true,false,2039
2025-11-27T21:25:58.576145-08:00,read,key_246,1.33,true,false,2026
2025-11-27T21:25:58.378094-08:00,write,key_446,314.63,true,false,2040
2025-11-27T21:25:58.385683-08:00,write,key_320,307.12,true,false,2038
2025-11-27T21:25:58.387591-08:00,write,key_32,305.64,true,false,2040
2025-11-27T21:25:58.389552-08:00,write,key_641,305.84,true,false,2039
2025-11-27T21:25:58.695394-08:00,read,key_466,1.71,true,false,1986
2025-11-27T21:25:58.697102-08:00,read,key_524,1.18,true,false,1268
2025-11-27T21:25:58.407394-08:00,write,key_769,304.30,true,false,2041
2025-11-27T21:25:58.711696-08:00,read,key_628,0.29,true,false,1799
2025-11-27T21:25:58.711987-08:00,read,key_542,0.26,true,false,2013
2025-11-27T21:25:58.487895-08:00,write,key_282,306.93,true,false,2041
2025-11-27T21:25:58.490888-08:00,write,key_753,304.56,true,false,2039
2025-11-27T21:25:58.48789-08:00,write,key_569,307.56,true,false,2039
2025-11-27T21:25:58.795448-08:00,read,key_790,1.29,true,false,1938
2025-11-27T21:25:58.795453-08:00,read,key_564,2.52,true,false,1682
2025-11-27T21:25:58.504912-08:00,write,key_947,302.32,true,false,2042
2025-11-27T21:25:58.807236-08:00,read,key_299,0.87,true,false,1775
2025-11-27T21:25:58.808108-08:00,read,key_338,0.64,true,false,1830
2025-11-27T21:25:58.577472-08:00,write,key_312,305.14,true,false,2040
2025-11-27T21:25:58.882617-08:00,read,key_283,0.70,true,false,1827
2025-11-27T21:25:58.883318-08:00,read,key_14,0.75,true,false,823
2025-11-27T21:25:58.884068-08:00,read,key_978,0.84,true,false,2024
2025-11-27T21:25:58.884913-08:00,read,key_641,0.58,true,false,2039
2025-11-27T21:25:58.693234-08:00,write,key_488,307.19,true,false,2044
2025-11-27T21:25:58.692802-08:00,write,key_851,307.67,true,false,2043
2025-11-27T21:25:58.692722-08:00,write,key_758,308.06,true,false,2041
2025-11-27T21:25:59.000426-08:00,read,key_624,2.52,true,false,1359
2025-11-27T21:25:59.000782-08:00,read,key_283,2.17,true,false,1827
2025-11-27T21:25:58.698281-08:00,write,key_741,304.70,true,false,2041
2025-11-27T21:25:59.000469-08:00,read,key_973,2.52,true,false,2008
2025-11-27T21:25:59.002985-08:00,read,key_907,1.68,true,false,2012
2025-11-27T21:25:59.004668-08:00,read,key_224,0.50,true,false,2005
2025-11-27T21:25:58.712244-08:00,write,key_522,302.09,true,false,2043
2025-11-27T21:25:59.014332-08:00,read,key_603,0.78,true,false,1094
2025-11-27T21:25:59.015108-08:00,read,key_720,0.61,true,false,905
2025-11-27T21:25:59.015722-08:00,read,key_876,0.65,true,false,2004
2025-11-27T21:25:58.796736-08:00,write,key_109,305.86,true,false,2042
2025-11-27T21:25:58.794834-08:00,write,key_693,307.80,true,false,2044
2025-11-27T21:25:59.102601-08:00,read,key_270,0.62,true,false,522
2025-11-27T21:25:59.10263-08:00,read,key_687,0.59,true,false,2010
2025-11-27T21:25:59.103218-08:00,read,key_849,0.63,true,false,1850
2025-11-27T21:25:59.103222-08:00,read,key_178,0.64,true,false,1810
2025-11-27T21:25:58.797978-08:00,write,key_822,305.89,true,false,2045
2025-11-27T21:25:59.103868-08:00,read,key_280,0.62,true,false,1552
2025-11-27T21:25:59.103854-08:00,read,key_176,0.70,true,false,1750
2025-11-27T21:25:59.104488-08:00,read,key_225,2.15,true,false,1826
2025-11-27T21:25:59.106639-08:00,read,key_741,0.51,true,false,2041
2025-11-27T21:25:58.808753-08:00,write,key_3,303.45,true,false,2043
2025-11-27T21:25:59.112205-08:00,read,key_126,0.62,true,false,1936
2025-11-27T21:25:59.11283-08:00,read,key_219,0.52,true,false,1456
2025-11-27T21:25:58.885494-08:00,write,key_876,303.48,true,false,2043
2025-11-27T21:25:59.00295-08:00,write,key_798,303.49,true,false,2045
2025-11-27T21:25:59.30644-08:00,read,key_441,0.67,true,false,1544
2025-11-27T21:25:59.005172-08:00,write,key_493,302.87,true,false,2046
2025-11-27T21:25:59.002952-08:00,write,key_28,305.78,true,false,2047
2025-11-27T21:25:59.002983-08:00,write,key_813,305.83,true,false,2046
2025-11-27T21:25:59.30804-08:00,read,key_985,2.73,true,false,1753
2025-11-27T21:25:59.310766-08:00,read,key_100,1.58,true,false,1864
2025-11-27T21:25:59.312346-08:00,read,key_203,0.77,true,false,999
2025-11-27T21:25:59.016379-08:00,write,key_643,304.83,true,false,2047
2025-11-27T21:25:59.321207-08:00,read,key_119,0.74,true,false,1997
2025-11-27T21:25:59.321945-08:00,read,key_858,0.60,true,false,1919
2025-11-27T21:25:59.104553-08:00,write,key_290,303.81,true,false,2046
2025-11-27T21:25:59.103862-08:00,write,key_111,304.50,true,false,2046
2025-11-27T21:25:59.107149-08:00,write,key_872,303.46,true,false,2048
2025-11-27T21:25:59.113351-08:00,write,key_608,301.46,true,false,2046
2025-11-27T21:25:59.188979-08:00,write,key_570,306.13,true,false,2047
2025-11-27T21:25:59.495112-08:00,read,key_812,0.56,true,false,1916
2025-11-27T21:25:59.49567-08:00,read,key_197,1.61,false,false,0
2025-11-27T21:25:59.497284-08:00,read,key_679,0.55,true,false,1743
2025-11-27T21:25:59.497831-08:00,read,key_221,0.42,true,false,1977
2025-11-27T21:25:59.307107-08:00,write,key_73,309.00,true,false,2049
2025-11-27T21:25:59.308731-08:00,write,key_595,307.40,true,false,2050
2025-11-27T21:25:59.308811-08:00,write,key_730,308.22,true,false,2048
2025-11-27T21:25:59.313116-08:00,write,key_970,304.64,true,false,2048
2025-11-27T21:25:59.616129-08:00,read,key_949,4.43,true,false,1372
2025-11-27T21:25:59.617028-08:00,read,key_525,3.54,true,false,1764
2025-11-27T21:25:59.620566-08:00,read,key_586,1.06,true,false,1085
2025-11-27T21:25:59.621626-08:00,read,key_778,0.78,true,false,1750
2025-11-27T21:25:59.322548-08:00,write,key_737,304.81,true,false,2049
2025-11-27T21:25:59.41061-08:00,write,key_616,307.19,true,false,2049
2025-11-27T21:25:59.414812-08:00,write,key_670,306.34,true,false,2049
2025-11-27T21:25:59.408363-08:00,write,key_973,312.84,true,false,2052
2025-11-27T21:25:59.408361-08:00,write,key_348,313.01,true,false,2051
2025-11-27T21:25:59.721206-08:00,read,key_511,0.87,true,false,1805
2025-11-27T21:25:59.721152-08:00,read,key_54,0.93,true,false,2028
2025-11-27T21:25:59.722083-08:00,read,key_409,1.03,true,false,1347
2025-11-27T21:25:59.498248-08:00,write,key_569,305.23,true,false,2053
2025-11-27T21:25:59.80348-08:00,read,key_567,0.69,true,false,1970
2025-11-27T21:25:59.617757-08:00,write,key_304,304.98,true,false,2054
2025-11-27T21:25:59.616106-08:00,write,key_725,306.67,true,false,2051
2025-11-27T21:25:59.620556-08:00,write,key_252,304.56,true,false,2054
2025-11-27T21:25:59.922743-08:00,read,key_819,2.37,false,false,0
2025-11-27T21:25:59.622408-08:00,write,key_122,304.99,true,false,2055
2025-11-27T21:25:59.927403-08:00,read,key_573,0.50,true,false,2028
2025-11-27T21:25:59.927904-08:00,read,key_835,0.43,true,false,1814
2025-11-27T21:25:59.627356-08:00,write,key_784,303.48,true,false,2055
2025-11-27T21:25:59.930839-08:00,read,key_24,0.41,true,false,1428
2025-11-27T21:25:59.931252-08:00,read,key_21,0.51,true,false,1997
2025-11-27T21:25:59.717799-08:00,write,key_822,306.50,true,false,2053
2025-11-27T21:26:00.024297-08:00,read,key_759,0.94,true,false,1346
2025-11-27T21:25:59.723115-08:00,write,key_870,305.13,true,false,2056
2025-11-27T21:25:59.722082-08:00,write,key_789,306.58,true,false,2054
2025-11-27T21:25:59.721368-08:00,write,key_477,307.33,true,false,2053
2025-11-27T21:26:00.028241-08:00,read,key_229,1.38,true,false,2035
2025-11-27T21:26:00.025235-08:00,read,key_650,4.82,true,false,262
2025-11-27T21:26:00.030058-08:00,read,key_202,1.11,true,false,1488
2025-11-27T21:26:00.031172-08:00,read,key_586,0.50,true,false,1085
2025-11-27T21:25:59.804171-08:00,write,key_108,309.78,true,false,2056
2025-11-27T21:25:59.92833-08:00,write,key_166,305.38,true,false,2056
2025-11-27T21:25:59.925117-08:00,write,key_169,308.77,true,false,2057
2025-11-27T21:25:59.925117-08:00,write,key_347,308.85,true,false,2057
2025-11-27T21:25:59.922774-08:00,write,key_871,311.67,true,false,2058
2025-11-27T21:25:59.931758-08:00,write,key_612,302.83,true,false,2057
2025-11-27T21:26:00.233885-08:00,read,key_816,2.50,true,false,1918
2025-11-27T21:26:00.233966-08:00,read,key_15,2.41,true,false,879
2025-11-27T21:26:00.028702-08:00,write,key_255,308.54,true,false,2057
2025-11-27T21:26:00.029622-08:00,write,key_181,307.62,true,false,2059
2025-11-27T21:26:00.031675-08:00,write,key_80,305.65,true,false,2058
2025-11-27T21:26:00.028665-08:00,write,key_595,309.05,true,false,2059
2025-11-27T21:26:00.337721-08:00,read,key_768,2.95,true,false,1899
2025-11-27T21:26:00.340675-08:00,read,key_105,0.70,true,false,864
2025-11-27T21:26:00.11395-08:00,write,key_837,306.88,true,false,2058
2025-11-27T21:26:00.236381-08:00,write,key_679,302.83,true,false,2060
2025-11-27T21:26:00.233716-08:00,write,key_999,305.50,true,false,2060
2025-11-27T21:26:00.236381-08:00,write,key_820,302.87,true,false,2060
2025-11-27T21:26:00.23444-08:00,write,key_316,304.85,true,false,2059
2025-11-27T21:26:00.234586-08:00,write,key_485,304.73,true,false,2059
2025-11-27T21:26:00.539209-08:00,read,key_15,2.83,true,false,879
2025-11-27T21:26:00.539255-08:00,read,key_789,3.60,true,false,2054
2025-11-27T21:26:00.539288-08:00,read,key_160,4.14,true,false,1663
2025-11-27T21:26:00.337247-08:00,write,key_324,305.40,true,false,2061
2025-11-27T21:26:00.33726-08:00,write,key_671,305.41,true,false,2062
2025-11-27T21:26:00.337329-08:00,write,key_293,306.29,true,false,2060
2025-11-27T21:26:00.341376-08:00,write,key_311,304.21,true,false,2061
2025-11-27T21:26:00.643617-08:00,read,key_560,1.98,true,false,1838
2025-11-27T21:26:00.642645-08:00,read,key_213,2.97,true,false,1148
2025-11-27T21:26:00.645613-08:00,read,key_467,1.45,true,false,1722
2025-11-27T21:26:00.645595-08:00,read,key_790,1.85,true,false,1938
2025-11-27T21:26:00.647067-08:00,read,key_338,1.55,true,false,1830
2025-11-27T21:26:00.420832-08:00,write,key_647,310.58,true,false,2063
2025-11-27T21:26:00.539219-08:00,write,key_77,306.91,true,false,2061
2025-11-27T21:26:00.54204-08:00,write,key_445,308.69,true,false,2063
2025-11-27T21:26:00.539314-08:00,write,key_985,312.53,true,false,2064
2025-11-27T21:26:00.851843-08:00,read,key_70,3.26,true,false,2034
2025-11-27T21:26:00.543427-08:00,write,key_625,312.17,true,false,2062
2025-11-27T21:26:00.846135-08:00,read,key_627,9.76,true,false,1267
2025-11-27T21:26:00.54286-08:00,write,key_296,313.07,true,false,2064
2025-11-27T21:26:00.855108-08:00,read,key_262,1.84,true,false,604
2025-11-27T21:26:00.642668-08:00,write,key_466,307.70,true,false,2065
2025-11-27T21:26:00.950365-08:00,read,key_601,1.30,true,false,1708
2025-11-27T21:26:00.647443-08:00,write,key_168,306.94,true,false,2063
2025-11-27T21:26:00.648621-08:00,write,key_407,305.77,true,false,2064
2025-11-27T21:26:00.954389-08:00,read,key_166,0.95,true,false,2056
2025-11-27T21:26:00.645586-08:00,write,key_381,311.56,true,false,2066
2025-11-27T21:26:00.957146-08:00,read,key_165,0.93,true,false,2029
2025-11-27T21:26:00.958076-08:00,read,key_266,0.59,true,false,495
2025-11-27T21:26:00.731415-08:00,write,key_907,311.71,true,false,2065
2025-11-27T21:26:00.85073-08:00,write,key_733,304.07,true,false,2065
2025-11-27T21:26:00.855927-08:00,write,key_298,303.05,true,false,2065
2025-11-27T21:26:00.855602-08:00,write,key_299,303.43,true,false,2066
2025-11-27T21:26:00.855899-08:00,write,key_4,303.23,true,false,2067
2025-11-27T21:26:00.856951-08:00,write,key_82,303.00,true,false,2067
2025-11-27T21:26:01.159002-08:00,read,key_71,2.23,true,false,2001
2025-11-27T21:26:01.159127-08:00,read,key_80,2.31,true,false,2058
2025-11-27T21:26:01.159949-08:00,read,key_78,2.15,true,false,1683
2025-11-27T21:26:00.951664-08:00,write,key_31,305.55,true,false,2068
2025-11-27T21:26:00.954389-08:00,write,key_7,304.63,true,false,2067
2025-11-27T21:26:01.259026-08:00,read,key_872,0.95,true,false,2048
2025-11-27T21:26:00.955342-08:00,write,key_432,305.00,true,false,2068
2025-11-27T21:26:00.958665-08:00,write,key_431,304.20,true,false,2069
2025-11-27T21:26:01.262866-08:00,read,key_830,1.58,true,false,1808
2025-11-27T21:26:01.043129-08:00,write,key_364,308.86,true,false,2068
2025-11-27T21:26:01.154805-08:00,write,key_220,306.10,true,false,2067
2025-11-27T21:26:01.161233-08:00,write,key_985,304.80,true,false,2068
2025-11-27T21:26:01.162099-08:00,write,key_591,303.99,true,false,2069
2025-11-27T21:26:01.161436-08:00,write,key_997,304.81,true,false,2070
2025-11-27T21:26:01.159028-08:00,write,key_304,307.47,true,false,2068
2025-11-27T21:26:01.4665-08:00,read,key_120,3.73,true,false,1930
2025-11-27T21:26:01.257222-08:00,write,key_114,304.51,true,false,2070
2025-11-27T21:26:01.259975-08:00,write,key_249,307.35,true,false,2071
2025-11-27T21:26:01.260339-08:00,write,key_940,306.99,true,false,2072
2025-11-27T21:26:01.567346-08:00,read,key_680,2.74,true,false,1959
2025-11-27T21:26:01.570082-08:00,read,key_116,0.49,true,false,1962
2025-11-27T21:26:01.570574-08:00,read,key_518,0.51,true,false,736
2025-11-27T21:26:01.26445-08:00,write,key_655,307.65,true,false,2073
2025-11-27T21:26:01.352006-08:00,write,key_871,310.13,true,false,2074
2025-11-27T21:26:01.460911-08:00,write,key_298,308.40,true,false,2075
2025-11-27T21:26:01.769314-08:00,read,key_82,0.51,true,false,2067
2025-11-27T21:26:01.769826-08:00,read,key_306,0.70,true,false,1805
2025-11-27T21:26:01.466086-08:00,write,key_730,305.37,true,false,2076
2025-11-27T21:26:01.466246-08:00,write,key_691,305.26,true,false,2071
2025-11-27T21:26:01.466036-08:00,write,key_195,305.85,true,false,2075
2025-11-27T21:26:01.470231-08:00,write,key_772,304.11,true,false,2072
2025-11-27T21:26:01.771887-08:00,read,key_867,3.32,true,false,1771
2025-11-27T21:26:01.561732-08:00,write,key_769,309.54,true,false,2071
2025-11-27T21:26:01.56733-08:00,write,key_308,305.88,true,false,2077
2025-11-27T21:26:01.873207-08:00,read,key_119,0.69,true,false,1997
2025-11-27T21:26:01.572104-08:00,write,key_742,303.06,true,false,2078
2025-11-27T21:26:01.571088-08:00,write,key_766,304.08,true,false,2077
2025-11-27T21:26:01.875165-08:00,read,key_616,2.48,true,false,2049
2025-11-27T21:26:01.877649-08:00,read,key_166,0.51,true,false,2056
2025-11-27T21:26:01.878164-08:00,read,key_794,0.59,true,false,2013
2025-11-27T21:26:01.662137-08:00,write,key_315,308.51,true,false,2075
2025-11-27T21:26:01.771452-08:00,write,key_135,306.66,true,false,2080
2025-11-27T21:26:01.770528-08:00,write,key_607,307.59,true,false,2079
2025-11-27T21:26:01.771507-08:00,write,key_223,306.62,true,false,2079
2025-11-27T21:26:01.774346-08:00,write,key_690,303.98,true,false,2077
2025-11-27T21:26:02.078126-08:00,read,key_960,1.39,true,false,1571
2025-11-27T21:26:01.775211-08:00,write,key_38,306.31,true,false,2078
2025-11-27T21:26:02.079515-08:00,read,key_857,2.31,true,false,1997
2025-11-27T21:26:02.078116-08:00,read,key_153,5.20,true,false,1575
2025-11-27T21:26:02.083317-08:00,read,key_428,0.83,true,false,2026
2025-11-27T21:26:02.081827-08:00,read,key_160,2.93,true,false,1663
2025-11-27T21:26:02.084763-08:00,read,key_937,0.81,true,false,2005
2025-11-27T21:26:01.873893-08:00,write,key_824,304.01,true,false,2078
2025-11-27T21:26:01.871272-08:00,write,key_132,306.63,true,false,2079
2025-11-27T21:26:02.177907-08:00,read,key_683,0.74,true,false,1706
2025-11-27T21:26:01.875163-08:00,write,key_739,304.75,true,false,2081
2025-11-27T21:26:01.878755-08:00,write,key_814,304.42,true,false,2079
2025-11-27T21:26:01.970655-08:00,write,key_161,307.95,true,false,2082
2025-11-27T21:26:02.07812-08:00,write,key_696,304.14,true,false,2081
2025-11-27T21:26:02.081517-08:00,write,key_4,305.07,true,false,2083
2025-11-27T21:26:02.078327-08:00,write,key_404,308.68,true,false,2082
2025-11-27T21:26:02.084151-08:00,write,key_70,303.07,true,false,2084
2025-11-27T21:26:02.386593-08:00,read,key_856,1.08,true,false,1898
2025-11-27T21:26:02.38722-08:00,read,key_89,0.89,true,false,2021
2025-11-27T21:26:02.388106-08:00,read,key_732,0.68,true,false,2015
2025-11-27T21:26:02.388791-08:00,read,key_257,0.57,true,false,1539
2025-11-27T21:26:02.389365-08:00,read,key_19,0.51,true,false,1975
2025-11-27T21:26:02.085576-08:00,write,key_571,306.76,true,false,2085
2025-11-27T21:26:02.179916-08:00,write,key_57,304.43,true,false,2083
2025-11-27T21:26:02.177901-08:00,write,key_325,306.45,true,false,2083
2025-11-27T21:26:02.178645-08:00,write,key_916,305.73,true,false,2084
2025-11-27T21:26:02.484349-08:00,read,key_731,1.60,true,false,2025
2025-11-27T21:26:02.183179-08:00,write,key_591,304.63,true,false,2082
2025-11-27T21:26:02.487809-08:00,read,key_477,0.59,true,false,2053
2025-11-27T21:26:02.27861-08:00,write,key_624,307.56,true,false,2085
2025-11-27T21:26:02.586176-08:00,read,key_839,0.57,true,false,828
2025-11-27T21:26:02.382266-08:00,write,key_479,306.04,true,false,2086
2025-11-27T21:26:02.387007-08:00,write,key_876,303.10,true,false,2085
2025-11-27T21:26:02.38767-08:00,write,key_39,302.46,true,false,2087
2025-11-27T21:26:02.690113-08:00,read,key_656,1.44,true,false,1017
2025-11-27T21:26:02.389885-08:00,write,key_562,305.18,true,false,2085
2025-11-27T21:26:02.392336-08:00,write,key_760,303.16,true,false,2086
2025-11-27T21:26:02.695494-08:00,read,key_961,0.54,true,false,1557
2025-11-27T21:26:02.696039-08:00,read,key_736,0.80,true,false,1975
2025-11-27T21:26:02.484377-08:00,write,key_22,305.48,true,false,2087
2025-11-27T21:26:02.484349-08:00,write,key_581,307.47,true,false,2088
2025-11-27T21:26:02.48595-08:00,write,key_977,305.87,true,false,2086
2025-11-27T21:26:02.488403-08:00,write,key_229,305.79,true,false,2087
2025-11-27T21:26:02.791817-08:00,read,key_608,2.39,true,false,2046
2025-11-27T21:26:02.789859-08:00,read,key_575,4.36,true,false,1126
2025-11-27T21:26:02.586751-08:00,write,key_426,309.22,true,false,2088
2025-11-27T21:26:02.695067-08:00,write,key_519,304.42,true,false,2088
2025-11-27T21:26:02.691555-08:00,write,key_648,309.15,true,false,2089
2025-11-27T21:26:02.688311-08:00,write,key_440,313.02,true,false,2088
2025-11-27T21:26:02.69013-08:00,write,key_626,311.32,true,false,2089
2025-11-27T21:26:03.001329-08:00,read,key_122,1.86,true,false,2055
2025-11-27T21:26:02.696845-08:00,write,key_663,306.35,true,false,2090
2025-11-27T21:26:03.000708-08:00,read,key_464,3.04,true,false,1903
2025-11-27T21:26:03.003194-08:00,read,key_420,1.53,true,false,2025
2025-11-27T21:26:03.00146-08:00,read,key_129,3.27,true,false,1940
2025-11-27T21:26:03.004721-08:00,read,key_32,0.84,true,false,2040
2025-11-27T21:26:03.003193-08:00,read,key_782,2.38,true,false,1594
2025-11-27T21:26:02.791817-08:00,write,key_572,312.25,true,false,2089
2025-11-27T21:26:02.794203-08:00,write,key_579,309.87,true,false,2090
2025-11-27T21:26:02.794215-08:00,write,key_567,309.86,true,false,2090
2025-11-27T21:26:02.794192-08:00,write,key_872,309.89,true,false,2091
2025-11-27T21:26:03.10408-08:00,read,key_428,1.04,true,false,2026
2025-11-27T21:26:03.104068-08:00,read,key_164,1.28,true,false,1809
2025-11-27T21:26:03.104081-08:00,read,key_116,1.27,true,false,1962
2025-11-27T21:26:02.895972-08:00,write,key_603,309.65,true,false,2092
2025-11-27T21:26:03.205625-08:00,read,key_85,5.77,true,false,1910
2025-11-27T21:26:03.003754-08:00,write,key_974,308.81,true,false,2091
2025-11-27T21:26:03.005559-08:00,write,key_663,307.51,true,false,2095
2025-11-27T21:26:02.999484-08:00,write,key_385,313.61,true,false,2093
2025-11-27T21:26:03.004734-08:00,write,key_578,309.91,true,false,2094
2025-11-27T21:26:03.005572-08:00,write,key_528,309.09,true,false,2096
2025-11-27T21:26:03.313095-08:00,read,key_652,2.08,true,false,1495
2025-11-27T21:26:03.314641-08:00,read,key_566,1.75,true,false,915
2025-11-27T21:26:03.105352-08:00,write,key_250,311.75,true,false,2095
2025-11-27T21:26:03.105126-08:00,write,key_959,312.01,true,false,2092
2025-11-27T21:26:03.104075-08:00,write,key_43,313.09,true,false,2092
2025-11-27T21:26:03.105348-08:00,write,key_675,311.85,true,false,2097
2025-11-27T21:26:03.417207-08:00,read,key_22,2.97,true,false,2087
2025-11-27T21:26:03.417167-08:00,read,key_314,3.02,true,false,1939
2025-11-27T21:26:03.420191-08:00,read,key_786,0.93,true,false,1620
2025-11-27T21:26:03.211394-08:00,write,key_519,304.40,true,false,2098
2025-11-27T21:26:03.515803-08:00,read,key_18,1.01,true,false,789
2025-11-27T21:26:03.516818-08:00,read,key_976,3.80,true,false,1964
2025-11-27T21:26:03.520616-08:00,read,key_855,0.48,true,false,1990
2025-11-27T21:26:03.313071-08:00,write,key_30,307.89,true,false,2097
2025-11-27T21:26:03.314659-08:00,write,key_253,306.32,true,false,2099
2025-11-27T21:26:03.315177-08:00,write,key_118,305.81,true,false,2098
2025-11-27T21:26:03.316395-08:00,write,key_874,304.62,true,false,2099
2025-11-27T21:26:03.312573-08:00,write,key_973,308.45,true,false,2097
2025-11-27T21:26:03.620991-08:00,read,key_776,1.86,true,false,1128
2025-11-27T21:26:03.620958-08:00,read,key_242,3.29,true,false,1941
2025-11-27T21:26:03.624251-08:00,read,key_168,1.29,true,false,2063
2025-11-27T21:26:03.625542-08:00,read,key_88,2.81,true,false,1553
2025-11-27T21:26:03.628358-08:00,read,key_71,0.76,true,false,2001
2025-11-27T21:26:03.417138-08:00,write,key_640,305.89,true,false,2098
2025-11-27T21:26:03.723029-08:00,read,key_879,0.73,true,false,1566
2025-11-27T21:26:03.420181-08:00,write,key_756,304.78,true,false,2099
2025-11-27T21:26:03.417101-08:00,write,key_704,307.86,true,false,2099
2025-11-27T21:26:03.72496-08:00,read,key_25,0.65,true,false,2032
2025-11-27T21:26:03.725608-08:00,read,key_624,0.78,true,false,2085
2025-11-27T21:26:03.421124-08:00,write,key_383,307.83,true,false,2100
2025-11-27T21:26:03.728956-08:00,read,key_877,0.47,true,false,1892
2025-11-27T21:26:03.521093-08:00,write,key_802,305.58,true,false,2100
2025-11-27T21:26:03.826679-08:00,read,key_57,1.17,true,false,2083
2025-11-27T21:26:03.621025-08:00,write,key_253,308.08,true,false,2101
2025-11-27T21:26:03.62098-08:00,write,key_55,308.12,true,false,2100
2025-11-27T21:26:03.621019-08:00,write,key_761,308.08,true,false,2100
2025-11-27T21:26:03.622849-08:00,write,key_839,306.34,true,false,2100
2025-11-27T21:26:03.929103-08:00,read,key_589,1.63,true,false,1715
2025-11-27T21:26:03.930735-08:00,read,key_429,1.32,true,false,1975
2025-11-27T21:26:03.93206-08:00,read,key_271,0.92,false,false,0
2025-11-27T21:26:03.93298-08:00,read,key_825,1.05,true,false,769
2025-11-27T21:26:03.62912-08:00,write,key_511,304.95,true,false,2102
2025-11-27T21:26:03.726393-08:00,write,key_263,302.83,true,false,2101
2025-11-27T21:26:03.724957-08:00,write,key_566,304.27,true,false,2101
2025-11-27T21:26:03.723759-08:00,write,key_524,305.49,true,false,2101
2025-11-27T21:26:04.029253-08:00,read,key_342,0.79,true,false,470
2025-11-27T21:26:04.03004-08:00,read,key_999,1.34,true,false,2060
2025-11-27T21:26:03.729426-08:00,write,key_458,302.88,true,false,2101
2025-11-27T21:26:04.032307-08:00,read,key_518,1.62,true,false,736
2025-11-27T21:26:04.03393-08:00,read,key_389,2.62,true,false,1958
2025-11-27T21:26:03.827854-08:00,write,key_635,305.24,true,false,2102
2025-11-27T21:26:03.929105-08:00,write,key_406,305.06,true,false,2103
2025-11-27T21:26:03.929103-08:00,write,key_570,305.06,true,false,2102
2025-11-27T21:26:03.929189-08:00,write,key_855,304.99,true,false,2103
2025-11-27T21:26:04.234166-08:00,read,key_625,2.48,true,false,2062
2025-11-27T21:26:04.234176-08:00,read,key_737,2.74,true,false,2049
2025-11-27T21:26:03.934073-08:00,write,key_693,303.35,true,false,2104
2025-11-27T21:26:03.934033-08:00,write,key_175,303.46,true,false,2103
2025-11-27T21:26:04.236648-08:00,read,key_583,1.52,true,false,1923
2025-11-27T21:26:04.237498-08:00,read,key_973,2.53,true,false,2097
2025-11-27T21:26:04.238166-08:00,read,key_171,2.80,false,false,0
2025-11-27T21:26:04.240971-08:00,read,key_762,0.88,true,false,1916
2025-11-27T21:26:04.241847-08:00,read,key_552,0.59,true,false,1126
2025-11-27T21:26:04.242442-08:00,read,key_244,0.49,true,false,1926
2025-11-27T21:26:04.031386-08:00,write,key_640,306.79,true,false,2103
2025-11-27T21:26:04.02923-08:00,write,key_595,308.96,true,false,2104
2025-11-27T21:26:04.029225-08:00,write,key_343,308.97,true,false,2105
2025-11-27T21:26:04.338199-08:00,read,key_694,0.88,true,false,1964
2025-11-27T21:26:04.338198-08:00,read,key_568,0.91,true,false,1991
2025-11-27T21:26:04.339111-08:00,read,key_641,0.69,true,false,2039
2025-11-27T21:26:04.339797-08:00,read,key_851,0.60,true,false,2043
2025-11-27T21:26:04.036548-08:00,write,key_622,304.74,true,false,2105
2025-11-27T21:26:04.341284-08:00,read,key_855,0.54,true,false,2103
2025-11-27T21:26:04.133101-08:00,write,key_681,306.62,true,false,2104
2025-11-27T21:26:04.236913-08:00,write,key_427,308.97,true,false,2106
2025-11-27T21:26:04.237425-08:00,write,key_310,308.47,true,false,2107
2025-11-27T21:26:04.240034-08:00,write,key_633,305.86,true,false,2105
2025-11-27T21:26:04.242936-08:00,write,key_101,302.98,true,false,2105
2025-11-27T21:26:04.234166-08:00,write,key_473,311.76,true,false,2106
2025-11-27T21:26:04.54589-08:00,read,key_24,1.46,true,false,1428
2025-11-27T21:26:04.545913-08:00,read,key_790,1.44,true,false,1938
2025-11-27T21:26:04.545879-08:00,read,key_340,1.83,true,false,820
2025-11-27T21:26:04.545895-08:00,read,key_82,2.93,true,false,2067
2025-11-27T21:26:04.548824-08:00,read,key_10,0.61,true,false,2034
2025-11-27T21:26:04.338195-08:00,write,key_47,308.21,true,false,2107
2025-11-27T21:26:04.340394-08:00,write,key_340,307.51,true,false,2106
2025-11-27T21:26:04.339084-08:00,write,key_311,308.87,true,false,2106
2025-11-27T21:26:04.341828-08:00,write,key_674,306.26,true,false,2107
2025-11-27T21:26:04.647954-08:00,read,key_733,1.58,true,false,2065
2025-11-27T21:26:04.646406-08:00,read,key_303,3.14,true,false,557
2025-11-27T21:26:04.647905-08:00,read,key_274,2.44,true,false,1791
2025-11-27T21:26:04.648089-08:00,read,key_9,2.26,true,false,1928
2025-11-27T21:26:04.65035-08:00,read,key_605,3.42,true,false,1948
2025-11-27T21:26:04.439719-08:00,write,key_564,306.88,true,false,2106
2025-11-27T21:26:04.746596-08:00,read,key_55,0.94,true,false,2100
2025-11-27T21:26:04.547347-08:00,write,key_757,304.56,true,false,2108
2025-11-27T21:26:04.545929-08:00,write,key_620,307.41,true,false,2108
2025-11-27T21:26:04.547712-08:00,write,key_858,305.68,true,false,2108
2025-11-27T21:26:04.547358-08:00,write,key_264,306.19,true,false,2108
2025-11-27T21:26:04.549438-08:00,write,key_38,306.32,true,false,2109
2025-11-27T21:26:04.853392-08:00,read,key_479,2.44,true,false,2086
2025-11-27T21:26:04.853546-08:00,read,key_123,2.34,true,false,1973
2025-11-27T21:26:04.853341-08:00,read,key_326,2.68,true,false,766
2025-11-27T21:26:04.855759-08:00,read,key_762,2.72,true,false,1916
2025-11-27T21:26:04.855828-08:00,read,key_967,2.65,true,false,1521
2025-11-27T21:26:04.856019-08:00,read,key_871,2.51,true,false,2074
2025-11-27T21:26:04.858479-08:00,read,key_12,3.62,true,false,1251
2025-11-27T21:26:04.650341-08:00,write,key_294,306.16,true,false,2109
2025-11-27T21:26:04.649531-08:00,write,key_787,307.05,true,false,2110
2025-11-27T21:26:04.653773-08:00,write,key_329,305.73,true,false,2109
2025-11-27T21:26:04.649551-08:00,write,key_204,310.02,true,false,2110
2025-11-27T21:26:04.959573-08:00,read,key_11,2.49,true,false,767
2025-11-27T21:26:04.962067-08:00,read,key_270,0.91,true,false,522
2025-11-27T21:26:04.962976-08:00,read,key_335,0.72,false,false,0
2025-11-27T21:26:04.963697-08:00,read,key_75,0.74,true,false,1943
2025-11-27T21:26:04.964436-08:00,read,key_642,0.72,true,false,1981
2025-11-27T21:26:04.965156-08:00,read,key_101,0.69,true,false,2105
2025-11-27T21:26:04.965843-08:00,read,key_681,0.81,true,false,2104
2025-11-27T21:26:04.747535-08:00,write,key_420,308.94,true,false,2110
2025-11-27T21:26:05.056478-08:00,read,key_922,0.84,true,false,1902
2025-11-27T21:26:05.057319-08:00,read,key_20,0.89,true,false,1218
2025-11-27T21:26:05.058209-08:00,read,key_333,0.77,true,false,1184
2025-11-27T21:26:05.058977-08:00,read,key_40,1.80,true,false,821
2025-11-27T21:26:05.06078-08:00,read,key_732,1.23,true,false,2015
2025-11-27T21:26:05.062009-08:00,read,key_712,2.97,true,false,1313
2025-11-27T21:26:05.064982-08:00,read,key_17,0.69,true,false,1725
2025-11-27T21:26:05.065678-08:00,read,key_640,0.79,true,false,2103
2025-11-27T21:26:04.855889-08:00,write,key_29,307.32,true,false,2111
2025-11-27T21:26:04.851922-08:00,write,key_734,311.28,true,false,2110
2025-11-27T21:26:05.163206-08:00,read,key_162,1.96,true,false,1545
2025-11-27T21:26:05.163207-08:00,read,key_13,2.14,true,false,1244
2025-11-27T21:26:04.862102-08:00,write,key_449,303.69,true,false,2111
2025-11-27T21:26:04.85853-08:00,write,key_872,307.27,true,false,2111
2025-11-27T21:26:04.858479-08:00,write,key_620,307.34,true,false,2110
2025-11-27T21:26:05.165172-08:00,read,key_949,1.31,true,false,1372
2025-11-27T21:26:05.165348-08:00,read,key_85,1.81,true,false,1910
2025-11-27T21:26:05.1658-08:00,read,key_174,1.38,true,false,2028
2025-11-27T21:26:05.166484-08:00,read,key_581,2.33,true,false,2088
2025-11-27T21:26:04.956579-08:00,write,key_425,308.78,true,false,2113
2025-11-27T21:26:04.956506-08:00,write,key_767,308.86,true,false,2112
2025-11-27T21:26:05.265367-08:00,read,key_859,1.22,true,false,1528
2025-11-27T21:26:04.959499-08:00,write,key_475,307.10,true,false,2114
2025-11-27T21:26:05.26659-08:00,read,key_646,0.85,true,false,1702
2025-11-27T21:26:05.265359-08:00,read,key_685,4.27,true,false,1629
2025-11-27T21:26:04.966656-08:00,write,key_3,303.80,true,false,2112
2025-11-27T21:26:05.266599-08:00,read,key_87,4.23,true,false,960
2025-11-27T21:26:05.270831-08:00,read,key_330,0.48,true,false,1704
2025-11-27T21:26:05.271309-08:00,read,key_76,0.51,true,false,2014
2025-11-27T21:26:05.271815-08:00,read,key_782,0.44,true,false,1594
2025-11-27T21:26:05.272255-08:00,read,key_646,0.57,true,false,1702
2025-11-27T21:26:05.27283-08:00,read,key_241,0.48,true,false,2000
2025-11-27T21:26:05.066473-08:00,write,key_756,303.07,true,false,2112
2025-11-27T21:26:05.369548-08:00,read,key_460,0.61,true,false,1928
2025-11-27T21:26:05.165793-08:00,write,key_333,311.78,true,false,2113
2025-11-27T21:26:05.167156-08:00,write,key_584,310.45,true,false,2115
2025-11-27T21:26:05.167179-08:00,write,key_793,310.72,true,false,2112
2025-11-27T21:26:05.168815-08:00,write,key_114,309.58,true,false,2116
2025-11-27T21:26:05.165816-08:00,write,key_421,312.79,true,false,2115
2025-11-27T21:26:05.478393-08:00,read,key_815,2.31,true,false,658
2025-11-27T21:26:05.47758-08:00,read,key_89,3.16,true,false,2021
2025-11-27T21:26:05.478611-08:00,read,key_626,2.18,true,false,2089
2025-11-27T21:26:05.477897-08:00,read,key_598,2.99,true,false,460
2025-11-27T21:26:05.480791-08:00,read,key_324,0.49,true,false,2061
2025-11-27T21:26:05.480738-08:00,read,key_736,0.57,true,false,1975
2025-11-27T21:26:05.481311-08:00,read,key_100,0.40,true,false,1864
2025-11-27T21:26:05.481281-08:00,read,key_72,0.45,true,false,2025
2025-11-27T21:26:05.481732-08:00,read,key_615,0.38,true,false,1375
2025-11-27T21:26:05.482117-08:00,read,key_124,0.41,true,false,1309
2025-11-27T21:26:05.269632-08:00,write,key_942,310.42,true,false,2115
2025-11-27T21:26:05.270459-08:00,write,key_446,309.62,true,false,2117
2025-11-27T21:26:05.267442-08:00,write,key_118,313.13,true,false,2117
2025-11-27T21:26:05.273316-08:00,write,key_799,307.32,true,false,2116
2025-11-27T21:26:05.370159-08:00,write,key_179,310.03,true,false,2117
2025-11-27T21:26:05.477606-08:00,write,key_578,306.61,true,false,2118
2025-11-27T21:26:05.482532-08:00,write,key_780,304.14,true,false,2117
2025-11-27T21:26:05.481715-08:00,write,key_225,305.79,true,false,2118
2025-11-27T21:26:05.480705-08:00,write,key_388,306.81,true,false,2117
2025-11-27T21:26:05.480888-08:00,write,key_311,306.63,true,false,2118
2025-11-27T21:26:05.787512-08:00,read,key_55,2.11,true,false,2100
2025-11-27T21:26:05.78422-08:00,read,key_695,7.74,true,false,1855
2025-11-27T21:26:05.791956-08:00,read,key_868,3.16,true,false,1859
2025-11-27T21:26:05.580055-08:00,write,key_271,305.16,true,false,2118
2025-11-27T21:26:05.88522-08:00,read,key_348,0.39,true,false,2051
2025-11-27T21:26:05.885609-08:00,read,key_757,1.21,true,false,2108
2025-11-27T21:26:05.580636-08:00,write,key_926,308.13,true,false,2120
2025-11-27T21:26:05.580572-08:00,write,key_789,308.21,true,false,2119
2025-11-27T21:26:05.888767-08:00,read,key_640,0.29,true,false,2103
2025-11-27T21:26:05.580076-08:00,write,key_128,312.91,true,false,2118
2025-11-27T21:26:05.892984-08:00,read,key_647,0.36,true,false,2063
2025-11-27T21:26:05.680192-08:00,write,key_77,307.24,true,false,2119
2025-11-27T21:26:05.987432-08:00,read,key_167,1.14,true,false,1958
2025-11-27T21:26:05.988577-08:00,read,key_468,0.37,true,false,1534
2025-11-27T21:26:05.988943-08:00,read,key_429,0.29,true,false,1975
2025-11-27T21:26:05.989228-08:00,read,key_806,0.31,true,false,1572
2025-11-27T21:26:05.787503-08:00,write,key_573,302.62,true,false,2119
2025-11-27T21:26:05.78667-08:00,write,key_223,303.57,true,false,2119
2025-11-27T21:26:06.090245-08:00,read,key_680,0.50,true,false,1959
2025-11-27T21:26:05.789624-08:00,write,key_649,303.42,true,false,2120
2025-11-27T21:26:05.78752-08:00,write,key_692,305.60,true,false,2121
2025-11-27T21:26:06.093046-08:00,read,key_386,0.45,true,false,1021
2025-11-27T21:26:06.093501-08:00,read,key_19,0.31,true,false,1975
2025-11-27T21:26:06.09312-08:00,read,key_864,1.45,true,false,1839
2025-11-27T21:26:05.795118-08:00,write,key_843,302.57,true,false,2121
2025-11-27T21:26:06.097692-08:00,read,key_814,0.25,true,false,2079
2025-11-27T21:26:06.097947-08:00,read,key_266,0.31,true,false,495
2025-11-27T21:26:06.098258-08:00,read,key_947,0.26,true,false,2042
2025-11-27T21:26:06.098518-08:00,read,key_810,0.28,true,false,1978
2025-11-27T21:26:06.098798-08:00,read,key_640,0.28,true,false,2103
2025-11-27T21:26:05.886816-08:00,write,key_314,302.65,true,false,2120
2025-11-27T21:26:06.189469-08:00,read,key_230,0.40,true,false,1664
2025-11-27T21:26:05.888779-08:00,write,key_577,301.49,true,false,2121
2025-11-27T21:26:05.88906-08:00,write,key_828,301.26,true,false,2121
2025-11-27T21:26:06.190273-08:00,read,key_872,0.38,true,false,2111
2025-11-27T21:26:05.893341-08:00,write,key_625,301.77,true,false,2122
2025-11-27T21:26:06.195113-08:00,read,key_311,0.32,true,false,2118
2025-11-27T21:26:06.195436-08:00,read,key_572,0.34,true,false,2089
2025-11-27T21:26:05.989537-08:00,write,key_112,306.11,true,false,2122
2025-11-27T21:26:06.295647-08:00,read,key_562,0.75,true,false,2085
2025-11-27T21:26:06.09457-08:00,write,key_699,303.36,true,false,2122
2025-11-27T21:26:06.090128-08:00,write,key_725,307.82,true,false,2122
2025-11-27T21:26:06.093812-08:00,write,key_203,304.79,true,false,2124
2025-11-27T21:26:06.090747-08:00,write,key_312,307.90,true,false,2123
2025-11-27T21:26:06.099079-08:00,write,key_774,303.28,true,false,2123
2025-11-27T21:26:06.402359-08:00,read,key_125,1.65,true,false,1326
2025-11-27T21:26:06.189873-08:00,write,key_590,310.02,true,false,2123
2025-11-27T21:26:06.190316-08:00,write,key_483,309.60,true,false,2124
2025-11-27T21:26:06.190651-08:00,write,key_564,312.51,true,false,2123
2025-11-27T21:26:06.195777-08:00,write,key_659,307.39,true,false,2125
2025-11-27T21:26:06.499914-08:00,read,key_13,3.85,true,false,1244
2025-11-27T21:26:06.503171-08:00,read,key_291,1.93,true,false,1989
2025-11-27T21:26:06.296397-08:00,write,key_839,307.99,true,false,2124
2025-11-27T21:26:06.397945-08:00,write,key_735,310.13,true,false,2126
2025-11-27T21:26:06.398647-08:00,write,key_253,309.46,true,false,2126
2025-11-27T21:26:06.3986-08:00,write,key_427,309.79,true,false,2125
2025-11-27T21:26:06.397931-08:00,write,key_311,310.79,true,false,2125
2025-11-27T21:26:06.404013-08:00,write,key_510,305.42,true,false,2127
2025-11-27T21:26:06.708078-08:00,read,key_115,3.47,true,false,1782
2025-11-27T21:26:06.708717-08:00,read,key_455,2.84,true,false,1548
2025-11-27T21:26:06.708104-08:00,read,key_315,3.46,true,false,2075
2025-11-27T21:26:06.709436-08:00,read,key_523,3.62,true,false,993
2025-11-27T21:26:06.711549-08:00,read,key_329,2.35,true,false,2109
2025-11-27T21:26:06.711566-08:00,read,key_866,2.34,true,false,1785
2025-11-27T21:26:06.71391-08:00,read,key_24,0.95,true,false,1428
2025-11-27T21:26:06.503763-08:00,write,key_316,309.64,true,false,2127
2025-11-27T21:26:06.5051-08:00,write,key_243,308.32,true,false,2126
2025-11-27T21:26:06.499895-08:00,write,key_721,313.56,true,false,2127
2025-11-27T21:26:06.50316-08:00,write,key_103,310.35,true,false,2126
2025-11-27T21:26:06.81351-08:00,read,key_735,1.85,true,false,2126
2025-11-27T21:26:06.813418-08:00,read,key_206,2.00,true,false,1609
2025-11-27T21:26:06.815415-08:00,read,key_274,0.99,true,false,1791
2025-11-27T21:26:06.604396-08:00,write,key_208,311.00,true,false,2127
2025-11-27T21:26:06.708391-08:00,write,key_235,311.09,true,false,2128
2025-11-27T21:26:06.714857-08:00,write,key_858,305.17,true,false,2129
2025-11-27T21:26:06.711562-08:00,write,key_270,308.57,true,false,2128
2025-11-27T21:26:06.713055-08:00,write,key_125,307.24,true,false,2128
2025-11-27T21:26:07.019485-08:00,read,key_872,1.26,true,false,2111
2025-11-27T21:26:06.713899-08:00,write,key_921,307.21,true,false,2129
2025-11-27T21:26:07.020128-08:00,read,key_537,2.20,false,false,0
2025-11-27T21:26:07.020297-08:00,read,key_724,2.05,true,false,898
2025-11-27T21:26:07.022334-08:00,read,key_631,1.47,true,false,668
2025-11-27T21:26:07.022348-08:00,read,key_45,2.06,true,false,1251
2025-11-27T21:26:07.023801-08:00,read,key_831,0.61,true,false,838
2025-11-27T21:26:07.024411-08:00,read,key_626,0.55,true,false,2089
2025-11-27T21:26:07.024411-08:00,read,key_6,0.55,true,false,1910
2025-11-27T21:26:07.024958-08:00,read,key_603,0.60,true,false,2092
2025-11-27T21:26:07.024964-08:00,read,key_833,0.61,true,false,1765
2025-11-27T21:26:07.025563-08:00,read,key_535,1.35,true,false,1489
2025-11-27T21:26:06.813401-08:00,write,key_179,308.76,true,false,2130
2025-11-27T21:26:06.815364-08:00,write,key_608,306.80,true,false,2128
2025-11-27T21:26:06.813451-08:00,write,key_162,308.72,true,false,2129
2025-11-27T21:26:06.816402-08:00,write,key_568,305.87,true,false,2129
2025-11-27T21:26:07.122268-08:00,read,key_337,2.17,true,false,1660
2025-11-27T21:26:07.122159-08:00,read,key_600,3.01,true,false,1980
2025-11-27T21:26:06.915405-08:00,write,key_854,307.94,true,false,2130
2025-11-27T21:26:07.020748-08:00,write,key_127,308.73,true,false,2130
2025-11-27T21:26:07.021112-08:00,write,key_2,308.38,true,false,2131
2025-11-27T21:26:07.020025-08:00,write,key_52,309.53,true,false,2131
2025-11-27T21:26:07.025575-08:00,write,key_585,304.54,true,false,2131
2025-11-27T21:26:07.026912-08:00,write,key_50,303.23,true,false,2132
2025-11-27T21:26:07.329557-08:00,read,key_875,2.46,true,false,1917
2025-11-27T21:26:07.329476-08:00,read,key_958,2.60,true,false,1762
2025-11-27T21:26:07.330143-08:00,read,key_879,2.05,true,false,1566
2025-11-27T21:26:07.33202-08:00,read,key_514,1.13,true,false,1884
2025-11-27T21:26:07.332079-08:00,read,key_551,1.16,true,false,1512
2025-11-27T21:26:07.333241-08:00,read,key_51,0.64,true,false,1250
2025-11-27T21:26:07.333879-08:00,read,key_326,0.50,true,false,766
2025-11-27T21:26:07.33438-08:00,read,key_732,1.66,true,false,2015
2025-11-27T21:26:07.122159-08:00,write,key_680,308.51,true,false,2133
2025-11-27T21:26:07.122173-08:00,write,key_811,308.53,true,false,2132
2025-11-27T21:26:07.430675-08:00,read,key_856,1.03,true,false,1898
2025-11-27T21:26:07.430701-08:00,read,key_74,1.40,true,false,2037
2025-11-27T21:26:07.125172-08:00,write,key_732,307.53,true,false,2134
2025-11-27T21:26:07.124436-08:00,write,key_111,308.65,true,false,2131
2025-11-27T21:26:07.432707-08:00,read,key_313,2.94,true,false,2015
2025-11-27T21:26:07.223342-08:00,write,key_388,305.21,true,false,2133
2025-11-27T21:26:07.528552-08:00,read,key_407,0.66,true,false,2064
2025-11-27T21:26:07.529208-08:00,read,key_929,0.67,true,false,1910
2025-11-27T21:26:07.330112-08:00,write,key_963,308.62,true,false,2133
2025-11-27T21:26:07.332192-08:00,write,key_698,307.78,true,false,2135
2025-11-27T21:26:07.33315-08:00,write,key_597,306.93,true,false,2135
2025-11-27T21:26:07.329495-08:00,write,key_592,310.69,true,false,2134
2025-11-27T21:26:07.33604-08:00,write,key_680,304.53,true,false,2136
2025-11-27T21:26:07.640181-08:00,read,key_977,1.90,true,false,2086
2025-11-27T21:26:07.640571-08:00,read,key_453,2.66,true,false,1478
2025-11-27T21:26:07.639976-08:00,read,key_572,3.52,true,false,2089
2025-11-27T21:26:07.638739-08:00,read,key_381,6.19,true,false,2066
2025-11-27T21:26:07.642087-08:00,read,key_689,2.84,true,false,1707
2025-11-27T21:26:07.644926-08:00,read,key_84,0.96,true,false,1730
2025-11-27T21:26:07.644927-08:00,read,key_948,0.96,true,false,917
2025-11-27T21:26:07.645891-08:00,read,key_208,0.85,true,false,2127
2025-11-27T21:26:07.645892-08:00,read,key_567,0.87,true,false,2090
2025-11-27T21:26:07.646759-08:00,read,key_652,0.94,true,false,1495
2025-11-27T21:26:07.433085-08:00,write,key_70,306.23,true,false,2135
2025-11-27T21:26:07.432101-08:00,write,key_331,308.20,true,false,2136
2025-11-27T21:26:07.435647-08:00,write,key_754,304.66,true,false,2135
2025-11-27T21:26:07.43171-08:00,write,key_685,308.63,true,false,2135
2025-11-27T21:26:07.740311-08:00,read,key_15,2.30,true,false,879
2025-11-27T21:26:07.742614-08:00,read,key_644,2.28,true,false,1988
2025-11-27T21:26:07.744894-08:00,read,key_205,0.87,true,false,1804
2025-11-27T21:26:07.529876-08:00,write,key_575,310.29,true,false,2136
2025-11-27T21:26:07.643233-08:00,write,key_319,304.04,true,false,2137
2025-11-27T21:26:07.640083-08:00,write,key_726,307.29,true,false,2137
2025-11-27T21:26:07.646745-08:00,write,key_167,303.74,true,false,2138
2025-11-27T21:26:07.643501-08:00,write,key_970,307.30,true,false,2137
2025-11-27T21:26:07.647695-08:00,write,key_152,305.59,true,false,2137
2025-11-27T21:26:07.950484-08:00,read,key_610,4.63,true,false,1756
2025-11-27T21:26:07.955113-08:00,read,key_629,1.34,true,false,579
2025-11-27T21:26:07.956455-08:00,read,key_730,0.40,true,false,2076
2025-11-27T21:26:07.956861-08:00,read,key_785,0.30,true,false,1793
2025-11-27T21:26:07.739321-08:00,write,key_347,308.08,true,false,2137
2025-11-27T21:26:07.740303-08:00,write,key_174,308.17,true,false,2138
2025-11-27T21:26:07.740341-08:00,write,key_1,311.98,true,false,2139
2025-11-27T21:26:07.745765-08:00,write,key_330,306.58,true,false,2138
2025-11-27T21:26:08.052321-08:00,read,key_429,1.01,true,false,1975
2025-11-27T21:26:08.052347-08:00,read,key_85,1.00,true,false,1910
2025-11-27T21:26:07.840164-08:00,write,key_174,306.61,true,false,2138
2025-11-27T21:26:08.146774-08:00,read,key_312,0.95,true,false,2123
2025-11-27T21:26:07.950806-08:00,write,key_321,307.16,true,false,2139
2025-11-27T21:26:07.947274-08:00,write,key_25,310.73,true,false,2140
2025-11-27T21:26:07.953291-08:00,write,key_88,307.80,true,false,2140
2025-11-27T21:26:07.947375-08:00,write,key_557,314.46,true,false,2141
2025-11-27T21:26:07.957161-08:00,write,key_90,304.75,true,false,2140
2025-11-27T21:26:08.258-08:00,read,key_731,3.95,true,false,2025
2025-11-27T21:26:08.261948-08:00,read,key_797,1.80,true,false,1157
2025-11-27T21:26:08.053335-08:00,write,key_658,305.87,true,false,2143
2025-11-27T21:26:08.053349-08:00,write,key_832,305.90,true,false,2144
2025-11-27T21:26:08.04741-08:00,write,key_765,312.97,true,false,2142
2025-11-27T21:26:08.048471-08:00,write,key_828,314.58,true,false,2141
2025-11-27T21:26:08.147725-08:00,write,key_70,308.08,true,false,2140
2025-11-27T21:26:08.261831-08:00,write,key_693,305.34,true,false,2142
2025-11-27T21:26:08.257972-08:00,write,key_324,309.21,true,false,2145
2025-11-27T21:26:08.261925-08:00,write,key_518,305.36,true,false,2146
2025-11-27T21:26:08.263746-08:00,write,key_803,306.34,true,false,2148
2025-11-27T21:26:08.261097-08:00,write,key_605,309.36,true,false,2147
2025-11-27T21:26:08.570082-08:00,read,key_604,1.05,true,false,961
2025-11-27T21:26:08.570462-08:00,read,key_387,0.73,true,false,2025
2025-11-27T21:26:08.571197-08:00,read,key_507,0.66,true,false,1727
2025-11-27T21:26:08.571131-08:00,read,key_585,0.74,true,false,2131
2025-11-27T21:26:08.571866-08:00,read,key_164,1.01,true,false,1809
2025-11-27T21:26:08.571859-08:00,read,key_256,2.38,true,false,1495
2025-11-27T21:26:08.574239-08:00,read,key_575,0.74,true,false,2136
2025-11-27T21:26:08.360381-08:00,write,key_825,306.72,true,false,2146
2025-11-27T21:26:08.359246-08:00,write,key_20,307.87,true,false,2145
2025-11-27T21:26:08.359211-08:00,write,key_965,310.55,true,false,2145
2025-11-27T21:26:08.363054-08:00,write,key_124,306.76,true,false,2146
2025-11-27T21:26:08.669758-08:00,read,key_383,0.97,true,false,2100
2025-11-27T21:26:08.670727-08:00,read,key_461,0.61,true,false,1952
2025-11-27T21:26:08.671334-08:00,read,key_514,0.54,true,false,1884
2025-11-27T21:26:08.671873-08:00,read,key_529,0.48,true,false,2032
2025-11-27T21:26:08.672356-08:00,read,key_658,0.51,true,false,2143
2025-11-27T21:26:08.672863-08:00,read,key_235,0.45,true,false,2128
2025-11-27T21:26:08.455811-08:00,write,key_512,312.25,true,false,2145
2025-11-27T21:26:08.567289-08:00,write,key_106,309.48,true,false,2151
2025-11-27T21:26:08.567183-08:00,write,key_809,309.75,true,false,2150
2025-11-27T21:26:08.567186-08:00,write,key_731,309.81,true,false,2149
2025-11-27T21:26:08.572876-08:00,write,key_321,305.18,true,false,2149
2025-11-27T21:26:08.876933-08:00,read,key_520,1.76,true,false,1896
2025-11-27T21:26:08.574985-08:00,write,key_761,303.97,true,false,2149
2025-11-27T21:26:08.877-08:00,read,key_946,2.88,true,false,924
2025-11-27T21:26:08.878692-08:00,read,key_585,1.21,true,false,2131
2025-11-27T21:26:08.879898-08:00,read,key_314,1.67,true,false,2120
2025-11-27T21:26:08.667116-08:00,write,key_527,307.01,true,false,2150
2025-11-27T21:26:08.669813-08:00,write,key_297,305.44,true,false,2149
2025-11-27T21:26:08.667098-08:00,write,key_680,309.85,true,false,2152
2025-11-27T21:26:08.673317-08:00,write,key_629,304.48,true,false,2150
2025-11-27T21:26:08.768061-08:00,write,key_0,310.00,true,false,2150
2025-11-27T21:26:08.879884-08:00,write,key_828,303.47,true,false,2153
2025-11-27T21:26:08.878055-08:00,write,key_46,305.30,true,false,2152
2025-11-27T21:26:08.876773-08:00,write,key_247,306.92,true,false,2152
2025-11-27T21:26:08.878953-08:00,write,key_657,304.95,true,false,2153
2025-11-27T21:26:09.183907-08:00,read,key_825,1.72,true,false,2146
2025-11-27T21:26:09.183352-08:00,read,key_575,2.29,true,false,2136
2025-11-27T21:26:08.881571-08:00,write,key_572,305.42,true,false,2153
2025-11-27T21:26:09.183352-08:00,read,key_820,4.00,true,false,2060
2025-11-27T21:26:09.187349-08:00,read,key_720,0.88,true,false,905
2025-11-27T21:26:09.188226-08:00,read,key_467,0.57,true,false,1722
2025-11-27T21:26:08.976953-08:00,write,key_34,306.94,true,false,2155
2025-11-27T21:26:08.974125-08:00,write,key_759,309.78,true,false,2154
2025-11-27T21:26:09.283903-08:00,read,key_238,2.76,true,false,1834
2025-11-27T21:26:08.975256-08:00,write,key_177,312.46,true,false,2154
2025-11-27T21:26:08.977808-08:00,write,key_744,309.91,true,false,2155
2025-11-27T21:26:09.283898-08:00,read,key_448,5.46,true,false,1403
2025-11-27T21:26:09.286664-08:00,read,key_122,3.79,true,false,2055
2025-11-27T21:26:09.287716-08:00,read,key_57,4.04,true,false,2083
2025-11-27T21:26:09.078059-08:00,write,key_684,308.50,true,false,2153
2025-11-27T21:26:09.183696-08:00,write,key_590,306.58,true,false,2156
2025-11-27T21:26:09.185624-08:00,write,key_766,309.36,true,false,2156
2025-11-27T21:26:09.185643-08:00,write,key_313,309.99,true,false,2157
2025-11-27T21:26:09.187011-08:00,write,key_253,308.72,true,false,2154
2025-11-27T21:26:09.1888-08:00,write,key_118,306.98,true,false,2154
2025-11-27T21:26:09.490274-08:00,read,key_530,7.53,true,false,1831
2025-11-27T21:26:09.495775-08:00,read,key_167,2.03,true,false,2138
2025-11-27T21:26:09.495733-08:00,read,key_575,2.24,true,false,2136
2025-11-27T21:26:09.497803-08:00,read,key_27,1.22,true,false,1991
2025-11-27T21:26:09.289362-08:00,write,key_592,305.38,true,false,2156
2025-11-27T21:26:09.287715-08:00,write,key_451,307.35,true,false,2156
2025-11-27T21:26:09.290457-08:00,write,key_92,305.61,true,false,2156
2025-11-27T21:26:09.291757-08:00,write,key_645,304.33,true,false,2157
2025-11-27T21:26:09.596064-08:00,read,key_650,0.51,true,false,262
2025-11-27T21:26:09.596088-08:00,read,key_606,0.64,true,false,1850
2025-11-27T21:26:09.596728-08:00,read,key_514,0.46,true,false,1884
2025-11-27T21:26:09.596578-08:00,read,key_231,0.61,true,false,1445
2025-11-27T21:26:09.597187-08:00,read,key_821,0.57,true,false,1996
2025-11-27T21:26:09.597186-08:00,read,key_503,0.67,true,false,1556
2025-11-27T21:26:09.386562-08:00,write,key_655,309.35,true,false,2157
2025-11-27T21:26:09.695918-08:00,read,key_338,1.16,true,false,1830
2025-11-27T21:26:09.697082-08:00,read,key_821,1.48,true,true,1995
2025-11-27T21:26:09.698559-08:00,read,key_182,1.69,true,false,1107
2025-11-27T21:26:09.494982-08:00,write,key_735,306.67,true,false,2158
2025-11-27T21:26:09.495637-08:00,write,key_763,306.25,true,false,2158
2025-11-27T21:26:09.497809-08:00,write,key_34,306.71,true,false,2159
2025-11-27T21:26:09.497971-08:00,write,key_230,307.04,true,false,2158
2025-11-27T21:26:09.499027-08:00,write,key_508,306.05,true,false,2158
2025-11-27T21:26:09.801888-08:00,read,key_474,3.94,true,false,1570
2025-11-27T21:26:09.804521-08:00,read,key_769,2.07,true,false,2071
2025-11-27T21:26:09.805008-08:00,read,key_593,3.12,true,false,1877
2025-11-27T21:26:09.806592-08:00,read,key_201,1.54,true,false,1612
2025-11-27T21:26:09.805826-08:00,read,key_382,3.26,true,false,88
2025-11-27T21:26:09.59474-08:00,write,key_676,306.70,true,false,2159
2025-11-27T21:26:09.595061-08:00,write,key_317,306.43,true,false,2159
2025-11-27T21:26:09.597852-08:00,write,key_659,303.72,true,false,2160
2025-11-27T21:26:09.901576-08:00,read,key_759,1.37,true,false,2154
2025-11-27T21:26:09.597762-08:00,write,key_56,307.62,true,false,2160
2025-11-27T21:26:09.90539-08:00,read,key_189,1.68,false,false,0
2025-11-27T21:26:09.90707-08:00,read,key_718,0.71,true,false,1501
2025-11-27T21:26:09.700247-08:00,write,key_718,307.17,true,false,2161
2025-11-27T21:26:09.801658-08:00,write,key_210,310.66,true,false,2162
2025-11-27T21:26:09.80813-08:00,write,key_579,304.21,true,false,2160
2025-11-27T21:26:09.805076-08:00,write,key_114,307.28,true,false,2163
2025-11-27T21:26:09.808135-08:00,write,key_678,304.26,true,false,2162
2025-11-27T21:26:09.809082-08:00,write,key_289,303.43,true,false,2163
2025-11-27T21:26:10.112323-08:00,read,key_326,1.36,true,false,766
2025-11-27T21:26:10.112516-08:00,read,key_749,1.18,true,false,1879
2025-11-27T21:26:10.113696-08:00,read,key_628,1.70,true,false,1799
2025-11-27T21:26:09.901439-08:00,write,key_658,306.15,true,false,2161
2025-11-27T21:26:09.902942-08:00,write,key_525,305.73,true,false,2164
2025-11-27T21:26:09.90149-08:00,write,key_624,307.57,true,false,2162
2025-11-27T21:26:10.20906-08:00,read,key_857,1.55,true,false,1997
2025-11-27T21:26:09.907777-08:00,write,key_200,305.84,true,false,2165
2025-11-27T21:26:10.210608-08:00,read,key_909,4.70,true,false,1749
2025-11-27T21:26:10.007423-08:00,write,key_962,306.58,true,false,2164
2025-11-27T21:26:10.112395-08:00,write,key_574,306.75,true,false,2165
2025-11-27T21:26:10.112356-08:00,write,key_699,306.81,true,false,2164
2025-11-27T21:26:10.112342-08:00,write,key_975,306.83,true,false,2166
2025-11-27T21:26:10.113686-08:00,write,key_513,305.52,true,false,2167
2025-11-27T21:26:10.115402-08:00,write,key_787,303.96,true,false,2166
2025-11-27T21:26:10.419204-08:00,read,key_229,1.43,true,false,2087
2025-11-27T21:26:10.419168-08:00,read,key_234,1.48,true,false,1982
2025-11-27T21:26:10.419166-08:00,read,key_450,2.37,true,false,1502
2025-11-27T21:26:10.420639-08:00,read,key_230,1.98,true,false,2158
2025-11-27T21:26:10.420645-08:00,read,key_651,1.99,true,false,1875
2025-11-27T21:26:10.422622-08:00,read,key_873,0.77,true,false,1876
2025-11-27T21:26:10.215307-08:00,write,key_223,304.74,true,false,2166
2025-11-27T21:26:10.207589-08:00,write,key_740,312.46,true,false,2167
2025-11-27T21:26:10.208676-08:00,write,key_653,311.38,true,false,2166
2025-11-27T21:26:10.213618-08:00,write,key_247,306.44,true,false,2168
2025-11-27T21:26:10.520058-08:00,read,key_579,0.95,true,false,2160
2025-11-27T21:26:10.520048-08:00,read,key_88,0.98,true,false,2140
2025-11-27T21:26:10.521011-08:00,read,key_98,2.20,true,false,1295
2025-11-27T21:26:10.520053-08:00,read,key_586,3.22,true,false,1085
2025-11-27T21:26:10.520044-08:00,read,key_344,3.32,true,false,768
2025-11-27T21:26:10.523269-08:00,read,key_237,1.27,true,false,1629
2025-11-27T21:26:10.523213-08:00,read,key_805,1.89,true,false,1511
2025-11-27T21:26:10.523369-08:00,read,key_499,2.01,true,false,1731
2025-11-27T21:26:10.525107-08:00,read,key_77,1.98,true,false,2119
2025-11-27T21:26:10.527091-08:00,read,key_330,0.62,true,false,2138
2025-11-27T21:26:10.31401-08:00,write,key_787,307.07,true,false,2166
2025-11-27T21:26:10.621077-08:00,read,key_961,0.61,true,false,1557
2025-11-27T21:26:10.42264-08:00,write,key_870,307.46,true,false,2168
2025-11-27T21:26:10.42339-08:00,write,key_387,306.73,true,false,2169
2025-11-27T21:26:10.419366-08:00,write,key_164,310.78,true,false,2168
2025-11-27T21:26:10.421542-08:00,write,key_162,308.61,true,false,2169
2025-11-27T21:26:10.419145-08:00,write,key_338,311.05,true,false,2168
2025-11-27T21:26:10.730141-08:00,read,key_248,1.39,true,false,1908
2025-11-27T21:26:10.731533-08:00,read,key_89,1.74,true,false,2021
2025-11-27T21:26:10.733279-08:00,read,key_550,0.53,true,false,1672
2025-11-27T21:26:10.733814-08:00,read,key_450,0.51,true,false,1502
2025-11-27T21:26:10.734327-08:00,read,key_780,1.00,true,false,2117
2025-11-27T21:26:10.521024-08:00,write,key_597,310.42,true,false,2169
2025-11-27T21:26:10.52771-08:00,write,key_484,303.74,true,false,2170
2025-11-27T21:26:10.52538-08:00,write,key_537,306.15,true,false,2169
2025-11-27T21:26:10.524545-08:00,write,key_599,306.99,true,false,2170
2025-11-27T21:26:10.831449-08:00,read,key_80,3.36,true,false,2058
2025-11-27T21:26:10.831449-08:00,read,key_487,3.40,true,false,1194
2025-11-27T21:26:10.831534-08:00,read,key_6,4.71,true,false,1910
2025-11-27T21:26:10.834814-08:00,read,key_294,1.43,true,false,2109
2025-11-27T21:26:10.621686-08:00,write,key_995,309.56,true,false,2171
2025-11-27T21:26:10.931247-08:00,read,key_255,1.41,true,false,2057
2025-11-27T21:26:10.730152-08:00,write,key_292,308.03,true,false,2170
2025-11-27T21:26:10.730119-08:00,write,key_339,308.08,true,false,2171
2025-11-27T21:26:10.730098-08:00,write,key_504,308.15,true,false,2170
2025-11-27T21:26:10.735329-08:00,write,key_642,304.82,true,false,2170
2025-11-27T21:26:10.730191-08:00,write,key_523,309.96,true,false,2172
2025-11-27T21:26:11.038199-08:00,read,key_282,3.29,true,false,2041
2025-11-27T21:26:11.038251-08:00,read,key_123,3.29,true,false,1973
2025-11-27T21:26:11.041537-08:00,read,key_166,2.64,true,false,2056
2025-11-27T21:26:11.041495-08:00,read,key_823,2.69,true,false,1969
2025-11-27T21:26:10.836247-08:00,write,key_153,307.02,true,false,2171
2025-11-27T21:26:10.831526-08:00,write,key_443,311.99,true,false,2171
2025-11-27T21:26:10.834853-08:00,write,key_596,309.41,true,false,2173
2025-11-27T21:26:10.836247-08:00,write,key_74,308.57,true,false,2172
2025-11-27T21:26:11.143267-08:00,read,key_265,2.39,true,false,1903
2025-11-27T21:26:10.932663-08:00,write,key_641,309.06,true,false,2173
2025-11-27T21:26:11.241722-08:00,read,key_127,1.68,true,false,2130
2025-11-27T21:26:11.038186-08:00,write,key_612,307.08,true,false,2174
2025-11-27T21:26:11.345267-08:00,read,key_539,2.84,true,false,187
2025-11-27T21:26:11.044187-08:00,write,key_323,304.45,true,false,2174
2025-11-27T21:26:11.040153-08:00,write,key_443,308.51,true,false,2174
2025-11-27T21:26:11.348667-08:00,read,key_973,3.04,true,false,2097
2025-11-27T21:26:11.044181-08:00,write,key_523,308.02,true,false,2174
2025-11-27T21:26:11.040147-08:00,write,key_327,312.45,true,false,2173
2025-11-27T21:26:11.352201-08:00,read,key_240,1.38,true,false,2026
2025-11-27T21:26:11.353579-08:00,read,key_125,0.47,true,false,2128
2025-11-27T21:26:11.354054-08:00,read,key_767,1.66,true,false,2112
2025-11-27T21:26:11.355719-08:00,read,key_653,0.52,true,false,2166
2025-11-27T21:26:11.143533-08:00,write,key_945,308.88,true,false,2175
2025-11-27T21:26:11.145662-08:00,write,key_326,306.76,true,false,2174
2025-11-27T21:26:11.144265-08:00,write,key_183,308.17,true,false,2175
2025-11-27T21:26:11.144821-08:00,write,key_858,307.73,true,false,2176
2025-11-27T21:26:11.452421-08:00,read,key_167,1.24,true,false,2138
2025-11-27T21:26:11.452431-08:00,read,key_280,1.28,true,false,1552
2025-11-27T21:26:11.453659-08:00,read,key_168,0.94,true,false,2063
2025-11-27T21:26:11.453732-08:00,read,key_73,0.89,true,false,2049
2025-11-27T21:26:11.454621-08:00,read,key_463,0.68,true,false,2022
2025-11-27T21:26:11.243405-08:00,write,key_75,307.78,true,false,2177
2025-11-27T21:26:11.348107-08:00,write,key_871,306.05,true,false,2176
2025-11-27T21:26:11.654164-08:00,read,key_250,1.87,true,false,2095
2025-11-27T21:26:11.351707-08:00,write,key_124,309.25,true,false,2176
2025-11-27T21:26:11.348641-08:00,write,key_757,312.40,true,false,2178
2025-11-27T21:26:11.352596-08:00,write,key_104,308.98,true,false,2175
2025-11-27T21:26:11.356241-08:00,write,key_77,305.37,true,false,2177
2025-11-27T21:26:11.660961-08:00,read,key_421,1.75,true,false,2115
2025-11-27T21:26:11.452409-08:00,write,key_422,303.87,true,false,2179
2025-11-27T21:26:11.454604-08:00,write,key_401,303.49,true,false,2179
2025-11-27T21:26:11.758096-08:00,read,key_988,0.75,true,false,1847
2025-11-27T21:26:11.455306-08:00,write,key_510,305.71,true,false,2180
2025-11-27T21:26:11.452546-08:00,write,key_873,308.48,true,false,2178
2025-11-27T21:26:11.551188-08:00,write,key_750,309.65,true,false,2178
2025-11-27T21:26:11.860848-08:00,read,key_160,1.36,true,false,1663
2025-11-27T21:26:11.656033-08:00,write,key_654,308.31,true,false,2180
2025-11-27T21:26:11.661572-08:00,write,key_351,305.03,true,false,2179
2025-11-27T21:26:11.661039-08:00,write,key_607,305.58,true,false,2181
2025-11-27T21:26:11.662715-08:00,write,key_876,306.57,true,false,2182
2025-11-27T21:26:11.661612-08:00,write,key_877,307.69,true,false,2181
2025-11-27T21:26:11.966617-08:00,read,key_696,3.31,true,false,2081
2025-11-27T21:26:11.969304-08:00,read,key_74,1.20,true,false,2172
2025-11-27T21:26:11.969929-08:00,read,key_79,1.47,true,false,1955
2025-11-27T21:26:11.761028-08:00,write,key_573,305.33,true,false,2182
2025-11-27T21:26:11.756279-08:00,write,key_314,310.79,true,false,2183
2025-11-27T21:26:11.758845-08:00,write,key_621,308.23,true,false,2184
2025-11-27T21:26:12.066364-08:00,read,key_440,2.87,true,false,2088
2025-11-27T21:26:11.761019-08:00,write,key_230,308.23,true,false,2183
2025-11-27T21:26:12.067069-08:00,read,key_259,2.96,true,false,2016
2025-11-27T21:26:12.069249-08:00,read,key_312,1.49,true,false,2123
2025-11-27T21:26:12.070026-08:00,read,key_608,0.74,true,false,2128
2025-11-27T21:26:12.067074-08:00,read,key_127,4.55,true,false,2130
2025-11-27T21:26:12.069239-08:00,read,key_0,2.88,true,false,2150
2025-11-27T21:26:12.070765-08:00,read,key_538,2.72,true,false,1434
2025-11-27T21:26:11.862209-08:00,write,key_495,306.80,true,false,2182
2025-11-27T21:26:11.966606-08:00,write,key_256,310.18,true,false,2185
2025-11-27T21:26:11.964347-08:00,write,key_23,312.68,true,false,2186
2025-11-27T21:26:11.969284-08:00,write,key_539,309.63,true,false,2183
2025-11-27T21:26:11.970505-08:00,write,key_599,308.71,true,false,2183
2025-11-27T21:26:11.971397-08:00,write,key_128,307.86,true,false,2184
2025-11-27T21:26:12.279256-08:00,read,key_329,1.56,true,false,2109
2025-11-27T21:26:12.280821-08:00,read,key_117,1.02,true,false,1969
2025-11-27T21:26:12.070744-08:00,write,key_651,303.66,true,false,2185
2025-11-27T21:26:12.071624-08:00,write,key_84,305.48,true,false,2187
2025-11-27T21:26:12.072124-08:00,write,key_318,308.95,true,false,2185
2025-11-27T21:26:12.073491-08:00,write,key_327,307.59,true,false,2186
2025-11-27T21:26:12.169009-08:00,write,key_341,309.25,true,false,2187
2025-11-27T21:26:12.478259-08:00,read,key_510,0.72,true,false,2180
2025-11-27T21:26:12.478976-08:00,read,key_562,0.77,true,false,2085
2025-11-27T21:26:12.479748-08:00,read,key_7,1.08,true,false,2067
2025-11-27T21:26:12.277029-08:00,write,key_652,307.68,true,false,2187
2025-11-27T21:26:12.278916-08:00,write,key_531,307.24,true,false,2188
2025-11-27T21:26:12.276794-08:00,write,key_248,310.30,true,false,2187
2025-11-27T21:26:12.279219-08:00,write,key_453,307.99,true,false,2188
2025-11-27T21:26:12.28184-08:00,write,key_53,307.09,true,false,2189
2025-11-27T21:26:12.584706-08:00,read,key_592,4.25,true,false,2156
2025-11-27T21:26:12.587207-08:00,read,key_735,2.13,true,false,2158
2025-11-27T21:26:12.374415-08:00,write,key_735,305.98,true,false,2189
2025-11-27T21:26:12.680398-08:00,read,key_564,1.59,true,false,2123
2025-11-27T21:26:12.377104-08:00,write,key_103,305.35,true,false,2190
2025-11-27T21:26:12.381081-08:00,write,key_411,304.21,true,false,2188
2025-11-27T21:26:12.381071-08:00,write,key_571,304.48,true,false,2188
2025-11-27T21:26:12.681988-08:00,read,key_411,4.15,true,false,2188
2025-11-27T21:26:12.685288-08:00,read,key_832,2.15,true,false,2144
2025-11-27T21:26:12.480833-08:00,write,key_420,305.77,true,false,2191
2025-11-27T21:26:12.587098-08:00,write,key_259,308.05,true,false,2190
2025-11-27T21:26:12.589339-08:00,write,key_311,308.60,true,false,2193
2025-11-27T21:26:12.586153-08:00,write,key_518,311.79,true,false,2192
2025-11-27T21:26:12.588957-08:00,write,key_237,308.99,true,false,2190
2025-11-27T21:26:12.58893-08:00,write,key_525,309.10,true,false,2191
2025-11-27T21:26:12.897936-08:00,read,key_10,1.37,true,false,2034
2025-11-27T21:26:12.897943-08:00,read,key_86,1.36,true,false,1535
2025-11-27T21:26:12.899304-08:00,read,key_43,2.01,true,false,2092
2025-11-27T21:26:12.901311-08:00,read,key_977,0.76,true,false,2086
2025-11-27T21:26:12.899317-08:00,read,key_421,3.02,true,false,2115
2025-11-27T21:26:12.902341-08:00,read,key_160,0.38,true,false,1663
2025-11-27T21:26:12.686135-08:00,write,key_244,309.41,true,false,2192
2025-11-27T21:26:12.685555-08:00,write,key_792,311.49,true,false,2195
2025-11-27T21:26:12.997048-08:00,read,key_57,0.57,true,false,2083
2025-11-27T21:26:12.682452-08:00,write,key_603,316.90,true,false,2194
2025-11-27T21:26:12.687442-08:00,write,key_927,311.91,true,false,2196
2025-11-27T21:26:12.997618-08:00,read,key_176,3.17,true,false,1750
2025-11-27T21:26:12.999349-08:00,read,key_500,1.91,true,false,1487
2025-11-27T21:26:13.000793-08:00,read,key_641,1.21,true,false,2173
2025-11-27T21:26:12.999353-08:00,read,key_449,3.16,true,false,2111
2025-11-27T21:26:13.002001-08:00,read,key_696,0.98,true,false,2081
2025-11-27T21:26:13.002518-08:00,read,key_158,1.15,true,false,1816
2025-11-27T21:26:12.78661-08:00,write,key_203,311.88,true,false,2192
2025-11-27T21:26:13.098489-08:00,read,key_737,0.67,true,false,2049
2025-11-27T21:26:12.89515-08:00,write,key_695,308.35,true,false,2197
2025-11-27T21:26:12.89803-08:00,write,key_452,305.47,true,false,2194
2025-11-27T21:26:12.897948-08:00,write,key_1,305.64,true,false,2194
2025-11-27T21:26:13.203592-08:00,read,key_597,2.23,true,false,2169
2025-11-27T21:26:12.90272-08:00,write,key_704,303.11,true,false,2197
2025-11-27T21:26:12.902076-08:00,write,key_571,303.79,true,false,2195
2025-11-27T21:26:13.203499-08:00,read,key_210,2.40,true,false,2162
2025-11-27T21:26:13.205828-08:00,read,key_511,2.36,true,false,2102
2025-11-27T21:26:13.208186-08:00,read,key_870,0.92,true,false,2168
2025-11-27T21:26:12.995542-08:00,write,key_765,308.03,true,false,2198
2025-11-27T21:26:13.00126-08:00,write,key_296,304.53,true,false,2198
2025-11-27T21:26:13.003665-08:00,write,key_329,303.17,true,false,2197
2025-11-27T21:26:13.002977-08:00,write,key_717,303.89,true,false,2199
2025-11-27T21:26:13.099157-08:00,write,key_716,305.07,true,false,2197
2025-11-27T21:26:13.203499-08:00,write,key_696,303.63,true,false,2200
2025-11-27T21:26:13.205827-08:00,write,key_656,305.67,true,false,2200
2025-11-27T21:26:13.205863-08:00,write,key_641,305.66,true,false,2199
2025-11-27T21:26:13.205896-08:00,write,key_697,305.65,true,false,2198
2025-11-27T21:26:13.511542-08:00,read,key_568,1.38,true,false,2129
2025-11-27T21:26:13.209112-08:00,write,key_327,303.82,true,false,2201
2025-11-27T21:26:13.511519-08:00,read,key_858,1.45,true,false,2176
2025-11-27T21:26:13.512965-08:00,read,key_699,1.64,true,false,2164
2025-11-27T21:26:13.512933-08:00,read,key_533,1.69,true,false,571
2025-11-27T21:26:13.514607-08:00,read,key_497,1.68,true,false,1025
2025-11-27T21:26:13.516286-08:00,read,key_475,1.66,true,false,2114
2025-11-27T21:26:13.517951-08:00,read,key_3,1.74,true,false,2112
2025-11-27T21:26:13.306832-08:00,write,key_366,306.52,true,false,2200
2025-11-27T21:26:13.305795-08:00,write,key_80,307.56,true,false,2202
2025-11-27T21:26:13.30687-08:00,write,key_655,306.51,true,false,2201
2025-11-27T21:26:13.303573-08:00,write,key_871,309.99,true,false,2200
2025-11-27T21:26:13.613359-08:00,read,key_219,2.17,true,false,1456
2025-11-27T21:26:13.615534-08:00,read,key_107,0.82,true,false,2009
2025-11-27T21:26:13.404231-08:00,write,key_3,309.78,true,false,2201
2025-11-27T21:26:13.714018-08:00,read,key_422,0.89,true,false,2179
2025-11-27T21:26:13.714912-08:00,read,key_870,0.81,true,false,2168
2025-11-27T21:26:13.5115-08:00,write,key_202,308.27,true,false,2202
2025-11-27T21:26:13.507133-08:00,write,key_310,312.66,true,false,2201
2025-11-27T21:26:13.512923-08:00,write,key_107,308.92,true,false,2203
2025-11-27T21:26:13.514623-08:00,write,key_807,307.24,true,false,2204
2025-11-27T21:26:13.819795-08:00,read,key_367,2.86,true,false,1381
2025-11-27T21:26:13.821861-08:00,read,key_950,6.57,true,false,1085
2025-11-27T21:26:13.519694-08:00,write,key_77,308.74,true,false,2203
2025-11-27T21:26:13.822656-08:00,read,key_948,6.13,true,false,917
2025-11-27T21:26:13.828431-08:00,read,key_714,0.54,true,false,1474
2025-11-27T21:26:13.828972-08:00,read,key_599,0.26,true,false,2183
2025-11-27T21:26:13.613359-08:00,write,key_19,306.94,true,false,2203
2025-11-27T21:26:13.616354-08:00,write,key_850,303.96,true,false,2203
2025-11-27T21:26:13.613565-08:00,write,key_957,306.78,true,false,2205
2025-11-27T21:26:13.613382-08:00,write,key_683,307.14,true,false,2203
2025-11-27T21:26:13.92035-08:00,read,key_532,2.12,true,false,1761
2025-11-27T21:26:13.922472-08:00,read,key_312,1.54,true,false,2123
2025-11-27T21:26:13.924017-08:00,read,key_739,1.03,true,false,2081
2025-11-27T21:26:13.715719-08:00,write,key_426,307.53,true,false,2204
2025-11-27T21:26:14.023254-08:00,read,key_609,1.11,true,false,1996
2025-11-27T21:26:13.821843-08:00,write,key_422,308.48,true,false,2205
2025-11-27T21:26:13.819767-08:00,write,key_955,310.56,true,false,2205
2025-11-27T21:26:13.828789-08:00,write,key_120,301.91,true,false,2205
2025-11-27T21:26:14.130329-08:00,read,key_511,1.12,true,false,2102
2025-11-27T21:26:13.828431-08:00,write,key_310,303.02,true,false,2206
2025-11-27T21:26:13.829228-08:00,write,key_694,303.97,true,false,2206
2025-11-27T21:26:14.133201-08:00,read,key_356,0.52,true,false,1674
2025-11-27T21:26:14.133726-08:00,read,key_762,0.43,true,false,1916
2025-11-27T21:26:13.920526-08:00,write,key_678,308.68,true,false,2208
2025-11-27T21:26:13.920311-08:00,write,key_176,309.37,true,false,2207
2025-11-27T21:26:13.925048-08:00,write,key_673,305.22,true,false,2206
2025-11-27T21:26:13.920303-08:00,write,key_0,309.99,true,false,2207
2025-11-27T21:26:14.22921-08:00,read,key_466,1.95,true,false,2065
2025-11-27T21:26:14.229679-08:00,read,key_609,1.70,true,false,1996
2025-11-27T21:26:14.230293-08:00,read,key_200,1.31,true,false,2165
2025-11-27T21:26:14.230273-08:00,read,key_556,1.48,true,false,1452
2025-11-27T21:26:14.231749-08:00,read,key_943,1.81,true,false,1841
2025-11-27T21:26:14.23116-08:00,read,key_22,2.56,true,false,2087
2025-11-27T21:26:14.231384-08:00,read,key_704,2.36,true,false,2197
2025-11-27T21:26:14.233746-08:00,read,key_423,1.75,true,false,1985
2025-11-27T21:26:14.024362-08:00,write,key_128,308.13,true,false,2208
2025-11-27T21:26:14.332492-08:00,read,key_362,5.12,true,false,1837
2025-11-27T21:26:14.130696-08:00,write,key_247,311.17,true,false,2209
2025-11-27T21:26:14.134152-08:00,write,key_383,307.76,true,false,2210
2025-11-27T21:26:14.130322-08:00,write,key_238,315.70,true,false,2209
2025-11-27T21:26:14.131454-08:00,write,key_28,314.58,true,false,2207
2025-11-27T21:26:14.131454-08:00,write,key_292,314.83,true,false,2210
2025-11-27T21:26:14.441866-08:00,read,key_203,5.31,true,false,2192
2025-11-27T21:26:14.446287-08:00,read,key_182,1.96,true,false,1107
2025-11-27T21:26:14.441912-08:00,read,key_148,6.35,true,false,1729
2025-11-27T21:26:14.448267-08:00,read,key_756,0.88,true,false,2112
2025-11-27T21:26:14.448252-08:00,read,key_696,0.93,true,false,2200
2025-11-27T21:26:14.233725-08:00,write,key_237,313.36,true,false,2211
2025-11-27T21:26:14.231605-08:00,write,key_876,315.49,true,false,2209
2025-11-27T21:26:14.235497-08:00,write,key_751,311.60,true,false,2211
2025-11-27T21:26:14.233564-08:00,write,key_420,313.67,true,false,2211
2025-11-27T21:26:14.547088-08:00,read,key_448,2.28,true,false,1403
2025-11-27T21:26:14.547092-08:00,read,key_530,2.29,true,false,1831
2025-11-27T21:26:14.549381-08:00,read,key_398,3.85,true,false,1542
2025-11-27T21:26:14.55323-08:00,read,key_83,1.11,true,false,1405
2025-11-27T21:26:14.54723-08:00,read,key_24,7.12,true,false,1428
2025-11-27T21:26:14.554355-08:00,read,key_438,0.85,true,false,1650
2025-11-27T21:26:14.554341-08:00,read,key_762,0.89,true,false,1916
2025-11-27T21:26:14.555207-08:00,read,key_427,1.18,true,false,2125
2025-11-27T21:26:14.55639-08:00,read,key_590,0.88,true,false,2156
2025-11-27T21:26:14.33762-08:00,write,key_675,313.73,true,false,2209
2025-11-27T21:26:14.651352-08:00,read,key_138,1.81,true,false,1817
2025-11-27T21:26:14.446027-08:00,write,key_562,308.01,true,false,2212
2025-11-27T21:26:14.449178-08:00,write,key_504,304.88,true,false,2212
2025-11-27T21:26:14.446037-08:00,write,key_547,308.02,true,false,2211
2025-11-27T21:26:14.447179-08:00,write,key_644,306.90,true,false,2213
2025-11-27T21:26:14.754077-08:00,read,key_924,1.51,false,false,0
2025-11-27T21:26:14.754042-08:00,read,key_503,1.80,true,false,1556
2025-11-27T21:26:14.755589-08:00,read,key_777,1.72,true,false,916
2025-11-27T21:26:14.755842-08:00,read,key_833,1.48,true,false,1765
2025-11-27T21:26:14.449149-08:00,write,key_426,308.19,true,false,2214
2025-11-27T21:26:14.757343-08:00,read,key_854,0.85,true,false,2130
2025-11-27T21:26:14.757307-08:00,read,key_5,0.90,true,false,2036
2025-11-27T21:26:14.758207-08:00,read,key_382,1.34,true,false,88
2025-11-27T21:26:14.759549-08:00,read,key_319,4.38,true,false,2137
2025-11-27T21:26:14.547098-08:00,write,key_800,309.27,true,false,2212
2025-11-27T21:26:14.55523-08:00,write,key_13,303.09,true,false,2213
2025-11-27T21:26:14.549369-08:00,write,key_77,309.00,true,false,2212
2025-11-27T21:26:14.557276-08:00,write,key_433,305.91,true,false,2215
2025-11-27T21:26:14.863192-08:00,read,key_680,1.16,true,false,2152
2025-11-27T21:26:14.653164-08:00,write,key_111,304.97,true,false,2214
2025-11-27T21:26:14.754054-08:00,write,key_381,310.91,true,false,2216
2025-11-27T21:26:14.754059-08:00,write,key_24,310.91,true,false,2217
2025-11-27T21:26:14.758193-08:00,write,key_805,308.17,true,false,2218
2025-11-27T21:26:14.757326-08:00,write,key_941,309.86,true,false,2215
2025-11-27T21:26:14.763929-08:00,write,key_424,305.66,true,false,2215
2025-11-27T21:26:15.066359-08:00,read,key_48,5.97,true,false,1086
2025-11-27T21:26:15.064987-08:00,read,key_168,7.35,true,false,2063
2025-11-27T21:26:15.069594-08:00,read,key_808,2.88,true,false,1570
2025-11-27T21:26:15.072335-08:00,read,key_231,0.71,true,false,1445
2025-11-27T21:26:15.073043-08:00,read,key_855,0.82,true,false,2103
2025-11-27T21:26:14.856372-08:00,write,key_624,310.45,true,false,2219
2025-11-27T21:26:14.858371-08:00,write,key_429,308.54,true,false,2219
2025-11-27T21:26:14.85832-08:00,write,key_944,308.62,true,false,2218
2025-11-27T21:26:15.166828-08:00,read,key_560,4.54,true,false,1838
2025-11-27T21:26:15.166913-08:00,read,key_596,4.64,true,false,2173
2025-11-27T21:26:15.166941-08:00,read,key_796,8.49,true,false,1956
2025-11-27T21:26:14.864351-08:00,write,key_576,312.14,true,false,2220
2025-11-27T21:26:15.171374-08:00,read,key_665,6.01,true,false,1636
2025-11-27T21:26:15.175428-08:00,read,key_807,2.01,true,false,2204
2025-11-27T21:26:15.177387-08:00,read,key_90,0.61,true,false,2140
2025-11-27T21:26:15.17744-08:00,read,key_487,1.47,true,false,1194
2025-11-27T21:26:15.178914-08:00,read,key_319,0.59,true,false,2137
2025-11-27T21:26:14.958137-08:00,write,key_28,307.44,true,false,2216
2025-11-27T21:26:15.265575-08:00,read,key_256,1.41,true,false,2185
2025-11-27T21:26:15.266986-08:00,read,key_896,1.69,true,false,1752
2025-11-27T21:26:15.064972-08:00,write,key_170,307.85,true,false,2219
2025-11-27T21:26:15.067198-08:00,write,key_81,307.40,true,false,2219
2025-11-27T21:26:15.07247-08:00,write,key_129,303.47,true,false,2220
2025-11-27T21:26:15.072327-08:00,write,key_397,303.65,true,false,2219
2025-11-27T21:26:15.073869-08:00,write,key_769,305.49,true,false,2221
2025-11-27T21:26:15.375939-08:00,read,key_912,3.44,true,false,677
2025-11-27T21:26:15.375979-08:00,read,key_462,6.23,true,false,1961
2025-11-27T21:26:15.379376-08:00,read,key_19,3.47,true,false,2203
2025-11-27T21:26:15.382216-08:00,read,key_452,0.75,true,false,2194
2025-11-27T21:26:15.382848-08:00,read,key_731,2.72,true,false,2149
2025-11-27T21:26:15.382964-08:00,read,key_452,2.61,true,false,2194
2025-11-27T21:26:15.385594-08:00,read,key_501,0.77,true,false,1551
2025-11-27T21:26:15.17155-08:00,write,key_908,306.47,true,false,2222
2025-11-27T21:26:15.17649-08:00,write,key_47,303.72,true,false,2221
2025-11-27T21:26:15.179509-08:00,write,key_259,304.75,true,false,2221
2025-11-27T21:26:15.178003-08:00,write,key_577,307.28,true,false,2221
2025-11-27T21:26:15.268674-08:00,write,key_653,310.68,true,false,2222
2025-11-27T21:26:15.579361-08:00,read,key_21,1.05,true,false,1997
2025-11-27T21:26:15.372829-08:00,write,key_0,308.56,true,false,2223
2025-11-27T21:26:15.374604-08:00,write,key_498,306.99,true,false,2224
2025-11-27T21:26:15.681402-08:00,read,key_383,1.97,true,false,2210
2025-11-27T21:26:15.379361-08:00,write,key_973,312.71,true,false,2225
2025-11-27T21:26:15.386364-08:00,write,key_110,305.80,true,false,2223
2025-11-27T21:26:15.385571-08:00,write,key_645,306.62,true,false,2223
2025-11-27T21:26:15.69207-08:00,read,key_528,3.42,true,false,2096
2025-11-27T21:26:15.695496-08:00,read,key_106,1.10,true,false,2151
2025-11-27T21:26:15.478021-08:00,write,key_878,305.66,true,false,2226
2025-11-27T21:26:15.480214-08:00,write,key_387,304.86,true,false,2224
2025-11-27T21:26:15.783687-08:00,read,key_652,2.37,true,false,2187
2025-11-27T21:26:15.786054-08:00,read,key_479,0.54,true,false,2086
2025-11-27T21:26:15.786597-08:00,read,key_478,0.51,true,false,1976
2025-11-27T21:26:15.48528-08:00,write,key_318,303.26,true,false,2227
2025-11-27T21:26:15.484257-08:00,write,key_165,305.52,true,false,2223
2025-11-27T21:26:15.789775-08:00,read,key_641,2.37,true,false,2199
2025-11-27T21:26:15.792142-08:00,read,key_562,1.75,true,false,2212
2025-11-27T21:26:15.58041-08:00,write,key_731,306.46,true,false,2223
2025-11-27T21:26:15.886874-08:00,read,key_651,0.56,true,false,2185
2025-11-27T21:26:15.887431-08:00,read,key_978,0.74,true,false,2024
2025-11-27T21:26:15.88817-08:00,read,key_240,0.56,true,false,2026
2025-11-27T21:26:15.683375-08:00,write,key_720,307.03,true,false,2225
2025-11-27T21:26:15.681593-08:00,write,key_807,308.82,true,false,2228
2025-11-27T21:26:15.990403-08:00,read,key_828,4.87,true,false,2153
2025-11-27T21:26:15.692167-08:00,write,key_916,306.27,true,false,2226
2025-11-27T21:26:15.692191-08:00,write,key_958,306.55,true,false,2227
2025-11-27T21:26:15.696598-08:00,write,key_886,304.39,true,false,2226
2025-11-27T21:26:15.785079-08:00,write,key_462,310.18,true,false,2227
2025-11-27T21:26:15.788541-08:00,write,key_312,306.71,true,false,2229
2025-11-27T21:26:15.78711-08:00,write,key_420,308.30,true,false,2228
2025-11-27T21:26:16.095409-08:00,read,key_380,1.41,true,false,2002
2025-11-27T21:26:16.095259-08:00,read,key_641,1.58,true,false,2199
2025-11-27T21:26:16.096836-08:00,read,key_86,0.66,true,false,1535
2025-11-27T21:26:15.793894-08:00,write,key_427,305.00,true,false,2229
2025-11-27T21:26:15.888731-08:00,write,key_649,309.64,true,false,2230
2025-11-27T21:26:15.995278-08:00,write,key_534,305.83,true,false,2231
2025-11-27T21:26:15.99041-08:00,write,key_835,311.85,true,false,2229
2025-11-27T21:26:15.998743-08:00,write,key_513,304.08,true,false,2232
2025-11-27T21:26:16.302264-08:00,read,key_463,1.65,true,false,2022
2025-11-27T21:26:15.998435-08:00,write,key_666,305.51,true,false,2230
2025-11-27T21:26:16.000983-08:00,write,key_109,303.33,true,false,2230
2025-11-27T21:26:16.303942-08:00,read,key_576,0.91,true,false,2220
2025-11-27T21:26:16.302824-08:00,read,key_591,2.04,true,false,2082
2025-11-27T21:26:16.304864-08:00,read,key_259,1.04,true,false,2221
2025-11-27T21:26:16.305902-08:00,read,key_645,0.46,true,false,2223
2025-11-27T21:26:16.09889-08:00,write,key_724,303.59,true,false,2232
2025-11-27T21:26:16.095256-08:00,write,key_436,307.24,true,false,2231
2025-11-27T21:26:16.097495-08:00,write,key_887,305.64,true,false,2234
2025-11-27T21:26:16.402477-08:00,read,key_165,0.67,true,false,2223
2025-11-27T21:26:16.4025-08:00,read,key_342,0.65,true,false,470
2025-11-27T21:26:16.40314-08:00,read,key_25,0.73,true,false,2140
2025-11-27T21:26:16.403155-08:00,read,key_766,0.72,true,false,2156
2025-11-27T21:26:16.096825-08:00,write,key_84,307.06,true,false,2233
2025-11-27T21:26:16.403868-08:00,read,key_237,0.72,true,false,2211
2025-11-27T21:26:16.198375-08:00,write,key_765,307.07,true,false,2231
2025-11-27T21:26:16.505446-08:00,read,key_292,0.72,true,false,2210
2025-11-27T21:26:16.506163-08:00,read,key_71,1.18,true,false,2001
2025-11-27T21:26:16.303916-08:00,write,key_826,311.84,true,false,2235
2025-11-27T21:26:16.304851-08:00,write,key_739,310.99,true,false,2236
2025-11-27T21:26:16.304318-08:00,write,key_441,311.61,true,false,2235
2025-11-27T21:26:16.306367-08:00,write,key_595,311.09,true,false,2237
2025-11-27T21:26:16.301107-08:00,write,key_187,316.38,true,false,2233
2025-11-27T21:26:16.615754-08:00,read,key_918,7.20,true,false,2006
2025-11-27T21:26:16.617456-08:00,read,key_316,5.65,true,false,2127
2025-11-27T21:26:16.622956-08:00,read,key_597,0.58,true,false,2169
2025-11-27T21:26:16.403146-08:00,write,key_699,312.40,true,false,2235
2025-11-27T21:26:16.403872-08:00,write,key_505,316.66,true,false,2235
2025-11-27T21:26:16.404587-08:00,write,key_52,315.95,true,false,2238
2025-11-27T21:26:16.403886-08:00,write,key_471,316.67,true,false,2235
2025-11-27T21:26:16.720559-08:00,read,key_126,3.68,true,false,1936
2025-11-27T21:26:16.720541-08:00,read,key_252,3.77,true,false,2054
2025-11-27T21:26:16.507349-08:00,write,key_423,313.48,true,false,2236
2025-11-27T21:26:16.820836-08:00,read,key_974,2.16,true,false,2091
2025-11-27T21:26:16.615932-08:00,write,key_114,312.26,true,false,2239
2025-11-27T21:26:16.61749-08:00,write,key_276,311.10,true,false,2240
2025-11-27T21:26:16.615836-08:00,write,key_412,314.67,true,false,2238
2025-11-27T21:26:16.623534-08:00,write,key_461,306.98,true,false,2240
2025-11-27T21:26:16.623111-08:00,write,key_609,310.03,true,false,2239
2025-11-27T21:26:16.928589-08:00,read,key_734,5.21,true,false,2110
2025-11-27T21:26:16.930515-08:00,read,key_832,5.45,true,false,2144
2025-11-27T21:26:16.724243-08:00,write,key_299,316.09,true,false,2241
2025-11-27T21:26:16.715546-08:00,write,key_115,324.79,true,false,2239
2025-11-27T21:26:16.724308-08:00,write,key_292,316.11,true,false,2240
2025-11-27T21:26:16.720534-08:00,write,key_298,319.98,true,false,2239
2025-11-27T21:26:17.04042-08:00,read,key_650,0.47,true,true,261
2025-11-27T21:26:17.040332-08:00,read,key_15,0.60,true,false,879
2025-11-27T21:26:17.04051-08:00,read,key_501,0.50,true,false,1551
2025-11-27T21:26:17.040341-08:00,read,key_258,0.72,true,false,1563
2025-11-27T21:26:17.041012-08:00,read,key_504,0.37,true,false,2212
2025-11-27T21:26:17.040936-08:00,read,key_94,0.49,true,false,1573
2025-11-27T21:26:17.041066-08:00,read,key_71,2.79,true,false,2001
2025-11-27T21:26:17.041429-08:00,read,key_465,2.50,true,false,2007
2025-11-27T21:26:17.043929-08:00,read,key_506,0.43,true,false,1465
2025-11-27T21:26:16.822998-08:00,write,key_681,318.91,true,false,2241
2025-11-27T21:26:16.930509-08:00,write,key_65,316.25,true,false,2243
2025-11-27T21:26:16.935965-08:00,write,key_614,311.37,true,false,2241
2025-11-27T21:26:16.928199-08:00,write,key_695,319.30,true,false,2241
2025-11-27T21:26:16.933799-08:00,write,key_742,313.75,true,false,2241
2025-11-27T21:26:16.933144-08:00,write,key_649,315.05,true,false,2242
2025-11-27T21:26:17.247338-08:00,read,key_366,4.22,true,false,2200
2025-11-27T21:26:17.246765-08:00,read,key_102,4.95,true,false,770
2025-11-27T21:26:17.248195-08:00,read,key_741,3.65,true,false,2041
2025-11-27T21:26:17.251714-08:00,read,key_163,0.58,true,false,1575
2025-11-27T21:26:17.251556-08:00,read,key_28,0.77,true,false,2216
2025-11-27T21:26:17.252295-08:00,read,key_670,0.77,true,false,2049
2025-11-27T21:26:17.253063-08:00,read,key_311,0.87,true,false,2193
2025-11-27T21:26:17.25185-08:00,read,key_598,2.11,true,false,460
2025-11-27T21:26:17.041384-08:00,write,key_597,309.28,true,false,2243
2025-11-27T21:26:17.040885-08:00,write,key_430,309.84,true,false,2242
2025-11-27T21:26:17.350665-08:00,read,key_572,2.25,true,false,2153
2025-11-27T21:26:17.044362-08:00,write,key_509,309.21,true,false,2245
2025-11-27T21:26:17.043854-08:00,write,key_979,309.73,true,false,2244
2025-11-27T21:26:17.352916-08:00,read,key_167,1.00,true,false,2138
2025-11-27T21:26:17.141913-08:00,write,key_431,320.11,true,false,2246
2025-11-27T21:26:17.462025-08:00,read,key_833,2.77,true,false,1765
2025-11-27T21:26:17.253939-08:00,write,key_53,310.95,true,false,2244
2025-11-27T21:26:17.247499-08:00,write,key_118,317.42,true,false,2247
2025-11-27T21:26:17.247548-08:00,write,key_357,317.69,true,false,2244
2025-11-27T21:26:17.253956-08:00,write,key_672,311.33,true,false,2247
2025-11-27T21:26:17.252328-08:00,write,key_412,312.98,true,false,2244
2025-11-27T21:26:17.565241-08:00,read,key_102,3.02,true,false,770
2025-11-27T21:26:17.564891-08:00,read,key_715,3.61,true,false,1469
2025-11-27T21:26:17.353583-08:00,write,key_428,307.16,true,false,2246
2025-11-27T21:26:17.353572-08:00,write,key_250,309.06,true,false,2247
2025-11-27T21:26:17.350728-08:00,write,key_56,314.35,true,false,2246
2025-11-27T21:26:17.353916-08:00,write,key_209,311.17,true,false,2247
2025-11-27T21:26:17.662638-08:00,read,key_570,3.04,true,false,2102
2025-11-27T21:26:17.464797-08:00,write,key_385,305.51,true,false,2248
2025-11-27T21:26:17.568504-08:00,write,key_565,303.76,true,false,2248
2025-11-27T21:26:17.564922-08:00,write,key_428,307.34,true,false,2249
2025-11-27T21:26:17.565306-08:00,write,key_46,308.35,true,false,2250
2025-11-27T21:26:17.872264-08:00,read,key_383,2.04,true,false,2210
2025-11-27T21:26:17.568432-08:00,write,key_86,306.04,true,false,2251
2025-11-27T21:26:17.565281-08:00,write,key_506,310.57,true,false,2249
2025-11-27T21:26:17.874475-08:00,read,key_640,4.33,true,false,2103
2025-11-27T21:26:17.665086-08:00,write,key_956,311.52,true,false,2248
2025-11-27T21:26:17.660749-08:00,write,key_434,318.20,true,false,2250
2025-11-27T21:26:17.665678-08:00,write,key_722,314.14,true,false,2250
2025-11-27T21:26:17.66508-08:00,write,key_826,314.96,true,false,2249
2025-11-27T21:26:17.976614-08:00,read,key_982,5.04,true,false,668
2025-11-27T21:26:17.980038-08:00,read,key_419,3.19,true,false,1556
2025-11-27T21:26:17.983226-08:00,read,key_453,0.96,true,false,2188
2025-11-27T21:26:17.770309-08:00,write,key_574,309.36,true,false,2249
2025-11-27T21:26:18.07967-08:00,read,key_739,1.34,true,false,2236
2025-11-27T21:26:18.081016-08:00,read,key_107,0.92,true,false,2203
2025-11-27T21:26:18.081935-08:00,read,key_761,2.92,true,false,2149
2025-11-27T21:26:18.084853-08:00,read,key_346,1.35,true,false,626
2025-11-27T21:26:17.872274-08:00,write,key_764,308.15,true,false,2252
2025-11-27T21:26:17.873662-08:00,write,key_6,306.78,true,false,2253
2025-11-27T21:26:17.875851-08:00,write,key_875,304.62,true,false,2252
2025-11-27T21:26:17.874302-08:00,write,key_154,306.21,true,false,2252
2025-11-27T21:26:18.180429-08:00,read,key_564,1.74,true,false,2123
2025-11-27T21:26:18.180514-08:00,read,key_181,1.65,true,false,2059
2025-11-27T21:26:18.180468-08:00,read,key_608,2.09,true,false,2128
2025-11-27T21:26:17.878803-08:00,write,key_870,304.21,true,false,2252
2025-11-27T21:26:18.182169-08:00,read,key_207,1.99,true,false,1790
2025-11-27T21:26:18.184159-08:00,read,key_766,3.17,true,false,2156
2025-11-27T21:26:17.97982-08:00,write,key_737,312.95,true,false,2254
2025-11-27T21:26:17.978952-08:00,write,key_516,313.87,true,false,2253
2025-11-27T21:26:17.98419-08:00,write,key_881,308.70,true,false,2253
2025-11-27T21:26:17.981659-08:00,write,key_970,311.23,true,false,2255
2025-11-27T21:26:18.292887-08:00,read,key_956,1.10,true,false,2248
2025-11-27T21:26:18.292768-08:00,read,key_189,1.24,false,false,0
2025-11-27T21:26:18.294006-08:00,read,key_448,0.94,true,false,1403
2025-11-27T21:26:18.292887-08:00,read,key_124,2.86,true,false,2176
2025-11-27T21:26:18.086204-08:00,write,key_419,307.48,true,false,2254
2025-11-27T21:26:18.39369-08:00,read,key_849,1.07,true,false,1850
2025-11-27T21:26:18.182561-08:00,write,key_324,310.13,true,false,2256
2025-11-27T21:26:18.183016-08:00,write,key_593,309.85,true,false,2256
2025-11-27T21:26:18.18044-08:00,write,key_620,312.54,true,false,2254
2025-11-27T21:26:18.18217-08:00,write,key_613,310.81,true,false,2255
2025-11-27T21:26:18.187333-08:00,write,key_447,305.66,true,false,2255
2025-11-27T21:26:18.492867-08:00,read,key_432,1.00,true,false,2068
2025-11-27T21:26:18.492984-08:00,read,key_111,0.92,true,false,2214
2025-11-27T21:26:18.493871-08:00,read,key_114,2.51,true,false,2239
2025-11-27T21:26:18.492998-08:00,read,key_441,4.06,true,false,2235
2025-11-27T21:26:18.497055-08:00,read,key_524,3.09,true,false,2101
2025-11-27T21:26:18.500149-08:00,read,key_160,1.38,true,false,1663
2025-11-27T21:26:18.501529-08:00,read,key_642,0.71,true,false,2170
2025-11-27T21:26:18.293988-08:00,write,key_564,305.25,true,false,2256
2025-11-27T21:26:18.292818-08:00,write,key_767,306.47,true,false,2256
2025-11-27T21:26:18.599242-08:00,read,key_389,0.88,true,false,1958
2025-11-27T21:26:18.295745-08:00,write,key_875,304.40,true,false,2257
2025-11-27T21:26:18.600128-08:00,read,key_650,0.73,true,false,262
2025-11-27T21:26:18.294947-08:00,write,key_748,306.00,true,false,2257
2025-11-27T21:26:18.600859-08:00,read,key_345,3.66,true,false,1812
2025-11-27T21:26:18.604518-08:00,read,key_643,0.59,true,false,2047
2025-11-27T21:26:18.394759-08:00,write,key_475,306.84,true,false,2257
2025-11-27T21:26:18.493902-08:00,write,key_23,306.82,true,false,2257
2025-11-27T21:26:18.492984-08:00,write,key_184,307.80,true,false,2258
2025-11-27T21:26:18.492691-08:00,write,key_111,308.15,true,false,2259
2025-11-27T21:26:18.800842-08:00,read,key_57,3.32,true,false,2083
2025-11-27T21:26:18.800725-08:00,read,key_441,3.69,true,false,2235
2025-11-27T21:26:18.800784-08:00,read,key_385,3.64,true,false,2248
2025-11-27T21:26:18.496378-08:00,write,key_579,309.82,true,false,2258
2025-11-27T21:26:18.502242-08:00,write,key_666,304.81,true,false,2258
2025-11-27T21:26:18.804415-08:00,read,key_598,2.64,true,false,460
2025-11-27T21:26:18.806201-08:00,read,key_25,1.14,true,false,2140
2025-11-27T21:26:18.807058-08:00,read,key_423,0.88,true,false,2236
2025-11-27T21:26:18.804168-08:00,read,key_556,3.83,true,false,1452
2025-11-27T21:26:18.807337-08:00,read,key_18,0.66,true,false,789
2025-11-27T21:26:18.599286-08:00,write,key_127,305.30,true,false,2260
2025-11-27T21:26:18.600141-08:00,write,key_397,304.45,true,false,2261
2025-11-27T21:26:18.904588-08:00,read,key_433,1.01,true,false,2215
2025-11-27T21:26:18.9056-08:00,read,key_712,2.05,true,false,1313
2025-11-27T21:26:18.600943-08:00,write,key_824,306.71,true,false,2259
2025-11-27T21:26:18.605105-08:00,write,key_29,302.66,true,false,2258
2025-11-27T21:26:18.907651-08:00,read,key_168,1.13,true,false,2063
2025-11-27T21:26:18.907766-08:00,read,key_738,1.02,true,false,2013
2025-11-27T21:26:18.907657-08:00,read,key_420,1.15,true,false,2228
2025-11-27T21:26:18.904587-08:00,read,key_328,4.23,true,false,617
2025-11-27T21:26:18.908787-08:00,read,key_905,2.70,true,false,1930
2025-11-27T21:26:18.908805-08:00,read,key_254,2.69,true,false,2017
2025-11-27T21:26:18.911488-08:00,read,key_86,0.80,true,false,2251
2025-11-27T21:26:18.911492-08:00,read,key_82,0.82,true,false,2067
2025-11-27T21:26:18.912292-08:00,read,key_954,0.71,true,false,1472
2025-11-27T21:26:18.912317-08:00,read,key_764,2.05,true,false,2252
2025-11-27T21:26:18.913006-08:00,read,key_136,1.38,true,false,1431
2025-11-27T21:26:18.701602-08:00,write,key_823,313.78,true,false,2262
2025-11-27T21:26:19.015384-08:00,read,key_78,5.75,true,false,1683
2025-11-27T21:26:18.807994-08:00,write,key_1,309.58,true,false,2264
2025-11-27T21:26:18.80705-08:00,write,key_653,311.18,true,false,2263
2025-11-27T21:26:18.804544-08:00,write,key_413,313.80,true,false,2263
2025-11-27T21:26:19.118233-08:00,read,key_891,2.75,true,false,1734
2025-11-27T21:26:18.807999-08:00,write,key_410,313.42,true,false,2263
2025-11-27T21:26:18.807941-08:00,write,key_483,315.64,true,false,2262
2025-11-27T21:26:19.12358-08:00,read,key_258,0.86,true,false,1563
2025-11-27T21:26:19.120989-08:00,read,key_18,4.15,true,false,789
2025-11-27T21:26:19.125145-08:00,read,key_26,0.55,true,false,1789
2025-11-27T21:26:19.124444-08:00,read,key_429,1.27,true,false,2219
2025-11-27T21:26:19.125714-08:00,read,key_383,0.47,true,false,2210
2025-11-27T21:26:19.126187-08:00,read,key_594,0.69,true,false,2026
2025-11-27T21:26:19.126875-08:00,read,key_90,1.23,true,false,2140
2025-11-27T21:26:19.128104-08:00,read,key_293,0.72,true,false,2060
2025-11-27T21:26:18.914369-08:00,write,key_555,306.22,true,false,2265
2025-11-27T21:26:18.908819-08:00,write,key_71,311.79,true,false,2262
2025-11-27T21:26:18.908789-08:00,write,key_640,311.92,true,false,2264
2025-11-27T21:26:19.220705-08:00,read,key_310,1.96,true,false,2206
2025-11-27T21:26:18.914388-08:00,write,key_918,308.30,true,false,2266
2025-11-27T21:26:19.220612-08:00,read,key_574,2.66,true,false,2249
2025-11-27T21:26:19.222684-08:00,read,key_940,1.71,true,false,2072
2025-11-27T21:26:19.222667-08:00,read,key_606,2.60,true,false,1850
2025-11-27T21:26:19.225273-08:00,read,key_739,3.32,true,false,2236
2025-11-27T21:26:19.021141-08:00,write,key_519,307.82,true,false,2263
2025-11-27T21:26:19.328968-08:00,read,key_4,1.31,true,false,2083
2025-11-27T21:26:19.33028-08:00,read,key_422,2.76,true,false,2205
2025-11-27T21:26:19.333037-08:00,read,key_874,2.50,true,false,2099
2025-11-27T21:26:19.118348-08:00,write,key_651,306.75,true,false,2265
2025-11-27T21:26:19.117573-08:00,write,key_732,307.53,true,false,2265
2025-11-27T21:26:19.425097-08:00,read,key_731,1.55,true,false,2223
2025-11-27T21:26:19.425098-08:00,read,key_185,1.75,true,false,1800
2025-11-27T21:26:19.426647-08:00,read,key_772,3.68,true,false,2072
2025-11-27T21:26:19.125696-08:00,write,key_421,305.27,true,false,2265
2025-11-27T21:26:19.121423-08:00,write,key_427,309.57,true,false,2266
2025-11-27T21:26:19.430331-08:00,read,key_563,3.89,true,false,1069
2025-11-27T21:26:19.128827-08:00,write,key_516,306.25,true,false,2267
2025-11-27T21:26:19.435083-08:00,read,key_310,0.60,true,false,2206
2025-11-27T21:26:19.434225-08:00,read,key_974,1.57,true,false,2091
2025-11-27T21:26:19.435682-08:00,read,key_882,0.61,true,false,1455
2025-11-27T21:26:19.435792-08:00,read,key_520,0.52,true,false,1896
2025-11-27T21:26:19.436291-08:00,read,key_641,0.66,true,false,2199
2025-11-27T21:26:19.436954-08:00,read,key_314,1.87,true,false,2183
2025-11-27T21:26:19.223273-08:00,write,key_248,306.45,true,false,2268
2025-11-27T21:26:19.220591-08:00,write,key_506,309.14,true,false,2267
2025-11-27T21:26:19.224394-08:00,write,key_505,307.31,true,false,2267
2025-11-27T21:26:19.531701-08:00,read,key_512,0.87,true,false,2145
2025-11-27T21:26:19.228596-08:00,write,key_775,304.79,true,false,2267
2025-11-27T21:26:19.532577-08:00,read,key_668,1.36,true,false,1125
2025-11-27T21:26:19.533935-08:00,read,key_147,2.00,true,false,1431
2025-11-27T21:26:19.33554-08:00,write,key_976,302.95,true,false,2268
2025-11-27T21:26:19.638489-08:00,read,key_49,1.05,true,false,1864
2025-11-27T21:26:19.639538-08:00,read,key_329,0.73,true,false,2269
2025-11-27T21:26:19.640269-08:00,read,key_766,1.51,true,false,2156
2025-11-27T21:26:19.426847-08:00,write,key_643,311.16,true,false,2269
2025-11-27T21:26:19.43099-08:00,write,key_298,307.07,true,false,2270
2025-11-27T21:26:19.430964-08:00,write,key_117,310.08,true,false,2269
2025-11-27T21:26:19.436313-08:00,write,key_346,304.74,true,false,2268
2025-11-27T21:26:19.738013-08:00,read,key_955,3.15,true,false,2205
2025-11-27T21:26:19.741167-08:00,read,key_876,1.19,true,false,2209
2025-11-27T21:26:19.738058-08:00,read,key_651,4.90,true,false,2265
2025-11-27T21:26:19.741047-08:00,read,key_150,2.79,true,false,1755
2025-11-27T21:26:19.742957-08:00,read,key_484,2.12,true,false,2170
2025-11-27T21:26:19.742366-08:00,read,key_187,2.72,true,false,2233
2025-11-27T21:26:19.43883-08:00,write,key_171,306.71,true,false,2271
2025-11-27T21:26:19.745082-08:00,read,key_470,1.05,true,false,1227
2025-11-27T21:26:19.745084-08:00,read,key_735,2.87,true,false,2189
2025-11-27T21:26:19.745545-08:00,read,key_975,2.41,true,false,2166
2025-11-27T21:26:19.52973-08:00,write,key_874,307.80,true,false,2269
2025-11-27T21:26:19.52973-08:00,write,key_329,307.80,true,false,2269
2025-11-27T21:26:19.837531-08:00,read,key_728,1.62,true,false,1976
2025-11-27T21:26:19.533384-08:00,write,key_60,306.34,true,false,2272
2025-11-27T21:26:19.53594-08:00,write,key_441,306.33,true,false,2271
2025-11-27T21:26:19.641784-08:00,write,key_976,308.73,true,false,2273
2025-11-27T21:26:19.950518-08:00,read,key_921,2.63,true,false,2129
2025-11-27T21:26:19.741051-08:00,write,key_320,305.76,true,false,2271
2025-11-27T21:26:19.743833-08:00,write,key_410,305.07,true,false,2272
2025-11-27T21:26:20.048906-08:00,read,key_77,1.10,true,false,2212
2025-11-27T21:26:19.747958-08:00,write,key_129,305.75,true,false,2274
2025-11-27T21:26:19.74613-08:00,write,key_764,307.58,true,false,2272
2025-11-27T21:26:19.747953-08:00,write,key_767,306.00,true,false,2273
2025-11-27T21:26:20.053952-08:00,read,key_386,2.17,true,false,1021
2025-11-27T21:26:20.050006-08:00,read,key_658,6.16,true,false,2161
2025-11-27T21:26:19.839149-08:00,write,key_254,310.74,true,false,2275
2025-11-27T21:26:19.842271-08:00,write,key_137,307.62,true,false,2273
2025-11-27T21:26:19.837534-08:00,write,key_609,312.37,true,false,2274
2025-11-27T21:26:19.839729-08:00,write,key_656,310.18,true,false,2275
2025-11-27T21:26:20.149894-08:00,read,key_874,2.90,true,false,2269
2025-11-27T21:26:20.152792-08:00,read,key_388,1.03,true,false,2133
2025-11-27T21:26:20.149912-08:00,read,key_87,4.82,true,false,960
2025-11-27T21:26:19.953153-08:00,write,key_945,308.96,true,false,2274
2025-11-27T21:26:20.046812-08:00,write,key_800,309.93,true,false,2275
2025-11-27T21:26:20.053708-08:00,write,key_227,306.11,true,false,2276
2025-11-27T21:26:20.053712-08:00,write,key_83,306.12,true,false,2276
2025-11-27T21:26:20.359841-08:00,read,key_461,2.37,true,false,2240
2025-11-27T21:26:20.356754-08:00,read,key_477,5.96,true,false,2053
2025-11-27T21:26:20.362214-08:00,read,key_568,0.85,true,false,2129
2025-11-27T21:26:20.36307-08:00,read,key_386,0.83,true,false,1021
2025-11-27T21:26:20.05617-08:00,write,key_464,308.27,true,false,2278
2025-11-27T21:26:20.363899-08:00,read,key_523,0.71,true,false,2174
2025-11-27T21:26:20.05612-08:00,write,key_229,308.76,true,false,2277
2025-11-27T21:26:20.364606-08:00,read,key_437,0.49,true,false,1887
2025-11-27T21:26:20.365095-08:00,read,key_78,0.79,true,false,1683
2025-11-27T21:26:20.149895-08:00,write,key_172,307.63,true,false,2276
2025-11-27T21:26:20.154729-08:00,write,key_168,304.52,true,false,2276
2025-11-27T21:26:20.457527-08:00,read,key_646,1.80,true,false,1702
2025-11-27T21:26:20.149908-08:00,write,key_76,311.43,true,false,2277
2025-11-27T21:26:20.459253-08:00,read,key_222,4.55,true,false,1929
2025-11-27T21:26:20.15382-08:00,write,key_887,310.16,true,false,2278
2025-11-27T21:26:20.459329-08:00,read,key_180,5.46,true,false,1413
2025-11-27T21:26:20.463985-08:00,read,key_566,2.79,true,false,2101
2025-11-27T21:26:20.464788-08:00,read,key_98,2.63,true,false,1295
2025-11-27T21:26:20.467419-08:00,read,key_777,1.83,true,false,916
2025-11-27T21:26:20.466773-08:00,read,key_415,2.50,true,false,1488
2025-11-27T21:26:20.262113-08:00,write,key_472,308.35,true,false,2277
2025-11-27T21:26:20.570469-08:00,read,key_829,2.68,true,false,2279
2025-11-27T21:26:20.364882-08:00,write,key_626,307.60,true,false,2280
2025-11-27T21:26:20.365882-08:00,write,key_418,306.66,true,false,2280
2025-11-27T21:26:20.364444-08:00,write,key_913,308.12,true,false,2279
2025-11-27T21:26:20.362714-08:00,write,key_690,309.92,true,false,2279
2025-11-27T21:26:20.359944-08:00,write,key_905,312.74,true,false,2279
2025-11-27T21:26:20.672636-08:00,read,key_383,2.87,true,false,2210
2025-11-27T21:26:20.67268-08:00,read,key_462,6.53,true,false,2227
2025-11-27T21:26:20.675505-08:00,read,key_640,4.00,true,false,2264
2025-11-27T21:26:20.469274-08:00,write,key_652,315.61,true,false,2279
2025-11-27T21:26:20.461343-08:00,write,key_829,323.55,true,false,2279
2025-11-27T21:26:20.463801-08:00,write,key_275,321.16,true,false,2280
2025-11-27T21:26:20.469252-08:00,write,key_102,315.72,true,false,2281
2025-11-27T21:26:20.784885-08:00,read,key_571,0.45,true,false,2195
2025-11-27T21:26:20.784975-08:00,read,key_252,0.45,true,false,2054
2025-11-27T21:26:20.784964-08:00,read,key_200,0.52,true,false,2165
2025-11-27T21:26:20.785423-08:00,read,key_571,2.29,true,false,2195
2025-11-27T21:26:20.785484-08:00,read,key_483,2.23,true,false,2262
2025-11-27T21:26:20.787713-08:00,read,key_774,0.61,true,false,2123
2025-11-27T21:26:20.788326-08:00,read,key_660,0.57,true,false,1141
2025-11-27T21:26:20.573149-08:00,write,key_553,314.70,true,false,2282
2025-11-27T21:26:20.887849-08:00,read,key_686,1.65,true,false,1965
2025-11-27T21:26:20.889497-08:00,read,key_23,4.46,true,false,2257
2025-11-27T21:26:20.893961-08:00,read,key_450,1.11,true,false,1502
2025-11-27T21:26:20.895071-08:00,read,key_901,0.96,true,false,1894
2025-11-27T21:26:20.89603-08:00,read,key_312,0.95,true,false,2229
2025-11-27T21:26:20.896984-08:00,read,key_762,1.11,true,false,1916
2025-11-27T21:26:20.898091-08:00,read,key_695,0.87,true,false,2241
2025-11-27T21:26:20.672481-08:00,write,key_403,312.27,true,false,2281
2025-11-27T21:26:20.672547-08:00,write,key_293,313.81,true,false,2281
2025-11-27T21:26:20.672566-08:00,write,key_155,314.08,true,false,2282
2025-11-27T21:26:20.679212-08:00,write,key_28,309.18,true,false,2281
2025-11-27T21:26:20.679506-08:00,write,key_957,308.93,true,false,2282
2025-11-27T21:26:20.986642-08:00,read,key_520,3.91,true,false,1896
2025-11-27T21:26:20.785336-08:00,write,key_425,310.04,true,false,2283
2025-11-27T21:26:20.784888-08:00,write,key_521,310.79,true,false,2283
2025-11-27T21:26:20.788901-08:00,write,key_8,306.88,true,false,2283
2025-11-27T21:26:20.787713-08:00,write,key_596,308.22,true,false,2282
2025-11-27T21:26:21.095388-08:00,read,key_877,2.24,true,false,2181
2025-11-27T21:26:21.095777-08:00,read,key_118,1.86,true,false,2247
2025-11-27T21:26:21.095933-08:00,read,key_14,1.71,true,false,823
2025-11-27T21:26:21.097643-08:00,read,key_123,1.39,true,false,1973
2025-11-27T21:26:21.099037-08:00,read,key_344,4.32,true,false,768
2025-11-27T21:26:20.898963-08:00,write,key_697,307.89,true,false,2284
2025-11-27T21:26:21.206857-08:00,read,key_38,1.15,true,false,2109
2025-11-27T21:26:20.986361-08:00,write,key_290,305.73,true,false,2284
2025-11-27T21:26:20.988436-08:00,write,key_154,305.56,true,false,2285
2025-11-27T21:26:20.984756-08:00,write,key_179,309.24,true,false,2284
2025-11-27T21:26:20.98839-08:00,write,key_650,305.94,true,false,2285
2025-11-27T21:26:21.294329-08:00,read,key_322,1.22,true,false,1559
2025-11-27T21:26:20.990549-08:00,write,key_466,305.14,true,false,2283
2025-11-27T21:26:21.295693-08:00,read,key_697,1.53,true,false,2284
2025-11-27T21:26:21.09763-08:00,write,key_443,306.97,true,false,2287
2025-11-27T21:26:21.097642-08:00,write,key_346,306.97,true,false,2286
2025-11-27T21:26:21.095677-08:00,write,key_513,308.99,true,false,2286
2025-11-27T21:26:21.404671-08:00,read,key_649,1.43,true,false,2242
2025-11-27T21:26:21.103363-08:00,write,key_347,302.74,true,false,2284
2025-11-27T21:26:21.20801-08:00,write,key_527,306.73,true,false,2287
2025-11-27T21:26:21.295555-08:00,write,key_918,310.38,true,false,2289
2025-11-27T21:26:21.293992-08:00,write,key_948,311.95,true,false,2288
2025-11-27T21:26:21.292097-08:00,write,key_643,314.02,true,false,2286
2025-11-27T21:26:21.293995-08:00,write,key_471,312.23,true,false,2288
2025-11-27T21:26:21.297227-08:00,write,key_597,309.14,true,false,2290
2025-11-27T21:26:21.60637-08:00,read,key_952,2.48,true,false,1453
2025-11-27T21:26:21.605945-08:00,read,key_645,4.45,true,false,2223
2025-11-27T21:26:21.606119-08:00,read,key_223,5.59,true,false,2166
2025-11-27T21:26:21.404611-08:00,write,key_664,308.13,true,false,2288
2025-11-27T21:26:21.406103-08:00,write,key_523,306.64,true,false,2289
2025-11-27T21:26:21.404608-08:00,write,key_190,308.18,true,false,2289
2025-11-27T21:26:21.406102-08:00,write,key_803,306.74,true,false,2291
2025-11-27T21:26:21.712744-08:00,read,key_340,1.70,true,false,2106
2025-11-27T21:26:21.712842-08:00,read,key_689,1.87,true,false,1707
2025-11-27T21:26:21.514744-08:00,write,key_1,305.43,true,false,2290
2025-11-27T21:26:21.820181-08:00,read,key_557,1.18,true,false,2141
2025-11-27T21:26:21.610397-08:00,write,key_524,308.64,true,false,2292
2025-11-27T21:26:21.605935-08:00,write,key_653,313.13,true,false,2291
2025-11-27T21:26:21.611709-08:00,write,key_749,307.57,true,false,2291
2025-11-27T21:26:21.60885-08:00,write,key_917,310.63,true,false,2291
2025-11-27T21:26:21.606224-08:00,write,key_771,313.41,true,false,2292
2025-11-27T21:26:21.919274-08:00,read,key_622,2.46,true,false,2105
2025-11-27T21:26:21.921741-08:00,read,key_186,0.87,true,false,1630
2025-11-27T21:26:21.922611-08:00,read,key_318,0.79,true,false,2227
2025-11-27T21:26:21.712747-08:00,write,key_215,305.02,true,false,2292
2025-11-27T21:26:21.712788-08:00,write,key_827,305.00,true,false,2292
2025-11-27T21:26:21.714715-08:00,write,key_431,306.20,true,false,2293
2025-11-27T21:26:21.714449-08:00,write,key_767,306.47,true,false,2293
2025-11-27T21:26:22.020912-08:00,read,key_913,1.28,true,false,2279
2025-11-27T21:26:22.020916-08:00,read,key_438,1.28,true,false,1650
2025-11-27T21:26:22.017791-08:00,read,key_421,4.50,true,false,2265
2025-11-27T21:26:22.022296-08:00,read,key_978,1.08,true,false,2024
2025-11-27T21:26:22.022196-08:00,read,key_316,1.18,true,false,2127
2025-11-27T21:26:22.023379-08:00,read,key_769,1.16,true,false,2221
2025-11-27T21:26:21.821366-08:00,write,key_823,304.24,true,false,2294
2025-11-27T21:26:21.919044-08:00,write,key_119,310.26,true,false,2293
2025-11-27T21:26:21.919638-08:00,write,key_239,309.67,true,false,2294
2025-11-27T21:26:21.919068-08:00,write,key_316,310.26,true,false,2293
2025-11-27T21:26:21.919476-08:00,write,key_311,309.85,true,false,2295
2025-11-27T21:26:21.923403-08:00,write,key_688,306.28,true,false,2296
2025-11-27T21:26:22.229327-08:00,read,key_877,3.16,true,false,2181
2025-11-27T21:26:22.232486-08:00,read,key_329,3.22,true,false,2269
2025-11-27T21:26:22.235704-08:00,read,key_514,1.02,true,false,1884
2025-11-27T21:26:22.02338-08:00,write,key_841,307.11,true,false,2294
2025-11-27T21:26:22.022195-08:00,write,key_414,308.30,true,false,2294
2025-11-27T21:26:22.024536-08:00,write,key_737,305.98,true,false,2296
2025-11-27T21:26:22.017772-08:00,write,key_946,312.77,true,false,2295
2025-11-27T21:26:22.125616-08:00,write,key_572,319.80,true,false,2296
2025-11-27T21:26:22.445426-08:00,read,key_507,0.89,true,false,1727
2025-11-27T21:26:22.446319-08:00,read,key_42,2.42,true,false,1252
2025-11-27T21:26:22.229328-08:00,write,key_694,317.25,true,false,2297
2025-11-27T21:26:22.229306-08:00,write,key_847,317.28,true,false,2297
2025-11-27T21:26:22.229684-08:00,write,key_594,316.90,true,false,2297
2025-11-27T21:26:22.236729-08:00,write,key_596,309.85,true,false,2298
2025-11-27T21:26:22.229325-08:00,write,key_651,317.28,true,false,2297
2025-11-27T21:26:22.546601-08:00,read,key_570,1.40,true,false,2102
2025-11-27T21:26:22.546582-08:00,read,key_257,1.42,true,false,1539
2025-11-27T21:26:22.546582-08:00,read,key_513,1.43,true,false,2286
2025-11-27T21:26:22.546583-08:00,read,key_538,1.45,true,false,1434
2025-11-27T21:26:22.548011-08:00,read,key_946,1.00,true,false,2295
2025-11-27T21:26:22.548007-08:00,read,key_821,1.01,true,false,1996
2025-11-27T21:26:22.548007-08:00,read,key_311,1.01,true,false,2295
2025-11-27T21:26:22.548038-08:00,read,key_648,1.05,true,false,2089
2025-11-27T21:26:22.549021-08:00,read,key_699,1.28,true,false,2235
2025-11-27T21:26:22.549084-08:00,read,key_692,1.22,true,false,2121
2025-11-27T21:26:22.550308-08:00,read,key_657,2.18,true,false,2153
2025-11-27T21:26:22.330488-08:00,write,key_174,310.72,true,false,2298
2025-11-27T21:26:22.330543-08:00,write,key_348,310.68,true,false,2298
2025-11-27T21:26:22.330512-08:00,write,key_460,310.81,true,false,2298
2025-11-27T21:26:22.641224-08:00,read,key_846,3.58,true,false,1797
2025-11-27T21:26:22.330493-08:00,write,key_325,314.33,true,false,2299
2025-11-27T21:26:22.448744-08:00,write,key_141,305.00,true,false,2297
2025-11-27T21:26:22.753742-08:00,read,key_663,0.93,true,false,2095
2025-11-27T21:26:22.546588-08:00,write,key_223,306.80,true,false,2299
2025-11-27T21:26:22.549016-08:00,write,key_340,305.23,true,false,2301
2025-11-27T21:26:22.8534-08:00,read,key_873,1.05,true,false,2178
2025-11-27T21:26:22.549015-08:00,write,key_695,305.64,true,false,2300
2025-11-27T21:26:22.854658-08:00,read,key_877,1.67,true,false,2181
2025-11-27T21:26:22.550298-08:00,write,key_948,308.04,true,false,2302
2025-11-27T21:26:22.552486-08:00,write,key_454,305.91,true,false,2303
2025-11-27T21:26:22.858397-08:00,read,key_176,2.48,true,false,2207
2025-11-27T21:26:22.858337-08:00,read,key_583,2.60,true,false,1923
2025-11-27T21:26:22.641324-08:00,write,key_404,309.35,true,false,2300
2025-11-27T21:26:22.641211-08:00,write,key_563,309.78,true,false,2300
2025-11-27T21:26:22.644804-08:00,write,key_312,306.21,true,false,2301
2025-11-27T21:26:22.644827-08:00,write,key_945,306.26,true,false,2300
2025-11-27T21:26:22.951088-08:00,read,key_876,2.14,true,false,2209
2025-11-27T21:26:22.951013-08:00,read,key_202,2.21,true,false,2202
2025-11-27T21:26:22.950676-08:00,read,key_479,2.56,true,false,2086
2025-11-27T21:26:22.953226-08:00,read,key_292,4.41,true,false,2240
2025-11-27T21:26:22.95764-08:00,read,key_593,0.91,true,false,2256
2025-11-27T21:26:22.958547-08:00,read,key_907,1.35,true,false,2065
2025-11-27T21:26:22.959898-08:00,read,key_420,1.53,true,false,2228
2025-11-27T21:26:22.754674-08:00,write,key_721,306.29,true,false,2302
2025-11-27T21:26:22.854446-08:00,write,key_824,304.59,true,false,2302
2025-11-27T21:26:22.856335-08:00,write,key_344,305.52,true,false,2305
2025-11-27T21:26:22.854249-08:00,write,key_694,307.62,true,false,2304
2025-11-27T21:26:23.161866-08:00,read,key_299,0.80,true,false,2241
2025-11-27T21:26:23.16186-08:00,read,key_82,0.82,true,false,2067
2025-11-27T21:26:23.162665-08:00,read,key_976,0.92,true,false,2273
2025-11-27T21:26:22.860938-08:00,write,key_714,304.37,true,false,2304
2025-11-27T21:26:22.860875-08:00,write,key_986,304.76,true,false,2304
2025-11-27T21:26:23.165635-08:00,read,key_253,1.01,true,false,2154
2025-11-27T21:26:22.953235-08:00,write,key_636,309.90,true,false,2307
2025-11-27T21:26:22.953226-08:00,write,key_664,309.92,true,false,2304
2025-11-27T21:26:22.950992-08:00,write,key_977,312.17,true,false,2306
2025-11-27T21:26:23.263167-08:00,read,key_800,1.14,true,false,2275
2025-11-27T21:26:23.264311-08:00,read,key_343,1.00,true,false,2105
2025-11-27T21:26:22.961433-08:00,write,key_51,305.74,true,false,2305
2025-11-27T21:26:23.060965-08:00,write,key_872,309.63,true,false,2306
2025-11-27T21:26:23.370602-08:00,read,key_623,1.27,true,false,1187
2025-11-27T21:26:23.37187-08:00,read,key_828,1.06,true,false,2153
2025-11-27T21:26:23.372934-08:00,read,key_821,1.05,true,true,1995
2025-11-27T21:26:23.15905-08:00,write,key_567,312.19,true,false,2306
2025-11-27T21:26:23.16531-08:00,write,key_595,307.79,true,false,2307
2025-11-27T21:26:23.163589-08:00,write,key_28,309.57,true,false,2306
2025-11-27T21:26:23.162677-08:00,write,key_692,311.28,true,false,2307
2025-11-27T21:26:23.16665-08:00,write,key_972,307.32,true,false,2308
2025-11-27T21:26:23.471241-08:00,read,key_468,3.85,true,false,1534
2025-11-27T21:26:23.473959-08:00,read,key_419,1.62,true,false,2254
2025-11-27T21:26:23.475583-08:00,read,key_394,2.87,true,false,1731
2025-11-27T21:26:23.475096-08:00,read,key_475,3.36,true,false,2257
2025-11-27T21:26:23.478457-08:00,read,key_143,0.78,true,false,1123
2025-11-27T21:26:23.263151-08:00,write,key_753,310.30,true,false,2308
2025-11-27T21:26:23.26314-08:00,write,key_554,310.32,true,false,2308
2025-11-27T21:26:23.267171-08:00,write,key_678,306.31,true,false,2308
2025-11-27T21:26:23.573458-08:00,read,key_296,1.94,true,false,2198
2025-11-27T21:26:23.573458-08:00,read,key_940,2.29,true,false,2072
2025-11-27T21:26:23.265309-08:00,write,key_323,313.51,true,false,2309
2025-11-27T21:26:23.575748-08:00,read,key_299,3.62,true,false,2241
2025-11-27T21:26:23.578819-08:00,read,key_975,2.19,true,false,2166
2025-11-27T21:26:23.581005-08:00,read,key_821,1.09,true,false,1995
2025-11-27T21:26:23.57937-08:00,read,key_315,2.85,true,false,2075
2025-11-27T21:26:23.582222-08:00,read,key_599,0.69,true,false,2183
2025-11-27T21:26:23.58291-08:00,read,key_638,0.85,true,false,1780
2025-11-27T21:26:23.583757-08:00,read,key_595,0.74,true,false,2307
2025-11-27T21:26:23.584503-08:00,read,key_240,0.77,true,false,2026
2025-11-27T21:26:23.373986-08:00,write,key_509,306.76,true,false,2310
2025-11-27T21:26:23.680745-08:00,read,key_372,0.93,true,false,530
2025-11-27T21:26:23.473969-08:00,write,key_241,305.56,true,false,2309
2025-11-27T21:26:23.473161-08:00,write,key_828,306.38,true,false,2309
2025-11-27T21:26:23.473097-08:00,write,key_775,307.68,true,false,2311
2025-11-27T21:26:23.479236-08:00,write,key_444,301.91,true,false,2310
2025-11-27T21:26:23.779534-08:00,read,key_314,2.29,true,false,2183
2025-11-27T21:26:23.781148-08:00,read,key_982,1.13,true,false,668
2025-11-27T21:26:23.780775-08:00,read,key_22,1.52,true,false,2087
2025-11-27T21:26:23.781827-08:00,read,key_455,1.10,true,false,1548
2025-11-27T21:26:23.478458-08:00,write,key_915,304.48,true,false,2311
2025-11-27T21:26:23.782292-08:00,read,key_733,1.18,true,false,2065
2025-11-27T21:26:23.782928-08:00,read,key_381,3.41,true,false,2216
2025-11-27T21:26:23.783472-08:00,read,key_844,4.21,true,false,1829
2025-11-27T21:26:23.787688-08:00,read,key_517,0.74,true,false,1040
2025-11-27T21:26:23.573484-08:00,write,key_667,311.24,true,false,2311
2025-11-27T21:26:23.575396-08:00,write,key_452,309.51,true,false,2310
2025-11-27T21:26:23.88473-08:00,read,key_510,2.97,true,false,2180
2025-11-27T21:26:23.582098-08:00,write,key_11,306.16,true,false,2312
2025-11-27T21:26:23.585271-08:00,write,key_162,308.91,true,false,2313
2025-11-27T21:26:23.894177-08:00,read,key_291,1.63,true,true,1987
2025-11-27T21:26:23.895807-08:00,read,key_311,1.29,true,false,2295
2025-11-27T21:26:23.681672-08:00,write,key_801,306.87,true,false,2311
2025-11-27T21:26:23.988547-08:00,read,key_831,1.68,true,false,838
2025-11-27T21:26:23.782933-08:00,write,key_577,307.39,true,false,2312
2025-11-27T21:26:23.786339-08:00,write,key_104,303.98,true,false,2312
2025-11-27T21:26:23.779539-08:00,write,key_20,310.85,true,false,2312
2025-11-27T21:26:23.782276-08:00,write,key_318,308.38,true,false,2314
2025-11-27T21:26:23.788427-08:00,write,key_507,303.77,true,false,2314
2025-11-27T21:26:24.0922-08:00,read,key_100,2.60,true,false,1864
2025-11-27T21:26:24.090393-08:00,read,key_171,5.05,true,false,2271
2025-11-27T21:26:23.887705-08:00,write,key_591,309.48,true,false,2313
2025-11-27T21:26:23.884905-08:00,write,key_89,312.29,true,false,2313
2025-11-27T21:26:23.888255-08:00,write,key_8,309.00,true,false,2313
2025-11-27T21:26:23.897098-08:00,write,key_318,305.99,true,false,2315
2025-11-27T21:26:23.990233-08:00,write,key_831,311.33,true,false,2315
2025-11-27T21:26:24.094799-08:00,write,key_642,310.10,true,false,2316
2025-11-27T21:26:24.090659-08:00,write,key_294,314.25,true,false,2316
2025-11-27T21:26:24.090335-08:00,write,key_593,314.63,true,false,2315
2025-11-27T21:26:24.095444-08:00,write,key_27,309.61,true,false,2317
2025-11-27T21:26:24.090325-08:00,write,key_186,314.84,true,false,2315
2025-11-27T21:26:24.404904-08:00,read,key_315,2.86,true,false,2075
2025-11-27T21:26:24.405054-08:00,read,key_757,2.71,true,false,2178
2025-11-27T21:26:24.197187-08:00,write,key_455,309.79,true,false,2319
2025-11-27T21:26:24.197199-08:00,write,key_479,309.78,true,false,2318
2025-11-27T21:26:24.203093-08:00,write,key_296,303.89,true,false,2316
2025-11-27T21:26:24.197253-08:00,write,key_322,309.74,true,false,2318
2025-11-27T21:26:24.506984-08:00,read,key_164,1.28,true,false,2168
2025-11-27T21:26:24.506997-08:00,read,key_590,1.28,true,false,2156
2025-11-27T21:26:24.508269-08:00,read,key_209,2.50,true,false,2247
2025-11-27T21:26:24.510774-08:00,read,key_685,0.52,true,false,2135
2025-11-27T21:26:24.508281-08:00,read,key_513,3.03,true,false,2286
2025-11-27T21:26:24.301563-08:00,write,key_595,312.58,true,false,2316
2025-11-27T21:26:24.405168-08:00,write,key_88,319.50,true,false,2320
2025-11-27T21:26:24.407764-08:00,write,key_422,317.58,true,false,2320
2025-11-27T21:26:24.407769-08:00,write,key_299,317.73,true,false,2319
2025-11-27T21:26:24.404912-08:00,write,key_569,322.13,true,false,2318
2025-11-27T21:26:24.725346-08:00,read,key_9,2.12,true,false,1928
2025-11-27T21:26:24.404968-08:00,write,key_461,322.70,true,false,2318
2025-11-27T21:26:24.72747-08:00,read,key_776,0.61,true,false,1128
2025-11-27T21:26:24.727663-08:00,read,key_100,0.46,true,false,1864
2025-11-27T21:26:24.506983-08:00,write,key_260,321.84,true,false,2321
2025-11-27T21:26:24.506978-08:00,write,key_543,321.95,true,false,2321
2025-11-27T21:26:24.511292-08:00,write,key_825,318.26,true,false,2320
2025-11-27T21:26:24.511312-08:00,write,key_507,319.90,true,false,2321
2025-11-27T21:26:24.829555-08:00,read,key_321,2.63,true,false,2149
2025-11-27T21:26:24.82893-08:00,read,key_948,3.27,true,false,2302
2025-11-27T21:26:24.832189-08:00,read,key_826,1.37,true,false,2249
2025-11-27T21:26:24.8322-08:00,read,key_803,1.36,true,false,2291
2025-11-27T21:26:24.831211-08:00,read,key_642,4.94,true,false,2316
2025-11-27T21:26:24.836152-08:00,read,key_824,0.75,true,false,2302
2025-11-27T21:26:24.833557-08:00,read,key_514,3.34,true,false,1884
2025-11-27T21:26:24.836903-08:00,read,key_506,0.97,true,false,2267
2025-11-27T21:26:24.836903-08:00,read,key_680,0.98,true,false,2152
2025-11-27T21:26:24.614147-08:00,write,key_55,311.19,true,false,2322
2025-11-27T21:26:24.725494-08:00,write,key_889,305.92,true,false,2323
2025-11-27T21:26:24.724681-08:00,write,key_11,306.76,true,false,2323
2025-11-27T21:26:24.727045-08:00,write,key_294,304.42,true,false,2321
2025-11-27T21:26:24.728083-08:00,write,key_942,305.00,true,false,2324
2025-11-27T21:26:25.031464-08:00,read,key_829,1.70,true,false,2279
2025-11-27T21:26:25.031416-08:00,read,key_654,2.57,true,false,2180
2025-11-27T21:26:24.728123-08:00,write,key_341,307.73,true,false,2322
2025-11-27T21:26:25.03316-08:00,read,key_242,5.25,true,false,1941
2025-11-27T21:26:25.038411-08:00,read,key_546,2.84,true,false,1921
2025-11-27T21:26:25.041248-08:00,read,key_371,0.46,true,false,1563
2025-11-27T21:26:25.041714-08:00,read,key_377,0.48,true,false,1183
2025-11-27T21:26:24.828832-08:00,write,key_0,309.01,true,false,2323
2025-11-27T21:26:24.833557-08:00,write,key_577,306.80,true,false,2324
2025-11-27T21:26:24.837885-08:00,write,key_812,307.31,true,false,2322
2025-11-27T21:26:24.837871-08:00,write,key_824,307.33,true,false,2322
2025-11-27T21:26:24.925341-08:00,write,key_526,312.43,true,false,2325
2025-11-27T21:26:25.033985-08:00,write,key_599,307.32,true,false,2325
2025-11-27T21:26:25.035859-08:00,write,key_601,305.45,true,false,2327
2025-11-27T21:26:25.031437-08:00,write,key_426,309.89,true,false,2325
2025-11-27T21:26:25.033079-08:00,write,key_75,308.79,true,false,2326
2025-11-27T21:26:25.341312-08:00,read,key_21,5.15,true,false,1997
2025-11-27T21:26:25.341311-08:00,read,key_273,5.16,true,false,1821
2025-11-27T21:26:25.341865-08:00,read,key_123,5.70,true,false,1973
2025-11-27T21:26:25.042199-08:00,write,key_525,306.10,true,false,2328
2025-11-27T21:26:25.341323-08:00,read,key_558,8.23,true,false,1840
2025-11-27T21:26:25.347562-08:00,read,key_340,2.00,true,false,2301
2025-11-27T21:26:25.349566-08:00,read,key_487,1.17,true,false,1194
2025-11-27T21:26:25.350735-08:00,read,key_839,1.89,true,false,2124
2025-11-27T21:26:25.137849-08:00,write,key_316,309.43,true,false,2328
2025-11-27T21:26:25.140353-08:00,write,key_621,309.99,true,false,2327
2025-11-27T21:26:25.1452-08:00,write,key_586,305.28,true,false,2326
2025-11-27T21:26:25.1452-08:00,write,key_423,308.38,true,false,2329
2025-11-27T21:26:25.450485-08:00,read,key_509,3.12,true,false,2310
2025-11-27T21:26:25.453601-08:00,read,key_341,1.31,true,false,2322
2025-11-27T21:26:25.453583-08:00,read,key_778,3.08,true,false,1750
2025-11-27T21:26:25.454915-08:00,read,key_247,2.23,true,false,2209
2025-11-27T21:26:25.456667-08:00,read,key_101,0.67,true,false,2105
2025-11-27T21:26:25.23778-08:00,write,key_429,316.95,true,false,2326
2025-11-27T21:26:25.349558-08:00,write,key_697,305.95,true,false,2330
2025-11-27T21:26:25.348303-08:00,write,key_457,307.21,true,false,2330
2025-11-27T21:26:25.346466-08:00,write,key_150,309.09,true,false,2329
2025-11-27T21:26:25.346476-08:00,write,key_480,309.17,true,false,2330
2025-11-27T21:26:25.35263-08:00,write,key_263,307.86,true,false,2331
2025-11-27T21:26:25.655554-08:00,read,key_850,7.81,true,false,2203
2025-11-27T21:26:25.655642-08:00,read,key_764,7.72,true,false,2272
2025-11-27T21:26:25.660495-08:00,read,key_326,3.83,true,false,2174
2025-11-27T21:26:25.663364-08:00,read,key_596,0.98,true,false,2298
2025-11-27T21:26:25.663364-08:00,read,key_87,1.21,true,false,960
2025-11-27T21:26:25.664572-08:00,read,key_22,0.61,true,false,2087
2025-11-27T21:26:25.665185-08:00,read,key_76,0.52,true,false,2277
2025-11-27T21:26:25.664342-08:00,read,key_236,1.60,true,false,1685
2025-11-27T21:26:25.44728-08:00,write,key_466,307.37,true,false,2329
2025-11-27T21:26:25.754664-08:00,read,key_386,1.30,true,false,1021
2025-11-27T21:26:25.450348-08:00,write,key_89,305.64,true,false,2330
2025-11-27T21:26:25.755964-08:00,read,key_741,1.24,true,false,2041
2025-11-27T21:26:25.457144-08:00,write,key_901,305.51,true,false,2330
2025-11-27T21:26:25.457335-08:00,write,key_645,305.32,true,false,2331
2025-11-27T21:26:25.762655-08:00,read,key_942,2.68,true,false,2324
2025-11-27T21:26:25.765336-08:00,read,key_259,0.75,true,false,2221
2025-11-27T21:26:25.554734-08:00,write,key_808,308.63,true,false,2332
2025-11-27T21:26:25.655516-08:00,write,key_445,313.19,true,false,2332
2025-11-27T21:26:25.655508-08:00,write,key_870,314.15,true,false,2333
2025-11-27T21:26:25.665938-08:00,write,key_215,306.71,true,false,2333
2025-11-27T21:26:25.664326-08:00,write,key_473,308.42,true,false,2332
2025-11-27T21:26:25.972742-08:00,read,key_919,1.71,true,false,876
2025-11-27T21:26:25.665708-08:00,write,key_52,308.86,true,false,2334
2025-11-27T21:26:25.972646-08:00,read,key_394,1.96,true,false,1731
2025-11-27T21:26:25.974603-08:00,read,key_665,0.83,true,false,1636
2025-11-27T21:26:25.757202-08:00,write,key_718,314.07,true,false,2335
2025-11-27T21:26:25.755987-08:00,write,key_88,315.40,true,false,2334
2025-11-27T21:26:25.762651-08:00,write,key_442,315.45,true,false,2335
2025-11-27T21:26:25.76609-08:00,write,key_518,312.06,true,false,2333
2025-11-27T21:26:26.071276-08:00,read,key_394,7.08,true,false,1731
2025-11-27T21:26:26.078154-08:00,read,key_652,0.83,true,false,2279
2025-11-27T21:26:25.863361-08:00,write,key_228,308.73,true,false,2336
2025-11-27T21:26:25.96966-08:00,write,key_492,308.11,true,false,2334
2025-11-27T21:26:25.974455-08:00,write,key_126,303.35,true,false,2338
2025-11-27T21:26:25.97457-08:00,write,key_949,303.35,true,false,2335
2025-11-27T21:26:25.968706-08:00,write,key_777,309.26,true,false,2337
2025-11-27T21:26:26.277804-08:00,read,key_259,0.83,true,false,2221
2025-11-27T21:26:25.975439-08:00,write,key_293,303.24,true,false,2339
2025-11-27T21:26:26.278677-08:00,read,key_398,0.53,true,false,1542
2025-11-27T21:26:26.078353-08:00,write,key_565,307.78,true,false,2341
2025-11-27T21:26:26.071384-08:00,write,key_120,314.76,true,false,2339
2025-11-27T21:26:26.078984-08:00,write,key_725,307.21,true,false,2340
2025-11-27T21:26:26.078101-08:00,write,key_970,308.10,true,false,2340
2025-11-27T21:26:26.386202-08:00,read,key_313,1.64,true,false,2343
2025-11-27T21:26:26.386195-08:00,read,key_719,1.65,true,false,1724
2025-11-27T21:26:26.387843-08:00,read,key_766,0.86,true,false,2156
2025-11-27T21:26:26.387841-08:00,read,key_842,0.89,true,false,1675
2025-11-27T21:26:26.388701-08:00,read,key_60,0.70,true,false,2272
2025-11-27T21:26:26.388735-08:00,read,key_437,2.35,true,false,1887
2025-11-27T21:26:26.391083-08:00,read,key_870,0.56,true,false,2333
2025-11-27T21:26:26.39164-08:00,read,key_126,0.54,true,false,2338
2025-11-27T21:26:26.172099-08:00,write,key_639,315.52,true,false,2342
2025-11-27T21:26:26.277966-08:00,write,key_121,312.05,true,false,2344
2025-11-27T21:26:26.277771-08:00,write,key_313,312.24,true,false,2343
2025-11-27T21:26:26.278633-08:00,write,key_554,311.40,true,false,2340
2025-11-27T21:26:26.277917-08:00,write,key_241,312.09,true,false,2339
2025-11-27T21:26:26.279203-08:00,write,key_468,311.24,true,false,2341
2025-11-27T21:26:26.590033-08:00,read,key_714,4.86,true,false,2304
2025-11-27T21:26:26.594896-08:00,read,key_663,2.41,true,false,2095
2025-11-27T21:26:26.5901-08:00,read,key_773,7.23,true,false,324
2025-11-27T21:26:26.597325-08:00,read,key_204,0.70,true,false,2110
2025-11-27T21:26:26.598022-08:00,read,key_569,0.59,true,false,2318
2025-11-27T21:26:26.386142-08:00,write,key_183,309.53,true,false,2342
2025-11-27T21:26:26.386137-08:00,write,key_593,309.58,true,false,2345
2025-11-27T21:26:26.389406-08:00,write,key_596,306.37,true,false,2345
2025-11-27T21:26:26.392181-08:00,write,key_457,304.02,true,false,2343
2025-11-27T21:26:26.69572-08:00,read,key_595,2.12,true,false,2316
2025-11-27T21:26:26.695779-08:00,read,key_853,2.06,true,false,1969
2025-11-27T21:26:26.697857-08:00,read,key_842,1.66,true,false,1675
2025-11-27T21:26:26.697846-08:00,read,key_223,2.62,true,false,2299
2025-11-27T21:26:26.487617-08:00,write,key_501,311.40,true,false,2346
2025-11-27T21:26:26.590028-08:00,write,key_769,312.16,true,false,2347
2025-11-27T21:26:26.590014-08:00,write,key_42,313.43,true,false,2345
2025-11-27T21:26:26.597309-08:00,write,key_24,306.35,true,false,2347
2025-11-27T21:26:26.590439-08:00,write,key_383,313.24,true,false,2345
2025-11-27T21:26:26.598616-08:00,write,key_593,307.51,true,false,2348
2025-11-27T21:26:26.903683-08:00,read,key_42,4.77,true,false,2345
2025-11-27T21:26:26.903655-08:00,read,key_85,5.24,true,false,1910
2025-11-27T21:26:26.902192-08:00,read,key_662,6.78,true,false,1639
2025-11-27T21:26:26.908894-08:00,read,key_382,2.44,true,false,88
2025-11-27T21:26:26.911331-08:00,read,key_873,0.87,true,false,2349
2025-11-27T21:26:26.695677-08:00,write,key_600,310.34,true,false,2349
2025-11-27T21:26:26.699523-08:00,write,key_169,306.50,true,false,2349
2025-11-27T21:26:26.696204-08:00,write,key_345,310.72,true,false,2350
2025-11-27T21:26:27.006023-08:00,read,key_721,2.59,true,false,2302
2025-11-27T21:26:26.700467-08:00,write,key_327,311.31,true,false,2351
2025-11-27T21:26:27.006926-08:00,read,key_125,6.29,true,false,2128
2025-11-27T21:26:27.01178-08:00,read,key_24,3.33,true,false,2347
2025-11-27T21:26:26.799019-08:00,write,key_647,317.03,true,false,2347
2025-11-27T21:26:27.116055-08:00,read,key_340,4.65,true,false,2301
2025-11-27T21:26:27.120706-08:00,read,key_499,1.24,true,false,1731
2025-11-27T21:26:26.906125-08:00,write,key_261,307.97,true,false,2349
2025-11-27T21:26:26.903443-08:00,write,key_875,310.66,true,false,2349
2025-11-27T21:26:26.90846-08:00,write,key_873,305.66,true,false,2349
2025-11-27T21:26:26.908974-08:00,write,key_975,305.17,true,false,2350
2025-11-27T21:26:27.214101-08:00,read,key_181,2.54,true,false,2059
2025-11-27T21:26:26.912205-08:00,write,key_897,304.44,true,false,2350
2025-11-27T21:26:27.216647-08:00,read,key_974,0.64,true,false,2091
2025-11-27T21:26:27.217283-08:00,read,key_15,0.84,true,false,879
2025-11-27T21:26:27.006023-08:00,write,key_89,308.67,true,false,2351
2025-11-27T21:26:27.008618-08:00,write,key_192,306.49,true,false,2352
2025-11-27T21:26:27.013214-08:00,write,key_57,306.78,true,false,2352
2025-11-27T21:26:27.314699-08:00,read,key_729,5.40,true,false,1754
2025-11-27T21:26:27.015111-08:00,write,key_925,305.87,true,false,2352
2025-11-27T21:26:27.121948-08:00,write,key_842,306.10,true,false,2353
2025-11-27T21:26:27.218125-08:00,write,key_658,310.24,true,false,2353
2025-11-27T21:26:27.216647-08:00,write,key_766,311.95,true,false,2353
2025-11-27T21:26:27.214122-08:00,write,key_381,314.62,true,false,2352
2025-11-27T21:26:27.214101-08:00,write,key_979,315.72,true,false,2353
2025-11-27T21:26:27.214146-08:00,write,key_8,315.68,true,false,2353
2025-11-27T21:26:27.528596-08:00,read,key_254,2.93,true,false,2275
2025-11-27T21:26:27.528376-08:00,read,key_629,3.16,true,false,2150
2025-11-27T21:26:27.529822-08:00,read,key_762,1.74,true,false,1916
2025-11-27T21:26:27.531532-08:00,read,key_748,1.02,true,false,2257
2025-11-27T21:26:27.531558-08:00,read,key_719,1.03,true,false,1724
2025-11-27T21:26:27.315106-08:00,write,key_620,317.28,true,false,2354
2025-11-27T21:26:27.32098-08:00,write,key_234,311.43,true,false,2354
2025-11-27T21:26:27.320098-08:00,write,key_247,312.53,true,false,2355
2025-11-27T21:26:27.319993-08:00,write,key_468,313.25,true,false,2354
2025-11-27T21:26:27.632409-08:00,read,key_978,4.92,true,false,2024
2025-11-27T21:26:27.633248-08:00,read,key_874,4.09,true,false,2269
2025-11-27T21:26:27.632386-08:00,read,key_416,4.97,true,false,1837
2025-11-27T21:26:27.637331-08:00,read,key_248,1.76,true,false,2268
2025-11-27T21:26:27.639096-08:00,read,key_772,0.85,true,false,2072
2025-11-27T21:26:27.637353-08:00,read,key_457,3.48,true,false,2343
2025-11-27T21:26:27.64084-08:00,read,key_749,1.03,true,false,2291
2025-11-27T21:26:27.428048-08:00,write,key_472,309.79,true,false,2356
2025-11-27T21:26:27.531539-08:00,write,key_643,307.53,true,false,2356
2025-11-27T21:26:27.532554-08:00,write,key_440,306.52,true,false,2356
2025-11-27T21:26:27.529824-08:00,write,key_262,309.36,true,false,2355
2025-11-27T21:26:27.52874-08:00,write,key_444,310.45,true,false,2355
2025-11-27T21:26:27.83907-08:00,read,key_479,1.94,true,false,2318
2025-11-27T21:26:27.839188-08:00,read,key_655,1.88,true,false,2201
2025-11-27T21:26:27.532588-08:00,write,key_252,314.09,true,false,2357
2025-11-27T21:26:27.841067-08:00,read,key_479,6.58,true,false,2318
2025-11-27T21:26:27.839081-08:00,read,key_105,8.57,true,false,864
2025-11-27T21:26:27.847645-08:00,read,key_819,0.67,false,false,0
2025-11-27T21:26:27.848318-08:00,read,key_408,0.73,true,false,1929
2025-11-27T21:26:27.632633-08:00,write,key_346,314.68,true,false,2357
2025-11-27T21:26:27.637343-08:00,write,key_575,309.99,true,false,2358
2025-11-27T21:26:27.641868-08:00,write,key_18,305.62,true,false,2359
2025-11-27T21:26:27.639953-08:00,write,key_172,307.56,true,false,2358
2025-11-27T21:26:27.947484-08:00,read,key_593,2.52,true,false,2348
2025-11-27T21:26:27.947332-08:00,read,key_5,2.70,true,false,2036
2025-11-27T21:26:27.94732-08:00,read,key_322,2.73,true,false,2318
2025-11-27T21:26:27.950009-08:00,read,key_975,5.36,true,false,2350
2025-11-27T21:26:27.950055-08:00,read,key_921,5.31,true,false,2129
2025-11-27T21:26:27.950028-08:00,read,key_888,5.36,true,false,1972
2025-11-27T21:26:27.955367-08:00,read,key_530,1.08,true,false,1831
2025-11-27T21:26:27.955367-08:00,read,key_454,1.10,true,false,2303
2025-11-27T21:26:27.955391-08:00,read,key_231,1.14,true,false,1445
2025-11-27T21:26:27.956454-08:00,read,key_679,1.05,true,false,2060
2025-11-27T21:26:27.957502-08:00,read,key_189,0.41,false,false,0
2025-11-27T21:26:27.957918-08:00,read,key_428,0.40,true,false,2249
2025-11-27T21:26:27.958315-08:00,read,key_449,0.44,true,false,2111
2025-11-27T21:26:27.95876-08:00,read,key_505,0.53,true,false,2267
2025-11-27T21:26:27.959296-08:00,read,key_313,0.48,true,false,2343
2025-11-27T21:26:27.959779-08:00,read,key_27,0.40,true,false,2317
2025-11-27T21:26:27.737837-08:00,write,key_734,311.50,true,false,2358
2025-11-27T21:26:27.83918-08:00,write,key_315,309.66,true,false,2357
2025-11-27T21:26:27.847653-08:00,write,key_508,305.78,true,false,2358
2025-11-27T21:26:27.841011-08:00,write,key_738,312.44,true,false,2358
2025-11-27T21:26:27.84668-08:00,write,key_941,306.77,true,false,2360
2025-11-27T21:26:28.148844-08:00,read,key_187,4.68,true,false,2233
2025-11-27T21:26:27.849052-08:00,write,key_129,304.90,true,false,2361
2025-11-27T21:26:28.15345-08:00,read,key_85,2.53,true,false,1910
2025-11-27T21:26:28.153523-08:00,read,key_691,2.53,true,false,2071
2025-11-27T21:26:28.15345-08:00,read,key_377,2.62,true,false,1183
2025-11-27T21:26:28.155981-08:00,read,key_547,3.44,true,false,2211
2025-11-27T21:26:28.156057-08:00,read,key_953,3.39,true,false,1178
2025-11-27T21:26:28.156074-08:00,read,key_58,3.89,true,false,1979
2025-11-27T21:26:27.947514-08:00,write,key_578,313.04,true,false,2362
2025-11-27T21:26:27.956533-08:00,write,key_972,306.50,true,false,2363
2025-11-27T21:26:27.960179-08:00,write,key_524,302.86,true,false,2364
2025-11-27T21:26:28.260554-08:00,read,key_210,2.53,true,false,2162
2025-11-27T21:26:27.956467-08:00,write,key_423,306.69,true,false,2362
2025-11-27T21:26:28.263082-08:00,read,key_602,0.83,true,false,2000
2025-11-27T21:26:28.26391-08:00,read,key_755,0.76,true,false,1801
2025-11-27T21:26:28.263033-08:00,read,key_214,1.64,true,false,2008
2025-11-27T21:26:28.264667-08:00,read,key_767,0.62,true,false,2293
2025-11-27T21:26:28.264673-08:00,read,key_767,0.62,true,false,2293
2025-11-27T21:26:28.265288-08:00,read,key_59,0.60,true,false,1983
2025-11-27T21:26:28.049339-08:00,write,key_722,309.00,true,false,2360
2025-11-27T21:26:28.153439-08:00,write,key_389,309.32,true,false,2362
2025-11-27T21:26:28.159425-08:00,write,key_220,312.00,true,false,2365
2025-11-27T21:26:28.159961-08:00,write,key_314,311.61,true,false,2365
2025-11-27T21:26:28.153955-08:00,write,key_1,317.69,true,false,2363
2025-11-27T21:26:28.159449-08:00,write,key_500,313.58,true,false,2364
2025-11-27T21:26:28.471645-08:00,read,key_790,2.83,true,false,1938
2025-11-27T21:26:28.474478-08:00,read,key_573,0.73,true,false,2182
2025-11-27T21:26:28.475213-08:00,read,key_727,2.29,true,false,1348
2025-11-27T21:26:28.26304-08:00,write,key_12,304.01,true,false,2366
2025-11-27T21:26:28.567061-08:00,read,key_346,0.72,true,false,2357
2025-11-27T21:26:28.263153-08:00,write,key_160,305.12,true,false,2365
2025-11-27T21:26:28.567779-08:00,read,key_574,0.57,true,false,2249
2025-11-27T21:26:28.265292-08:00,write,key_760,304.01,true,false,2366
2025-11-27T21:26:28.569307-08:00,read,key_74,0.69,true,false,2172
2025-11-27T21:26:28.568275-08:00,read,key_320,1.86,true,false,2271
2025-11-27T21:26:28.569998-08:00,read,key_917,0.69,true,false,2291
2025-11-27T21:26:28.265888-08:00,write,key_121,305.87,true,false,2366
2025-11-27T21:26:28.358341-08:00,write,key_459,311.23,true,false,2367
2025-11-27T21:26:28.669572-08:00,read,key_2,0.46,true,false,2131
2025-11-27T21:26:28.670029-08:00,read,key_644,2.11,true,false,2213
2025-11-27T21:26:28.462768-08:00,write,key_739,307.50,true,false,2367
2025-11-27T21:26:28.770276-08:00,read,key_507,0.81,true,false,2369
2025-11-27T21:26:28.771082-08:00,read,key_941,2.06,true,false,2360
2025-11-27T21:26:28.471575-08:00,write,key_328,302.97,true,false,2368
2025-11-27T21:26:28.471422-08:00,write,key_347,303.17,true,false,2369
2025-11-27T21:26:28.774547-08:00,read,key_121,0.63,true,false,2366
2025-11-27T21:26:28.473032-08:00,write,key_792,302.98,true,false,2368
2025-11-27T21:26:28.776014-08:00,read,key_45,2.61,true,false,1251
2025-11-27T21:26:28.477502-08:00,write,key_419,302.21,true,false,2366
2025-11-27T21:26:28.568349-08:00,write,key_75,307.31,true,false,2370
2025-11-27T21:26:28.570135-08:00,write,key_490,305.56,true,false,2367
2025-11-27T21:26:28.57176-08:00,write,key_507,304.27,true,false,2369
2025-11-27T21:26:28.570692-08:00,write,key_179,305.49,true,false,2368
2025-11-27T21:26:28.875692-08:00,read,key_804,3.19,true,false,1476
2025-11-27T21:26:28.876025-08:00,read,key_916,3.97,true,false,2226
2025-11-27T21:26:28.878883-08:00,read,key_640,2.24,true,false,2264
2025-11-27T21:26:28.881119-08:00,read,key_381,2.00,true,false,2352
2025-11-27T21:26:28.883116-08:00,read,key_553,0.69,true,false,2282
2025-11-27T21:26:28.883806-08:00,read,key_526,0.99,true,false,2325
2025-11-27T21:26:28.672146-08:00,write,key_745,305.86,true,false,2371
2025-11-27T21:26:28.978005-08:00,read,key_821,1.04,true,false,1995
2025-11-27T21:26:28.979042-08:00,read,key_274,1.16,true,false,1791
2025-11-27T21:26:28.774597-08:00,write,key_791,304.62,true,false,2372
2025-11-27T21:26:28.775183-08:00,write,key_503,304.06,true,false,2370
2025-11-27T21:26:28.773141-08:00,write,key_765,306.14,true,false,2370
2025-11-27T21:26:29.079279-08:00,read,key_24,1.44,true,false,2347
2025-11-27T21:26:29.079221-08:00,read,key_376,1.52,true,false,1179
2025-11-27T21:26:29.08074-08:00,read,key_523,0.72,true,false,2289
2025-11-27T21:26:28.779711-08:00,write,key_467,303.06,true,false,2371
2025-11-27T21:26:28.778624-08:00,write,key_734,304.15,true,false,2370
2025-11-27T21:26:29.082773-08:00,read,key_697,0.89,true,false,2330
2025-11-27T21:26:29.083665-08:00,read,key_820,0.76,true,false,2060
2025-11-27T21:26:29.084425-08:00,read,key_949,0.68,true,false,2335
2025-11-27T21:26:28.875663-08:00,write,key_732,306.62,true,false,2373
2025-11-27T21:26:28.876186-08:00,write,key_5,306.13,true,false,2373
2025-11-27T21:26:29.182311-08:00,read,key_388,4.12,true,false,2133
2025-11-27T21:26:28.879996-08:00,write,key_177,306.44,true,false,2374
2025-11-27T21:26:28.884801-08:00,write,key_249,301.85,true,false,2372
2025-11-27T21:26:29.186653-08:00,read,key_355,1.17,true,false,1686
2025-11-27T21:26:29.186434-08:00,read,key_884,1.41,true,false,1527
2025-11-27T21:26:29.186434-08:00,read,key_167,2.75,true,false,2138
2025-11-27T21:26:29.189187-08:00,read,key_675,2.51,true,false,2209
2025-11-27T21:26:29.191695-08:00,read,key_570,1.09,true,false,2102
2025-11-27T21:26:28.980205-08:00,write,key_70,318.54,true,false,2372
2025-11-27T21:26:29.298743-08:00,read,key_488,0.59,true,false,2044
2025-11-27T21:26:29.082772-08:00,write,key_315,319.18,true,false,2374
2025-11-27T21:26:29.08146-08:00,write,key_501,320.65,true,false,2373
2025-11-27T21:26:29.080723-08:00,write,key_902,321.59,true,false,2373
2025-11-27T21:26:29.079243-08:00,write,key_15,323.11,true,false,2373
2025-11-27T21:26:29.085105-08:00,write,key_740,317.60,true,false,2374
2025-11-27T21:26:29.402351-08:00,read,key_419,2.36,true,false,2366
2025-11-27T21:26:29.402701-08:00,read,key_650,2.09,true,false,2285
2025-11-27T21:26:29.404791-08:00,read,key_326,1.10,true,false,2174
2025-11-27T21:26:29.404713-08:00,read,key_698,1.29,true,false,2135
2025-11-27T21:26:29.406006-08:00,read,key_76,2.90,true,false,2277
2025-11-27T21:26:29.182287-08:00,write,key_561,315.27,true,false,2375
2025-11-27T21:26:29.187824-08:00,write,key_742,309.74,true,false,2376
2025-11-27T21:26:29.19279-08:00,write,key_156,304.83,true,false,2375
2025-11-27T21:26:29.187849-08:00,write,key_620,309.90,true,false,2375
2025-11-27T21:26:29.497561-08:00,read,key_166,1.61,true,false,2056
2025-11-27T21:26:29.49756-08:00,read,key_889,1.61,true,false,2323
2025-11-27T21:26:29.497624-08:00,read,key_452,1.54,true,false,2310
2025-11-27T21:26:29.49775-08:00,read,key_552,1.42,true,false,1126
2025-11-27T21:26:29.499175-08:00,read,key_746,1.34,true,false,1836
2025-11-27T21:26:29.499169-08:00,read,key_127,2.06,true,false,2260
2025-11-27T21:26:29.499169-08:00,read,key_363,3.89,true,false,607
2025-11-27T21:26:29.503064-08:00,read,key_920,1.53,true,false,159
2025-11-27T21:26:29.504594-08:00,read,key_126,2.64,true,false,2338
2025-11-27T21:26:29.299332-08:00,write,key_843,309.77,true,false,2376
2025-11-27T21:26:29.401952-08:00,write,key_75,306.76,true,false,2377
2025-11-27T21:26:29.402111-08:00,write,key_838,308.98,true,false,2378
2025-11-27T21:26:29.402312-08:00,write,key_792,308.81,true,false,2377
2025-11-27T21:26:29.405892-08:00,write,key_454,306.73,true,false,2377
2025-11-27T21:26:29.711096-08:00,read,key_14,2.87,true,false,823
2025-11-27T21:26:29.712621-08:00,read,key_168,1.37,true,false,2276
2025-11-27T21:26:29.713996-08:00,read,key_417,1.71,true,false,1838
2025-11-27T21:26:29.711124-08:00,read,key_692,4.61,true,false,2307
2025-11-27T21:26:29.715711-08:00,read,key_665,1.32,true,false,1636
2025-11-27T21:26:29.408911-08:00,write,key_603,309.06,true,false,2379
2025-11-27T21:26:29.713968-08:00,read,key_74,5.50,true,false,2172
2025-11-27T21:26:29.717031-08:00,read,key_455,3.46,true,false,2319
2025-11-27T21:26:29.717975-08:00,read,key_16,2.54,false,false,0
2025-11-27T21:26:29.719471-08:00,read,key_817,1.23,true,false,1783
2025-11-27T21:26:29.720704-08:00,read,key_419,0.59,true,false,2366
2025-11-27T21:26:29.721299-08:00,read,key_165,0.76,true,false,2223
2025-11-27T21:26:29.50052-08:00,write,key_227,306.27,true,false,2377
2025-11-27T21:26:29.49917-08:00,write,key_412,307.62,true,false,2378
2025-11-27T21:26:29.501236-08:00,write,key_658,307.35,true,false,2380
2025-11-27T21:26:29.808586-08:00,read,key_483,1.11,true,false,2262
2025-11-27T21:26:29.507235-08:00,write,key_178,305.76,true,false,2379
2025-11-27T21:26:29.8097-08:00,read,key_295,4.00,true,false,1016
2025-11-27T21:26:29.609106-08:00,write,key_568,306.34,true,false,2378
2025-11-27T21:26:29.915449-08:00,read,key_527,4.68,true,false,2287
2025-11-27T21:26:29.920134-08:00,read,key_885,4.30,true,false,1081
2025-11-27T21:26:29.924436-08:00,read,key_748,3.14,true,false,2257
2025-11-27T21:26:29.708719-08:00,write,key_720,306.91,true,false,2381
2025-11-27T21:26:29.715735-08:00,write,key_563,309.50,true,false,2382
2025-11-27T21:26:29.720516-08:00,write,key_805,304.74,true,false,2380
2025-11-27T21:26:29.722061-08:00,write,key_146,303.21,true,false,2381
2025-11-27T21:26:30.025275-08:00,read,key_626,3.78,true,false,2280
2025-11-27T21:26:30.025237-08:00,read,key_206,3.81,true,false,1609
2025-11-27T21:26:29.720494-08:00,write,key_607,309.50,true,false,2383
2025-11-27T21:26:30.029053-08:00,read,key_188,2.23,true,false,1704
2025-11-27T21:26:30.031284-08:00,read,key_715,4.57,true,false,1469
2025-11-27T21:26:29.806796-08:00,write,key_824,311.08,true,false,2384
2025-11-27T21:26:29.806796-08:00,write,key_590,312.68,true,false,2381
2025-11-27T21:26:29.813703-08:00,write,key_699,308.07,true,false,2383
2025-11-27T21:26:30.117878-08:00,read,key_165,4.07,true,false,2223
2025-11-27T21:26:29.812992-08:00,write,key_294,310.23,true,false,2382
2025-11-27T21:26:29.927575-08:00,write,key_963,304.84,true,false,2382
2025-11-27T21:26:30.23242-08:00,read,key_17,1.19,true,false,1725
2025-11-27T21:26:30.233612-08:00,read,key_440,3.29,true,false,2356
2025-11-27T21:26:30.237025-08:00,read,key_28,1.31,true,false,2306
2025-11-27T21:26:30.238334-08:00,read,key_925,0.85,true,false,2352
2025-11-27T21:26:30.015638-08:00,write,key_675,313.67,true,false,2382
2025-11-27T21:26:30.025254-08:00,write,key_465,305.96,true,false,2385
2025-11-27T21:26:30.029053-08:00,write,key_691,303.58,true,false,2384
2025-11-27T21:26:30.332633-08:00,read,key_188,1.07,true,false,1704
2025-11-27T21:26:30.029996-08:00,write,key_384,306.61,true,false,2384
2025-11-27T21:26:30.336603-08:00,read,key_207,0.83,true,false,1790
2025-11-27T21:26:30.035853-08:00,write,key_290,304.27,true,false,2384
2025-11-27T21:26:30.340124-08:00,read,key_216,0.69,true,false,1430
2025-11-27T21:26:30.340812-08:00,read,key_398,0.54,true,false,1542
2025-11-27T21:26:30.341354-08:00,read,key_168,2.64,true,false,2276
2025-11-27T21:26:30.12322-08:00,write,key_225,308.25,true,false,2385
2025-11-27T21:26:30.119475-08:00,write,key_25,311.99,true,false,2386
2025-11-27T21:26:30.121951-08:00,write,key_309,309.57,true,false,2385
2025-11-27T21:26:30.121772-08:00,write,key_658,310.01,true,false,2385
2025-11-27T21:26:30.23919-08:00,write,key_522,306.32,true,false,2386
2025-11-27T21:26:30.331216-08:00,write,key_763,315.01,true,false,2387
2025-11-27T21:26:30.333702-08:00,write,key_569,312.57,true,false,2387
2025-11-27T21:26:30.329311-08:00,write,key_557,316.97,true,false,2386
2025-11-27T21:26:30.337432-08:00,write,key_571,308.80,true,false,2386
2025-11-27T21:26:30.343991-08:00,write,key_734,302.88,true,false,2388
2025-11-27T21:26:30.646269-08:00,read,key_800,0.64,true,false,2275
2025-11-27T21:26:30.64623-08:00,read,key_310,0.77,true,false,2206
2025-11-27T21:26:30.646283-08:00,read,key_10,0.73,true,false,2034
2025-11-27T21:26:30.646391-08:00,read,key_125,0.71,true,false,2128
2025-11-27T21:26:30.646907-08:00,read,key_299,2.05,true,false,2319
2025-11-27T21:26:30.64896-08:00,read,key_820,0.48,true,false,2060
2025-11-27T21:26:30.649437-08:00,read,key_973,0.39,true,false,2225
2025-11-27T21:26:30.649831-08:00,read,key_565,0.40,true,false,2341
2025-11-27T21:26:30.650234-08:00,read,key_322,0.92,true,false,2318
2025-11-27T21:26:30.431491-08:00,write,key_570,318.89,true,false,2388
2025-11-27T21:26:30.431469-08:00,write,key_375,318.97,true,false,2387
2025-11-27T21:26:30.431778-08:00,write,key_815,322.02,true,false,2389
2025-11-27T21:26:30.431518-08:00,write,key_484,322.99,true,false,2387
2025-11-27T21:26:30.75044-08:00,read,key_4,6.00,true,false,2083
2025-11-27T21:26:30.750387-08:00,read,key_658,6.08,true,false,2385
2025-11-27T21:26:30.756472-08:00,read,key_7,1.43,true,false,2067
2025-11-27T21:26:30.545512-08:00,write,key_576,307.70,true,false,2389
2025-11-27T21:26:30.853218-08:00,read,key_726,1.70,true,false,2137
2025-11-27T21:26:30.854924-08:00,read,key_910,1.12,true,false,1913
2025-11-27T21:26:30.647097-08:00,write,key_59,308.82,true,false,2390
2025-11-27T21:26:30.646874-08:00,write,key_188,309.05,true,false,2390
2025-11-27T21:26:30.647011-08:00,write,key_607,308.93,true,false,2389
2025-11-27T21:26:30.646999-08:00,write,key_974,309.01,true,false,2390
2025-11-27T21:26:30.651153-08:00,write,key_699,304.87,true,false,2391
2025-11-27T21:26:30.955928-08:00,read,key_123,2.51,true,false,1973
2025-11-27T21:26:30.955939-08:00,read,key_328,2.51,true,false,2368
2025-11-27T21:26:30.956006-08:00,read,key_674,6.02,true,false,2107
2025-11-27T21:26:30.955924-08:00,read,key_173,6.11,true,false,1949
2025-11-27T21:26:30.757898-08:00,write,key_576,307.00,true,false,2392
2025-11-27T21:26:30.756438-08:00,write,key_946,309.73,true,false,2390
2025-11-27T21:26:30.753801-08:00,write,key_646,312.48,true,false,2392
2025-11-27T21:26:30.754507-08:00,write,key_711,315.80,true,false,2393
2025-11-27T21:26:31.066282-08:00,read,key_378,8.67,true,false,1470
2025-11-27T21:26:30.856047-08:00,write,key_376,307.98,true,false,2391
2025-11-27T21:26:30.958448-08:00,write,key_225,311.58,true,false,2392
2025-11-27T21:26:30.962033-08:00,write,key_8,308.00,true,false,2393
2025-11-27T21:26:30.95602-08:00,write,key_424,314.14,true,false,2394
2025-11-27T21:26:30.958443-08:00,write,key_486,311.90,true,false,2392
2025-11-27T21:26:30.962051-08:00,write,key_317,308.34,true,false,2395
2025-11-27T21:26:31.270036-08:00,read,key_316,2.27,true,false,2328
2025-11-27T21:26:31.272312-08:00,read,key_442,0.88,true,false,2335
2025-11-27T21:26:31.066168-08:00,write,key_730,309.57,true,false,2396
2025-11-27T21:26:31.064905-08:00,write,key_507,310.90,true,false,2396
2025-11-27T21:26:31.070309-08:00,write,key_525,305.57,true,false,2394
2025-11-27T21:26:31.074961-08:00,write,key_371,304.97,true,false,2394
2025-11-27T21:26:31.164038-08:00,write,key_849,309.03,true,false,2397
2025-11-27T21:26:31.473074-08:00,read,key_462,1.01,true,false,2227
2025-11-27T21:26:31.47409-08:00,read,key_559,3.91,true,false,627
2025-11-27T21:26:31.478005-08:00,read,key_346,0.94,true,false,2357
2025-11-27T21:26:31.273195-08:00,write,key_487,307.69,true,false,2396
2025-11-27T21:26:31.270037-08:00,write,key_572,310.86,true,false,2398
2025-11-27T21:26:31.270347-08:00,write,key_228,310.60,true,false,2397
2025-11-27T21:26:31.270164-08:00,write,key_220,311.07,true,false,2396
2025-11-27T21:26:31.270387-08:00,write,key_249,310.95,true,false,2396
2025-11-27T21:26:31.580946-08:00,read,key_244,4.27,true,false,2192
2025-11-27T21:26:31.581333-08:00,read,key_89,4.94,true,false,2351
2025-11-27T21:26:31.379937-08:00,write,key_472,308.20,true,false,2399
2025-11-27T21:26:31.375736-08:00,write,key_913,312.45,true,false,2398
2025-11-27T21:26:31.375806-08:00,write,key_52,312.41,true,false,2397
2025-11-27T21:26:31.375883-08:00,write,key_341,312.35,true,false,2399
2025-11-27T21:26:31.688185-08:00,read,key_320,2.04,true,false,2271
2025-11-27T21:26:31.47895-08:00,write,key_566,309.80,true,false,2399
2025-11-27T21:26:31.58522-08:00,write,key_930,307.38,true,false,2400
2025-11-27T21:26:31.580884-08:00,write,key_787,313.09,true,false,2400
2025-11-27T21:26:31.581237-08:00,write,key_294,312.91,true,false,2399
2025-11-27T21:26:31.586279-08:00,write,key_688,309.16,true,false,2400
2025-11-27T21:26:31.580896-08:00,write,key_590,314.73,true,false,2399
2025-11-27T21:26:31.894148-08:00,read,key_646,3.67,true,false,2392
2025-11-27T21:26:31.893972-08:00,read,key_528,3.87,true,false,2096
2025-11-27T21:26:31.688215-08:00,write,key_505,308.36,true,false,2401
2025-11-27T21:26:31.688146-08:00,write,key_65,308.43,true,false,2401
2025-11-27T21:26:31.690224-08:00,write,key_345,309.02,true,false,2401
2025-11-27T21:26:31.688229-08:00,write,key_15,311.03,true,false,2402
2025-11-27T21:26:31.996586-08:00,read,key_186,3.20,true,false,2315
2025-11-27T21:26:31.999259-08:00,read,key_601,1.71,true,false,2327
2025-11-27T21:26:31.999243-08:00,read,key_877,2.98,true,false,2181
2025-11-27T21:26:31.996586-08:00,read,key_251,6.90,true,false,1900
2025-11-27T21:26:32.002225-08:00,read,key_381,2.04,true,false,2352
2025-11-27T21:26:32.000971-08:00,read,key_676,3.30,true,false,2159
2025-11-27T21:26:32.004274-08:00,read,key_979,1.11,true,false,2353
2025-11-27T21:26:31.788759-08:00,write,key_257,313.17,true,false,2402
2025-11-27T21:26:31.892603-08:00,write,key_675,312.63,true,false,2401
2025-11-27T21:26:31.897843-08:00,write,key_567,307.40,true,false,2403
2025-11-27T21:26:31.895631-08:00,write,key_229,309.63,true,false,2401
2025-11-27T21:26:31.895438-08:00,write,key_385,309.80,true,false,2403
2025-11-27T21:26:31.897823-08:00,write,key_698,307.47,true,false,2402
2025-11-27T21:26:32.20526-08:00,read,key_697,2.33,true,false,2330
2025-11-27T21:26:32.205289-08:00,read,key_805,2.31,true,false,2380
2025-11-27T21:26:32.205237-08:00,read,key_186,2.38,true,false,2315
2025-11-27T21:26:32.207594-08:00,read,key_279,1.15,true,false,632
2025-11-27T21:26:32.207619-08:00,read,key_429,1.13,true,false,2326
2025-11-27T21:26:32.208748-08:00,read,key_947,1.26,true,false,2042
2025-11-27T21:26:32.208748-08:00,read,key_123,2.31,true,false,1973
2025-11-27T21:26:32.210012-08:00,read,key_788,2.63,true,false,1723
2025-11-27T21:26:32.005386-08:00,write,key_363,304.60,true,false,2403
2025-11-27T21:26:31.999789-08:00,write,key_978,310.22,true,false,2404
2025-11-27T21:26:32.00427-08:00,write,key_297,306.41,true,false,2404
2025-11-27T21:26:32.003487-08:00,write,key_624,307.67,true,false,2403
2025-11-27T21:26:32.309988-08:00,read,key_181,3.19,true,false,2059
2025-11-27T21:26:32.310683-08:00,read,key_622,2.54,true,false,2105
2025-11-27T21:26:32.313175-08:00,read,key_577,1.42,true,false,2324
2025-11-27T21:26:32.3146-08:00,read,key_388,2.24,true,false,2133
2025-11-27T21:26:32.316844-08:00,read,key_342,0.92,true,false,470
2025-11-27T21:26:32.317762-08:00,read,key_379,1.29,true,false,531
2025-11-27T21:26:32.10193-08:00,write,key_243,310.83,true,false,2404
2025-11-27T21:26:32.412766-08:00,read,key_565,0.94,true,false,2341
2025-11-27T21:26:32.413711-08:00,read,key_822,1.21,true,false,2053
2025-11-27T21:26:32.414919-08:00,read,key_290,0.78,true,false,2384
2025-11-27T21:26:32.207599-08:00,write,key_208,306.16,true,false,2404
2025-11-27T21:26:32.205293-08:00,write,key_162,308.49,true,false,2405
2025-11-27T21:26:32.205244-08:00,write,key_920,308.55,true,false,2405
2025-11-27T21:26:32.211061-08:00,write,key_753,305.76,true,false,2405
2025-11-27T21:26:32.212645-08:00,write,key_996,304.19,true,false,2405
2025-11-27T21:26:32.516833-08:00,read,key_774,2.14,true,false,2123
2025-11-27T21:26:32.313224-08:00,write,key_592,304.71,true,false,2406
2025-11-27T21:26:32.310008-08:00,write,key_303,307.93,true,false,2406
2025-11-27T21:26:32.311157-08:00,write,key_497,308.54,true,false,2406
2025-11-27T21:26:32.619697-08:00,read,key_951,1.47,true,false,1872
2025-11-27T21:26:32.621171-08:00,read,key_649,0.82,true,false,2242
2025-11-27T21:26:32.319056-08:00,write,key_311,303.07,true,false,2407
2025-11-27T21:26:32.62199-08:00,read,key_346,0.79,true,false,2357
2025-11-27T21:26:32.415699-08:00,write,key_569,307.88,true,false,2407
2025-11-27T21:26:32.723584-08:00,read,key_477,0.79,true,false,2053
2025-11-27T21:26:32.518974-08:00,write,key_814,306.34,true,false,2409
2025-11-27T21:26:32.513762-08:00,write,key_628,311.63,true,false,2406
2025-11-27T21:26:32.513795-08:00,write,key_575,315.20,true,false,2408
2025-11-27T21:26:32.513788-08:00,write,key_887,316.09,true,false,2408
2025-11-27T21:26:32.516824-08:00,write,key_8,313.11,true,false,2409
2025-11-27T21:26:32.828995-08:00,read,key_10,2.30,true,false,2034
2025-11-27T21:26:32.829882-08:00,read,key_820,2.86,true,false,2060
2025-11-27T21:26:32.832739-08:00,read,key_788,3.63,true,false,1723
2025-11-27T21:26:32.617943-08:00,write,key_535,308.45,true,false,2410
2025-11-27T21:26:32.622123-08:00,write,key_733,305.35,true,false,2411
2025-11-27T21:26:32.622777-08:00,write,key_977,307.04,true,false,2408
2025-11-27T21:26:32.617936-08:00,write,key_888,314.91,true,false,2407
2025-11-27T21:26:32.932844-08:00,read,key_766,1.31,true,false,2353
2025-11-27T21:26:32.934159-08:00,read,key_762,4.48,true,false,1916
2025-11-27T21:26:32.724373-08:00,write,key_877,308.05,true,false,2412
2025-11-27T21:26:33.032422-08:00,read,key_762,1.00,true,false,1916
2025-11-27T21:26:33.033423-08:00,read,key_248,3.08,true,false,2268
2025-11-27T21:26:32.825393-08:00,write,key_597,309.45,true,false,2410
2025-11-27T21:26:32.829938-08:00,write,key_694,308.08,true,false,2411
2025-11-27T21:26:33.134882-08:00,read,key_35,4.18,true,false,1712
2025-11-27T21:26:32.831294-08:00,write,key_424,307.81,true,false,2413
2025-11-27T21:26:32.82532-08:00,write,key_1,313.90,true,false,2413
2025-11-27T21:26:33.139224-08:00,read,key_818,2.69,true,false,1402
2025-11-27T21:26:33.139104-08:00,read,key_665,2.82,true,false,1636
2025-11-27T21:26:32.836365-08:00,write,key_413,305.59,true,false,2414
2025-11-27T21:26:33.141923-08:00,read,key_30,1.78,true,false,2097
2025-11-27T21:26:33.141917-08:00,read,key_561,4.10,true,false,2375
2025-11-27T21:26:33.141951-08:00,read,key_326,4.08,true,false,2174
2025-11-27T21:26:33.1437-08:00,read,key_940,2.37,true,false,2072
2025-11-27T21:26:33.146019-08:00,read,key_546,0.58,true,false,1921
2025-11-27T21:26:32.927473-08:00,write,key_19,309.88,true,false,2412
2025-11-27T21:26:32.929816-08:00,write,key_870,307.54,true,false,2413
2025-11-27T21:26:32.926555-08:00,write,key_497,310.80,true,false,2412
2025-11-27T21:26:33.237356-08:00,read,key_732,1.39,true,false,2373
2025-11-27T21:26:32.93864-08:00,write,key_870,305.92,true,false,2413
2025-11-27T21:26:33.036502-08:00,write,key_183,310.11,true,false,2414
2025-11-27T21:26:33.346613-08:00,read,key_248,1.21,true,false,2268
2025-11-27T21:26:33.34782-08:00,read,key_3,8.79,true,false,2201
2025-11-27T21:26:33.356611-08:00,read,key_789,0.77,true,false,2119
2025-11-27T21:26:33.138017-08:00,write,key_996,310.72,true,false,2414
2025-11-27T21:26:33.139058-08:00,write,key_640,309.73,true,false,2415
2025-11-27T21:26:33.448788-08:00,read,key_295,1.90,true,false,1016
2025-11-27T21:26:33.146068-08:00,write,key_955,305.21,true,false,2415
2025-11-27T21:26:33.451278-08:00,read,key_512,2.42,true,false,2145
2025-11-27T21:26:33.453697-08:00,read,key_893,1.03,true,false,945
2025-11-27T21:26:33.146604-08:00,write,key_762,309.20,true,false,2416
2025-11-27T21:26:33.146026-08:00,write,key_788,312.00,true,false,2416
2025-11-27T21:26:33.458028-08:00,read,key_12,0.62,true,false,2366
2025-11-27T21:26:33.237359-08:00,write,key_695,313.07,true,false,2417
2025-11-27T21:26:33.238744-08:00,write,key_871,311.75,true,false,2417
2025-11-27T21:26:33.237355-08:00,write,key_798,314.28,true,false,2415
2025-11-27T21:26:33.244558-08:00,write,key_506,309.29,true,false,2418
2025-11-27T21:26:33.550437-08:00,read,key_451,6.09,true,false,2156
2025-11-27T21:26:33.553846-08:00,read,key_947,3.05,true,false,2042
2025-11-27T21:26:33.556527-08:00,read,key_47,1.63,true,false,2221
2025-11-27T21:26:33.357379-08:00,write,key_600,305.38,true,false,2415
2025-11-27T21:26:33.662764-08:00,read,key_10,1.10,true,false,2034
2025-11-27T21:26:33.454728-08:00,write,key_475,309.24,true,false,2420
2025-11-27T21:26:33.455801-08:00,write,key_313,308.16,true,false,2419
2025-11-27T21:26:33.448741-08:00,write,key_444,315.25,true,false,2419
2025-11-27T21:26:33.450687-08:00,write,key_999,313.41,true,false,2418
2025-11-27T21:26:33.458653-08:00,write,key_691,306.64,true,false,2417
2025-11-27T21:26:33.764099-08:00,read,key_460,2.95,true,false,2298
2025-11-27T21:26:33.767048-08:00,read,key_599,0.93,true,false,2325
2025-11-27T21:26:33.551633-08:00,write,key_479,312.64,true,false,2421
2025-11-27T21:26:33.550491-08:00,write,key_247,313.79,true,false,2419
2025-11-27T21:26:33.558159-08:00,write,key_196,306.19,true,false,2421
2025-11-27T21:26:33.556897-08:00,write,key_989,307.56,true,false,2420
2025-11-27T21:26:33.86435-08:00,read,key_570,2.25,true,false,2388
2025-11-27T21:26:33.864272-08:00,read,key_189,2.61,false,false,0
2025-11-27T21:26:33.864281-08:00,read,key_341,2.88,true,false,2399
2025-11-27T21:26:33.867158-08:00,read,key_249,3.26,true,false,2396
2025-11-27T21:26:33.866887-08:00,read,key_731,3.53,true,false,2223
2025-11-27T21:26:33.864453-08:00,read,key_800,6.85,true,false,2275
2025-11-27T21:26:33.870419-08:00,read,key_570,2.12,true,false,2388
2025-11-27T21:26:33.871309-08:00,read,key_291,1.94,true,false,1989
2025-11-27T21:26:33.872539-08:00,read,key_367,0.94,true,false,1381
2025-11-27T21:26:33.873483-08:00,read,key_730,0.51,true,false,2396
2025-11-27T21:26:33.663867-08:00,write,key_536,307.75,true,false,2420
2025-11-27T21:26:33.97162-08:00,read,key_628,2.04,true,false,2406
2025-11-27T21:26:33.763975-08:00,write,key_807,309.08,true,false,2421
2025-11-27T21:26:33.763991-08:00,write,key_309,309.08,true,false,2422
2025-11-27T21:26:33.763966-08:00,write,key_296,309.14,true,false,2421
2025-11-27T21:26:33.767979-08:00,write,key_469,309.39,true,false,2423
2025-11-27T21:26:33.765291-08:00,write,key_763,312.10,true,false,2422
2025-11-27T21:26:34.073069-08:00,read,key_318,4.32,true,true,2314
2025-11-27T21:26:34.077389-08:00,read,key_385,2.13,true,false,2403
2025-11-27T21:26:34.079521-08:00,read,key_560,0.62,true,false,1838
2025-11-27T21:26:34.080139-08:00,read,key_902,0.59,true,false,2373
2025-11-27T21:26:34.080727-08:00,read,key_954,0.63,true,false,1472
2025-11-27T21:26:33.866606-08:00,write,key_383,310.76,true,false,2423
2025-11-27T21:26:33.870419-08:00,write,key_567,307.08,true,false,2424
2025-11-27T21:26:33.873252-08:00,write,key_448,305.23,true,false,2424
2025-11-27T21:26:33.87399-08:00,write,key_256,304.52,true,false,2425
2025-11-27T21:26:33.973667-08:00,write,key_678,305.54,true,false,2422
2025-11-27T21:26:34.279216-08:00,read,key_576,1.08,true,false,2392
2025-11-27T21:26:34.280297-08:00,read,key_710,1.33,true,false,1576
2025-11-27T21:26:34.077373-08:00,write,key_166,305.35,true,false,2427
2025-11-27T21:26:34.073059-08:00,write,key_24,309.74,true,false,2426
2025-11-27T21:26:34.073102-08:00,write,key_592,309.73,true,false,2424
2025-11-27T21:26:34.077392-08:00,write,key_429,308.78,true,false,2425
2025-11-27T21:26:34.081356-08:00,write,key_383,305.71,true,false,2426
2025-11-27T21:26:34.382834-08:00,read,key_122,6.02,true,false,2055
2025-11-27T21:26:34.177495-08:00,write,key_315,309.07,true,false,2426
2025-11-27T21:26:34.178515-08:00,write,key_129,308.05,true,false,2428
2025-11-27T21:26:34.178483-08:00,write,key_908,308.86,true,false,2428
2025-11-27T21:26:34.177367-08:00,write,key_645,310.11,true,false,2427
2025-11-27T21:26:34.487479-08:00,read,key_554,3.48,true,false,2340
2025-11-27T21:26:34.490965-08:00,read,key_121,0.99,true,false,2366
2025-11-27T21:26:34.491961-08:00,read,key_603,1.73,true,false,2379
2025-11-27T21:26:34.281631-08:00,write,key_425,306.89,true,false,2428
2025-11-27T21:26:34.382728-08:00,write,key_562,313.69,true,false,2429
2025-11-27T21:26:34.388861-08:00,write,key_442,307.63,true,false,2430
2025-11-27T21:26:34.382801-08:00,write,key_728,313.72,true,false,2428
2025-11-27T21:26:34.386173-08:00,write,key_715,310.93,true,false,2429
2025-11-27T21:26:34.387066-08:00,write,key_460,310.11,true,false,2429
2025-11-27T21:26:34.697173-08:00,read,key_461,2.97,true,false,2318
2025-11-27T21:26:34.696518-08:00,read,key_427,3.93,true,false,2266
2025-11-27T21:26:34.696491-08:00,read,key_760,3.96,true,false,2366
2025-11-27T21:26:34.700454-08:00,read,key_761,1.75,true,false,2149
2025-11-27T21:26:34.700145-08:00,read,key_705,2.08,true,false,1421
2025-11-27T21:26:34.486565-08:00,write,key_690,310.94,true,false,2429
2025-11-27T21:26:34.486566-08:00,write,key_973,310.95,true,false,2430
2025-11-27T21:26:34.493691-08:00,write,key_254,303.84,true,false,2431
2025-11-27T21:26:34.487348-08:00,write,key_85,310.26,true,false,2431
2025-11-27T21:26:34.79751-08:00,read,key_650,2.00,true,false,2285
2025-11-27T21:26:34.797516-08:00,read,key_777,2.00,true,false,2337
2025-11-27T21:26:34.79753-08:00,read,key_822,2.00,true,false,2053
2025-11-27T21:26:34.797608-08:00,read,key_844,1.94,true,false,1829
2025-11-27T21:26:34.799521-08:00,read,key_822,2.65,true,false,2053
2025-11-27T21:26:34.588524-08:00,write,key_733,308.85,true,false,2430
2025-11-27T21:26:34.700595-08:00,write,key_647,308.18,true,false,2432
2025-11-27T21:26:34.696438-08:00,write,key_72,312.38,true,false,2431
2025-11-27T21:26:34.697103-08:00,write,key_3,311.67,true,false,2431
2025-11-27T21:26:34.702207-08:00,write,key_738,308.87,true,false,2432
2025-11-27T21:26:34.702224-08:00,write,key_723,310.51,true,false,2433
2025-11-27T21:26:35.008818-08:00,read,key_226,6.64,true,false,1914
2025-11-27T21:26:35.011083-08:00,read,key_34,5.17,true,false,2159
2025-11-27T21:26:35.015461-08:00,read,key_125,0.80,true,false,2128
2025-11-27T21:26:35.016259-08:00,read,key_755,0.42,true,false,1801
2025-11-27T21:26:35.016678-08:00,read,key_705,0.40,true,false,1421
2025-11-27T21:26:34.799544-08:00,write,key_640,308.76,true,false,2434
2025-11-27T21:26:34.799509-08:00,write,key_22,308.82,true,false,2432
2025-11-27T21:26:34.799528-08:00,write,key_368,311.65,true,false,2432
2025-11-27T21:26:35.108327-08:00,read,key_939,5.11,true,false,730
2025-11-27T21:26:34.802178-08:00,write,key_324,311.51,true,false,2433
2025-11-27T21:26:35.111182-08:00,read,key_7,2.95,true,false,2067
2025-11-27T21:26:35.108309-08:00,read,key_76,7.82,true,false,2277
2025-11-27T21:26:35.11369-08:00,read,key_456,2.44,true,false,1452
2025-11-27T21:26:35.113442-08:00,read,key_35,2.77,true,false,1712
2025-11-27T21:26:35.114137-08:00,read,key_83,2.09,true,false,2276
2025-11-27T21:26:35.116127-08:00,read,key_651,1.76,true,false,2297
2025-11-27T21:26:35.116214-08:00,read,key_162,1.90,true,false,2405
2025-11-27T21:26:35.117889-08:00,read,key_877,1.68,true,false,2412
2025-11-27T21:26:34.897378-08:00,write,key_498,314.45,true,false,2434
2025-11-27T21:26:35.21183-08:00,read,key_222,1.40,true,false,1929
2025-11-27T21:26:35.213232-08:00,read,key_23,0.87,true,false,2257
2025-11-27T21:26:35.214104-08:00,read,key_656,5.44,true,false,2275
2025-11-27T21:26:35.219564-08:00,read,key_952,3.13,true,false,1453
2025-11-27T21:26:35.008778-08:00,write,key_241,313.37,true,false,2435
2025-11-27T21:26:35.016262-08:00,write,key_691,308.68,true,false,2435
2025-11-27T21:26:35.00896-08:00,write,key_826,315.98,true,false,2434
2025-11-27T21:26:35.012735-08:00,write,key_161,314.68,true,false,2436
2025-11-27T21:26:35.017081-08:00,write,key_643,310.56,true,false,2437
2025-11-27T21:26:35.327417-08:00,read,key_46,3.73,true,false,2250
2025-11-27T21:26:35.33115-08:00,read,key_6,0.71,true,false,2253
2025-11-27T21:26:35.331865-08:00,read,key_934,0.60,false,false,0
2025-11-27T21:26:35.33247-08:00,read,key_348,0.45,true,false,2298
2025-11-27T21:26:35.116224-08:00,write,key_247,311.95,true,false,2435
2025-11-27T21:26:35.116131-08:00,write,key_500,312.05,true,false,2437
2025-11-27T21:26:35.118111-08:00,write,key_324,311.73,true,false,2435
2025-11-27T21:26:35.119567-08:00,write,key_366,310.31,true,false,2436
2025-11-27T21:26:35.222691-08:00,write,key_160,307.26,true,false,2437
2025-11-27T21:26:35.324943-08:00,write,key_365,313.56,true,false,2438
2025-11-27T21:26:35.322148-08:00,write,key_695,316.35,true,false,2438
2025-11-27T21:26:35.327636-08:00,write,key_703,310.88,true,false,2438
2025-11-27T21:26:35.324943-08:00,write,key_643,313.86,true,false,2438
2025-11-27T21:26:35.332923-08:00,write,key_316,307.40,true,false,2439
2025-11-27T21:26:35.638807-08:00,read,key_122,2.96,true,false,2055
2025-11-27T21:26:35.640322-08:00,read,key_325,1.61,true,false,2299
2025-11-27T21:26:35.638521-08:00,read,key_2,6.87,true,false,2131
2025-11-27T21:26:35.428183-08:00,write,key_345,309.96,true,false,2439
2025-11-27T21:26:35.428171-08:00,write,key_565,309.97,true,false,2438
2025-11-27T21:26:35.429875-08:00,write,key_51,308.27,true,false,2439
2025-11-27T21:26:35.429847-08:00,write,key_50,308.34,true,false,2440
2025-11-27T21:26:35.738149-08:00,read,key_380,1.30,true,false,2002
2025-11-27T21:26:35.738146-08:00,read,key_732,1.54,true,false,2373
2025-11-27T21:26:35.739454-08:00,read,key_428,1.23,true,false,2249
2025-11-27T21:26:35.740685-08:00,read,key_223,1.39,true,false,2299
2025-11-27T21:26:35.529955-08:00,write,key_257,310.20,true,false,2439
2025-11-27T21:26:35.641935-08:00,write,key_561,305.25,true,false,2440
2025-11-27T21:26:35.638502-08:00,write,key_974,308.77,true,false,2441
2025-11-27T21:26:35.638517-08:00,write,key_367,309.66,true,false,2443
2025-11-27T21:26:35.645389-08:00,write,key_728,303.60,true,false,2441
2025-11-27T21:26:35.641768-08:00,write,key_598,311.55,true,false,2442
2025-11-27T21:26:35.953325-08:00,read,key_273,0.96,true,false,1821
2025-11-27T21:26:35.948996-08:00,read,key_319,5.31,true,false,2137
2025-11-27T21:26:35.954302-08:00,read,key_589,0.60,true,false,1715
2025-11-27T21:26:35.954908-08:00,read,key_652,0.51,true,false,2279
2025-11-27T21:26:35.738189-08:00,write,key_642,310.41,true,false,2441
2025-11-27T21:26:35.742075-08:00,write,key_840,306.53,true,false,2442
2025-11-27T21:26:35.738145-08:00,write,key_182,310.46,true,false,2441
2025-11-27T21:26:35.739683-08:00,write,key_46,309.05,true,false,2444
2025-11-27T21:26:36.0486-08:00,read,key_365,1.83,true,false,2438
2025-11-27T21:26:36.048604-08:00,read,key_296,1.85,true,false,2421
2025-11-27T21:26:36.050452-08:00,read,key_883,1.66,true,false,1715
2025-11-27T21:26:36.052113-08:00,read,key_428,1.53,true,false,2249
2025-11-27T21:26:36.053645-08:00,read,key_142,0.92,true,false,1123
2025-11-27T21:26:36.054565-08:00,read,key_875,1.03,true,false,2349
2025-11-27T21:26:35.84016-08:00,write,key_600,311.52,true,false,2442
2025-11-27T21:26:35.948178-08:00,write,key_374,304.23,true,false,2444
2025-11-27T21:26:35.947184-08:00,write,key_521,306.80,true,false,2445
2025-11-27T21:26:35.947267-08:00,write,key_505,308.63,true,false,2445
2025-11-27T21:26:35.95542-08:00,write,key_148,303.15,true,false,2445
2025-11-27T21:26:35.954288-08:00,write,key_129,304.31,true,false,2444
2025-11-27T21:26:36.048734-08:00,write,key_464,310.00,true,false,2445
2025-11-27T21:26:36.050431-08:00,write,key_361,308.31,true,false,2446
2025-11-27T21:26:36.048607-08:00,write,key_630,316.39,true,false,2445
2025-11-27T21:26:36.055598-08:00,write,key_729,310.81,true,false,2446
2025-11-27T21:26:36.35874-08:00,read,key_445,8.27,true,false,2332
2025-11-27T21:26:36.366409-08:00,read,key_662,3.87,true,false,1639
2025-11-27T21:26:36.35874-08:00,read,key_787,11.56,true,false,2400
2025-11-27T21:26:36.151681-08:00,write,key_973,321.82,true,false,2447
2025-11-27T21:26:36.25399-08:00,write,key_354,304.24,true,false,2447
2025-11-27T21:26:36.252412-08:00,write,key_824,306.73,true,false,2448
2025-11-27T21:26:36.559145-08:00,read,key_507,1.63,true,false,2396
2025-11-27T21:26:36.258598-08:00,write,key_761,309.29,true,false,2448
2025-11-27T21:26:36.255904-08:00,write,key_803,314.05,true,false,2449
2025-11-27T21:26:36.258577-08:00,write,key_257,311.40,true,false,2450
2025-11-27T21:26:36.370305-08:00,write,key_414,306.44,true,false,2448
2025-11-27T21:26:36.365003-08:00,write,key_703,312.82,true,false,2447
2025-11-27T21:26:36.370279-08:00,write,key_386,309.78,true,false,2449
2025-11-27T21:26:36.367008-08:00,write,key_824,315.17,true,false,2448
2025-11-27T21:26:36.682179-08:00,read,key_577,3.52,true,false,2324
2025-11-27T21:26:36.473528-08:00,write,key_637,310.78,true,false,2449
2025-11-27T21:26:36.560776-08:00,write,key_999,310.60,true,false,2451
2025-11-27T21:26:36.558236-08:00,write,key_628,313.14,true,false,2451
2025-11-27T21:26:36.871378-08:00,read,key_129,2.15,true,false,2444
2025-11-27T21:26:36.569958-08:00,write,key_881,303.61,true,false,2452
2025-11-27T21:26:36.567897-08:00,write,key_959,305.68,true,false,2451
2025-11-27T21:26:36.569982-08:00,write,key_641,304.26,true,false,2452
2025-11-27T21:26:36.873532-08:00,read,key_349,2.14,true,false,1657
2025-11-27T21:26:36.873564-08:00,read,key_71,2.12,true,false,2262
2025-11-27T21:26:36.875677-08:00,read,key_732,3.48,true,false,2373
2025-11-27T21:26:36.875685-08:00,read,key_678,4.22,true,false,2422
2025-11-27T21:26:36.879909-08:00,read,key_290,1.30,true,false,2384
2025-11-27T21:26:36.881213-08:00,read,key_412,0.75,true,false,2378
2025-11-27T21:26:36.88196-08:00,read,key_504,0.57,true,false,2212
2025-11-27T21:26:36.882534-08:00,read,key_765,0.97,true,false,2370
2025-11-27T21:26:36.680063-08:00,write,key_310,307.23,true,false,2451
2025-11-27T21:26:36.677821-08:00,write,key_416,309.48,true,false,2453
2025-11-27T21:26:36.676751-08:00,write,key_209,312.47,true,false,2453
2025-11-27T21:26:36.685699-08:00,write,key_511,305.69,true,false,2454
2025-11-27T21:26:36.784312-08:00,write,key_651,311.12,true,false,2451
2025-11-27T21:26:36.871378-08:00,write,key_428,312.22,true,false,2455
2025-11-27T21:26:36.879155-08:00,write,key_975,304.46,true,false,2455
2025-11-27T21:26:36.874244-08:00,write,key_644,309.36,true,false,2453
2025-11-27T21:26:36.873581-08:00,write,key_518,310.15,true,false,2453
2025-11-27T21:26:37.183614-08:00,read,key_986,4.28,true,false,2304
2025-11-27T21:26:37.183726-08:00,read,key_312,4.27,true,false,2301
2025-11-27T21:26:36.883507-08:00,write,key_414,306.67,true,false,2456
2025-11-27T21:26:36.987297-08:00,write,key_881,310.29,true,false,2455
2025-11-27T21:26:36.987294-08:00,write,key_121,310.30,true,false,2458
2025-11-27T21:26:36.989224-08:00,write,key_736,308.37,true,false,2457
2025-11-27T21:26:36.991394-08:00,write,key_463,308.41,true,false,2459
2025-11-27T21:26:37.299807-08:00,read,key_15,4.60,true,false,2402
2025-11-27T21:26:37.304412-08:00,read,key_343,0.93,true,false,2105
2025-11-27T21:26:37.095433-08:00,write,key_776,307.86,true,false,2460
2025-11-27T21:26:37.403305-08:00,read,key_57,0.99,true,false,2352
2025-11-27T21:26:37.190178-08:00,write,key_127,306.81,true,false,2461
2025-11-27T21:26:37.183604-08:00,write,key_308,313.40,true,false,2460
2025-11-27T21:26:37.183611-08:00,write,key_427,313.41,true,false,2456
2025-11-27T21:26:37.497018-08:00,read,key_121,3.11,true,false,2458
2025-11-27T21:26:37.187895-08:00,write,key_729,312.26,true,false,2461
2025-11-27T21:26:37.187996-08:00,write,key_187,312.19,true,false,2462
2025-11-27T21:26:37.500186-08:00,read,key_187,3.77,true,false,2462
2025-11-27T21:26:37.297592-08:00,write,key_645,309.20,true,false,2459
2025-11-27T21:26:37.297599-08:00,write,key_416,309.40,true,false,2460
2025-11-27T21:26:37.297596-08:00,write,key_871,309.44,true,false,2459
2025-11-27T21:26:37.607041-08:00,read,key_469,1.58,true,false,2423
2025-11-27T21:26:37.608628-08:00,read,key_515,2.55,true,false,1998
2025-11-27T21:26:37.305344-08:00,write,key_542,305.83,true,false,2461
2025-11-27T21:26:37.611178-08:00,read,key_122,0.97,true,false,2055
2025-11-27T21:26:37.4043-08:00,write,key_159,307.00,true,false,2461
2025-11-27T21:26:37.496989-08:00,write,key_19,316.93,true,false,2463
2025-11-27T21:26:37.497005-08:00,write,key_85,316.92,true,false,2463
2025-11-27T21:26:37.503961-08:00,write,key_296,309.97,true,false,2463
2025-11-27T21:26:37.500133-08:00,write,key_556,314.04,true,false,2464
2025-11-27T21:26:37.500158-08:00,write,key_11,314.04,true,false,2465
2025-11-27T21:26:37.814176-08:00,read,key_424,2.57,true,false,2413
2025-11-27T21:26:37.813929-08:00,read,key_47,2.81,true,false,2221
2025-11-27T21:26:37.813948-08:00,read,key_29,3.04,true,false,2258
2025-11-27T21:26:37.816743-08:00,read,key_979,2.81,true,false,2353
2025-11-27T21:26:37.612151-08:00,write,key_58,309.66,true,false,2466
2025-11-27T21:26:37.606794-08:00,write,key_877,315.03,true,false,2463
2025-11-27T21:26:37.611179-08:00,write,key_554,310.72,true,false,2465
2025-11-27T21:26:37.607001-08:00,write,key_802,315.06,true,false,2464
2025-11-27T21:26:37.711301-08:00,write,key_529,311.18,true,false,2467
2025-11-27T21:26:37.814199-08:00,write,key_553,314.11,true,false,2467
2025-11-27T21:26:37.81393-08:00,write,key_157,314.38,true,false,2468
2025-11-27T21:26:37.816743-08:00,write,key_595,311.59,true,false,2466
2025-11-27T21:26:37.816991-08:00,write,key_345,311.42,true,false,2468
2025-11-27T21:26:37.819552-08:00,write,key_325,308.98,true,false,2469
2025-11-27T21:26:38.128337-08:00,read,key_605,2.55,true,false,2147
2025-11-27T21:26:38.128312-08:00,read,key_482,2.58,true,false,1750
2025-11-27T21:26:38.130894-08:00,read,key_180,1.20,true,false,1413
2025-11-27T21:26:37.921904-08:00,write,key_120,308.75,true,false,2468
2025-11-27T21:26:37.921816-08:00,write,key_298,308.84,true,false,2469
2025-11-27T21:26:37.921824-08:00,write,key_342,308.87,true,false,2467
2025-11-27T21:26:37.922063-08:00,write,key_541,308.78,true,false,2470
2025-11-27T21:26:38.230841-08:00,read,key_505,2.50,true,false,2445
2025-11-27T21:26:38.022481-08:00,write,key_33,307.93,true,false,2470
2025-11-27T21:26:38.330425-08:00,read,key_16,1.50,false,false,0
2025-11-27T21:26:38.132091-08:00,write,key_326,306.58,true,false,2471
2025-11-27T21:26:38.130891-08:00,write,key_726,307.81,true,false,2470
2025-11-27T21:26:38.12841-08:00,write,key_77,310.31,true,false,2472
2025-11-27T21:26:38.128533-08:00,write,key_600,310.38,true,false,2471
2025-11-27T21:26:38.128337-08:00,write,key_816,310.59,true,false,2471
2025-11-27T21:26:38.438912-08:00,read,key_597,1.82,true,false,2410
2025-11-27T21:26:38.438716-08:00,read,key_84,2.09,true,false,2233
2025-11-27T21:26:38.440808-08:00,read,key_656,1.08,true,false,2275
2025-11-27T21:26:38.230659-08:00,write,key_938,309.97,true,false,2471
2025-11-27T21:26:38.230698-08:00,write,key_15,309.93,true,false,2473
2025-11-27T21:26:38.233339-08:00,write,key_316,307.38,true,false,2472
2025-11-27T21:26:38.230659-08:00,write,key_486,309.97,true,false,2471
2025-11-27T21:26:38.540648-08:00,read,key_426,3.71,true,false,2325
2025-11-27T21:26:38.540718-08:00,read,key_598,3.84,true,false,2442
2025-11-27T21:26:38.540634-08:00,read,key_415,4.05,true,false,1488
2025-11-27T21:26:38.544559-08:00,read,key_955,1.78,true,false,2415
2025-11-27T21:26:38.544687-08:00,read,key_74,1.68,true,false,2172
2025-11-27T21:26:38.546364-08:00,read,key_670,1.24,true,false,2049
2025-11-27T21:26:38.540736-08:00,read,key_168,6.89,true,false,2276
2025-11-27T21:26:38.547607-08:00,read,key_782,1.10,true,false,1594
2025-11-27T21:26:38.547623-08:00,read,key_654,2.87,true,false,2180
2025-11-27T21:26:38.331928-08:00,write,key_150,309.33,true,false,2474
2025-11-27T21:26:38.641256-08:00,read,key_561,0.82,true,false,2440
2025-11-27T21:26:38.438677-08:00,write,key_181,303.77,true,false,2476
2025-11-27T21:26:38.438923-08:00,write,key_344,303.55,true,false,2473
2025-11-27T21:26:38.440729-08:00,write,key_804,303.53,true,false,2475
2025-11-27T21:26:38.438706-08:00,write,key_970,305.57,true,false,2475
2025-11-27T21:26:38.441885-08:00,write,key_70,303.19,true,false,2477
2025-11-27T21:26:38.745078-08:00,read,key_315,0.53,true,false,2426
2025-11-27T21:26:38.544356-08:00,write,key_729,305.93,true,false,2474
2025-11-27T21:26:38.546343-08:00,write,key_710,303.97,true,false,2474
2025-11-27T21:26:38.850311-08:00,read,key_695,3.20,true,false,2438
2025-11-27T21:26:38.548705-08:00,write,key_874,304.81,true,false,2475
2025-11-27T21:26:38.853518-08:00,read,key_310,1.09,true,false,2451
2025-11-27T21:26:38.550493-08:00,write,key_205,304.85,true,false,2478
2025-11-27T21:26:38.855348-08:00,read,key_273,0.84,true,false,1821
2025-11-27T21:26:38.856187-08:00,read,key_642,1.11,true,false,2441
2025-11-27T21:26:38.857302-08:00,read,key_699,0.77,true,false,2391
2025-11-27T21:26:38.858075-08:00,read,key_827,3.78,true,false,2292
2025-11-27T21:26:38.86186-08:00,read,key_888,0.60,true,false,2407
2025-11-27T21:26:38.862459-08:00,read,key_420,0.53,true,false,2228
2025-11-27T21:26:38.642073-08:00,write,key_691,309.99,true,false,2478
2025-11-27T21:26:38.952062-08:00,read,key_165,1.60,true,false,2223
2025-11-27T21:26:38.742476-08:00,write,key_491,308.01,true,false,2479
2025-11-27T21:26:38.744259-08:00,write,key_186,306.24,true,false,2478
2025-11-27T21:26:38.74428-08:00,write,key_251,306.45,true,false,2479
2025-11-27T21:26:38.742456-08:00,write,key_657,308.32,true,false,2479
2025-11-27T21:26:38.745613-08:00,write,key_721,306.70,true,false,2478
2025-11-27T21:26:39.050488-08:00,read,key_841,4.23,true,false,2294
2025-11-27T21:26:39.050731-08:00,read,key_3,4.02,true,false,2431
2025-11-27T21:26:39.05472-08:00,read,key_873,1.58,true,false,2349
2025-11-27T21:26:39.050777-08:00,read,key_385,5.53,true,false,2403
2025-11-27T21:26:39.056302-08:00,read,key_730,1.45,true,false,2396
2025-11-27T21:26:39.056306-08:00,read,key_2,2.34,true,false,2131
2025-11-27T21:26:38.850293-08:00,write,key_300,312.78,true,false,2480
2025-11-27T21:26:38.854608-08:00,write,key_489,309.20,true,false,2479
2025-11-27T21:26:38.853518-08:00,write,key_251,311.31,true,false,2481
2025-11-27T21:26:38.862992-08:00,write,key_705,303.54,true,false,2480
2025-11-27T21:26:39.163071-08:00,read,key_978,4.35,true,false,2404
2025-11-27T21:26:39.163809-08:00,read,key_809,6.09,true,false,2150
2025-11-27T21:26:38.953659-08:00,write,key_377,310.52,true,false,2481
2025-11-27T21:26:39.264186-08:00,read,key_691,1.29,true,false,2478
2025-11-27T21:26:39.057756-08:00,write,key_120,305.07,true,false,2481
2025-11-27T21:26:39.052313-08:00,write,key_765,310.51,true,false,2480
2025-11-27T21:26:39.050505-08:00,write,key_120,312.33,false,false,0
2025-11-27T21:26:39.054752-08:00,write,key_652,308.09,true,false,2482
2025-11-27T21:26:39.362837-08:00,read,key_644,1.72,true,false,2453
2025-11-27T21:26:39.362847-08:00,read,key_344,1.71,true,false,2473
2025-11-27T21:26:39.362829-08:00,read,key_427,1.74,true,false,2456
2025-11-27T21:26:39.362855-08:00,read,key_385,1.91,true,false,2403
2025-11-27T21:26:39.058645-08:00,write,key_506,306.47,true,false,2482
2025-11-27T21:26:39.36512-08:00,read,key_460,1.24,true,false,2429
2025-11-27T21:26:39.364564-08:00,read,key_693,1.81,true,false,2142
2025-11-27T21:26:39.36457-08:00,read,key_34,1.86,true,false,2159
2025-11-27T21:26:39.366376-08:00,read,key_126,2.74,true,false,2338
2025-11-27T21:26:39.164833-08:00,write,key_414,306.89,true,false,2483
2025-11-27T21:26:39.167421-08:00,write,key_46,304.53,true,false,2482
2025-11-27T21:26:39.471721-08:00,read,key_387,1.23,true,false,2224
2025-11-27T21:26:39.166533-08:00,write,key_709,306.45,true,false,2484
2025-11-27T21:26:39.471953-08:00,read,key_186,1.10,true,false,2478
2025-11-27T21:26:39.473056-08:00,read,key_836,1.99,true,false,904
2025-11-27T21:26:39.169905-08:00,write,key_4,305.15,true,false,2483
2025-11-27T21:26:39.472987-08:00,read,key_698,2.07,true,false,2402
2025-11-27T21:26:39.475059-08:00,read,key_271,4.18,true,false,2118
2025-11-27T21:26:39.479245-08:00,read,key_163,0.96,true,false,1575
2025-11-27T21:26:39.480206-08:00,read,key_299,0.74,true,false,2319
2025-11-27T21:26:39.480945-08:00,read,key_677,1.08,true,false,1978
2025-11-27T21:26:39.482023-08:00,read,key_522,0.86,true,false,2386
2025-11-27T21:26:39.482889-08:00,read,key_599,0.57,true,false,2325
2025-11-27T21:26:39.483464-08:00,read,key_933,0.54,true,false,1511
2025-11-27T21:26:39.484002-08:00,read,key_23,1.13,true,false,2257
2025-11-27T21:26:39.265479-08:00,write,key_24,308.33,true,false,2484
2025-11-27T21:26:39.573812-08:00,read,key_16,0.77,false,false,0
2025-11-27T21:26:39.364564-08:00,write,key_560,307.77,true,false,2485
2025-11-27T21:26:39.36477-08:00,write,key_152,307.62,true,false,2486
2025-11-27T21:26:39.366365-08:00,write,key_724,306.10,true,false,2483
2025-11-27T21:26:39.366432-08:00,write,key_412,306.27,true,false,2483
2025-11-27T21:26:39.672466-08:00,read,key_691,2.74,true,false,2478
2025-11-27T21:26:39.369122-08:00,write,key_862,306.80,true,false,2484
2025-11-27T21:26:39.675211-08:00,read,key_553,1.16,true,false,2467
2025-11-27T21:26:39.676374-08:00,read,key_570,1.56,true,false,2388
2025-11-27T21:26:39.67592-08:00,read,key_501,2.02,true,false,2373
2025-11-27T21:26:39.677942-08:00,read,key_229,0.89,true,false,2401
2025-11-27T21:26:39.472958-08:00,write,key_546,310.29,true,false,2485
2025-11-27T21:26:39.475056-08:00,write,key_240,308.19,true,false,2487
2025-11-27T21:26:39.485131-08:00,write,key_323,302.33,true,false,2485
2025-11-27T21:26:39.475047-08:00,write,key_222,312.42,true,false,2486
2025-11-27T21:26:39.787457-08:00,read,key_964,1.32,true,false,1757
2025-11-27T21:26:39.783248-08:00,read,key_774,5.53,true,false,2123
2025-11-27T21:26:39.787469-08:00,read,key_922,1.37,true,false,1902
2025-11-27T21:26:39.788842-08:00,read,key_291,0.86,true,true,1987
2025-11-27T21:26:39.788775-08:00,read,key_129,0.94,true,false,2444
2025-11-27T21:26:39.789707-08:00,read,key_27,0.93,true,false,2317
2025-11-27T21:26:39.790636-08:00,read,key_317,0.70,true,false,2395
2025-11-27T21:26:39.791336-08:00,read,key_737,0.80,true,false,2296
2025-11-27T21:26:39.792142-08:00,read,key_964,1.76,true,false,1757
2025-11-27T21:26:39.793901-08:00,read,key_261,0.87,true,false,2349
2025-11-27T21:26:39.794776-08:00,read,key_576,0.82,true,false,2392
2025-11-27T21:26:39.574588-08:00,write,key_317,309.42,true,false,2487
2025-11-27T21:26:39.672395-08:00,write,key_365,321.74,true,false,2487
2025-11-27T21:26:39.672706-08:00,write,key_571,321.46,true,false,2487
2025-11-27T21:26:39.672339-08:00,write,key_272,321.83,true,false,2488
2025-11-27T21:26:39.677933-08:00,write,key_252,316.27,true,false,2488
2025-11-27T21:26:39.678833-08:00,write,key_943,315.40,true,false,2488
2025-11-27T21:26:39.994139-08:00,read,key_481,0.86,true,false,1521
2025-11-27T21:26:39.99423-08:00,read,key_529,0.81,true,false,2467
2025-11-27T21:26:39.994167-08:00,read,key_648,1.08,true,false,2089
2025-11-27T21:26:39.995004-08:00,read,key_807,0.99,true,false,2421
2025-11-27T21:26:39.995999-08:00,read,key_656,0.45,true,false,2275
2025-11-27T21:26:39.995243-08:00,read,key_87,1.58,true,false,960
2025-11-27T21:26:39.996453-08:00,read,key_245,0.49,true,false,2016
2025-11-27T21:26:39.783248-08:00,write,key_386,312.11,true,false,2489
2025-11-27T21:26:39.788783-08:00,write,key_957,307.45,true,false,2489
2025-11-27T21:26:39.789711-08:00,write,key_87,306.59,true,false,2488
2025-11-27T21:26:40.095357-08:00,read,key_651,1.69,true,false,2451
2025-11-27T21:26:40.096229-08:00,read,key_279,2.75,true,false,632
2025-11-27T21:26:40.096297-08:00,read,key_726,2.69,true,false,2470
2025-11-27T21:26:39.795594-08:00,write,key_800,303.44,true,false,2490
2025-11-27T21:26:40.09898-08:00,read,key_25,1.38,true,false,2386
2025-11-27T21:26:40.097045-08:00,read,key_488,4.76,true,false,2044
2025-11-27T21:26:40.100357-08:00,read,key_42,1.46,true,false,2345
2025-11-27T21:26:40.101821-08:00,read,key_667,0.79,true,false,2311
2025-11-27T21:26:39.884043-08:00,write,key_36,310.88,true,false,2489
2025-11-27T21:26:40.194925-08:00,read,key_297,1.29,true,false,2404
2025-11-27T21:26:40.19622-08:00,read,key_73,0.90,true,false,2049
2025-11-27T21:26:39.995043-08:00,write,key_643,304.77,true,false,2491
2025-11-27T21:26:39.994164-08:00,write,key_626,305.65,true,false,2490
2025-11-27T21:26:39.9942-08:00,write,key_123,305.63,true,false,2490
2025-11-27T21:26:40.299817-08:00,read,key_894,1.83,true,false,1637
2025-11-27T21:26:39.99682-08:00,write,key_821,306.95,true,false,2492
2025-11-27T21:26:39.996939-08:00,write,key_879,307.01,true,false,2493
2025-11-27T21:26:40.303949-08:00,read,key_340,1.75,true,false,2301
2025-11-27T21:26:40.305704-08:00,read,key_503,0.89,true,false,2370
2025-11-27T21:26:40.099031-08:00,write,key_595,307.17,true,false,2494
2025-11-27T21:26:40.098992-08:00,write,key_441,307.21,true,false,2491
2025-11-27T21:26:40.101808-08:00,write,key_699,304.41,true,false,2491
2025-11-27T21:26:40.102612-08:00,write,key_341,303.69,true,false,2494
2025-11-27T21:26:40.406201-08:00,read,key_711,2.10,true,false,2393
2025-11-27T21:26:40.406205-08:00,read,key_56,2.11,true,false,2246
2025-11-27T21:26:40.4063-08:00,read,key_695,3.73,true,false,2438
2025-11-27T21:26:40.408307-08:00,read,key_321,2.27,true,false,2149
2025-11-27T21:26:40.197123-08:00,write,key_119,309.78,true,false,2492
2025-11-27T21:26:40.299896-08:00,write,key_569,304.73,true,false,2494
2025-11-27T21:26:40.299834-08:00,write,key_492,304.79,true,false,2493
2025-11-27T21:26:40.60463-08:00,read,key_536,2.24,true,false,2420
2025-11-27T21:26:40.301654-08:00,write,key_462,305.29,true,false,2494
2025-11-27T21:26:40.60463-08:00,read,key_562,2.51,true,false,2429
2025-11-27T21:26:40.607139-08:00,read,key_297,2.21,true,false,2404
2025-11-27T21:26:40.606948-08:00,read,key_27,3.68,true,false,2317
2025-11-27T21:26:40.609352-08:00,read,key_498,4.12,true,false,2434
2025-11-27T21:26:40.303768-08:00,write,key_189,310.03,true,false,2495
2025-11-27T21:26:40.306594-08:00,write,key_250,307.42,true,false,2495
2025-11-27T21:26:40.613471-08:00,read,key_697,0.75,true,false,2330
2025-11-27T21:26:40.613798-08:00,read,key_947,0.63,true,false,2042
2025-11-27T21:26:40.614017-08:00,read,key_708,0.54,true,false,1876
2025-11-27T21:26:40.614555-08:00,read,key_716,1.76,true,false,2197
2025-11-27T21:26:40.408316-08:00,write,key_889,308.10,true,false,2495
2025-11-27T21:26:40.406218-08:00,write,key_930,310.19,true,false,2496
2025-11-27T21:26:40.410036-08:00,write,key_54,306.38,true,false,2496
2025-11-27T21:26:40.410583-08:00,write,key_240,306.00,true,false,2497
2025-11-27T21:26:40.716413-08:00,read,key_699,2.85,true,false,2491
2025-11-27T21:26:40.719266-08:00,read,key_456,3.30,true,false,1452
2025-11-27T21:26:40.506906-08:00,write,key_493,306.74,true,false,2497
2025-11-27T21:26:40.606876-08:00,write,key_675,309.38,true,false,2498
2025-11-27T21:26:40.610631-08:00,write,key_327,311.09,true,false,2498
2025-11-27T21:26:40.616316-08:00,write,key_591,305.60,true,false,2498
2025-11-27T21:26:40.614224-08:00,write,key_975,307.71,true,false,2496
2025-11-27T21:26:40.614424-08:00,write,key_298,307.77,true,false,2499
2025-11-27T21:26:40.916271-08:00,read,key_782,6.98,true,false,1594
2025-11-27T21:26:40.921726-08:00,read,key_764,7.89,true,false,2272
2025-11-27T21:26:40.922196-08:00,read,key_841,7.49,true,false,2294
2025-11-27T21:26:40.92192-08:00,read,key_691,7.80,true,false,2478
2025-11-27T21:26:40.929689-08:00,read,key_128,1.18,true,false,2208
2025-11-27T21:26:40.929724-08:00,read,key_313,1.17,true,false,2419
2025-11-27T21:26:40.93089-08:00,read,key_644,0.47,true,false,2453
2025-11-27T21:26:40.930873-08:00,read,key_630,0.50,true,false,2445
2025-11-27T21:26:40.716414-08:00,write,key_598,305.25,true,false,2498
2025-11-27T21:26:40.716413-08:00,write,key_341,305.76,true,false,2499
2025-11-27T21:26:40.716584-08:00,write,key_575,305.60,true,false,2500
2025-11-27T21:26:41.022182-08:00,read,key_762,1.24,true,false,2416
2025-11-27T21:26:41.022175-08:00,read,key_550,1.28,true,false,1672
2025-11-27T21:26:41.023454-08:00,read,key_657,0.74,true,false,2479
2025-11-27T21:26:41.024192-08:00,read,key_573,2.81,true,false,2182
2025-11-27T21:26:41.027003-08:00,read,key_442,0.83,true,false,2430
2025-11-27T21:26:41.027829-08:00,read,key_27,0.64,true,false,2317
2025-11-27T21:26:40.722569-08:00,write,key_311,307.68,true,false,2500
2025-11-27T21:26:40.813651-08:00,write,key_550,308.04,true,false,2499
2025-11-27T21:26:41.121697-08:00,read,key_70,2.25,true,false,2477
2025-11-27T21:26:41.123949-08:00,read,key_5,4.28,true,false,2373
2025-11-27T21:26:40.923256-08:00,write,key_444,312.60,true,false,2500
2025-11-27T21:26:40.92962-08:00,write,key_186,306.44,true,false,2500
2025-11-27T21:26:40.921938-08:00,write,key_526,314.40,true,false,2501
2025-11-27T21:26:40.931365-08:00,write,key_958,307.65,true,false,2501
2025-11-27T21:26:40.931377-08:00,write,key_465,308.25,true,false,2501
2025-11-27T21:26:41.235856-08:00,read,key_578,5.08,true,false,2362
2025-11-27T21:26:41.239012-08:00,read,key_557,1.93,true,false,2386
2025-11-27T21:26:41.23634-08:00,read,key_659,5.09,true,false,2160
2025-11-27T21:26:41.240939-08:00,read,key_684,0.84,true,false,2153
2025-11-27T21:26:41.241438-08:00,read,key_842,0.73,true,false,2353
2025-11-27T21:26:41.241778-08:00,read,key_324,0.44,true,false,2435
2025-11-27T21:26:41.242167-08:00,read,key_608,0.55,true,false,2128
2025-11-27T21:26:41.242719-08:00,read,key_380,0.60,true,false,2002
2025-11-27T21:26:41.243322-08:00,read,key_569,1.06,true,false,2494
2025-11-27T21:26:41.244386-08:00,read,key_161,0.61,true,false,2436
2025-11-27T21:26:41.023421-08:00,write,key_311,311.01,true,false,2502
2025-11-27T21:26:41.028466-08:00,write,key_319,305.99,true,false,2501
2025-11-27T21:26:41.021662-08:00,write,key_502,313.02,true,false,2502
2025-11-27T21:26:41.030252-08:00,write,key_129,304.50,true,false,2501
2025-11-27T21:26:41.334678-08:00,read,key_595,3.21,true,false,2494
2025-11-27T21:26:41.337887-08:00,read,key_381,0.98,true,false,2352
2025-11-27T21:26:41.338865-08:00,read,key_657,2.21,true,false,2479
2025-11-27T21:26:41.128232-08:00,write,key_858,312.45,true,false,2502
2025-11-27T21:26:41.239623-08:00,write,key_877,306.23,true,false,2502
2025-11-27T21:26:41.545855-08:00,read,key_767,2.07,true,false,2293
2025-11-27T21:26:41.240938-08:00,write,key_484,308.25,true,false,2502
2025-11-27T21:26:41.242214-08:00,write,key_1,306.98,true,false,2504
2025-11-27T21:26:41.236062-08:00,write,key_979,313.25,true,false,2503
2025-11-27T21:26:41.244996-08:00,write,key_27,304.76,true,false,2503
2025-11-27T21:26:41.549309-08:00,read,key_427,2.13,true,false,2456
2025-11-27T21:26:41.551436-08:00,read,key_848,2.57,true,false,1977
2025-11-27T21:26:41.554003-08:00,read,key_628,2.62,true,false,2451
2025-11-27T21:26:41.556628-08:00,read,key_634,2.18,true,false,1659
2025-11-27T21:26:41.558811-08:00,read,key_658,1.99,true,false,2385
2025-11-27T21:26:41.334438-08:00,write,key_228,312.19,true,false,2503
2025-11-27T21:26:41.334755-08:00,write,key_625,311.87,true,false,2503
2025-11-27T21:26:41.341073-08:00,write,key_25,305.56,true,false,2504
2025-11-27T21:26:41.334458-08:00,write,key_734,312.49,true,false,2504
2025-11-27T21:26:41.646629-08:00,read,key_550,2.90,true,false,2499
2025-11-27T21:26:41.646949-08:00,read,key_272,2.58,true,false,2488
2025-11-27T21:26:41.64953-08:00,read,key_551,0.92,true,false,1512
2025-11-27T21:26:41.64953-08:00,read,key_1,1.19,true,false,2504
2025-11-27T21:26:41.440686-08:00,write,key_717,307.88,true,false,2505
2025-11-27T21:26:41.54919-08:00,write,key_85,308.14,true,false,2505
2025-11-27T21:26:41.549761-08:00,write,key_123,307.57,true,false,2506
2025-11-27T21:26:41.549184-08:00,write,key_595,308.15,true,false,2506
2025-11-27T21:26:41.547931-08:00,write,key_8,309.42,true,false,2505
2025-11-27T21:26:41.857331-08:00,read,key_858,1.74,true,false,2502
2025-11-27T21:26:41.857356-08:00,read,key_808,3.97,true,false,2332
2025-11-27T21:26:41.560807-08:00,write,key_290,305.83,true,false,2507
2025-11-27T21:26:41.866637-08:00,read,key_570,0.76,true,false,2388
2025-11-27T21:26:41.867399-08:00,read,key_264,2.87,true,false,2108
2025-11-27T21:26:41.870276-08:00,read,key_566,1.67,true,false,2399
2025-11-27T21:26:41.646629-08:00,write,key_129,309.80,true,false,2506
2025-11-27T21:26:41.646637-08:00,write,key_540,311.12,true,false,2506
2025-11-27T21:26:41.650454-08:00,write,key_376,308.54,true,false,2508
2025-11-27T21:26:41.650725-08:00,write,key_380,308.27,true,false,2507
2025-11-27T21:26:41.748571-08:00,write,key_589,313.14,true,false,2507
2025-11-27T21:26:42.061713-08:00,read,key_312,2.22,true,false,2301
2025-11-27T21:26:42.063935-08:00,read,key_462,0.91,true,false,2494
2025-11-27T21:26:42.064849-08:00,read,key_73,0.94,true,false,2049
2025-11-27T21:26:42.065794-08:00,read,key_691,0.80,true,false,2478
2025-11-27T21:26:41.857353-08:00,write,key_346,308.15,true,false,2509
2025-11-27T21:26:41.859072-08:00,write,key_120,307.76,true,false,2510
2025-11-27T21:26:41.857331-08:00,write,key_521,310.46,true,false,2508
2025-11-27T21:26:41.861332-08:00,write,key_683,306.86,true,false,2509
2025-11-27T21:26:42.167795-08:00,read,key_483,3.68,true,false,2262
2025-11-27T21:26:42.165507-08:00,read,key_13,6.15,true,false,2213
2025-11-27T21:26:41.871949-08:00,write,key_652,307.38,true,false,2510
2025-11-27T21:26:42.179331-08:00,read,key_881,2.17,true,false,2455
2025-11-27T21:26:41.956435-08:00,write,key_938,314.14,true,false,2509
2025-11-27T21:26:41.957757-08:00,write,key_522,312.82,true,false,2509
2025-11-27T21:26:41.958996-08:00,write,key_160,311.58,true,false,2510
2025-11-27T21:26:41.958999-08:00,write,key_730,311.58,true,false,2511
2025-11-27T21:26:42.27058-08:00,read,key_410,1.58,true,false,2272
2025-11-27T21:26:42.270588-08:00,read,key_423,1.57,true,false,2362
2025-11-27T21:26:42.270584-08:00,read,key_875,1.67,true,false,2349
2025-11-27T21:26:42.272159-08:00,read,key_372,1.52,true,false,530
2025-11-27T21:26:42.066598-08:00,write,key_165,309.28,true,false,2509
2025-11-27T21:26:42.37591-08:00,read,key_410,2.54,true,false,2272
2025-11-27T21:26:42.378456-08:00,read,key_200,0.92,true,false,2165
2025-11-27T21:26:42.168189-08:00,write,key_127,311.14,true,false,2511
2025-11-27T21:26:42.166835-08:00,write,key_254,312.49,true,false,2511
2025-11-27T21:26:42.171658-08:00,write,key_938,307.69,true,false,2512
2025-11-27T21:26:42.171479-08:00,write,key_832,308.59,true,false,2512
2025-11-27T21:26:42.480074-08:00,read,key_205,2.54,true,false,2478
2025-11-27T21:26:42.479328-08:00,read,key_568,3.76,true,false,2378
2025-11-27T21:26:42.482615-08:00,read,key_241,0.65,true,false,2435
2025-11-27T21:26:42.483265-08:00,read,key_696,0.89,true,false,2200
2025-11-27T21:26:42.484157-08:00,read,key_769,2.00,true,false,2347
2025-11-27T21:26:42.181499-08:00,write,key_574,304.74,true,false,2513
2025-11-27T21:26:42.486162-08:00,read,key_422,0.63,true,false,2320
2025-11-27T21:26:42.486241-08:00,read,key_244,1.33,true,false,2192
2025-11-27T21:26:42.487571-08:00,read,key_648,0.87,true,false,2089
2025-11-27T21:26:42.488438-08:00,read,key_159,0.56,true,false,2461
2025-11-27T21:26:42.489-08:00,read,key_599,0.52,true,false,2325
2025-11-27T21:26:42.489524-08:00,read,key_293,0.49,true,false,2339
2025-11-27T21:26:42.272159-08:00,write,key_316,309.05,true,false,2514
2025-11-27T21:26:42.2706-08:00,write,key_444,310.61,true,false,2512
2025-11-27T21:26:42.272259-08:00,write,key_587,309.04,true,false,2512
2025-11-27T21:26:42.273677-08:00,write,key_313,308.18,true,false,2513
2025-11-27T21:26:42.581296-08:00,read,key_387,4.72,true,false,2224
2025-11-27T21:26:42.581213-08:00,read,key_74,4.82,true,false,2172
2025-11-27T21:26:42.581214-08:00,read,key_659,7.19,true,false,2160
2025-11-27T21:26:42.586038-08:00,read,key_668,3.63,true,false,1125
2025-11-27T21:26:42.581857-08:00,read,key_173,7.83,true,false,1949
2025-11-27T21:26:42.589673-08:00,read,key_167,0.74,true,false,2138
2025-11-27T21:26:42.589684-08:00,read,key_293,0.74,true,false,2339
2025-11-27T21:26:42.590414-08:00,read,key_281,0.63,true,false,1879
2025-11-27T21:26:42.591044-08:00,read,key_644,0.59,true,false,2453
2025-11-27T21:26:42.591631-08:00,read,key_624,0.53,true,false,2403
2025-11-27T21:26:42.592159-08:00,read,key_873,0.57,true,false,2349
2025-11-27T21:26:42.592852-08:00,read,key_472,0.79,true,false,2399
2025-11-27T21:26:42.379379-08:00,write,key_811,304.49,true,false,2513
2025-11-27T21:26:42.683875-08:00,read,key_167,3.46,true,false,2138
2025-11-27T21:26:42.479344-08:00,write,key_125,308.02,true,false,2513
2025-11-27T21:26:42.479328-08:00,write,key_206,308.04,true,false,2514
2025-11-27T21:26:42.483092-08:00,write,key_803,305.27,true,false,2513
2025-11-27T21:26:42.78737-08:00,read,key_422,1.19,true,false,2320
2025-11-27T21:26:42.787368-08:00,read,key_200,1.50,true,false,2165
2025-11-27T21:26:42.48679-08:00,write,key_89,304.64,true,false,2515
2025-11-27T21:26:42.791434-08:00,read,key_184,0.93,true,false,2258
2025-11-27T21:26:42.490019-08:00,write,key_123,304.44,true,false,2515
2025-11-27T21:26:42.794456-08:00,read,key_546,1.24,true,false,2485
2025-11-27T21:26:42.792368-08:00,read,key_124,3.34,true,false,2176
2025-11-27T21:26:42.795695-08:00,read,key_717,0.75,true,false,2505
2025-11-27T21:26:42.590428-08:00,write,key_732,305.70,true,false,2516
2025-11-27T21:26:42.588409-08:00,write,key_362,307.72,true,false,2515
2025-11-27T21:26:42.58602-08:00,write,key_126,310.13,true,false,2515
2025-11-27T21:26:42.593648-08:00,write,key_640,305.58,true,false,2516
2025-11-27T21:26:42.899231-08:00,read,key_75,4.28,true,false,2377
2025-11-27T21:26:42.903516-08:00,read,key_633,0.71,true,false,2105
2025-11-27T21:26:42.687335-08:00,write,key_952,310.94,true,false,2516
2025-11-27T21:26:42.998274-08:00,read,key_345,1.23,true,false,2468
2025-11-27T21:26:42.788366-08:00,write,key_421,309.50,true,false,2517
2025-11-27T21:26:42.788557-08:00,write,key_443,311.00,true,false,2517
2025-11-27T21:26:42.788867-08:00,write,key_760,310.69,true,false,2516
2025-11-27T21:26:42.796446-08:00,write,key_652,304.56,true,false,2518
2025-11-27T21:26:42.795704-08:00,write,key_86,305.31,true,false,2518
2025-11-27T21:26:42.896132-08:00,write,key_649,308.71,true,false,2518
2025-11-27T21:26:42.896148-08:00,write,key_577,308.70,true,false,2517
2025-11-27T21:26:43.204871-08:00,read,key_42,3.91,true,false,2345
2025-11-27T21:26:42.90423-08:00,write,key_461,305.16,true,false,2519
2025-11-27T21:26:42.896132-08:00,write,key_291,313.28,true,false,2519
2025-11-27T21:26:43.209408-08:00,read,key_86,3.61,true,false,2518
2025-11-27T21:26:43.208786-08:00,read,key_956,4.23,true,false,2248
2025-11-27T21:26:43.213022-08:00,read,key_763,1.07,true,false,2422
2025-11-27T21:26:43.213022-08:00,read,key_726,1.07,true,false,2470
2025-11-27T21:26:43.209395-08:00,read,key_753,4.71,true,false,2405
2025-11-27T21:26:43.214095-08:00,read,key_11,0.85,true,false,2465
2025-11-27T21:26:43.214947-08:00,read,key_315,0.59,true,false,2426
2025-11-27T21:26:42.999501-08:00,write,key_75,309.10,true,false,2520
2025-11-27T21:26:43.099556-08:00,write,key_702,312.92,true,false,2521
2025-11-27T21:26:43.097872-08:00,write,key_575,314.63,true,false,2521
2025-11-27T21:26:43.099554-08:00,write,key_754,312.96,true,false,2520
2025-11-27T21:26:43.101017-08:00,write,key_839,312.45,true,false,2519
2025-11-27T21:26:43.412475-08:00,read,key_815,3.89,true,false,2389
2025-11-27T21:26:43.412501-08:00,read,key_247,4.07,true,false,2435
2025-11-27T21:26:43.416568-08:00,read,key_320,3.70,true,false,2271
2025-11-27T21:26:43.413464-08:00,read,key_207,6.81,true,false,1790
2025-11-27T21:26:43.101006-08:00,write,key_411,319.28,true,false,2522
2025-11-27T21:26:43.420277-08:00,read,key_572,0.55,true,false,2398
2025-11-27T21:26:43.42029-08:00,read,key_695,1.90,true,false,2438
2025-11-27T21:26:43.422189-08:00,read,key_76,0.75,true,false,2277
2025-11-27T21:26:43.422936-08:00,read,key_875,0.58,true,false,2349
2025-11-27T21:26:43.423519-08:00,read,key_968,0.56,true,false,1567
2025-11-27T21:26:43.215535-08:00,write,key_326,305.58,true,false,2520
2025-11-27T21:26:43.214103-08:00,write,key_822,307.02,true,false,2520
2025-11-27T21:26:43.214094-08:00,write,key_83,307.05,true,false,2520
2025-11-27T21:26:43.204848-08:00,write,key_61,316.30,true,false,2523
2025-11-27T21:26:43.521118-08:00,read,key_657,2.09,true,false,2479
2025-11-27T21:26:43.52114-08:00,read,key_487,2.09,true,false,2396
2025-11-27T21:26:43.308605-08:00,write,key_319,313.59,true,false,2521
2025-11-27T21:26:43.416368-08:00,write,key_733,321.94,true,false,2524
2025-11-27T21:26:43.424084-08:00,write,key_873,314.23,true,false,2524
2025-11-27T21:26:43.420823-08:00,write,key_501,317.51,true,false,2524
2025-11-27T21:26:43.420265-08:00,write,key_940,318.07,true,false,2523
2025-11-27T21:26:43.412518-08:00,write,key_187,325.85,true,false,2523
2025-11-27T21:26:43.521121-08:00,write,key_261,320.23,true,false,2525
2025-11-27T21:26:43.523214-08:00,write,key_888,318.14,true,false,2524
2025-11-27T21:26:43.523228-08:00,write,key_442,318.19,true,false,2524
2025-11-27T21:26:43.52115-08:00,write,key_877,320.28,true,false,2525
