timestamp,type,key,latency_ms,success,is_stale,version
2025-11-27T16:14:04.029651-08:00,read,key_413,2.34,true,false,4471
2025-11-27T16:14:04.07286-08:00,read,key_615,1.86,true,false,839
2025-11-27T16:14:04.094956-08:00,read,key_411,1.49,true,false,4313
2025-11-27T16:14:04.106041-08:00,read,key_183,0.73,true,false,4411
2025-11-27T16:14:04.149695-08:00,read,key_467,2.12,true,false,2627
2025-11-27T16:14:04.160042-08:00,read,key_416,2.55,true,false,4799
2025-11-27T16:14:04.171166-08:00,read,key_417,1.17,true,false,4097
2025-11-27T16:14:04.007605-08:00,write,key_417,309.74,true,false,4811
2025-11-27T16:14:04.018591-08:00,write,key_161,303.52,true,false,4811
2025-11-27T16:14:04.322116-08:00,read,key_463,1.78,true,false,4459
2025-11-27T16:14:04.323901-08:00,read,key_411,0.57,true,false,4313
2025-11-27T16:14:04.040674-08:00,write,key_166,305.76,true,false,4812
2025-11-27T16:14:04.051648-08:00,write,key_464,306.58,true,false,4811
2025-11-27T16:14:04.358227-08:00,read,key_413,0.73,true,false,4471
2025-11-27T16:14:04.062699-08:00,write,key_610,306.54,true,false,4812
2025-11-27T16:14:04.369238-08:00,read,key_652,0.62,true,false,4465
2025-11-27T16:14:04.083906-08:00,write,key_613,307.25,true,false,4811
2025-11-27T16:14:04.391155-08:00,read,key_189,2.47,true,false,4508
2025-11-27T16:14:04.393628-08:00,read,key_414,0.73,true,false,4707
2025-11-27T16:14:04.394392-08:00,read,key_7,0.66,true,false,3790
2025-11-27T16:14:04.117256-08:00,write,key_185,308.12,true,false,4812
2025-11-27T16:14:04.425376-08:00,read,key_871,4.05,true,false,4299
2025-11-27T16:14:04.429423-08:00,read,key_446,1.47,true,false,3274
2025-11-27T16:14:04.430894-08:00,read,key_669,0.97,true,false,2841
2025-11-27T16:14:04.128331-08:00,write,key_610,306.34,true,false,4811
2025-11-27T16:14:04.434675-08:00,read,key_442,0.86,true,false,4683
2025-11-27T16:14:04.139446-08:00,write,key_162,304.23,true,false,4813
2025-11-27T16:14:04.443676-08:00,read,key_403,0.59,true,false,4793
2025-11-27T16:14:04.182297-08:00,write,key_783,307.55,true,false,4814
2025-11-27T16:14:04.317344-08:00,write,key_866,306.91,true,false,4812
2025-11-27T16:14:04.624262-08:00,read,key_912,1.79,true,false,4741
2025-11-27T16:14:04.626051-08:00,read,key_619,1.66,false,false,0
2025-11-27T16:14:04.324475-08:00,write,key_410,305.29,true,false,4813
2025-11-27T16:14:04.629771-08:00,read,key_0,1.97,true,false,4642
2025-11-27T16:14:04.346439-08:00,write,key_467,305.22,true,false,4815
2025-11-27T16:14:04.358961-08:00,write,key_661,309.80,true,false,4814
2025-11-27T16:14:04.369863-08:00,write,key_611,304.01,true,false,4813
2025-11-27T16:14:04.668764-08:00,read,key_1,5.15,true,false,3506
2025-11-27T16:14:04.673875-08:00,read,key_444,1.19,true,false,4587
2025-11-27T16:14:04.673919-08:00,read,key_460,1.24,true,false,2612
2025-11-27T16:14:04.675163-08:00,read,key_893,1.35,true,false,4323
2025-11-27T16:14:04.67651-08:00,read,key_18,1.04,true,false,2742
2025-11-27T16:14:04.395051-08:00,write,key_514,306.23,true,false,4815
2025-11-27T16:14:04.701294-08:00,read,key_188,1.27,true,false,4400
2025-11-27T16:14:04.702566-08:00,read,key_466,1.53,true,false,2646
2025-11-27T16:14:04.431863-08:00,write,key_784,303.93,true,false,4816
2025-11-27T16:14:04.435536-08:00,write,key_657,305.05,true,false,4813
2025-11-27T16:14:04.444262-08:00,write,key_400,306.13,true,false,4815
2025-11-27T16:14:04.489848-08:00,write,key_583,306.26,true,false,4815
2025-11-27T16:14:04.796116-08:00,read,key_400,1.92,true,false,4815
2025-11-27T16:14:04.798033-08:00,read,key_862,1.34,true,false,4735
2025-11-27T16:14:04.799378-08:00,read,key_518,1.21,true,false,3114
2025-11-27T16:14:04.627717-08:00,write,key_163,312.84,true,false,4816
2025-11-27T16:14:04.631745-08:00,write,key_665,308.83,true,false,4817
2025-11-27T16:14:04.651662-08:00,write,key_1,303.73,true,false,4818
2025-11-27T16:14:04.677547-08:00,write,key_404,306.44,true,false,4816
2025-11-27T16:14:04.675069-08:00,write,key_312,308.92,true,false,4817
2025-11-27T16:14:04.983986-08:00,read,key_918,1.67,true,false,4774
2025-11-27T16:14:04.985656-08:00,read,key_426,1.84,true,false,4700
2025-11-27T16:14:04.704106-08:00,write,key_15,307.08,true,false,4817
2025-11-27T16:14:05.011186-08:00,read,key_428,0.69,true,false,4551
2025-11-27T16:14:05.011881-08:00,read,key_656,0.64,true,false,4758
2025-11-27T16:14:05.012517-08:00,read,key_467,1.92,true,false,4815
2025-11-27T16:14:05.014441-08:00,read,key_618,0.60,true,false,1605
2025-11-27T16:14:04.740592-08:00,write,key_449,304.96,true,false,4817
2025-11-27T16:14:04.735797-08:00,write,key_318,309.86,true,false,4817
2025-11-27T16:14:05.045551-08:00,read,key_867,1.72,true,false,4792
2025-11-27T16:14:05.047276-08:00,read,key_652,1.24,true,false,4465
2025-11-27T16:14:05.048513-08:00,read,key_311,1.07,true,false,4656
2025-11-27T16:14:04.750391-08:00,write,key_463,304.42,true,false,4819
2025-11-27T16:14:05.05481-08:00,read,key_583,1.31,true,false,4815
2025-11-27T16:14:05.056125-08:00,read,key_917,1.08,true,false,1086
2025-11-27T16:14:04.800586-08:00,write,key_463,305.55,true,false,4818
2025-11-27T16:14:05.106143-08:00,read,key_721,1.52,true,false,4580
2025-11-27T16:14:05.107668-08:00,read,key_565,1.20,true,false,4766
2025-11-27T16:14:04.940561-08:00,write,key_185,306.50,true,false,4819
2025-11-27T16:14:04.940579-08:00,write,key_767,306.50,true,false,4820
2025-11-27T16:14:04.955391-08:00,write,key_769,305.06,true,false,4819
2025-11-27T16:14:04.987497-08:00,write,key_916,307.29,true,false,4820
2025-11-27T16:14:04.983986-08:00,write,key_184,311.22,true,false,4821
2025-11-27T16:14:05.294785-08:00,read,key_415,1.55,true,false,4246
2025-11-27T16:14:05.015039-08:00,write,key_765,304.78,true,false,4820
2025-11-27T16:14:05.319823-08:00,read,key_616,1.37,true,false,4568
2025-11-27T16:14:05.049587-08:00,write,key_441,305.64,true,false,4821
2025-11-27T16:14:05.045658-08:00,write,key_316,309.58,true,false,4821
2025-11-27T16:14:05.355233-08:00,read,key_729,1.30,true,false,508
2025-11-27T16:14:05.05721-08:00,write,key_466,308.06,true,false,4822
2025-11-27T16:14:05.108873-08:00,write,key_409,312.45,true,false,4820
2025-11-27T16:14:05.247083-08:00,write,key_910,307.70,true,false,4823
2025-11-27T16:14:05.24706-08:00,write,key_782,307.74,true,false,4822
2025-11-27T16:14:05.554804-08:00,read,key_768,0.92,true,false,4694
2025-11-27T16:14:05.554782-08:00,read,key_465,0.99,true,false,4386
2025-11-27T16:14:05.555728-08:00,read,key_518,0.81,true,false,3114
2025-11-27T16:14:05.556542-08:00,read,key_44,1.19,true,false,4557
2025-11-27T16:14:05.557733-08:00,read,key_317,2.35,true,false,4655
2025-11-27T16:14:05.260456-08:00,write,key_513,306.08,true,false,4824
2025-11-27T16:14:05.295206-08:00,write,key_404,307.41,true,false,4823
2025-11-27T16:14:05.296338-08:00,write,key_862,306.33,true,false,4822
2025-11-27T16:14:05.602674-08:00,read,key_422,1.17,true,false,4718
2025-11-27T16:14:05.602623-08:00,read,key_610,1.35,true,false,4811
2025-11-27T16:14:05.32119-08:00,write,key_873,305.91,true,false,4823
2025-11-27T16:14:05.356571-08:00,write,key_185,303.78,true,false,4825
2025-11-27T16:14:05.355237-08:00,write,key_667,306.82,true,false,4824
2025-11-27T16:14:05.662061-08:00,read,key_877,0.62,true,false,4567
2025-11-27T16:14:05.365271-08:00,write,key_872,304.71,true,false,4825
2025-11-27T16:14:05.669982-08:00,read,key_869,0.45,true,false,4150
2025-11-27T16:14:05.670435-08:00,read,key_797,0.50,true,false,1406
2025-11-27T16:14:05.670938-08:00,read,key_550,0.57,true,false,3447
2025-11-27T16:14:05.671512-08:00,read,key_553,0.44,true,false,3059
2025-11-27T16:14:05.671952-08:00,read,key_511,0.51,true,false,4580
2025-11-27T16:14:05.421329-08:00,write,key_316,306.18,true,false,4826
2025-11-27T16:14:05.555775-08:00,write,key_656,311.51,true,false,4824
2025-11-27T16:14:05.560088-08:00,write,key_161,307.25,true,false,4827
2025-11-27T16:14:05.867284-08:00,read,key_189,1.90,true,false,4508
2025-11-27T16:14:05.566541-08:00,write,key_766,305.94,true,false,4828
2025-11-27T16:14:05.872484-08:00,read,key_789,4.05,true,false,4604
2025-11-27T16:14:05.603847-08:00,write,key_515,312.77,true,false,4827
2025-11-27T16:14:05.603977-08:00,write,key_863,312.72,true,false,4825
2025-11-27T16:14:05.916622-08:00,read,key_552,1.32,true,false,3147
2025-11-27T16:14:05.917946-08:00,read,key_462,1.30,true,false,4385
2025-11-27T16:14:05.919245-08:00,read,key_6,1.09,true,false,2414
2025-11-27T16:14:05.627107-08:00,write,key_592,310.24,true,false,4825
2025-11-27T16:14:05.937348-08:00,read,key_44,1.31,true,false,4557
2025-11-27T16:14:05.662681-08:00,write,key_10,303.59,true,false,4827
2025-11-27T16:14:05.660351-08:00,write,key_799,306.73,true,false,4826
2025-11-27T16:14:05.672461-08:00,write,key_594,304.38,true,false,4829
2025-11-27T16:14:05.727513-08:00,write,key_767,305.85,true,false,4827
2025-11-27T16:14:06.033361-08:00,read,key_728,0.82,true,false,4089
2025-11-27T16:14:05.869184-08:00,write,key_561,305.51,true,false,4830
2025-11-27T16:14:05.86735-08:00,write,key_415,307.36,true,false,4829
2025-11-27T16:14:06.174715-08:00,read,key_792,7.02,true,false,2512
2025-11-27T16:14:05.876531-08:00,write,key_2,305.26,true,false,4829
2025-11-27T16:14:06.181737-08:00,read,key_193,1.19,true,false,2778
2025-11-27T16:14:06.181796-08:00,read,key_145,1.16,true,false,2674
2025-11-27T16:14:06.182929-08:00,read,key_661,1.20,true,false,4814
2025-11-27T16:14:06.182963-08:00,read,key_898,1.25,true,false,4757
2025-11-27T16:14:06.184134-08:00,read,key_269,1.27,true,false,4608
2025-11-27T16:14:06.184209-08:00,read,key_760,2.21,true,false,4721
2025-11-27T16:14:05.916697-08:00,write,key_585,309.43,true,false,4830
2025-11-27T16:14:05.920339-08:00,write,key_583,307.11,true,false,4830
2025-11-27T16:14:06.227448-08:00,read,key_71,0.89,true,false,4448
2025-11-27T16:14:06.228338-08:00,read,key_48,0.88,true,false,4645
2025-11-27T16:14:06.22922-08:00,read,key_410,0.78,true,false,4813
2025-11-27T16:14:06.230004-08:00,read,key_261,0.62,true,false,4455
2025-11-27T16:14:06.230622-08:00,read,key_891,0.67,true,false,4024
2025-11-27T16:14:06.231297-08:00,read,key_187,0.88,true,false,4382
2025-11-27T16:14:06.232181-08:00,read,key_269,0.73,true,false,4608
2025-11-27T16:14:06.232909-08:00,read,key_650,0.62,true,false,2420
2025-11-27T16:14:06.233531-08:00,read,key_682,0.64,true,false,4461
2025-11-27T16:14:06.234169-08:00,read,key_533,0.56,false,false,0
2025-11-27T16:14:05.938664-08:00,write,key_916,305.66,true,false,4830
2025-11-27T16:14:06.244326-08:00,read,key_720,1.32,true,false,945
2025-11-27T16:14:05.966275-08:00,write,key_596,309.37,true,false,4829
2025-11-27T16:14:05.967079-08:00,write,key_562,308.60,true,false,4830
2025-11-27T16:14:06.275679-08:00,read,key_422,5.65,true,false,4718
2025-11-27T16:14:05.97684-08:00,write,key_465,304.54,true,false,4831
2025-11-27T16:14:06.034184-08:00,write,key_497,305.32,true,false,4831
2025-11-27T16:14:06.174692-08:00,write,key_18,311.14,true,false,4832
2025-11-27T16:14:06.485832-08:00,read,key_181,2.13,true,false,2367
2025-11-27T16:14:06.186422-08:00,write,key_616,303.16,true,false,4833
2025-11-27T16:14:06.185409-08:00,write,key_409,304.21,true,false,4832
2025-11-27T16:14:06.226131-08:00,write,key_77,311.45,true,false,4831
2025-11-27T16:14:06.234731-08:00,write,key_761,306.99,true,false,4834
2025-11-27T16:14:06.541722-08:00,read,key_405,5.06,true,false,4710
2025-11-27T16:14:06.546789-08:00,read,key_784,1.22,true,false,4816
2025-11-27T16:14:06.245648-08:00,write,key_615,305.92,true,false,4833
2025-11-27T16:14:06.275644-08:00,write,key_168,310.34,true,false,4834
2025-11-27T16:14:06.28133-08:00,write,key_144,304.69,true,false,4832
2025-11-27T16:14:06.281379-08:00,write,key_647,308.05,true,false,4835
2025-11-27T16:14:06.586023-08:00,read,key_949,5.27,true,false,4783
2025-11-27T16:14:06.59129-08:00,read,key_788,4.53,true,false,1890
2025-11-27T16:14:06.595861-08:00,read,key_582,1.75,true,false,3203
2025-11-27T16:14:06.597607-08:00,read,key_668,0.57,true,false,4625
2025-11-27T16:14:06.598178-08:00,read,key_910,0.48,true,false,4823
2025-11-27T16:14:06.339508-08:00,write,key_424,306.86,true,false,4832
2025-11-27T16:14:06.489588-08:00,write,key_559,305.15,true,false,4834
2025-11-27T16:14:06.48962-08:00,write,key_314,305.12,true,false,4836
2025-11-27T16:14:06.487962-08:00,write,key_469,306.89,true,false,4833
2025-11-27T16:14:06.537585-08:00,write,key_966,311.73,true,false,4835
2025-11-27T16:14:06.849318-08:00,read,key_945,3.31,false,false,0
2025-11-27T16:14:06.548008-08:00,write,key_145,304.71,true,false,4836
2025-11-27T16:14:06.852634-08:00,read,key_581,1.73,true,false,4701
2025-11-27T16:14:06.551567-08:00,write,key_345,305.00,true,false,4835
2025-11-27T16:14:06.589427-08:00,write,key_729,307.29,true,false,4837
2025-11-27T16:14:06.585989-08:00,write,key_512,310.91,true,false,4837
2025-11-27T16:14:06.896722-08:00,read,key_9,1.59,true,false,2451
2025-11-27T16:14:06.896897-08:00,read,key_798,1.44,true,false,4753
2025-11-27T16:14:06.898314-08:00,read,key_642,1.57,true,false,4544
2025-11-27T16:14:06.598656-08:00,write,key_614,303.37,true,false,4837
2025-11-27T16:14:06.899889-08:00,read,key_318,2.32,true,false,4817
2025-11-27T16:14:06.902214-08:00,read,key_690,1.12,true,false,4588
2025-11-27T16:14:06.903335-08:00,read,key_4,1.03,true,false,3316
2025-11-27T16:14:06.904367-08:00,read,key_142,1.14,true,false,1304
2025-11-27T16:14:06.646371-08:00,write,key_190,305.03,true,false,4838
2025-11-27T16:14:06.794853-08:00,write,key_624,311.66,true,false,4838
2025-11-27T16:14:06.794746-08:00,write,key_627,311.82,true,false,4839
2025-11-27T16:14:06.794742-08:00,write,key_155,315.41,true,false,4837
2025-11-27T16:14:07.106564-08:00,read,key_451,5.89,true,false,24
2025-11-27T16:14:07.112451-08:00,read,key_554,1.13,true,false,333
2025-11-27T16:14:07.113585-08:00,read,key_788,1.23,true,false,1890
2025-11-27T16:14:07.114814-08:00,read,key_968,0.77,true,false,4675
2025-11-27T16:14:06.856566-08:00,write,key_692,305.32,true,false,4839
2025-11-27T16:14:06.852719-08:00,write,key_446,311.76,true,false,4840
2025-11-27T16:14:06.854364-08:00,write,key_278,310.20,true,false,4841
2025-11-27T16:14:07.164486-08:00,read,key_915,2.60,true,false,2206
2025-11-27T16:14:07.164566-08:00,read,key_16,2.58,true,false,4720
2025-11-27T16:14:07.16715-08:00,read,key_698,3.51,true,false,4573
2025-11-27T16:14:07.170665-08:00,read,key_457,1.26,true,false,4070
2025-11-27T16:14:07.171931-08:00,read,key_452,4.20,true,false,3467
2025-11-27T16:14:06.898335-08:00,write,key_316,307.82,true,false,4842
2025-11-27T16:14:06.902028-08:00,write,key_980,307.57,true,false,4838
2025-11-27T16:14:07.209598-08:00,read,key_518,1.36,true,false,3114
2025-11-27T16:14:07.206155-08:00,read,key_421,5.37,true,false,4540
2025-11-27T16:14:06.905504-08:00,write,key_141,306.40,true,false,4840
2025-11-27T16:14:07.210955-08:00,read,key_692,2.18,true,false,4839
2025-11-27T16:14:06.951405-08:00,write,key_553,307.86,true,false,4840
2025-11-27T16:14:07.106519-08:00,write,key_781,308.81,true,false,4840
2025-11-27T16:14:07.110158-08:00,write,key_683,309.03,true,false,4840
2025-11-27T16:14:07.115587-08:00,write,key_191,304.73,true,false,4841
2025-11-27T16:14:07.419193-08:00,read,key_795,2.36,true,false,85
2025-11-27T16:14:07.420322-08:00,read,key_421,1.29,true,false,4540
2025-11-27T16:14:07.415331-08:00,read,key_710,8.36,true,false,3406
2025-11-27T16:14:07.421612-08:00,read,key_665,2.68,true,false,4817
2025-11-27T16:14:07.42156-08:00,read,key_427,2.78,true,false,4476
2025-11-27T16:14:07.423698-08:00,read,key_784,1.33,true,false,4816
2025-11-27T16:14:07.425029-08:00,read,key_79,1.40,true,false,4066
2025-11-27T16:14:07.426427-08:00,read,key_757,1.08,true,false,4549
2025-11-27T16:14:07.424343-08:00,read,key_426,3.19,true,false,4700
2025-11-27T16:14:07.42753-08:00,read,key_519,0.72,true,false,4629
2025-11-27T16:14:07.427503-08:00,read,key_560,0.80,true,false,4752
2025-11-27T16:14:07.161888-08:00,write,key_66,306.79,true,false,4843
2025-11-27T16:14:07.468678-08:00,read,key_312,1.53,true,false,4817
2025-11-27T16:14:07.167091-08:00,write,key_787,304.86,true,false,4842
2025-11-27T16:14:07.176128-08:00,write,key_616,306.87,true,false,4842
2025-11-27T16:14:07.483004-08:00,read,key_142,1.20,true,false,1304
2025-11-27T16:14:07.211529-08:00,write,key_940,306.61,true,false,4843
2025-11-27T16:14:07.211903-08:00,write,key_680,307.85,true,false,4843
2025-11-27T16:14:07.213134-08:00,write,key_279,307.05,true,false,4843
2025-11-27T16:14:07.51976-08:00,read,key_765,1.23,true,false,4820
2025-11-27T16:14:07.520181-08:00,read,key_610,2.14,true,false,4811
2025-11-27T16:14:07.52099-08:00,read,key_767,3.48,true,false,4827
2025-11-27T16:14:07.522327-08:00,read,key_726,2.27,true,false,4780
2025-11-27T16:14:07.524598-08:00,read,key_712,1.29,true,false,4681
2025-11-27T16:14:07.25927-08:00,write,key_461,308.50,true,false,4844
2025-11-27T16:14:07.42429-08:00,write,key_723,305.42,true,false,4844
2025-11-27T16:14:07.428255-08:00,write,key_628,302.49,true,false,4843
2025-11-27T16:14:07.428308-08:00,write,key_662,302.67,true,false,4844
2025-11-27T16:14:07.729714-08:00,read,key_195,1.57,true,false,4641
2025-11-27T16:14:07.730749-08:00,read,key_199,1.43,true,false,4577
2025-11-27T16:14:07.732182-08:00,read,key_611,0.70,true,false,4813
2025-11-27T16:14:07.471951-08:00,write,key_589,303.12,true,false,4844
2025-11-27T16:14:07.470209-08:00,write,key_190,304.87,true,false,4845
2025-11-27T16:14:07.775082-08:00,read,key_313,2.08,true,false,4570
2025-11-27T16:14:07.777162-08:00,read,key_698,0.74,true,false,4573
2025-11-27T16:14:07.777901-08:00,read,key_40,0.67,true,false,2269
2025-11-27T16:14:07.484209-08:00,write,key_664,307.34,true,false,4845
2025-11-27T16:14:07.518139-08:00,write,key_986,308.02,true,false,4845
2025-11-27T16:14:07.826157-08:00,read,key_512,1.05,true,false,4837
2025-11-27T16:14:07.525886-08:00,write,key_917,303.44,true,false,4846
2025-11-27T16:14:07.524473-08:00,write,key_945,308.10,true,false,4845
2025-11-27T16:14:07.832575-08:00,read,key_512,1.05,true,false,4837
2025-11-27T16:14:07.567773-08:00,write,key_169,311.92,true,false,4846
2025-11-27T16:14:07.879691-08:00,read,key_8,2.40,true,false,4603
2025-11-27T16:14:07.730979-08:00,write,key_619,303.02,true,false,4846
2025-11-27T16:14:07.731282-08:00,write,key_156,304.78,true,false,4847
2025-11-27T16:14:07.732886-08:00,write,key_728,305.91,true,false,4847
2025-11-27T16:14:08.038797-08:00,read,key_691,1.61,true,false,4678
2025-11-27T16:14:08.036067-08:00,read,key_761,5.19,true,false,4834
2025-11-27T16:14:08.041258-08:00,read,key_866,1.04,true,false,4812
2025-11-27T16:14:08.042299-08:00,read,key_319,1.36,true,false,4653
2025-11-27T16:14:08.043663-08:00,read,key_693,1.00,true,false,4656
2025-11-27T16:14:08.044669-08:00,read,key_187,0.67,true,false,4382
2025-11-27T16:14:08.045341-08:00,read,key_791,0.45,true,false,4677
2025-11-27T16:14:07.775076-08:00,write,key_872,309.48,true,false,4848
2025-11-27T16:14:07.778576-08:00,write,key_0,309.00,true,false,4849
2025-11-27T16:14:08.08758-08:00,read,key_614,1.25,true,false,4837
2025-11-27T16:14:08.088834-08:00,read,key_666,1.28,true,false,2540
2025-11-27T16:14:08.09011-08:00,read,key_762,1.17,true,false,1117
2025-11-27T16:14:08.09128-08:00,read,key_232,1.19,true,false,4413
2025-11-27T16:14:08.092476-08:00,read,key_424,1.78,true,false,4832
2025-11-27T16:14:07.791554-08:00,write,key_484,306.45,true,false,4850
2025-11-27T16:14:07.829323-08:00,write,key_484,308.38,true,false,4847
2025-11-27T16:14:07.827205-08:00,write,key_612,310.59,true,false,4847
2025-11-27T16:14:08.137706-08:00,read,key_663,2.05,true,false,4623
2025-11-27T16:14:07.83363-08:00,write,key_482,306.68,true,false,4847
2025-11-27T16:14:08.139757-08:00,read,key_384,1.09,true,false,4789
2025-11-27T16:14:08.140315-08:00,read,key_721,1.11,true,false,4580
2025-11-27T16:14:07.882091-08:00,write,key_78,307.94,true,false,4848
2025-11-27T16:14:08.034004-08:00,write,key_535,314.94,true,false,4849
2025-11-27T16:14:08.040407-08:00,write,key_769,308.54,true,false,4851
2025-11-27T16:14:08.348948-08:00,read,key_163,2.41,true,false,4816
2025-11-27T16:14:08.045795-08:00,write,key_279,306.80,true,false,4852
2025-11-27T16:14:08.351365-08:00,read,key_558,4.22,true,false,3411
2025-11-27T16:14:08.355583-08:00,read,key_590,1.13,true,false,4773
2025-11-27T16:14:08.356712-08:00,read,key_199,1.42,true,false,4577
2025-11-27T16:14:08.358132-08:00,read,key_550,2.43,true,false,3447
2025-11-27T16:14:08.084557-08:00,write,key_468,314.26,true,false,4850
2025-11-27T16:14:08.094258-08:00,write,key_682,305.52,true,false,4851
2025-11-27T16:14:08.098008-08:00,write,key_552,306.22,true,false,4851
2025-11-27T16:14:08.404226-08:00,read,key_868,2.41,true,false,4698
2025-11-27T16:14:08.406632-08:00,read,key_238,0.83,true,false,4036
2025-11-27T16:14:08.137793-08:00,write,key_617,307.79,true,false,4851
2025-11-27T16:14:08.140846-08:00,write,key_728,304.78,true,false,4852
2025-11-27T16:14:08.445624-08:00,read,key_53,1.58,true,false,4800
2025-11-27T16:14:08.14143-08:00,write,key_863,306.31,true,false,4853
2025-11-27T16:14:08.447206-08:00,read,key_492,1.33,true,false,3306
2025-11-27T16:14:08.448541-08:00,read,key_531,2.18,true,false,2865
2025-11-27T16:14:08.450724-08:00,read,key_667,3.94,true,false,4824
2025-11-27T16:14:08.190035-08:00,write,key_723,310.41,true,false,4852
2025-11-27T16:14:08.500447-08:00,read,key_492,1.14,true,false,3306
2025-11-27T16:14:08.501588-08:00,read,key_898,2.69,true,false,4757
2025-11-27T16:14:08.504281-08:00,read,key_185,0.69,true,false,4825
2025-11-27T16:14:08.504975-08:00,read,key_186,0.63,true,false,4301
2025-11-27T16:14:08.505611-08:00,read,key_117,0.57,true,false,4678
2025-11-27T16:14:08.348948-08:00,write,key_661,307.77,true,false,4853
2025-11-27T16:14:08.352596-08:00,write,key_462,306.56,true,false,4853
2025-11-27T16:14:08.656735-08:00,read,key_186,3.35,true,false,4301
2025-11-27T16:14:08.360564-08:00,write,key_632,308.11,true,false,4853
2025-11-27T16:14:08.66868-08:00,read,key_560,1.30,true,false,4752
2025-11-27T16:14:08.669979-08:00,read,key_865,1.45,true,false,4610
2025-11-27T16:14:08.671431-08:00,read,key_873,1.25,true,false,4823
2025-11-27T16:14:08.672688-08:00,read,key_986,0.77,true,false,4845
2025-11-27T16:14:08.398815-08:00,write,key_12,309.88,true,false,4854
2025-11-27T16:14:08.399784-08:00,write,key_6,309.03,true,false,4854
2025-11-27T16:14:08.708701-08:00,read,key_424,1.09,true,false,4832
2025-11-27T16:14:08.708817-08:00,read,key_453,1.15,true,false,2442
2025-11-27T16:14:08.407462-08:00,write,key_119,302.61,true,false,4854
2025-11-27T16:14:08.709794-08:00,read,key_76,0.95,true,false,4533
2025-11-27T16:14:08.710746-08:00,read,key_400,0.66,true,false,4815
2025-11-27T16:14:08.445589-08:00,write,key_417,305.18,true,false,4855
2025-11-27T16:14:08.447744-08:00,write,key_941,305.81,true,false,4855
2025-11-27T16:14:08.753555-08:00,read,key_181,1.27,true,false,2367
2025-11-27T16:14:08.75483-08:00,read,key_769,1.45,true,false,4851
2025-11-27T16:14:08.756286-08:00,read,key_511,1.82,true,false,4580
2025-11-27T16:14:08.454661-08:00,write,key_110,308.10,true,false,4856
2025-11-27T16:14:08.506179-08:00,write,key_710,306.28,true,false,4855
2025-11-27T16:14:08.812461-08:00,read,key_724,1.36,true,false,4055
2025-11-27T16:14:08.65916-08:00,write,key_14,306.13,true,false,4854
2025-11-27T16:14:08.660087-08:00,write,key_647,308.45,true,false,4855
2025-11-27T16:14:08.673455-08:00,write,key_266,305.10,true,false,4857
2025-11-27T16:14:08.709965-08:00,write,key_186,306.83,true,false,4856
2025-11-27T16:14:09.016798-08:00,read,key_45,0.86,true,false,2584
2025-11-27T16:14:08.711405-08:00,write,key_198,306.79,true,false,4856
2025-11-27T16:14:08.71007-08:00,write,key_553,308.36,true,false,4858
2025-11-27T16:14:09.018198-08:00,read,key_909,1.00,true,false,2474
2025-11-27T16:14:09.019201-08:00,read,key_596,0.71,true,false,4829
2025-11-27T16:14:08.750767-08:00,write,key_878,315.50,true,false,4859
2025-11-27T16:14:08.758108-08:00,write,key_562,308.27,true,false,4856
2025-11-27T16:14:09.066271-08:00,read,key_781,1.65,true,false,4840
2025-11-27T16:14:08.762763-08:00,write,key_193,307.58,true,false,4860
2025-11-27T16:14:09.070341-08:00,read,key_554,4.74,true,false,333
2025-11-27T16:14:09.075079-08:00,read,key_315,1.84,true,false,4799
2025-11-27T16:14:09.076919-08:00,read,key_159,0.49,true,false,3373
2025-11-27T16:14:09.077415-08:00,read,key_492,0.93,true,false,3306
2025-11-27T16:14:08.813825-08:00,write,key_915,308.71,true,false,4857
2025-11-27T16:14:09.12254-08:00,read,key_878,1.88,true,false,4859
2025-11-27T16:14:09.12442-08:00,read,key_188,1.42,true,false,4400
2025-11-27T16:14:09.125838-08:00,read,key_723,1.20,true,false,4852
2025-11-27T16:14:08.965301-08:00,write,key_163,308.64,true,false,4861
2025-11-27T16:14:08.968542-08:00,write,key_588,305.43,true,false,4857
2025-11-27T16:14:09.273977-08:00,read,key_18,2.37,true,false,4832
2025-11-27T16:14:09.273946-08:00,read,key_191,3.09,true,false,4841
2025-11-27T16:14:09.277041-08:00,read,key_553,6.27,true,false,4858
2025-11-27T16:14:08.978558-08:00,write,key_612,305.76,true,false,4858
2025-11-27T16:14:09.284325-08:00,read,key_57,0.94,true,false,4524
2025-11-27T16:14:09.285267-08:00,read,key_554,0.69,true,false,333
2025-11-27T16:14:09.018434-08:00,write,key_648,306.96,true,false,4861
2025-11-27T16:14:09.019909-08:00,write,key_555,305.51,true,false,4860
2025-11-27T16:14:09.017696-08:00,write,key_232,307.79,true,false,4859
2025-11-27T16:14:09.325401-08:00,read,key_860,0.96,true,false,3732
2025-11-27T16:14:09.325422-08:00,read,key_597,0.98,true,false,4306
2025-11-27T16:14:09.326401-08:00,read,key_439,1.19,true,false,4717
2025-11-27T16:14:09.327593-08:00,read,key_762,2.83,true,false,1117
2025-11-27T16:14:09.066381-08:00,write,key_591,305.78,true,false,4862
2025-11-27T16:14:09.078351-08:00,write,key_764,307.69,true,false,4861
2025-11-27T16:14:09.067919-08:00,write,key_752,318.19,true,false,4861
2025-11-27T16:14:09.386049-08:00,read,key_756,2.39,true,false,4226
2025-11-27T16:14:09.388437-08:00,read,key_122,1.21,true,false,511
2025-11-27T16:14:09.389646-08:00,read,key_660,1.23,true,false,2422
2025-11-27T16:14:09.127042-08:00,write,key_663,305.67,true,false,4862
2025-11-27T16:14:09.276351-08:00,write,key_818,306.15,true,false,4863
2025-11-27T16:14:09.285954-08:00,write,key_153,303.27,true,false,4862
2025-11-27T16:14:09.283315-08:00,write,key_457,305.99,true,false,4864
2025-11-27T16:14:09.589303-08:00,read,key_862,1.31,true,false,4822
2025-11-27T16:14:09.589228-08:00,read,key_962,1.43,true,false,4747
2025-11-27T16:14:09.590616-08:00,read,key_597,1.19,true,false,4306
2025-11-27T16:14:09.591806-08:00,read,key_190,1.83,true,false,4845
2025-11-27T16:14:09.590658-08:00,read,key_421,4.65,true,false,4540
2025-11-27T16:14:09.32549-08:00,write,key_424,311.85,true,false,4862
2025-11-27T16:14:09.326361-08:00,write,key_650,313.16,true,false,4865
2025-11-27T16:14:09.33042-08:00,write,key_911,309.11,true,false,4866
2025-11-27T16:14:09.639537-08:00,read,key_906,1.33,true,false,3793
2025-11-27T16:14:09.639523-08:00,read,key_249,1.38,true,false,1096
2025-11-27T16:14:09.640906-08:00,read,key_68,1.06,true,false,4014
2025-11-27T16:14:09.640869-08:00,read,key_718,1.13,true,false,4781
2025-11-27T16:14:09.641963-08:00,read,key_268,4.24,true,false,2399
2025-11-27T16:14:09.646208-08:00,read,key_518,1.29,true,false,3114
2025-11-27T16:14:09.647498-08:00,read,key_592,1.16,true,false,4825
2025-11-27T16:14:09.648663-08:00,read,key_465,1.01,true,false,4831
2025-11-27T16:14:09.649678-08:00,read,key_623,1.55,true,false,4570
2025-11-27T16:14:09.651234-08:00,read,key_555,0.52,true,false,4860
2025-11-27T16:14:09.372165-08:00,write,key_503,307.07,true,false,4863
2025-11-27T16:14:09.386108-08:00,write,key_916,304.55,true,false,4863
2025-11-27T16:14:09.39088-08:00,write,key_766,303.57,true,false,4865
2025-11-27T16:14:09.432714-08:00,write,key_974,307.91,true,false,4864
2025-11-27T16:14:09.582511-08:00,write,key_232,308.04,true,false,4865
2025-11-27T16:14:09.890589-08:00,read,key_0,2.85,true,false,4849
2025-11-27T16:14:09.593642-08:00,write,key_236,305.62,true,false,4867
2025-11-27T16:14:09.595314-08:00,write,key_274,307.31,true,false,4868
2025-11-27T16:14:09.902627-08:00,read,key_13,0.99,true,false,3101
2025-11-27T16:14:09.642003-08:00,write,key_584,306.24,true,false,4867
2025-11-27T16:14:09.63734-08:00,write,key_585,311.18,true,false,4867
2025-11-27T16:14:09.948259-08:00,read,key_555,2.04,true,false,4860
2025-11-27T16:14:09.94852-08:00,read,key_588,2.34,true,false,4857
2025-11-27T16:14:09.651759-08:00,write,key_46,305.85,true,false,4867
2025-11-27T16:14:09.957612-08:00,read,key_406,4.37,true,false,4694
2025-11-27T16:14:09.961986-08:00,read,key_711,1.20,true,false,4031
2025-11-27T16:14:09.963185-08:00,read,key_866,1.20,true,false,4812
2025-11-27T16:14:09.679239-08:00,write,key_935,306.78,true,false,4868
2025-11-27T16:14:09.690665-08:00,write,key_666,304.57,true,false,4868
2025-11-27T16:14:09.694455-08:00,write,key_184,310.58,true,false,4869
2025-11-27T16:14:09.740622-08:00,write,key_375,309.26,true,false,4869
2025-11-27T16:14:10.049883-08:00,read,key_74,1.97,true,false,4220
2025-11-27T16:14:10.051856-08:00,read,key_589,1.26,true,false,4870
2025-11-27T16:14:10.053116-08:00,read,key_42,4.31,true,false,2576
2025-11-27T16:14:09.893444-08:00,write,key_589,308.95,true,false,4870
2025-11-27T16:14:10.202401-08:00,read,key_267,1.62,true,false,4023
2025-11-27T16:14:09.899269-08:00,write,key_987,308.34,true,false,4871
2025-11-27T16:14:09.903613-08:00,write,key_493,306.16,true,false,4869
2025-11-27T16:14:10.207618-08:00,read,key_581,2.31,true,false,4701
2025-11-27T16:14:10.209778-08:00,read,key_918,1.13,true,false,4774
2025-11-27T16:14:10.209932-08:00,read,key_762,1.05,true,false,1117
2025-11-27T16:14:10.210913-08:00,read,key_11,1.20,true,false,2683
2025-11-27T16:14:09.950298-08:00,write,key_581,308.70,true,false,4869
2025-11-27T16:14:09.950862-08:00,write,key_596,308.14,true,false,4872
2025-11-27T16:14:10.259-08:00,read,key_731,4.09,true,false,1752
2025-11-27T16:14:10.263091-08:00,read,key_115,1.16,true,false,4355
2025-11-27T16:14:10.264255-08:00,read,key_589,1.43,true,false,4870
2025-11-27T16:14:09.964382-08:00,write,key_19,304.96,true,false,4870
2025-11-27T16:14:10.265689-08:00,read,key_891,5.05,true,false,4024
2025-11-27T16:14:10.269347-08:00,read,key_623,1.96,true,false,4570
2025-11-27T16:14:09.986023-08:00,write,key_873,306.60,true,false,4870
2025-11-27T16:14:10.292627-08:00,read,key_428,0.71,true,false,4551
2025-11-27T16:14:09.995237-08:00,write,key_704,310.50,true,false,4871
2025-11-27T16:14:10.005038-08:00,write,key_440,306.36,true,false,4872
2025-11-27T16:14:10.311404-08:00,read,key_765,2.20,true,false,4820
2025-11-27T16:14:10.05743-08:00,write,key_506,307.74,true,false,4873
2025-11-27T16:14:10.204023-08:00,write,key_593,315.23,true,false,4872
2025-11-27T16:14:10.210987-08:00,write,key_172,308.35,true,false,4873
2025-11-27T16:14:10.212117-08:00,write,key_614,307.35,true,false,4874
2025-11-27T16:14:10.519467-08:00,read,key_182,3.59,true,false,4441
2025-11-27T16:14:10.519255-08:00,read,key_325,6.82,true,false,4705
2025-11-27T16:14:10.52306-08:00,read,key_43,3.63,true,false,3584
2025-11-27T16:14:10.259007-08:00,write,key_607,310.21,true,false,4873
2025-11-27T16:14:10.270743-08:00,write,key_879,304.88,true,false,4874
2025-11-27T16:14:10.271311-08:00,write,key_498,307.08,true,false,4874
2025-11-27T16:14:10.293338-08:00,write,key_750,304.85,true,false,4874
2025-11-27T16:14:10.305735-08:00,write,key_644,305.19,true,false,4875
2025-11-27T16:14:10.610923-08:00,read,key_389,2.38,true,false,3817
2025-11-27T16:14:10.613305-08:00,read,key_0,0.78,true,false,4849
2025-11-27T16:14:10.614084-08:00,read,key_77,0.90,true,false,4831
2025-11-27T16:14:10.313607-08:00,write,key_905,305.46,true,false,4875
2025-11-27T16:14:10.619067-08:00,read,key_619,1.95,true,false,4846
2025-11-27T16:14:10.365172-08:00,write,key_197,308.59,true,false,4875
2025-11-27T16:14:10.673763-08:00,read,key_915,0.79,true,false,4857
2025-11-27T16:14:10.674557-08:00,read,key_510,0.65,true,false,4620
2025-11-27T16:14:10.67521-08:00,read,key_552,0.67,true,false,4851
2025-11-27T16:14:10.519338-08:00,write,key_144,311.79,true,false,4875
2025-11-27T16:14:10.526687-08:00,write,key_586,304.68,true,false,4876
2025-11-27T16:14:10.526071-08:00,write,key_263,305.38,true,false,4876
2025-11-27T16:14:10.831375-08:00,read,key_385,1.78,true,false,4507
2025-11-27T16:14:10.831457-08:00,read,key_502,1.75,true,false,2191
2025-11-27T16:14:10.833206-08:00,read,key_317,1.37,true,false,4655
2025-11-27T16:14:10.834578-08:00,read,key_583,3.51,true,false,4830
2025-11-27T16:14:10.838094-08:00,read,key_588,1.56,true,false,4857
2025-11-27T16:14:10.56922-08:00,write,key_263,306.94,true,false,4876
2025-11-27T16:14:10.575622-08:00,write,key_969,306.91,true,false,4877
2025-11-27T16:14:10.578392-08:00,write,key_352,306.80,true,false,4878
2025-11-27T16:14:10.885199-08:00,read,key_45,4.40,true,false,2584
2025-11-27T16:14:10.889599-08:00,read,key_880,0.66,true,false,4664
2025-11-27T16:14:10.598192-08:00,write,key_482,303.34,true,false,4876
2025-11-27T16:14:10.901537-08:00,read,key_321,2.12,true,false,4643
2025-11-27T16:14:10.903661-08:00,read,key_589,0.73,true,false,4870
2025-11-27T16:14:10.904396-08:00,read,key_381,0.50,true,false,1177
2025-11-27T16:14:10.614986-08:00,write,key_867,308.18,true,false,4877
2025-11-27T16:14:10.923168-08:00,read,key_3,1.49,true,false,2575
2025-11-27T16:14:10.621019-08:00,write,key_402,305.87,true,false,4877
2025-11-27T16:14:10.92689-08:00,read,key_382,1.37,true,false,4310
2025-11-27T16:14:10.928258-08:00,read,key_326,2.14,true,false,4652
2025-11-27T16:14:10.675877-08:00,write,key_753,307.88,true,false,4878
2025-11-27T16:14:10.831132-08:00,write,key_255,306.34,true,false,4877
2025-11-27T16:14:10.833152-08:00,write,key_9,306.54,true,false,4879
2025-11-27T16:14:10.839656-08:00,write,key_0,303.30,true,false,4879
2025-11-27T16:14:11.142958-08:00,read,key_193,2.17,true,false,4860
2025-11-27T16:14:11.145125-08:00,read,key_450,1.30,true,false,1728
2025-11-27T16:14:11.146429-08:00,read,key_122,1.25,true,false,511
2025-11-27T16:14:11.147685-08:00,read,key_757,1.09,true,false,4549
2025-11-27T16:14:10.882539-08:00,write,key_591,305.33,true,false,4880
2025-11-27T16:14:10.876165-08:00,write,key_751,311.71,true,false,4880
2025-11-27T16:14:11.187874-08:00,read,key_764,1.57,true,false,4861
2025-11-27T16:14:10.89026-08:00,write,key_311,304.29,true,false,4879
2025-11-27T16:14:10.904899-08:00,write,key_917,308.20,true,false,4879
2025-11-27T16:14:11.213099-08:00,read,key_879,1.84,true,false,4874
2025-11-27T16:14:10.924655-08:00,write,key_83,306.29,true,false,4880
2025-11-27T16:14:11.230947-08:00,read,key_723,3.82,true,false,4852
2025-11-27T16:14:10.9304-08:00,write,key_874,308.24,true,false,4879
2025-11-27T16:14:10.983762-08:00,write,key_703,307.95,true,false,4880
2025-11-27T16:14:11.291711-08:00,read,key_598,3.29,true,false,4040
2025-11-27T16:14:11.139699-08:00,write,key_611,306.50,true,false,4881
2025-11-27T16:14:11.137474-08:00,write,key_616,308.73,true,false,4881
2025-11-27T16:14:11.446204-08:00,read,key_782,1.92,true,false,4822
2025-11-27T16:14:11.148778-08:00,write,key_427,304.19,true,false,4882
2025-11-27T16:14:11.452966-08:00,read,key_115,0.80,true,false,4355
2025-11-27T16:14:11.187874-08:00,write,key_193,308.38,true,false,4881
2025-11-27T16:14:11.189443-08:00,write,key_837,307.50,true,false,4882
2025-11-27T16:14:11.496254-08:00,read,key_627,1.98,true,false,4839
2025-11-27T16:14:11.194555-08:00,write,key_960,304.38,true,false,4882
2025-11-27T16:14:11.498231-08:00,read,key_177,2.06,true,false,4805
2025-11-27T16:14:11.214936-08:00,write,key_719,308.93,true,false,4881
2025-11-27T16:14:11.234768-08:00,write,key_684,310.98,true,false,4883
2025-11-27T16:14:11.545749-08:00,read,key_587,1.63,true,false,3281
2025-11-27T16:14:11.238645-08:00,write,key_124,309.67,true,false,4882
2025-11-27T16:14:11.54738-08:00,read,key_786,1.90,true,false,1236
2025-11-27T16:14:11.549281-08:00,read,key_551,3.08,true,false,4782
2025-11-27T16:14:11.552365-08:00,read,key_960,1.25,true,false,4882
2025-11-27T16:14:11.294999-08:00,write,key_615,306.92,true,false,4883
2025-11-27T16:14:11.601919-08:00,read,key_125,1.81,true,false,4791
2025-11-27T16:14:11.448121-08:00,write,key_695,305.91,true,false,4884
2025-11-27T16:14:11.446208-08:00,write,key_112,307.83,true,false,4884
2025-11-27T16:14:11.754037-08:00,read,key_712,1.31,true,false,4681
2025-11-27T16:14:11.453771-08:00,write,key_765,305.22,true,false,4885
2025-11-27T16:14:11.758997-08:00,read,key_900,0.48,true,false,3475
2025-11-27T16:14:11.759475-08:00,read,key_341,0.45,true,false,4724
2025-11-27T16:14:11.759931-08:00,read,key_830,0.41,true,false,4573
2025-11-27T16:14:11.49894-08:00,write,key_81,308.97,true,false,4883
2025-11-27T16:14:11.500296-08:00,write,key_85,307.73,true,false,4887
2025-11-27T16:14:11.496946-08:00,write,key_117,311.24,true,false,4886
2025-11-27T16:14:11.807917-08:00,read,key_445,4.64,true,false,1060
2025-11-27T16:14:11.523869-08:00,write,key_765,304.84,true,false,4884
2025-11-27T16:14:11.828711-08:00,read,key_759,1.09,true,false,4429
2025-11-27T16:14:11.548316-08:00,write,key_183,310.17,true,false,4884
2025-11-27T16:14:11.553618-08:00,write,key_492,304.93,true,false,4885
2025-11-27T16:14:11.603729-08:00,write,key_875,305.08,true,false,4888
2025-11-27T16:14:11.908813-08:00,read,key_77,3.08,true,false,4831
2025-11-27T16:14:11.911893-08:00,read,key_616,1.06,true,false,4881
2025-11-27T16:14:11.912954-08:00,read,key_915,1.81,true,false,4857
2025-11-27T16:14:11.914766-08:00,read,key_232,2.94,true,false,4865
2025-11-27T16:14:11.754042-08:00,write,key_604,321.16,true,false,4886
2025-11-27T16:14:11.755343-08:00,write,key_866,319.89,true,false,4889
2025-11-27T16:14:11.76034-08:00,write,key_418,314.89,true,false,4886
2025-11-27T16:14:12.07521-08:00,read,key_254,0.66,true,false,2952
2025-11-27T16:14:12.075874-08:00,read,key_613,1.16,true,false,4811
2025-11-27T16:14:12.075232-08:00,read,key_931,1.81,true,false,3727
2025-11-27T16:14:12.077046-08:00,read,key_692,0.80,true,false,4839
2025-11-27T16:14:12.07785-08:00,read,key_715,0.69,false,false,0
2025-11-27T16:14:11.81256-08:00,write,key_604,310.47,true,false,4890
2025-11-27T16:14:11.80819-08:00,write,key_561,316.06,true,false,4889
2025-11-27T16:14:11.808023-08:00,write,key_590,316.30,true,false,4888
2025-11-27T16:14:12.123034-08:00,read,key_983,2.18,true,false,2555
2025-11-27T16:14:12.125218-08:00,read,key_861,1.24,true,false,4644
2025-11-27T16:14:12.12646-08:00,read,key_449,1.05,true,false,4817
2025-11-27T16:14:11.829805-08:00,write,key_880,305.47,true,false,4888
2025-11-27T16:14:12.135278-08:00,read,key_801,1.53,true,false,2496
2025-11-27T16:14:12.136809-08:00,read,key_151,1.72,true,false,4634
2025-11-27T16:14:11.85849-08:00,write,key_121,318.77,true,false,4891
2025-11-27T16:14:11.858549-08:00,write,key_935,318.75,true,false,4892
2025-11-27T16:14:12.177296-08:00,read,key_75,0.81,true,false,4674
2025-11-27T16:14:12.177261-08:00,read,key_663,0.88,true,false,4862
2025-11-27T16:14:12.178142-08:00,read,key_590,0.82,true,false,4888
2025-11-27T16:14:12.178105-08:00,read,key_552,0.91,true,false,4851
2025-11-27T16:14:12.178961-08:00,read,key_785,2.24,true,false,3946
2025-11-27T16:14:11.917712-08:00,write,key_426,306.73,true,false,4890
2025-11-27T16:14:12.075231-08:00,write,key_187,306.81,true,false,4893
2025-11-27T16:14:12.078545-08:00,write,key_908,303.51,true,false,4893
2025-11-27T16:14:12.077038-08:00,write,key_256,305.13,true,false,4891
2025-11-27T16:14:12.382049-08:00,read,key_814,2.15,true,false,4514
2025-11-27T16:14:12.124249-08:00,write,key_594,308.83,true,false,4891
2025-11-27T16:14:12.124321-08:00,write,key_56,308.92,true,false,4894
2025-11-27T16:14:12.12751-08:00,write,key_764,305.73,true,false,4892
2025-11-27T16:14:12.433241-08:00,read,key_229,1.45,true,false,792
2025-11-27T16:14:12.434695-08:00,read,key_554,4.52,true,false,333
2025-11-27T16:14:12.138529-08:00,write,key_978,304.47,true,false,4893
2025-11-27T16:14:12.179015-08:00,write,key_764,303.97,true,false,4894
2025-11-27T16:14:12.181197-08:00,write,key_62,303.71,true,false,4893
2025-11-27T16:14:12.224442-08:00,write,key_120,305.96,true,false,4895
2025-11-27T16:14:12.384205-08:00,write,key_15,307.08,true,false,4894
2025-11-27T16:14:12.382062-08:00,write,key_758,309.28,true,false,4894
2025-11-27T16:14:12.38217-08:00,write,key_727,309.64,true,false,4894
2025-11-27T16:14:12.691807-08:00,read,key_41,5.71,true,false,2528
2025-11-27T16:14:12.691343-08:00,read,key_426,6.84,true,false,4890
2025-11-27T16:14:12.698184-08:00,read,key_424,0.69,true,false,4862
2025-11-27T16:14:12.433083-08:00,write,key_481,305.39,true,false,4895
2025-11-27T16:14:12.433246-08:00,write,key_251,305.24,true,false,4896
2025-11-27T16:14:12.738476-08:00,read,key_726,1.15,true,false,4780
2025-11-27T16:14:12.439213-08:00,write,key_162,303.51,true,false,4896
2025-11-27T16:14:12.742727-08:00,read,key_906,0.73,true,false,3793
2025-11-27T16:14:12.743458-08:00,read,key_646,0.81,true,false,4533
2025-11-27T16:14:12.443005-08:00,write,key_326,306.96,true,false,4897
2025-11-27T16:14:12.749969-08:00,read,key_556,1.25,true,false,3703
2025-11-27T16:14:12.484913-08:00,write,key_460,308.42,true,false,4896
2025-11-27T16:14:12.482993-08:00,write,key_327,310.54,true,false,4898
2025-11-27T16:14:12.793336-08:00,read,key_864,3.00,true,false,4771
2025-11-27T16:14:12.793533-08:00,read,key_885,2.83,true,false,4604
2025-11-27T16:14:12.796363-08:00,read,key_762,1.00,true,false,1117
2025-11-27T16:14:12.797365-08:00,read,key_968,0.80,true,false,4675
2025-11-27T16:14:12.796339-08:00,read,key_594,2.64,true,false,4891
2025-11-27T16:14:12.798978-08:00,read,key_666,0.79,true,false,4868
2025-11-27T16:14:12.799764-08:00,read,key_667,0.93,true,false,4824
2025-11-27T16:14:12.8007-08:00,read,key_712,2.43,true,false,4681
2025-11-27T16:14:12.80313-08:00,read,key_463,0.71,true,false,4818
2025-11-27T16:14:12.803838-08:00,read,key_119,0.69,true,false,4854
2025-11-27T16:14:12.530416-08:00,write,key_123,310.34,true,false,4897
2025-11-27T16:14:12.840766-08:00,read,key_908,0.95,true,false,4893
2025-11-27T16:14:12.841713-08:00,read,key_835,1.01,true,false,4767
2025-11-27T16:14:12.842721-08:00,read,key_698,0.86,true,false,4573
2025-11-27T16:14:12.691294-08:00,write,key_2,312.23,true,false,4898
2025-11-27T16:14:12.697523-08:00,write,key_449,307.12,true,false,4896
2025-11-27T16:14:12.698876-08:00,write,key_767,305.84,true,false,4899
2025-11-27T16:14:13.00465-08:00,read,key_50,1.21,true,false,4470
2025-11-27T16:14:13.004715-08:00,read,key_697,1.37,true,false,4454
2025-11-27T16:14:12.738484-08:00,write,key_140,306.77,true,false,4897
2025-11-27T16:14:12.739629-08:00,write,key_533,305.64,true,false,4897
2025-11-27T16:14:12.744267-08:00,write,key_596,305.02,true,false,4898
2025-11-27T16:14:13.049288-08:00,read,key_597,2.12,true,false,4306
2025-11-27T16:14:12.75122-08:00,write,key_166,303.81,true,false,4899
2025-11-27T16:14:12.798162-08:00,write,key_441,306.01,true,false,4900
2025-11-27T16:14:12.804535-08:00,write,key_718,304.34,true,false,4900
2025-11-27T16:14:13.10888-08:00,read,key_782,2.27,true,false,4822
2025-11-27T16:14:12.843587-08:00,write,key_985,307.37,true,false,4900
2025-11-27T16:14:13.005865-08:00,write,key_882,305.15,true,false,4901
2025-11-27T16:14:13.00353-08:00,write,key_576,307.50,true,false,4900
2025-11-27T16:14:13.006082-08:00,write,key_253,305.16,true,false,4901
2025-11-27T16:14:13.311022-08:00,read,key_788,2.07,true,false,1890
2025-11-27T16:14:13.311246-08:00,read,key_558,3.52,true,false,3411
2025-11-27T16:14:13.313091-08:00,read,key_407,1.92,true,false,2858
2025-11-27T16:14:13.314772-08:00,read,key_646,1.03,true,false,4533
2025-11-27T16:14:13.315008-08:00,read,key_313,0.85,true,false,4570
2025-11-27T16:14:13.315804-08:00,read,key_768,1.20,true,false,4694
2025-11-27T16:14:13.317008-08:00,read,key_744,0.62,true,false,4709
2025-11-27T16:14:13.045252-08:00,write,key_753,308.13,true,false,4902
2025-11-27T16:14:13.04527-08:00,write,key_380,308.11,true,false,4903
2025-11-27T16:14:13.353385-08:00,read,key_504,0.94,true,false,4666
2025-11-27T16:14:13.354326-08:00,read,key_47,0.98,true,false,1908
2025-11-27T16:14:13.355302-08:00,read,key_421,0.89,true,false,4540
2025-11-27T16:14:13.356198-08:00,read,key_617,1.00,true,false,4851
2025-11-27T16:14:13.051412-08:00,write,key_755,305.86,true,false,4904
2025-11-27T16:14:13.357195-08:00,read,key_722,1.04,true,false,4687
2025-11-27T16:14:13.357272-08:00,read,key_654,0.99,true,false,1841
2025-11-27T16:14:13.358235-08:00,read,key_555,0.68,true,false,4860
2025-11-27T16:14:13.055032-08:00,write,key_889,305.49,true,false,4902
2025-11-27T16:14:13.36052-08:00,read,key_716,0.99,true,false,4648
2025-11-27T16:14:13.361509-08:00,read,key_451,0.73,true,false,4902
2025-11-27T16:14:13.362238-08:00,read,key_9,0.68,true,false,4879
2025-11-27T16:14:13.111156-08:00,write,key_451,304.67,true,false,4902
2025-11-27T16:14:13.104173-08:00,write,key_229,311.70,true,false,4903
2025-11-27T16:14:13.415827-08:00,read,key_634,4.98,true,false,4583
2025-11-27T16:14:13.420812-08:00,read,key_768,1.10,true,false,4694
2025-11-27T16:14:13.421916-08:00,read,key_740,1.36,true,false,4519
2025-11-27T16:14:13.423273-08:00,read,key_168,0.69,true,false,4834
2025-11-27T16:14:13.423963-08:00,read,key_112,0.61,true,false,4884
2025-11-27T16:14:13.424571-08:00,read,key_254,0.42,true,false,2952
2025-11-27T16:14:13.424996-08:00,read,key_115,1.03,true,false,4355
2025-11-27T16:14:13.426028-08:00,read,key_250,0.68,true,false,3607
2025-11-27T16:14:13.150958-08:00,write,key_183,309.27,true,false,4905
2025-11-27T16:14:13.311036-08:00,write,key_827,307.30,true,false,4904
2025-11-27T16:14:13.618343-08:00,read,key_873,1.56,true,false,4870
2025-11-27T16:14:13.317633-08:00,write,key_868,305.20,true,false,4906
2025-11-27T16:14:13.315864-08:00,write,key_625,309.09,true,false,4906
2025-11-27T16:14:13.624953-08:00,read,key_582,2.99,true,false,3203
2025-11-27T16:14:13.358917-08:00,write,key_422,309.17,true,false,4906
2025-11-27T16:14:13.35826-08:00,write,key_698,309.88,true,false,4905
2025-11-27T16:14:13.362918-08:00,write,key_872,305.29,true,false,4907
2025-11-27T16:14:13.353384-08:00,write,key_447,314.89,true,false,4905
2025-11-27T16:14:13.668211-08:00,read,key_695,1.69,true,false,4884
2025-11-27T16:14:13.668095-08:00,read,key_507,1.95,true,false,1175
2025-11-27T16:14:13.668275-08:00,read,key_767,4.29,true,false,4899
2025-11-27T16:14:13.668145-08:00,read,key_630,4.43,true,false,3815
2025-11-27T16:14:13.672579-08:00,read,key_429,1.39,true,false,2637
2025-11-27T16:14:13.672565-08:00,read,key_660,1.47,true,false,2422
2025-11-27T16:14:13.674037-08:00,read,key_876,0.59,true,false,4504
2025-11-27T16:14:13.415875-08:00,write,key_280,307.17,true,false,4905
2025-11-27T16:14:13.426712-08:00,write,key_711,305.30,true,false,4907
2025-11-27T16:14:13.732016-08:00,read,key_372,0.52,true,false,3518
2025-11-27T16:14:13.460229-08:00,write,key_265,314.53,true,false,4906
2025-11-27T16:14:13.774763-08:00,read,key_708,4.48,true,false,4618
2025-11-27T16:14:13.619901-08:00,write,key_760,305.61,true,false,4907
2025-11-27T16:14:13.925514-08:00,read,key_976,0.73,true,false,4627
2025-11-27T16:14:13.92625-08:00,read,key_876,0.67,true,false,4504
2025-11-27T16:14:13.622836-08:00,write,key_830,307.37,true,false,4908
2025-11-27T16:14:13.93021-08:00,read,key_750,0.74,true,false,4874
2025-11-27T16:14:13.62794-08:00,write,key_465,309.84,true,false,4909
2025-11-27T16:14:13.670041-08:00,write,key_423,313.37,true,false,4908
2025-11-27T16:14:13.669899-08:00,write,key_586,313.55,true,false,4908
2025-11-27T16:14:13.674624-08:00,write,key_717,308.86,true,false,4908
2025-11-27T16:14:13.673969-08:00,write,key_730,309.52,true,false,4910
2025-11-27T16:14:13.98349-08:00,read,key_63,1.86,true,false,1280
2025-11-27T16:14:13.983451-08:00,read,key_147,2.27,true,false,900
2025-11-27T16:14:13.985354-08:00,read,key_58,2.24,true,false,4807
2025-11-27T16:14:13.723045-08:00,write,key_904,305.83,true,false,4911
2025-11-27T16:14:14.028875-08:00,read,key_809,1.50,true,false,4438
2025-11-27T16:14:14.030373-08:00,read,key_444,1.18,true,false,4587
2025-11-27T16:14:14.031552-08:00,read,key_408,1.34,true,false,780
2025-11-27T16:14:13.732595-08:00,write,key_173,303.86,true,false,4909
2025-11-27T16:14:13.77924-08:00,write,key_692,305.86,true,false,4909
2025-11-27T16:14:14.085104-08:00,read,key_129,2.53,true,false,835
2025-11-27T16:14:13.926923-08:00,write,key_695,307.97,true,false,4912
2025-11-27T16:14:13.930949-08:00,write,key_580,305.43,true,false,4912
2025-11-27T16:14:13.937781-08:00,write,key_855,305.35,true,false,4913
2025-11-27T16:14:13.983417-08:00,write,key_617,307.09,true,false,4911
2025-11-27T16:14:13.983493-08:00,write,key_463,307.03,true,false,4911
2025-11-27T16:14:13.985721-08:00,write,key_789,304.85,true,false,4912
2025-11-27T16:14:14.290611-08:00,read,key_191,3.58,true,false,4841
2025-11-27T16:14:14.290762-08:00,read,key_709,3.45,true,false,2889
2025-11-27T16:14:14.294216-08:00,read,key_197,1.09,true,false,4875
2025-11-27T16:14:14.295306-08:00,read,key_766,0.74,true,false,4865
2025-11-27T16:14:13.987598-08:00,write,key_660,308.56,true,false,4913
2025-11-27T16:14:14.296156-08:00,read,key_751,0.73,true,false,4880
2025-11-27T16:14:14.296882-08:00,read,key_265,0.67,true,false,4906
2025-11-27T16:14:14.036461-08:00,write,key_49,307.76,true,false,4913
2025-11-27T16:14:14.032889-08:00,write,key_74,311.66,true,false,4914
2025-11-27T16:14:14.344555-08:00,read,key_752,2.10,true,false,4861
2025-11-27T16:14:14.344226-08:00,read,key_751,2.49,true,false,4880
2025-11-27T16:14:14.346715-08:00,read,key_698,1.32,true,false,4905
2025-11-27T16:14:14.087631-08:00,write,key_26,309.98,true,false,4915
2025-11-27T16:14:14.397615-08:00,read,key_376,1.20,true,false,4684
2025-11-27T16:14:14.398812-08:00,read,key_456,1.42,true,false,2071
2025-11-27T16:14:14.400231-08:00,read,key_782,2.04,true,false,4822
2025-11-27T16:14:14.234902-08:00,write,key_168,308.46,true,false,4916
2025-11-27T16:14:14.236384-08:00,write,key_1,307.02,true,false,4914
2025-11-27T16:14:14.243135-08:00,write,key_151,304.44,true,false,4917
2025-11-27T16:14:14.543362-08:00,read,key_257,4.24,true,false,3143
2025-11-27T16:14:14.54758-08:00,read,key_890,1.19,true,false,4397
2025-11-27T16:14:14.294187-08:00,write,key_694,309.24,true,false,4914
2025-11-27T16:14:14.29605-08:00,write,key_7,307.44,true,false,4918
2025-11-27T16:14:14.290513-08:00,write,key_442,313.14,true,false,4915
2025-11-27T16:14:14.297552-08:00,write,key_618,306.46,true,false,4914
2025-11-27T16:14:14.603434-08:00,read,key_672,5.83,true,false,4808
2025-11-27T16:14:14.603489-08:00,read,key_789,6.12,true,false,4912
2025-11-27T16:14:14.604015-08:00,read,key_972,5.62,true,false,4458
2025-11-27T16:14:14.609268-08:00,read,key_966,2.87,true,false,4835
2025-11-27T16:14:14.609608-08:00,read,key_590,2.78,true,false,4888
2025-11-27T16:14:14.612139-08:00,read,key_550,0.51,true,false,3447
2025-11-27T16:14:14.612393-08:00,read,key_888,0.55,true,false,4626
2025-11-27T16:14:14.612945-08:00,read,key_885,0.68,true,false,4604
2025-11-27T16:14:14.613623-08:00,read,key_428,1.21,true,false,4551
2025-11-27T16:14:14.346656-08:00,write,key_984,310.41,true,false,4919
2025-11-27T16:14:14.34804-08:00,write,key_429,309.16,true,false,4920
2025-11-27T16:14:14.657197-08:00,read,key_662,3.55,true,false,4844
2025-11-27T16:14:14.402269-08:00,write,key_158,310.33,true,false,4919
2025-11-27T16:14:14.712598-08:00,read,key_933,1.67,true,false,4806
2025-11-27T16:14:14.714274-08:00,read,key_610,1.61,true,false,4811
2025-11-27T16:14:14.543406-08:00,write,key_831,307.60,true,false,4917
2025-11-27T16:14:14.547606-08:00,write,key_807,304.51,true,false,4918
2025-11-27T16:14:14.548769-08:00,write,key_625,304.10,true,false,4918
2025-11-27T16:14:14.852871-08:00,read,key_650,1.13,true,false,4865
2025-11-27T16:14:14.853999-08:00,read,key_216,1.22,true,false,4695
2025-11-27T16:14:14.603652-08:00,write,key_910,314.53,true,false,4921
2025-11-27T16:14:14.609631-08:00,write,key_623,308.62,true,false,4919
2025-11-27T16:14:14.612649-08:00,write,key_180,305.76,true,false,4922
2025-11-27T16:14:14.614832-08:00,write,key_441,307.81,true,false,4919
2025-11-27T16:14:14.657074-08:00,write,key_980,307.14,true,false,4921
2025-11-27T16:14:14.964226-08:00,read,key_908,2.28,true,false,4893
2025-11-27T16:14:14.660752-08:00,write,key_10,306.60,true,false,4923
2025-11-27T16:14:14.966512-08:00,read,key_185,1.29,true,false,4825
2025-11-27T16:14:14.967804-08:00,read,key_510,1.12,true,false,4620
2025-11-27T16:14:14.715887-08:00,write,key_554,307.35,true,false,4923
2025-11-27T16:14:14.855222-08:00,write,key_564,306.79,true,false,4921
2025-11-27T16:14:14.851025-08:00,write,key_701,311.10,true,false,4922
2025-11-27T16:14:14.85212-08:00,write,key_764,310.09,true,false,4924
2025-11-27T16:14:15.162122-08:00,read,key_787,4.20,true,false,4842
2025-11-27T16:14:15.166324-08:00,read,key_41,1.25,true,false,2528
2025-11-27T16:14:14.918251-08:00,write,key_539,314.45,true,false,4923
2025-11-27T16:14:14.92265-08:00,write,key_791,310.08,true,false,4924
2025-11-27T16:14:14.918183-08:00,write,key_470,314.71,true,false,4923
2025-11-27T16:14:14.918414-08:00,write,key_474,314.50,true,false,4924
2025-11-27T16:14:15.232728-08:00,read,key_760,2.65,true,false,4926
2025-11-27T16:14:14.968925-08:00,write,key_744,308.15,true,false,4925
2025-11-27T16:14:14.967354-08:00,write,key_42,309.72,true,false,4925
2025-11-27T16:14:15.023254-08:00,write,key_690,311.50,true,false,4924
2025-11-27T16:14:15.162013-08:00,write,key_512,312.17,true,false,4925
2025-11-27T16:14:15.162212-08:00,write,key_760,312.01,true,false,4926
2025-11-27T16:14:15.167576-08:00,write,key_908,306.67,true,false,4926
2025-11-27T16:14:15.474191-08:00,read,key_165,1.92,true,false,4603
2025-11-27T16:14:15.476118-08:00,read,key_179,1.30,true,false,2008
2025-11-27T16:14:15.232916-08:00,write,key_766,309.19,true,false,4927
2025-11-27T16:14:15.232701-08:00,write,key_710,309.47,true,false,4925
2025-11-27T16:14:15.2329-08:00,write,key_893,309.35,true,false,4927
2025-11-27T16:14:15.235376-08:00,write,key_18,306.93,true,false,4926
2025-11-27T16:14:15.542304-08:00,read,key_944,1.78,true,false,4358
2025-11-27T16:14:15.542113-08:00,read,key_116,2.05,true,false,4202
2025-11-27T16:14:15.544163-08:00,read,key_766,2.21,true,false,4927
2025-11-27T16:14:15.544089-08:00,read,key_467,2.34,true,false,4815
2025-11-27T16:14:15.546372-08:00,read,key_87,3.81,true,false,2354
2025-11-27T16:14:15.546435-08:00,read,key_266,3.80,true,false,4857
2025-11-27T16:14:15.277075-08:00,write,key_853,306.88,true,false,4928
2025-11-27T16:14:15.583961-08:00,read,key_724,1.87,true,false,4055
2025-11-27T16:14:15.277078-08:00,write,key_211,308.97,true,false,4927
2025-11-27T16:14:15.585833-08:00,read,key_347,2.27,true,false,4665
2025-11-27T16:14:15.586054-08:00,read,key_760,2.10,true,false,4926
2025-11-27T16:14:15.588103-08:00,read,key_767,1.13,true,false,4899
2025-11-27T16:14:15.588157-08:00,read,key_803,1.13,true,false,2058
2025-11-27T16:14:15.589238-08:00,read,key_911,1.10,true,false,4866
2025-11-27T16:14:15.334762-08:00,write,key_701,309.94,true,false,4928
2025-11-27T16:14:15.474251-08:00,write,key_479,305.01,true,false,4929
2025-11-27T16:14:15.474219-08:00,write,key_615,305.07,true,false,4929
2025-11-27T16:14:15.77926-08:00,read,key_654,0.74,true,false,1841
2025-11-27T16:14:15.779288-08:00,read,key_656,0.72,true,false,4824
2025-11-27T16:14:15.477424-08:00,write,key_597,303.40,true,false,4928
2025-11-27T16:14:15.780825-08:00,read,key_253,1.45,true,false,4933
2025-11-27T16:14:15.782276-08:00,read,key_159,0.47,true,false,3373
2025-11-27T16:14:15.54225-08:00,write,key_611,307.74,true,false,4930
2025-11-27T16:14:15.542176-08:00,write,key_725,307.83,true,false,4928
2025-11-27T16:14:15.550184-08:00,write,key_76,303.50,true,false,4929
2025-11-27T16:14:15.853686-08:00,read,key_890,1.12,true,false,4397
2025-11-27T16:14:15.854804-08:00,read,key_49,0.85,true,false,4913
2025-11-27T16:14:15.550234-08:00,write,key_814,305.43,true,false,4931
2025-11-27T16:14:15.855668-08:00,read,key_552,1.07,true,false,4851
2025-11-27T16:14:15.58929-08:00,write,key_337,305.40,true,false,4929
2025-11-27T16:14:15.590342-08:00,write,key_865,304.39,true,false,4932
2025-11-27T16:14:15.894695-08:00,read,key_638,1.38,true,false,4693
2025-11-27T16:14:15.896081-08:00,read,key_40,0.99,true,false,2269
2025-11-27T16:14:15.644708-08:00,write,key_363,310.01,true,false,4930
2025-11-27T16:14:15.954723-08:00,read,key_324,1.54,true,false,4183
2025-11-27T16:14:15.956265-08:00,read,key_266,4.91,true,false,4857
2025-11-27T16:14:15.961174-08:00,read,key_931,1.42,true,false,3727
2025-11-27T16:14:15.782744-08:00,write,key_900,305.52,true,false,4930
2025-11-27T16:14:15.779997-08:00,write,key_253,308.28,true,false,4933
2025-11-27T16:14:15.780013-08:00,write,key_618,308.27,true,false,4934
2025-11-27T16:14:15.850008-08:00,write,key_938,309.22,true,false,4931
2025-11-27T16:14:15.84999-08:00,write,key_698,309.32,true,false,4933
2025-11-27T16:14:15.855654-08:00,write,key_79,304.86,true,false,4932
2025-11-27T16:14:16.159231-08:00,read,key_917,2.20,true,false,4879
2025-11-27T16:14:16.159311-08:00,read,key_629,2.17,true,false,4442
2025-11-27T16:14:16.161429-08:00,read,key_499,1.38,true,false,4733
2025-11-27T16:14:16.161486-08:00,read,key_63,1.42,true,false,1280
2025-11-27T16:14:15.856737-08:00,write,key_375,306.21,true,false,4934
2025-11-27T16:14:16.16295-08:00,read,key_874,1.38,true,false,4879
2025-11-27T16:14:16.164336-08:00,read,key_670,2.26,true,false,3313
2025-11-27T16:14:16.162905-08:00,read,key_653,5.09,true,false,4575
2025-11-27T16:14:16.16281-08:00,read,key_464,5.22,true,false,4811
2025-11-27T16:14:16.166602-08:00,read,key_464,1.58,true,false,4811
2025-11-27T16:14:16.167995-08:00,read,key_739,1.07,true,false,3556
2025-11-27T16:14:15.894736-08:00,write,key_446,307.21,true,false,4933
2025-11-27T16:14:15.897069-08:00,write,key_761,304.91,true,false,4933
2025-11-27T16:14:16.201981-08:00,read,key_969,3.63,true,false,4877
2025-11-27T16:14:15.962596-08:00,write,key_650,304.92,true,false,4933
2025-11-27T16:14:16.267517-08:00,read,key_343,0.96,true,false,4560
2025-11-27T16:14:16.268477-08:00,read,key_458,0.75,true,false,4010
2025-11-27T16:14:16.269225-08:00,read,key_550,2.48,true,false,3447
2025-11-27T16:14:16.088266-08:00,write,key_557,308.46,true,false,4935
2025-11-27T16:14:16.088286-08:00,write,key_265,310.83,true,false,4936
2025-11-27T16:14:16.088279-08:00,write,key_185,310.87,true,false,4935
2025-11-27T16:14:16.399124-08:00,read,key_809,5.54,true,false,4438
2025-11-27T16:14:16.404664-08:00,read,key_600,1.65,true,false,4647
2025-11-27T16:14:16.160513-08:00,write,key_121,310.77,true,false,4935
2025-11-27T16:14:16.16803-08:00,write,key_860,307.85,true,false,4936
2025-11-27T16:14:16.169066-08:00,write,key_551,307.10,true,false,4935
2025-11-27T16:14:16.168178-08:00,write,key_617,307.99,true,false,4935
2025-11-27T16:14:16.471291-08:00,read,key_149,6.51,true,false,1326
2025-11-27T16:14:16.47617-08:00,read,key_808,1.67,true,false,4112
2025-11-27T16:14:16.477839-08:00,read,key_714,1.23,false,false,0
2025-11-27T16:14:16.201952-08:00,write,key_757,305.69,true,false,4937
2025-11-27T16:14:16.205609-08:00,write,key_267,305.20,true,false,4938
2025-11-27T16:14:16.510807-08:00,read,key_617,1.27,true,false,4935
2025-11-27T16:14:16.271703-08:00,write,key_666,311.02,true,false,4936
2025-11-27T16:14:16.406317-08:00,write,key_454,303.75,true,false,4937
2025-11-27T16:14:16.396748-08:00,write,key_333,313.34,true,false,4939
2025-11-27T16:14:16.39915-08:00,write,key_492,310.98,true,false,4939
2025-11-27T16:14:16.710133-08:00,read,key_740,2.54,true,false,4519
2025-11-27T16:14:16.475879-08:00,write,key_330,312.90,true,false,4937
2025-11-27T16:14:16.476172-08:00,write,key_161,312.72,true,false,4940
2025-11-27T16:14:16.477804-08:00,write,key_163,311.27,true,false,4937
2025-11-27T16:14:16.479066-08:00,write,key_768,310.35,true,false,4938
2025-11-27T16:14:16.788783-08:00,read,key_972,2.97,true,false,4458
2025-11-27T16:14:16.789421-08:00,read,key_157,4.37,true,false,4683
2025-11-27T16:14:16.507644-08:00,write,key_751,310.52,true,false,4939
2025-11-27T16:14:16.512079-08:00,write,key_332,306.26,true,false,4939
2025-11-27T16:14:16.818165-08:00,read,key_429,1.44,true,false,4920
2025-11-27T16:14:16.81961-08:00,read,key_985,1.94,true,false,4900
2025-11-27T16:14:16.821554-08:00,read,key_255,1.53,true,false,4877
2025-11-27T16:14:16.82309-08:00,read,key_260,3.50,true,false,2532
2025-11-27T16:14:16.826587-08:00,read,key_567,1.33,true,false,3668
2025-11-27T16:14:16.82792-08:00,read,key_348,1.68,true,false,4665
2025-11-27T16:14:16.829599-08:00,read,key_389,1.60,true,false,3817
2025-11-27T16:14:16.831196-08:00,read,key_519,1.21,true,false,4629
2025-11-27T16:14:16.832404-08:00,read,key_409,1.06,true,false,4832
2025-11-27T16:14:16.582725-08:00,write,key_722,309.37,true,false,4941
2025-11-27T16:14:16.710066-08:00,write,key_151,307.59,true,false,4940
2025-11-27T16:14:16.712677-08:00,write,key_704,305.03,true,false,4942
2025-11-27T16:14:17.017665-08:00,read,key_252,1.83,true,false,4755
2025-11-27T16:14:16.710095-08:00,write,key_764,311.80,true,false,4941
2025-11-27T16:14:17.021901-08:00,read,key_800,1.31,true,false,2483
2025-11-27T16:14:16.791754-08:00,write,key_118,306.23,true,false,4943
2025-11-27T16:14:16.789075-08:00,write,key_484,308.95,true,false,4941
2025-11-27T16:14:16.788891-08:00,write,key_2,310.26,true,false,4942
2025-11-27T16:14:16.793787-08:00,write,key_677,306.86,true,false,4943
2025-11-27T16:14:17.097986-08:00,read,key_562,2.76,true,false,4856
2025-11-27T16:14:16.818341-08:00,write,key_660,308.51,true,false,4944
2025-11-27T16:14:17.126855-08:00,read,key_757,2.70,true,false,4937
2025-11-27T16:14:17.12956-08:00,read,key_180,0.88,true,false,4922
2025-11-27T16:14:16.833464-08:00,write,key_476,305.33,true,false,4943
2025-11-27T16:14:16.892097-08:00,write,key_969,306.95,true,false,4942
2025-11-27T16:14:17.199058-08:00,read,key_251,5.17,true,false,4896
2025-11-27T16:14:17.017707-08:00,write,key_102,305.52,true,false,4943
2025-11-27T16:14:17.019498-08:00,write,key_665,303.79,true,false,4945
2025-11-27T16:14:17.323288-08:00,read,key_762,0.95,true,false,1117
2025-11-27T16:14:17.324243-08:00,read,key_311,0.62,true,false,4879
2025-11-27T16:14:17.323232-08:00,read,key_119,2.00,true,false,4854
2025-11-27T16:14:17.325236-08:00,read,key_461,0.54,true,false,4844
2025-11-27T16:14:17.32578-08:00,read,key_181,0.76,true,false,2367
2025-11-27T16:14:17.326539-08:00,read,key_384,0.69,true,false,4789
2025-11-27T16:14:17.023213-08:00,write,key_86,304.68,true,false,4943
2025-11-27T16:14:17.327894-08:00,read,key_805,0.52,true,false,4595
2025-11-27T16:14:17.100645-08:00,write,key_756,307.56,true,false,4945
2025-11-27T16:14:17.098025-08:00,write,key_742,310.28,true,false,4945
2025-11-27T16:14:17.099154-08:00,write,key_915,309.91,true,false,4944
2025-11-27T16:14:17.100746-08:00,write,key_192,310.28,true,false,4946
2025-11-27T16:14:17.408205-08:00,read,key_46,5.13,true,false,4867
2025-11-27T16:14:17.411025-08:00,read,key_975,2.57,true,false,1565
2025-11-27T16:14:17.413595-08:00,read,key_422,1.67,true,false,4906
2025-11-27T16:14:17.409063-08:00,read,key_487,6.32,true,false,3302
2025-11-27T16:14:17.415271-08:00,read,key_514,1.05,true,false,4815
2025-11-27T16:14:17.130444-08:00,write,key_252,305.20,true,false,4945
2025-11-27T16:14:17.435649-08:00,read,key_66,1.11,true,false,4843
2025-11-27T16:14:17.436764-08:00,read,key_171,1.28,true,false,2057
2025-11-27T16:14:17.138793-08:00,write,key_659,307.27,true,false,4946
2025-11-27T16:14:17.446071-08:00,read,key_585,1.98,true,false,4867
2025-11-27T16:14:17.448057-08:00,read,key_195,2.27,true,false,4641
2025-11-27T16:14:17.450331-08:00,read,key_448,0.65,true,false,4795
2025-11-27T16:14:17.20423-08:00,write,key_992,308.00,true,false,4947
2025-11-27T16:14:17.324864-08:00,write,key_87,305.44,true,false,4946
2025-11-27T16:14:17.327229-08:00,write,key_447,303.18,true,false,4946
2025-11-27T16:14:17.328412-08:00,write,key_575,303.92,true,false,4948
2025-11-27T16:14:17.632333-08:00,read,key_289,0.98,true,false,544
2025-11-27T16:14:17.408308-08:00,write,key_697,311.00,true,false,4948
2025-11-27T16:14:17.41538-08:00,write,key_624,303.95,true,false,4949
2025-11-27T16:14:17.413334-08:00,write,key_46,306.06,true,false,4947
2025-11-27T16:14:17.719335-08:00,read,key_870,1.74,true,false,4659
2025-11-27T16:14:17.416319-08:00,write,key_708,305.42,true,false,4950
2025-11-27T16:14:17.438051-08:00,write,key_8,307.14,true,false,4951
2025-11-27T16:14:17.450981-08:00,write,key_897,307.21,true,false,4947
2025-11-27T16:14:17.758193-08:00,read,key_5,1.91,true,false,2513
2025-11-27T16:14:17.760102-08:00,read,key_564,1.51,true,false,4921
2025-11-27T16:14:17.512233-08:00,write,key_111,312.21,true,false,4948
2025-11-27T16:14:17.630314-08:00,write,key_60,305.44,true,false,4952
2025-11-27T16:14:17.630406-08:00,write,key_919,305.39,true,false,4948
2025-11-27T16:14:17.935799-08:00,read,key_975,2.21,true,false,1565
2025-11-27T16:14:17.633318-08:00,write,key_658,304.86,true,false,4953
2025-11-27T16:14:17.938179-08:00,read,key_187,1.32,true,false,4893
2025-11-27T16:14:17.939501-08:00,read,key_791,1.97,true,false,4924
2025-11-27T16:14:17.935755-08:00,read,key_84,5.76,true,false,4475
2025-11-27T16:14:17.71931-08:00,write,key_517,308.93,true,false,4951
2025-11-27T16:14:17.72108-08:00,write,key_906,310.42,true,false,4955
2025-11-27T16:14:17.719397-08:00,write,key_588,312.13,true,false,4954
2025-11-27T16:14:17.721736-08:00,write,key_151,309.80,true,false,4956
2025-11-27T16:14:18.031525-08:00,read,key_729,1.37,true,false,4837
2025-11-27T16:14:18.031535-08:00,read,key_900,2.41,true,false,4930
2025-11-27T16:14:18.033952-08:00,read,key_833,0.69,true,false,4801
2025-11-27T16:14:18.032893-08:00,read,key_873,1.77,true,false,4870
2025-11-27T16:14:18.034641-08:00,read,key_109,0.63,true,false,4785
2025-11-27T16:14:18.035269-08:00,read,key_676,0.65,true,false,4652
2025-11-27T16:14:18.034669-08:00,read,key_867,1.75,true,false,4877
2025-11-27T16:14:18.036417-08:00,read,key_904,0.72,true,false,4911
2025-11-27T16:14:18.037137-08:00,read,key_447,0.66,true,false,4946
2025-11-27T16:14:17.745196-08:00,write,key_63,304.47,true,false,4952
2025-11-27T16:14:18.049665-08:00,read,key_880,1.40,true,false,4888
2025-11-27T16:14:17.761612-08:00,write,key_465,305.80,true,false,4954
2025-11-27T16:14:17.824467-08:00,write,key_183,308.40,true,false,4952
2025-11-27T16:14:17.938016-08:00,write,key_626,305.49,true,false,4957
2025-11-27T16:14:17.941477-08:00,write,key_185,305.37,true,false,4954
2025-11-27T16:14:17.94152-08:00,write,key_110,305.38,true,false,4955
2025-11-27T16:14:18.246845-08:00,read,key_7,0.74,true,false,4918
2025-11-27T16:14:18.247585-08:00,read,key_624,0.69,true,false,4949
2025-11-27T16:14:18.2469-08:00,read,key_717,2.17,true,false,4908
2025-11-27T16:14:18.249066-08:00,read,key_588,0.64,true,false,4954
2025-11-27T16:14:18.249707-08:00,read,key_160,0.64,true,false,4586
2025-11-27T16:14:18.028252-08:00,write,key_622,308.37,true,false,4957
2025-11-27T16:14:18.031506-08:00,write,key_362,307.27,true,false,4958
2025-11-27T16:14:18.338778-08:00,read,key_717,1.87,true,false,4908
2025-11-27T16:14:18.336625-08:00,read,key_235,4.11,true,false,4067
2025-11-27T16:14:18.340732-08:00,read,key_497,1.48,true,false,4831
2025-11-27T16:14:18.0378-08:00,write,key_754,305.57,true,false,4957
2025-11-27T16:14:18.035917-08:00,write,key_983,308.32,true,false,4957
2025-11-27T16:14:18.34337-08:00,read,key_747,2.29,true,false,1749
2025-11-27T16:14:18.345659-08:00,read,key_441,0.97,true,false,4919
2025-11-27T16:14:18.051063-08:00,write,key_112,304.38,true,false,4958
2025-11-27T16:14:18.355447-08:00,read,key_900,0.67,true,false,4930
2025-11-27T16:14:18.356121-08:00,read,key_332,0.70,true,false,4939
2025-11-27T16:14:18.356819-08:00,read,key_366,0.51,true,false,2032
2025-11-27T16:14:18.067418-08:00,write,key_556,304.54,true,false,4958
2025-11-27T16:14:18.371957-08:00,read,key_555,0.57,true,false,4860
2025-11-27T16:14:18.132875-08:00,write,key_763,310.74,true,false,4959
2025-11-27T16:14:18.443619-08:00,read,key_751,2.36,true,false,4939
2025-11-27T16:14:18.243508-08:00,write,key_146,306.12,true,false,4958
2025-11-27T16:14:18.250349-08:00,write,key_990,303.99,true,false,4960
2025-11-27T16:14:18.248279-08:00,write,key_639,306.20,true,false,4960
2025-11-27T16:14:18.554476-08:00,read,key_372,1.78,true,false,3518
2025-11-27T16:14:18.34663-08:00,write,key_215,303.62,true,false,4959
2025-11-27T16:14:18.34065-08:00,write,key_501,309.61,true,false,4962
2025-11-27T16:14:18.344243-08:00,write,key_443,306.02,true,false,4959
2025-11-27T16:14:18.650258-08:00,read,key_716,2.38,true,false,4648
2025-11-27T16:14:18.342214-08:00,write,key_550,310.49,true,false,4961
2025-11-27T16:14:18.65026-08:00,read,key_109,2.86,true,false,4785
2025-11-27T16:14:18.650258-08:00,read,key_267,5.15,true,false,4938
2025-11-27T16:14:18.357332-08:00,write,key_623,302.54,true,false,4959
2025-11-27T16:14:18.659879-08:00,read,key_463,1.91,true,false,4911
2025-11-27T16:14:18.372529-08:00,write,key_289,309.03,true,false,4961
2025-11-27T16:14:18.44598-08:00,write,key_22,308.55,true,false,4963
2025-11-27T16:14:18.754531-08:00,read,key_252,1.52,true,false,4945
2025-11-27T16:14:18.756055-08:00,read,key_795,4.54,true,false,85
2025-11-27T16:14:18.760601-08:00,read,key_260,1.79,true,false,2532
2025-11-27T16:14:18.762389-08:00,read,key_454,0.79,true,false,4937
2025-11-27T16:14:18.76318-08:00,read,key_599,0.53,true,false,4719
2025-11-27T16:14:18.763706-08:00,read,key_705,0.47,true,false,4639
2025-11-27T16:14:18.549641-08:00,write,key_906,311.26,true,false,4960
2025-11-27T16:14:18.556259-08:00,write,key_478,305.63,true,false,4965
2025-11-27T16:14:18.55434-08:00,write,key_80,308.13,true,false,4964
2025-11-27T16:14:18.860917-08:00,read,key_28,3.60,true,false,4790
2025-11-27T16:14:18.862469-08:00,read,key_623,2.09,true,false,4959
2025-11-27T16:14:18.864558-08:00,read,key_893,0.91,true,false,4927
2025-11-27T16:14:18.864514-08:00,read,key_43,1.07,true,false,3584
2025-11-27T16:14:18.86558-08:00,read,key_515,0.91,true,false,4827
2025-11-27T16:14:18.866495-08:00,read,key_156,1.63,true,false,4847
2025-11-27T16:14:18.868123-08:00,read,key_72,0.68,true,false,4617
2025-11-27T16:14:18.653125-08:00,write,key_370,310.92,true,false,4963
2025-11-27T16:14:18.652642-08:00,write,key_420,311.43,true,false,4964
2025-11-27T16:14:18.65271-08:00,write,key_252,311.36,true,false,4966
2025-11-27T16:14:18.655411-08:00,write,key_930,308.78,true,false,4967
2025-11-27T16:14:18.661789-08:00,write,key_143,307.03,true,false,4963
2025-11-27T16:14:18.96405-08:00,read,key_657,4.81,true,false,4813
2025-11-27T16:14:18.681565-08:00,write,key_598,308.43,true,false,4964
2025-11-27T16:14:18.76418-08:00,write,key_166,317.99,true,false,4964
2025-11-27T16:14:18.86189-08:00,write,key_68,314.34,true,false,4968
2025-11-27T16:14:19.176244-08:00,read,key_812,1.75,true,false,2921
2025-11-27T16:14:19.177991-08:00,read,key_699,1.34,true,false,4430
2025-11-27T16:14:19.179332-08:00,read,key_936,1.24,true,false,2874
2025-11-27T16:14:19.180577-08:00,read,key_882,1.55,true,false,4901
2025-11-27T16:14:18.865473-08:00,write,key_903,318.35,true,false,4968
2025-11-27T16:14:19.182126-08:00,read,key_160,2.72,true,false,4586
2025-11-27T16:14:18.868806-08:00,write,key_69,316.08,true,false,4969
2025-11-27T16:14:19.183821-08:00,read,key_369,2.09,true,false,4732
2025-11-27T16:14:19.185916-08:00,read,key_788,0.54,true,false,1890
2025-11-27T16:14:18.968863-08:00,write,key_874,310.33,true,false,4969
2025-11-27T16:14:18.968818-08:00,write,key_497,310.38,true,false,4970
2025-11-27T16:14:18.964188-08:00,write,key_841,315.01,true,false,4968
2025-11-27T16:14:18.964071-08:00,write,key_963,315.18,true,false,4970
2025-11-27T16:14:18.964071-08:00,write,key_252,315.48,true,false,4968
2025-11-27T16:14:19.279197-08:00,read,key_683,2.19,true,false,4840
2025-11-27T16:14:18.99-08:00,write,key_702,304.58,true,false,4969
2025-11-27T16:14:19.294582-08:00,read,key_629,1.33,true,false,4442
2025-11-27T16:14:19.082183-08:00,write,key_527,305.95,true,false,4971
2025-11-27T16:14:19.184891-08:00,write,key_70,305.06,true,false,4970
2025-11-27T16:14:19.184843-08:00,write,key_761,305.12,true,false,4972
2025-11-27T16:14:19.186462-08:00,write,key_260,303.65,true,false,4970
2025-11-27T16:14:19.489965-08:00,read,key_984,2.75,true,false,4919
2025-11-27T16:14:19.49011-08:00,read,key_128,2.67,true,false,3418
2025-11-27T16:14:19.492779-08:00,read,key_362,1.28,true,false,4958
2025-11-27T16:14:19.492712-08:00,read,key_86,1.51,true,false,4943
2025-11-27T16:14:19.489956-08:00,read,key_693,5.03,true,false,4656
2025-11-27T16:14:19.494218-08:00,read,key_324,1.36,true,false,4183
2025-11-27T16:14:19.495578-08:00,read,key_163,1.66,true,false,4937
2025-11-27T16:14:19.281388-08:00,write,key_567,308.82,true,false,4971
2025-11-27T16:14:19.279197-08:00,write,key_611,311.06,true,false,4972
2025-11-27T16:14:19.279548-08:00,write,key_155,310.73,true,false,4971
2025-11-27T16:14:19.279249-08:00,write,key_708,311.13,true,false,4971
2025-11-27T16:14:19.279197-08:00,write,key_716,311.24,true,false,4973
2025-11-27T16:14:19.590384-08:00,read,key_971,4.56,true,false,3149
2025-11-27T16:14:19.59495-08:00,read,key_405,4.03,true,false,4710
2025-11-27T16:14:19.295911-08:00,write,key_448,304.63,true,false,4974
2025-11-27T16:14:19.600545-08:00,read,key_166,1.00,true,false,4964
2025-11-27T16:14:19.60155-08:00,read,key_348,0.46,true,false,4665
2025-11-27T16:14:19.602008-08:00,read,key_250,0.42,true,false,3607
2025-11-27T16:14:19.602426-08:00,read,key_882,0.43,true,false,4901
2025-11-27T16:14:19.388143-08:00,write,key_690,309.90,true,false,4975
2025-11-27T16:14:19.497243-08:00,write,key_188,306.51,true,false,4973
2025-11-27T16:14:19.494988-08:00,write,key_860,308.80,true,false,4977
2025-11-27T16:14:19.494061-08:00,write,key_693,309.76,true,false,4976
2025-11-27T16:14:19.803791-08:00,read,key_665,5.35,true,false,4945
2025-11-27T16:14:19.803826-08:00,read,key_918,5.36,true,false,4774
2025-11-27T16:14:19.590437-08:00,write,key_763,310.79,true,false,4974
2025-11-27T16:14:19.590276-08:00,write,key_516,311.02,true,false,4974
2025-11-27T16:14:19.590214-08:00,write,key_799,311.13,true,false,4975
2025-11-27T16:14:19.590262-08:00,write,key_257,311.87,true,false,4978
2025-11-27T16:14:19.901299-08:00,read,key_458,2.12,true,false,4010
2025-11-27T16:14:19.901342-08:00,read,key_908,4.14,true,false,4926
2025-11-27T16:14:19.901228-08:00,read,key_890,5.25,true,false,4397
2025-11-27T16:14:19.598984-08:00,write,key_960,308.29,true,false,4976
2025-11-27T16:14:19.905489-08:00,read,key_812,1.89,true,false,2921
2025-11-27T16:14:19.602857-08:00,write,key_713,307.14,true,false,4977
2025-11-27T16:14:19.907379-08:00,read,key_257,2.89,true,false,4978
2025-11-27T16:14:19.91-08:00,read,key_512,0.56,true,false,4925
2025-11-27T16:14:19.910561-08:00,read,key_862,0.47,true,false,4822
2025-11-27T16:14:19.911031-08:00,read,key_590,0.45,true,false,4888
2025-11-27T16:14:19.911487-08:00,read,key_152,1.08,true,false,2258
2025-11-27T16:14:19.912569-08:00,read,key_679,0.87,true,false,4388
2025-11-27T16:14:19.698042-08:00,write,key_764,321.59,true,false,4978
2025-11-27T16:14:19.80376-08:00,write,key_560,318.01,true,false,4978
2025-11-27T16:14:19.809187-08:00,write,key_904,312.66,true,false,4979
2025-11-27T16:14:19.809144-08:00,write,key_73,312.86,true,false,4979
2025-11-27T16:14:20.121846-08:00,read,key_599,2.32,true,false,4719
2025-11-27T16:14:20.122004-08:00,read,key_518,5.29,true,false,3114
2025-11-27T16:14:20.121778-08:00,read,key_117,5.56,true,false,4886
2025-11-27T16:14:19.903421-08:00,write,key_42,310.24,true,false,4979
2025-11-27T16:14:19.90728-08:00,write,key_332,306.44,true,false,4980
2025-11-27T16:14:19.902137-08:00,write,key_130,311.63,true,false,4979
2025-11-27T16:14:19.906478-08:00,write,key_154,307.31,true,false,4979
2025-11-27T16:14:20.213795-08:00,read,key_700,1.79,true,false,3867
2025-11-27T16:14:20.213718-08:00,read,key_462,2.66,true,false,4853
2025-11-27T16:14:19.910268-08:00,write,key_596,306.75,true,false,4980
2025-11-27T16:14:20.216378-08:00,read,key_250,2.04,true,false,3607
2025-11-27T16:14:19.913444-08:00,write,key_256,306.63,true,false,4980
2025-11-27T16:14:20.218527-08:00,read,key_557,2.71,true,false,4935
2025-11-27T16:14:20.220079-08:00,read,key_87,1.20,true,false,4946
2025-11-27T16:14:20.221277-08:00,read,key_967,1.16,true,false,4735
2025-11-27T16:14:20.019636-08:00,write,key_153,305.47,true,false,4981
2025-11-27T16:14:20.124171-08:00,write,key_15,307.01,true,false,4981
2025-11-27T16:14:20.127343-08:00,write,key_694,304.70,true,false,4982
2025-11-27T16:14:20.127297-08:00,write,key_598,305.22,true,false,4980
2025-11-27T16:14:20.432524-08:00,read,key_912,0.70,true,false,4741
2025-11-27T16:14:20.213665-08:00,write,key_227,309.87,true,false,4981
2025-11-27T16:14:20.213765-08:00,write,key_268,309.81,true,false,4983
2025-11-27T16:14:20.217016-08:00,write,key_896,306.90,true,false,4982
2025-11-27T16:14:20.215583-08:00,write,key_903,308.35,true,false,4984
2025-11-27T16:14:20.523938-08:00,read,key_568,1.43,true,false,4515
2025-11-27T16:14:20.523919-08:00,read,key_614,1.97,true,false,4874
2025-11-27T16:14:20.222441-08:00,write,key_875,307.95,true,false,4982
2025-11-27T16:14:20.530395-08:00,read,key_304,2.60,true,false,1160
2025-11-27T16:14:20.221237-08:00,write,key_464,312.30,true,false,4985
2025-11-27T16:14:20.325107-08:00,write,key_467,306.39,true,false,4983
2025-11-27T16:14:20.431185-08:00,write,key_427,305.14,true,false,4986
2025-11-27T16:14:20.432046-08:00,write,key_455,304.28,true,false,4983
2025-11-27T16:14:20.433227-08:00,write,key_19,305.16,true,false,4987
2025-11-27T16:14:20.523573-08:00,write,key_557,313.97,true,false,4985
2025-11-27T16:14:20.532993-08:00,write,key_767,304.60,true,false,4986
2025-11-27T16:14:20.525893-08:00,write,key_883,311.75,true,false,4986
2025-11-27T16:14:20.533541-08:00,write,key_863,304.22,true,false,4986
2025-11-27T16:14:20.523534-08:00,write,key_791,314.30,true,false,4988
2025-11-27T16:14:20.525367-08:00,write,key_5,312.47,true,false,4989
2025-11-27T16:14:20.837597-08:00,read,key_555,3.17,true,false,4860
2025-11-27T16:14:20.837763-08:00,read,key_456,3.08,true,false,2071
2025-11-27T16:14:20.837836-08:00,read,key_458,6.47,true,false,4010
2025-11-27T16:14:20.837647-08:00,read,key_962,6.70,true,false,4747
2025-11-27T16:14:20.844307-08:00,read,key_606,0.63,false,false,0
2025-11-27T16:14:20.844343-08:00,read,key_672,0.65,true,false,4808
2025-11-27T16:14:20.631513-08:00,write,key_83,312.44,true,false,4987
2025-11-27T16:14:20.943956-08:00,read,key_518,4.65,true,false,3114
2025-11-27T16:14:20.948608-08:00,read,key_164,1.32,true,false,2836
2025-11-27T16:14:20.949928-08:00,read,key_313,0.75,true,false,4570
2025-11-27T16:14:20.736329-08:00,write,key_151,308.26,true,false,4988
2025-11-27T16:14:20.738394-08:00,write,key_442,308.27,true,false,4989
2025-11-27T16:14:20.736331-08:00,write,key_966,310.38,true,false,4988
2025-11-27T16:14:21.046714-08:00,read,key_267,2.48,true,false,4938
2025-11-27T16:14:21.044609-08:00,read,key_923,4.74,true,false,4272
2025-11-27T16:14:21.046662-08:00,read,key_489,2.77,true,false,4235
2025-11-27T16:14:21.049436-08:00,read,key_425,1.64,true,false,4660
2025-11-27T16:14:20.837551-08:00,write,key_907,308.17,true,false,4990
2025-11-27T16:14:20.837831-08:00,write,key_715,307.92,true,false,4991
2025-11-27T16:14:20.84499-08:00,write,key_899,305.07,true,false,4990
2025-11-27T16:14:20.84494-08:00,write,key_654,305.19,true,false,4991
2025-11-27T16:14:20.840842-08:00,write,key_509,309.84,true,false,4990
2025-11-27T16:14:20.840765-08:00,write,key_633,309.97,true,false,4990
2025-11-27T16:14:21.150063-08:00,read,key_908,2.06,true,false,4926
2025-11-27T16:14:21.150686-08:00,read,key_448,2.27,true,false,4974
2025-11-27T16:14:21.150133-08:00,read,key_621,2.88,true,false,4807
2025-11-27T16:14:21.145727-08:00,read,key_79,7.66,true,false,4932
2025-11-27T16:14:21.152124-08:00,read,key_108,1.91,true,false,4474
2025-11-27T16:14:21.153012-08:00,read,key_886,1.85,true,false,2281
2025-11-27T16:14:20.950675-08:00,write,key_744,305.75,true,false,4992
2025-11-27T16:14:21.256432-08:00,read,key_798,2.14,true,false,4753
2025-11-27T16:14:21.258576-08:00,read,key_894,2.25,true,false,4281
2025-11-27T16:14:21.260832-08:00,read,key_727,0.71,true,false,4894
2025-11-27T16:14:21.049195-08:00,write,key_334,308.66,true,false,4992
2025-11-27T16:14:21.051078-08:00,write,key_803,306.81,true,false,4992
2025-11-27T16:14:21.049351-08:00,write,key_605,308.67,true,false,4993
2025-11-27T16:14:21.357885-08:00,read,key_328,2.12,true,false,4695
2025-11-27T16:14:21.15074-08:00,write,key_761,308.51,true,false,4993
2025-11-27T16:14:21.14575-08:00,write,key_22,313.50,true,false,4994
2025-11-27T16:14:21.154036-08:00,write,key_800,306.08,true,false,4995
2025-11-27T16:14:21.152958-08:00,write,key_205,307.29,true,false,4994
2025-11-27T16:14:21.153391-08:00,write,key_766,306.87,true,false,4992
2025-11-27T16:14:21.154864-08:00,write,key_896,307.65,true,false,4996
2025-11-27T16:14:21.459256-08:00,read,key_700,4.58,true,false,3867
2025-11-27T16:14:21.460264-08:00,read,key_100,4.77,true,false,4360
2025-11-27T16:14:21.460113-08:00,read,key_617,5.41,true,false,4935
2025-11-27T16:14:21.462522-08:00,read,key_138,3.96,true,false,4109
2025-11-27T16:14:21.463841-08:00,read,key_254,3.91,true,false,2952
2025-11-27T16:14:21.261538-08:00,write,key_764,316.27,true,false,4994
2025-11-27T16:14:21.577819-08:00,read,key_744,0.59,true,false,4992
2025-11-27T16:14:21.357855-08:00,write,key_165,320.73,true,false,4994
2025-11-27T16:14:21.358022-08:00,write,key_375,320.56,true,false,4997
2025-11-27T16:14:21.36001-08:00,write,key_936,319.20,true,false,4995
2025-11-27T16:14:21.679217-08:00,read,key_297,2.17,true,false,3857
2025-11-27T16:14:21.681389-08:00,read,key_209,1.56,true,false,4613
2025-11-27T16:14:21.682953-08:00,read,key_984,0.60,true,false,4919
2025-11-27T16:14:21.465524-08:00,write,key_162,304.23,true,false,4998
2025-11-27T16:14:21.459256-08:00,write,key_552,310.81,true,false,4997
2025-11-27T16:14:21.465033-08:00,write,key_389,305.30,true,false,4998
2025-11-27T16:14:21.770065-08:00,read,key_810,0.80,true,false,3082
2025-11-27T16:14:21.460253-08:00,write,key_381,310.87,true,false,4998
2025-11-27T16:14:21.77033-08:00,read,key_504,0.83,true,false,4666
2025-11-27T16:14:21.771157-08:00,read,key_45,0.95,true,false,2584
2025-11-27T16:14:21.771122-08:00,read,key_816,0.99,true,false,4209
2025-11-27T16:14:21.466487-08:00,write,key_913,305.75,true,false,4997
2025-11-27T16:14:21.467755-08:00,write,key_965,305.38,true,false,4998
2025-11-27T16:14:21.772241-08:00,read,key_524,2.01,true,false,4807
2025-11-27T16:14:21.77211-08:00,read,key_119,2.15,true,false,4854
2025-11-27T16:14:21.578409-08:00,write,key_718,303.23,true,false,4997
2025-11-27T16:14:21.881647-08:00,read,key_429,1.56,true,false,4920
2025-11-27T16:14:21.678584-08:00,write,key_180,306.84,true,false,4998
2025-11-27T16:14:21.678601-08:00,write,key_895,306.96,true,false,4999
2025-11-27T16:14:21.683557-08:00,write,key_628,304.95,true,false,4999
2025-11-27T16:14:21.988513-08:00,read,key_153,0.66,true,false,4981
2025-11-27T16:14:21.770865-08:00,write,key_61,309.67,true,false,4999
2025-11-27T16:14:21.772107-08:00,write,key_674,308.51,true,false,5000
2025-11-27T16:14:21.769763-08:00,write,key_698,313.01,true,false,4999
2025-11-27T16:14:22.08062-08:00,read,key_154,2.22,true,false,4979
2025-11-27T16:14:21.773136-08:00,write,key_304,313.60,true,false,5000
2025-11-27T16:14:21.774265-08:00,write,key_609,312.53,true,false,5000
2025-11-27T16:14:21.774251-08:00,write,key_765,313.53,true,false,5001
2025-11-27T16:14:22.086734-08:00,read,key_609,1.99,true,false,5000
2025-11-27T16:14:22.088728-08:00,read,key_446,1.42,true,false,4933
2025-11-27T16:14:22.087782-08:00,read,key_841,2.75,true,false,4968
2025-11-27T16:14:22.090147-08:00,read,key_717,1.50,true,false,4908
2025-11-27T16:14:22.091654-08:00,read,key_380,1.33,true,false,4903
2025-11-27T16:14:21.883204-08:00,write,key_325,309.68,true,false,5002
2025-11-27T16:14:21.985423-08:00,write,key_42,308.05,true,false,5002
2025-11-27T16:14:21.985558-08:00,write,key_47,309.51,true,false,5001
2025-11-27T16:14:21.989178-08:00,write,key_191,307.56,true,false,5003
2025-11-27T16:14:22.293485-08:00,read,key_189,3.28,true,false,4508
2025-11-27T16:14:22.296764-08:00,read,key_558,2.94,true,false,3411
2025-11-27T16:14:22.080538-08:00,write,key_424,313.82,true,false,5002
2025-11-27T16:14:22.082774-08:00,write,key_128,312.93,true,false,5003
2025-11-27T16:14:22.090537-08:00,write,key_711,305.82,true,false,5004
2025-11-27T16:14:22.086799-08:00,write,key_469,310.73,true,false,5003
2025-11-27T16:14:22.082845-08:00,write,key_400,314.75,true,false,5002
2025-11-27T16:14:22.394377-08:00,read,key_914,4.13,true,false,4633
2025-11-27T16:14:22.395705-08:00,read,key_456,6.23,true,false,2071
2025-11-27T16:14:22.092986-08:00,write,key_752,309.94,true,false,5004
2025-11-27T16:14:22.396364-08:00,read,key_573,7.14,true,false,4205
2025-11-27T16:14:22.192889-08:00,write,key_570,307.61,true,false,5005
2025-11-27T16:14:22.29971-08:00,write,key_377,315.34,true,false,5006
2025-11-27T16:14:22.296743-08:00,write,key_543,318.34,true,false,5004
2025-11-27T16:14:22.295074-08:00,write,key_175,320.01,true,false,5005
2025-11-27T16:14:22.615058-08:00,read,key_78,0.81,true,false,4848
2025-11-27T16:14:22.401937-08:00,write,key_263,314.40,true,false,5008
2025-11-27T16:14:22.402929-08:00,write,key_912,313.42,true,false,5006
2025-11-27T16:14:22.403503-08:00,write,key_84,312.86,true,false,5007
2025-11-27T16:14:22.3976-08:00,write,key_949,318.94,true,false,5007
2025-11-27T16:14:22.397528-08:00,write,key_127,319.10,true,false,5005
2025-11-27T16:14:22.398508-08:00,write,key_129,318.24,true,false,5006
2025-11-27T16:14:22.716345-08:00,read,key_694,0.84,true,false,4982
2025-11-27T16:14:22.716545-08:00,read,key_329,0.77,true,false,4303
2025-11-27T16:14:22.716348-08:00,read,key_228,0.99,true,false,3669
2025-11-27T16:14:22.717183-08:00,read,key_521,0.85,true,false,4776
2025-11-27T16:14:22.717337-08:00,read,key_657,0.79,true,false,4813
2025-11-27T16:14:22.716746-08:00,read,key_517,1.41,true,false,4951
2025-11-27T16:14:22.717312-08:00,read,key_973,0.94,true,false,4592
2025-11-27T16:14:22.500502-08:00,write,key_500,308.60,true,false,5006
2025-11-27T16:14:22.809101-08:00,read,key_938,1.55,true,false,4931
2025-11-27T16:14:22.81065-08:00,read,key_192,1.32,true,false,4946
2025-11-27T16:14:22.811969-08:00,read,key_135,0.88,true,false,4736
2025-11-27T16:14:22.812847-08:00,read,key_154,1.09,true,false,4979
2025-11-27T16:14:22.813936-08:00,read,key_573,0.85,true,false,4205
2025-11-27T16:14:22.615082-08:00,write,key_659,305.69,true,false,5009
2025-11-27T16:14:22.920773-08:00,read,key_681,1.13,true,false,3325
2025-11-27T16:14:22.615871-08:00,write,key_156,306.04,true,false,5010
2025-11-27T16:14:22.615088-08:00,write,key_575,306.85,true,false,5009
2025-11-27T16:14:22.716632-08:00,write,key_849,304.86,true,false,5011
2025-11-27T16:14:22.716364-08:00,write,key_160,305.97,true,false,5009
2025-11-27T16:14:22.718128-08:00,write,key_574,304.26,true,false,5010
2025-11-27T16:14:22.718249-08:00,write,key_580,305.29,true,false,5009
2025-11-27T16:14:22.718036-08:00,write,key_155,305.82,true,false,5011
2025-11-27T16:14:22.718161-08:00,write,key_651,309.09,true,false,5010
2025-11-27T16:14:23.022393-08:00,read,key_833,6.06,true,false,4801
2025-11-27T16:14:23.023539-08:00,read,key_44,4.94,true,false,4557
2025-11-27T16:14:22.814789-08:00,write,key_114,308.42,true,false,5011
2025-11-27T16:14:23.123228-08:00,read,key_48,4.56,true,false,4645
2025-11-27T16:14:23.127791-08:00,read,key_366,1.34,true,false,2032
2025-11-27T16:14:22.921908-08:00,write,key_371,306.93,true,false,5012
2025-11-27T16:14:22.921909-08:00,write,key_197,306.95,true,false,5011
2025-11-27T16:14:22.921942-08:00,write,key_557,306.96,true,false,5011
2025-11-27T16:14:23.228859-08:00,read,key_386,4.92,true,false,3640
2025-11-27T16:14:23.228843-08:00,read,key_154,5.00,true,false,4979
2025-11-27T16:14:23.233777-08:00,read,key_746,1.91,true,false,1903
2025-11-27T16:14:23.228901-08:00,read,key_960,7.47,true,false,4976
2025-11-27T16:14:23.235689-08:00,read,key_689,1.19,true,false,4715
2025-11-27T16:14:23.236375-08:00,read,key_711,1.55,true,false,5004
2025-11-27T16:14:23.237925-08:00,read,key_101,1.53,true,false,4804
2025-11-27T16:14:23.021495-08:00,write,key_723,313.18,true,false,5013
2025-11-27T16:14:23.028485-08:00,write,key_531,306.20,true,false,5013
2025-11-27T16:14:23.022335-08:00,write,key_979,312.67,true,false,5012
2025-11-27T16:14:23.028454-08:00,write,key_689,307.77,true,false,5013
2025-11-27T16:14:23.023854-08:00,write,key_787,312.45,true,false,5012
2025-11-27T16:14:23.027253-08:00,write,key_902,310.78,true,false,5014
2025-11-27T16:14:23.334676-08:00,read,key_763,3.75,true,false,4974
2025-11-27T16:14:23.33469-08:00,read,key_154,3.80,true,false,4979
2025-11-27T16:14:23.336225-08:00,read,key_909,2.39,true,false,2474
2025-11-27T16:14:23.335006-08:00,read,key_219,4.67,true,false,4761
2025-11-27T16:14:23.338429-08:00,read,key_746,3.92,true,false,1903
2025-11-27T16:14:23.342347-08:00,read,key_469,1.01,true,false,5003
2025-11-27T16:14:23.343361-08:00,read,key_864,0.79,true,false,4771
2025-11-27T16:14:23.34415-08:00,read,key_945,0.55,true,false,4845
2025-11-27T16:14:23.129128-08:00,write,key_724,312.12,true,false,5014
2025-11-27T16:14:23.233846-08:00,write,key_527,313.90,true,false,5014
2025-11-27T16:14:23.236885-08:00,write,key_941,310.94,true,false,5015
2025-11-27T16:14:23.239453-08:00,write,key_665,308.56,true,false,5016
2025-11-27T16:14:23.547828-08:00,read,key_687,2.96,true,false,4314
2025-11-27T16:14:23.548015-08:00,read,key_914,2.80,true,false,4633
2025-11-27T16:14:23.550818-08:00,read,key_123,1.05,true,false,4897
2025-11-27T16:14:23.550788-08:00,read,key_665,1.14,true,false,5016
2025-11-27T16:14:23.551925-08:00,read,key_907,1.25,true,false,4990
2025-11-27T16:14:23.551869-08:00,read,key_583,1.57,true,false,4830
2025-11-27T16:14:23.338496-08:00,write,key_572,310.31,true,false,5016
2025-11-27T16:14:23.338039-08:00,write,key_613,310.90,true,false,5015
2025-11-27T16:14:23.339676-08:00,write,key_135,309.29,true,false,5017
2025-11-27T16:14:23.336305-08:00,write,key_977,312.78,true,false,5015
2025-11-27T16:14:23.648813-08:00,read,key_184,4.78,true,false,4869
2025-11-27T16:14:23.648967-08:00,read,key_73,4.63,true,false,4979
2025-11-27T16:14:23.338616-08:00,write,key_807,315.12,true,false,5016
2025-11-27T16:14:23.344705-08:00,write,key_595,309.19,true,false,5018
2025-11-27T16:14:23.653893-08:00,read,key_811,3.17,true,false,4607
2025-11-27T16:14:23.653737-08:00,read,key_41,3.33,true,false,2528
2025-11-27T16:14:23.649089-08:00,read,key_760,7.99,true,false,4926
2025-11-27T16:14:23.653598-08:00,read,key_978,3.71,true,false,4893
2025-11-27T16:14:23.657085-08:00,read,key_614,0.44,true,false,4874
2025-11-27T16:14:23.441248-08:00,write,key_619,310.35,true,false,5017
2025-11-27T16:14:23.751602-08:00,read,key_424,0.74,true,false,5002
2025-11-27T16:14:23.547761-08:00,write,key_620,308.13,true,false,5017
2025-11-27T16:14:23.855892-08:00,read,key_463,2.20,true,false,4911
2025-11-27T16:14:23.553176-08:00,write,key_917,304.98,true,false,5019
2025-11-27T16:14:23.553439-08:00,write,key_918,304.75,true,false,5018
2025-11-27T16:14:23.858155-08:00,read,key_552,1.66,true,false,4997
2025-11-27T16:14:23.858191-08:00,read,key_595,2.76,true,false,5018
2025-11-27T16:14:23.860951-08:00,read,key_968,2.02,true,false,4675
2025-11-27T16:14:23.648945-08:00,write,key_263,315.69,true,false,5019
2025-11-27T16:14:23.657307-08:00,write,key_700,307.34,true,false,5020
2025-11-27T16:14:23.65707-08:00,write,key_740,307.64,true,false,5019
2025-11-27T16:14:23.653598-08:00,write,key_443,311.21,true,false,5019
2025-11-27T16:14:23.657069-08:00,write,key_369,307.85,true,false,5020
2025-11-27T16:14:23.657521-08:00,write,key_75,307.72,true,false,5020
2025-11-27T16:14:23.964707-08:00,read,key_905,4.35,true,false,4875
2025-11-27T16:14:23.964809-08:00,read,key_710,4.54,true,false,4925
2025-11-27T16:14:23.969054-08:00,read,key_762,3.35,true,false,1117
2025-11-27T16:14:23.964644-08:00,read,key_428,7.80,true,false,4551
2025-11-27T16:14:23.752338-08:00,write,key_256,313.39,true,false,5021
2025-11-27T16:14:23.862968-08:00,write,key_440,303.63,true,false,5020
2025-11-27T16:14:23.859815-08:00,write,key_921,306.96,true,false,5021
2025-11-27T16:14:23.858094-08:00,write,key_969,308.81,true,false,5020
2025-11-27T16:14:23.964654-08:00,write,key_367,305.70,true,false,5022
2025-11-27T16:14:23.964923-08:00,write,key_650,305.44,true,false,5022
2025-11-27T16:14:23.965245-08:00,write,key_17,305.13,true,false,5022
2025-11-27T16:14:24.270375-08:00,read,key_190,0.75,true,false,4845
2025-11-27T16:14:23.969347-08:00,write,key_448,307.93,true,false,5021
2025-11-27T16:14:23.972441-08:00,write,key_699,304.85,true,false,5023
2025-11-27T16:14:23.972406-08:00,write,key_650,304.92,true,false,5023
2025-11-27T16:14:24.065734-08:00,write,key_624,310.83,true,false,5024
2025-11-27T16:14:24.166907-08:00,write,key_329,310.05,true,false,5022
2025-11-27T16:14:24.166599-08:00,write,key_440,310.38,true,false,5022
2025-11-27T16:14:24.166774-08:00,write,key_395,310.21,true,false,5023
2025-11-27T16:14:24.476985-08:00,read,key_977,1.35,true,false,5015
2025-11-27T16:14:24.478335-08:00,read,key_874,2.89,true,false,4969
2025-11-27T16:14:24.481225-08:00,read,key_546,1.38,true,false,4691
2025-11-27T16:14:24.271127-08:00,write,key_894,308.27,true,false,5024
2025-11-27T16:14:24.270357-08:00,write,key_192,309.06,true,false,5023
2025-11-27T16:14:24.270368-08:00,write,key_804,309.06,true,false,5025
2025-11-27T16:14:24.277331-08:00,write,key_864,305.56,true,false,5025
2025-11-27T16:14:24.277284-08:00,write,key_5,306.12,true,false,5026
2025-11-27T16:14:24.27729-08:00,write,key_757,306.16,true,false,5024
2025-11-27T16:14:24.583411-08:00,read,key_116,1.98,true,false,4202
2025-11-27T16:14:24.582895-08:00,read,key_228,4.52,true,false,3669
2025-11-27T16:14:24.37657-08:00,write,key_949,306.83,true,false,5025
2025-11-27T16:14:24.476964-08:00,write,key_138,312.06,true,false,5027
2025-11-27T16:14:24.482607-08:00,write,key_167,306.62,true,false,5027
2025-11-27T16:14:24.476982-08:00,write,key_15,312.97,true,false,5028
2025-11-27T16:14:24.789099-08:00,read,key_180,4.22,true,false,4998
2025-11-27T16:14:24.579425-08:00,write,key_721,313.22,true,false,5026
2025-11-27T16:14:24.583455-08:00,write,key_677,309.22,true,false,5027
2025-11-27T16:14:24.579396-08:00,write,key_823,313.33,true,false,5030
2025-11-27T16:14:24.579414-08:00,write,key_814,313.38,true,false,5029
2025-11-27T16:14:24.89265-08:00,read,key_81,3.50,true,false,4883
2025-11-27T16:14:24.587413-08:00,write,key_901,309.40,true,false,5029
2025-11-27T16:14:24.892674-08:00,read,key_155,4.27,true,false,5011
2025-11-27T16:14:24.89682-08:00,read,key_627,2.72,true,false,4839
2025-11-27T16:14:24.896156-08:00,read,key_554,3.44,true,false,4923
2025-11-27T16:14:24.892728-08:00,read,key_251,6.89,true,false,4896
2025-11-27T16:14:24.585389-08:00,write,key_581,314.70,true,false,5028
2025-11-27T16:14:24.899594-08:00,read,key_315,1.53,true,false,4799
2025-11-27T16:14:24.900087-08:00,read,key_463,1.35,true,false,4911
2025-11-27T16:14:24.901129-08:00,read,key_326,1.11,true,false,4897
2025-11-27T16:14:24.901434-08:00,read,key_689,0.83,true,false,5013
2025-11-27T16:14:24.902261-08:00,read,key_251,0.48,true,false,4896
2025-11-27T16:14:24.683409-08:00,write,key_13,311.10,true,false,5031
2025-11-27T16:14:24.793323-08:00,write,key_561,304.88,true,false,5029
2025-11-27T16:14:24.789958-08:00,write,key_695,308.25,true,false,5032
2025-11-27T16:14:24.789228-08:00,write,key_406,308.99,true,false,5029
2025-11-27T16:14:25.098211-08:00,read,key_613,2.29,true,false,5015
2025-11-27T16:14:24.892795-08:00,write,key_112,306.51,true,false,5031
2025-11-27T16:14:25.199322-08:00,read,key_915,1.79,true,false,4944
2025-11-27T16:14:24.896944-08:00,write,key_49,304.78,true,false,5033
2025-11-27T16:14:24.899615-08:00,write,key_554,305.30,true,false,5031
2025-11-27T16:14:25.201722-08:00,read,key_447,3.26,true,false,4946
2025-11-27T16:14:24.89954-08:00,write,key_895,305.80,true,false,5034
2025-11-27T16:14:24.902244-08:00,write,key_746,305.07,true,false,5033
2025-11-27T16:14:25.207316-08:00,read,key_902,1.99,true,false,5014
2025-11-27T16:14:24.902741-08:00,write,key_962,306.59,true,false,5035
2025-11-27T16:14:25.209306-08:00,read,key_892,0.64,true,false,4668
2025-11-27T16:14:25.209944-08:00,read,key_518,2.17,true,false,3114
2025-11-27T16:14:24.994513-08:00,write,key_446,309.06,true,false,5034
2025-11-27T16:14:25.100504-08:00,write,key_367,304.80,true,false,5034
2025-11-27T16:14:25.098211-08:00,write,key_5,307.13,true,false,5033
2025-11-27T16:14:25.405342-08:00,read,key_202,2.83,true,false,4787
2025-11-27T16:14:25.098221-08:00,write,key_450,310.03,true,false,5036
2025-11-27T16:14:25.405306-08:00,read,key_736,7.03,true,false,4673
2025-11-27T16:14:25.408249-08:00,read,key_615,4.88,true,false,4929
2025-11-27T16:14:25.412342-08:00,read,key_524,1.44,true,false,4807
2025-11-27T16:14:25.413135-08:00,read,key_761,0.82,true,false,4993
2025-11-27T16:14:25.41378-08:00,read,key_565,0.57,true,false,4766
2025-11-27T16:14:25.413956-08:00,read,key_786,0.93,true,false,1236
2025-11-27T16:14:25.414884-08:00,read,key_976,1.31,true,false,4627
2025-11-27T16:14:25.416198-08:00,read,key_705,2.27,true,false,4639
2025-11-27T16:14:25.201114-08:00,write,key_16,314.70,true,false,5034
2025-11-27T16:14:25.205344-08:00,write,key_752,310.48,true,false,5035
2025-11-27T16:14:25.204919-08:00,write,key_81,311.00,true,false,5037
2025-11-27T16:14:25.204982-08:00,write,key_596,311.35,true,false,5037
2025-11-27T16:14:25.209332-08:00,write,key_635,307.06,true,false,5036
2025-11-27T16:14:25.212116-08:00,write,key_760,305.79,true,false,5038
2025-11-27T16:14:25.303579-08:00,write,key_312,312.30,true,false,5038
2025-11-27T16:14:25.408169-08:00,write,key_242,309.46,true,false,5037
2025-11-27T16:14:25.717627-08:00,read,key_287,0.88,false,false,0
2025-11-27T16:14:25.414347-08:00,write,key_19,304.98,true,false,5039
2025-11-27T16:14:25.41847-08:00,write,key_917,304.73,true,false,5040
2025-11-27T16:14:25.517912-08:00,write,key_890,303.49,true,false,5039
2025-11-27T16:14:25.515821-08:00,write,key_789,305.60,true,false,5039
2025-11-27T16:14:25.515827-08:00,write,key_206,305.61,true,false,5043
2025-11-27T16:14:25.516331-08:00,write,key_44,305.12,true,false,5041
2025-11-27T16:14:25.82144-08:00,read,key_325,0.75,true,false,5002
2025-11-27T16:14:25.821457-08:00,read,key_324,0.77,true,false,4183
2025-11-27T16:14:25.821411-08:00,read,key_376,0.86,true,false,4684
2025-11-27T16:14:25.515924-08:00,write,key_447,306.41,true,false,5042
2025-11-27T16:14:25.516395-08:00,write,key_599,306.04,true,false,5041
2025-11-27T16:14:25.822333-08:00,read,key_598,0.43,true,false,4980
2025-11-27T16:14:25.822274-08:00,read,key_634,0.57,true,false,4583
2025-11-27T16:14:25.822437-08:00,read,key_322,0.63,true,false,4327
2025-11-27T16:14:25.822187-08:00,read,key_761,0.94,true,false,4993
2025-11-27T16:14:25.822761-08:00,read,key_42,0.47,true,false,5002
2025-11-27T16:14:25.823072-08:00,read,key_673,0.51,true,false,4632
2025-11-27T16:14:25.823579-08:00,read,key_613,0.67,true,false,5015
2025-11-27T16:14:25.822845-08:00,read,key_531,1.41,true,false,5013
2025-11-27T16:14:25.824251-08:00,read,key_686,0.66,true,false,1996
2025-11-27T16:14:25.615886-08:00,write,key_594,306.64,true,false,5040
2025-11-27T16:14:25.92253-08:00,read,key_360,1.01,true,false,1255
2025-11-27T16:14:25.923542-08:00,read,key_633,1.23,true,false,4990
2025-11-27T16:14:25.7232-08:00,write,key_189,306.06,true,false,5041
2025-11-27T16:14:25.718504-08:00,write,key_308,310.80,true,false,5040
2025-11-27T16:14:25.719326-08:00,write,key_716,311.32,true,false,5040
2025-11-27T16:14:26.029308-08:00,read,key_963,5.62,true,false,4970
2025-11-27T16:14:25.821423-08:00,write,key_258,309.76,true,false,5044
2025-11-27T16:14:25.824247-08:00,write,key_990,307.36,true,false,5044
2025-11-27T16:14:25.823131-08:00,write,key_113,309.41,true,false,5044
2025-11-27T16:14:25.82323-08:00,write,key_41,311.57,true,false,5045
2025-11-27T16:14:25.822231-08:00,write,key_657,312.65,true,false,5045
2025-11-27T16:14:25.824908-08:00,write,key_937,310.99,true,false,5046
2025-11-27T16:14:26.134887-08:00,read,key_420,3.38,true,false,4964
2025-11-27T16:14:26.131612-08:00,read,key_168,6.71,true,false,4916
2025-11-27T16:14:26.135904-08:00,read,key_206,5.02,true,false,5043
2025-11-27T16:14:25.924771-08:00,write,key_868,309.41,true,false,5044
2025-11-27T16:14:26.234194-08:00,read,key_858,2.22,true,false,4673
2025-11-27T16:14:26.23642-08:00,read,key_181,1.51,true,false,2367
2025-11-27T16:14:26.237932-08:00,read,key_108,1.46,true,false,4474
2025-11-27T16:14:26.030646-08:00,write,key_541,310.54,true,false,5047
2025-11-27T16:14:26.034934-08:00,write,key_110,307.49,true,false,5047
2025-11-27T16:14:26.029265-08:00,write,key_320,313.63,true,false,5046
2025-11-27T16:14:26.342896-08:00,read,key_422,3.21,true,false,4906
2025-11-27T16:14:26.132541-08:00,write,key_962,308.58,true,false,5047
2025-11-27T16:14:26.131203-08:00,write,key_645,310.00,true,false,5048
2025-11-27T16:14:26.134804-08:00,write,key_198,306.40,true,false,5048
2025-11-27T16:14:26.441209-08:00,read,key_753,2.51,true,false,4902
2025-11-27T16:14:26.441126-08:00,read,key_763,2.65,true,false,4974
2025-11-27T16:14:26.441203-08:00,read,key_110,4.86,true,false,5047
2025-11-27T16:14:26.138319-08:00,write,key_753,310.53,true,false,5047
2025-11-27T16:14:26.140928-08:00,write,key_448,308.01,true,false,5047
2025-11-27T16:14:26.138269-08:00,write,key_574,310.73,true,false,5048
2025-11-27T16:14:26.448938-08:00,read,key_900,1.65,true,false,4930
2025-11-27T16:14:26.450585-08:00,read,key_561,1.93,true,false,5029
2025-11-27T16:14:26.452514-08:00,read,key_363,1.04,true,false,4930
2025-11-27T16:14:26.239392-08:00,write,key_344,308.68,true,false,5048
2025-11-27T16:14:26.548072-08:00,read,key_210,1.84,true,false,4641
2025-11-27T16:14:26.342422-08:00,write,key_154,305.85,true,false,5049
2025-11-27T16:14:26.341188-08:00,write,key_187,308.82,true,false,5049
2025-11-27T16:14:26.648278-08:00,read,key_192,1.98,true,false,5023
2025-11-27T16:14:26.346108-08:00,write,key_306,305.48,true,false,5049
2025-11-27T16:14:26.650012-08:00,read,key_72,2.69,true,false,4617
2025-11-27T16:14:26.651591-08:00,read,key_108,2.70,true,false,4474
2025-11-27T16:14:26.652701-08:00,read,key_698,2.94,true,false,4999
2025-11-27T16:14:26.65564-08:00,read,key_710,1.71,true,false,4925
2025-11-27T16:14:26.443723-08:00,write,key_49,307.79,true,false,5050
2025-11-27T16:14:26.443779-08:00,write,key_89,307.75,true,false,5049
2025-11-27T16:14:26.446068-08:00,write,key_816,305.62,true,false,5050
2025-11-27T16:14:26.448999-08:00,write,key_67,307.16,true,false,5051
2025-11-27T16:14:26.751689-08:00,read,key_47,4.50,true,false,5001
2025-11-27T16:14:26.448848-08:00,write,key_129,307.34,true,false,5049
2025-11-27T16:14:26.756164-08:00,read,key_923,1.30,true,false,4272
2025-11-27T16:14:26.756193-08:00,read,key_152,1.31,true,false,2258
2025-11-27T16:14:26.757465-08:00,read,key_932,1.23,true,false,3239
2025-11-27T16:14:26.453557-08:00,write,key_388,306.01,true,false,5052
2025-11-27T16:14:26.759564-08:00,read,key_154,1.33,true,false,5049
2025-11-27T16:14:26.758693-08:00,read,key_891,2.20,true,false,4024
2025-11-27T16:14:26.760897-08:00,read,key_905,0.62,true,false,4875
2025-11-27T16:14:26.549912-08:00,write,key_574,308.05,true,false,5053
2025-11-27T16:14:26.857962-08:00,read,key_114,1.56,true,false,5011
2025-11-27T16:14:26.650254-08:00,write,key_185,308.71,true,false,5054
2025-11-27T16:14:26.654289-08:00,write,key_551,307.07,true,false,5055
2025-11-27T16:14:26.657354-08:00,write,key_750,305.78,true,false,5056
2025-11-27T16:14:26.958966-08:00,read,key_376,4.21,true,false,4684
2025-11-27T16:14:26.961365-08:00,read,key_280,2.65,true,false,4905
2025-11-27T16:14:26.963179-08:00,read,key_752,1.67,true,false,5035
2025-11-27T16:14:26.963141-08:00,read,key_598,1.80,true,false,4980
2025-11-27T16:14:26.964018-08:00,read,key_186,1.66,true,false,4856
2025-11-27T16:14:26.965678-08:00,read,key_876,1.21,true,false,4504
2025-11-27T16:14:26.966893-08:00,read,key_168,1.51,true,false,4916
2025-11-27T16:14:26.96485-08:00,read,key_627,3.60,true,false,4839
2025-11-27T16:14:26.968402-08:00,read,key_596,0.68,true,false,5037
2025-11-27T16:14:26.751514-08:00,write,key_255,312.61,true,false,5057
2025-11-27T16:14:26.757499-08:00,write,key_523,306.65,true,false,5056
2025-11-27T16:14:26.756194-08:00,write,key_730,307.96,true,false,5058
2025-11-27T16:14:26.751531-08:00,write,key_890,312.74,true,false,5052
2025-11-27T16:14:26.761523-08:00,write,key_993,303.92,true,false,5060
2025-11-27T16:14:26.760898-08:00,write,key_907,304.68,true,false,5059
2025-11-27T16:14:27.064154-08:00,read,key_968,2.45,true,false,4675
2025-11-27T16:14:27.065576-08:00,read,key_348,2.04,true,false,4665
2025-11-27T16:14:27.065444-08:00,read,key_763,2.34,true,false,4974
2025-11-27T16:14:27.066606-08:00,read,key_872,3.33,true,false,4907
2025-11-27T16:14:27.067786-08:00,read,key_583,4.34,true,false,4830
2025-11-27T16:14:27.069941-08:00,read,key_762,2.22,true,false,1117
2025-11-27T16:14:27.072131-08:00,read,key_917,0.56,true,false,5040
2025-11-27T16:14:27.072695-08:00,read,key_689,0.96,true,false,5013
2025-11-27T16:14:26.859524-08:00,write,key_389,310.53,true,false,5059
2025-11-27T16:14:27.170059-08:00,read,key_100,1.74,true,false,4360
2025-11-27T16:14:27.171801-08:00,read,key_67,1.26,true,false,5051
2025-11-27T16:14:27.173062-08:00,read,key_312,1.11,true,false,5038
2025-11-27T16:14:26.964945-08:00,write,key_107,304.98,true,false,5057
2025-11-27T16:14:26.968455-08:00,write,key_683,303.70,true,false,5057
2025-11-27T16:14:26.969085-08:00,write,key_192,303.83,true,false,5061
2025-11-27T16:14:27.272162-08:00,read,key_864,3.88,true,false,5025
2025-11-27T16:14:27.064131-08:00,write,key_316,306.01,true,false,5061
2025-11-27T16:14:27.064276-08:00,write,key_761,305.96,true,false,5062
2025-11-27T16:14:27.064153-08:00,write,key_447,308.15,true,false,5061
2025-11-27T16:14:27.067614-08:00,write,key_61,308.83,true,false,5061
2025-11-27T16:14:27.073655-08:00,write,key_979,304.24,true,false,5063
2025-11-27T16:14:27.072162-08:00,write,key_188,306.05,true,false,5062
2025-11-27T16:14:27.376445-08:00,read,key_692,1.97,true,false,4909
2025-11-27T16:14:27.372305-08:00,read,key_754,6.95,true,false,4957
2025-11-27T16:14:27.377896-08:00,read,key_949,1.53,true,false,5025
2025-11-27T16:14:27.37842-08:00,read,key_150,2.05,true,false,3350
2025-11-27T16:14:27.379252-08:00,read,key_902,2.67,true,false,5014
2025-11-27T16:14:27.379423-08:00,read,key_973,3.20,true,false,4592
2025-11-27T16:14:27.381926-08:00,read,key_467,2.71,true,false,4983
2025-11-27T16:14:27.174173-08:00,write,key_544,304.89,true,false,5064
2025-11-27T16:14:27.479067-08:00,read,key_9,1.53,true,false,4879
2025-11-27T16:14:27.4806-08:00,read,key_761,1.20,true,false,5062
2025-11-27T16:14:27.481805-08:00,read,key_971,1.79,true,false,3149
2025-11-27T16:14:27.483594-08:00,read,key_308,1.70,true,false,5040
2025-11-27T16:14:27.48529-08:00,read,key_908,1.24,true,false,4926
2025-11-27T16:14:27.486535-08:00,read,key_540,2.14,true,false,4593
2025-11-27T16:14:27.488679-08:00,read,key_884,0.49,true,false,4597
2025-11-27T16:14:27.489166-08:00,read,key_156,1.03,true,false,5010
2025-11-27T16:14:27.490202-08:00,read,key_117,0.98,true,false,4886
2025-11-27T16:14:27.49118-08:00,read,key_766,0.76,true,false,4992
2025-11-27T16:14:27.272915-08:00,write,key_130,306.99,true,false,5062
2025-11-27T16:14:27.269933-08:00,write,key_913,311.41,true,false,5062
2025-11-27T16:14:27.276043-08:00,write,key_645,305.40,true,false,5063
2025-11-27T16:14:27.579911-08:00,read,key_226,4.22,true,false,1746
2025-11-27T16:14:27.370235-08:00,write,key_787,309.27,true,false,5063
2025-11-27T16:14:27.370145-08:00,write,key_286,309.41,true,false,5065
2025-11-27T16:14:27.378215-08:00,write,key_666,304.50,true,false,5064
2025-11-27T16:14:27.382622-08:00,write,key_629,306.40,true,false,5066
2025-11-27T16:14:27.384636-08:00,write,key_45,304.79,true,false,5064
2025-11-27T16:14:27.380469-08:00,write,key_379,309.08,true,false,5065
2025-11-27T16:14:27.68902-08:00,read,key_112,1.91,true,false,5031
2025-11-27T16:14:27.690933-08:00,read,key_460,0.56,true,false,4896
2025-11-27T16:14:27.491939-08:00,write,key_157,303.88,true,false,5066
2025-11-27T16:14:27.581348-08:00,write,key_650,308.51,true,false,5065
2025-11-27T16:14:27.58413-08:00,write,key_428,305.74,true,false,5067
2025-11-27T16:14:27.581443-08:00,write,key_591,308.47,true,false,5065
2025-11-27T16:14:27.88986-08:00,read,key_760,2.09,true,false,5038
2025-11-27T16:14:27.679518-08:00,write,key_513,304.74,true,false,5066
2025-11-27T16:14:27.679562-08:00,write,key_733,304.73,true,false,5068
2025-11-27T16:14:27.984296-08:00,read,key_288,0.81,true,false,632
2025-11-27T16:14:27.984264-08:00,read,key_701,0.86,true,false,4928
2025-11-27T16:14:27.682723-08:00,write,key_195,304.86,true,false,5066
2025-11-27T16:14:27.985125-08:00,read,key_794,3.00,true,false,4596
2025-11-27T16:14:27.988122-08:00,read,key_60,1.52,true,false,4952
2025-11-27T16:14:27.989639-08:00,read,key_893,0.63,true,false,4927
2025-11-27T16:14:27.990271-08:00,read,key_698,0.59,true,false,4999
2025-11-27T16:14:27.990863-08:00,read,key_675,0.64,true,false,4625
2025-11-27T16:14:27.689548-08:00,write,key_449,308.49,true,false,5068
2025-11-27T16:14:27.691491-08:00,write,key_205,306.56,true,false,5069
2025-11-27T16:14:27.689432-08:00,write,key_807,308.62,true,false,5067
2025-11-27T16:14:27.998048-08:00,read,key_191,1.13,true,false,5003
2025-11-27T16:14:27.99918-08:00,read,key_446,0.65,true,false,5034
2025-11-27T16:14:27.999831-08:00,read,key_549,0.73,true,false,4648
2025-11-27T16:14:27.795824-08:00,write,key_705,304.00,true,false,5070
2025-11-27T16:14:28.09983-08:00,read,key_578,4.13,true,false,3639
2025-11-27T16:14:27.889916-08:00,write,key_696,307.70,true,false,5068
2025-11-27T16:14:27.889873-08:00,write,key_687,307.85,true,false,5068
2025-11-27T16:14:27.891951-08:00,write,key_560,306.30,true,false,5071
2025-11-27T16:14:28.197729-08:00,read,key_812,1.94,true,false,2921
2025-11-27T16:14:28.197619-08:00,read,key_999,2.34,true,false,4512
2025-11-27T16:14:27.987588-08:00,write,key_673,310.03,true,false,5072
2025-11-27T16:14:27.991499-08:00,write,key_695,306.14,true,false,5069
2025-11-27T16:14:27.985107-08:00,write,key_996,312.56,true,false,5071
2025-11-27T16:14:28.297619-08:00,read,key_893,2.18,true,false,4927
2025-11-27T16:14:27.998041-08:00,write,key_628,305.82,true,false,5071
2025-11-27T16:14:27.998057-08:00,write,key_787,307.22,true,false,5070
2025-11-27T16:14:28.000558-08:00,write,key_946,304.76,true,false,5070
2025-11-27T16:14:28.303865-08:00,read,key_117,2.28,true,false,4886
2025-11-27T16:14:28.30532-08:00,read,key_6,4.07,true,false,4854
2025-11-27T16:14:28.103962-08:00,write,key_806,306.02,true,false,5072
2025-11-27T16:14:28.199969-08:00,write,key_46,306.46,true,false,5072
2025-11-27T16:14:28.19967-08:00,write,key_869,306.76,true,false,5073
2025-11-27T16:14:28.198254-08:00,write,key_183,308.22,true,false,5073
2025-11-27T16:14:28.506435-08:00,read,key_795,0.81,true,false,85
2025-11-27T16:14:28.507304-08:00,read,key_932,0.70,true,false,3239
2025-11-27T16:14:28.297646-08:00,write,key_459,307.34,true,false,5073
2025-11-27T16:14:28.297666-08:00,write,key_570,307.43,true,false,5074
2025-11-27T16:14:28.299798-08:00,write,key_326,310.14,true,false,5074
2025-11-27T16:14:28.306141-08:00,write,key_375,305.41,true,false,5074
2025-11-27T16:14:28.309391-08:00,write,key_709,303.92,true,false,5076
2025-11-27T16:14:28.609941-08:00,read,key_196,3.52,true,false,4064
2025-11-27T16:14:28.305274-08:00,write,key_540,308.65,true,false,5075
2025-11-27T16:14:28.613929-08:00,read,key_461,1.70,true,false,4844
2025-11-27T16:14:28.613457-08:00,read,key_8,2.61,true,false,4951
2025-11-27T16:14:28.613312-08:00,read,key_618,3.04,true,false,4934
2025-11-27T16:14:28.409981-08:00,write,key_444,309.37,true,false,5077
2025-11-27T16:14:28.719352-08:00,read,key_255,1.61,true,false,5057
2025-11-27T16:14:28.506434-08:00,write,key_256,305.56,true,false,5075
2025-11-27T16:14:28.508008-08:00,write,key_504,304.11,true,false,5076
2025-11-27T16:14:28.506481-08:00,write,key_110,305.88,true,false,5075
2025-11-27T16:14:28.812004-08:00,read,key_48,1.78,true,false,4645
2025-11-27T16:14:28.812119-08:00,read,key_168,1.68,true,false,4916
2025-11-27T16:14:28.813804-08:00,read,key_430,0.87,true,false,4779
2025-11-27T16:14:28.814676-08:00,read,key_850,2.78,true,false,4625
2025-11-27T16:14:28.817455-08:00,read,key_895,0.81,true,false,5034
2025-11-27T16:14:28.818261-08:00,read,key_138,0.80,true,false,5027
2025-11-27T16:14:28.81906-08:00,read,key_898,0.76,true,false,4757
2025-11-27T16:14:28.819824-08:00,read,key_557,0.96,true,false,5011
2025-11-27T16:14:28.82079-08:00,read,key_891,1.10,true,false,4024
2025-11-27T16:14:28.821891-08:00,read,key_460,0.83,true,false,4896
2025-11-27T16:14:28.605095-08:00,write,key_762,306.91,true,false,5076
2025-11-27T16:14:28.604988-08:00,write,key_370,308.67,true,false,5077
2025-11-27T16:14:28.611556-08:00,write,key_576,306.18,true,false,5077
2025-11-27T16:14:28.616353-08:00,write,key_812,304.46,true,false,5079
2025-11-27T16:14:28.615632-08:00,write,key_216,305.21,true,false,5078
2025-11-27T16:14:28.616065-08:00,write,key_284,304.82,true,false,5078
2025-11-27T16:14:28.720959-08:00,write,key_5,307.61,true,false,5080
2025-11-27T16:14:29.028578-08:00,read,key_122,1.30,true,false,511
2025-11-27T16:14:29.029878-08:00,read,key_325,1.13,true,false,5002
2025-11-27T16:14:28.813789-08:00,write,key_195,307.36,true,false,5079
2025-11-27T16:14:28.812365-08:00,write,key_404,308.83,true,false,5078
2025-11-27T16:14:29.121197-08:00,read,key_452,2.30,true,false,3467
2025-11-27T16:14:29.121165-08:00,read,key_546,4.22,true,false,4691
2025-11-27T16:14:29.123504-08:00,read,key_951,4.93,true,false,4527
2025-11-27T16:14:28.822718-08:00,write,key_181,306.52,true,false,5080
2025-11-27T16:14:29.125391-08:00,read,key_560,4.25,true,false,5071
2025-11-27T16:14:29.12964-08:00,read,key_110,1.10,true,false,5075
2025-11-27T16:14:28.91201-08:00,write,key_111,312.87,true,false,5081
2025-11-27T16:14:28.913659-08:00,write,key_192,311.40,true,false,5081
2025-11-27T16:14:29.224878-08:00,read,key_960,0.73,true,false,4976
2025-11-27T16:14:29.22561-08:00,read,key_303,0.66,true,false,1744
2025-11-27T16:14:28.920884-08:00,write,key_130,308.70,true,false,5082
2025-11-27T16:14:28.920848-08:00,write,key_157,308.75,true,false,5081
2025-11-27T16:14:28.917743-08:00,write,key_84,311.86,true,false,5082
2025-11-27T16:14:29.229599-08:00,read,key_189,1.22,true,false,5041
2025-11-27T16:14:28.920819-08:00,write,key_207,310.77,true,false,5080
2025-11-27T16:14:29.230821-08:00,read,key_711,0.82,true,false,5004
2025-11-27T16:14:29.031006-08:00,write,key_901,309.04,true,false,5083
2025-11-27T16:14:29.340074-08:00,read,key_878,1.84,true,false,4859
2025-11-27T16:14:29.129237-08:00,write,key_818,305.97,true,false,5083
2025-11-27T16:14:29.128435-08:00,write,key_670,306.81,true,false,5081
2025-11-27T16:14:29.130745-08:00,write,key_891,304.52,true,false,5084
2025-11-27T16:14:29.435212-08:00,read,key_125,1.43,true,false,4791
2025-11-27T16:14:29.226274-08:00,write,key_158,307.00,true,false,5086
2025-11-27T16:14:29.229583-08:00,write,key_658,307.54,true,false,5087
2025-11-27T16:14:29.231587-08:00,write,key_618,306.17,true,false,5083
2025-11-27T16:14:29.231644-08:00,write,key_204,307.68,true,false,5088
2025-11-27T16:14:29.225056-08:00,write,key_401,314.28,true,false,5085
2025-11-27T16:14:29.229601-08:00,write,key_422,311.14,true,false,5084
2025-11-27T16:14:29.539337-08:00,read,key_463,3.15,true,false,4911
2025-11-27T16:14:29.537121-08:00,read,key_894,5.44,true,false,5024
2025-11-27T16:14:29.53933-08:00,read,key_965,3.55,true,false,4998
2025-11-27T16:14:29.542492-08:00,read,key_307,2.15,true,false,2010
2025-11-27T16:14:29.542557-08:00,read,key_156,2.11,true,false,5010
2025-11-27T16:14:29.540739-08:00,read,key_312,5.05,true,false,5038
2025-11-27T16:14:29.54464-08:00,read,key_766,2.47,true,false,4992
2025-11-27T16:14:29.544672-08:00,read,key_929,2.59,true,false,3789
2025-11-27T16:14:29.542886-08:00,read,key_633,4.56,true,false,4990
2025-11-27T16:14:29.547448-08:00,read,key_763,1.04,true,false,4974
2025-11-27T16:14:29.547107-08:00,read,key_2,1.41,true,false,4942
2025-11-27T16:14:29.341915-08:00,write,key_134,305.02,true,false,5085
2025-11-27T16:14:29.646935-08:00,read,key_352,2.12,true,false,4878
2025-11-27T16:14:29.64906-08:00,read,key_528,1.50,true,false,2065
2025-11-27T16:14:29.43525-08:00,write,key_916,308.07,true,false,5086
2025-11-27T16:14:29.435264-08:00,write,key_786,308.06,true,false,5085
2025-11-27T16:14:29.436647-08:00,write,key_75,306.75,true,false,5089
2025-11-27T16:14:29.74332-08:00,read,key_548,5.62,true,false,4619
2025-11-27T16:14:29.537755-08:00,write,key_201,311.30,true,false,5090
2025-11-27T16:14:29.533291-08:00,write,key_348,315.77,true,false,5089
2025-11-27T16:14:29.547259-08:00,write,key_210,303.96,true,false,5090
2025-11-27T16:14:29.545786-08:00,write,key_555,305.60,true,false,5090
2025-11-27T16:14:29.548484-08:00,write,key_11,304.53,true,false,5091
2025-11-27T16:14:29.849061-08:00,read,key_378,4.28,true,false,2139
2025-11-27T16:14:29.548522-08:00,write,key_71,308.16,true,false,5091
2025-11-27T16:14:29.853018-08:00,read,key_155,5.28,true,false,5011
2025-11-27T16:14:29.858301-08:00,read,key_429,0.78,true,false,4920
2025-11-27T16:14:29.650566-08:00,write,key_124,310.59,true,false,5092
2025-11-27T16:14:29.743323-08:00,write,key_400,310.99,true,false,5090
2025-11-27T16:14:29.743403-08:00,write,key_937,311.02,true,false,5093
2025-11-27T16:14:30.054321-08:00,read,key_931,8.71,true,false,3727
2025-11-27T16:14:29.748937-08:00,write,key_875,314.12,true,false,5094
2025-11-27T16:14:30.063037-08:00,read,key_208,1.12,true,false,4651
2025-11-27T16:14:30.063057-08:00,read,key_344,1.11,true,false,5048
2025-11-27T16:14:30.064166-08:00,read,key_199,0.62,true,false,4577
2025-11-27T16:14:30.064161-08:00,read,key_188,0.64,true,false,5062
2025-11-27T16:14:30.064782-08:00,read,key_741,0.89,false,false,0
2025-11-27T16:14:30.065674-08:00,read,key_162,0.69,true,false,4998
2025-11-27T16:14:30.066368-08:00,read,key_497,1.64,true,false,4970
2025-11-27T16:14:30.068015-08:00,read,key_449,0.56,true,false,5068
2025-11-27T16:14:30.068579-08:00,read,key_734,0.74,true,false,4011
2025-11-27T16:14:30.069325-08:00,read,key_901,0.66,true,false,5083
2025-11-27T16:14:30.069986-08:00,read,key_688,0.63,true,false,4810
2025-11-27T16:14:29.84907-08:00,write,key_41,309.10,true,false,5092
2025-11-27T16:14:30.158172-08:00,read,key_409,2.27,true,false,4832
2025-11-27T16:14:30.160441-08:00,read,key_847,1.80,true,false,3573
2025-11-27T16:14:29.856686-08:00,write,key_581,306.85,true,false,5093
2025-11-27T16:14:29.853339-08:00,write,key_444,310.24,true,false,5092
2025-11-27T16:14:29.859084-08:00,write,key_614,306.92,true,false,5097
2025-11-27T16:14:29.851227-08:00,write,key_549,316.75,true,false,5095
2025-11-27T16:14:29.851393-08:00,write,key_878,316.67,true,false,5096
2025-11-27T16:14:30.166004-08:00,read,key_75,3.15,true,false,5089
2025-11-27T16:14:30.163541-08:00,read,key_527,6.92,true,false,5014
2025-11-27T16:14:30.169158-08:00,read,key_167,2.17,true,false,5027
2025-11-27T16:14:29.961208-08:00,write,key_310,304.92,true,false,5098
2025-11-27T16:14:30.054429-08:00,write,key_810,317.48,true,false,5095
2025-11-27T16:14:30.064798-08:00,write,key_3,307.39,true,false,5096
2025-11-27T16:14:30.070617-08:00,write,key_551,304.07,true,false,5095
2025-11-27T16:14:30.372191-08:00,read,key_255,3.32,true,false,5057
2025-11-27T16:14:30.163587-08:00,write,key_863,309.01,true,false,5099
2025-11-27T16:14:30.162241-08:00,write,key_965,310.36,true,false,5099
2025-11-27T16:14:30.472606-08:00,read,key_122,0.99,true,false,511
2025-11-27T16:14:30.47261-08:00,read,key_502,1.01,true,false,2191
2025-11-27T16:14:30.170467-08:00,write,key_933,306.37,true,false,5100
2025-11-27T16:14:30.168064-08:00,write,key_89,308.77,true,false,5100
2025-11-27T16:14:30.473601-08:00,read,key_477,3.36,true,false,4144
2025-11-27T16:14:30.167979-08:00,write,key_686,309.29,true,false,5098
2025-11-27T16:14:30.171327-08:00,write,key_735,306.04,true,false,5099
2025-11-27T16:14:30.477371-08:00,read,key_198,2.36,true,false,5048
2025-11-27T16:14:30.476835-08:00,read,key_616,2.98,true,false,4881
2025-11-27T16:14:30.476958-08:00,read,key_654,3.01,true,false,4991
2025-11-27T16:14:30.479733-08:00,read,key_970,1.83,true,false,4576
2025-11-27T16:14:30.266137-08:00,write,key_909,310.24,true,false,5101
2025-11-27T16:14:30.576382-08:00,read,key_751,4.38,true,false,4939
2025-11-27T16:14:30.580766-08:00,read,key_890,3.61,true,false,5052
2025-11-27T16:14:30.371918-08:00,write,key_449,318.84,true,false,5102
2025-11-27T16:14:30.375517-08:00,write,key_4,315.26,true,false,5104
2025-11-27T16:14:30.374692-08:00,write,key_541,316.22,true,false,5103
2025-11-27T16:14:30.690781-08:00,read,key_753,0.78,true,false,5047
2025-11-27T16:14:30.69156-08:00,read,key_875,0.47,true,false,5094
2025-11-27T16:14:30.692027-08:00,read,key_176,0.49,true,false,4284
2025-11-27T16:14:30.692514-08:00,read,key_209,0.48,true,false,4613
2025-11-27T16:14:30.692998-08:00,read,key_355,0.41,true,false,4420
2025-11-27T16:14:30.69341-08:00,read,key_531,0.38,true,false,5013
2025-11-27T16:14:30.693793-08:00,read,key_675,0.35,true,false,4625
2025-11-27T16:14:30.476835-08:00,write,key_576,326.68,true,false,5101
2025-11-27T16:14:30.47727-08:00,write,key_924,326.31,true,false,5101
2025-11-27T16:14:30.479969-08:00,write,key_613,323.61,true,false,5102
2025-11-27T16:14:30.473619-08:00,write,key_802,330.05,true,false,5105
2025-11-27T16:14:30.479816-08:00,write,key_698,323.86,true,false,5102
2025-11-27T16:14:30.481561-08:00,write,key_212,322.15,true,false,5103
2025-11-27T16:14:30.803679-08:00,read,key_586,0.48,true,false,4908
2025-11-27T16:14:30.80352-08:00,read,key_789,2.53,true,false,5039
2025-11-27T16:14:30.803583-08:00,read,key_543,2.63,true,false,5004
2025-11-27T16:14:30.803579-08:00,read,key_670,2.71,true,false,5081
2025-11-27T16:14:30.584378-08:00,write,key_220,322.17,true,false,5106
2025-11-27T16:14:30.906556-08:00,read,key_153,2.56,true,false,4981
2025-11-27T16:14:30.690912-08:00,write,key_671,308.14,true,false,5105
2025-11-27T16:14:30.690761-08:00,write,key_804,308.36,true,false,5107
2025-11-27T16:14:30.694142-08:00,write,key_421,305.01,true,false,5106
2025-11-27T16:14:30.999153-08:00,read,key_127,1.26,true,false,5005
2025-11-27T16:14:31.000415-08:00,read,key_288,0.79,true,false,632
2025-11-27T16:14:30.999058-08:00,read,key_667,3.18,true,false,4824
2025-11-27T16:14:30.99912-08:00,read,key_891,3.12,true,false,5084
2025-11-27T16:14:31.001204-08:00,read,key_900,2.09,true,false,4930
2025-11-27T16:14:31.00329-08:00,read,key_154,0.67,true,false,5049
2025-11-27T16:14:30.80367-08:00,write,key_621,305.79,true,false,5107
2025-11-27T16:14:30.80371-08:00,write,key_403,305.77,true,false,5106
2025-11-27T16:14:30.80605-08:00,write,key_905,304.17,true,false,5108
2025-11-27T16:14:30.804162-08:00,write,key_360,306.10,true,false,5106
2025-11-27T16:14:30.806212-08:00,write,key_459,304.11,true,false,5109
2025-11-27T16:14:30.806295-08:00,write,key_555,304.50,true,false,5107
2025-11-27T16:14:31.109481-08:00,read,key_465,2.94,true,false,4954
2025-11-27T16:14:31.109462-08:00,read,key_861,3.03,true,false,4644
2025-11-27T16:14:31.112419-08:00,read,key_313,3.24,true,false,4570
2025-11-27T16:14:31.112496-08:00,read,key_368,4.72,true,false,4389
2025-11-27T16:14:30.909119-08:00,write,key_914,309.05,true,false,5108
2025-11-27T16:14:31.218177-08:00,read,key_993,1.08,true,false,5060
2025-11-27T16:14:31.003962-08:00,write,key_162,304.24,true,false,5109
2025-11-27T16:14:31.002239-08:00,write,key_924,305.97,true,false,5110
2025-11-27T16:14:31.002239-08:00,write,key_739,305.97,true,false,5108
2025-11-27T16:14:31.308206-08:00,read,key_782,1.09,true,false,4822
2025-11-27T16:14:31.110262-08:00,write,key_458,307.56,true,false,5111
2025-11-27T16:14:31.110325-08:00,write,key_333,307.53,true,false,5110
2025-11-27T16:14:31.110221-08:00,write,key_783,307.73,true,false,5110
2025-11-27T16:14:31.110797-08:00,write,key_181,307.24,true,false,5111
2025-11-27T16:14:31.417859-08:00,read,key_426,1.93,true,false,4890
2025-11-27T16:14:31.115661-08:00,write,key_341,304.16,true,false,5112
2025-11-27T16:14:31.41783-08:00,read,key_203,2.01,true,false,3491
2025-11-27T16:14:31.417948-08:00,read,key_61,1.92,true,false,5061
2025-11-27T16:14:31.419786-08:00,read,key_949,1.29,true,false,5025
2025-11-27T16:14:31.117213-08:00,write,key_137,304.56,true,false,5113
2025-11-27T16:14:31.421776-08:00,read,key_377,0.65,true,false,5006
2025-11-27T16:14:31.42243-08:00,read,key_150,0.64,true,false,3350
2025-11-27T16:14:31.219259-08:00,write,key_452,303.59,true,false,5111
2025-11-27T16:14:31.522856-08:00,read,key_695,1.63,true,false,5069
2025-11-27T16:14:31.309301-08:00,write,key_81,308.81,true,false,5114
2025-11-27T16:14:31.308206-08:00,write,key_898,310.15,true,false,5111
2025-11-27T16:14:31.308211-08:00,write,key_172,310.16,true,false,5112
2025-11-27T16:14:31.618354-08:00,read,key_78,5.94,true,false,4848
2025-11-27T16:14:31.418044-08:00,write,key_571,307.08,true,false,5115
2025-11-27T16:14:31.421079-08:00,write,key_448,304.08,true,false,5116
2025-11-27T16:14:31.419826-08:00,write,key_631,305.39,true,false,5115
2025-11-27T16:14:31.725157-08:00,read,key_200,0.44,true,false,3046
2025-11-27T16:14:31.419846-08:00,write,key_760,306.09,true,false,5113
2025-11-27T16:14:31.419869-08:00,write,key_737,306.07,true,false,5114
2025-11-27T16:14:31.725935-08:00,read,key_128,0.40,true,false,5003
2025-11-27T16:14:31.725222-08:00,read,key_667,1.21,true,false,4824
2025-11-27T16:14:31.726437-08:00,read,key_157,0.34,true,false,5081
2025-11-27T16:14:31.726336-08:00,read,key_551,0.46,true,false,5095
2025-11-27T16:14:31.725934-08:00,read,key_304,0.88,true,false,5000
2025-11-27T16:14:31.423074-08:00,write,key_249,303.83,true,false,5116
2025-11-27T16:14:31.7268-08:00,read,key_970,1.00,true,false,4576
2025-11-27T16:14:31.727803-08:00,read,key_801,0.36,true,false,2496
2025-11-27T16:14:31.524485-08:00,write,key_540,308.03,true,false,5117
2025-11-27T16:14:31.832516-08:00,read,key_962,1.28,true,false,5047
2025-11-27T16:14:31.618371-08:00,write,key_861,316.24,true,false,5118
2025-11-27T16:14:31.624297-08:00,write,key_367,310.36,true,false,5115
2025-11-27T16:14:31.61812-08:00,write,key_945,316.67,true,false,5115
2025-11-27T16:14:31.934661-08:00,read,key_760,3.14,true,false,5113
2025-11-27T16:14:31.937804-08:00,read,key_661,1.34,true,false,4853
2025-11-27T16:14:31.728162-08:00,write,key_625,304.90,true,false,5119
2025-11-27T16:14:31.726777-08:00,write,key_699,306.29,true,false,5117
2025-11-27T16:14:31.725131-08:00,write,key_223,307.94,true,false,5117
2025-11-27T16:14:31.726907-08:00,write,key_315,306.19,true,false,5118
2025-11-27T16:14:31.725602-08:00,write,key_86,307.50,true,false,5117
2025-11-27T16:14:31.726819-08:00,write,key_653,306.30,true,false,5118
2025-11-27T16:14:32.033064-08:00,read,key_188,1.55,true,false,5062
2025-11-27T16:14:32.033124-08:00,read,key_195,1.50,true,false,5079
2025-11-27T16:14:31.833801-08:00,write,key_990,307.61,true,false,5119
2025-11-27T16:14:32.141415-08:00,read,key_588,2.50,true,false,4954
2025-11-27T16:14:31.934614-08:00,write,key_753,308.34,true,false,5120
2025-11-27T16:14:31.934794-08:00,write,key_762,308.16,true,false,5120
2025-11-27T16:14:31.939149-08:00,write,key_633,303.83,true,false,5119
2025-11-27T16:14:32.242979-08:00,read,key_742,1.31,true,false,4945
2025-11-27T16:14:32.242953-08:00,read,key_545,1.33,true,false,4723
2025-11-27T16:14:32.244287-08:00,read,key_113,2.73,true,false,5044
2025-11-27T16:14:32.033072-08:00,write,key_974,309.89,true,false,5121
2025-11-27T16:14:32.033105-08:00,write,key_660,309.96,true,false,5120
2025-11-27T16:14:32.034613-08:00,write,key_167,308.57,true,false,5121
2025-11-27T16:14:32.033098-08:00,write,key_4,310.09,true,false,5121
2025-11-27T16:14:32.03462-08:00,write,key_326,308.68,true,false,5122
2025-11-27T16:14:32.033064-08:00,write,key_453,310.55,true,false,5120
2025-11-27T16:14:32.34319-08:00,read,key_797,2.64,true,false,1406
2025-11-27T16:14:32.34299-08:00,read,key_370,2.91,true,false,5077
2025-11-27T16:14:32.343302-08:00,read,key_975,2.67,true,false,1565
2025-11-27T16:14:32.343186-08:00,read,key_407,2.92,true,false,2858
2025-11-27T16:14:32.345827-08:00,read,key_253,2.49,true,false,4933
2025-11-27T16:14:32.346105-08:00,read,key_914,2.23,true,false,5108
2025-11-27T16:14:32.348316-08:00,read,key_724,1.68,true,false,5014
2025-11-27T16:14:32.350001-08:00,read,key_735,1.11,true,false,5099
2025-11-27T16:14:32.351109-08:00,read,key_999,1.18,true,false,4512
2025-11-27T16:14:32.352294-08:00,read,key_964,1.08,true,false,4643
2025-11-27T16:14:32.143911-08:00,write,key_212,303.47,true,false,5123
2025-11-27T16:14:32.44738-08:00,read,key_800,1.09,true,false,4995
2025-11-27T16:14:32.448469-08:00,read,key_864,0.78,true,false,5025
2025-11-27T16:14:32.24296-08:00,write,key_702,308.38,true,false,5122
2025-11-27T16:14:32.244286-08:00,write,key_13,307.07,true,false,5124
2025-11-27T16:14:32.24702-08:00,write,key_469,306.13,true,false,5125
2025-11-27T16:14:32.553147-08:00,read,key_1,0.99,true,false,4914
2025-11-27T16:14:32.551342-08:00,read,key_472,3.30,true,false,4756
2025-11-27T16:14:32.551363-08:00,read,key_963,3.29,true,false,4970
2025-11-27T16:14:32.554136-08:00,read,key_707,1.56,true,false,2885
2025-11-27T16:14:32.554657-08:00,read,key_752,1.17,true,false,5035
2025-11-27T16:14:32.5557-08:00,read,key_72,0.63,true,false,4617
2025-11-27T16:14:32.555831-08:00,read,key_848,0.55,false,false,0
2025-11-27T16:14:32.556333-08:00,read,key_657,0.67,true,false,5045
2025-11-27T16:14:32.557002-08:00,read,key_637,0.49,true,false,3711
2025-11-27T16:14:32.557493-08:00,read,key_629,0.61,true,false,5066
2025-11-27T16:14:32.343064-08:00,write,key_252,307.07,true,false,5123
2025-11-27T16:14:32.343616-08:00,write,key_522,306.53,true,false,5124
2025-11-27T16:14:32.3459-08:00,write,key_0,307.17,true,false,5123
2025-11-27T16:14:32.348333-08:00,write,key_941,305.28,true,false,5125
2025-11-27T16:14:32.345976-08:00,write,key_652,307.70,true,false,5126
2025-11-27T16:14:32.65308-08:00,read,key_971,3.58,true,false,3149
2025-11-27T16:14:32.353377-08:00,write,key_870,304.17,true,false,5123
2025-11-27T16:14:32.653613-08:00,read,key_157,5.09,true,false,5081
2025-11-27T16:14:32.656659-08:00,read,key_740,2.04,true,false,5019
2025-11-27T16:14:32.657546-08:00,read,key_312,2.22,true,false,5038
2025-11-27T16:14:32.653678-08:00,read,key_631,6.09,true,false,5115
2025-11-27T16:14:32.658702-08:00,read,key_115,1.25,true,false,4355
2025-11-27T16:14:32.65977-08:00,read,key_597,0.55,true,false,4928
2025-11-27T16:14:32.66032-08:00,read,key_654,0.45,true,false,4991
2025-11-27T16:14:32.660768-08:00,read,key_158,0.50,true,false,5086
2025-11-27T16:14:32.661274-08:00,read,key_862,1.05,true,false,4822
2025-11-27T16:14:32.662321-08:00,read,key_985,0.77,true,false,4900
2025-11-27T16:14:32.449247-08:00,write,key_181,308.46,true,false,5127
2025-11-27T16:14:32.75771-08:00,read,key_82,0.77,true,false,4746
2025-11-27T16:14:32.556384-08:00,write,key_705,308.55,true,false,5126
2025-11-27T16:14:32.558104-08:00,write,key_463,306.85,true,false,5127
2025-11-27T16:14:32.554638-08:00,write,key_408,310.33,true,false,5126
2025-11-27T16:14:32.864942-08:00,read,key_399,2.33,true,false,3915
2025-11-27T16:14:32.864974-08:00,read,key_723,2.34,true,false,5013
2025-11-27T16:14:32.867314-08:00,read,key_866,1.45,true,false,4889
2025-11-27T16:14:32.65015-08:00,write,key_870,313.56,true,false,5127
2025-11-27T16:14:32.650134-08:00,write,key_318,313.62,true,false,5128
2025-11-27T16:14:32.658703-08:00,write,key_683,307.18,true,false,5129
2025-11-27T16:14:32.65995-08:00,write,key_233,306.01,true,false,5128
2025-11-27T16:14:32.659771-08:00,write,key_726,306.36,true,false,5127
2025-11-27T16:14:32.965884-08:00,read,key_934,2.77,true,false,3938
2025-11-27T16:14:32.66309-08:00,write,key_842,306.93,true,false,5128
2025-11-27T16:14:32.96371-08:00,read,key_739,7.78,true,false,5108
2025-11-27T16:14:32.96866-08:00,read,key_221,2.89,true,false,1006
2025-11-27T16:14:32.966133-08:00,read,key_976,5.44,true,false,4627
2025-11-27T16:14:32.970024-08:00,read,key_815,1.68,true,false,2897
2025-11-27T16:14:32.9717-08:00,read,key_735,0.53,true,false,5099
2025-11-27T16:14:32.972236-08:00,read,key_701,0.62,true,false,4928
2025-11-27T16:14:32.971572-08:00,read,key_199,1.45,true,false,4577
2025-11-27T16:14:32.758482-08:00,write,key_610,310.46,true,false,5130
2025-11-27T16:14:33.068951-08:00,read,key_317,1.99,true,false,4655
2025-11-27T16:14:32.864956-08:00,write,key_783,305.21,true,false,5129
2025-11-27T16:14:33.17018-08:00,read,key_978,1.42,true,false,4893
2025-11-27T16:14:32.867276-08:00,write,key_152,304.68,true,false,5130
2025-11-27T16:14:32.868763-08:00,write,key_663,305.68,true,false,5129
2025-11-27T16:14:33.174444-08:00,read,key_656,1.28,true,false,4824
2025-11-27T16:14:32.963756-08:00,write,key_900,307.22,true,false,5130
2025-11-27T16:14:32.965966-08:00,write,key_285,305.77,true,false,5131
2025-11-27T16:14:33.27174-08:00,read,key_724,1.42,true,false,5014
2025-11-27T16:14:32.973021-08:00,write,key_577,304.54,true,false,5131
2025-11-27T16:14:32.971491-08:00,write,key_270,306.76,true,false,5131
2025-11-27T16:14:32.972853-08:00,write,key_735,305.82,true,false,5131
2025-11-27T16:14:32.97155-08:00,write,key_745,307.76,true,false,5130
2025-11-27T16:14:33.278256-08:00,read,key_730,1.73,true,false,5058
2025-11-27T16:14:33.27931-08:00,read,key_72,2.05,true,false,4617
2025-11-27T16:14:33.279984-08:00,read,key_520,1.87,true,false,2489
2025-11-27T16:14:33.281852-08:00,read,key_724,0.48,true,false,5014
2025-11-27T16:14:33.282333-08:00,read,key_626,0.53,true,false,4957
2025-11-27T16:14:33.28286-08:00,read,key_596,0.77,true,false,5037
2025-11-27T16:14:33.070942-08:00,write,key_192,307.83,true,false,5131
2025-11-27T16:14:33.378775-08:00,read,key_967,1.57,true,false,4735
2025-11-27T16:14:33.171958-08:00,write,key_224,307.62,true,false,5132
2025-11-27T16:14:33.171598-08:00,write,key_5,309.35,true,false,5132
2025-11-27T16:14:33.479587-08:00,read,key_205,3.29,true,false,5069
2025-11-27T16:14:33.480947-08:00,read,key_252,5.76,true,false,5123
2025-11-27T16:14:33.175723-08:00,write,key_810,311.97,true,false,5133
2025-11-27T16:14:33.486708-08:00,read,key_404,2.35,true,false,5078
2025-11-27T16:14:33.487693-08:00,read,key_900,1.43,true,false,5130
2025-11-27T16:14:33.489125-08:00,read,key_787,3.53,true,false,5070
2025-11-27T16:14:33.489063-08:00,read,key_44,3.77,true,false,5041
2025-11-27T16:14:33.270992-08:00,write,key_197,312.87,true,false,5132
2025-11-27T16:14:33.583876-08:00,read,key_150,0.95,true,false,3350
2025-11-27T16:14:33.584822-08:00,read,key_405,0.73,true,false,4710
2025-11-27T16:14:33.277561-08:00,write,key_14,308.70,true,false,5135
2025-11-27T16:14:33.28136-08:00,write,key_679,305.13,true,false,5132
2025-11-27T16:14:33.278677-08:00,write,key_406,308.46,true,false,5133
2025-11-27T16:14:33.586262-08:00,read,key_43,1.42,true,false,3584
2025-11-27T16:14:33.283626-08:00,write,key_441,304.45,true,false,5133
2025-11-27T16:14:33.273161-08:00,write,key_736,315.63,true,false,5134
2025-11-27T16:14:33.587141-08:00,read,key_946,1.72,true,false,5070
2025-11-27T16:14:33.588793-08:00,read,key_879,0.71,true,false,4874
2025-11-27T16:14:33.380343-08:00,write,key_548,305.61,true,false,5135
2025-11-27T16:14:33.482883-08:00,write,key_814,309.40,true,false,5134
2025-11-27T16:14:33.792291-08:00,read,key_842,0.65,true,false,5128
2025-11-27T16:14:33.492659-08:00,write,key_691,302.74,true,false,5136
2025-11-27T16:14:33.492838-08:00,write,key_997,302.60,true,false,5135
2025-11-27T16:14:33.795441-08:00,read,key_406,0.68,true,false,5133
2025-11-27T16:14:33.796121-08:00,read,key_952,0.52,true,false,4537
2025-11-27T16:14:33.796645-08:00,read,key_846,0.49,true,false,1397
2025-11-27T16:14:33.589506-08:00,write,key_997,306.55,true,false,5138
2025-11-27T16:14:33.586494-08:00,write,key_196,309.61,true,false,5137
2025-11-27T16:14:33.587685-08:00,write,key_757,312.26,true,false,5137
2025-11-27T16:14:33.585555-08:00,write,key_688,314.67,true,false,5136
2025-11-27T16:14:33.588857-08:00,write,key_69,312.37,true,false,5136
2025-11-27T16:14:33.588082-08:00,write,key_73,313.70,true,false,5136
2025-11-27T16:14:33.896058-08:00,read,key_559,6.59,true,false,4834
2025-11-27T16:14:33.901785-08:00,read,key_599,3.20,true,false,5041
2025-11-27T16:14:33.904988-08:00,read,key_183,0.76,true,false,5073
2025-11-27T16:14:33.905753-08:00,read,key_920,0.57,true,false,4711
2025-11-27T16:14:33.906321-08:00,read,key_412,0.66,true,false,4391
2025-11-27T16:14:33.685961-08:00,write,key_72,316.25,true,false,5138
2025-11-27T16:14:33.797135-08:00,write,key_947,306.28,true,false,5140
2025-11-27T16:14:33.795407-08:00,write,key_448,308.04,true,false,5139
2025-11-27T16:14:33.792943-08:00,write,key_272,310.56,true,false,5137
2025-11-27T16:14:34.10345-08:00,read,key_121,4.37,true,false,4935
2025-11-27T16:14:34.103418-08:00,read,key_633,4.41,true,false,5119
2025-11-27T16:14:33.899947-08:00,write,key_727,309.00,true,false,5141
2025-11-27T16:14:33.901224-08:00,write,key_11,307.73,true,false,5139
2025-11-27T16:14:34.208957-08:00,read,key_666,1.26,true,false,5064
2025-11-27T16:14:33.896103-08:00,write,key_901,316.64,true,false,5141
2025-11-27T16:14:33.906979-08:00,write,key_697,308.60,true,false,5143
2025-11-27T16:14:33.902645-08:00,write,key_190,312.95,true,false,5142
2025-11-27T16:14:33.90023-08:00,write,key_340,315.37,true,false,5140
2025-11-27T16:14:34.002213-08:00,write,key_905,313.88,true,false,5141
2025-11-27T16:14:34.103505-08:00,write,key_737,312.71,true,false,5141
2025-11-27T16:14:34.107817-08:00,write,key_559,308.89,true,false,5144
2025-11-27T16:14:34.107829-08:00,write,key_327,308.98,true,false,5145
2025-11-27T16:14:34.416224-08:00,read,key_791,2.05,true,false,4988
2025-11-27T16:14:34.416809-08:00,read,key_737,3.93,true,false,5141
2025-11-27T16:14:34.416705-08:00,read,key_117,6.55,true,false,4886
2025-11-27T16:14:34.210221-08:00,write,key_574,306.31,true,false,5142
2025-11-27T16:14:34.20895-08:00,write,key_529,307.61,true,false,5142
2025-11-27T16:14:34.516564-08:00,read,key_57,1.87,true,false,4524
2025-11-27T16:14:34.516532-08:00,read,key_864,2.39,true,false,5025
2025-11-27T16:14:34.212741-08:00,write,key_544,306.26,true,false,5146
2025-11-27T16:14:34.519006-08:00,read,key_366,2.78,true,false,2032
2025-11-27T16:14:34.215599-08:00,write,key_444,306.80,true,false,5144
2025-11-27T16:14:34.215601-08:00,write,key_616,307.63,true,false,5144
2025-11-27T16:14:34.521792-08:00,read,key_810,3.47,true,false,5133
2025-11-27T16:14:34.215584-08:00,write,key_311,310.42,true,false,5147
2025-11-27T16:14:34.525263-08:00,read,key_722,0.94,true,false,4941
2025-11-27T16:14:34.523237-08:00,read,key_156,3.53,true,false,5010
2025-11-27T16:14:34.526008-08:00,read,key_570,0.83,true,false,5074
2025-11-27T16:14:34.526843-08:00,read,key_876,0.51,true,false,4504
2025-11-27T16:14:34.52735-08:00,read,key_834,0.94,true,false,4616
2025-11-27T16:14:34.316107-08:00,write,key_725,308.39,true,false,5147
2025-11-27T16:14:34.418275-08:00,write,key_685,309.78,true,false,5146
2025-11-27T16:14:34.420744-08:00,write,key_220,307.34,true,false,5148
2025-11-27T16:14:34.423259-08:00,write,key_66,305.00,true,false,5147
2025-11-27T16:14:34.728058-08:00,read,key_7,3.72,true,false,4918
2025-11-27T16:14:34.731783-08:00,read,key_868,1.25,true,false,5044
2025-11-27T16:14:34.728089-08:00,read,key_755,5.09,true,false,4904
2025-11-27T16:14:34.728265-08:00,read,key_610,4.95,true,false,5130
2025-11-27T16:14:34.733184-08:00,read,key_450,2.10,true,false,5036
2025-11-27T16:14:34.733221-08:00,read,key_980,2.37,true,false,4921
2025-11-27T16:14:34.735286-08:00,read,key_830,0.54,true,false,4908
2025-11-27T16:14:34.735825-08:00,read,key_478,0.46,true,false,4965
2025-11-27T16:14:34.518437-08:00,write,key_118,307.08,true,false,5148
2025-11-27T16:14:34.518928-08:00,write,key_121,307.00,true,false,5147
2025-11-27T16:14:34.522397-08:00,write,key_349,306.59,true,false,5148
2025-11-27T16:14:34.526202-08:00,write,key_983,306.65,true,false,5149
2025-11-27T16:14:34.828994-08:00,read,key_182,3.90,true,false,4441
2025-11-27T16:14:34.52677-08:00,write,key_41,307.53,true,false,5148
2025-11-27T16:14:34.528294-08:00,write,key_326,306.18,true,false,5149
2025-11-27T16:14:34.832859-08:00,read,key_676,1.67,true,false,4652
2025-11-27T16:14:34.834303-08:00,read,key_907,0.52,true,false,5059
2025-11-27T16:14:34.624502-08:00,write,key_553,306.01,true,false,5150
2025-11-27T16:14:34.930511-08:00,read,key_513,0.89,true,false,5066
2025-11-27T16:14:34.931407-08:00,read,key_522,0.85,true,false,5124
2025-11-27T16:14:34.932256-08:00,read,key_571,0.86,true,false,5115
2025-11-27T16:14:34.933119-08:00,read,key_293,0.84,true,false,4810
2025-11-27T16:14:34.733036-08:00,write,key_461,306.23,true,false,5149
2025-11-27T16:14:34.735587-08:00,write,key_151,304.48,true,false,5151
2025-11-27T16:14:34.736287-08:00,write,key_947,303.90,true,false,5152
2025-11-27T16:14:35.040189-08:00,read,key_127,2.60,true,false,5005
2025-11-27T16:14:34.825517-08:00,write,key_864,309.75,true,false,5153
2025-11-27T16:14:34.825927-08:00,write,key_346,309.67,true,false,5150
2025-11-27T16:14:35.135273-08:00,read,key_772,1.85,true,false,4676
2025-11-27T16:14:35.135603-08:00,read,key_442,2.11,true,false,4989
2025-11-27T16:14:35.137713-08:00,read,key_150,2.41,true,false,3350
2025-11-27T16:14:34.834472-08:00,write,key_908,305.90,true,false,5151
2025-11-27T16:14:34.832899-08:00,write,key_683,308.16,true,false,5150
2025-11-27T16:14:34.834527-08:00,write,key_205,307.01,true,false,5151
2025-11-27T16:14:34.834828-08:00,write,key_447,307.14,true,false,5152
2025-11-27T16:14:35.141974-08:00,read,key_733,1.82,true,false,5068
2025-11-27T16:14:35.140128-08:00,read,key_612,3.72,true,false,4858
2025-11-27T16:14:35.14385-08:00,read,key_402,1.41,true,false,4877
2025-11-27T16:14:35.143793-08:00,read,key_291,3.73,true,false,4223
2025-11-27T16:14:35.147524-08:00,read,key_436,1.79,true,false,4742
2025-11-27T16:14:35.149313-08:00,read,key_370,1.13,true,false,5077
2025-11-27T16:14:34.933962-08:00,write,key_314,310.31,true,false,5153
2025-11-27T16:14:35.040069-08:00,write,key_288,306.59,true,false,5153
2025-11-27T16:14:35.039284-08:00,write,key_327,307.39,true,false,5154
2025-11-27T16:14:35.346659-08:00,read,key_724,2.10,true,false,5014
2025-11-27T16:14:35.042792-08:00,write,key_798,307.45,true,false,5154
2025-11-27T16:14:35.350241-08:00,read,key_38,1.39,true,false,3160
2025-11-27T16:14:35.351636-08:00,read,key_901,1.11,true,false,5141
2025-11-27T16:14:35.352742-08:00,read,key_7,1.23,true,false,4918
2025-11-27T16:14:35.137124-08:00,write,key_442,314.41,true,false,5154
2025-11-27T16:14:35.140378-08:00,write,key_446,311.22,true,false,5154
2025-11-27T16:14:35.141074-08:00,write,key_994,310.52,true,false,5155
2025-11-27T16:14:35.14526-08:00,write,key_736,306.37,true,false,5156
2025-11-27T16:14:35.141542-08:00,write,key_622,310.18,true,false,5155
2025-11-27T16:14:35.451722-08:00,read,key_787,1.89,true,false,5070
2025-11-27T16:14:35.451596-08:00,read,key_578,2.08,true,false,3639
2025-11-27T16:14:35.451536-08:00,read,key_905,2.15,true,false,5141
2025-11-27T16:14:35.451629-08:00,read,key_186,2.18,true,false,4856
2025-11-27T16:14:35.150444-08:00,write,key_941,304.18,true,false,5155
2025-11-27T16:14:35.45368-08:00,read,key_195,2.63,true,false,5079
2025-11-27T16:14:35.453684-08:00,read,key_199,4.07,true,false,4577
2025-11-27T16:14:35.454625-08:00,read,key_497,3.80,true,false,4970
2025-11-27T16:14:35.456314-08:00,read,key_73,2.16,true,false,5136
2025-11-27T16:14:35.458473-08:00,read,key_994,0.59,true,false,5155
2025-11-27T16:14:35.45906-08:00,read,key_373,0.43,true,false,4712
2025-11-27T16:14:35.244277-08:00,write,key_441,307.75,true,false,5155
2025-11-27T16:14:35.346672-08:00,write,key_312,304.79,true,false,5157
2025-11-27T16:14:35.651471-08:00,read,key_736,1.88,true,false,5157
2025-11-27T16:14:35.348765-08:00,write,key_71,304.75,true,false,5156
2025-11-27T16:14:35.653353-08:00,read,key_620,2.72,true,false,5017
2025-11-27T16:14:35.353977-08:00,write,key_754,304.95,true,false,5158
2025-11-27T16:14:35.658929-08:00,read,key_812,2.04,true,false,5079
2025-11-27T16:14:35.656072-08:00,read,key_139,4.98,true,false,4158
2025-11-27T16:14:35.660969-08:00,read,key_310,0.62,true,false,5098
2025-11-27T16:14:35.4516-08:00,write,key_324,307.20,true,false,5158
2025-11-27T16:14:35.453608-08:00,write,key_736,305.45,true,false,5157
2025-11-27T16:14:35.453808-08:00,write,key_894,306.37,true,false,5157
2025-11-27T16:14:35.459486-08:00,write,key_166,304.19,true,false,5157
2025-11-27T16:14:35.457763-08:00,write,key_70,306.01,true,false,5158
2025-11-27T16:14:35.458429-08:00,write,key_784,305.49,true,false,5159
2025-11-27T16:14:35.763772-08:00,read,key_709,2.40,true,false,5076
2025-11-27T16:14:35.55203-08:00,write,key_909,308.16,true,false,5160
2025-11-27T16:14:35.860196-08:00,read,key_73,0.51,true,false,5136
2025-11-27T16:14:35.653516-08:00,write,key_304,310.09,true,false,5159
2025-11-27T16:14:35.661588-08:00,write,key_861,303.93,true,false,5159
2025-11-27T16:14:35.661052-08:00,write,key_616,304.52,true,false,5160
2025-11-27T16:14:35.965516-08:00,read,key_949,4.30,true,false,5025
2025-11-27T16:14:35.969813-08:00,read,key_423,3.39,true,false,4908
2025-11-27T16:14:35.763677-08:00,write,key_448,305.26,true,false,5160
2025-11-27T16:14:35.760185-08:00,write,key_912,309.21,true,false,5162
2025-11-27T16:14:35.758811-08:00,write,key_693,310.96,true,false,5159
2025-11-27T16:14:35.759057-08:00,write,key_836,311.58,true,false,5161
2025-11-27T16:14:36.069778-08:00,read,key_931,3.03,true,false,3727
2025-11-27T16:14:36.068939-08:00,read,key_794,4.35,true,false,4596
2025-11-27T16:14:35.76392-08:00,write,key_891,312.77,true,false,5163
2025-11-27T16:14:35.766176-08:00,write,key_376,310.74,true,false,5161
2025-11-27T16:14:36.073285-08:00,read,key_692,4.23,true,false,4909
2025-11-27T16:14:36.072812-08:00,read,key_479,6.88,true,false,4929
2025-11-27T16:14:36.077515-08:00,read,key_768,2.18,true,false,4938
2025-11-27T16:14:36.076917-08:00,read,key_369,2.84,true,false,5020
2025-11-27T16:14:36.079693-08:00,read,key_468,0.50,true,false,4850
2025-11-27T16:14:36.080192-08:00,read,key_549,0.65,true,false,5095
2025-11-27T16:14:36.079755-08:00,read,key_344,1.26,true,false,5048
2025-11-27T16:14:36.081019-08:00,read,key_700,0.49,true,false,5020
2025-11-27T16:14:35.86071-08:00,write,key_872,309.90,true,false,5161
2025-11-27T16:14:36.170608-08:00,read,key_462,0.94,true,false,4853
2025-11-27T16:14:36.17155-08:00,read,key_461,0.90,true,false,5149
2025-11-27T16:14:36.172448-08:00,read,key_758,0.64,true,false,4894
2025-11-27T16:14:36.173085-08:00,read,key_165,0.67,true,false,4994
2025-11-27T16:14:36.173752-08:00,read,key_129,0.64,true,false,5049
2025-11-27T16:14:36.17439-08:00,read,key_760,0.56,true,false,5113
2025-11-27T16:14:36.174955-08:00,read,key_703,0.56,true,false,4880
2025-11-27T16:14:36.175518-08:00,read,key_744,0.52,true,false,4992
2025-11-27T16:14:36.176034-08:00,read,key_699,0.72,true,false,5117
2025-11-27T16:14:35.965576-08:00,write,key_814,313.56,true,false,5162
2025-11-27T16:14:35.973202-08:00,write,key_73,305.93,true,false,5162
2025-11-27T16:14:35.963622-08:00,write,key_919,315.53,true,false,5161
2025-11-27T16:14:36.279139-08:00,read,key_366,2.72,true,false,2032
2025-11-27T16:14:36.279178-08:00,read,key_10,4.29,true,false,4923
2025-11-27T16:14:36.281863-08:00,read,key_875,2.77,true,false,5094
2025-11-27T16:14:36.284637-08:00,read,key_136,1.97,true,false,4748
2025-11-27T16:14:36.286607-08:00,read,key_193,0.71,true,false,4881
2025-11-27T16:14:36.287323-08:00,read,key_693,0.69,true,false,5159
2025-11-27T16:14:36.070637-08:00,write,key_444,313.42,true,false,5164
2025-11-27T16:14:36.069399-08:00,write,key_737,314.77,true,false,5163
2025-11-27T16:14:36.0797-08:00,write,key_938,306.92,true,false,5164
2025-11-27T16:14:36.080845-08:00,write,key_730,305.82,true,false,5164
2025-11-27T16:14:36.076689-08:00,write,key_972,310.36,true,false,5164
2025-11-27T16:14:36.081512-08:00,write,key_738,307.02,true,false,5165
2025-11-27T16:14:36.384064-08:00,read,key_378,4.84,true,false,2139
2025-11-27T16:14:36.386664-08:00,read,key_973,4.48,true,false,4592
2025-11-27T16:14:36.387055-08:00,read,key_593,4.20,true,false,4872
2025-11-27T16:14:36.391255-08:00,read,key_71,1.32,true,false,5156
2025-11-27T16:14:36.391144-08:00,read,key_165,1.67,true,false,4994
2025-11-27T16:14:36.388903-08:00,read,key_4,4.19,true,false,5121
2025-11-27T16:14:36.392576-08:00,read,key_276,0.58,true,false,4530
2025-11-27T16:14:36.393092-08:00,read,key_93,0.64,true,false,4336
2025-11-27T16:14:36.393159-08:00,read,key_490,0.59,true,false,4657
2025-11-27T16:14:36.176758-08:00,write,key_979,312.83,true,false,5166
2025-11-27T16:14:36.27915-08:00,write,key_940,311.19,true,false,5165
2025-11-27T16:14:36.283466-08:00,write,key_223,306.97,true,false,5167
2025-11-27T16:14:36.288011-08:00,write,key_339,307.42,true,false,5165
2025-11-27T16:14:36.590438-08:00,read,key_898,5.77,true,false,5111
2025-11-27T16:14:36.59621-08:00,read,key_189,2.12,true,false,5041
2025-11-27T16:14:36.590343-08:00,read,key_952,8.09,true,false,4537
2025-11-27T16:14:36.384174-08:00,write,key_305,308.02,true,false,5168
2025-11-27T16:14:36.39281-08:00,write,key_661,303.55,true,false,5166
2025-11-27T16:14:36.388537-08:00,write,key_86,307.82,true,false,5168
2025-11-27T16:14:36.386619-08:00,write,key_379,309.79,true,false,5166
2025-11-27T16:14:36.696413-08:00,read,key_110,1.29,true,false,5075
2025-11-27T16:14:36.696363-08:00,read,key_109,1.38,true,false,5170
2025-11-27T16:14:36.393749-08:00,write,key_309,305.15,true,false,5167
2025-11-27T16:14:36.393737-08:00,write,key_759,306.07,true,false,5168
2025-11-27T16:14:36.697748-08:00,read,key_81,3.36,true,false,5114
2025-11-27T16:14:36.698905-08:00,read,key_735,2.23,true,false,5131
2025-11-27T16:14:36.699809-08:00,read,key_661,3.19,true,false,5166
2025-11-27T16:14:36.701106-08:00,read,key_753,2.39,true,false,5120
2025-11-27T16:14:36.703494-08:00,read,key_181,1.77,true,false,5127
2025-11-27T16:14:36.705262-08:00,read,key_624,0.66,true,false,5024
2025-11-27T16:14:36.705923-08:00,read,key_863,0.57,true,false,5099
2025-11-27T16:14:36.489588-08:00,write,key_800,305.88,true,false,5167
2025-11-27T16:14:36.795475-08:00,read,key_668,1.41,true,false,4625
2025-11-27T16:14:36.595431-08:00,write,key_708,308.12,true,false,5169
2025-11-27T16:14:36.598435-08:00,write,key_559,305.13,true,false,5169
2025-11-27T16:14:36.598335-08:00,write,key_109,305.72,true,false,5170
2025-11-27T16:14:36.903558-08:00,read,key_570,3.19,true,false,5074
2025-11-27T16:14:36.906749-08:00,read,key_437,2.15,true,false,4566
2025-11-27T16:14:36.904058-08:00,read,key_302,6.75,true,false,3212
2025-11-27T16:14:36.910808-08:00,read,key_405,1.02,true,false,4710
2025-11-27T16:14:36.908903-08:00,read,key_991,3.19,true,false,4521
2025-11-27T16:14:36.91183-08:00,read,key_617,0.49,true,false,4935
2025-11-27T16:14:36.912091-08:00,read,key_629,0.37,true,false,5066
2025-11-27T16:14:36.912325-08:00,read,key_45,0.34,true,false,5064
2025-11-27T16:14:36.912457-08:00,read,key_145,0.39,true,false,4836
2025-11-27T16:14:36.91267-08:00,read,key_43,0.33,true,false,3584
2025-11-27T16:14:36.692195-08:00,write,key_965,307.47,true,false,5169
2025-11-27T16:14:36.99967-08:00,read,key_751,2.38,true,false,4939
2025-11-27T16:14:36.696363-08:00,write,key_902,306.40,true,false,5170
2025-11-27T16:14:37.002052-08:00,read,key_224,2.44,true,false,5132
2025-11-27T16:14:36.697708-08:00,write,key_469,307.18,true,false,5169
2025-11-27T16:14:36.701133-08:00,write,key_159,303.83,true,false,5169
2025-11-27T16:14:36.703002-08:00,write,key_805,306.04,true,false,5170
2025-11-27T16:14:37.009045-08:00,read,key_783,1.09,true,false,5129
2025-11-27T16:14:36.706493-08:00,write,key_197,307.09,true,false,5171
2025-11-27T16:14:36.796884-08:00,write,key_374,306.17,true,false,5171
2025-11-27T16:14:36.912998-08:00,write,key_396,309.97,true,false,5172
2025-11-27T16:14:36.912845-08:00,write,key_666,310.12,true,false,5172
2025-11-27T16:14:36.903568-08:00,write,key_424,319.41,true,false,5172
2025-11-27T16:14:37.222983-08:00,read,key_956,0.79,true,false,4592
2025-11-27T16:14:37.223773-08:00,read,key_423,2.22,true,false,4908
2025-11-27T16:14:37.225998-08:00,read,key_168,0.60,true,false,4916
2025-11-27T16:14:37.226595-08:00,read,key_445,0.54,true,false,1060
2025-11-27T16:14:37.227138-08:00,read,key_182,0.42,true,false,4441
2025-11-27T16:14:37.227563-08:00,read,key_311,0.46,true,false,5147
2025-11-27T16:14:37.002766-08:00,write,key_930,306.70,true,false,5173
2025-11-27T16:14:37.309467-08:00,read,key_542,5.56,true,false,4755
2025-11-27T16:14:37.315028-08:00,read,key_693,1.30,true,false,5159
2025-11-27T16:14:37.316326-08:00,read,key_487,1.12,true,false,3302
2025-11-27T16:14:37.31745-08:00,read,key_651,1.17,true,false,5010
2025-11-27T16:14:37.004966-08:00,write,key_316,319.00,true,false,5171
2025-11-27T16:14:37.004493-08:00,write,key_961,319.52,true,false,5171
2025-11-27T16:14:37.013672-08:00,write,key_801,311.42,true,false,5172
2025-11-27T16:14:37.004888-08:00,write,key_522,320.78,true,false,5174
2025-11-27T16:14:37.010139-08:00,write,key_43,315.78,true,false,5173
2025-11-27T16:14:37.325099-08:00,read,key_229,3.28,true,false,4903
2025-11-27T16:14:37.324017-08:00,read,key_944,4.37,true,false,4358
2025-11-27T16:14:37.328384-08:00,read,key_660,3.08,true,false,5120
2025-11-27T16:14:37.103053-08:00,write,key_759,311.25,true,false,5175
2025-11-27T16:14:37.414309-08:00,read,key_914,0.86,true,false,5108
2025-11-27T16:14:37.222974-08:00,write,key_365,303.70,true,false,5176
2025-11-27T16:14:37.222974-08:00,write,key_816,305.88,true,false,5173
2025-11-27T16:14:37.528856-08:00,read,key_622,1.78,true,false,5155
2025-11-27T16:14:37.228022-08:00,write,key_80,303.85,true,false,5173
2025-11-27T16:14:37.531875-08:00,read,key_642,1.75,true,false,4544
2025-11-27T16:14:37.318625-08:00,write,key_530,306.17,true,false,5176
2025-11-27T16:14:37.323966-08:00,write,key_188,305.70,true,false,5177
2025-11-27T16:14:37.325919-08:00,write,key_400,305.56,true,false,5177
2025-11-27T16:14:37.331462-08:00,write,key_74,304.73,true,false,5178
2025-11-27T16:14:37.328384-08:00,write,key_846,309.04,true,false,5175
2025-11-27T16:14:37.325665-08:00,write,key_943,311.82,true,false,5178
2025-11-27T16:14:37.637487-08:00,read,key_918,1.93,true,false,5018
2025-11-27T16:14:37.639422-08:00,read,key_33,1.03,true,false,4808
2025-11-27T16:14:37.415173-08:00,write,key_465,309.24,true,false,5179
2025-11-27T16:14:37.724413-08:00,read,key_623,0.63,true,false,4959
2025-11-27T16:14:37.725047-08:00,read,key_152,0.74,true,false,5130
2025-11-27T16:14:37.526683-08:00,write,key_607,306.40,true,false,5177
2025-11-27T16:14:37.530636-08:00,write,key_270,304.76,true,false,5177
2025-11-27T16:14:37.835394-08:00,read,key_761,0.77,true,false,5062
2025-11-27T16:14:37.533627-08:00,write,key_14,303.60,true,false,5178
2025-11-27T16:14:37.624806-08:00,write,key_377,311.88,true,false,5180
2025-11-27T16:14:37.629673-08:00,write,key_199,307.01,true,false,5178
2025-11-27T16:14:37.936686-08:00,read,key_624,1.60,true,false,5024
2025-11-27T16:14:37.631483-08:00,write,key_784,307.55,true,false,5179
2025-11-27T16:14:37.938291-08:00,read,key_429,1.10,true,false,4920
2025-11-27T16:14:37.636194-08:00,write,key_152,305.29,true,false,5179
2025-11-27T16:14:37.939397-08:00,read,key_80,2.15,true,false,5173
2025-11-27T16:14:37.637422-08:00,write,key_135,304.15,true,false,5180
2025-11-27T16:14:37.94149-08:00,read,key_123,2.72,true,false,4897
2025-11-27T16:14:37.941544-08:00,read,key_406,2.70,true,false,5133
2025-11-27T16:14:37.941569-08:00,read,key_572,2.85,true,false,5016
2025-11-27T16:14:37.640449-08:00,write,key_695,304.00,true,false,5180
2025-11-27T16:14:37.944242-08:00,read,key_905,0.63,true,false,5141
2025-11-27T16:14:37.94445-08:00,read,key_365,0.61,true,false,5176
2025-11-27T16:14:37.944421-08:00,read,key_622,0.72,true,false,5155
2025-11-27T16:14:37.944868-08:00,read,key_993,0.51,true,false,5060
2025-11-27T16:14:37.945378-08:00,read,key_317,0.51,true,false,4655
2025-11-27T16:14:37.945893-08:00,read,key_371,0.44,true,false,5012
2025-11-27T16:14:37.725791-08:00,write,key_53,312.66,true,false,5180
2025-11-27T16:14:38.038458-08:00,read,key_76,1.31,true,false,4929
2025-11-27T16:14:37.836161-08:00,write,key_969,307.20,true,false,5181
2025-11-27T16:14:37.833088-08:00,write,key_865,310.27,true,false,5181
2025-11-27T16:14:37.837232-08:00,write,key_228,306.13,true,false,5181
2025-11-27T16:14:38.143425-08:00,read,key_930,1.80,true,false,5173
2025-11-27T16:14:38.143361-08:00,read,key_426,2.30,true,false,4890
2025-11-27T16:14:38.145221-08:00,read,key_972,2.85,true,false,5164
2025-11-27T16:14:37.936719-08:00,write,key_890,310.60,true,false,5181
2025-11-27T16:14:37.944208-08:00,write,key_250,306.83,true,false,5182
2025-11-27T16:14:38.247327-08:00,read,key_623,3.83,true,false,4959
2025-11-27T16:14:37.945063-08:00,write,key_622,306.70,true,false,5181
2025-11-27T16:14:37.946333-08:00,write,key_188,305.49,true,false,5182
2025-11-27T16:14:37.945144-08:00,write,key_175,306.79,true,false,5183
2025-11-27T16:14:37.93903-08:00,write,key_862,313.13,true,false,5182
2025-11-27T16:14:38.25216-08:00,read,key_591,2.47,true,false,5065
2025-11-27T16:14:38.251767-08:00,read,key_695,2.93,true,false,5180
2025-11-27T16:14:38.251937-08:00,read,key_621,2.81,true,false,5107
2025-11-27T16:14:38.254635-08:00,read,key_558,1.52,true,false,3411
2025-11-27T16:14:38.254744-08:00,read,key_572,1.45,true,false,5016
2025-11-27T16:14:38.254694-08:00,read,key_871,1.58,true,false,4299
2025-11-27T16:14:38.256157-08:00,read,key_784,1.39,true,false,5179
2025-11-27T16:14:38.256195-08:00,read,key_442,1.37,true,false,5154
2025-11-27T16:14:38.25627-08:00,read,key_375,1.34,true,false,5074
2025-11-27T16:14:38.257547-08:00,read,key_758,0.66,true,false,4894
2025-11-27T16:14:38.257614-08:00,read,key_382,0.63,true,false,4310
2025-11-27T16:14:38.258213-08:00,read,key_924,0.56,true,false,5110
2025-11-27T16:14:38.03977-08:00,write,key_300,312.27,true,false,5184
2025-11-27T16:14:38.145659-08:00,write,key_531,309.23,true,false,5186
2025-11-27T16:14:38.148073-08:00,write,key_371,306.85,true,false,5183
2025-11-27T16:14:38.143361-08:00,write,key_554,311.76,true,false,5185
2025-11-27T16:14:38.454895-08:00,read,key_997,5.50,true,false,5138
2025-11-27T16:14:38.454929-08:00,read,key_69,5.52,true,false,5136
2025-11-27T16:14:38.460397-08:00,read,key_558,1.37,true,false,3411
2025-11-27T16:14:38.460447-08:00,read,key_372,1.35,true,false,3518
2025-11-27T16:14:38.455119-08:00,read,key_370,6.73,true,false,5077
2025-11-27T16:14:38.46185-08:00,read,key_371,1.60,true,false,5183
2025-11-27T16:14:38.251155-08:00,write,key_960,309.24,true,false,5184
2025-11-27T16:14:38.251042-08:00,write,key_875,310.47,true,false,5184
2025-11-27T16:14:38.251828-08:00,write,key_156,309.68,true,false,5187
2025-11-27T16:14:38.257565-08:00,write,key_993,304.04,true,false,5184
2025-11-27T16:14:38.258242-08:00,write,key_452,304.45,true,false,5188
2025-11-27T16:14:38.258771-08:00,write,key_801,304.10,true,false,5185
2025-11-27T16:14:38.561604-08:00,read,key_915,3.39,true,false,4944
2025-11-27T16:14:38.565-08:00,read,key_892,3.29,true,false,4668
2025-11-27T16:14:38.568293-08:00,read,key_47,0.50,true,false,5001
2025-11-27T16:14:38.568798-08:00,read,key_576,0.47,true,false,5101
2025-11-27T16:14:38.569267-08:00,read,key_401,0.45,true,false,5085
2025-11-27T16:14:38.569717-08:00,read,key_428,1.02,true,false,5067
2025-11-27T16:14:38.352041-08:00,write,key_512,310.67,true,false,5186
2025-11-27T16:14:38.463447-08:00,write,key_744,306.36,true,false,5187
2025-11-27T16:14:38.461764-08:00,write,key_651,308.04,true,false,5187
2025-11-27T16:14:38.461802-08:00,write,key_185,308.06,true,false,5187
2025-11-27T16:14:38.56287-08:00,write,key_576,310.01,true,false,5189
2025-11-27T16:14:38.561511-08:00,write,key_898,311.42,true,false,5189
2025-11-27T16:14:38.560409-08:00,write,key_190,312.61,true,false,5189
2025-11-27T16:14:38.562693-08:00,write,key_194,310.33,true,false,5190
2025-11-27T16:14:38.561511-08:00,write,key_546,311.59,true,false,5189
2025-11-27T16:14:38.570737-08:00,write,key_441,305.62,true,false,5189
2025-11-27T16:14:38.873022-08:00,read,key_895,3.67,true,false,5034
2025-11-27T16:14:38.872931-08:00,read,key_976,3.76,true,false,4627
2025-11-27T16:14:38.876356-08:00,read,key_807,4.80,true,false,5067
2025-11-27T16:14:38.876696-08:00,read,key_973,4.47,true,false,4592
2025-11-27T16:14:38.881163-08:00,read,key_787,0.63,true,false,5070
2025-11-27T16:14:38.66271-08:00,write,key_387,314.82,true,false,5190
2025-11-27T16:14:38.769914-08:00,write,key_545,319.56,true,false,5190
2025-11-27T16:14:38.769813-08:00,write,key_292,319.70,true,false,5190
2025-11-27T16:14:38.769865-08:00,write,key_868,319.67,true,false,5191
2025-11-27T16:14:39.089511-08:00,read,key_276,0.37,true,false,4530
2025-11-27T16:14:38.881797-08:00,write,key_231,308.99,true,false,5192
2025-11-27T16:14:38.87288-08:00,write,key_910,317.97,true,false,5191
2025-11-27T16:14:38.873107-08:00,write,key_743,318.39,true,false,5191
2025-11-27T16:14:38.876695-08:00,write,key_56,315.19,true,false,5192
2025-11-27T16:14:38.873023-08:00,write,key_918,318.96,true,false,5191
2025-11-27T16:14:38.881158-08:00,write,key_418,310.99,true,false,5193
2025-11-27T16:14:39.191981-08:00,read,key_441,2.15,true,false,5189
2025-11-27T16:14:39.191502-08:00,read,key_154,2.69,true,false,5049
2025-11-27T16:14:39.194188-08:00,read,key_614,1.85,true,false,5097
2025-11-27T16:14:39.196038-08:00,read,key_744,0.56,true,false,5187
2025-11-27T16:14:38.97755-08:00,write,key_10,308.55,true,false,5193
2025-11-27T16:14:39.286102-08:00,read,key_796,1.65,true,false,4496
2025-11-27T16:14:39.287753-08:00,read,key_917,2.39,true,false,5040
2025-11-27T16:14:39.089884-08:00,write,key_643,304.52,true,false,5192
2025-11-27T16:14:39.089534-08:00,write,key_460,304.88,true,false,5195
2025-11-27T16:14:39.08948-08:00,write,key_673,304.94,true,false,5194
2025-11-27T16:14:39.394404-08:00,read,key_411,0.71,true,false,4313
2025-11-27T16:14:39.19215-08:00,write,key_497,303.96,true,false,5194
2025-11-27T16:14:39.191892-08:00,write,key_519,304.22,true,false,5194
2025-11-27T16:14:39.190789-08:00,write,key_48,307.22,true,false,5196
2025-11-27T16:14:39.190852-08:00,write,key_940,307.16,true,false,5197
2025-11-27T16:14:39.194136-08:00,write,key_448,303.87,true,false,5194
2025-11-27T16:14:39.496116-08:00,read,key_481,1.91,true,false,4895
2025-11-27T16:14:39.498028-08:00,read,key_117,1.09,true,false,4886
2025-11-27T16:14:39.498008-08:00,read,key_743,1.13,true,false,5191
2025-11-27T16:14:39.196599-08:00,write,key_323,303.04,true,false,5195
2025-11-27T16:14:39.49914-08:00,read,key_3,0.90,true,false,5096
2025-11-27T16:14:39.50004-08:00,read,key_659,0.43,true,false,5009
2025-11-27T16:14:39.290139-08:00,write,key_780,308.14,true,false,5195
2025-11-27T16:14:39.598284-08:00,read,key_75,1.32,true,false,5089
2025-11-27T16:14:39.394419-08:00,write,key_555,309.13,true,false,5196
2025-11-27T16:14:39.395116-08:00,write,key_349,308.48,true,false,5198
2025-11-27T16:14:39.394414-08:00,write,key_761,309.54,true,false,5196
2025-11-27T16:14:39.703596-08:00,read,key_761,2.78,true,false,5196
2025-11-27T16:14:39.703556-08:00,read,key_117,2.87,true,false,4886
2025-11-27T16:14:39.703959-08:00,read,key_194,5.98,true,false,5190
2025-11-27T16:14:39.709937-08:00,read,key_997,2.98,true,false,5138
2025-11-27T16:14:39.712913-08:00,read,key_50,0.96,true,false,4470
2025-11-27T16:14:39.498012-08:00,write,key_967,309.07,true,false,5199
2025-11-27T16:14:39.499116-08:00,write,key_487,308.14,true,false,5200
2025-11-27T16:14:39.496116-08:00,write,key_193,311.28,true,false,5199
2025-11-27T16:14:39.498009-08:00,write,key_271,309.47,true,false,5198
2025-11-27T16:14:39.499637-08:00,write,key_860,308.60,true,false,5198
2025-11-27T16:14:39.500469-08:00,write,key_182,310.00,true,false,5200
2025-11-27T16:14:39.807477-08:00,read,key_254,4.56,true,false,2952
2025-11-27T16:14:39.807257-08:00,read,key_302,5.01,true,false,3212
2025-11-27T16:14:39.812034-08:00,read,key_399,1.41,true,false,3915
2025-11-27T16:14:39.807394-08:00,read,key_820,6.05,true,false,4728
2025-11-27T16:14:39.808241-08:00,read,key_121,5.28,true,false,5147
2025-11-27T16:14:39.812271-08:00,read,key_582,1.27,true,false,3203
2025-11-27T16:14:39.813544-08:00,read,key_907,1.56,true,false,5059
2025-11-27T16:14:39.599606-08:00,write,key_211,310.49,true,false,5201
2025-11-27T16:14:39.910095-08:00,read,key_4,3.83,true,false,5121
2025-11-27T16:14:39.706428-08:00,write,key_158,307.07,true,false,5200
2025-11-27T16:14:39.706373-08:00,write,key_675,307.16,true,false,5199
2025-11-27T16:14:40.013532-08:00,read,key_197,3.76,true,false,5171
2025-11-27T16:14:39.713879-08:00,write,key_472,304.94,true,false,5201
2025-11-27T16:14:40.018826-08:00,read,key_612,1.00,true,false,4858
2025-11-27T16:14:40.019825-08:00,read,key_576,1.29,true,false,5189
2025-11-27T16:14:40.021118-08:00,read,key_711,1.30,true,false,5004
2025-11-27T16:14:39.807082-08:00,write,key_323,312.64,true,false,5202
2025-11-27T16:14:39.81352-08:00,write,key_819,306.36,true,false,5202
2025-11-27T16:14:39.810472-08:00,write,key_895,309.66,true,false,5201
2025-11-27T16:14:39.813444-08:00,write,key_625,308.38,true,false,5202
2025-11-27T16:14:39.815103-08:00,write,key_767,307.01,true,false,5203
2025-11-27T16:14:39.813443-08:00,write,key_472,310.32,true,false,5202
2025-11-27T16:14:40.119723-08:00,read,key_405,5.54,true,false,4710
2025-11-27T16:14:40.123766-08:00,read,key_941,1.72,true,false,5155
2025-11-27T16:14:40.120135-08:00,read,key_251,5.53,true,false,4896
2025-11-27T16:14:40.121826-08:00,read,key_611,4.19,true,false,4972
2025-11-27T16:14:40.125268-08:00,read,key_180,2.60,true,false,4998
2025-11-27T16:14:39.913929-08:00,write,key_278,305.70,true,false,5203
2025-11-27T16:14:40.013505-08:00,write,key_627,306.70,true,false,5204
2025-11-27T16:14:40.017293-08:00,write,key_578,306.29,true,false,5205
2025-11-27T16:14:40.022421-08:00,write,key_144,303.48,true,false,5204
2025-11-27T16:14:40.122118-08:00,write,key_224,308.67,true,false,5205
2025-11-27T16:14:40.127867-08:00,write,key_375,304.73,true,false,5204
2025-11-27T16:14:40.4308-08:00,read,key_890,1.89,true,false,5181
2025-11-27T16:14:40.125667-08:00,write,key_303,307.03,true,false,5207
2025-11-27T16:14:40.126014-08:00,write,key_409,306.78,true,false,5206
2025-11-27T16:14:40.119887-08:00,write,key_619,312.99,true,false,5207
2025-11-27T16:14:40.125487-08:00,write,key_27,307.41,true,false,5206
2025-11-27T16:14:40.432875-08:00,read,key_663,2.54,true,false,5129
2025-11-27T16:14:40.432899-08:00,read,key_973,2.52,true,false,4592
2025-11-27T16:14:40.219631-08:00,write,key_919,313.51,true,false,5208
2025-11-27T16:14:40.533163-08:00,read,key_460,1.43,true,false,5195
2025-11-27T16:14:40.534597-08:00,read,key_301,1.09,true,false,4802
2025-11-27T16:14:40.535689-08:00,read,key_94,1.49,true,false,3835
2025-11-27T16:14:40.537177-08:00,read,key_705,1.56,true,false,5126
2025-11-27T16:14:40.538734-08:00,read,key_232,0.95,true,false,4865
2025-11-27T16:14:40.539685-08:00,read,key_345,0.92,true,false,4835
2025-11-27T16:14:40.323584-08:00,write,key_794,310.48,true,false,5209
2025-11-27T16:14:40.325903-08:00,write,key_193,308.19,true,false,5206
2025-11-27T16:14:40.32021-08:00,write,key_917,313.96,true,false,5205
2025-11-27T16:14:40.634066-08:00,read,key_992,3.54,true,false,4947
2025-11-27T16:14:40.634173-08:00,read,key_456,3.49,true,false,2071
2025-11-27T16:14:40.637603-08:00,read,key_760,2.27,true,false,5113
2025-11-27T16:14:40.432602-08:00,write,key_465,306.81,true,false,5210
2025-11-27T16:14:40.432798-08:00,write,key_116,306.65,true,false,5208
2025-11-27T16:14:40.435418-08:00,write,key_111,305.73,true,false,5211
2025-11-27T16:14:40.432695-08:00,write,key_742,308.65,true,false,5210
2025-11-27T16:14:40.739449-08:00,read,key_539,2.96,true,false,4923
2025-11-27T16:14:40.435418-08:00,write,key_372,307.05,true,false,5208
2025-11-27T16:14:40.432702-08:00,write,key_412,309.87,true,false,5209
2025-11-27T16:14:40.741342-08:00,read,key_544,3.66,true,false,5146
2025-11-27T16:14:40.742411-08:00,read,key_674,2.64,true,false,5000
2025-11-27T16:14:40.74247-08:00,read,key_163,2.97,true,false,4937
2025-11-27T16:14:40.745054-08:00,read,key_885,1.52,true,false,4604
2025-11-27T16:14:40.540605-08:00,write,key_864,306.13,true,false,5209
2025-11-27T16:14:40.846733-08:00,read,key_944,0.68,true,false,4358
2025-11-27T16:14:40.847418-08:00,read,key_910,0.56,true,false,5191
2025-11-27T16:14:40.847975-08:00,read,key_869,3.23,true,false,5073
2025-11-27T16:14:40.851204-08:00,read,key_164,0.72,true,false,2836
2025-11-27T16:14:40.851926-08:00,read,key_896,0.59,true,false,4996
2025-11-27T16:14:40.852521-08:00,read,key_70,0.55,true,false,5158
2025-11-27T16:14:40.634092-08:00,write,key_838,312.12,true,false,5212
2025-11-27T16:14:40.639875-08:00,write,key_335,311.43,true,false,5213
2025-11-27T16:14:40.637662-08:00,write,key_781,313.69,true,false,5212
2025-11-27T16:14:40.951355-08:00,read,key_194,4.00,true,false,5190
2025-11-27T16:14:40.951304-08:00,read,key_435,4.07,true,false,4631
2025-11-27T16:14:40.955378-08:00,read,key_154,1.08,true,false,5049
2025-11-27T16:14:40.74115-08:00,write,key_188,308.81,true,false,5212
2025-11-27T16:14:40.739414-08:00,write,key_845,310.61,true,false,5213
2025-11-27T16:14:40.745-08:00,write,key_624,307.74,true,false,5212
2025-11-27T16:14:41.050028-08:00,read,key_753,2.80,true,false,5120
2025-11-27T16:14:40.746575-08:00,write,key_317,308.54,true,false,5216
2025-11-27T16:14:40.742571-08:00,write,key_117,312.56,true,false,5214
2025-11-27T16:14:40.745437-08:00,write,key_708,309.70,true,false,5215
2025-11-27T16:14:41.055136-08:00,read,key_693,4.64,true,false,5159
2025-11-27T16:14:41.055137-08:00,read,key_554,4.67,true,false,5185
2025-11-27T16:14:40.853071-08:00,write,key_758,306.14,true,false,5217
2025-11-27T16:14:41.159217-08:00,read,key_423,1.41,true,false,4908
2025-11-27T16:14:41.160629-08:00,read,key_696,3.97,true,false,5068
2025-11-27T16:14:40.956458-08:00,write,key_365,304.03,true,false,5214
2025-11-27T16:14:40.946218-08:00,write,key_445,314.32,true,false,5218
2025-11-27T16:14:41.260536-08:00,read,key_936,1.78,true,false,4995
2025-11-27T16:14:41.260504-08:00,read,key_619,1.85,true,false,5207
2025-11-27T16:14:41.26232-08:00,read,key_673,1.20,true,false,5194
2025-11-27T16:14:41.26236-08:00,read,key_900,1.21,true,false,5130
2025-11-27T16:14:40.955353-08:00,write,key_765,309.03,true,false,5218
2025-11-27T16:14:41.263571-08:00,read,key_281,1.52,true,false,2238
2025-11-27T16:14:41.265097-08:00,read,key_903,1.88,true,false,4984
2025-11-27T16:14:41.052743-08:00,write,key_787,307.78,true,false,5217
2025-11-27T16:14:41.049962-08:00,write,key_220,311.06,true,false,5215
2025-11-27T16:14:41.055117-08:00,write,key_615,306.17,true,false,5218
2025-11-27T16:14:41.052831-08:00,write,key_803,308.91,true,false,5217
2025-11-27T16:14:41.059804-08:00,write,key_443,303.85,true,false,5219
2025-11-27T16:14:41.059778-08:00,write,key_990,303.91,true,false,5218
2025-11-27T16:14:41.361027-08:00,read,key_573,2.67,true,false,4205
2025-11-27T16:14:41.363692-08:00,read,key_706,0.71,true,false,1938
2025-11-27T16:14:41.36366-08:00,read,key_818,0.77,true,false,5083
2025-11-27T16:14:41.363691-08:00,read,key_135,0.74,true,false,5180
2025-11-27T16:14:41.164599-08:00,write,key_463,304.00,true,false,5220
2025-11-27T16:14:41.264385-08:00,write,key_733,306.07,true,false,5219
2025-11-27T16:14:41.263521-08:00,write,key_304,306.95,true,false,5219
2025-11-27T16:14:41.266976-08:00,write,key_85,304.40,true,false,5221
2025-11-27T16:14:41.570459-08:00,read,key_876,1.91,true,false,4504
2025-11-27T16:14:41.570477-08:00,read,key_915,1.90,true,false,4944
2025-11-27T16:14:41.57138-08:00,read,key_533,2.82,true,false,4897
2025-11-27T16:14:41.572375-08:00,read,key_900,2.47,true,false,5130
2025-11-27T16:14:41.361287-08:00,write,key_570,311.23,true,false,5220
2025-11-27T16:14:41.361744-08:00,write,key_495,310.80,true,false,5220
2025-11-27T16:14:41.364432-08:00,write,key_460,308.19,true,false,5221
2025-11-27T16:14:41.364405-08:00,write,key_118,308.79,true,false,5221
2025-11-27T16:14:41.364432-08:00,write,key_377,308.87,true,false,5222
2025-11-27T16:14:41.360534-08:00,write,key_899,313.37,true,false,5219
2025-11-27T16:14:41.672516-08:00,read,key_971,2.12,true,false,3149
2025-11-27T16:14:41.67262-08:00,read,key_80,2.11,true,false,5173
2025-11-27T16:14:41.672544-08:00,read,key_448,2.59,true,false,5194
2025-11-27T16:14:41.673307-08:00,read,key_185,1.89,true,false,5187
2025-11-27T16:14:41.675196-08:00,read,key_899,2.70,true,false,5219
2025-11-27T16:14:41.673908-08:00,read,key_907,5.70,true,false,5059
2025-11-27T16:14:41.674639-08:00,read,key_947,5.03,true,false,5152
2025-11-27T16:14:41.679614-08:00,read,key_928,1.42,true,false,4602
2025-11-27T16:14:41.677893-08:00,read,key_124,3.40,true,false,5092
2025-11-27T16:14:41.468615-08:00,write,key_86,305.68,true,false,5223
2025-11-27T16:14:41.774295-08:00,read,key_761,0.65,true,false,5196
2025-11-27T16:14:41.77495-08:00,read,key_173,0.55,true,false,4909
2025-11-27T16:14:41.574844-08:00,write,key_304,308.80,true,false,5224
2025-11-27T16:14:41.574207-08:00,write,key_169,309.45,true,false,5224
2025-11-27T16:14:41.572375-08:00,write,key_765,311.85,true,false,5223
2025-11-27T16:14:41.883663-08:00,read,key_43,2.36,true,false,5173
2025-11-27T16:14:41.884227-08:00,read,key_183,1.85,true,false,5073
2025-11-27T16:14:41.886026-08:00,read,key_530,3.01,true,false,5176
2025-11-27T16:14:41.889034-08:00,read,key_813,0.76,true,false,5226
2025-11-27T16:14:41.6732-08:00,write,key_281,311.91,true,false,5225
2025-11-27T16:14:41.675136-08:00,write,key_753,310.01,true,false,5226
2025-11-27T16:14:41.674733-08:00,write,key_778,310.48,true,false,5223
2025-11-27T16:14:41.679671-08:00,write,key_170,305.60,true,false,5225
2025-11-27T16:14:41.68104-08:00,write,key_644,307.40,true,false,5225
2025-11-27T16:14:41.985147-08:00,read,key_408,5.68,true,false,5126
2025-11-27T16:14:41.681293-08:00,write,key_591,310.51,true,false,5227
2025-11-27T16:14:41.988438-08:00,read,key_366,3.50,true,false,2032
2025-11-27T16:14:41.990827-08:00,read,key_788,2.07,true,false,1890
2025-11-27T16:14:41.991942-08:00,read,key_701,1.32,true,false,4928
2025-11-27T16:14:41.775505-08:00,write,key_813,308.97,true,false,5226
2025-11-27T16:14:42.084478-08:00,read,key_690,0.68,true,false,4975
2025-11-27T16:14:42.08516-08:00,read,key_669,0.63,true,false,2841
2025-11-27T16:14:42.085789-08:00,read,key_145,0.96,true,false,4836
2025-11-27T16:14:41.883644-08:00,write,key_57,305.36,true,false,5225
2025-11-27T16:14:42.189019-08:00,read,key_25,2.39,true,false,4696
2025-11-27T16:14:41.886079-08:00,write,key_112,308.98,true,false,5227
2025-11-27T16:14:41.889798-08:00,write,key_88,307.81,true,false,5228
2025-11-27T16:14:42.195061-08:00,read,key_780,2.63,true,false,5195
2025-11-27T16:14:42.191407-08:00,read,key_765,7.43,true,false,5223
2025-11-27T16:14:42.198833-08:00,read,key_761,1.19,true,false,5231
2025-11-27T16:14:42.197695-08:00,read,key_969,2.93,true,false,5181
2025-11-27T16:14:42.200024-08:00,read,key_656,0.79,true,false,4824
2025-11-27T16:14:42.200813-08:00,read,key_347,0.56,true,false,4665
2025-11-27T16:14:42.20137-08:00,read,key_40,0.55,true,false,2269
2025-11-27T16:14:41.98522-08:00,write,key_952,312.55,true,false,5229
2025-11-27T16:14:41.985119-08:00,write,key_37,312.66,true,false,5228
2025-11-27T16:14:41.991808-08:00,write,key_572,306.14,true,false,5228
2025-11-27T16:14:41.99326-08:00,write,key_735,305.78,true,false,5228
2025-11-27T16:14:41.992895-08:00,write,key_230,307.00,true,false,5229
2025-11-27T16:14:42.297785-08:00,read,key_272,2.42,true,false,5137
2025-11-27T16:14:41.985269-08:00,write,key_906,315.00,true,false,5230
2025-11-27T16:14:42.297771-08:00,read,key_370,2.60,true,false,5077
2025-11-27T16:14:42.299902-08:00,read,key_975,4.01,true,false,1565
2025-11-27T16:14:42.300208-08:00,read,key_484,5.60,true,false,4941
2025-11-27T16:14:42.29904-08:00,read,key_114,6.79,true,false,5011
2025-11-27T16:14:42.305833-08:00,read,key_413,1.10,true,false,4471
2025-11-27T16:14:42.086747-08:00,write,key_761,312.32,true,false,5231
2025-11-27T16:14:42.399066-08:00,read,key_156,3.59,true,false,5187
2025-11-27T16:14:42.197614-08:00,write,key_198,307.59,true,false,5229
2025-11-27T16:14:42.200622-08:00,write,key_365,306.31,true,false,5229
2025-11-27T16:14:42.201921-08:00,write,key_191,305.06,true,false,5230
2025-11-27T16:14:42.505205-08:00,read,key_785,3.45,true,false,3946
2025-11-27T16:14:42.506984-08:00,read,key_549,3.13,true,false,5095
2025-11-27T16:14:42.506934-08:00,read,key_768,3.26,true,false,4938
2025-11-27T16:14:42.50866-08:00,read,key_155,2.26,true,false,5011
2025-11-27T16:14:42.510195-08:00,read,key_137,1.51,true,false,5113
2025-11-27T16:14:42.511706-08:00,read,key_974,1.03,true,false,5121
2025-11-27T16:14:42.300267-08:00,write,key_754,307.41,true,false,5233
2025-11-27T16:14:42.297948-08:00,write,key_838,309.73,true,false,5232
2025-11-27T16:14:42.30037-08:00,write,key_323,307.37,true,false,5231
2025-11-27T16:14:42.306934-08:00,write,key_756,303.97,true,false,5231
2025-11-27T16:14:42.30581-08:00,write,key_869,305.66,true,false,5232
2025-11-27T16:14:42.303913-08:00,write,key_619,307.65,true,false,5232
2025-11-27T16:14:42.610908-08:00,read,key_554,1.29,true,false,5185
2025-11-27T16:14:42.611564-08:00,read,key_296,1.45,true,false,4502
2025-11-27T16:14:42.612194-08:00,read,key_156,2.16,true,false,5187
2025-11-27T16:14:42.402663-08:00,write,key_46,308.96,true,false,5232
2025-11-27T16:14:42.510919-08:00,write,key_233,307.53,true,false,5234
2025-11-27T16:14:42.510118-08:00,write,key_189,308.33,true,false,5233
2025-11-27T16:14:42.512734-08:00,write,key_8,306.38,true,false,5234
2025-11-27T16:14:42.819119-08:00,read,key_695,2.26,true,false,5180
2025-11-27T16:14:42.61147-08:00,write,key_69,306.62,true,false,5234
2025-11-27T16:14:42.607679-08:00,write,key_426,310.45,true,false,5234
2025-11-27T16:14:42.614357-08:00,write,key_10,306.12,true,false,5235
2025-11-27T16:14:42.607679-08:00,write,key_329,312.86,true,false,5234
2025-11-27T16:14:42.613016-08:00,write,key_613,307.55,true,false,5236
2025-11-27T16:14:42.607737-08:00,write,key_137,313.24,true,false,5235
2025-11-27T16:14:42.918101-08:00,read,key_551,3.93,true,false,5095
2025-11-27T16:14:42.920978-08:00,read,key_947,2.72,true,false,5152
2025-11-27T16:14:42.920544-08:00,read,key_108,4.66,true,false,4474
2025-11-27T16:14:42.92203-08:00,read,key_425,4.17,true,false,4660
2025-11-27T16:14:42.925205-08:00,read,key_29,1.12,true,false,4797
2025-11-27T16:14:42.926203-08:00,read,key_599,0.73,true,false,5041
2025-11-27T16:14:42.920474-08:00,read,key_251,6.47,true,false,4896
2025-11-27T16:14:42.92057-08:00,read,key_197,6.42,true,false,5171
2025-11-27T16:14:42.926936-08:00,read,key_455,0.47,true,false,4983
2025-11-27T16:14:42.926323-08:00,read,key_81,1.14,true,false,5114
2025-11-27T16:14:42.926946-08:00,read,key_931,0.57,true,false,5237
2025-11-27T16:14:42.926988-08:00,read,key_422,0.55,true,false,5084
2025-11-27T16:14:42.927539-08:00,read,key_643,0.57,true,false,5192
2025-11-27T16:14:42.927465-08:00,read,key_551,0.90,true,false,5095
2025-11-27T16:14:42.927518-08:00,read,key_606,0.86,false,false,0
2025-11-27T16:14:42.928364-08:00,read,key_166,0.67,true,false,5157
2025-11-27T16:14:42.711633-08:00,write,key_692,305.46,true,false,5236
2025-11-27T16:14:43.017095-08:00,read,key_300,1.56,true,false,5184
2025-11-27T16:14:42.818451-08:00,write,key_376,310.12,true,false,5238
2025-11-27T16:14:42.821385-08:00,write,key_776,307.21,true,false,5237
2025-11-27T16:14:42.818453-08:00,write,key_931,310.22,true,false,5237
2025-11-27T16:14:43.128574-08:00,read,key_541,3.51,true,false,5103
2025-11-27T16:14:42.918136-08:00,write,key_817,308.73,true,false,5238
2025-11-27T16:14:42.923699-08:00,write,key_810,307.32,true,false,5237
2025-11-27T16:14:42.927407-08:00,write,key_558,304.85,true,false,5238
2025-11-27T16:14:42.929032-08:00,write,key_55,304.36,true,false,5239
2025-11-27T16:14:42.928114-08:00,write,key_551,305.44,true,false,5237
2025-11-27T16:14:42.928383-08:00,write,key_577,306.31,true,false,5237
2025-11-27T16:14:43.231022-08:00,read,key_865,4.38,true,false,5181
2025-11-27T16:14:43.233397-08:00,read,key_900,3.53,true,false,5130
2025-11-27T16:14:43.233552-08:00,read,key_964,3.40,true,false,4643
2025-11-27T16:14:43.235402-08:00,read,key_818,1.67,true,false,5083
2025-11-27T16:14:43.236929-08:00,read,key_616,0.60,true,false,5160
2025-11-27T16:14:43.236952-08:00,read,key_159,0.58,true,false,5169
2025-11-27T16:14:43.018659-08:00,write,key_605,314.85,true,false,5239
2025-11-27T16:14:43.333517-08:00,read,key_259,1.37,true,false,4795
2025-11-27T16:14:43.128597-08:00,write,key_462,306.17,true,false,5239
2025-11-27T16:14:43.128678-08:00,write,key_456,306.14,true,false,5240
2025-11-27T16:14:43.132088-08:00,write,key_43,307.55,true,false,5241
2025-11-27T16:14:43.434817-08:00,read,key_379,6.17,true,false,5166
2025-11-27T16:14:43.439637-08:00,read,key_376,1.41,true,false,5238
2025-11-27T16:14:43.440989-08:00,read,key_110,1.23,true,false,5075
2025-11-27T16:14:43.441045-08:00,read,key_690,1.29,true,false,4975
2025-11-27T16:14:43.442219-08:00,read,key_471,1.21,true,false,4104
2025-11-27T16:14:43.443429-08:00,read,key_865,1.22,true,false,5181
2025-11-27T16:14:43.226877-08:00,write,key_312,313.65,true,false,5240
2025-11-27T16:14:43.234699-08:00,write,key_219,305.84,true,false,5240
2025-11-27T16:14:43.232258-08:00,write,key_943,308.29,true,false,5241
2025-11-27T16:14:43.237528-08:00,write,key_225,303.09,true,false,5241
2025-11-27T16:14:43.237072-08:00,write,key_354,303.55,true,false,5242
2025-11-27T16:14:43.540545-08:00,read,key_718,1.78,true,false,4997
2025-11-27T16:14:43.237537-08:00,write,key_6,305.04,true,false,5243
2025-11-27T16:14:43.542581-08:00,read,key_758,1.14,true,false,5217
2025-11-27T16:14:43.542325-08:00,read,key_781,1.45,true,false,5212
2025-11-27T16:14:43.543719-08:00,read,key_86,1.82,true,false,5223
2025-11-27T16:14:43.543771-08:00,read,key_185,1.79,true,false,5187
2025-11-27T16:14:43.545543-08:00,read,key_415,1.82,true,false,4829
2025-11-27T16:14:43.545558-08:00,read,key_148,1.92,true,false,4634
2025-11-27T16:14:43.334884-08:00,write,key_374,305.93,true,false,5240
2025-11-27T16:14:43.434775-08:00,write,key_611,307.72,true,false,5241
2025-11-27T16:14:43.442337-08:00,write,key_966,304.04,true,false,5242
2025-11-27T16:14:43.444646-08:00,write,key_333,303.49,true,false,5244
2025-11-27T16:14:43.748137-08:00,read,key_735,0.61,true,false,5228
2025-11-27T16:14:43.540545-08:00,write,key_708,308.11,true,false,5243
2025-11-27T16:14:43.540627-08:00,write,key_966,308.03,true,false,5244
2025-11-27T16:14:43.540527-08:00,write,key_743,308.13,true,false,5245
2025-11-27T16:14:43.54062-08:00,write,key_5,308.17,true,false,5244
2025-11-27T16:14:43.848655-08:00,read,key_514,4.33,true,false,4815
2025-11-27T16:14:43.547478-08:00,write,key_35,306.60,true,false,5244
2025-11-27T16:14:43.547365-08:00,write,key_87,307.49,true,false,5245
2025-11-27T16:14:43.852988-08:00,read,key_515,2.64,true,false,4827
2025-11-27T16:14:43.854081-08:00,read,key_933,1.55,true,false,5100
2025-11-27T16:14:43.854861-08:00,read,key_592,1.45,true,false,4825
2025-11-27T16:14:43.855627-08:00,read,key_866,1.43,true,false,4889
2025-11-27T16:14:43.85563-08:00,read,key_986,1.69,true,false,4845
2025-11-27T16:14:43.848795-08:00,read,key_704,9.24,true,false,4942
2025-11-27T16:14:43.856312-08:00,read,key_303,2.43,true,false,5207
2025-11-27T16:14:43.85706-08:00,read,key_535,1.69,true,false,4849
2025-11-27T16:14:43.858746-08:00,read,key_968,0.75,true,false,4675
2025-11-27T16:14:43.858748-08:00,read,key_258,0.78,true,false,5044
2025-11-27T16:14:43.858038-08:00,read,key_47,1.52,true,false,5001
2025-11-27T16:14:43.640816-08:00,write,key_698,309.17,true,false,5246
2025-11-27T16:14:43.748753-08:00,write,key_406,314.38,true,false,5246
2025-11-27T16:14:43.746382-08:00,write,key_735,316.77,true,false,5245
2025-11-27T16:14:43.7425-08:00,write,key_404,321.05,true,false,5247
2025-11-27T16:14:44.063152-08:00,read,key_452,0.84,true,false,5188
2025-11-27T16:14:44.063548-08:00,read,key_924,1.49,true,false,5110
2025-11-27T16:14:44.063133-08:00,read,key_876,1.91,true,false,4504
2025-11-27T16:14:44.065039-08:00,read,key_908,0.66,true,false,5151
2025-11-27T16:14:44.065045-08:00,read,key_379,0.66,true,false,5166
2025-11-27T16:14:44.065706-08:00,read,key_572,0.65,true,false,5228
2025-11-27T16:14:44.065698-08:00,read,key_402,0.67,true,false,4877
2025-11-27T16:14:44.066357-08:00,read,key_19,0.62,true,false,5039
2025-11-27T16:14:43.859498-08:00,write,key_279,307.30,true,false,5251
2025-11-27T16:14:43.859563-08:00,write,key_736,309.07,true,false,5246
2025-11-27T16:14:43.85732-08:00,write,key_918,313.24,true,false,5250
2025-11-27T16:14:43.859527-08:00,write,key_147,311.19,true,false,5248
2025-11-27T16:14:43.848657-08:00,write,key_550,322.08,true,false,5249
2025-11-27T16:14:43.848654-08:00,write,key_190,322.27,true,false,5248
2025-11-27T16:14:44.170567-08:00,read,key_817,3.90,true,false,5238
2025-11-27T16:14:43.949994-08:00,write,key_705,311.22,true,false,5247
2025-11-27T16:14:44.063995-08:00,write,key_699,305.87,true,false,5252
2025-11-27T16:14:44.066373-08:00,write,key_420,303.52,true,false,5252
2025-11-27T16:14:44.369864-08:00,read,key_425,1.50,true,false,4660
2025-11-27T16:14:44.066982-08:00,write,key_373,304.62,true,false,5248
2025-11-27T16:14:44.17074-08:00,write,key_547,307.47,true,false,5253
2025-11-27T16:14:44.16864-08:00,write,key_369,309.65,true,false,5252
2025-11-27T16:14:44.166798-08:00,write,key_453,313.01,true,false,5252
2025-11-27T16:14:44.170924-08:00,write,key_230,308.89,true,false,5253
2025-11-27T16:14:44.170722-08:00,write,key_979,311.22,true,false,5253
2025-11-27T16:14:44.478229-08:00,read,key_916,6.23,true,false,5086
2025-11-27T16:14:44.174467-08:00,write,key_869,310.00,true,false,5254
2025-11-27T16:14:44.479812-08:00,read,key_407,7.37,true,false,2858
2025-11-27T16:14:44.484459-08:00,read,key_761,3.34,true,false,5231
2025-11-27T16:14:44.487179-08:00,read,key_191,1.11,true,false,5230
2025-11-27T16:14:44.487801-08:00,read,key_864,0.94,true,false,5209
2025-11-27T16:14:44.488285-08:00,read,key_152,1.39,true,false,5179
2025-11-27T16:14:44.489682-08:00,read,key_307,2.06,true,false,2010
2025-11-27T16:14:44.491742-08:00,read,key_735,0.74,true,false,5245
2025-11-27T16:14:44.492482-08:00,read,key_984,0.69,true,false,4919
2025-11-27T16:14:44.261216-08:00,write,key_813,307.21,true,false,5252
2025-11-27T16:14:44.371606-08:00,write,key_469,304.61,true,false,5254
2025-11-27T16:14:44.369901-08:00,write,key_400,306.46,true,false,5253
2025-11-27T16:14:44.371368-08:00,write,key_311,305.01,true,false,5255
2025-11-27T16:14:44.676218-08:00,read,key_578,1.71,true,false,5205
2025-11-27T16:14:44.676377-08:00,read,key_318,1.61,true,false,5128
2025-11-27T16:14:44.67793-08:00,read,key_887,1.56,true,false,2341
2025-11-27T16:14:44.679492-08:00,read,key_869,2.41,true,false,5254
2025-11-27T16:14:44.479811-08:00,write,key_895,308.31,true,false,5256
2025-11-27T16:14:44.478292-08:00,write,key_116,309.94,true,false,5256
2025-11-27T16:14:44.788238-08:00,read,key_622,2.76,true,false,5181
2025-11-27T16:14:44.481943-08:00,write,key_231,309.78,true,false,5255
2025-11-27T16:14:44.48447-08:00,write,key_255,307.31,true,false,5255
2025-11-27T16:14:44.791002-08:00,read,key_370,1.58,true,false,5077
2025-11-27T16:14:44.488741-08:00,write,key_463,303.86,true,false,5256
2025-11-27T16:14:44.7926-08:00,read,key_746,3.48,true,false,5033
2025-11-27T16:14:44.493168-08:00,write,key_680,302.93,true,false,5255
2025-11-27T16:14:44.796088-08:00,read,key_578,0.56,true,false,5205
2025-11-27T16:14:44.796654-08:00,read,key_650,0.51,true,false,5065
2025-11-27T16:14:44.797162-08:00,read,key_165,2.09,true,false,4994
2025-11-27T16:14:44.568434-08:00,write,key_734,312.53,true,false,5257
2025-11-27T16:14:44.880969-08:00,read,key_960,1.59,true,false,5184
2025-11-27T16:14:44.882563-08:00,read,key_214,1.65,true,false,234
2025-11-27T16:14:44.677991-08:00,write,key_577,307.41,true,false,5257
2025-11-27T16:14:44.681899-08:00,write,key_865,303.54,true,false,5257
2025-11-27T16:14:44.676362-08:00,write,key_780,309.20,true,false,5256
2025-11-27T16:14:44.788128-08:00,write,key_545,306.37,true,false,5258
2025-11-27T16:14:44.791724-08:00,write,key_552,306.11,true,false,5257
2025-11-27T16:14:44.791782-08:00,write,key_705,306.54,true,false,5259
2025-11-27T16:14:44.7961-08:00,write,key_819,304.70,true,false,5258
2025-11-27T16:14:44.79258-08:00,write,key_321,308.27,true,false,5260
2025-11-27T16:14:44.799252-08:00,write,key_753,305.79,true,false,5258
2025-11-27T16:14:45.098329-08:00,read,key_843,6.81,true,false,505
2025-11-27T16:14:45.105045-08:00,read,key_656,0.73,true,false,4824
2025-11-27T16:14:45.105781-08:00,read,key_396,0.51,true,false,5172
2025-11-27T16:14:45.106293-08:00,read,key_971,0.52,true,false,3149
2025-11-27T16:14:44.884215-08:00,write,key_756,307.64,true,false,5258
2025-11-27T16:14:45.191863-08:00,read,key_448,1.46,true,false,5194
2025-11-27T16:14:44.985407-08:00,write,key_906,312.50,true,false,5259
2025-11-27T16:14:44.985568-08:00,write,key_480,312.67,true,false,5261
2025-11-27T16:14:44.985439-08:00,write,key_706,313.24,true,false,5259
2025-11-27T16:14:45.298686-08:00,read,key_139,2.44,true,false,4158
2025-11-27T16:14:45.097842-08:00,write,key_679,304.56,true,false,5260
2025-11-27T16:14:45.094504-08:00,write,key_909,307.92,true,false,5262
2025-11-27T16:14:45.402402-08:00,read,key_692,0.75,true,false,5236
2025-11-27T16:14:45.402428-08:00,read,key_693,0.76,true,false,5159
2025-11-27T16:14:45.100799-08:00,write,key_463,305.55,true,false,5261
2025-11-27T16:14:45.406345-08:00,read,key_258,0.79,true,false,5044
2025-11-27T16:14:45.407131-08:00,read,key_89,0.69,true,false,5100
2025-11-27T16:14:45.100849-08:00,write,key_287,307.22,true,false,5262
2025-11-27T16:14:45.105139-08:00,write,key_735,302.98,true,false,5261
2025-11-27T16:14:45.407822-08:00,read,key_540,0.75,true,false,5117
2025-11-27T16:14:45.106812-08:00,write,key_84,303.40,true,false,5263
2025-11-27T16:14:45.410209-08:00,read,key_4,0.75,true,false,5121
2025-11-27T16:14:45.193329-08:00,write,key_703,312.08,true,false,5262
2025-11-27T16:14:45.301122-08:00,write,key_82,305.95,true,false,5263
2025-11-27T16:14:45.298242-08:00,write,key_895,308.84,true,false,5263
2025-11-27T16:14:45.297928-08:00,write,key_817,309.19,true,false,5262
2025-11-27T16:14:45.40319-08:00,write,key_872,306.69,true,false,5265
2025-11-27T16:14:45.403155-08:00,write,key_914,306.87,true,false,5264
2025-11-27T16:14:45.709886-08:00,read,key_665,2.08,true,false,5016
2025-11-27T16:14:45.408121-08:00,write,key_767,311.07,true,false,5264
2025-11-27T16:14:45.408574-08:00,write,key_621,310.92,true,false,5264
2025-11-27T16:14:45.711971-08:00,read,key_436,7.63,true,false,4742
2025-11-27T16:14:45.408068-08:00,write,key_760,311.58,true,false,5266
2025-11-27T16:14:45.41096-08:00,write,key_324,308.87,true,false,5264
2025-11-27T16:14:45.719198-08:00,read,key_766,0.82,true,false,4992
2025-11-27T16:14:45.719646-08:00,read,key_181,0.49,true,false,5127
2025-11-27T16:14:45.7196-08:00,read,key_907,0.56,true,false,5059
2025-11-27T16:14:45.505411-08:00,write,key_867,306.55,true,false,5266
2025-11-27T16:14:45.607086-08:00,write,key_150,305.12,true,false,5265
2025-11-27T16:14:45.912209-08:00,read,key_427,0.46,true,false,4986
2025-11-27T16:14:45.607124-08:00,write,key_806,305.61,true,false,5267
2025-11-27T16:14:45.912734-08:00,read,key_76,0.37,true,false,4929
2025-11-27T16:14:45.60708-08:00,write,key_45,309.20,true,false,5267
2025-11-27T16:14:45.916278-08:00,read,key_925,0.36,false,false,0
2025-11-27T16:14:45.7195-08:00,write,key_808,303.16,true,false,5267
2025-11-27T16:14:45.710023-08:00,write,key_677,312.67,true,false,5268
2025-11-27T16:14:46.0227-08:00,read,key_693,2.81,true,false,5159
2025-11-27T16:14:46.022663-08:00,read,key_811,2.88,true,false,4607
2025-11-27T16:14:45.720022-08:00,write,key_755,306.43,true,false,5268
2025-11-27T16:14:45.71983-08:00,write,key_199,306.62,true,false,5269
2025-11-27T16:14:45.72016-08:00,write,key_706,306.30,true,false,5269
2025-11-27T16:14:45.720138-08:00,write,key_596,306.39,true,false,5268
2025-11-27T16:14:46.025542-08:00,read,key_89,2.56,true,false,5100
2025-11-27T16:14:46.026455-08:00,read,key_48,3.24,true,false,5196
2025-11-27T16:14:46.028104-08:00,read,key_976,3.77,true,false,4627
2025-11-27T16:14:46.029701-08:00,read,key_190,2.44,true,false,5248
2025-11-27T16:14:46.031879-08:00,read,key_890,0.47,true,false,5181
2025-11-27T16:14:46.032347-08:00,read,key_813,0.58,true,false,5252
2025-11-27T16:14:46.032928-08:00,read,key_128,0.67,true,false,5003
2025-11-27T16:14:45.811965-08:00,write,key_394,308.61,true,false,5270
2025-11-27T16:14:45.913108-08:00,write,key_337,308.82,true,false,5272
2025-11-27T16:14:45.912671-08:00,write,key_482,309.49,true,false,5271
2025-11-27T16:14:45.916636-08:00,write,key_418,306.20,true,false,5271
2025-11-27T16:14:46.025513-08:00,write,key_972,305.19,true,false,5273
2025-11-27T16:14:46.026459-08:00,write,key_150,305.52,true,false,5270
2025-11-27T16:14:46.026456-08:00,write,key_908,305.57,true,false,5271
2025-11-27T16:14:46.332027-08:00,read,key_397,0.66,true,false,4632
2025-11-27T16:14:46.331978-08:00,read,key_257,0.73,true,false,4978
2025-11-27T16:14:46.332688-08:00,read,key_89,1.67,true,false,5100
2025-11-27T16:14:46.026532-08:00,write,key_701,308.69,true,false,5272
2025-11-27T16:14:46.032138-08:00,write,key_316,303.11,true,false,5270
2025-11-27T16:14:46.335228-08:00,read,key_629,0.57,true,false,5066
2025-11-27T16:14:46.33525-08:00,read,key_544,0.62,true,false,5146
2025-11-27T16:14:46.335798-08:00,read,key_577,0.52,true,false,5257
2025-11-27T16:14:46.033595-08:00,write,key_809,305.69,true,false,5273
2025-11-27T16:14:46.339285-08:00,read,key_373,0.70,true,false,5248
2025-11-27T16:14:46.339984-08:00,read,key_9,1.61,true,false,4879
2025-11-27T16:14:46.120576-08:00,write,key_449,311.19,true,false,5274
2025-11-27T16:14:46.431769-08:00,read,key_908,3.26,true,false,5271
2025-11-27T16:14:46.222167-08:00,write,key_515,311.56,true,false,5273
2025-11-27T16:14:46.221936-08:00,write,key_268,311.79,true,false,5275
2025-11-27T16:14:46.222836-08:00,write,key_911,310.92,true,false,5275
2025-11-27T16:14:46.533761-08:00,read,key_942,1.21,true,false,4068
2025-11-27T16:14:46.533785-08:00,read,key_213,1.41,true,false,4424
2025-11-27T16:14:46.534977-08:00,read,key_129,1.45,true,false,5049
2025-11-27T16:14:46.332708-08:00,write,key_450,316.65,true,false,5276
2025-11-27T16:14:46.330708-08:00,write,key_984,318.66,true,false,5276
2025-11-27T16:14:46.334355-08:00,write,key_313,317.07,true,false,5274
2025-11-27T16:14:46.335874-08:00,write,key_160,315.57,true,false,5277
2025-11-27T16:14:46.336316-08:00,write,key_765,315.14,true,false,5275
2025-11-27T16:14:46.341598-08:00,write,key_918,310.02,true,false,5276
2025-11-27T16:14:46.649365-08:00,read,key_317,2.64,true,false,5216
2025-11-27T16:14:46.652007-08:00,read,key_762,0.72,true,false,5120
2025-11-27T16:14:46.651442-08:00,read,key_84,1.37,true,false,5263
2025-11-27T16:14:46.651462-08:00,read,key_657,1.43,true,false,5045
2025-11-27T16:14:46.652892-08:00,read,key_785,0.72,true,false,3946
2025-11-27T16:14:46.652727-08:00,read,key_80,0.91,true,false,5173
2025-11-27T16:14:46.653635-08:00,read,key_786,0.63,true,false,5085
2025-11-27T16:14:46.65361-08:00,read,key_120,1.71,true,false,4895
2025-11-27T16:14:46.654263-08:00,read,key_999,1.10,true,false,4512
2025-11-27T16:14:46.655368-08:00,read,key_196,0.45,true,false,5137
2025-11-27T16:14:46.43503-08:00,write,key_411,320.37,true,false,5277
2025-11-27T16:14:46.755404-08:00,read,key_872,1.73,true,false,5265
2025-11-27T16:14:46.757139-08:00,read,key_916,2.11,true,false,5086
2025-11-27T16:14:46.533732-08:00,write,key_875,309.05,true,false,5278
2025-11-27T16:14:46.535196-08:00,write,key_719,307.74,true,false,5276
2025-11-27T16:14:46.536426-08:00,write,key_874,306.54,true,false,5279
2025-11-27T16:14:46.842938-08:00,read,key_694,3.47,true,false,4982
2025-11-27T16:14:46.846411-08:00,read,key_126,1.35,true,false,4796
2025-11-27T16:14:46.651618-08:00,write,key_617,306.58,true,false,5280
2025-11-27T16:14:46.652816-08:00,write,key_988,305.49,true,false,5278
2025-11-27T16:14:46.649374-08:00,write,key_532,309.13,true,false,5278
2025-11-27T16:14:46.651426-08:00,write,key_210,307.13,true,false,5279
2025-11-27T16:14:46.655822-08:00,write,key_660,309.56,true,false,5279
2025-11-27T16:14:46.958202-08:00,read,key_663,7.25,true,false,5129
2025-11-27T16:14:46.655319-08:00,write,key_686,310.22,true,false,5278
2025-11-27T16:14:46.958313-08:00,read,key_596,8.99,true,false,5268
2025-11-27T16:14:46.965448-08:00,read,key_631,4.34,true,false,5115
2025-11-27T16:14:46.958507-08:00,read,key_651,11.30,true,false,5187
2025-11-27T16:14:46.967305-08:00,read,key_8,2.53,true,false,5234
2025-11-27T16:14:46.965384-08:00,read,key_191,4.55,true,false,5230
2025-11-27T16:14:46.969838-08:00,read,key_552,1.88,true,false,5257
2025-11-27T16:14:46.971724-08:00,read,key_947,0.63,true,false,5152
2025-11-27T16:14:46.972358-08:00,read,key_503,0.45,true,false,4863
2025-11-27T16:14:46.972804-08:00,read,key_967,0.39,true,false,5199
2025-11-27T16:14:46.973196-08:00,read,key_456,2.16,true,false,5240
2025-11-27T16:14:46.975354-08:00,read,key_670,0.64,true,false,5081
2025-11-27T16:14:46.975994-08:00,read,key_754,0.76,true,false,5233
2025-11-27T16:14:46.759252-08:00,write,key_664,307.20,true,false,5281
2025-11-27T16:14:47.066456-08:00,read,key_744,1.97,true,false,5187
2025-11-27T16:14:47.068426-08:00,read,key_668,1.52,true,false,4625
2025-11-27T16:14:46.84279-08:00,write,key_4,310.30,true,false,5280
2025-11-27T16:14:46.842968-08:00,write,key_349,310.15,true,false,5280
2025-11-27T16:14:46.847764-08:00,write,key_973,305.83,true,false,5282
2025-11-27T16:14:46.958558-08:00,write,key_819,311.70,true,false,5281
2025-11-27T16:14:46.969804-08:00,write,key_558,305.38,true,false,5284
2025-11-27T16:14:46.96993-08:00,write,key_972,305.30,true,false,5282
2025-11-27T16:14:46.969785-08:00,write,key_848,305.89,true,false,5281
2025-11-27T16:14:46.965546-08:00,write,key_557,310.86,true,false,5283
2025-11-27T16:14:47.276412-08:00,read,key_572,2.99,true,false,5228
2025-11-27T16:14:46.97676-08:00,write,key_136,304.33,true,false,5283
2025-11-27T16:14:47.279409-08:00,read,key_118,1.73,true,false,5221
2025-11-27T16:14:47.069951-08:00,write,key_465,303.44,true,false,5283
2025-11-27T16:14:47.153118-08:00,write,key_763,319.25,true,false,5285
2025-11-27T16:14:47.153593-08:00,write,key_698,318.82,true,false,5286
2025-11-27T16:14:47.153097-08:00,write,key_731,319.40,true,false,5287
2025-11-27T16:14:47.27027-08:00,write,key_705,311.02,true,false,5284
2025-11-27T16:14:47.275186-08:00,write,key_611,308.89,true,false,5286
2025-11-27T16:14:47.275234-08:00,write,key_553,308.95,true,false,5285
2025-11-27T16:14:47.275678-08:00,write,key_785,308.62,true,false,5285
2025-11-27T16:14:47.281138-08:00,write,key_570,303.59,true,false,5285
2025-11-27T16:14:47.281098-08:00,write,key_370,304.57,true,false,5286
2025-11-27T16:14:47.584184-08:00,read,key_661,2.03,true,false,5166
2025-11-27T16:14:47.585668-08:00,read,key_154,1.36,true,false,5049
2025-11-27T16:14:47.587033-08:00,read,key_542,0.44,true,false,4755
2025-11-27T16:14:47.373397-08:00,write,key_403,309.99,true,false,5287
2025-11-27T16:14:47.683404-08:00,read,key_364,2.06,true,false,1301
2025-11-27T16:14:47.472366-08:00,write,key_362,311.43,true,false,5288
2025-11-27T16:14:47.472496-08:00,write,key_321,312.94,true,false,5288
2025-11-27T16:14:47.472413-08:00,write,key_346,313.15,true,false,5288
2025-11-27T16:14:47.783802-08:00,read,key_150,6.42,true,false,5270
2025-11-27T16:14:47.790226-08:00,read,key_935,2.63,true,false,4892
2025-11-27T16:14:47.792854-08:00,read,key_68,0.46,true,false,4968
2025-11-27T16:14:47.793311-08:00,read,key_937,2.25,true,false,5093
2025-11-27T16:14:47.795563-08:00,read,key_33,0.70,true,false,4808
2025-11-27T16:14:47.587478-08:00,write,key_76,305.56,true,false,5289
2025-11-27T16:14:47.584077-08:00,write,key_846,308.97,true,false,5288
2025-11-27T16:14:47.584303-08:00,write,key_426,308.78,true,false,5290
2025-11-27T16:14:47.586213-08:00,write,key_977,306.96,true,false,5289
2025-11-27T16:14:47.581292-08:00,write,key_159,312.32,true,false,5289
2025-11-27T16:14:47.584727-08:00,write,key_303,308.89,true,false,5289
2025-11-27T16:14:47.89304-08:00,read,key_475,3.75,true,false,4115
2025-11-27T16:14:47.893052-08:00,read,key_224,3.78,true,false,5205
2025-11-27T16:14:47.896837-08:00,read,key_766,1.76,true,false,4992
2025-11-27T16:14:47.893616-08:00,read,key_750,5.82,true,false,5056
2025-11-27T16:14:47.898599-08:00,read,key_86,1.19,true,false,5223
2025-11-27T16:14:47.685467-08:00,write,key_239,309.67,true,false,5290
2025-11-27T16:14:47.785565-08:00,write,key_704,312.03,true,false,5291
2025-11-27T16:14:47.785441-08:00,write,key_788,312.65,true,false,5292
2025-11-27T16:14:47.79626-08:00,write,key_498,305.30,true,false,5293
2025-11-27T16:14:47.893618-08:00,write,key_793,308.28,true,false,5294
2025-11-27T16:14:47.89318-08:00,write,key_9,308.81,true,false,5291
2025-11-27T16:14:47.893081-08:00,write,key_52,309.07,true,false,5292
2025-11-27T16:14:47.89679-08:00,write,key_70,307.78,true,false,5291
2025-11-27T16:14:47.899788-08:00,write,key_223,306.21,true,false,5294
2025-11-27T16:14:48.201992-08:00,read,key_44,6.12,true,false,5041
2025-11-27T16:14:48.202151-08:00,read,key_458,5.98,true,false,5111
2025-11-27T16:14:48.204571-08:00,read,key_950,3.56,true,false,3043
2025-11-27T16:14:47.899439-08:00,write,key_710,308.82,true,false,5293
2025-11-27T16:14:48.208126-08:00,read,key_157,2.46,true,false,5081
2025-11-27T16:14:48.206001-08:00,read,key_590,4.58,true,false,4888
2025-11-27T16:14:48.201901-08:00,read,key_435,8.69,true,false,4631
2025-11-27T16:14:48.208258-08:00,read,key_765,2.58,true,false,5275
2025-11-27T16:14:48.210835-08:00,read,key_77,0.60,true,false,4831
2025-11-27T16:14:47.995137-08:00,write,key_694,306.64,true,false,5295
2025-11-27T16:14:48.301783-08:00,read,key_399,1.04,true,false,3915
2025-11-27T16:14:48.097606-08:00,write,key_222,307.54,true,false,5293
2025-11-27T16:14:48.098094-08:00,write,key_167,307.08,true,false,5294
2025-11-27T16:14:48.10156-08:00,write,key_941,303.70,true,false,5296
2025-11-27T16:14:48.405262-08:00,read,key_553,0.84,true,false,5285
2025-11-27T16:14:48.405153-08:00,read,key_157,0.97,true,false,5081
2025-11-27T16:14:48.405178-08:00,read,key_150,0.97,true,false,5270
2025-11-27T16:14:48.406105-08:00,read,key_402,0.60,true,false,4877
2025-11-27T16:14:48.406145-08:00,read,key_713,0.62,true,false,4977
2025-11-27T16:14:48.406122-08:00,read,key_747,0.89,true,false,1749
2025-11-27T16:14:48.407016-08:00,read,key_780,0.58,true,false,5256
2025-11-27T16:14:48.210587-08:00,write,key_42,303.76,true,false,5295
2025-11-27T16:14:48.208117-08:00,write,key_648,306.25,true,false,5295
2025-11-27T16:14:48.208136-08:00,write,key_877,306.24,true,false,5295
2025-11-27T16:14:48.210584-08:00,write,key_151,303.87,true,false,5296
2025-11-27T16:14:48.210588-08:00,write,key_783,305.01,true,false,5297
2025-11-27T16:14:48.211434-08:00,write,key_362,304.84,true,false,5296
2025-11-27T16:14:48.515599-08:00,read,key_374,1.23,true,false,5240
2025-11-27T16:14:48.514352-08:00,read,key_895,2.68,true,false,5263
2025-11-27T16:14:48.516833-08:00,read,key_753,1.57,true,false,5258
2025-11-27T16:14:48.514382-08:00,read,key_917,4.51,true,false,5205
2025-11-27T16:14:48.302827-08:00,write,key_969,311.15,true,false,5298
2025-11-27T16:14:48.407596-08:00,write,key_403,313.18,true,false,5297
2025-11-27T16:14:48.406708-08:00,write,key_378,314.19,true,false,5297
2025-11-27T16:14:48.406767-08:00,write,key_389,314.75,true,false,5297
2025-11-27T16:14:48.720899-08:00,read,key_912,3.03,true,false,5162
2025-11-27T16:14:48.723933-08:00,read,key_898,2.19,true,false,5189
2025-11-27T16:14:48.726125-08:00,read,key_752,1.48,true,false,5035
2025-11-27T16:14:48.727607-08:00,read,key_366,1.12,true,false,2032
2025-11-27T16:14:48.728728-08:00,read,key_154,0.99,true,false,5049
2025-11-27T16:14:48.729721-08:00,read,key_80,0.62,true,false,5173
2025-11-27T16:14:48.514459-08:00,write,key_377,307.21,true,false,5299
2025-11-27T16:14:48.51703-08:00,write,key_622,304.67,true,false,5300
2025-11-27T16:14:48.514365-08:00,write,key_733,307.34,true,false,5298
2025-11-27T16:14:48.821707-08:00,read,key_114,2.30,true,false,5011
2025-11-27T16:14:48.516276-08:00,write,key_762,308.29,true,false,5298
2025-11-27T16:14:48.518893-08:00,write,key_442,305.75,true,false,5299
2025-11-27T16:14:48.824006-08:00,read,key_431,3.43,true,false,4653
2025-11-27T16:14:48.82482-08:00,read,key_74,2.65,true,false,5178
2025-11-27T16:14:48.51841-08:00,write,key_138,309.36,true,false,5299
2025-11-27T16:14:48.827435-08:00,read,key_731,1.69,true,false,5287
2025-11-27T16:14:48.827777-08:00,read,key_715,1.46,true,false,4991
2025-11-27T16:14:48.827467-08:00,read,key_183,1.79,true,false,5073
2025-11-27T16:14:48.82913-08:00,read,key_428,1.55,true,false,5067
2025-11-27T16:14:48.829253-08:00,read,key_735,2.30,true,false,5261
2025-11-27T16:14:48.613979-08:00,write,key_976,313.42,true,false,5300
2025-11-27T16:14:48.721517-08:00,write,key_943,308.66,true,false,5299
2025-11-27T16:14:48.72078-08:00,write,key_698,309.46,true,false,5301
2025-11-27T16:14:49.03024-08:00,read,key_813,2.27,true,false,5252
2025-11-27T16:14:49.030178-08:00,read,key_278,2.50,true,false,5203
2025-11-27T16:14:49.032508-08:00,read,key_601,2.74,true,false,4713
2025-11-27T16:14:48.730345-08:00,write,key_615,305.23,true,false,5301
2025-11-27T16:14:49.035581-08:00,read,key_845,1.07,true,false,5213
2025-11-27T16:14:49.036654-08:00,read,key_461,1.04,true,false,5149
2025-11-27T16:14:48.821677-08:00,write,key_421,323.44,true,false,5301
2025-11-27T16:14:48.829236-08:00,write,key_129,315.89,true,false,5303
2025-11-27T16:14:48.830677-08:00,write,key_49,314.51,true,false,5302
2025-11-27T16:14:48.831553-08:00,write,key_324,313.72,true,false,5301
2025-11-27T16:14:48.824764-08:00,write,key_752,320.57,true,false,5301
2025-11-27T16:14:48.821705-08:00,write,key_876,323.69,true,false,5302
2025-11-27T16:14:49.145117-08:00,read,key_573,0.43,true,false,4205
2025-11-27T16:14:49.145339-08:00,read,key_223,0.54,true,false,5294
2025-11-27T16:14:49.145399-08:00,read,key_904,0.54,true,false,4979
2025-11-27T16:14:49.145551-08:00,read,key_690,0.82,true,false,4975
2025-11-27T16:14:49.145274-08:00,read,key_288,1.13,true,false,5153
2025-11-27T16:14:49.145878-08:00,read,key_739,1.53,true,false,5108
2025-11-27T16:14:49.146399-08:00,read,key_871,1.02,true,false,4299
2025-11-27T16:14:49.147412-08:00,read,key_433,0.56,true,false,3803
2025-11-27T16:14:48.927403-08:00,write,key_308,319.94,true,false,5302
2025-11-27T16:14:49.037698-08:00,write,key_792,307.45,true,false,5305
2025-11-27T16:14:49.03525-08:00,write,key_180,309.93,true,false,5304
2025-11-27T16:14:49.032679-08:00,write,key_71,312.50,true,false,5304
2025-11-27T16:14:49.345182-08:00,read,key_468,3.46,true,false,4850
2025-11-27T16:14:49.147974-08:00,write,key_158,303.72,true,false,5304
2025-11-27T16:14:49.145132-08:00,write,key_213,306.57,true,false,5304
2025-11-27T16:14:49.145942-08:00,write,key_817,305.78,true,false,5306
2025-11-27T16:14:49.147424-08:00,write,key_399,304.32,true,false,5305
2025-11-27T16:14:49.145189-08:00,write,key_62,306.59,true,false,5306
2025-11-27T16:14:49.146368-08:00,write,key_124,305.42,true,false,5304
2025-11-27T16:14:49.451702-08:00,read,key_313,1.50,true,false,5274
2025-11-27T16:14:49.451785-08:00,read,key_811,2.03,true,false,4607
2025-11-27T16:14:49.451745-08:00,read,key_50,2.33,true,false,4470
2025-11-27T16:14:49.453821-08:00,read,key_44,2.81,true,false,5041
2025-11-27T16:14:49.454076-08:00,read,key_764,2.60,true,false,4994
2025-11-27T16:14:49.247354-08:00,write,key_477,306.54,true,false,5305
2025-11-27T16:14:49.553897-08:00,read,key_227,4.86,true,false,4981
2025-11-27T16:14:49.345182-08:00,write,key_163,312.37,true,false,5307
2025-11-27T16:14:49.345153-08:00,write,key_937,312.40,true,false,5306
2025-11-27T16:14:49.348648-08:00,write,key_305,309.03,true,false,5308
2025-11-27T16:14:49.657596-08:00,read,key_183,2.17,true,false,5073
2025-11-27T16:14:49.451791-08:00,write,key_962,305.84,true,false,5307
2025-11-27T16:14:49.453201-08:00,write,key_107,305.84,true,false,5309
2025-11-27T16:14:49.451702-08:00,write,key_920,307.39,true,false,5307
2025-11-27T16:14:49.451718-08:00,write,key_629,307.41,true,false,5308
2025-11-27T16:14:49.759093-08:00,read,key_693,4.07,true,false,5159
2025-11-27T16:14:49.759043-08:00,read,key_129,5.05,true,false,5303
2025-11-27T16:14:49.456627-08:00,write,key_659,307.54,true,false,5310
2025-11-27T16:14:49.456676-08:00,write,key_293,308.15,true,false,5307
2025-11-27T16:14:49.763163-08:00,read,key_867,1.97,true,false,5266
2025-11-27T16:14:49.759135-08:00,read,key_694,7.35,true,false,5295
2025-11-27T16:14:49.764166-08:00,read,key_157,2.33,true,false,5081
2025-11-27T16:14:49.765131-08:00,read,key_905,1.57,true,false,5141
2025-11-27T16:14:49.7665-08:00,read,key_379,0.90,true,false,5166
2025-11-27T16:14:49.766489-08:00,read,key_45,0.91,true,false,5267
2025-11-27T16:14:49.766697-08:00,read,key_332,0.78,true,false,4980
2025-11-27T16:14:49.764824-08:00,read,key_907,2.70,true,false,5059
2025-11-27T16:14:49.767525-08:00,read,key_195,0.67,true,false,5079
2025-11-27T16:14:49.55876-08:00,write,key_8,307.15,true,false,5310
2025-11-27T16:14:49.865913-08:00,read,key_164,1.53,true,false,2836
2025-11-27T16:14:49.867446-08:00,read,key_933,1.62,true,false,5100
2025-11-27T16:14:49.65768-08:00,write,key_479,309.33,true,false,5311
2025-11-27T16:14:49.659764-08:00,write,key_165,307.30,true,false,5309
2025-11-27T16:14:49.657557-08:00,write,key_82,309.53,true,false,5311
2025-11-27T16:14:49.967061-08:00,read,key_872,4.44,true,false,5265
2025-11-27T16:14:49.971501-08:00,read,key_159,1.45,true,false,5289
2025-11-27T16:14:49.757638-08:00,write,key_414,306.78,true,false,5312
2025-11-27T16:14:49.764091-08:00,write,key_662,304.48,true,false,5313
2025-11-27T16:14:49.7674-08:00,write,key_908,304.83,true,false,5311
2025-11-27T16:14:49.7674-08:00,write,key_554,305.04,true,false,5312
2025-11-27T16:14:49.768197-08:00,write,key_45,307.74,true,false,5315
2025-11-27T16:14:49.767473-08:00,write,key_979,308.51,true,false,5314
2025-11-27T16:14:49.869069-08:00,write,key_369,304.26,true,false,5311
2025-11-27T16:14:50.173338-08:00,read,key_628,1.39,true,false,5071
2025-11-27T16:14:49.967017-08:00,write,key_907,306.35,true,false,5312
2025-11-27T16:14:49.967093-08:00,write,key_56,306.29,true,false,5312
2025-11-27T16:14:49.972951-08:00,write,key_667,306.49,true,false,5312
2025-11-27T16:14:50.279446-08:00,read,key_491,1.35,true,false,3826
2025-11-27T16:14:50.2808-08:00,read,key_866,1.19,true,false,4889
2025-11-27T16:14:50.281994-08:00,read,key_944,1.42,true,false,4358
2025-11-27T16:14:50.06444-08:00,write,key_183,312.95,true,false,5313
2025-11-27T16:14:50.068577-08:00,write,key_906,310.34,true,false,5316
2025-11-27T16:14:50.377403-08:00,read,key_423,1.56,true,false,4908
2025-11-27T16:14:50.072236-08:00,write,key_769,309.41,true,false,5314
2025-11-27T16:14:50.072439-08:00,write,key_811,309.21,true,false,5317
2025-11-27T16:14:50.075938-08:00,write,key_360,305.81,true,false,5316
2025-11-27T16:14:50.07598-08:00,write,key_113,305.94,true,false,5316
2025-11-27T16:14:50.381654-08:00,read,key_809,4.35,true,false,5273
2025-11-27T16:14:50.381922-08:00,read,key_750,4.28,true,false,5056
2025-11-27T16:14:50.381749-08:00,read,key_3,6.60,true,false,5096
2025-11-27T16:14:50.386001-08:00,read,key_594,2.39,true,false,5040
2025-11-27T16:14:50.388357-08:00,read,key_668,1.74,true,false,4625
2025-11-27T16:14:50.386208-08:00,read,key_402,3.92,true,false,4877
2025-11-27T16:14:50.390095-08:00,read,key_959,0.59,true,false,4737
2025-11-27T16:14:50.390131-08:00,read,key_692,0.60,true,false,5236
2025-11-27T16:14:50.174732-08:00,write,key_427,308.82,true,false,5317
2025-11-27T16:14:50.483557-08:00,read,key_106,1.98,true,false,578
2025-11-27T16:14:50.273374-08:00,write,key_311,312.14,true,false,5318
2025-11-27T16:14:50.273387-08:00,write,key_935,312.17,true,false,5318
2025-11-27T16:14:50.585517-08:00,read,key_666,3.04,true,false,5172
2025-11-27T16:14:50.283412-08:00,write,key_374,306.34,true,false,5319
2025-11-27T16:14:50.588556-08:00,read,key_813,4.59,true,false,5252
2025-11-27T16:14:50.585561-08:00,read,key_888,8.83,true,false,4626
2025-11-27T16:14:50.593143-08:00,read,key_72,1.77,true,false,5138
2025-11-27T16:14:50.589752-08:00,read,key_662,5.44,true,false,5313
2025-11-27T16:14:50.594399-08:00,read,key_84,0.79,true,false,5263
2025-11-27T16:14:50.595189-08:00,read,key_784,0.55,true,false,5179
2025-11-27T16:14:50.595735-08:00,read,key_48,0.43,true,false,5196
2025-11-27T16:14:50.596168-08:00,read,key_965,0.40,true,false,5169
2025-11-27T16:14:50.596568-08:00,read,key_752,1.07,true,false,5301
2025-11-27T16:14:50.59764-08:00,read,key_89,0.77,true,false,5100
2025-11-27T16:14:50.598413-08:00,read,key_506,0.61,true,false,4873
2025-11-27T16:14:50.59902-08:00,read,key_459,0.68,true,false,5109
2025-11-27T16:14:50.378929-08:00,write,key_804,313.99,true,false,5319
2025-11-27T16:14:50.378961-08:00,write,key_557,314.02,true,false,5317
2025-11-27T16:14:50.381652-08:00,write,key_540,311.41,true,false,5319
2025-11-27T16:14:50.692979-08:00,read,key_878,3.49,true,false,5096
2025-11-27T16:14:50.390687-08:00,write,key_618,306.36,true,false,5321
2025-11-27T16:14:50.388393-08:00,write,key_202,308.76,true,false,5318
2025-11-27T16:14:50.390736-08:00,write,key_142,306.47,true,false,5320
2025-11-27T16:14:50.697206-08:00,read,key_308,3.73,true,false,5302
2025-11-27T16:14:50.697051-08:00,read,key_515,3.90,true,false,5273
2025-11-27T16:14:50.48554-08:00,write,key_980,313.44,true,false,5320
2025-11-27T16:14:50.595195-08:00,write,key_692,306.25,true,false,5322
2025-11-27T16:14:50.594914-08:00,write,key_982,306.82,true,false,5322
2025-11-27T16:14:50.599697-08:00,write,key_126,306.87,true,false,5320
2025-11-27T16:14:50.901735-08:00,read,key_936,6.03,true,false,4995
2025-11-27T16:14:50.90146-08:00,read,key_734,7.34,true,false,5257
2025-11-27T16:14:50.908799-08:00,read,key_115,0.88,true,false,4355
2025-11-27T16:14:50.909683-08:00,read,key_732,0.60,true,false,141
2025-11-27T16:14:50.69716-08:00,write,key_692,308.47,true,false,5324
2025-11-27T16:14:50.696467-08:00,write,key_697,309.25,true,false,5322
2025-11-27T16:14:50.692919-08:00,write,key_47,313.62,true,false,5323
2025-11-27T16:14:51.005634-08:00,read,key_152,3.46,true,false,5179
2025-11-27T16:14:50.700941-08:00,write,key_46,308.47,true,false,5326
2025-11-27T16:14:50.693063-08:00,write,key_506,316.36,true,false,5325
2025-11-27T16:14:50.700955-08:00,write,key_482,309.74,true,false,5323
2025-11-27T16:14:51.009095-08:00,read,key_58,3.72,true,false,4807
2025-11-27T16:14:51.009414-08:00,read,key_683,3.66,true,false,5150
2025-11-27T16:14:51.005723-08:00,read,key_511,8.53,true,false,4580
2025-11-27T16:14:51.009422-08:00,read,key_717,5.11,true,false,4908
2025-11-27T16:14:51.012815-08:00,read,key_257,1.74,true,false,4978
2025-11-27T16:14:51.013073-08:00,read,key_905,1.54,true,false,5141
2025-11-27T16:14:51.014555-08:00,read,key_283,0.61,false,false,0
2025-11-27T16:14:51.014618-08:00,read,key_620,0.57,true,false,5017
2025-11-27T16:14:50.798982-08:00,write,key_606,308.49,true,false,5322
2025-11-27T16:14:50.906574-08:00,write,key_913,308.77,true,false,5327
2025-11-27T16:14:50.907763-08:00,write,key_463,307.62,true,false,5324
2025-11-27T16:14:50.910281-08:00,write,key_907,305.17,true,false,5325
2025-11-27T16:14:51.215351-08:00,read,key_660,3.00,true,false,5279
2025-11-27T16:14:51.215382-08:00,read,key_923,3.10,true,false,4272
2025-11-27T16:14:51.006543-08:00,write,key_443,309.57,true,false,5327
2025-11-27T16:14:51.010704-08:00,write,key_906,305.56,true,false,5327
2025-11-27T16:14:51.014259-08:00,write,key_882,306.84,true,false,5327
2025-11-27T16:14:51.014532-08:00,write,key_228,306.60,true,false,5328
2025-11-27T16:14:51.015189-08:00,write,key_107,305.96,true,false,5327
2025-11-27T16:14:51.015171-08:00,write,key_6,306.01,true,false,5328
2025-11-27T16:14:51.321183-08:00,read,key_693,0.96,true,false,5159
2025-11-27T16:14:51.107475-08:00,write,key_425,312.46,true,false,5329
2025-11-27T16:14:51.419944-08:00,read,key_749,2.15,true,false,326
2025-11-27T16:14:51.218486-08:00,write,key_897,308.42,true,false,5330
2025-11-27T16:14:51.215454-08:00,write,key_599,311.63,true,false,5330
2025-11-27T16:14:51.218357-08:00,write,key_786,310.14,true,false,5328
2025-11-27T16:14:51.527089-08:00,read,key_899,3.61,true,false,5219
2025-11-27T16:14:51.530702-08:00,read,key_603,1.50,true,false,2068
2025-11-27T16:14:51.316118-08:00,write,key_972,306.74,true,false,5329
2025-11-27T16:14:51.316266-08:00,write,key_228,306.62,true,false,5330
2025-11-27T16:14:51.622892-08:00,read,key_876,2.00,true,false,5302
2025-11-27T16:14:51.321098-08:00,write,key_769,308.14,true,false,5329
2025-11-27T16:14:51.322143-08:00,write,key_234,307.19,true,false,5330
2025-11-27T16:14:51.321151-08:00,write,key_45,308.28,true,false,5329
2025-11-27T16:14:51.321134-08:00,write,key_103,308.36,true,false,5331
2025-11-27T16:14:51.629239-08:00,read,key_311,2.98,true,false,5318
2025-11-27T16:14:51.629336-08:00,read,key_255,5.36,true,false,5255
2025-11-27T16:14:51.634694-08:00,read,key_349,0.74,true,false,5280
2025-11-27T16:14:51.422095-08:00,write,key_124,307.68,true,false,5332
2025-11-27T16:14:51.729778-08:00,read,key_417,0.49,true,false,4855
2025-11-27T16:14:51.730274-08:00,read,key_113,0.33,true,false,5316
2025-11-27T16:14:51.526906-08:00,write,key_800,306.93,true,false,5333
2025-11-27T16:14:51.528505-08:00,write,key_876,307.56,true,false,5333
2025-11-27T16:14:51.833866-08:00,read,key_564,2.37,true,false,4921
2025-11-27T16:14:51.83607-08:00,read,key_627,2.94,true,false,5204
2025-11-27T16:14:51.532203-08:00,write,key_456,306.81,true,false,5334
2025-11-27T16:14:51.839013-08:00,read,key_443,0.89,true,false,5327
2025-11-27T16:14:51.839907-08:00,read,key_292,0.50,true,false,5190
2025-11-27T16:14:51.840408-08:00,read,key_671,0.64,true,false,5105
2025-11-27T16:14:51.622859-08:00,write,key_972,321.94,true,false,5331
2025-11-27T16:14:51.62943-08:00,write,key_408,315.40,true,false,5335
2025-11-27T16:14:51.632217-08:00,write,key_709,312.62,true,false,5336
2025-11-27T16:14:51.629499-08:00,write,key_751,315.39,true,false,5332
2025-11-27T16:14:51.624891-08:00,write,key_847,320.04,true,false,5332
2025-11-27T16:14:51.635434-08:00,write,key_501,309.61,true,false,5334
2025-11-27T16:14:51.94484-08:00,read,key_657,0.43,true,false,5045
2025-11-27T16:14:51.944829-08:00,read,key_906,0.55,true,false,5327
2025-11-27T16:14:51.94489-08:00,read,key_666,1.44,true,false,5172
2025-11-27T16:14:51.945045-08:00,read,key_45,2.03,true,false,5329
2025-11-27T16:14:51.944933-08:00,read,key_41,2.14,true,false,5148
2025-11-27T16:14:51.946337-08:00,read,key_122,0.84,true,false,511
2025-11-27T16:14:51.947074-08:00,read,key_46,0.63,true,false,5326
2025-11-27T16:14:51.947177-08:00,read,key_502,0.54,true,false,2191
2025-11-27T16:14:51.947705-08:00,read,key_151,0.70,true,false,5296
2025-11-27T16:14:51.948404-08:00,read,key_511,0.49,true,false,4580
2025-11-27T16:14:51.7306-08:00,write,key_750,316.81,true,false,5335
2025-11-27T16:14:52.047414-08:00,read,key_183,1.66,true,false,5313
2025-11-27T16:14:52.049078-08:00,read,key_244,4.14,false,false,0
2025-11-27T16:14:51.836235-08:00,write,key_272,308.23,true,false,5335
2025-11-27T16:14:51.839011-08:00,write,key_947,305.48,true,false,5336
2025-11-27T16:14:52.144467-08:00,read,key_308,1.52,true,false,5302
2025-11-27T16:14:51.84105-08:00,write,key_229,306.16,true,false,5337
2025-11-27T16:14:52.145993-08:00,read,key_194,4.04,true,false,5190
2025-11-27T16:14:52.150037-08:00,read,key_321,1.71,true,false,5288
2025-11-27T16:14:52.147215-08:00,read,key_620,5.47,true,false,5017
2025-11-27T16:14:52.152688-08:00,read,key_693,1.09,true,false,5159
2025-11-27T16:14:52.153774-08:00,read,key_317,1.03,true,false,5216
2025-11-27T16:14:51.944802-08:00,write,key_465,303.58,true,false,5337
2025-11-27T16:14:51.945275-08:00,write,key_448,303.12,true,false,5337
2025-11-27T16:14:51.945376-08:00,write,key_53,303.02,true,false,5338
2025-11-27T16:14:52.248379-08:00,read,key_874,0.81,true,false,5279
2025-11-27T16:14:51.947717-08:00,write,key_960,303.54,true,false,5338
2025-11-27T16:14:51.948897-08:00,write,key_827,302.39,true,false,5338
2025-11-27T16:14:52.251262-08:00,read,key_256,0.70,true,false,5075
2025-11-27T16:14:52.251284-08:00,read,key_813,0.69,true,false,5252
2025-11-27T16:14:52.251977-08:00,read,key_220,0.57,true,false,5215
2025-11-27T16:14:51.947075-08:00,write,key_372,305.96,true,false,5339
2025-11-27T16:14:52.253038-08:00,read,key_548,0.62,true,false,5135
2025-11-27T16:14:52.053224-08:00,write,key_53,306.76,true,false,5339
2025-11-27T16:14:52.144496-08:00,write,key_673,308.10,true,false,5338
2025-11-27T16:14:52.452611-08:00,read,key_476,1.39,true,false,4943
2025-11-27T16:14:52.151749-08:00,write,key_962,306.16,true,false,5339
2025-11-27T16:14:52.454005-08:00,read,key_807,3.96,true,false,5067
2025-11-27T16:14:52.154809-08:00,write,key_573,303.91,true,false,5340
2025-11-27T16:14:52.458724-08:00,read,key_590,1.14,true,false,4888
2025-11-27T16:14:52.457908-08:00,read,key_56,1.99,true,false,5312
2025-11-27T16:14:52.459865-08:00,read,key_906,1.07,true,false,5327
2025-11-27T16:14:52.459901-08:00,read,key_694,1.09,true,false,5295
2025-11-27T16:14:52.460934-08:00,read,key_346,1.52,true,false,5288
2025-11-27T16:14:52.248393-08:00,write,key_780,310.07,true,false,5340
2025-11-27T16:14:52.248402-08:00,write,key_975,310.11,true,false,5340
2025-11-27T16:14:52.251958-08:00,write,key_572,306.56,true,false,5341
2025-11-27T16:14:52.252544-08:00,write,key_813,306.13,true,false,5341
2025-11-27T16:14:52.249193-08:00,write,key_381,309.53,true,false,5339
2025-11-27T16:14:52.253655-08:00,write,key_940,305.91,true,false,5340
2025-11-27T16:14:52.558466-08:00,read,key_427,5.52,true,false,5317
2025-11-27T16:14:52.559566-08:00,read,key_437,4.42,true,false,4566
2025-11-27T16:14:52.558515-08:00,read,key_614,6.09,true,false,5097
2025-11-27T16:14:52.558517-08:00,read,key_847,6.13,true,false,5332
2025-11-27T16:14:52.564651-08:00,read,key_89,1.78,true,false,5100
2025-11-27T16:14:52.564602-08:00,read,key_800,1.84,true,false,5333
2025-11-27T16:14:52.563989-08:00,read,key_685,2.46,true,false,5146
2025-11-27T16:14:52.55872-08:00,read,key_921,7.78,true,false,5021
2025-11-27T16:14:52.566451-08:00,read,key_47,1.32,true,false,5323
2025-11-27T16:14:52.566435-08:00,read,key_221,1.35,true,false,1006
2025-11-27T16:14:52.566443-08:00,read,key_542,1.41,true,false,4755
2025-11-27T16:14:52.566499-08:00,read,key_806,1.37,true,false,5267
2025-11-27T16:14:52.359987-08:00,write,key_343,306.79,true,false,5342
2025-11-27T16:14:52.666777-08:00,read,key_548,1.59,true,false,5135
2025-11-27T16:14:52.668364-08:00,read,key_682,1.34,true,false,4851
2025-11-27T16:14:52.669702-08:00,read,key_276,2.12,true,false,4530
2025-11-27T16:14:52.671823-08:00,read,key_161,1.74,true,false,4940
2025-11-27T16:14:52.462458-08:00,write,key_556,311.48,true,false,5341
2025-11-27T16:14:52.46099-08:00,write,key_75,313.02,true,false,5343
2025-11-27T16:14:52.457962-08:00,write,key_387,316.56,true,false,5341
2025-11-27T16:14:52.774009-08:00,read,key_402,3.38,true,false,4877
2025-11-27T16:14:52.774527-08:00,read,key_750,3.11,true,false,5335
2025-11-27T16:14:52.558676-08:00,write,key_889,317.47,true,false,5342
2025-11-27T16:14:52.567772-08:00,write,key_748,310.86,true,false,5345
2025-11-27T16:14:52.567853-08:00,write,key_757,310.88,true,false,5343
2025-11-27T16:14:52.563985-08:00,write,key_871,315.07,true,false,5344
2025-11-27T16:14:52.567788-08:00,write,key_271,312.22,true,false,5344
2025-11-27T16:14:52.567871-08:00,write,key_910,312.84,true,false,5345
2025-11-27T16:14:52.876157-08:00,read,key_452,4.97,true,false,5188
2025-11-27T16:14:52.879061-08:00,read,key_783,3.11,true,false,5297
2025-11-27T16:14:52.880717-08:00,read,key_2,2.36,true,false,4942
2025-11-27T16:14:52.881125-08:00,read,key_362,2.44,true,false,5296
2025-11-27T16:14:52.882172-08:00,read,key_375,2.49,true,false,5204
2025-11-27T16:14:52.883564-08:00,read,key_480,1.13,true,false,5261
2025-11-27T16:14:52.883078-08:00,read,key_345,2.12,true,false,4835
2025-11-27T16:14:52.884666-08:00,read,key_463,0.57,true,false,5324
2025-11-27T16:14:52.885233-08:00,read,key_122,0.54,true,false,511
2025-11-27T16:14:52.885776-08:00,read,key_944,1.06,true,false,4358
2025-11-27T16:14:52.673568-08:00,write,key_936,306.95,true,false,5346
2025-11-27T16:14:52.773939-08:00,write,key_965,306.19,true,false,5347
2025-11-27T16:14:52.777643-08:00,write,key_764,303.69,true,false,5344
2025-11-27T16:14:52.777389-08:00,write,key_903,303.92,true,false,5344
2025-11-27T16:14:53.081351-08:00,read,key_443,0.68,true,false,5327
2025-11-27T16:14:53.081339-08:00,read,key_687,0.73,true,false,5068
2025-11-27T16:14:53.082032-08:00,read,key_924,0.72,true,false,5110
2025-11-27T16:14:53.082749-08:00,read,key_445,0.54,true,false,5218
2025-11-27T16:14:53.083288-08:00,read,key_64,0.88,true,false,4703
2025-11-27T16:14:52.884691-08:00,write,key_861,304.37,true,false,5346
2025-11-27T16:14:52.878637-08:00,write,key_937,310.44,true,false,5348
2025-11-27T16:14:52.878732-08:00,write,key_873,310.92,true,false,5349
2025-11-27T16:14:52.886841-08:00,write,key_660,306.10,true,false,5350
2025-11-27T16:14:52.885202-08:00,write,key_292,309.73,true,false,5349
2025-11-27T16:14:53.192943-08:00,read,key_477,2.24,true,false,5305
2025-11-27T16:14:52.880005-08:00,write,key_700,316.14,true,false,5348
2025-11-27T16:14:52.980523-08:00,write,key_49,314.57,true,false,5350
2025-11-27T16:14:53.082072-08:00,write,key_978,312.00,true,false,5349
2025-11-27T16:14:53.080133-08:00,write,key_325,314.05,true,false,5348
2025-11-27T16:14:53.084173-08:00,write,key_361,313.77,true,false,5350
2025-11-27T16:14:53.394183-08:00,read,key_404,3.81,true,false,5247
2025-11-27T16:14:53.189081-08:00,write,key_627,306.60,true,false,5351
2025-11-27T16:14:53.18965-08:00,write,key_769,306.03,true,false,5351
2025-11-27T16:14:53.495682-08:00,read,key_75,0.83,true,false,5343
2025-11-27T16:14:53.496515-08:00,read,key_449,0.60,true,false,5274
2025-11-27T16:14:53.497115-08:00,read,key_466,0.63,true,false,4822
2025-11-27T16:14:53.189061-08:00,write,key_313,310.41,true,false,5351
2025-11-27T16:14:53.195181-08:00,write,key_159,305.29,true,false,5352
2025-11-27T16:14:53.194936-08:00,write,key_981,305.57,true,false,5351
2025-11-27T16:14:53.196143-08:00,write,key_476,305.51,true,false,5352
2025-11-27T16:14:53.501654-08:00,read,key_602,1.72,true,false,4696
2025-11-27T16:14:53.503374-08:00,read,key_192,1.47,true,false,5131
2025-11-27T16:14:53.504845-08:00,read,key_110,0.43,true,false,5075
2025-11-27T16:14:53.505273-08:00,read,key_423,0.56,true,false,4908
2025-11-27T16:14:53.505835-08:00,read,key_904,0.45,true,false,4979
2025-11-27T16:14:53.295112-08:00,write,key_702,306.18,true,false,5352
2025-11-27T16:14:53.394085-08:00,write,key_555,318.32,true,false,5353
2025-11-27T16:14:53.397999-08:00,write,key_42,314.40,true,false,5353
2025-11-27T16:14:53.397944-08:00,write,key_894,314.80,true,false,5353
2025-11-27T16:14:53.712405-08:00,read,key_211,1.19,true,false,5201
2025-11-27T16:14:53.712414-08:00,read,key_817,1.26,true,false,5306
2025-11-27T16:14:53.713595-08:00,read,key_554,0.85,true,false,5312
2025-11-27T16:14:53.495692-08:00,write,key_509,306.20,true,false,5354
2025-11-27T16:14:53.801906-08:00,read,key_223,1.52,true,false,5294
2025-11-27T16:14:53.803423-08:00,read,key_372,1.40,true,false,5339
2025-11-27T16:14:53.804829-08:00,read,key_730,2.10,true,false,5164
2025-11-27T16:14:53.500474-08:00,write,key_340,322.15,true,false,5354
2025-11-27T16:14:53.499481-08:00,write,key_341,323.25,true,false,5354
2025-11-27T16:14:53.506283-08:00,write,key_708,316.46,true,false,5356
2025-11-27T16:14:53.500503-08:00,write,key_105,322.26,true,false,5353
2025-11-27T16:14:53.497747-08:00,write,key_428,325.07,true,false,5355
2025-11-27T16:14:53.822629-08:00,read,key_668,0.48,true,false,4625
2025-11-27T16:14:53.823111-08:00,read,key_870,0.66,true,false,5127
2025-11-27T16:14:53.822741-08:00,read,key_650,2.84,true,false,5065
2025-11-27T16:14:53.825586-08:00,read,key_684,0.64,true,false,4883
2025-11-27T16:14:53.826228-08:00,read,key_192,0.60,true,false,5131
2025-11-27T16:14:53.826834-08:00,read,key_781,0.46,true,false,5212
2025-11-27T16:14:53.601292-08:00,write,key_708,307.46,true,false,5357
2025-11-27T16:14:53.908756-08:00,read,key_810,1.73,true,false,5237
2025-11-27T16:14:53.910486-08:00,read,key_691,1.26,true,false,5136
2025-11-27T16:14:53.911743-08:00,read,key_507,1.37,true,false,1175
2025-11-27T16:14:53.714443-08:00,write,key_164,303.84,true,false,5354
2025-11-27T16:14:53.713676-08:00,write,key_333,304.68,true,false,5354
2025-11-27T16:14:53.712746-08:00,write,key_451,305.65,true,false,5358
2025-11-27T16:14:54.018356-08:00,read,key_529,1.49,true,false,5142
2025-11-27T16:14:54.018402-08:00,read,key_248,1.70,true,false,2772
2025-11-27T16:14:54.019848-08:00,read,key_343,5.28,true,false,5342
2025-11-27T16:14:53.80693-08:00,write,key_312,306.94,true,false,5356
2025-11-27T16:14:53.822817-08:00,write,key_576,303.98,true,false,5359
2025-11-27T16:14:53.823775-08:00,write,key_298,303.04,true,false,5358
2025-11-27T16:14:53.822735-08:00,write,key_321,304.11,true,false,5357
2025-11-27T16:14:53.822761-08:00,write,key_421,304.16,true,false,5357
2025-11-27T16:14:54.126798-08:00,read,key_548,2.34,true,false,5135
2025-11-27T16:14:54.126813-08:00,read,key_319,3.09,true,false,4653
2025-11-27T16:14:54.12685-08:00,read,key_291,3.10,true,false,4223
2025-11-27T16:14:53.827291-08:00,write,key_317,305.36,true,false,5360
2025-11-27T16:14:54.129951-08:00,read,key_307,2.74,true,false,2010
2025-11-27T16:14:54.13265-08:00,read,key_903,1.32,true,false,5344
2025-11-27T16:14:53.913118-08:00,write,key_316,311.92,true,false,5359
2025-11-27T16:14:54.01829-08:00,write,key_768,307.26,true,false,5361
2025-11-27T16:14:54.020105-08:00,write,key_598,308.04,true,false,5359
2025-11-27T16:14:54.025133-08:00,write,key_904,304.98,true,false,5362
2025-11-27T16:14:54.328144-08:00,read,key_164,2.08,true,false,5354
2025-11-27T16:14:54.330223-08:00,read,key_893,4.12,true,false,4927
2025-11-27T16:14:54.113886-08:00,write,key_274,309.42,true,false,5360
2025-11-27T16:14:54.126924-08:00,write,key_122,304.20,true,false,5361
2025-11-27T16:14:54.129909-08:00,write,key_253,305.09,true,false,5363
2025-11-27T16:14:54.431129-08:00,read,key_904,3.94,true,false,5362
2025-11-27T16:14:54.435001-08:00,read,key_942,2.79,true,false,4068
2025-11-27T16:14:54.13397-08:00,write,key_150,304.35,true,false,5363
2025-11-27T16:14:54.132688-08:00,write,key_693,305.76,true,false,5361
2025-11-27T16:14:54.129169-08:00,write,key_590,309.92,true,false,5361
2025-11-27T16:14:54.438318-08:00,read,key_48,1.77,true,false,5196
2025-11-27T16:14:54.437795-08:00,read,key_963,2.36,true,false,4970
2025-11-27T16:14:54.438447-08:00,read,key_286,1.73,true,false,5065
2025-11-27T16:14:54.439087-08:00,read,key_902,1.28,true,false,5170
2025-11-27T16:14:54.44009-08:00,read,key_892,0.48,true,false,4668
2025-11-27T16:14:54.440176-08:00,read,key_365,0.53,true,false,5229
2025-11-27T16:14:54.440371-08:00,read,key_770,0.90,true,false,3267
2025-11-27T16:14:54.44057-08:00,read,key_612,0.74,true,false,4858
2025-11-27T16:14:54.441306-08:00,read,key_191,0.96,true,false,5230
2025-11-27T16:14:54.441277-08:00,read,key_618,1.01,true,false,5321
2025-11-27T16:14:54.442289-08:00,read,key_974,0.71,true,false,5121
2025-11-27T16:14:54.225037-08:00,write,key_38,305.16,true,false,5364
2025-11-27T16:14:54.325556-08:00,write,key_383,306.18,true,false,5365
2025-11-27T16:14:54.330118-08:00,write,key_405,306.14,true,false,5366
2025-11-27T16:14:54.63626-08:00,read,key_150,1.68,true,false,5363
2025-11-27T16:14:54.637943-08:00,read,key_815,1.40,true,false,2897
2025-11-27T16:14:54.334341-08:00,write,key_180,305.11,true,false,5363
2025-11-27T16:14:54.423347-08:00,write,key_328,313.76,true,false,5367
2025-11-27T16:14:54.435073-08:00,write,key_323,305.91,true,false,5367
2025-11-27T16:14:54.440159-08:00,write,key_235,304.87,true,false,5364
2025-11-27T16:14:54.440704-08:00,write,key_766,304.48,true,false,5368
2025-11-27T16:14:54.442267-08:00,write,key_919,303.24,true,false,5364
2025-11-27T16:14:54.745188-08:00,read,key_558,2.81,true,false,5284
2025-11-27T16:14:54.442997-08:00,write,key_434,305.74,true,false,5368
2025-11-27T16:14:54.747994-08:00,read,key_56,2.00,true,false,5312
2025-11-27T16:14:54.748734-08:00,read,key_763,4.04,true,false,5285
2025-11-27T16:14:54.752775-08:00,read,key_125,0.42,true,false,4791
2025-11-27T16:14:54.7532-08:00,read,key_524,0.45,true,false,4807
2025-11-27T16:14:54.753648-08:00,read,key_783,1.03,true,false,5297
2025-11-27T16:14:54.530201-08:00,write,key_886,307.05,true,false,5365
2025-11-27T16:14:54.631735-08:00,write,key_436,309.45,true,false,5366
2025-11-27T16:14:54.941187-08:00,read,key_934,3.13,true,false,3938
2025-11-27T16:14:54.639453-08:00,write,key_847,304.95,true,false,5367
2025-11-27T16:14:54.944322-08:00,read,key_377,1.38,true,false,5299
2025-11-27T16:14:54.639341-08:00,write,key_604,307.13,true,false,5367
2025-11-27T16:14:54.737129-08:00,write,key_464,307.06,true,false,5369
2025-11-27T16:14:54.740981-08:00,write,key_579,305.22,true,false,5368
2025-11-27T16:14:55.044191-08:00,read,key_570,2.05,true,false,5285
2025-11-27T16:14:55.046246-08:00,read,key_541,1.30,true,false,5103
2025-11-27T16:14:54.745029-08:00,write,key_809,305.24,true,false,5369
2025-11-27T16:14:54.749999-08:00,write,key_708,305.02,true,false,5369
2025-11-27T16:14:54.745513-08:00,write,key_53,309.59,true,false,5370
2025-11-27T16:14:55.055017-08:00,read,key_135,1.31,true,false,5180
2025-11-27T16:14:55.056331-08:00,read,key_429,4.17,true,false,4920
2025-11-27T16:14:54.754679-08:00,write,key_809,306.25,true,false,5371
2025-11-27T16:14:55.060501-08:00,read,key_802,0.53,true,false,5105
2025-11-27T16:14:54.837259-08:00,write,key_549,310.04,true,false,5369
2025-11-27T16:14:54.94441-08:00,write,key_85,305.10,true,false,5370
2025-11-27T16:14:54.945707-08:00,write,key_842,303.83,true,false,5372
2025-11-27T16:14:55.249514-08:00,read,key_954,0.78,true,false,4488
2025-11-27T16:14:54.946468-08:00,write,key_162,304.16,true,false,5370
2025-11-27T16:14:55.250631-08:00,read,key_297,0.59,true,false,3857
2025-11-27T16:14:55.250293-08:00,read,key_440,0.95,true,false,5022
2025-11-27T16:14:55.046208-08:00,write,key_552,307.43,true,false,5371
2025-11-27T16:14:55.047544-08:00,write,key_475,306.10,true,false,5373
2025-11-27T16:14:55.055107-08:00,write,key_373,303.45,true,false,5371
2025-11-27T16:14:55.050271-08:00,write,key_76,308.81,true,false,5372
2025-11-27T16:14:55.061027-08:00,write,key_71,304.41,true,false,5372
2025-11-27T16:14:55.060927-08:00,write,key_678,304.58,true,false,5372
2025-11-27T16:14:55.365505-08:00,read,key_127,0.64,true,false,5005
2025-11-27T16:14:55.147303-08:00,write,key_165,311.63,true,false,5373
2025-11-27T16:14:55.249537-08:00,write,key_338,309.54,true,false,5374
2025-11-27T16:14:55.251241-08:00,write,key_767,308.41,true,false,5373
2025-11-27T16:14:55.251217-08:00,write,key_949,308.49,true,false,5375
2025-11-27T16:14:55.55909-08:00,read,key_77,5.24,true,false,4831
2025-11-27T16:14:55.55965-08:00,read,key_440,5.14,true,false,5022
2025-11-27T16:14:55.359085-08:00,write,key_658,305.25,true,false,5374
2025-11-27T16:14:55.353646-08:00,write,key_500,310.71,true,false,5376
2025-11-27T16:14:55.35364-08:00,write,key_239,310.75,true,false,5374
2025-11-27T16:14:55.664392-08:00,read,key_162,2.15,true,false,5370
2025-11-27T16:14:55.358559-08:00,write,key_804,308.75,true,false,5377
2025-11-27T16:14:55.666547-08:00,read,key_239,0.80,true,false,5374
2025-11-27T16:14:55.667347-08:00,read,key_746,0.78,true,false,5033
2025-11-27T16:14:55.668127-08:00,read,key_692,0.74,true,false,5324
2025-11-27T16:14:55.365436-08:00,write,key_699,304.25,true,false,5375
2025-11-27T16:14:55.366145-08:00,write,key_907,303.58,true,false,5375
2025-11-27T16:14:55.66887-08:00,read,key_761,1.96,true,false,5231
2025-11-27T16:14:55.669725-08:00,read,key_780,2.80,true,false,5340
2025-11-27T16:14:55.670829-08:00,read,key_365,1.88,true,false,5229
2025-11-27T16:14:55.67253-08:00,read,key_893,1.29,true,false,4927
2025-11-27T16:14:55.673817-08:00,read,key_738,0.87,true,false,5165
2025-11-27T16:14:55.458942-08:00,write,key_810,307.08,true,false,5377
2025-11-27T16:14:55.766023-08:00,read,key_306,1.59,true,false,5049
2025-11-27T16:14:55.56479-08:00,write,key_515,303.30,true,false,5377
2025-11-27T16:14:55.559712-08:00,write,key_759,308.38,true,false,5378
2025-11-27T16:14:55.564332-08:00,write,key_213,303.78,true,false,5376
2025-11-27T16:14:55.868117-08:00,read,key_512,0.99,true,false,5186
2025-11-27T16:14:55.869106-08:00,read,key_373,2.00,true,false,5371
2025-11-27T16:14:55.664335-08:00,write,key_186,304.19,true,false,5379
2025-11-27T16:14:55.664359-08:00,write,key_751,304.24,true,false,5379
2025-11-27T16:14:55.968602-08:00,read,key_227,0.55,true,false,4981
2025-11-27T16:14:55.968532-08:00,read,key_69,0.63,true,false,5234
2025-11-27T16:14:55.969159-08:00,read,key_699,0.51,true,false,5375
2025-11-27T16:14:55.96915-08:00,read,key_128,1.52,true,false,5003
2025-11-27T16:14:55.667306-08:00,write,key_658,303.37,true,false,5378
2025-11-27T16:14:55.970669-08:00,read,key_130,0.46,true,false,5082
2025-11-27T16:14:55.971128-08:00,read,key_448,0.38,true,false,5337
2025-11-27T16:14:55.971504-08:00,read,key_210,0.41,true,false,5279
2025-11-27T16:14:55.971915-08:00,read,key_558,0.30,true,false,5284
2025-11-27T16:14:55.669693-08:00,write,key_550,304.52,true,false,5380
2025-11-27T16:14:55.672714-08:00,write,key_305,303.45,true,false,5378
2025-11-27T16:14:55.674683-08:00,write,key_615,303.29,true,false,5379
2025-11-27T16:14:55.767618-08:00,write,key_915,304.77,true,false,5378
2025-11-27T16:14:55.868094-08:00,write,key_419,306.86,true,false,5380
2025-11-27T16:14:55.868094-08:00,write,key_552,306.92,true,false,5379
2025-11-27T16:14:55.871105-08:00,write,key_785,308.66,true,false,5381
2025-11-27T16:14:56.174956-08:00,read,key_208,4.95,true,false,4651
2025-11-27T16:14:56.179769-08:00,read,key_671,1.36,true,false,5105
2025-11-27T16:14:55.969674-08:00,write,key_611,308.77,true,false,5381
2025-11-27T16:14:55.97222-08:00,write,key_460,306.25,true,false,5382
2025-11-27T16:14:55.970677-08:00,write,key_895,307.81,true,false,5380
2025-11-27T16:14:56.278475-08:00,read,key_373,0.83,true,false,5371
2025-11-27T16:14:55.977978-08:00,write,key_735,302.27,true,false,5382
2025-11-27T16:14:55.974216-08:00,write,key_596,306.06,true,false,5381
2025-11-27T16:14:55.976168-08:00,write,key_945,304.18,true,false,5381
2025-11-27T16:14:56.280278-08:00,read,key_541,1.03,true,false,5103
2025-11-27T16:14:56.072392-08:00,write,key_620,309.41,true,false,5383
2025-11-27T16:14:56.381807-08:00,read,key_622,3.18,true,false,5300
2025-11-27T16:14:56.384992-08:00,read,key_117,1.33,true,false,5214
2025-11-27T16:14:56.38632-08:00,read,key_919,1.24,true,false,5364
2025-11-27T16:14:56.387563-08:00,read,key_780,3.52,true,false,5340
2025-11-27T16:14:56.18113-08:00,write,key_180,303.77,true,false,5383
2025-11-27T16:14:56.175018-08:00,write,key_699,310.33,true,false,5382
2025-11-27T16:14:56.179911-08:00,write,key_744,305.50,true,false,5382
2025-11-27T16:14:56.484904-08:00,read,key_131,1.17,true,false,4554
2025-11-27T16:14:56.485352-08:00,read,key_484,1.07,true,false,4941
2025-11-27T16:14:56.280354-08:00,write,key_755,304.36,true,false,5384
2025-11-27T16:14:56.28025-08:00,write,key_624,305.52,true,false,5385
2025-11-27T16:14:56.278451-08:00,write,key_763,307.37,true,false,5383
2025-11-27T16:14:56.281306-08:00,write,key_867,304.54,true,false,5384
2025-11-27T16:14:56.278487-08:00,write,key_479,307.40,true,false,5383
2025-11-27T16:14:56.279307-08:00,write,key_371,306.86,true,false,5384
2025-11-27T16:14:56.585846-08:00,read,key_272,1.48,true,false,5335
2025-11-27T16:14:56.585771-08:00,read,key_169,1.58,true,false,5224
2025-11-27T16:14:56.586164-08:00,read,key_703,1.19,true,false,5262
2025-11-27T16:14:56.585826-08:00,read,key_945,1.67,true,false,5381
2025-11-27T16:14:56.58733-08:00,read,key_506,1.52,true,false,5325
2025-11-27T16:14:56.587493-08:00,read,key_470,2.45,true,false,4923
2025-11-27T16:14:56.391083-08:00,write,key_154,305.84,true,false,5385
2025-11-27T16:14:56.486077-08:00,write,key_421,315.25,true,false,5384
2025-11-27T16:14:56.485413-08:00,write,key_76,315.91,true,false,5386
2025-11-27T16:14:56.486428-08:00,write,key_474,314.94,true,false,5386
2025-11-27T16:14:56.585884-08:00,write,key_869,306.98,true,false,5386
2025-11-27T16:14:56.584719-08:00,write,key_299,308.16,true,false,5386
2025-11-27T16:14:56.892882-08:00,read,key_460,2.07,true,false,5382
2025-11-27T16:14:56.588846-08:00,write,key_348,314.61,true,false,5387
2025-11-27T16:14:56.589948-08:00,write,key_112,313.64,true,false,5388
2025-11-27T16:14:56.587353-08:00,write,key_315,316.84,true,false,5388
2025-11-27T16:14:56.587349-08:00,write,key_129,317.44,true,false,5387
2025-11-27T16:14:56.903589-08:00,read,key_549,2.01,true,false,5369
2025-11-27T16:14:56.904796-08:00,read,key_68,0.94,true,false,4968
2025-11-27T16:14:56.903461-08:00,read,key_676,2.80,true,false,4652
2025-11-27T16:14:56.904191-08:00,read,key_569,2.08,true,false,2259
2025-11-27T16:14:56.905599-08:00,read,key_736,0.81,true,false,5246
2025-11-27T16:14:56.90574-08:00,read,key_456,0.67,true,false,5334
2025-11-27T16:14:56.906276-08:00,read,key_197,1.21,true,false,5171
2025-11-27T16:14:56.906409-08:00,read,key_555,1.09,true,false,5353
2025-11-27T16:14:56.907489-08:00,read,key_329,0.76,true,false,5234
2025-11-27T16:14:56.90825-08:00,read,key_557,0.63,true,false,5317
2025-11-27T16:14:56.696931-08:00,write,key_868,307.23,true,false,5389
2025-11-27T16:14:56.801335-08:00,write,key_666,304.70,true,false,5387
2025-11-27T16:14:56.801368-08:00,write,key_316,305.66,true,false,5387
2025-11-27T16:14:56.801331-08:00,write,key_708,305.73,true,false,5390
2025-11-27T16:14:57.106052-08:00,read,key_864,2.46,true,false,5209
2025-11-27T16:14:57.107064-08:00,read,key_735,1.74,true,false,5382
2025-11-27T16:14:57.108805-08:00,read,key_444,1.42,true,false,5164
2025-11-27T16:14:57.108518-08:00,read,key_599,1.75,true,false,5330
2025-11-27T16:14:57.110228-08:00,read,key_255,1.43,true,false,5255
2025-11-27T16:14:57.111656-08:00,read,key_183,1.57,true,false,5313
2025-11-27T16:14:57.113232-08:00,read,key_552,0.62,true,false,5379
2025-11-27T16:14:56.892869-08:00,write,key_449,311.53,true,false,5391
2025-11-27T16:14:56.894957-08:00,write,key_751,313.26,true,false,5392
2025-11-27T16:14:57.208224-08:00,read,key_196,1.76,true,false,5137
2025-11-27T16:14:57.204401-08:00,read,key_581,5.63,true,false,5093
2025-11-27T16:14:56.906259-08:00,write,key_241,305.11,true,false,5389
2025-11-27T16:14:56.906414-08:00,write,key_702,305.02,true,false,5393
2025-11-27T16:14:56.907499-08:00,write,key_104,304.00,true,false,5389
2025-11-27T16:14:57.209983-08:00,read,key_618,2.96,true,false,5321
2025-11-27T16:14:56.908884-08:00,write,key_437,307.18,true,false,5394
2025-11-27T16:14:57.212941-08:00,read,key_998,3.19,true,false,4658
2025-11-27T16:14:57.004158-08:00,write,key_418,306.75,true,false,5390
2025-11-27T16:14:57.107033-08:00,write,key_465,306.33,true,false,5391
2025-11-27T16:14:57.110274-08:00,write,key_999,304.19,true,false,5392
2025-11-27T16:14:57.414465-08:00,read,key_187,1.94,true,false,5049
2025-11-27T16:14:57.416406-08:00,read,key_312,2.29,true,false,5356
2025-11-27T16:14:57.113856-08:00,write,key_81,308.98,true,false,5393
2025-11-27T16:14:57.210031-08:00,write,key_993,307.60,true,false,5395
2025-11-27T16:14:57.211502-08:00,write,key_379,306.66,true,false,5395
2025-11-27T16:14:57.216062-08:00,write,key_158,305.78,true,false,5397
2025-11-27T16:14:57.216132-08:00,write,key_969,305.72,true,false,5396
2025-11-27T16:14:57.517643-08:00,read,key_40,5.41,true,false,2269
2025-11-27T16:14:57.21144-08:00,write,key_257,311.62,true,false,5395
2025-11-27T16:14:57.518167-08:00,read,key_513,5.98,true,false,5066
2025-11-27T16:14:57.211374-08:00,write,key_702,314.45,true,false,5396
2025-11-27T16:14:57.523052-08:00,read,key_87,4.52,true,false,5245
2025-11-27T16:14:57.310912-08:00,write,key_66,311.24,true,false,5396
2025-11-27T16:14:57.413383-08:00,write,key_910,315.36,true,false,5398
2025-11-27T16:14:57.42284-08:00,write,key_743,305.91,true,false,5398
2025-11-27T16:14:57.418699-08:00,write,key_440,311.03,true,false,5395
2025-11-27T16:14:57.728747-08:00,read,key_150,3.57,true,false,5363
2025-11-27T16:14:57.732316-08:00,read,key_878,1.18,true,false,5096
2025-11-27T16:14:57.733502-08:00,read,key_113,1.66,true,false,5316
2025-11-27T16:14:57.735166-08:00,read,key_87,1.63,true,false,5245
2025-11-27T16:14:57.736801-08:00,read,key_572,1.22,true,false,5341
2025-11-27T16:14:57.521859-08:00,write,key_980,310.23,true,false,5398
2025-11-27T16:14:57.523066-08:00,write,key_967,309.16,true,false,5398
2025-11-27T16:14:57.521845-08:00,write,key_474,310.90,true,false,5399
2025-11-27T16:14:57.527575-08:00,write,key_80,305.23,true,false,5400
2025-11-27T16:14:57.524144-08:00,write,key_545,309.31,true,false,5399
2025-11-27T16:14:57.525829-08:00,write,key_504,307.89,true,false,5399
2025-11-27T16:14:57.832088-08:00,read,key_822,5.16,false,false,0
2025-11-27T16:14:57.83281-08:00,read,key_441,4.46,true,false,5189
2025-11-27T16:14:57.833453-08:00,read,key_485,3.94,true,false,1511
2025-11-27T16:14:57.837246-08:00,read,key_544,1.83,true,false,5146
2025-11-27T16:14:57.833723-08:00,read,key_169,5.60,true,false,5224
2025-11-27T16:14:57.837398-08:00,read,key_876,2.01,true,false,5333
2025-11-27T16:14:57.832745-08:00,read,key_905,6.74,true,false,5141
2025-11-27T16:14:57.839082-08:00,read,key_154,0.97,true,false,5385
2025-11-27T16:14:57.839482-08:00,read,key_864,0.68,true,false,5209
2025-11-27T16:14:57.622153-08:00,write,key_699,311.76,true,false,5400
2025-11-27T16:14:57.729731-08:00,write,key_976,306.49,true,false,5399
2025-11-27T16:14:57.728747-08:00,write,key_218,307.47,true,false,5401
2025-11-27T16:14:57.738026-08:00,write,key_468,306.66,true,false,5400
2025-11-27T16:14:57.832224-08:00,write,key_732,307.31,true,false,5402
2025-11-27T16:14:57.837269-08:00,write,key_555,304.39,true,false,5401
2025-11-27T16:14:57.840054-08:00,write,key_754,304.07,true,false,5403
2025-11-27T16:14:57.839327-08:00,write,key_558,305.55,true,false,5401
2025-11-27T16:14:57.840159-08:00,write,key_4,304.78,true,false,5402
2025-11-27T16:14:57.839407-08:00,write,key_324,307.10,true,false,5402
2025-11-27T16:14:57.93391-08:00,write,key_698,309.35,true,false,5404
2025-11-27T16:14:58.036223-08:00,write,key_915,318.67,true,false,5405
2025-11-27T16:14:58.044688-08:00,write,key_182,310.27,true,false,5403
2025-11-27T16:14:58.036224-08:00,write,key_502,318.75,true,false,5402
2025-11-27T16:14:58.354955-08:00,read,key_249,0.95,true,false,5116
2025-11-27T16:14:58.355906-08:00,read,key_274,0.40,true,false,5360
2025-11-27T16:14:58.354905-08:00,read,key_88,1.86,true,false,5228
2025-11-27T16:14:58.356308-08:00,read,key_442,1.10,true,false,5299
2025-11-27T16:14:58.35741-08:00,read,key_68,0.54,true,false,4968
2025-11-27T16:14:58.139552-08:00,write,key_364,328.52,true,false,5406
2025-11-27T16:14:58.14651-08:00,write,key_875,321.85,true,false,5408
2025-11-27T16:14:58.141663-08:00,write,key_787,326.78,true,false,5403
2025-11-27T16:14:58.14413-08:00,write,key_168,325.21,true,false,5407
2025-11-27T16:14:58.468079-08:00,read,key_974,1.50,true,false,5121
2025-11-27T16:14:58.14488-08:00,write,key_311,324.79,true,false,5405
2025-11-27T16:14:58.144944-08:00,write,key_953,324.74,true,false,5404
2025-11-27T16:14:58.468362-08:00,read,key_552,1.52,true,false,5379
2025-11-27T16:14:58.469582-08:00,read,key_757,0.63,true,false,5343
2025-11-27T16:14:58.243278-08:00,write,key_697,309.14,true,false,5407
2025-11-27T16:14:58.552417-08:00,read,key_228,1.56,true,true,5328
2025-11-27T16:14:58.553978-08:00,read,key_529,1.93,true,false,5142
2025-11-27T16:14:58.357947-08:00,write,key_2,305.89,true,false,5407
2025-11-27T16:14:58.354976-08:00,write,key_695,308.97,true,false,5406
2025-11-27T16:14:58.356772-08:00,write,key_940,307.20,true,false,5406
2025-11-27T16:14:58.663948-08:00,read,key_162,2.19,true,false,5370
2025-11-27T16:14:58.66397-08:00,read,key_682,2.61,true,false,4851
2025-11-27T16:14:58.666586-08:00,read,key_182,1.17,true,false,5403
2025-11-27T16:14:58.667755-08:00,read,key_453,1.36,true,false,5252
2025-11-27T16:14:58.468441-08:00,write,key_80,306.44,true,false,5409
2025-11-27T16:14:58.469338-08:00,write,key_974,305.58,true,false,5409
2025-11-27T16:14:58.469669-08:00,write,key_276,305.26,true,false,5410
2025-11-27T16:14:58.469681-08:00,write,key_816,305.35,true,false,5409
2025-11-27T16:14:58.469887-08:00,write,key_547,305.15,true,false,5410
2025-11-27T16:14:58.470209-08:00,write,key_738,304.92,true,false,5409
2025-11-27T16:14:58.775032-08:00,read,key_907,2.16,true,false,5375
2025-11-27T16:14:58.774885-08:00,read,key_452,2.39,true,false,5188
2025-11-27T16:14:58.775129-08:00,read,key_703,2.74,true,false,5262
2025-11-27T16:14:58.777273-08:00,read,key_45,3.63,true,false,5329
2025-11-27T16:14:58.780901-08:00,read,key_185,5.79,true,false,5187
2025-11-27T16:14:58.786698-08:00,read,key_83,0.97,true,false,4987
2025-11-27T16:14:58.555909-08:00,write,key_154,312.91,true,false,5410
2025-11-27T16:14:58.663844-08:00,write,key_618,305.81,true,false,5411
2025-11-27T16:14:58.666137-08:00,write,key_669,305.06,true,false,5411
2025-11-27T16:14:58.969678-08:00,read,key_489,2.32,true,false,4235
2025-11-27T16:14:58.971198-08:00,read,key_576,2.15,true,false,5359
2025-11-27T16:14:58.972003-08:00,read,key_45,1.48,true,false,5329
2025-11-27T16:14:58.669115-08:00,write,key_189,304.41,true,false,5409
2025-11-27T16:14:58.973487-08:00,read,key_913,1.30,true,false,5327
2025-11-27T16:14:58.973348-08:00,read,key_892,1.50,true,false,4668
2025-11-27T16:14:58.97353-08:00,read,key_115,1.36,true,false,4355
2025-11-27T16:14:58.974844-08:00,read,key_686,4.34,true,false,5278
2025-11-27T16:14:58.775041-08:00,write,key_559,306.32,true,false,5412
2025-11-27T16:14:58.774926-08:00,write,key_668,306.54,true,false,5413
2025-11-27T16:14:58.774924-08:00,write,key_211,306.75,true,false,5412
2025-11-27T16:14:58.777867-08:00,write,key_937,306.30,true,false,5412
2025-11-27T16:14:58.777191-08:00,write,key_84,307.04,true,false,5411
2025-11-27T16:14:59.084165-08:00,read,key_725,1.32,true,false,5147
2025-11-27T16:14:59.085482-08:00,read,key_151,0.64,true,false,5296
2025-11-27T16:14:59.086122-08:00,read,key_50,0.53,true,false,4470
2025-11-27T16:14:58.787674-08:00,write,key_340,303.45,true,false,5412
2025-11-27T16:14:59.091125-08:00,read,key_973,0.71,true,false,5282
2025-11-27T16:14:59.09184-08:00,read,key_115,0.59,true,false,4355
2025-11-27T16:14:58.868827-08:00,write,key_154,309.13,true,false,5411
2025-11-27T16:14:59.177957-08:00,read,key_756,1.97,true,false,5258
2025-11-27T16:14:58.974891-08:00,write,key_459,315.03,true,false,5413
2025-11-27T16:14:58.974794-08:00,write,key_967,315.17,true,false,5414
2025-11-27T16:14:58.97919-08:00,write,key_278,311.14,true,false,5414
2025-11-27T16:14:59.08147-08:00,write,key_861,308.24,true,false,5415
2025-11-27T16:14:59.084228-08:00,write,key_411,305.58,true,false,5415
2025-11-27T16:14:59.081677-08:00,write,key_420,308.17,true,false,5415
2025-11-27T16:14:59.081368-08:00,write,key_870,311.14,true,false,5414
2025-11-27T16:14:59.086652-08:00,write,key_554,305.95,true,false,5416
2025-11-27T16:14:59.392515-08:00,read,key_361,4.04,true,false,5350
2025-11-27T16:14:59.092429-08:00,write,key_152,304.48,true,false,5415
2025-11-27T16:14:59.389815-08:00,read,key_994,7.17,true,false,5155
2025-11-27T16:14:59.179929-08:00,write,key_965,313.03,true,false,5417
2025-11-27T16:14:59.49296-08:00,read,key_548,0.64,true,false,5135
2025-11-27T16:14:59.493598-08:00,read,key_891,0.63,true,false,5163
2025-11-27T16:14:59.494232-08:00,read,key_446,0.71,true,false,5154
2025-11-27T16:14:59.289964-08:00,write,key_166,306.03,true,false,5417
2025-11-27T16:14:59.290334-08:00,write,key_818,305.68,true,false,5418
2025-11-27T16:14:59.289929-08:00,write,key_554,306.09,true,false,5416
2025-11-27T16:14:59.596018-08:00,read,key_326,1.65,true,false,5149
2025-11-27T16:14:59.595994-08:00,read,key_885,1.69,true,false,4604
2025-11-27T16:14:59.596019-08:00,read,key_74,6.28,true,false,5178
2025-11-27T16:14:59.597681-08:00,read,key_679,7.14,true,false,5260
2025-11-27T16:14:59.604825-08:00,read,key_880,0.65,true,false,4888
2025-11-27T16:14:59.605474-08:00,read,key_576,0.47,true,false,5359
2025-11-27T16:14:59.389712-08:00,write,key_374,312.22,true,false,5418
2025-11-27T16:14:59.392601-08:00,write,key_123,309.37,true,false,5418
2025-11-27T16:14:59.389848-08:00,write,key_948,312.25,true,false,5417
2025-11-27T16:14:59.701937-08:00,read,key_6,1.87,true,false,5328
2025-11-27T16:14:59.702104-08:00,read,key_508,1.79,true,false,4531
2025-11-27T16:14:59.70389-08:00,read,key_457,1.53,true,false,4864
2025-11-27T16:14:59.396559-08:00,write,key_222,310.63,true,false,5419
2025-11-27T16:14:59.396984-08:00,write,key_747,310.44,true,false,5421
2025-11-27T16:14:59.396913-08:00,write,key_559,311.38,true,false,5420
2025-11-27T16:14:59.705424-08:00,read,key_451,3.63,true,false,5358
2025-11-27T16:14:59.708293-08:00,read,key_150,1.91,true,false,5363
2025-11-27T16:14:59.707424-08:00,read,key_5,2.82,true,false,5244
2025-11-27T16:14:59.707196-08:00,read,key_809,3.06,true,false,5371
2025-11-27T16:14:59.709054-08:00,read,key_373,1.68,true,false,5371
2025-11-27T16:14:59.710241-08:00,read,key_690,1.26,true,false,4975
2025-11-27T16:14:59.7115-08:00,read,key_348,2.57,true,false,5387
2025-11-27T16:14:59.714075-08:00,read,key_738,0.87,true,false,5409
2025-11-27T16:14:59.714942-08:00,read,key_492,0.73,true,false,4939
2025-11-27T16:14:59.715669-08:00,read,key_297,2.36,true,false,3857
2025-11-27T16:14:59.718029-08:00,read,key_476,0.62,true,false,5352
2025-11-27T16:14:59.718648-08:00,read,key_439,0.53,true,false,4717
2025-11-27T16:14:59.494946-08:00,write,key_169,312.07,true,false,5419
2025-11-27T16:14:59.807015-08:00,read,key_302,1.64,true,false,3212
2025-11-27T16:14:59.808654-08:00,read,key_551,1.03,true,false,5237
2025-11-27T16:14:59.602296-08:00,write,key_747,306.47,true,false,5420
2025-11-27T16:14:59.597666-08:00,write,key_500,311.12,true,false,5421
2025-11-27T16:14:59.908792-08:00,read,key_995,1.92,true,false,4573
2025-11-27T16:14:59.908766-08:00,read,key_733,1.99,true,false,5298
2025-11-27T16:14:59.605944-08:00,write,key_74,304.85,true,false,5422
2025-11-27T16:14:59.910716-08:00,read,key_945,1.67,true,false,5381
2025-11-27T16:14:59.910755-08:00,read,key_980,1.68,true,false,5398
2025-11-27T16:14:59.912435-08:00,read,key_947,3.16,true,false,5336
2025-11-27T16:14:59.703811-08:00,write,key_43,306.69,true,false,5421
2025-11-27T16:14:59.701972-08:00,write,key_923,308.55,true,false,5422
2025-11-27T16:14:59.710252-08:00,write,key_947,302.13,true,false,5422
2025-11-27T16:14:59.710202-08:00,write,key_199,302.19,true,false,5423
2025-11-27T16:15:00.012387-08:00,read,key_313,0.73,true,false,5351
2025-11-27T16:15:00.012393-08:00,read,key_457,0.78,true,false,4864
2025-11-27T16:14:59.710736-08:00,write,key_739,303.90,true,false,5423
2025-11-27T16:15:00.014639-08:00,read,key_727,1.59,true,false,5141
2025-11-27T16:14:59.719178-08:00,write,key_896,302.98,true,false,5424
2025-11-27T16:14:59.809683-08:00,write,key_447,305.92,true,false,5424
2025-11-27T16:15:00.115606-08:00,read,key_564,1.30,true,false,4921
2025-11-27T16:15:00.116908-08:00,read,key_164,1.29,true,false,5354
2025-11-27T16:14:59.910796-08:00,write,key_72,320.26,true,false,5425
2025-11-27T16:14:59.912392-08:00,write,key_86,318.69,true,false,5425
2025-11-27T16:14:59.915598-08:00,write,key_166,315.59,true,false,5423
2025-11-27T16:15:00.231119-08:00,read,key_553,1.03,true,false,5285
2025-11-27T16:15:00.013115-08:00,write,key_800,320.50,true,false,5424
2025-11-27T16:15:00.013174-08:00,write,key_473,320.77,true,false,5425
2025-11-27T16:15:00.016228-08:00,write,key_894,317.81,true,false,5426
2025-11-27T16:15:00.010522-08:00,write,key_326,323.68,true,false,5425
2025-11-27T16:15:00.022163-08:00,write,key_348,312.30,true,false,5427
2025-11-27T16:15:00.0105-08:00,write,key_8,324.43,true,false,5424
2025-11-27T16:15:00.334035-08:00,read,key_572,3.78,true,false,5341
2025-11-27T16:15:00.333951-08:00,read,key_963,3.93,true,false,4970
2025-11-27T16:15:00.334206-08:00,read,key_768,3.70,true,false,5361
2025-11-27T16:15:00.337882-08:00,read,key_801,1.03,true,false,5185
2025-11-27T16:15:00.33791-08:00,read,key_122,1.03,true,false,5361
2025-11-27T16:15:00.337817-08:00,read,key_9,1.26,true,false,5291
2025-11-27T16:15:00.338909-08:00,read,key_46,1.42,true,false,5326
2025-11-27T16:15:00.118203-08:00,write,key_158,312.50,true,false,5426
2025-11-27T16:15:00.232151-08:00,write,key_30,306.48,true,false,5428
2025-11-27T16:15:00.231185-08:00,write,key_555,307.50,true,false,5427
2025-11-27T16:15:00.231085-08:00,write,key_110,307.77,true,false,5428
2025-11-27T16:15:00.53886-08:00,read,key_701,3.64,true,false,5272
2025-11-27T16:15:00.538636-08:00,read,key_804,3.92,true,false,5377
2025-11-27T16:15:00.542553-08:00,read,key_899,3.37,true,false,5219
2025-11-27T16:15:00.542502-08:00,read,key_948,3.47,true,false,5417
2025-11-27T16:15:00.545926-08:00,read,key_516,1.30,true,false,4974
2025-11-27T16:15:00.547229-08:00,read,key_150,0.62,true,false,5363
2025-11-27T16:15:00.333623-08:00,write,key_801,308.53,true,false,5428
2025-11-27T16:15:00.334463-08:00,write,key_675,307.74,true,false,5429
2025-11-27T16:15:00.339082-08:00,write,key_950,306.82,true,false,5429
2025-11-27T16:15:00.64216-08:00,read,key_184,6.10,true,false,4869
2025-11-27T16:15:00.340327-08:00,write,key_164,308.00,true,false,5428
2025-11-27T16:15:00.338945-08:00,write,key_780,309.40,true,false,5429
2025-11-27T16:15:00.334934-08:00,write,key_123,313.92,true,false,5430
2025-11-27T16:15:00.648334-08:00,read,key_728,0.98,true,false,4852
2025-11-27T16:15:00.64886-08:00,read,key_329,0.54,true,false,5234
2025-11-27T16:15:00.649319-08:00,read,key_448,0.42,true,false,5337
2025-11-27T16:15:00.649401-08:00,read,key_442,2.21,true,false,5299
2025-11-27T16:15:00.430711-08:00,write,key_79,311.56,true,false,5431
2025-11-27T16:15:00.742273-08:00,read,key_128,2.39,true,false,5003
2025-11-27T16:15:00.547848-08:00,write,key_447,305.45,true,false,5433
2025-11-27T16:15:00.538692-08:00,write,key_316,315.65,true,false,5432
2025-11-27T16:15:00.545968-08:00,write,key_473,308.43,true,false,5432
2025-11-27T16:15:00.853312-08:00,read,key_999,1.90,true,false,5392
2025-11-27T16:15:00.854396-08:00,read,key_307,1.47,true,false,2010
2025-11-27T16:15:00.854345-08:00,read,key_883,1.56,true,false,4986
2025-11-27T16:15:00.855218-08:00,read,key_477,1.92,true,false,5305
2025-11-27T16:15:00.855864-08:00,read,key_154,1.34,true,false,5411
2025-11-27T16:15:00.857134-08:00,read,key_46,1.45,true,false,5326
2025-11-27T16:15:00.857204-08:00,read,key_316,2.19,true,false,5432
2025-11-27T16:15:00.64974-08:00,write,key_416,306.01,true,false,5435
2025-11-27T16:15:00.651613-08:00,write,key_304,304.21,true,false,5434
2025-11-27T16:15:00.648341-08:00,write,key_779,307.52,true,false,5433
2025-11-27T16:15:00.645904-08:00,write,key_502,310.01,true,false,5431
2025-11-27T16:15:00.648264-08:00,write,key_197,307.68,true,false,5431
2025-11-27T16:15:00.642203-08:00,write,key_691,314.20,true,false,5434
2025-11-27T16:15:00.955948-08:00,read,key_753,3.63,true,false,5258
2025-11-27T16:15:00.955921-08:00,read,key_197,3.77,true,false,5431
2025-11-27T16:15:00.959697-08:00,read,key_823,3.51,true,false,5030
2025-11-27T16:15:00.959578-08:00,read,key_376,3.66,true,false,5238
2025-11-27T16:15:00.963236-08:00,read,key_378,1.14,true,false,5297
2025-11-27T16:15:00.963206-08:00,read,key_438,1.22,true,false,4528
2025-11-27T16:15:00.964431-08:00,read,key_227,1.27,true,false,4981
2025-11-27T16:15:00.744661-08:00,write,key_732,310.48,true,false,5432
2025-11-27T16:15:01.055139-08:00,read,key_89,1.18,true,false,5100
2025-11-27T16:15:00.859394-08:00,write,key_610,303.33,true,false,5436
2025-11-27T16:15:00.858589-08:00,write,key_733,304.15,true,false,5434
2025-11-27T16:15:00.855909-08:00,write,key_319,306.83,true,false,5434
2025-11-27T16:15:01.162728-08:00,read,key_313,1.14,true,false,5351
2025-11-27T16:15:01.162745-08:00,read,key_350,1.16,true,false,3913
2025-11-27T16:15:01.163873-08:00,read,key_461,1.38,true,false,5149
2025-11-27T16:15:00.955824-08:00,write,key_109,308.55,true,false,5437
2025-11-27T16:15:00.955752-08:00,write,key_0,311.95,true,false,5436
2025-11-27T16:15:00.955864-08:00,write,key_958,311.85,true,false,5437
2025-11-27T16:15:00.956403-08:00,write,key_320,312.08,true,false,5436
2025-11-27T16:15:01.267714-08:00,read,key_103,4.54,true,false,5331
2025-11-27T16:15:00.964381-08:00,write,key_501,308.02,true,false,5438
2025-11-27T16:15:00.965704-08:00,write,key_119,306.79,true,false,5437
2025-11-27T16:15:01.268483-08:00,read,key_697,4.18,true,false,5407
2025-11-27T16:15:01.264397-08:00,read,key_295,8.28,true,false,4794
2025-11-27T16:15:01.267706-08:00,read,key_419,5.01,true,false,5380
2025-11-27T16:15:01.272404-08:00,read,key_191,0.74,true,false,5230
2025-11-27T16:15:01.272676-08:00,read,key_666,0.76,true,false,5387
2025-11-27T16:15:01.273438-08:00,read,key_586,0.69,true,false,4908
2025-11-27T16:15:01.056325-08:00,write,key_786,313.15,true,false,5437
2025-11-27T16:15:01.369482-08:00,read,key_818,4.51,true,false,5418
2025-11-27T16:15:01.165254-08:00,write,key_113,305.99,true,false,5439
2025-11-27T16:15:01.162742-08:00,write,key_668,308.63,true,false,5438
2025-11-27T16:15:01.163905-08:00,write,key_663,307.66,true,false,5438
2025-11-27T16:15:01.471373-08:00,read,key_672,2.57,true,false,4808
2025-11-27T16:15:01.473941-08:00,read,key_755,4.27,true,false,5384
2025-11-27T16:15:01.273146-08:00,write,key_372,306.55,true,false,5439
2025-11-27T16:15:01.274129-08:00,write,key_785,307.27,true,false,5441
2025-11-27T16:15:01.272719-08:00,write,key_892,308.78,true,false,5440
2025-11-27T16:15:01.272499-08:00,write,key_697,309.12,true,false,5439
2025-11-27T16:15:01.27226-08:00,write,key_781,309.40,true,false,5440
2025-11-27T16:15:01.272659-08:00,write,key_328,309.06,true,false,5440
2025-11-27T16:15:01.579727-08:00,read,key_152,4.16,true,false,5415
2025-11-27T16:15:01.581499-08:00,read,key_706,3.68,true,false,5269
2025-11-27T16:15:01.585182-08:00,read,key_893,1.35,true,false,4927
2025-11-27T16:15:01.581618-08:00,read,key_89,4.94,true,false,5100
2025-11-27T16:15:01.58653-08:00,read,key_921,2.26,true,false,5021
2025-11-27T16:15:01.586554-08:00,read,key_432,2.25,true,false,4695
2025-11-27T16:15:01.588789-08:00,read,key_324,1.68,true,false,5402
2025-11-27T16:15:01.588808-08:00,read,key_784,1.70,true,false,5179
2025-11-27T16:15:01.59051-08:00,read,key_88,1.25,true,false,5228
2025-11-27T16:15:01.591762-08:00,read,key_860,0.58,true,false,5198
2025-11-27T16:15:01.592341-08:00,read,key_577,1.31,true,false,5257
2025-11-27T16:15:01.593648-08:00,read,key_59,0.99,true,false,4777
2025-11-27T16:15:01.594641-08:00,read,key_93,0.67,true,false,4336
2025-11-27T16:15:01.373999-08:00,write,key_127,306.34,true,false,5440
2025-11-27T16:15:01.471566-08:00,write,key_40,308.16,true,false,5442
2025-11-27T16:15:01.471252-08:00,write,key_907,308.54,true,false,5441
2025-11-27T16:15:01.478208-08:00,write,key_439,306.96,true,false,5441
2025-11-27T16:15:01.785173-08:00,read,key_866,1.58,true,false,4889
2025-11-27T16:15:01.595308-08:00,write,key_809,304.84,true,false,5442
2025-11-27T16:15:01.581398-08:00,write,key_184,318.76,true,false,5442
2025-11-27T16:15:01.590468-08:00,write,key_660,309.70,true,false,5445
2025-11-27T16:15:01.581665-08:00,write,key_942,318.54,true,false,5443
2025-11-27T16:15:01.58389-08:00,write,key_305,316.32,true,false,5443
2025-11-27T16:15:01.581721-08:00,write,key_100,318.56,true,false,5444
2025-11-27T16:15:01.90016-08:00,read,key_783,0.60,true,false,5297
2025-11-27T16:15:01.90021-08:00,read,key_436,0.68,true,false,5366
2025-11-27T16:15:01.900152-08:00,read,key_691,0.75,true,false,5434
2025-11-27T16:15:01.900171-08:00,read,key_191,1.23,true,false,5230
2025-11-27T16:15:01.900901-08:00,read,key_349,0.61,true,false,5280
2025-11-27T16:15:01.901508-08:00,read,key_129,0.70,true,false,5387
2025-11-27T16:15:01.901404-08:00,read,key_462,0.82,true,false,5239
2025-11-27T16:15:01.900891-08:00,read,key_46,1.46,true,false,5326
2025-11-27T16:15:01.680341-08:00,write,key_155,310.25,true,false,5443
2025-11-27T16:15:01.990595-08:00,read,key_448,1.35,true,false,5337
2025-11-27T16:15:01.779795-08:00,write,key_178,311.86,true,false,5446
2025-11-27T16:15:01.779726-08:00,write,key_662,312.00,true,false,5444
2025-11-27T16:15:01.78675-08:00,write,key_749,304.98,true,false,5444
2025-11-27T16:15:02.091724-08:00,read,key_85,3.48,true,false,5370
2025-11-27T16:15:02.091653-08:00,read,key_810,3.60,true,false,5377
2025-11-27T16:15:02.095254-08:00,read,key_590,1.25,true,false,5361
2025-11-27T16:15:02.095206-08:00,read,key_302,1.39,true,false,3212
2025-11-27T16:15:02.091729-08:00,read,key_470,6.27,true,false,4923
2025-11-27T16:15:02.096596-08:00,read,key_348,1.69,true,false,5427
2025-11-27T16:15:02.097998-08:00,read,key_75,0.95,true,false,5343
2025-11-27T16:15:02.098952-08:00,read,key_556,0.89,true,false,5341
2025-11-27T16:15:02.099844-08:00,read,key_444,0.96,true,false,5164
2025-11-27T16:15:02.100804-08:00,read,key_4,1.89,true,false,5402
2025-11-27T16:15:01.902347-08:00,write,key_769,304.04,true,false,5446
2025-11-27T16:15:01.900759-08:00,write,key_281,305.68,true,false,5447
2025-11-27T16:15:01.902208-08:00,write,key_482,304.32,true,false,5446
2025-11-27T16:15:01.900202-08:00,write,key_279,306.47,true,false,5446
2025-11-27T16:15:01.902227-08:00,write,key_764,305.33,true,false,5448
2025-11-27T16:15:01.900287-08:00,write,key_82,307.31,true,false,5447
2025-11-27T16:15:02.206438-08:00,read,key_808,2.78,true,false,5267
2025-11-27T16:15:02.206677-08:00,read,key_109,2.66,true,false,5437
2025-11-27T16:15:02.209336-08:00,read,key_672,1.22,true,false,4808
2025-11-27T16:15:02.209217-08:00,read,key_390,1.51,true,false,4805
2025-11-27T16:15:02.207602-08:00,read,key_426,3.92,true,false,5290
2025-11-27T16:15:02.211527-08:00,read,key_935,0.64,true,false,5318
2025-11-27T16:15:01.991951-08:00,write,key_347,311.61,true,false,5447
2025-11-27T16:15:02.096508-08:00,write,key_791,307.64,true,false,5447
2025-11-27T16:15:02.098287-08:00,write,key_911,308.32,true,false,5448
2025-11-27T16:15:02.102701-08:00,write,key_152,305.64,true,false,5449
2025-11-27T16:15:02.40661-08:00,read,key_671,5.72,true,false,5105
2025-11-27T16:15:02.206528-08:00,write,key_996,306.32,true,false,5449
2025-11-27T16:15:02.20639-08:00,write,key_230,306.48,true,false,5449
2025-11-27T16:15:02.210727-08:00,write,key_946,304.93,true,false,5449
2025-11-27T16:15:02.210556-08:00,write,key_403,305.31,true,false,5450
2025-11-27T16:15:02.512867-08:00,read,key_706,3.07,true,false,5269
2025-11-27T16:15:02.207557-08:00,write,key_414,308.45,true,false,5450
2025-11-27T16:15:02.212164-08:00,write,key_47,305.14,true,false,5451
2025-11-27T16:15:02.515935-08:00,read,key_341,3.82,true,false,5354
2025-11-27T16:15:02.512851-08:00,read,key_683,6.99,true,false,5150
2025-11-27T16:15:02.517311-08:00,read,key_450,2.57,true,false,5276
2025-11-27T16:15:02.515662-08:00,read,key_677,4.26,true,false,5268
2025-11-27T16:15:02.519884-08:00,read,key_974,1.25,true,false,5409
2025-11-27T16:15:02.519761-08:00,read,key_547,1.40,true,false,5410
2025-11-27T16:15:02.521135-08:00,read,key_431,0.56,true,false,4653
2025-11-27T16:15:02.521158-08:00,read,key_941,0.54,true,false,5296
2025-11-27T16:15:02.303561-08:00,write,key_863,308.05,true,false,5450
2025-11-27T16:15:02.404167-08:00,write,key_917,308.79,true,false,5450
2025-11-27T16:15:02.408341-08:00,write,key_916,305.54,true,false,5451
2025-11-27T16:15:02.713885-08:00,read,key_475,2.87,true,false,5373
2025-11-27T16:15:02.712967-08:00,read,key_549,5.20,true,false,5369
2025-11-27T16:15:02.41233-08:00,write,key_313,305.99,true,false,5450
2025-11-27T16:15:02.718324-08:00,read,key_625,2.16,true,false,5202
2025-11-27T16:15:02.71676-08:00,read,key_373,3.77,true,false,5371
2025-11-27T16:15:02.718169-08:00,read,key_226,2.46,true,false,1746
2025-11-27T16:15:02.720631-08:00,read,key_72,1.49,true,false,5425
2025-11-27T16:15:02.720488-08:00,read,key_425,1.73,true,false,5329
2025-11-27T16:15:02.722118-08:00,read,key_423,0.58,true,false,4908
2025-11-27T16:15:02.722217-08:00,read,key_349,0.62,true,false,5280
2025-11-27T16:15:02.515874-08:00,write,key_615,306.41,true,false,5452
2025-11-27T16:15:02.516009-08:00,write,key_613,306.52,true,false,5452
2025-11-27T16:15:02.822284-08:00,read,key_762,3.48,true,false,5298
2025-11-27T16:15:02.519837-08:00,write,key_454,307.17,true,false,5453
2025-11-27T16:15:02.521699-08:00,write,key_554,305.41,true,false,5453
2025-11-27T16:15:02.519919-08:00,write,key_793,307.31,true,false,5452
2025-11-27T16:15:02.822528-08:00,read,key_461,4.66,true,false,5149
2025-11-27T16:15:02.521693-08:00,write,key_804,306.73,true,false,5453
2025-11-27T16:15:02.827299-08:00,read,key_572,3.75,true,false,5341
2025-11-27T16:15:02.827265-08:00,read,key_71,3.92,true,false,5372
2025-11-27T16:15:02.827324-08:00,read,key_211,3.89,true,false,5412
2025-11-27T16:15:02.828429-08:00,read,key_302,2.87,true,false,3212
2025-11-27T16:15:02.831216-08:00,read,key_372,0.42,true,false,5439
2025-11-27T16:15:02.831052-08:00,read,key_36,0.73,true,false,3361
2025-11-27T16:15:02.611615-08:00,write,key_154,315.04,true,false,5454
2025-11-27T16:15:02.722721-08:00,write,key_911,310.33,true,false,5452
2025-11-27T16:15:02.720535-08:00,write,key_156,312.70,true,false,5452
2025-11-27T16:15:02.722834-08:00,write,key_899,311.19,true,false,5454
2025-11-27T16:15:03.033242-08:00,read,key_2,4.83,true,false,5407
2025-11-27T16:15:03.033053-08:00,read,key_84,5.05,true,false,5411
2025-11-27T16:15:03.03807-08:00,read,key_369,2.06,true,false,5311
2025-11-27T16:15:03.040134-08:00,read,key_377,1.41,true,false,5299
2025-11-27T16:15:03.041544-08:00,read,key_933,0.66,true,false,5100
2025-11-27T16:15:02.827398-08:00,write,key_791,308.10,true,false,5454
2025-11-27T16:15:02.82577-08:00,write,key_246,309.75,true,false,5455
2025-11-27T16:15:02.831638-08:00,write,key_275,310.17,true,false,5456
2025-11-27T16:15:02.8313-08:00,write,key_511,310.52,true,false,5454
2025-11-27T16:15:02.831782-08:00,write,key_759,310.17,true,false,5455
2025-11-27T16:15:02.83119-08:00,write,key_455,311.04,true,false,5455
2025-11-27T16:15:03.141959-08:00,read,key_937,2.19,true,false,5412
2025-11-27T16:15:03.135518-08:00,read,key_360,8.67,true,false,5316
2025-11-27T16:15:03.135501-08:00,read,key_520,8.71,true,false,2489
2025-11-27T16:15:03.144209-08:00,read,key_278,0.97,true,false,5414
2025-11-27T16:15:03.144192-08:00,read,key_446,2.44,true,false,5154
2025-11-27T16:15:03.146637-08:00,read,key_932,1.59,true,false,3239
2025-11-27T16:15:03.148227-08:00,read,key_702,1.04,true,false,5396
2025-11-27T16:15:03.149272-08:00,read,key_49,0.69,true,false,5350
2025-11-27T16:15:03.149959-08:00,read,key_219,0.80,true,false,5240
2025-11-27T16:15:03.150764-08:00,read,key_277,0.67,true,false,4734
2025-11-27T16:15:03.151439-08:00,read,key_675,0.51,true,false,5429
2025-11-27T16:15:03.151952-08:00,read,key_819,0.47,true,false,5281
2025-11-27T16:15:02.926654-08:00,write,key_976,313.80,true,false,5456
2025-11-27T16:15:03.240453-08:00,read,key_751,2.30,true,false,5392
2025-11-27T16:15:03.038104-08:00,write,key_275,310.87,true,false,5455
2025-11-27T16:15:03.042201-08:00,write,key_119,306.88,true,false,5457
2025-11-27T16:15:03.034028-08:00,write,key_54,315.11,true,false,5456
2025-11-27T16:15:03.348977-08:00,read,key_224,1.91,true,false,5205
2025-11-27T16:15:03.350892-08:00,read,key_695,1.21,true,false,5406
2025-11-27T16:15:03.141807-08:00,write,key_728,306.83,true,false,5458
2025-11-27T16:15:03.142235-08:00,write,key_298,307.50,true,false,5457
2025-11-27T16:15:03.141827-08:00,write,key_617,307.99,true,false,5458
2025-11-27T16:15:03.145185-08:00,write,key_340,306.97,true,false,5459
2025-11-27T16:15:03.144152-08:00,write,key_48,308.05,true,false,5458
2025-11-27T16:15:03.449817-08:00,read,key_797,2.82,true,false,1406
2025-11-27T16:15:03.152421-08:00,write,key_150,303.66,true,false,5457
2025-11-27T16:15:03.452154-08:00,read,key_878,4.87,true,false,5096
2025-11-27T16:15:03.452639-08:00,read,key_618,4.62,true,false,5411
2025-11-27T16:15:03.242756-08:00,write,key_766,310.34,true,false,5457
2025-11-27T16:15:03.553103-08:00,read,key_83,2.70,true,false,4987
2025-11-27T16:15:03.555805-08:00,read,key_812,1.23,true,false,5079
2025-11-27T16:15:03.349138-08:00,write,key_302,306.52,true,false,5460
2025-11-27T16:15:03.349084-08:00,write,key_460,306.60,true,false,5458
2025-11-27T16:15:03.655662-08:00,read,key_384,9.50,true,false,4789
2025-11-27T16:15:03.352099-08:00,write,key_155,313.06,true,false,5460
2025-11-27T16:15:03.448642-08:00,write,key_742,307.03,true,false,5459
2025-11-27T16:15:03.755675-08:00,read,key_894,2.20,true,false,5464
2025-11-27T16:15:03.457262-08:00,write,key_173,308.32,true,false,5460
2025-11-27T16:15:03.457024-08:00,write,key_428,308.60,true,false,5462
2025-11-27T16:15:03.452204-08:00,write,key_819,313.47,true,false,5462
2025-11-27T16:15:03.449738-08:00,write,key_702,315.95,true,false,5461
2025-11-27T16:15:03.456084-08:00,write,key_279,309.66,true,false,5461
2025-11-27T16:15:03.765626-08:00,read,key_5,0.73,true,false,5244
2025-11-27T16:15:03.765674-08:00,read,key_115,0.68,true,false,4355
2025-11-27T16:15:03.766352-08:00,read,key_612,0.51,true,false,4858
2025-11-27T16:15:03.766865-08:00,read,key_667,0.53,true,false,5312
2025-11-27T16:15:03.767397-08:00,read,key_86,0.78,true,false,5425
2025-11-27T16:15:03.768178-08:00,read,key_674,0.70,true,false,5000
2025-11-27T16:15:03.768878-08:00,read,key_870,0.57,true,false,5414
2025-11-27T16:15:03.769449-08:00,read,key_195,0.50,true,false,5079
2025-11-27T16:15:03.769951-08:00,read,key_935,0.49,true,false,5318
2025-11-27T16:15:03.557038-08:00,write,key_693,307.60,true,false,5460
2025-11-27T16:15:03.665174-08:00,write,key_894,305.55,true,false,5464
2025-11-27T16:15:03.665164-08:00,write,key_124,305.60,true,false,5461
2025-11-27T16:15:03.655687-08:00,write,key_667,315.17,true,false,5463
2025-11-27T16:15:03.970724-08:00,read,key_460,2.33,true,false,5458
2025-11-27T16:15:03.765583-08:00,write,key_557,306.38,true,false,5463
2025-11-27T16:15:03.757877-08:00,write,key_291,314.18,true,false,5465
2025-11-27T16:15:03.765692-08:00,write,key_927,306.77,true,false,5465
2025-11-27T16:15:03.766359-08:00,write,key_441,307.29,true,false,5466
2025-11-27T16:15:03.765744-08:00,write,key_298,307.91,true,false,5466
2025-11-27T16:15:03.770438-08:00,write,key_240,304.06,true,false,5463
2025-11-27T16:15:03.86464-08:00,write,key_191,312.04,true,false,5464
2025-11-27T16:15:03.973061-08:00,write,key_667,303.21,true,false,5466
2025-11-27T16:15:03.970767-08:00,write,key_112,305.54,true,false,5465
2025-11-27T16:15:03.970859-08:00,write,key_182,305.49,true,false,5465
