timestamp,type,key,latency_ms,success,is_stale,version
2025-11-27T17:12:58.392844-08:00,read,key_583,4.42,false,false,0
2025-11-27T17:12:58.403559-08:00,read,key_581,2.23,false,false,0
2025-11-27T17:12:58.414577-08:00,read,key_199,0.89,false,false,0
2025-11-27T17:12:58.425624-08:00,read,key_588,2.79,false,false,0
2025-11-27T17:12:58.436546-08:00,read,key_589,2.61,false,false,0
2025-11-27T17:12:58.44756-08:00,read,key_581,1.13,false,false,0
2025-11-27T17:12:58.458586-08:00,read,key_193,1.47,false,false,0
2025-11-27T17:12:58.469625-08:00,read,key_191,3.43,false,false,0
2025-11-27T17:12:58.480476-08:00,read,key_585,0.97,false,false,0
2025-11-27T17:12:58.491539-08:00,read,key_190,1.53,false,false,0
2025-11-27T17:12:58.502599-08:00,read,key_585,1.99,false,false,0
2025-11-27T17:12:58.513643-08:00,read,key_192,1.15,false,false,0
2025-11-27T17:12:58.524711-08:00,read,key_198,1.34,false,false,0
2025-11-27T17:12:58.535802-08:00,read,key_194,3.00,false,false,0
2025-11-27T17:12:58.54707-08:00,read,key_586,1.25,false,false,0
2025-11-27T17:12:58.558188-08:00,read,key_583,1.83,false,false,0
2025-11-27T17:12:58.568429-08:00,read,key_607,1.57,false,false,0
2025-11-27T17:12:58.578605-08:00,read,key_585,1.38,false,false,0
2025-11-27T17:12:58.589669-08:00,read,key_198,2.03,false,false,0
2025-11-27T17:12:58.600728-08:00,read,key_190,1.18,false,false,0
2025-11-27T17:12:58.61179-08:00,read,key_195,1.57,false,false,0
2025-11-27T17:12:58.622894-08:00,read,key_580,1.79,false,false,0
2025-11-27T17:12:58.633967-08:00,read,key_588,1.26,false,false,0
2025-11-27T17:12:58.645025-08:00,read,key_985,1.28,false,false,0
2025-11-27T17:12:58.656142-08:00,read,key_607,2.00,false,false,0
2025-11-27T17:12:58.666615-08:00,read,key_984,1.45,false,false,0
2025-11-27T17:12:58.677749-08:00,read,key_602,1.16,false,false,0
2025-11-27T17:12:58.688869-08:00,read,key_583,2.20,false,false,0
2025-11-27T17:12:58.699479-08:00,read,key_195,2.05,false,false,0
2025-11-27T17:12:58.710563-08:00,read,key_794,1.98,false,false,0
2025-11-27T17:12:58.721206-08:00,read,key_191,1.19,false,false,0
2025-11-27T17:12:58.732302-08:00,read,key_198,1.61,false,false,0
2025-11-27T17:12:58.743398-08:00,read,key_987,1.52,false,false,0
2025-11-27T17:12:58.754453-08:00,read,key_585,1.59,false,false,0
2025-11-27T17:12:58.765535-08:00,read,key_585,1.55,false,false,0
2025-11-27T17:12:58.776618-08:00,read,key_608,1.76,false,false,0
2025-11-27T17:12:58.786918-08:00,read,key_198,1.19,false,false,0
2025-11-27T17:12:58.798-08:00,read,key_986,1.55,false,false,0
2025-11-27T17:12:58.808291-08:00,read,key_989,1.39,false,false,0
2025-11-27T17:12:58.819348-08:00,read,key_603,1.26,false,false,0
2025-11-27T17:12:58.830439-08:00,read,key_985,1.75,false,false,0
2025-11-27T17:12:58.841509-08:00,read,key_586,1.35,false,false,0
2025-11-27T17:12:58.85161-08:00,read,key_600,1.45,false,false,0
2025-11-27T17:12:58.862689-08:00,read,key_193,1.74,false,false,0
2025-11-27T17:12:58.873743-08:00,read,key_795,1.65,false,false,0
2025-11-27T17:12:58.884832-08:00,read,key_421,1.87,false,false,0
2025-11-27T17:12:58.895282-08:00,read,key_609,1.60,false,false,0
2025-11-27T17:12:58.90638-08:00,read,key_136,1.34,false,false,0
2025-11-27T17:12:58.917444-08:00,read,key_137,1.19,false,false,0
2025-11-27T17:12:58.928521-08:00,read,key_674,1.68,false,false,0
2025-11-27T17:12:58.939608-08:00,read,key_655,1.23,false,false,0
2025-11-27T17:12:58.950657-08:00,read,key_982,1.64,false,false,0
2025-11-27T17:12:58.961718-08:00,read,key_134,1.74,false,false,0
2025-11-27T17:12:58.972773-08:00,read,key_605,1.79,false,false,0
2025-11-27T17:12:58.98382-08:00,read,key_279,1.62,false,false,0
2025-11-27T17:12:58.99488-08:00,read,key_678,1.53,false,false,0
2025-11-27T17:12:59.005476-08:00,read,key_661,1.26,false,false,0
2025-11-27T17:12:59.016486-08:00,read,key_426,1.54,false,false,0
2025-11-27T17:12:59.027613-08:00,read,key_583,1.69,false,false,0
2025-11-27T17:12:59.037914-08:00,read,key_609,2.64,false,false,0
2025-11-27T17:12:59.048961-08:00,read,key_586,1.68,false,false,0
2025-11-27T17:12:59.060069-08:00,read,key_410,2.09,false,false,0
2025-11-27T17:12:59.071254-08:00,read,key_662,2.97,false,false,0
2025-11-27T17:12:59.082214-08:00,read,key_588,1.48,false,false,0
2025-11-27T17:12:59.093227-08:00,read,key_412,2.06,false,false,0
2025-11-27T17:12:59.104986-08:00,read,key_136,2.46,false,false,0
2025-11-27T17:12:59.115075-08:00,read,key_130,1.50,false,false,0
2025-11-27T17:12:59.126184-08:00,read,key_608,2.15,false,false,0
2025-11-27T17:12:59.137306-08:00,read,key_652,2.12,false,false,0
2025-11-27T17:12:59.148436-08:00,read,key_413,1.72,false,false,0
2025-11-27T17:12:59.159583-08:00,read,key_984,1.75,false,false,0
2025-11-27T17:12:59.170694-08:00,read,key_390,3.11,false,false,0
2025-11-27T17:12:59.181639-08:00,read,key_274,1.59,false,false,0
2025-11-27T17:12:59.192745-08:00,read,key_583,1.92,false,false,0
2025-11-27T17:12:59.203841-08:00,read,key_665,2.83,false,false,0
2025-11-27T17:12:59.214867-08:00,read,key_581,1.62,false,false,0
2025-11-27T17:12:59.226014-08:00,read,key_698,1.48,false,false,0
2025-11-27T17:12:59.237176-08:00,read,key_417,2.45,false,false,0
2025-11-27T17:12:59.248215-08:00,read,key_980,1.71,false,false,0
2025-11-27T17:12:59.259334-08:00,read,key_271,1.78,false,false,0
2025-11-27T17:12:59.270499-08:00,read,key_425,2.70,false,false,0
2025-11-27T17:12:59.281538-08:00,read,key_426,1.72,false,false,0
2025-11-27T17:12:59.292662-08:00,read,key_198,1.75,false,false,0
2025-11-27T17:12:59.303705-08:00,read,key_135,1.73,false,false,0
2025-11-27T17:12:59.314834-08:00,read,key_603,1.54,false,false,0
2025-11-27T17:12:59.325922-08:00,read,key_790,1.55,false,false,0
2025-11-27T17:12:59.337083-08:00,read,key_276,1.24,false,false,0
2025-11-27T17:12:59.348128-08:00,read,key_972,1.11,false,false,0
2025-11-27T17:12:59.359193-08:00,read,key_99,1.53,false,false,0
2025-11-27T17:12:59.370242-08:00,read,key_393,1.43,false,false,0
2025-11-27T17:12:59.38084-08:00,read,key_734,1.36,false,false,0
2025-11-27T17:12:59.391906-08:00,read,key_197,1.41,false,false,0
2025-11-27T17:12:59.402982-08:00,read,key_424,1.56,false,false,0
2025-11-27T17:12:59.41405-08:00,read,key_675,1.33,false,false,0
2025-11-27T17:12:59.425128-08:00,read,key_138,1.63,false,false,0
2025-11-27T17:12:59.436208-08:00,read,key_969,1.27,false,false,0
2025-11-27T17:12:59.446901-08:00,read,key_976,1.52,false,false,0
2025-11-27T17:12:59.457975-08:00,read,key_410,1.38,false,false,0
2025-11-27T17:12:59.469025-08:00,read,key_675,1.76,false,false,0
2025-11-27T17:12:59.479535-08:00,read,key_960,1.57,false,false,0
2025-11-27T17:12:59.49062-08:00,read,key_797,1.48,false,false,0
2025-11-27T17:12:59.500801-08:00,read,key_959,1.56,false,false,0
2025-11-27T17:12:59.512039-08:00,read,key_702,1.99,false,false,0
2025-11-27T17:12:59.522818-08:00,read,key_422,1.47,false,false,0
2025-11-27T17:12:59.533772-08:00,read,key_971,1.70,false,false,0
2025-11-27T17:12:59.54488-08:00,read,key_91,2.56,false,false,0
2025-11-27T17:12:59.555914-08:00,read,key_369,1.86,false,false,0
2025-11-27T17:12:59.566636-08:00,read,key_588,1.66,false,false,0
2025-11-27T17:12:59.577736-08:00,read,key_796,1.23,false,false,0
2025-11-27T17:12:59.587917-08:00,read,key_422,1.62,false,false,0
2025-11-27T17:12:59.599006-08:00,read,key_964,1.74,false,false,0
2025-11-27T17:12:59.610106-08:00,read,key_420,1.78,false,false,0
2025-11-27T17:12:59.621176-08:00,read,key_690,2.50,false,false,0
2025-11-27T17:12:59.632186-08:00,read,key_94,1.74,false,false,0
2025-11-27T17:12:59.643318-08:00,read,key_411,1.79,false,false,0
2025-11-27T17:12:59.655384-08:00,read,key_362,1.93,false,false,0
2025-11-27T17:12:59.666495-08:00,read,key_983,1.71,false,false,0
2025-11-27T17:12:59.677598-08:00,read,key_91,1.69,false,false,0
2025-11-27T17:12:59.68784-08:00,read,key_703,1.69,false,false,0
2025-11-27T17:12:59.698843-08:00,read,key_880,1.80,false,false,0
2025-11-27T17:12:59.709963-08:00,read,key_481,1.94,false,false,0
2025-11-27T17:12:59.721047-08:00,read,key_427,2.14,false,false,0
2025-11-27T17:12:59.732096-08:00,read,key_586,1.76,false,false,0
2025-11-27T17:12:59.743185-08:00,read,key_980,2.13,false,false,0
2025-11-27T17:12:59.754219-08:00,read,key_139,1.78,false,false,0
2025-11-27T17:12:59.765311-08:00,read,key_418,1.92,false,false,0
2025-11-27T17:12:59.776417-08:00,read,key_275,1.42,false,false,0
2025-11-27T17:12:59.787518-08:00,read,key_708,1.39,false,false,0
2025-11-27T17:12:59.798609-08:00,read,key_984,1.28,false,false,0
2025-11-27T17:12:59.809708-08:00,read,key_605,1.24,false,false,0
2025-11-27T17:12:59.820767-08:00,read,key_416,1.38,false,false,0
2025-11-27T17:12:59.831856-08:00,read,key_983,1.06,false,false,0
2025-11-27T17:12:59.842934-08:00,read,key_696,1.31,false,false,0
2025-11-27T17:12:59.853995-08:00,read,key_397,1.20,false,false,0
2025-11-27T17:12:59.865066-08:00,read,key_608,1.24,false,false,0
2025-11-27T17:12:59.876146-08:00,read,key_480,1.27,false,false,0
2025-11-27T17:12:59.887217-08:00,read,key_425,1.90,false,false,0
2025-11-27T17:12:59.898299-08:00,read,key_965,1.66,false,false,0
2025-11-27T17:12:59.90938-08:00,read,key_853,1.04,false,false,0
2025-11-27T17:12:59.920459-08:00,read,key_99,1.85,false,false,0
2025-11-27T17:12:59.931536-08:00,read,key_421,1.36,false,false,0
2025-11-27T17:12:59.942632-08:00,read,key_965,1.20,false,false,0
2025-11-27T17:12:59.953729-08:00,read,key_889,1.33,false,false,0
2025-11-27T17:12:59.964005-08:00,read,key_886,1.34,false,false,0
2025-11-27T17:12:59.975077-08:00,read,key_137,1.14,false,false,0
2025-11-27T17:12:59.985809-08:00,read,key_278,1.71,false,false,0
2025-11-27T17:12:59.996871-08:00,read,key_277,1.87,false,false,0
2025-11-27T17:13:00.00795-08:00,read,key_138,1.65,false,false,0
2025-11-27T17:13:00.019013-08:00,read,key_583,1.31,false,false,0
2025-11-27T17:13:00.029411-08:00,read,key_582,1.72,false,false,0
2025-11-27T17:13:00.040498-08:00,read,key_397,1.89,false,false,0
2025-11-27T17:13:00.051575-08:00,read,key_482,1.35,false,false,0
2025-11-27T17:13:00.062666-08:00,read,key_969,1.36,false,false,0
2025-11-27T17:13:00.073721-08:00,read,key_956,1.33,false,false,0
2025-11-27T17:13:00.084787-08:00,read,key_882,1.97,false,false,0
2025-11-27T17:13:00.095878-08:00,read,key_600,1.57,false,false,0
2025-11-27T17:13:00.106936-08:00,read,key_133,1.25,false,false,0
2025-11-27T17:13:00.118028-08:00,read,key_853,1.85,false,false,0
2025-11-27T17:13:00.129143-08:00,read,key_986,2.44,false,false,0
2025-11-27T17:13:00.139828-08:00,read,key_137,1.58,false,false,0
2025-11-27T17:13:00.150911-08:00,read,key_276,1.30,false,false,0
2025-11-27T17:13:00.162022-08:00,read,key_970,2.47,false,false,0
2025-11-27T17:13:00.172571-08:00,read,key_694,1.58,false,false,0
2025-11-27T17:13:00.183296-08:00,read,key_412,1.11,false,false,0
2025-11-27T17:13:00.194369-08:00,read,key_655,1.76,false,false,0
2025-11-27T17:13:00.205312-08:00,read,key_585,1.97,false,false,0
2025-11-27T17:13:00.216095-08:00,read,key_488,1.81,false,false,0
2025-11-27T17:13:00.227192-08:00,read,key_890,1.80,false,false,0
2025-11-27T17:13:00.238241-08:00,read,key_658,1.53,false,false,0
2025-11-27T17:13:00.249372-08:00,read,key_652,1.29,false,false,0
2025-11-27T17:13:00.260263-08:00,read,key_628,1.69,false,false,0
2025-11-27T17:13:00.271343-08:00,read,key_364,1.40,false,false,0
2025-11-27T17:13:00.282796-08:00,read,key_368,2.43,false,false,0
2025-11-27T17:13:00.293176-08:00,read,key_581,1.79,false,false,0
2025-11-27T17:13:00.304242-08:00,read,key_984,1.26,false,false,0
2025-11-27T17:13:00.315336-08:00,read,key_881,1.11,false,false,0
2025-11-27T17:13:00.325806-08:00,read,key_132,1.52,false,false,0
2025-11-27T17:13:00.336874-08:00,read,key_699,1.12,false,false,0
2025-11-27T17:13:00.348621-08:00,read,key_98,1.64,false,false,0
2025-11-27T17:13:00.359741-08:00,read,key_203,2.19,false,false,0
2025-11-27T17:13:00.370849-08:00,read,key_629,1.20,false,false,0
2025-11-27T17:13:00.381928-08:00,read,key_585,1.21,false,false,0
2025-11-27T17:13:00.392996-08:00,read,key_133,2.14,false,false,0
2025-11-27T17:13:00.403381-08:00,read,key_608,1.98,false,false,0
2025-11-27T17:13:00.414003-08:00,read,key_313,1.53,false,false,0
2025-11-27T17:13:00.425096-08:00,read,key_854,1.80,false,false,0
2025-11-27T17:13:00.435404-08:00,read,key_567,1.53,false,false,0
2025-11-27T17:13:00.446186-08:00,read,key_412,1.21,false,false,0
2025-11-27T17:13:00.45727-08:00,read,key_696,1.28,false,false,0
2025-11-27T17:13:00.468316-08:00,read,key_568,1.44,false,false,0
2025-11-27T17:13:00.479431-08:00,read,key_796,1.99,false,false,0
2025-11-27T17:13:00.490644-08:00,read,key_39,1.62,false,false,0
2025-11-27T17:13:00.500985-08:00,read,key_276,1.79,false,false,0
2025-11-27T17:13:00.512105-08:00,read,key_134,2.58,false,false,0
2025-11-27T17:13:00.523123-08:00,read,key_734,1.79,false,false,0
2025-11-27T17:13:00.533264-08:00,read,key_897,1.69,false,false,0
2025-11-27T17:13:00.544354-08:00,read,key_314,2.51,false,false,0
2025-11-27T17:13:00.555262-08:00,read,key_768,1.25,false,false,0
2025-11-27T17:13:00.566357-08:00,read,key_608,1.26,false,false,0
2025-11-27T17:13:00.577498-08:00,read,key_425,1.20,false,false,0
2025-11-27T17:13:00.588593-08:00,read,key_292,1.62,false,false,0
2025-11-27T17:13:00.599659-08:00,read,key_106,1.44,false,false,0
2025-11-27T17:13:00.610741-08:00,read,key_601,1.29,false,false,0
2025-11-27T17:13:00.621821-08:00,read,key_678,1.65,false,false,0
2025-11-27T17:13:00.632901-08:00,read,key_583,0.94,false,false,0
2025-11-27T17:13:00.643768-08:00,read,key_794,1.29,false,false,0
2025-11-27T17:13:00.654578-08:00,read,key_657,1.31,false,false,0
2025-11-27T17:13:00.665676-08:00,read,key_254,1.32,false,false,0
2025-11-27T17:13:00.676757-08:00,read,key_112,1.22,false,false,0
2025-11-27T17:13:00.687856-08:00,read,key_653,1.39,false,false,0
2025-11-27T17:13:00.697932-08:00,read,key_178,1.61,false,false,0
2025-11-27T17:13:00.709046-08:00,read,key_969,1.25,false,false,0
2025-11-27T17:13:00.720118-08:00,read,key_396,1.85,false,false,0
2025-11-27T17:13:00.731196-08:00,read,key_885,1.30,false,false,0
2025-11-27T17:13:00.742278-08:00,read,key_201,1.25,false,false,0
2025-11-27T17:13:00.753367-08:00,read,key_793,1.48,false,false,0
2025-11-27T17:13:00.76446-08:00,read,key_967,1.77,false,false,0
2025-11-27T17:13:00.786586-08:00,read,key_961,1.40,false,false,0
2025-11-27T17:13:00.797683-08:00,read,key_202,3.57,false,false,0
2025-11-27T17:13:00.808555-08:00,read,key_660,1.10,false,false,0
2025-11-27T17:13:00.819726-08:00,read,key_609,2.06,false,false,0
2025-11-27T17:13:00.830837-08:00,read,key_708,1.37,false,false,0
2025-11-27T17:13:00.841948-08:00,read,key_795,1.14,false,false,0
2025-11-27T17:13:00.853007-08:00,read,key_761,1.22,false,false,0
2025-11-27T17:13:00.864066-08:00,read,key_197,1.62,false,false,0
2025-11-27T17:13:00.875157-08:00,read,key_972,1.19,false,false,0
2025-11-27T17:13:00.886209-08:00,read,key_131,1.54,false,false,0
2025-11-27T17:13:00.897317-08:00,read,key_655,1.79,false,false,0
2025-11-27T17:13:00.908231-08:00,read,key_778,1.64,false,false,0
2025-11-27T17:13:00.919379-08:00,read,key_582,1.17,false,false,0
2025-11-27T17:13:00.93049-08:00,read,key_273,2.03,false,false,0
2025-11-27T17:13:00.941614-08:00,read,key_652,1.84,false,false,0
2025-11-27T17:13:00.95191-08:00,read,key_897,2.78,false,false,0
2025-11-27T17:13:00.963308-08:00,read,key_851,2.69,false,false,0
2025-11-27T17:13:00.974287-08:00,read,key_137,1.81,false,false,0
2025-11-27T17:13:00.985424-08:00,read,key_206,1.63,false,false,0
2025-11-27T17:13:00.996577-08:00,read,key_586,2.69,false,false,0
2025-11-27T17:13:01.006812-08:00,read,key_985,1.41,false,false,0
2025-11-27T17:13:01.017893-08:00,read,key_399,1.48,false,false,0
2025-11-27T17:13:01.029092-08:00,read,key_208,2.17,false,false,0
2025-11-27T17:13:01.039724-08:00,read,key_760,1.32,false,false,0
2025-11-27T17:13:01.050314-08:00,read,key_763,1.50,false,false,0
2025-11-27T17:13:01.061383-08:00,read,key_99,1.75,false,false,0
2025-11-27T17:13:01.072465-08:00,read,key_657,1.72,false,false,0
2025-11-27T17:13:00.775534-08:00,write,key_981,308.78,true,false,1
2025-11-27T17:13:01.083535-08:00,read,key_641,1.08,false,false,0
2025-11-27T17:13:01.094578-08:00,read,key_563,1.40,false,false,0
2025-11-27T17:13:01.105628-08:00,read,key_966,1.29,false,false,0
2025-11-27T17:13:01.116678-08:00,read,key_438,1.08,false,false,0
2025-11-27T17:13:01.126837-08:00,read,key_170,1.41,false,false,0
2025-11-27T17:13:01.137964-08:00,read,key_897,2.45,false,false,0
2025-11-27T17:13:01.148994-08:00,read,key_363,1.60,false,false,0
2025-11-27T17:13:01.160085-08:00,read,key_735,1.93,false,false,0
2025-11-27T17:13:01.171167-08:00,read,key_960,1.33,false,false,0
2025-11-27T17:13:01.182295-08:00,read,key_371,1.67,false,false,0
2025-11-27T17:13:01.193405-08:00,read,key_850,1.73,false,false,0
2025-11-27T17:13:01.204527-08:00,read,key_734,1.73,false,false,0
2025-11-27T17:13:01.2157-08:00,read,key_883,1.62,false,false,0
2025-11-27T17:13:01.226809-08:00,read,key_279,1.59,false,false,0
2025-11-27T17:13:01.237872-08:00,read,key_708,1.89,false,false,0
2025-11-27T17:13:01.248929-08:00,read,key_131,1.18,false,false,0
2025-11-27T17:13:01.26006-08:00,read,key_798,1.62,false,false,0
2025-11-27T17:13:01.27116-08:00,read,key_693,1.75,false,false,0
2025-11-27T17:13:01.281818-08:00,read,key_982,2.14,false,false,0
2025-11-27T17:13:01.292902-08:00,read,key_660,1.62,false,false,0
2025-11-27T17:13:01.304201-08:00,read,key_410,2.40,false,false,0
2025-11-27T17:13:01.31515-08:00,read,key_873,1.54,false,false,0
2025-11-27T17:13:01.326323-08:00,read,key_989,1.94,false,false,0
2025-11-27T17:13:01.336902-08:00,read,key_891,3.01,false,false,0
2025-11-27T17:13:01.347895-08:00,read,key_629,1.73,false,false,0
2025-11-27T17:13:01.358277-08:00,read,key_226,1.51,false,false,0
2025-11-27T17:13:01.368465-08:00,read,key_642,1.36,false,false,0
2025-11-27T17:13:01.379746-08:00,read,key_299,1.95,false,false,0
2025-11-27T17:13:01.39-08:00,read,key_974,1.62,false,false,0
2025-11-27T17:13:01.401096-08:00,read,key_269,2.01,false,false,0
2025-11-27T17:13:01.411659-08:00,read,key_963,1.67,false,false,0
2025-11-27T17:13:01.422743-08:00,read,key_982,1.71,false,false,0
2025-11-27T17:13:01.433262-08:00,read,key_644,1.58,false,false,0
2025-11-27T17:13:01.444363-08:00,read,key_421,1.25,false,false,0
2025-11-27T17:13:01.455444-08:00,read,key_960,1.60,false,false,0
2025-11-27T17:13:01.466572-08:00,read,key_487,1.69,false,false,0
2025-11-27T17:13:01.477643-08:00,read,key_584,1.42,false,false,0
2025-11-27T17:13:01.488082-08:00,read,key_583,3.02,false,false,0
2025-11-27T17:13:01.498602-08:00,read,key_736,1.65,false,false,0
2025-11-27T17:13:01.50968-08:00,read,key_589,1.50,false,false,0
2025-11-27T17:13:01.52075-08:00,read,key_669,1.39,false,false,0
2025-11-27T17:13:01.531837-08:00,read,key_962,1.70,false,false,0
2025-11-27T17:13:01.542917-08:00,read,key_427,1.71,false,false,0
2025-11-27T17:13:01.55403-08:00,read,key_390,1.34,false,false,0
2025-11-27T17:13:01.565122-08:00,read,key_666,1.34,false,false,0
2025-11-27T17:13:01.576189-08:00,read,key_207,1.00,false,false,0
2025-11-27T17:13:01.58744-08:00,read,key_652,1.48,false,false,0
2025-11-27T17:13:01.598504-08:00,read,key_851,1.59,false,false,0
2025-11-27T17:13:01.609586-08:00,read,key_605,1.27,false,false,0
2025-11-27T17:13:01.620682-08:00,read,key_427,1.67,false,false,0
2025-11-27T17:13:01.63174-08:00,read,key_984,1.15,false,false,0
2025-11-27T17:13:01.642811-08:00,read,key_963,1.11,false,false,0
2025-11-27T17:13:01.653138-08:00,read,key_985,1.30,false,false,0
2025-11-27T17:13:01.664238-08:00,read,key_658,1.09,false,false,0
2025-11-27T17:13:01.675311-08:00,read,key_606,1.27,false,false,0
2025-11-27T17:13:01.686372-08:00,read,key_223,1.11,false,false,0
2025-11-27T17:13:01.697434-08:00,read,key_968,0.84,false,false,0
2025-11-27T17:13:01.708486-08:00,read,key_624,0.80,false,false,0
2025-11-27T17:13:01.719601-08:00,read,key_422,1.30,false,false,0
2025-11-27T17:13:01.73065-08:00,read,key_266,1.04,false,false,0
2025-11-27T17:13:01.741712-08:00,read,key_113,0.77,false,false,0
2025-11-27T17:13:01.752413-08:00,read,key_966,1.24,false,false,0
2025-11-27T17:13:01.763458-08:00,read,key_560,0.90,false,false,0
2025-11-27T17:13:01.774519-08:00,read,key_730,0.91,false,false,0
2025-11-27T17:13:01.785619-08:00,read,key_655,1.65,false,false,0
2025-11-27T17:13:01.79668-08:00,read,key_586,1.06,false,false,0
2025-11-27T17:13:01.807728-08:00,read,key_424,1.23,false,false,0
2025-11-27T17:13:01.818796-08:00,read,key_398,1.99,false,false,0
2025-11-27T17:13:01.829086-08:00,read,key_776,1.56,false,false,0
2025-11-27T17:13:01.840163-08:00,read,key_131,1.63,false,false,0
2025-11-27T17:13:01.851244-08:00,read,key_359,1.97,false,false,0
2025-11-27T17:13:01.86208-08:00,read,key_797,1.73,false,false,0
2025-11-27T17:13:01.873133-08:00,read,key_267,1.10,false,false,0
2025-11-27T17:13:01.884215-08:00,read,key_871,1.27,false,false,0
2025-11-27T17:13:01.895035-08:00,read,key_796,1.88,false,false,0
2025-11-27T17:13:01.906086-08:00,read,key_429,1.80,false,false,0
2025-11-27T17:13:01.916253-08:00,read,key_131,1.32,false,false,0
2025-11-27T17:13:01.927313-08:00,read,key_773,1.65,false,false,0
2025-11-27T17:13:01.937867-08:00,read,key_295,1.05,false,false,0
2025-11-27T17:13:01.948942-08:00,read,key_367,1.02,false,false,0
2025-11-27T17:13:01.959991-08:00,read,key_757,1.20,false,false,0
2025-11-27T17:13:01.97105-08:00,read,key_973,1.12,false,false,0
2025-11-27T17:13:01.982164-08:00,read,key_795,1.47,false,false,0
2025-11-27T17:13:01.99339-08:00,read,key_353,1.79,false,false,0
2025-11-27T17:13:02.004593-08:00,read,key_134,2.54,false,false,0
2025-11-27T17:13:02.015583-08:00,read,key_368,1.70,false,false,0
2025-11-27T17:13:02.026735-08:00,read,key_190,2.44,false,false,0
2025-11-27T17:13:02.036968-08:00,read,key_905,2.38,false,false,0
2025-11-27T17:13:02.047991-08:00,read,key_627,1.88,false,false,0
2025-11-27T17:13:02.05908-08:00,read,key_426,1.88,false,false,0
2025-11-27T17:13:02.069785-08:00,read,key_191,1.69,false,false,0
2025-11-27T17:13:02.080911-08:00,read,key_414,1.38,false,false,0
2025-11-27T17:13:02.103236-08:00,read,key_895,1.72,false,false,0
2025-11-27T17:13:02.114319-08:00,read,key_105,3.53,false,false,0
2025-11-27T17:13:02.125216-08:00,read,key_207,1.64,false,false,0
2025-11-27T17:13:02.13629-08:00,read,key_976,1.04,false,false,0
2025-11-27T17:13:02.147363-08:00,read,key_350,1.62,false,false,0
2025-11-27T17:13:02.158427-08:00,read,key_264,0.98,false,false,0
2025-11-27T17:13:02.16953-08:00,read,key_386,1.09,false,false,0
2025-11-27T17:13:02.17974-08:00,read,key_135,0.97,false,false,0
2025-11-27T17:13:02.190851-08:00,read,key_195,1.33,false,false,0
2025-11-27T17:13:02.201979-08:00,read,key_623,1.15,false,false,0
2025-11-27T17:13:02.212211-08:00,read,key_204,1.75,false,false,0
2025-11-27T17:13:02.223296-08:00,read,key_753,1.63,false,false,0
2025-11-27T17:13:02.234349-08:00,read,key_279,1.25,false,false,0
2025-11-27T17:13:02.245304-08:00,read,key_973,0.96,false,false,0
2025-11-27T17:13:02.256367-08:00,read,key_267,0.98,false,false,0
2025-11-27T17:13:02.267428-08:00,read,key_622,0.52,false,false,0
2025-11-27T17:13:02.278513-08:00,read,key_983,0.60,false,false,0
2025-11-27T17:13:02.28956-08:00,read,key_873,0.79,false,false,0
2025-11-27T17:13:02.300637-08:00,read,key_585,0.70,false,false,0
2025-11-27T17:13:02.311676-08:00,read,key_128,0.73,false,false,0
2025-11-27T17:13:02.322736-08:00,read,key_718,0.80,false,false,0
2025-11-27T17:13:02.333802-08:00,read,key_875,0.59,false,false,0
2025-11-27T17:13:02.344494-08:00,read,key_266,0.58,false,false,0
2025-11-27T17:13:02.354661-08:00,read,key_957,0.89,false,false,0
2025-11-27T17:13:02.365716-08:00,read,key_206,0.65,false,false,0
2025-11-27T17:13:02.376788-08:00,read,key_983,0.52,false,false,0
2025-11-27T17:13:02.387825-08:00,read,key_206,0.65,false,false,0
2025-11-27T17:13:02.39801-08:00,read,key_600,0.70,false,false,0
2025-11-27T17:13:02.092062-08:00,write,key_292,306.92,true,false,2
2025-11-27T17:13:02.411192-08:00,read,key_221,0.84,false,false,0
2025-11-27T17:13:02.422239-08:00,read,key_568,0.76,false,false,0
2025-11-27T17:13:02.433299-08:00,read,key_367,0.78,false,false,0
2025-11-27T17:13:02.444366-08:00,read,key_290,0.91,false,false,0
2025-11-27T17:13:02.454624-08:00,read,key_694,0.78,false,false,0
2025-11-27T17:13:02.465683-08:00,read,key_656,0.78,false,false,0
2025-11-27T17:13:02.476753-08:00,read,key_769,0.85,false,false,0
2025-11-27T17:13:02.487818-08:00,read,key_357,0.90,false,false,0
2025-11-27T17:13:02.498929-08:00,read,key_481,0.79,false,false,0
2025-11-27T17:13:02.509565-08:00,read,key_377,1.13,false,false,0
2025-11-27T17:13:02.519834-08:00,read,key_164,1.10,false,false,0
2025-11-27T17:13:02.530882-08:00,read,key_960,1.23,false,false,0
2025-11-27T17:13:02.541942-08:00,read,key_976,0.99,false,false,0
2025-11-27T17:13:02.552984-08:00,read,key_986,1.04,false,false,0
2025-11-27T17:13:02.56404-08:00,read,key_116,1.21,false,false,0
2025-11-27T17:13:02.575087-08:00,read,key_667,1.50,false,false,0
2025-11-27T17:13:02.586153-08:00,read,key_291,1.80,false,false,0
2025-11-27T17:13:02.597228-08:00,read,key_419,1.54,false,false,0
2025-11-27T17:13:02.608281-08:00,read,key_768,1.31,false,false,0
2025-11-27T17:13:02.619441-08:00,read,key_975,1.34,false,false,0
2025-11-27T17:13:02.629587-08:00,read,key_985,1.72,false,false,0
2025-11-27T17:13:02.640718-08:00,read,key_771,1.84,false,false,0
2025-11-27T17:13:02.651789-08:00,read,key_854,1.59,false,false,0
2025-11-27T17:13:02.662665-08:00,read,key_101,1.78,false,false,0
2025-11-27T17:13:02.673706-08:00,read,key_623,1.29,false,false,0
2025-11-27T17:13:02.684784-08:00,read,key_983,1.49,false,false,0
2025-11-27T17:13:02.695915-08:00,read,key_353,2.23,false,false,0
2025-11-27T17:13:02.706945-08:00,read,key_627,1.33,false,false,0
2025-11-27T17:13:02.718053-08:00,read,key_296,1.36,false,false,0
2025-11-27T17:13:02.728506-08:00,read,key_630,1.47,false,false,0
2025-11-27T17:13:02.739135-08:00,read,key_654,1.06,false,false,0
2025-11-27T17:13:02.750211-08:00,read,key_986,1.05,false,false,0
2025-11-27T17:13:02.761273-08:00,read,key_363,1.11,false,false,0
2025-11-27T17:13:02.772337-08:00,read,key_748,0.92,false,false,0
2025-11-27T17:13:02.78341-08:00,read,key_296,0.88,false,false,0
2025-11-27T17:13:02.79446-08:00,read,key_299,1.01,false,false,0
2025-11-27T17:13:02.805553-08:00,read,key_895,0.89,false,false,0
2025-11-27T17:13:02.816638-08:00,read,key_208,0.85,false,false,0
2025-11-27T17:13:02.827694-08:00,read,key_737,1.03,false,false,0
2025-11-27T17:13:02.838792-08:00,read,key_697,0.53,false,false,0
2025-11-27T17:13:02.849832-08:00,read,key_900,0.83,false,false,0
2025-11-27T17:13:02.859903-08:00,read,key_621,1.03,false,false,0
2025-11-27T17:13:02.870328-08:00,read,key_30,0.70,false,false,0
2025-11-27T17:13:02.880431-08:00,read,key_319,0.93,false,false,0
2025-11-27T17:13:02.891515-08:00,read,key_979,0.71,false,false,0
2025-11-27T17:13:02.902596-08:00,read,key_883,0.52,false,false,0
2025-11-27T17:13:02.913648-08:00,read,key_711,0.53,false,false,0
2025-11-27T17:13:02.92472-08:00,read,key_893,0.60,false,false,0
2025-11-27T17:13:02.935803-08:00,read,key_109,0.48,false,false,0
2025-11-27T17:13:02.946117-08:00,read,key_786,0.64,false,false,0
2025-11-27T17:13:02.957199-08:00,read,key_968,0.58,false,false,0
2025-11-27T17:13:02.968275-08:00,read,key_580,0.77,false,false,0
2025-11-27T17:13:02.979082-08:00,read,key_878,1.56,false,false,0
2025-11-27T17:13:02.990155-08:00,read,key_254,1.06,false,false,0
2025-11-27T17:13:03.001239-08:00,read,key_790,1.14,false,false,0
2025-11-27T17:13:03.012615-08:00,read,key_614,1.09,false,false,0
2025-11-27T17:13:03.023716-08:00,read,key_348,1.07,false,false,0
2025-11-27T17:13:03.034778-08:00,read,key_846,0.93,false,false,0
2025-11-27T17:13:03.04589-08:00,read,key_738,0.71,false,false,0
2025-11-27T17:13:03.056958-08:00,read,key_292,0.96,true,false,2
2025-11-27T17:13:03.068003-08:00,read,key_988,0.89,false,false,0
2025-11-27T17:13:03.078366-08:00,read,key_710,0.49,false,false,0
2025-11-27T17:13:03.089411-08:00,read,key_888,0.69,false,false,0
2025-11-27T17:13:03.100457-08:00,read,key_255,1.27,false,false,0
2025-11-27T17:13:03.111111-08:00,read,key_782,1.18,false,false,0
2025-11-27T17:13:03.122167-08:00,read,key_637,1.67,false,false,0
2025-11-27T17:13:03.143899-08:00,read,key_988,1.26,false,false,0
2025-11-27T17:13:03.155022-08:00,read,key_981,4.05,true,false,1
2025-11-27T17:13:03.165803-08:00,read,key_90,1.48,false,false,0
2025-11-27T17:13:03.176878-08:00,read,key_133,1.36,false,false,0
2025-11-27T17:13:03.187494-08:00,read,key_26,2.12,false,false,0
2025-11-27T17:13:03.198574-08:00,read,key_191,1.74,false,false,0
2025-11-27T17:13:03.209116-08:00,read,key_186,1.77,false,false,0
2025-11-27T17:13:03.220617-08:00,read,key_704,3.17,false,false,0
2025-11-27T17:13:03.231642-08:00,read,key_814,1.79,false,false,0
2025-11-27T17:13:03.24275-08:00,read,key_609,1.69,false,false,0
2025-11-27T17:13:03.253856-08:00,read,key_134,2.77,false,false,0
2025-11-27T17:13:03.265012-08:00,read,key_294,2.04,false,false,0
2025-11-27T17:13:03.275278-08:00,read,key_775,2.01,false,false,0
2025-11-27T17:13:03.286372-08:00,read,key_768,3.71,false,false,0
2025-11-27T17:13:03.298623-08:00,read,key_421,2.37,false,false,0
2025-11-27T17:13:03.309696-08:00,read,key_433,2.25,false,false,0
2025-11-27T17:13:03.321-08:00,read,key_97,3.64,false,false,0
2025-11-27T17:13:03.331765-08:00,read,key_370,1.28,false,false,0
2025-11-27T17:13:03.342912-08:00,read,key_961,1.58,false,false,0
2025-11-27T17:13:03.35402-08:00,read,key_297,2.59,false,false,0
2025-11-27T17:13:03.3648-08:00,read,key_295,1.62,false,false,0
2025-11-27T17:13:03.37494-08:00,read,key_357,1.67,false,false,0
2025-11-27T17:13:03.386039-08:00,read,key_581,1.92,false,false,0
2025-11-27T17:13:03.398336-08:00,read,key_260,2.87,false,false,0
2025-11-27T17:13:03.409399-08:00,read,key_368,1.62,false,false,0
2025-11-27T17:13:03.420519-08:00,read,key_731,2.24,false,false,0
2025-11-27T17:13:03.431576-08:00,read,key_160,1.52,false,false,0
2025-11-27T17:13:03.133219-08:00,write,key_96,309.13,true,false,3
2025-11-27T17:13:03.442364-08:00,read,key_193,1.03,false,false,0
2025-11-27T17:13:03.453729-08:00,read,key_136,2.88,false,false,0
2025-11-27T17:13:03.464181-08:00,read,key_28,1.46,false,false,0
2025-11-27T17:13:03.474509-08:00,read,key_810,1.17,false,false,0
2025-11-27T17:13:03.485598-08:00,read,key_92,1.86,false,false,0
2025-11-27T17:13:03.49637-08:00,read,key_664,3.14,false,false,0
2025-11-27T17:13:03.518297-08:00,read,key_138,1.66,false,false,0
2025-11-27T17:13:03.530541-08:00,read,key_938,2.07,false,false,0
2025-11-27T17:13:03.541696-08:00,read,key_317,1.82,false,false,0
2025-11-27T17:13:03.552827-08:00,read,key_874,1.42,false,false,0
2025-11-27T17:13:03.563346-08:00,read,key_275,1.67,false,false,0
2025-11-27T17:13:03.574495-08:00,read,key_171,1.63,false,false,0
2025-11-27T17:13:03.585577-08:00,read,key_638,1.32,false,false,0
2025-11-27T17:13:03.5967-08:00,read,key_630,1.37,false,false,0
2025-11-27T17:13:03.607799-08:00,read,key_636,1.28,false,false,0
2025-11-27T17:13:03.618892-08:00,read,key_293,1.38,false,false,0
2025-11-27T17:13:03.629985-08:00,read,key_638,1.48,false,false,0
2025-11-27T17:13:03.641105-08:00,read,key_972,1.16,false,false,0
2025-11-27T17:13:03.651893-08:00,read,key_582,1.19,false,false,0
2025-11-27T17:13:03.663001-08:00,read,key_652,1.56,false,false,0
2025-11-27T17:13:03.673456-08:00,read,key_562,1.31,false,false,0
2025-11-27T17:13:03.68454-08:00,read,key_194,1.65,false,false,0
2025-11-27T17:13:03.694638-08:00,read,key_582,1.35,false,false,0
2025-11-27T17:13:03.705221-08:00,read,key_878,1.48,false,false,0
2025-11-27T17:13:03.716308-08:00,read,key_731,1.13,false,false,0
2025-11-27T17:13:03.727368-08:00,read,key_965,1.42,false,false,0
2025-11-27T17:13:03.738455-08:00,read,key_296,1.19,false,false,0
2025-11-27T17:13:03.749526-08:00,read,key_36,1.08,false,false,0
2025-11-27T17:13:03.760586-08:00,read,key_898,1.33,false,false,0
2025-11-27T17:13:03.771505-08:00,read,key_256,0.86,false,false,0
2025-11-27T17:13:03.782358-08:00,read,key_606,1.16,false,false,0
2025-11-27T17:13:03.793109-08:00,read,key_658,1.60,false,false,0
2025-11-27T17:13:03.804189-08:00,read,key_813,1.05,false,false,0
2025-11-27T17:13:03.507368-08:00,write,key_730,307.61,true,false,4
2025-11-27T17:13:03.814957-08:00,read,key_707,1.03,false,false,0
2025-11-27T17:13:03.826048-08:00,read,key_581,1.41,false,false,0
2025-11-27T17:13:03.836847-08:00,read,key_364,1.47,false,false,0
2025-11-27T17:13:03.847881-08:00,read,key_676,1.06,false,false,0
2025-11-27T17:13:03.859006-08:00,read,key_704,1.63,false,false,0
2025-11-27T17:13:03.870089-08:00,read,key_469,1.19,false,false,0
2025-11-27T17:13:03.881166-08:00,read,key_886,1.40,false,false,0
2025-11-27T17:13:03.892211-08:00,read,key_217,1.23,false,false,0
2025-11-27T17:13:03.903276-08:00,read,key_627,1.49,false,false,0
2025-11-27T17:13:03.914344-08:00,read,key_201,1.30,false,false,0
2025-11-27T17:13:03.925412-08:00,read,key_854,1.38,false,false,0
2025-11-27T17:13:03.936471-08:00,read,key_393,1.33,false,false,0
2025-11-27T17:13:03.947346-08:00,read,key_42,1.58,false,false,0
2025-11-27T17:13:03.958426-08:00,read,key_890,1.56,false,false,0
2025-11-27T17:13:03.969495-08:00,read,key_606,1.25,false,false,0
2025-11-27T17:13:03.980597-08:00,read,key_297,1.41,false,false,0
2025-11-27T17:13:03.991734-08:00,read,key_894,2.09,false,false,0
2025-11-27T17:13:04.002853-08:00,read,key_601,1.14,false,false,0
2025-11-27T17:13:04.013929-08:00,read,key_292,1.54,true,false,2
2025-11-27T17:13:04.025007-08:00,read,key_197,1.53,false,false,0
2025-11-27T17:13:04.036094-08:00,read,key_639,1.03,false,false,0
2025-11-27T17:13:04.047235-08:00,read,key_150,1.34,false,false,0
2025-11-27T17:13:04.058301-08:00,read,key_897,1.73,false,false,0
2025-11-27T17:13:04.068777-08:00,read,key_903,1.45,false,false,0
2025-11-27T17:13:04.080053-08:00,read,key_137,2.20,false,false,0
2025-11-27T17:13:04.091085-08:00,read,key_111,1.66,false,false,0
2025-11-27T17:13:04.102178-08:00,read,key_475,1.30,false,false,0
2025-11-27T17:13:04.11279-08:00,read,key_253,1.23,false,false,0
2025-11-27T17:13:04.12388-08:00,read,key_668,1.90,false,false,0
2025-11-27T17:13:04.134954-08:00,read,key_467,1.44,false,false,0
2025-11-27T17:13:04.145412-08:00,read,key_626,1.13,false,false,0
2025-11-27T17:13:04.156492-08:00,read,key_877,1.66,false,false,0
2025-11-27T17:13:04.167562-08:00,read,key_983,1.46,false,false,0
2025-11-27T17:13:04.178644-08:00,read,key_258,0.77,false,false,0
2025-11-27T17:13:04.200819-08:00,read,key_622,1.38,false,false,0
2025-11-27T17:13:04.211881-08:00,read,key_600,0.99,false,false,0
2025-11-27T17:13:04.222959-08:00,read,key_870,1.85,false,false,0
2025-11-27T17:13:04.234015-08:00,read,key_966,1.04,false,false,0
2025-11-27T17:13:04.245058-08:00,read,key_907,0.89,false,false,0
2025-11-27T17:13:04.255735-08:00,read,key_466,1.24,false,false,0
2025-11-27T17:13:04.266807-08:00,read,key_428,1.10,false,false,0
2025-11-27T17:13:04.277945-08:00,read,key_278,1.44,false,false,0
2025-11-27T17:13:04.289037-08:00,read,key_588,1.58,false,false,0
2025-11-27T17:13:04.300121-08:00,read,key_211,1.59,false,false,0
2025-11-27T17:13:04.311197-08:00,read,key_344,1.83,false,false,0
2025-11-27T17:13:04.322305-08:00,read,key_965,1.23,false,false,0
2025-11-27T17:13:04.333384-08:00,read,key_939,1.26,false,false,0
2025-11-27T17:13:04.34448-08:00,read,key_854,1.03,false,false,0
2025-11-27T17:13:04.35559-08:00,read,key_661,1.66,false,false,0
2025-11-27T17:13:04.366673-08:00,read,key_293,1.11,false,false,0
2025-11-27T17:13:04.377423-08:00,read,key_974,1.18,false,false,0
2025-11-27T17:13:04.388535-08:00,read,key_871,1.32,false,false,0
2025-11-27T17:13:04.39967-08:00,read,key_191,1.19,false,false,0
2025-11-27T17:13:04.410747-08:00,read,key_433,1.28,false,false,0
2025-11-27T17:13:04.421856-08:00,read,key_709,1.43,false,false,0
2025-11-27T17:13:04.432948-08:00,read,key_844,1.30,false,false,0
2025-11-27T17:13:04.444096-08:00,read,key_447,0.97,false,false,0
2025-11-27T17:13:04.454483-08:00,read,key_318,1.36,false,false,0
2025-11-27T17:13:04.464868-08:00,read,key_601,1.24,false,false,0
2025-11-27T17:13:04.475939-08:00,read,key_668,1.20,false,false,0
2025-11-27T17:13:04.486838-08:00,read,key_562,1.47,false,false,0
2025-11-27T17:13:04.189745-08:00,write,key_982,306.03,true,false,5
2025-11-27T17:13:04.497037-08:00,read,key_911,1.24,false,false,0
2025-11-27T17:13:04.50808-08:00,read,key_261,1.73,false,false,0
2025-11-27T17:13:04.518825-08:00,read,key_295,1.36,false,false,0
2025-11-27T17:13:04.529893-08:00,read,key_873,0.90,false,false,0
2025-11-27T17:13:04.540978-08:00,read,key_700,1.24,false,false,0
2025-11-27T17:13:04.551279-08:00,read,key_660,0.97,false,false,0
2025-11-27T17:13:04.562416-08:00,read,key_981,1.00,true,false,1
2025-11-27T17:13:04.573623-08:00,read,key_754,0.93,false,false,0
2025-11-27T17:13:04.584491-08:00,read,key_749,0.81,false,false,0
2025-11-27T17:13:04.595653-08:00,read,key_986,1.03,false,false,0
2025-11-27T17:13:04.606079-08:00,read,key_261,0.98,false,false,0
2025-11-27T17:13:04.617195-08:00,read,key_985,0.87,false,false,0
2025-11-27T17:13:04.62833-08:00,read,key_872,2.46,false,false,0
2025-11-27T17:13:04.639326-08:00,read,key_878,1.19,false,false,0
2025-11-27T17:13:04.650427-08:00,read,key_812,1.75,false,false,0
2025-11-27T17:13:04.66129-08:00,read,key_766,2.74,false,false,0
2025-11-27T17:13:04.672351-08:00,read,key_769,1.76,false,false,0
2025-11-27T17:13:04.682743-08:00,read,key_379,1.86,false,false,0
2025-11-27T17:13:04.693066-08:00,read,key_420,1.90,false,false,0
2025-11-27T17:13:04.704205-08:00,read,key_437,2.74,false,false,0
2025-11-27T17:13:04.714998-08:00,read,key_293,1.58,false,false,0
2025-11-27T17:13:04.725326-08:00,read,key_398,1.72,false,false,0
2025-11-27T17:13:04.736411-08:00,read,key_442,2.79,false,false,0
2025-11-27T17:13:04.747521-08:00,read,key_657,1.94,false,false,0
2025-11-27T17:13:04.757765-08:00,read,key_907,1.77,false,false,0
2025-11-27T17:13:04.768-08:00,read,key_975,1.62,false,false,0
2025-11-27T17:13:04.779171-08:00,read,key_984,3.06,false,false,0
2025-11-27T17:13:04.790128-08:00,read,key_34,1.75,false,false,0
2025-11-27T17:13:04.801245-08:00,read,key_853,1.88,false,false,0
2025-11-27T17:13:04.812361-08:00,read,key_174,3.58,false,false,0
2025-11-27T17:13:04.823144-08:00,read,key_600,1.57,false,false,0
2025-11-27T17:13:04.834264-08:00,read,key_968,1.56,false,false,0
2025-11-27T17:13:04.845462-08:00,read,key_959,2.93,false,false,0
2025-11-27T17:13:04.856015-08:00,read,key_352,1.94,false,false,0
2025-11-27T17:13:04.867136-08:00,read,key_656,1.99,false,false,0
2025-11-27T17:13:04.87829-08:00,read,key_311,2.57,false,false,0
2025-11-27T17:13:04.889323-08:00,read,key_190,1.76,false,false,0
2025-11-27T17:13:04.899603-08:00,read,key_582,1.70,false,false,0
2025-11-27T17:13:04.910736-08:00,read,key_163,1.75,false,false,0
2025-11-27T17:13:04.922228-08:00,read,key_878,0.66,false,false,0
2025-11-27T17:13:04.933349-08:00,read,key_143,1.41,false,false,0
2025-11-27T17:13:04.944465-08:00,read,key_295,1.30,false,false,0
2025-11-27T17:13:04.95577-08:00,read,key_530,1.83,false,false,0
2025-11-27T17:13:04.966553-08:00,read,key_202,1.62,false,false,0
2025-11-27T17:13:04.977691-08:00,read,key_851,1.57,false,false,0
2025-11-27T17:13:04.987871-08:00,read,key_730,3.11,true,false,4
2025-11-27T17:13:04.99885-08:00,read,key_987,1.63,false,false,0
2025-11-27T17:13:05.009945-08:00,read,key_261,1.65,false,false,0
2025-11-27T17:13:05.021143-08:00,read,key_13,2.24,false,false,0
2025-11-27T17:13:05.032216-08:00,read,key_95,1.57,false,false,0
2025-11-27T17:13:05.042654-08:00,read,key_738,1.59,false,false,0
2025-11-27T17:13:05.05385-08:00,read,key_254,2.51,false,false,0
2025-11-27T17:13:05.06476-08:00,read,key_212,1.73,false,false,0
2025-11-27T17:13:05.075926-08:00,read,key_421,1.35,false,false,0
2025-11-27T17:13:05.087065-08:00,read,key_952,2.91,false,false,0
2025-11-27T17:13:05.098047-08:00,read,key_563,2.23,false,false,0
2025-11-27T17:13:05.108212-08:00,read,key_190,1.49,false,false,0
2025-11-27T17:13:05.119257-08:00,read,key_856,3.00,false,false,0
2025-11-27T17:13:05.130228-08:00,read,key_379,2.44,false,false,0
2025-11-27T17:13:05.141088-08:00,read,key_151,1.96,false,false,0
2025-11-27T17:13:05.152255-08:00,read,key_342,2.12,false,false,0
2025-11-27T17:13:05.163539-08:00,read,key_222,1.83,false,false,0
2025-11-27T17:13:05.174393-08:00,read,key_896,1.69,false,false,0
2025-11-27T17:13:05.185494-08:00,read,key_988,1.71,false,false,0
2025-11-27T17:13:05.195986-08:00,read,key_269,1.76,false,false,0
2025-11-27T17:13:05.207101-08:00,read,key_666,1.23,false,false,0
2025-11-27T17:13:05.218191-08:00,read,key_618,1.82,false,false,0
2025-11-27T17:13:05.229274-08:00,read,key_767,1.69,false,false,0
2025-11-27T17:13:05.240355-08:00,read,key_123,1.56,false,false,0
2025-11-27T17:13:05.251528-08:00,read,key_931,1.47,false,false,0
2025-11-27T17:13:05.262761-08:00,read,key_185,1.97,false,false,0
2025-11-27T17:13:05.273804-08:00,read,key_797,1.64,false,false,0
2025-11-27T17:13:05.284587-08:00,read,key_205,1.65,false,false,0
2025-11-27T17:13:05.295712-08:00,read,key_676,2.64,false,false,0
2025-11-27T17:13:05.306728-08:00,read,key_881,2.12,false,false,0
2025-11-27T17:13:05.317005-08:00,read,key_310,1.59,false,false,0
2025-11-27T17:13:05.32814-08:00,read,key_622,3.27,false,false,0
2025-11-27T17:13:05.339318-08:00,read,key_870,1.67,false,false,0
2025-11-27T17:13:05.35043-08:00,read,key_112,1.52,false,false,0
2025-11-27T17:13:05.361493-08:00,read,key_819,3.00,false,false,0
2025-11-27T17:13:05.372529-08:00,read,key_299,1.76,false,false,0
2025-11-27T17:13:05.383077-08:00,read,key_766,1.47,false,false,0
2025-11-27T17:13:05.394211-08:00,read,key_754,2.23,false,false,0
2025-11-27T17:13:05.405293-08:00,read,key_828,2.54,false,false,0
2025-11-27T17:13:05.416179-08:00,read,key_878,3.22,false,false,0
2025-11-27T17:13:05.427179-08:00,read,key_242,1.57,false,false,0
2025-11-27T17:13:05.437852-08:00,read,key_987,1.35,false,false,0
2025-11-27T17:13:05.448985-08:00,read,key_982,1.13,true,false,5
2025-11-27T17:13:05.4601-08:00,read,key_274,0.73,false,false,0
2025-11-27T17:13:05.470785-08:00,read,key_477,2.60,false,false,0
2025-11-27T17:13:05.481295-08:00,read,key_201,1.65,false,false,0
2025-11-27T17:13:05.492438-08:00,read,key_115,1.71,false,false,0
2025-11-27T17:13:05.503561-08:00,read,key_226,2.23,false,false,0
2025-11-27T17:13:05.514517-08:00,read,key_113,1.66,false,false,0
2025-11-27T17:13:05.525582-08:00,read,key_136,1.46,false,false,0
2025-11-27T17:13:05.536705-08:00,read,key_651,2.86,false,false,0
2025-11-27T17:13:05.547739-08:00,read,key_874,1.55,false,false,0
2025-11-27T17:13:05.558865-08:00,read,key_731,2.31,false,false,0
2025-11-27T17:13:05.570019-08:00,read,key_437,2.56,false,false,0
2025-11-27T17:13:05.580918-08:00,read,key_603,1.24,false,false,0
2025-11-27T17:13:05.592022-08:00,read,key_120,1.55,false,false,0
2025-11-27T17:13:05.603097-08:00,read,key_161,1.62,false,false,0
2025-11-27T17:13:05.613735-08:00,read,key_96,1.22,true,false,3
2025-11-27T17:13:05.624812-08:00,read,key_767,1.75,false,false,0
2025-11-27T17:13:05.635863-08:00,read,key_764,1.50,false,false,0
2025-11-27T17:13:05.646911-08:00,read,key_262,1.51,false,false,0
2025-11-27T17:13:05.657964-08:00,read,key_419,1.51,false,false,0
2025-11-27T17:13:05.669136-08:00,read,key_777,1.33,false,false,0
2025-11-27T17:13:05.679748-08:00,read,key_786,1.83,false,false,0
2025-11-27T17:13:05.690866-08:00,read,key_891,1.65,false,false,0
2025-11-27T17:13:05.701967-08:00,read,key_416,2.06,false,false,0
2025-11-27T17:13:05.71273-08:00,read,key_413,2.73,false,false,0
2025-11-27T17:13:05.723782-08:00,read,key_318,1.62,false,false,0
2025-11-27T17:13:05.734888-08:00,read,key_770,1.90,false,false,0
2025-11-27T17:13:05.746059-08:00,read,key_603,2.85,false,false,0
2025-11-27T17:13:05.756534-08:00,read,key_319,1.63,false,false,0
2025-11-27T17:13:05.767697-08:00,read,key_614,1.91,false,false,0
2025-11-27T17:13:05.778536-08:00,read,key_412,2.66,false,false,0
2025-11-27T17:13:05.789168-08:00,read,key_605,1.23,false,false,0
2025-11-27T17:13:05.799599-08:00,read,key_957,1.48,false,false,0
2025-11-27T17:13:05.809931-08:00,read,key_291,2.02,false,false,0
2025-11-27T17:13:05.821079-08:00,read,key_318,2.48,false,false,0
2025-11-27T17:13:05.83208-08:00,read,key_971,1.59,false,false,0
2025-11-27T17:13:05.843226-08:00,read,key_618,1.77,false,false,0
2025-11-27T17:13:05.854059-08:00,read,key_318,2.54,false,false,0
2025-11-27T17:13:05.864332-08:00,read,key_153,1.53,false,false,0
2025-11-27T17:13:05.874729-08:00,read,key_706,1.55,false,false,0
2025-11-27T17:13:05.885089-08:00,read,key_736,1.77,false,false,0
2025-11-27T17:13:05.895211-08:00,read,key_710,2.98,false,false,0
2025-11-27T17:13:05.906234-08:00,read,key_209,2.11,false,false,0
2025-11-27T17:13:05.917359-08:00,read,key_580,1.80,false,false,0
2025-11-27T17:13:05.927612-08:00,read,key_142,1.77,false,false,0
2025-11-27T17:13:05.937904-08:00,read,key_409,2.65,false,false,0
2025-11-27T17:13:05.948932-08:00,read,key_167,1.88,false,false,0
2025-11-27T17:13:05.95989-08:00,read,key_817,1.55,false,false,0
2025-11-27T17:13:05.970503-08:00,read,key_354,2.09,false,false,0
2025-11-27T17:13:05.980869-08:00,read,key_14,1.67,false,false,0
2025-11-27T17:13:05.992001-08:00,read,key_879,1.42,false,false,0
2025-11-27T17:13:06.003165-08:00,read,key_983,2.92,false,false,0
2025-11-27T17:13:06.014168-08:00,read,key_180,1.90,false,false,0
2025-11-27T17:13:06.024939-08:00,read,key_677,1.44,false,false,0
2025-11-27T17:13:06.036075-08:00,read,key_39,1.79,false,false,0
2025-11-27T17:13:06.047526-08:00,read,key_981,2.19,true,false,1
2025-11-27T17:13:06.058244-08:00,read,key_431,1.53,false,false,0
2025-11-27T17:13:06.069366-08:00,read,key_472,1.89,false,false,0
2025-11-27T17:13:06.080845-08:00,read,key_109,1.75,false,false,0
2025-11-27T17:13:06.091337-08:00,read,key_221,1.61,false,false,0
2025-11-27T17:13:06.102159-08:00,read,key_574,2.06,false,false,0
2025-11-27T17:13:06.112915-08:00,read,key_350,2.69,false,false,0
2025-11-27T17:13:06.123946-08:00,read,key_630,1.67,false,false,0
2025-11-27T17:13:06.135118-08:00,read,key_604,1.99,false,false,0
2025-11-27T17:13:06.146297-08:00,read,key_96,2.90,true,false,3
2025-11-27T17:13:06.156825-08:00,read,key_298,1.35,false,false,0
2025-11-27T17:13:06.167946-08:00,read,key_700,2.04,false,false,0
2025-11-27T17:13:06.179007-08:00,read,key_222,1.38,false,false,0
2025-11-27T17:13:06.190065-08:00,read,key_421,1.52,false,false,0
2025-11-27T17:13:06.201138-08:00,read,key_222,1.74,false,false,0
2025-11-27T17:13:06.212004-08:00,read,key_108,1.56,false,false,0
2025-11-27T17:13:06.223099-08:00,read,key_282,1.73,false,false,0
2025-11-27T17:13:06.234244-08:00,read,key_415,1.54,false,false,0
2025-11-27T17:13:06.245379-08:00,read,key_605,2.28,false,false,0
2025-11-27T17:13:06.255765-08:00,read,key_253,1.47,false,false,0
2025-11-27T17:13:06.266588-08:00,read,key_976,1.45,false,false,0
2025-11-27T17:13:06.277679-08:00,read,key_860,1.39,false,false,0
2025-11-27T17:13:06.28941-08:00,read,key_429,1.56,false,false,0
2025-11-27T17:13:06.300504-08:00,read,key_315,1.68,false,false,0
2025-11-27T17:13:06.311617-08:00,read,key_49,2.71,false,false,0
2025-11-27T17:13:06.323058-08:00,read,key_229,1.64,false,false,0
2025-11-27T17:13:06.333243-08:00,read,key_347,1.71,false,false,0
2025-11-27T17:13:06.344365-08:00,read,key_762,1.99,false,false,0
2025-11-27T17:13:06.35588-08:00,read,key_702,2.20,false,false,0
2025-11-27T17:13:06.366547-08:00,read,key_979,1.46,false,false,0
2025-11-27T17:13:06.377673-08:00,read,key_466,1.69,false,false,0
2025-11-27T17:13:06.387907-08:00,read,key_19,1.99,false,false,0
2025-11-27T17:13:06.398941-08:00,read,key_419,1.42,false,false,0
2025-11-27T17:13:06.410073-08:00,read,key_17,1.95,false,false,0
2025-11-27T17:13:06.420262-08:00,read,key_315,2.39,false,false,0
2025-11-27T17:13:06.430815-08:00,read,key_635,1.80,false,false,0
2025-11-27T17:13:06.441746-08:00,read,key_586,1.35,false,false,0
2025-11-27T17:13:06.452919-08:00,read,key_191,3.16,false,false,0
2025-11-27T17:13:06.46396-08:00,read,key_858,1.85,false,false,0
2025-11-27T17:13:06.474727-08:00,read,key_938,1.56,false,false,0
2025-11-27T17:13:06.485822-08:00,read,key_101,2.28,false,false,0
2025-11-27T17:13:06.49665-08:00,read,key_404,2.59,false,false,0
2025-11-27T17:13:06.507709-08:00,read,key_162,1.44,false,false,0
2025-11-27T17:13:06.518866-08:00,read,key_550,2.16,false,false,0
2025-11-27T17:13:06.52982-08:00,read,key_170,2.80,false,false,0
2025-11-27T17:13:06.540881-08:00,read,key_319,1.33,false,false,0
2025-11-27T17:13:06.551193-08:00,read,key_222,1.42,false,false,0
2025-11-27T17:13:06.562442-08:00,read,key_428,2.95,false,false,0
2025-11-27T17:13:06.572987-08:00,read,key_632,1.61,false,false,0
2025-11-27T17:13:06.583213-08:00,read,key_226,1.68,false,false,0
2025-11-27T17:13:06.594342-08:00,read,key_763,2.00,false,false,0
2025-11-27T17:13:06.60523-08:00,read,key_285,2.35,false,false,0
2025-11-27T17:13:06.616058-08:00,read,key_927,1.67,false,false,0
2025-11-27T17:13:06.626992-08:00,read,key_191,1.83,false,false,0
2025-11-27T17:13:06.637886-08:00,read,key_282,3.19,false,false,0
2025-11-27T17:13:06.64889-08:00,read,key_955,1.67,false,false,0
2025-11-27T17:13:06.660011-08:00,read,key_586,2.17,false,false,0
2025-11-27T17:13:06.671197-08:00,read,key_298,2.91,false,false,0
2025-11-27T17:13:06.681622-08:00,read,key_609,1.70,false,false,0
2025-11-27T17:13:06.692758-08:00,read,key_314,1.67,false,false,0
2025-11-27T17:13:06.703545-08:00,read,key_165,2.92,false,false,0
2025-11-27T17:13:06.714586-08:00,read,key_969,1.75,false,false,0
2025-11-27T17:13:06.7257-08:00,read,key_693,1.48,false,false,0
2025-11-27T17:13:06.736893-08:00,read,key_754,2.75,false,false,0
2025-11-27T17:13:06.747893-08:00,read,key_579,1.65,false,false,0
2025-11-27T17:13:06.759033-08:00,read,key_616,1.41,false,false,0
2025-11-27T17:13:06.770166-08:00,read,key_111,2.51,false,false,0
2025-11-27T17:13:06.781258-08:00,read,key_813,1.47,false,false,0
2025-11-27T17:13:06.792402-08:00,read,key_146,1.72,false,false,0
2025-11-27T17:13:06.803262-08:00,read,key_959,2.75,false,false,0
2025-11-27T17:13:06.814338-08:00,read,key_604,1.73,false,false,0
2025-11-27T17:13:06.824877-08:00,read,key_434,1.60,false,false,0
2025-11-27T17:13:06.836006-08:00,read,key_196,1.82,false,false,0
2025-11-27T17:13:06.8474-08:00,read,key_700,1.75,false,false,0
2025-11-27T17:13:06.858214-08:00,read,key_776,1.61,false,false,0
2025-11-27T17:13:06.869352-08:00,read,key_852,2.48,false,false,0
2025-11-27T17:13:06.879485-08:00,read,key_221,2.70,false,false,0
2025-11-27T17:13:06.890549-08:00,read,key_0,1.42,false,false,0
2025-11-27T17:13:06.901274-08:00,read,key_581,1.80,false,false,0
2025-11-27T17:13:06.912408-08:00,read,key_163,2.93,false,false,0
2025-11-27T17:13:06.923456-08:00,read,key_288,1.61,false,false,0
2025-11-27T17:13:06.934585-08:00,read,key_9,1.60,false,false,0
2025-11-27T17:13:06.94532-08:00,read,key_906,2.34,false,false,0
2025-11-27T17:13:06.9564-08:00,read,key_677,2.06,false,false,0
2025-11-27T17:13:06.967502-08:00,read,key_1,1.46,false,false,0
2025-11-27T17:13:06.978576-08:00,read,key_17,2.47,false,false,0
2025-11-27T17:13:06.989419-08:00,read,key_863,1.76,false,false,0
2025-11-27T17:13:07.000534-08:00,read,key_769,1.54,false,false,0
2025-11-27T17:13:07.022901-08:00,read,key_707,1.75,false,false,0
2025-11-27T17:13:07.034053-08:00,read,key_799,5.28,false,false,0
2025-11-27T17:13:07.044702-08:00,read,key_115,2.96,false,false,0
2025-11-27T17:13:07.055175-08:00,read,key_29,2.54,false,false,0
2025-11-27T17:13:07.066228-08:00,read,key_987,1.34,false,false,0
2025-11-27T17:13:07.077379-08:00,read,key_809,1.93,false,false,0
2025-11-27T17:13:07.087879-08:00,read,key_985,2.84,false,false,0
2025-11-27T17:13:07.098927-08:00,read,key_954,1.52,false,false,0
2025-11-27T17:13:07.109846-08:00,read,key_190,1.68,false,false,0
2025-11-27T17:13:07.120923-08:00,read,key_691,2.06,false,false,0
2025-11-27T17:13:07.131519-08:00,read,key_182,1.50,false,false,0
2025-11-27T17:13:07.142596-08:00,read,key_151,1.39,false,false,0
2025-11-27T17:13:07.153725-08:00,read,key_137,3.28,false,false,0
2025-11-27T17:13:07.164691-08:00,read,key_704,1.43,false,false,0
2025-11-27T17:13:07.175789-08:00,read,key_866,1.48,false,false,0
2025-11-27T17:13:07.186915-08:00,read,key_763,2.63,false,false,0
2025-11-27T17:13:07.197875-08:00,read,key_38,1.65,false,false,0
2025-11-27T17:13:07.209006-08:00,read,key_479,1.58,false,false,0
2025-11-27T17:13:07.220077-08:00,read,key_149,3.09,false,false,0
2025-11-27T17:13:07.231107-08:00,read,key_347,1.77,false,false,0
2025-11-27T17:13:07.242089-08:00,read,key_988,1.67,false,false,0
2025-11-27T17:13:07.253246-08:00,read,key_886,2.79,false,false,0
2025-11-27T17:13:07.264321-08:00,read,key_987,1.76,false,false,0
2025-11-27T17:13:07.275436-08:00,read,key_562,1.54,false,false,0
2025-11-27T17:13:07.286549-08:00,read,key_156,2.66,false,false,0
2025-11-27T17:13:07.296787-08:00,read,key_190,2.14,false,false,0
2025-11-27T17:13:07.30771-08:00,read,key_195,1.42,false,false,0
2025-11-27T17:13:07.318841-08:00,read,key_858,2.11,false,false,0
2025-11-27T17:13:07.011594-08:00,write,key_368,311.25,true,false,6
2025-11-27T17:13:07.329502-08:00,read,key_366,2.07,false,false,0
2025-11-27T17:13:07.340631-08:00,read,key_967,1.58,false,false,0
2025-11-27T17:13:07.3511-08:00,read,key_133,1.51,false,false,0
2025-11-27T17:13:07.36277-08:00,read,key_558,2.93,false,false,0
2025-11-27T17:13:07.373767-08:00,read,key_730,1.86,true,false,4
2025-11-27T17:13:07.384564-08:00,read,key_630,1.94,false,false,0
2025-11-27T17:13:07.395593-08:00,read,key_222,2.49,false,false,0
2025-11-27T17:13:07.406396-08:00,read,key_845,1.45,false,false,0
2025-11-27T17:13:07.416542-08:00,read,key_980,1.44,false,false,0
2025-11-27T17:13:07.427684-08:00,read,key_873,1.43,false,false,0
2025-11-27T17:13:07.438807-08:00,read,key_263,1.86,false,false,0
2025-11-27T17:13:07.449855-08:00,read,key_586,1.72,false,false,0
2025-11-27T17:13:07.460987-08:00,read,key_815,2.71,false,false,0
2025-11-27T17:13:07.471728-08:00,read,key_554,1.78,false,false,0
2025-11-27T17:13:07.482824-08:00,read,key_521,1.77,false,false,0
2025-11-27T17:13:07.493469-08:00,read,key_901,1.55,false,false,0
2025-11-27T17:13:07.504773-08:00,read,key_655,2.35,false,false,0
2025-11-27T17:13:07.515871-08:00,read,key_748,1.82,false,false,0
2025-11-27T17:13:07.52706-08:00,read,key_241,1.74,false,false,0
2025-11-27T17:13:07.538542-08:00,read,key_190,2.64,false,false,0
2025-11-27T17:13:07.549573-08:00,read,key_412,1.76,false,false,0
2025-11-27T17:13:07.560722-08:00,read,key_659,2.42,false,false,0
2025-11-27T17:13:07.571778-08:00,read,key_659,2.69,false,false,0
2025-11-27T17:13:07.582677-08:00,read,key_669,1.85,false,false,0
2025-11-27T17:13:07.593881-08:00,read,key_588,2.73,false,false,0
2025-11-27T17:13:07.605046-08:00,read,key_952,1.53,false,false,0
2025-11-27T17:13:07.616057-08:00,read,key_31,1.63,false,false,0
2025-11-27T17:13:07.627237-08:00,read,key_347,1.92,false,false,0
2025-11-27T17:13:07.638305-08:00,read,key_578,2.55,false,false,0
2025-11-27T17:13:07.64934-08:00,read,key_267,1.76,false,false,0
2025-11-27T17:13:07.660534-08:00,read,key_260,1.57,false,false,0
2025-11-27T17:13:07.671685-08:00,read,key_546,1.83,false,false,0
2025-11-27T17:13:07.6828-08:00,read,key_559,1.62,false,false,0
2025-11-27T17:13:07.69326-08:00,read,key_10,1.68,false,false,0
2025-11-27T17:13:07.704379-08:00,read,key_753,1.78,false,false,0
2025-11-27T17:13:07.71547-08:00,read,key_659,1.33,false,false,0
2025-11-27T17:13:07.726557-08:00,read,key_664,1.53,false,false,0
2025-11-27T17:13:07.737629-08:00,read,key_987,1.36,false,false,0
2025-11-27T17:13:07.748715-08:00,read,key_108,1.34,false,false,0
2025-11-27T17:13:07.759786-08:00,read,key_786,1.51,false,false,0
2025-11-27T17:13:07.770856-08:00,read,key_286,1.20,false,false,0
2025-11-27T17:13:07.781935-08:00,read,key_156,1.93,false,false,0
2025-11-27T17:13:07.793001-08:00,read,key_955,1.51,false,false,0
2025-11-27T17:13:07.804082-08:00,read,key_666,1.29,false,false,0
2025-11-27T17:13:07.815141-08:00,read,key_696,1.53,false,false,0
2025-11-27T17:13:07.826224-08:00,read,key_621,1.21,false,false,0
2025-11-27T17:13:07.837292-08:00,read,key_313,1.03,false,false,0
2025-11-27T17:13:07.847395-08:00,read,key_950,1.27,false,false,0
2025-11-27T17:13:07.858453-08:00,read,key_161,1.33,false,false,0
2025-11-27T17:13:07.869328-08:00,read,key_163,1.43,false,false,0
2025-11-27T17:13:07.879429-08:00,read,key_872,1.38,false,false,0
2025-11-27T17:13:07.890506-08:00,read,key_899,1.32,false,false,0
2025-11-27T17:13:07.901575-08:00,read,key_660,1.51,false,false,0
2025-11-27T17:13:07.912659-08:00,read,key_171,0.85,false,false,0
2025-11-27T17:13:07.923412-08:00,read,key_136,1.70,false,false,0
2025-11-27T17:13:07.934482-08:00,read,key_540,1.05,false,false,0
2025-11-27T17:13:07.945463-08:00,read,key_497,1.24,false,false,0
2025-11-27T17:13:07.956569-08:00,read,key_585,1.94,false,false,0
2025-11-27T17:13:07.967631-08:00,read,key_623,1.39,false,false,0
2025-11-27T17:13:07.978685-08:00,read,key_821,1.28,false,false,0
2025-11-27T17:13:07.989484-08:00,read,key_275,1.96,false,false,0
2025-11-27T17:13:08.000594-08:00,read,key_209,1.49,false,false,0
2025-11-27T17:13:08.011544-08:00,read,key_280,2.50,false,false,0
2025-11-27T17:13:08.022722-08:00,read,key_137,1.40,false,false,0
2025-11-27T17:13:08.033218-08:00,read,key_430,1.40,false,false,0
2025-11-27T17:13:08.044331-08:00,read,key_650,1.37,false,false,0
2025-11-27T17:13:08.054995-08:00,read,key_223,1.48,false,false,0
2025-11-27T17:13:08.066125-08:00,read,key_568,1.57,false,false,0
2025-11-27T17:13:08.07722-08:00,read,key_442,1.89,false,false,0
2025-11-27T17:13:08.088012-08:00,read,key_800,2.81,false,false,0
2025-11-27T17:13:08.099006-08:00,read,key_745,1.58,false,false,0
2025-11-27T17:13:08.109869-08:00,read,key_808,1.43,false,false,0
2025-11-27T17:13:08.120214-08:00,read,key_220,2.61,false,false,0
2025-11-27T17:13:08.131277-08:00,read,key_870,1.71,false,false,0
2025-11-27T17:13:08.14152-08:00,read,key_699,1.41,false,false,0
2025-11-27T17:13:08.152688-08:00,read,key_898,4.53,false,false,0
2025-11-27T17:13:08.16396-08:00,read,key_759,2.04,false,false,0
2025-11-27T17:13:08.185489-08:00,read,key_349,2.88,false,false,0
2025-11-27T17:13:08.196908-08:00,read,key_360,1.99,false,false,0
2025-11-27T17:13:08.208012-08:00,read,key_760,1.37,false,false,0
2025-11-27T17:13:08.218246-08:00,read,key_24,1.27,false,false,0
2025-11-27T17:13:08.229411-08:00,read,key_670,3.20,false,false,0
2025-11-27T17:13:08.240164-08:00,read,key_599,1.70,false,false,0
2025-11-27T17:13:08.251274-08:00,read,key_859,1.69,false,false,0
2025-11-27T17:13:08.261987-08:00,read,key_655,2.57,false,false,0
2025-11-27T17:13:08.273061-08:00,read,key_430,1.24,false,false,0
2025-11-27T17:13:08.28328-08:00,read,key_133,1.44,false,false,0
2025-11-27T17:13:08.294446-08:00,read,key_370,4.13,false,false,0
2025-11-27T17:13:08.304903-08:00,read,key_580,2.36,false,false,0
2025-11-27T17:13:08.316007-08:00,read,key_25,1.35,false,false,0
2025-11-27T17:13:08.327134-08:00,read,key_242,3.82,false,false,0
2025-11-27T17:13:08.337865-08:00,read,key_193,2.87,true,false,7
2025-11-27T17:13:08.348862-08:00,read,key_740,1.65,false,false,0
2025-11-27T17:13:08.360013-08:00,read,key_26,1.88,false,false,0
2025-11-27T17:13:08.371245-08:00,read,key_870,2.54,false,false,0
2025-11-27T17:13:08.381391-08:00,read,key_346,1.78,false,false,0
2025-11-27T17:13:08.391501-08:00,read,key_871,1.65,false,false,0
2025-11-27T17:13:08.402987-08:00,read,key_244,4.79,false,false,0
2025-11-27T17:13:08.413622-08:00,read,key_650,1.69,false,false,0
2025-11-27T17:13:08.424796-08:00,read,key_870,1.63,false,false,0
2025-11-27T17:13:08.435952-08:00,read,key_222,2.63,false,false,0
2025-11-27T17:13:08.44702-08:00,read,key_654,2.39,false,false,0
2025-11-27T17:13:08.457984-08:00,read,key_976,1.73,false,false,0
2025-11-27T17:13:08.469122-08:00,read,key_297,2.77,false,false,0
2025-11-27T17:13:08.479421-08:00,read,key_379,2.73,false,false,0
2025-11-27T17:13:08.174355-08:00,write,key_193,307.84,true,false,7
2025-11-27T17:13:08.490134-08:00,read,key_290,1.67,false,false,0
2025-11-27T17:13:08.500923-08:00,read,key_313,1.61,false,false,0
2025-11-27T17:13:08.51207-08:00,read,key_773,3.10,false,false,0
2025-11-27T17:13:08.523106-08:00,read,key_135,1.59,false,false,0
2025-11-27T17:13:08.534218-08:00,read,key_114,1.68,false,false,0
2025-11-27T17:13:08.545968-08:00,read,key_557,2.76,false,false,0
2025-11-27T17:13:08.556988-08:00,read,key_749,1.52,false,false,0
2025-11-27T17:13:08.568124-08:00,read,key_316,1.75,false,false,0
2025-11-27T17:13:08.578524-08:00,read,key_462,2.60,false,false,0
2025-11-27T17:13:08.589586-08:00,read,key_228,1.61,false,false,0
2025-11-27T17:13:08.600736-08:00,read,key_377,1.55,false,false,0
2025-11-27T17:13:08.611812-08:00,read,key_970,3.37,false,false,0
2025-11-27T17:13:08.622739-08:00,read,key_626,1.34,false,false,0
2025-11-27T17:13:08.633202-08:00,read,key_438,1.60,false,false,0
2025-11-27T17:13:08.643684-08:00,read,key_603,1.65,false,false,0
2025-11-27T17:13:08.65483-08:00,read,key_957,2.82,false,false,0
2025-11-27T17:13:08.665863-08:00,read,key_61,1.89,false,false,0
2025-11-27T17:13:08.676529-08:00,read,key_396,1.81,false,false,0
2025-11-27T17:13:08.688433-08:00,read,key_181,2.24,false,false,0
2025-11-27T17:13:08.699358-08:00,read,key_974,1.83,false,false,0
2025-11-27T17:13:08.710497-08:00,read,key_369,1.34,false,false,0
2025-11-27T17:13:08.721648-08:00,read,key_102,1.81,false,false,0
2025-11-27T17:13:08.732178-08:00,read,key_224,1.64,false,false,0
2025-11-27T17:13:08.743367-08:00,read,key_81,1.34,false,false,0
2025-11-27T17:13:08.755045-08:00,read,key_301,2.78,false,false,0
2025-11-27T17:13:08.766128-08:00,read,key_779,1.72,false,false,0
2025-11-27T17:13:08.777269-08:00,read,key_796,1.56,false,false,0
2025-11-27T17:13:08.787786-08:00,read,key_542,2.34,false,false,0
2025-11-27T17:13:08.798157-08:00,read,key_671,1.73,false,false,0
2025-11-27T17:13:08.808692-08:00,read,key_512,1.45,false,false,0
2025-11-27T17:13:08.819084-08:00,read,key_342,1.78,false,false,0
2025-11-27T17:13:08.830634-08:00,read,key_287,2.28,false,false,0
2025-11-27T17:13:08.841701-08:00,read,key_663,1.74,false,false,0
2025-11-27T17:13:08.852795-08:00,read,key_394,2.36,false,false,0
2025-11-27T17:13:08.863937-08:00,read,key_547,1.97,false,false,0
2025-11-27T17:13:08.874881-08:00,read,key_527,1.95,false,false,0
2025-11-27T17:13:08.885534-08:00,read,key_310,1.70,false,false,0
2025-11-27T17:13:08.895967-08:00,read,key_583,2.80,false,false,0
2025-11-27T17:13:08.906233-08:00,read,key_180,1.55,false,false,0
2025-11-27T17:13:08.917376-08:00,read,key_410,1.77,false,false,0
2025-11-27T17:13:08.928552-08:00,read,key_407,2.45,false,false,0
2025-11-27T17:13:08.939615-08:00,read,key_574,1.48,false,false,0
2025-11-27T17:13:08.950614-08:00,read,key_666,1.60,false,false,0
2025-11-27T17:13:08.961759-08:00,read,key_93,2.64,false,false,0
2025-11-27T17:13:08.972778-08:00,read,key_873,1.84,false,false,0
2025-11-27T17:13:08.983858-08:00,read,key_171,1.55,false,false,0
2025-11-27T17:13:08.995026-08:00,read,key_40,2.94,false,false,0
2025-11-27T17:13:09.00605-08:00,read,key_27,1.61,false,false,0
2025-11-27T17:13:09.016477-08:00,read,key_704,1.83,false,false,0
2025-11-27T17:13:09.027245-08:00,read,key_85,2.10,false,false,0
2025-11-27T17:13:09.038373-08:00,read,key_982,2.41,true,false,5
2025-11-27T17:13:09.048818-08:00,read,key_637,1.55,false,false,0
2025-11-27T17:13:09.059934-08:00,read,key_145,1.77,false,false,0
2025-11-27T17:13:09.071176-08:00,read,key_602,2.24,false,false,0
2025-11-27T17:13:09.082267-08:00,read,key_817,1.73,false,false,0
2025-11-27T17:13:09.093345-08:00,read,key_177,1.53,false,false,0
2025-11-27T17:13:09.103598-08:00,read,key_209,2.37,false,false,0
2025-11-27T17:13:09.114637-08:00,read,key_184,1.72,false,false,0
2025-11-27T17:13:09.124856-08:00,read,key_668,1.52,false,false,0
2025-11-27T17:13:09.134994-08:00,read,key_465,1.49,false,false,0
2025-11-27T17:13:09.146177-08:00,read,key_132,3.14,false,false,0
2025-11-27T17:13:09.157153-08:00,read,key_747,1.55,false,false,0
2025-11-27T17:13:09.168267-08:00,read,key_28,1.70,false,false,0
2025-11-27T17:13:09.178662-08:00,read,key_888,2.57,false,false,0
2025-11-27T17:13:09.189493-08:00,read,key_4,1.65,false,false,0
2025-11-27T17:13:09.200686-08:00,read,key_316,1.76,false,false,0
2025-11-27T17:13:09.21154-08:00,read,key_797,2.64,false,false,0
2025-11-27T17:13:09.22236-08:00,read,key_809,1.88,false,false,0
2025-11-27T17:13:09.233481-08:00,read,key_639,2.00,false,false,0
2025-11-27T17:13:09.244574-08:00,read,key_805,1.80,false,false,0
2025-11-27T17:13:09.255679-08:00,read,key_871,1.75,false,false,0
2025-11-27T17:13:09.26683-08:00,read,key_169,1.97,false,false,0
2025-11-27T17:13:09.277864-08:00,read,key_466,1.90,false,false,0
2025-11-27T17:13:09.289016-08:00,read,key_811,1.68,false,false,0
2025-11-27T17:13:09.300128-08:00,read,key_424,1.52,false,false,0
2025-11-27T17:13:09.311134-08:00,read,key_475,2.12,false,false,0
2025-11-27T17:13:09.322361-08:00,read,key_347,2.04,false,false,0
2025-11-27T17:13:09.333428-08:00,read,key_462,1.89,false,false,0
2025-11-27T17:13:09.344526-08:00,read,key_660,2.20,false,false,0
2025-11-27T17:13:09.354772-08:00,read,key_31,2.77,false,false,0
2025-11-27T17:13:09.365753-08:00,read,key_395,1.53,false,false,0
2025-11-27T17:13:09.376443-08:00,read,key_467,1.64,false,false,0
2025-11-27T17:13:09.387557-08:00,read,key_363,2.67,false,false,0
2025-11-27T17:13:09.398586-08:00,read,key_854,1.51,false,false,0
2025-11-27T17:13:09.409708-08:00,read,key_988,1.80,false,false,0
2025-11-27T17:13:09.420314-08:00,read,key_367,2.12,false,false,0
2025-11-27T17:13:09.431639-08:00,read,key_341,2.82,false,false,0
2025-11-27T17:13:09.442653-08:00,read,key_379,1.58,false,false,0
2025-11-27T17:13:09.452953-08:00,read,key_823,1.83,false,false,0
2025-11-27T17:13:09.464118-08:00,read,key_971,1.71,false,false,0
2025-11-27T17:13:09.47433-08:00,read,key_106,1.51,false,false,0
2025-11-27T17:13:09.485481-08:00,read,key_130,3.11,false,false,0
2025-11-27T17:13:09.495976-08:00,read,key_176,2.86,false,false,0
2025-11-27T17:13:09.507009-08:00,read,key_818,1.73,false,false,0
2025-11-27T17:13:09.517779-08:00,read,key_721,1.57,false,false,0
2025-11-27T17:13:09.528968-08:00,read,key_571,2.88,false,false,0
2025-11-27T17:13:09.539998-08:00,read,key_668,1.71,false,false,0
2025-11-27T17:13:09.550518-08:00,read,key_292,1.47,true,false,2
2025-11-27T17:13:09.561689-08:00,read,key_897,2.74,false,false,0
2025-11-27T17:13:09.57287-08:00,read,key_768,1.99,false,false,0
2025-11-27T17:13:09.583189-08:00,read,key_179,1.37,false,false,0
2025-11-27T17:13:09.594344-08:00,read,key_6,1.69,false,false,0
2025-11-27T17:13:09.604832-08:00,read,key_312,2.71,false,false,0
2025-11-27T17:13:09.615318-08:00,read,key_250,1.59,false,false,0
2025-11-27T17:13:09.626415-08:00,read,key_272,1.50,false,false,0
2025-11-27T17:13:09.637184-08:00,read,key_138,2.55,false,false,0
2025-11-27T17:13:09.647711-08:00,read,key_275,1.64,false,false,0
2025-11-27T17:13:09.658565-08:00,read,key_299,1.73,false,false,0
2025-11-27T17:13:09.66969-08:00,read,key_210,3.38,false,false,0
2025-11-27T17:13:09.681375-08:00,read,key_877,1.66,false,false,0
2025-11-27T17:13:09.692503-08:00,read,key_987,1.60,false,false,0
2025-11-27T17:13:09.703664-08:00,read,key_791,3.33,false,false,0
2025-11-27T17:13:09.714601-08:00,read,key_208,1.73,false,false,0
2025-11-27T17:13:09.725742-08:00,read,key_981,1.70,true,false,1
2025-11-27T17:13:09.736937-08:00,read,key_678,2.79,false,false,0
2025-11-27T17:13:09.748075-08:00,read,key_141,1.58,false,false,0
2025-11-27T17:13:09.759214-08:00,read,key_937,1.70,false,false,0
2025-11-27T17:13:09.770408-08:00,read,key_582,2.86,false,false,0
2025-11-27T17:13:09.781403-08:00,read,key_466,1.56,false,false,0
2025-11-27T17:13:09.792562-08:00,read,key_362,1.89,false,false,0
2025-11-27T17:13:09.803634-08:00,read,key_375,3.29,false,false,0
2025-11-27T17:13:09.814538-08:00,read,key_985,1.57,false,false,0
2025-11-27T17:13:09.825671-08:00,read,key_351,1.83,false,false,0
2025-11-27T17:13:09.846626-08:00,read,key_955,2.17,false,false,0
2025-11-27T17:13:09.857068-08:00,read,key_437,1.76,false,false,0
2025-11-27T17:13:09.86737-08:00,read,key_660,1.59,false,false,0
2025-11-27T17:13:09.878504-08:00,read,key_966,2.22,false,false,0
2025-11-27T17:13:09.889575-08:00,read,key_290,1.67,false,false,0
2025-11-27T17:13:09.900467-08:00,read,key_83,3.68,false,false,0
2025-11-27T17:13:09.911337-08:00,read,key_218,1.53,false,false,0
2025-11-27T17:13:09.922243-08:00,read,key_872,1.83,false,false,0
2025-11-27T17:13:09.933367-08:00,read,key_167,1.58,false,false,0
2025-11-27T17:13:09.944525-08:00,read,key_2,1.90,false,false,0
2025-11-27T17:13:09.955707-08:00,read,key_113,1.68,false,false,0
2025-11-27T17:13:09.96686-08:00,read,key_133,1.67,false,false,0
2025-11-27T17:13:09.977835-08:00,read,key_659,2.94,false,false,0
2025-11-27T17:13:09.989184-08:00,read,key_755,1.65,false,false,0
2025-11-27T17:13:09.999828-08:00,read,key_816,1.54,false,false,0
2025-11-27T17:13:10.010148-08:00,read,key_156,2.06,false,false,0
2025-11-27T17:13:10.021624-08:00,read,key_901,2.09,false,false,0
2025-11-27T17:13:10.032768-08:00,read,key_274,1.55,false,false,0
2025-11-27T17:13:10.043306-08:00,read,key_961,1.62,false,false,0
2025-11-27T17:13:10.055024-08:00,read,key_963,2.08,false,false,0
2025-11-27T17:13:10.066128-08:00,read,key_620,1.76,false,false,0
2025-11-27T17:13:10.07871-08:00,read,key_184,3.49,false,false,0
2025-11-27T17:13:10.089711-08:00,read,key_896,1.85,false,false,0
2025-11-27T17:13:10.099904-08:00,read,key_861,1.47,false,false,0
2025-11-27T17:13:10.111025-08:00,read,key_733,1.70,false,false,0
2025-11-27T17:13:10.1222-08:00,read,key_678,1.64,false,false,0
2025-11-27T17:13:10.133307-08:00,read,key_44,1.55,false,false,0
2025-11-27T17:13:09.836272-08:00,write,key_717,308.28,true,false,8
2025-11-27T17:13:10.144203-08:00,read,key_297,1.05,false,false,0
2025-11-27T17:13:10.154605-08:00,read,key_297,2.43,false,false,0
2025-11-27T17:13:10.16569-08:00,read,key_299,1.48,false,false,0
2025-11-27T17:13:10.176122-08:00,read,key_311,1.71,false,false,0
2025-11-27T17:13:10.189021-08:00,read,key_411,1.98,false,false,0
2025-11-27T17:13:10.19984-08:00,read,key_296,1.52,false,false,0
2025-11-27T17:13:10.211014-08:00,read,key_4,1.75,false,false,0
2025-11-27T17:13:10.221474-08:00,read,key_290,1.80,false,false,0
2025-11-27T17:13:10.232607-08:00,read,key_157,1.83,false,false,0
2025-11-27T17:13:10.243005-08:00,read,key_895,1.93,false,false,0
2025-11-27T17:13:10.254184-08:00,read,key_462,2.69,false,false,0
2025-11-27T17:13:10.264683-08:00,read,key_605,1.52,false,false,0
2025-11-27T17:13:10.275771-08:00,read,key_95,1.48,false,false,0
2025-11-27T17:13:10.286917-08:00,read,key_495,2.45,false,false,0
2025-11-27T17:13:10.297907-08:00,read,key_632,1.52,false,false,0
2025-11-27T17:13:10.309036-08:00,read,key_203,1.49,false,false,0
2025-11-27T17:13:10.320208-08:00,read,key_459,2.96,false,false,0
2025-11-27T17:13:10.331204-08:00,read,key_141,0.93,false,false,0
2025-11-27T17:13:10.34233-08:00,read,key_156,1.23,false,false,0
2025-11-27T17:13:10.352765-08:00,read,key_513,1.49,false,false,0
2025-11-27T17:13:10.364042-08:00,read,key_827,1.44,false,false,0
2025-11-27T17:13:10.375178-08:00,read,key_221,1.35,false,false,0
2025-11-27T17:13:10.386247-08:00,read,key_303,2.56,false,false,0
2025-11-27T17:13:10.39745-08:00,read,key_134,1.44,false,false,0
2025-11-27T17:13:10.408364-08:00,read,key_373,1.54,false,false,0
2025-11-27T17:13:10.418664-08:00,read,key_410,1.76,false,false,0
2025-11-27T17:13:10.429876-08:00,read,key_616,2.26,false,false,0
2025-11-27T17:13:10.441009-08:00,read,key_259,1.74,false,false,0
2025-11-27T17:13:10.452145-08:00,read,key_572,1.67,false,false,0
2025-11-27T17:13:10.463734-08:00,read,key_768,3.02,false,false,0
2025-11-27T17:13:10.474744-08:00,read,key_174,1.62,false,false,0
2025-11-27T17:13:10.485887-08:00,read,key_744,3.13,false,false,0
2025-11-27T17:13:10.496179-08:00,read,key_602,2.64,false,false,0
2025-11-27T17:13:10.507223-08:00,read,key_615,1.58,false,false,0
2025-11-27T17:13:10.517677-08:00,read,key_878,2.11,false,false,0
2025-11-27T17:13:10.528654-08:00,read,key_295,2.80,false,false,0
2025-11-27T17:13:10.539733-08:00,read,key_266,1.69,false,false,0
2025-11-27T17:13:10.550882-08:00,read,key_15,2.09,false,false,0
2025-11-27T17:13:10.561972-08:00,read,key_953,3.19,false,false,0
2025-11-27T17:13:10.573088-08:00,read,key_106,2.38,false,false,0
2025-11-27T17:13:10.584178-08:00,read,key_227,2.05,false,false,0
2025-11-27T17:13:10.595057-08:00,read,key_101,2.66,false,false,0
2025-11-27T17:13:10.606096-08:00,read,key_441,1.32,false,false,0
2025-11-27T17:13:10.616662-08:00,read,key_222,1.63,false,false,0
2025-11-27T17:13:10.627828-08:00,read,key_27,2.83,false,false,0
2025-11-27T17:13:10.639135-08:00,read,key_428,1.64,false,false,0
2025-11-27T17:13:10.650047-08:00,read,key_220,1.71,false,false,0
2025-11-27T17:13:10.661171-08:00,read,key_715,1.88,false,false,0
2025-11-27T17:13:10.67237-08:00,read,key_735,1.84,false,false,0
2025-11-27T17:13:10.683523-08:00,read,key_176,1.67,false,false,0
2025-11-27T17:13:10.694002-08:00,read,key_906,1.79,false,false,0
2025-11-27T17:13:10.705048-08:00,read,key_953,3.64,false,false,0
2025-11-27T17:13:10.715957-08:00,read,key_749,1.60,false,false,0
2025-11-27T17:13:10.72715-08:00,read,key_414,1.71,false,false,0
2025-11-27T17:13:10.739902-08:00,read,key_984,2.91,false,false,0
2025-11-27T17:13:10.750131-08:00,read,key_521,1.68,false,false,0
2025-11-27T17:13:10.761256-08:00,read,key_111,2.00,false,false,0
2025-11-27T17:13:10.771524-08:00,read,key_285,2.46,false,false,0
2025-11-27T17:13:10.782584-08:00,read,key_762,1.68,false,false,0
2025-11-27T17:13:10.793491-08:00,read,key_929,1.77,false,false,0
2025-11-27T17:13:10.803729-08:00,read,key_208,2.56,false,false,0
2025-11-27T17:13:10.814537-08:00,read,key_766,1.77,false,false,0
2025-11-27T17:13:10.825077-08:00,read,key_985,1.73,false,false,0
2025-11-27T17:13:10.836261-08:00,read,key_969,3.67,false,false,0
2025-11-27T17:13:10.847549-08:00,read,key_858,1.94,false,false,0
2025-11-27T17:13:10.858254-08:00,read,key_369,1.91,false,false,0
2025-11-27T17:13:10.869386-08:00,read,key_253,1.46,false,false,0
2025-11-27T17:13:10.880534-08:00,read,key_993,1.56,false,false,0
2025-11-27T17:13:10.891595-08:00,read,key_286,1.72,false,false,0
2025-11-27T17:13:10.902768-08:00,read,key_214,3.26,false,false,0
2025-11-27T17:13:10.913797-08:00,read,key_108,1.43,false,false,0
2025-11-27T17:13:10.924902-08:00,read,key_478,1.51,false,false,0
2025-11-27T17:13:10.936002-08:00,read,key_784,1.60,false,false,0
2025-11-27T17:13:10.947289-08:00,read,key_229,1.75,false,false,0
2025-11-27T17:13:10.958476-08:00,read,key_302,1.77,false,false,0
2025-11-27T17:13:10.969605-08:00,read,key_365,3.35,false,false,0
2025-11-27T17:13:10.980606-08:00,read,key_755,1.98,false,false,0
2025-11-27T17:13:10.990754-08:00,read,key_765,1.77,false,false,0
2025-11-27T17:13:11.001932-08:00,read,key_131,1.58,false,false,0
2025-11-27T17:13:11.01339-08:00,read,key_606,1.96,false,false,0
2025-11-27T17:13:11.023852-08:00,read,key_165,1.53,false,false,0
2025-11-27T17:13:11.034328-08:00,read,key_880,1.56,false,false,0
2025-11-27T17:13:11.045179-08:00,read,key_170,2.79,false,false,0
2025-11-27T17:13:11.056116-08:00,read,key_572,1.38,false,false,0
2025-11-27T17:13:11.067248-08:00,read,key_146,1.64,false,false,0
2025-11-27T17:13:11.07837-08:00,read,key_258,2.65,false,false,0
2025-11-27T17:13:11.089113-08:00,read,key_960,1.55,false,false,0
2025-11-27T17:13:11.099811-08:00,read,key_807,1.44,false,false,0
2025-11-27T17:13:11.110908-08:00,read,key_529,2.12,false,false,0
2025-11-27T17:13:11.12164-08:00,read,key_718,1.92,false,false,0
2025-11-27T17:13:11.13264-08:00,read,key_745,1.83,false,false,0
2025-11-27T17:13:11.143766-08:00,read,key_902,3.30,false,false,0
2025-11-27T17:13:11.154254-08:00,read,key_33,2.69,false,false,0
2025-11-27T17:13:11.164943-08:00,read,key_224,1.59,false,false,0
2025-11-27T17:13:11.175872-08:00,read,key_61,1.42,false,false,0
2025-11-27T17:13:11.186847-08:00,read,key_151,2.63,false,false,0
2025-11-27T17:13:11.197395-08:00,read,key_856,1.59,false,false,0
2025-11-27T17:13:11.208178-08:00,read,key_93,1.95,false,false,0
2025-11-27T17:13:11.219299-08:00,read,key_597,2.24,false,false,0
2025-11-27T17:13:11.230067-08:00,read,key_343,2.85,false,false,0
2025-11-27T17:13:11.24119-08:00,read,key_574,1.70,false,false,0
2025-11-27T17:13:11.252347-08:00,read,key_690,1.66,false,false,0
2025-11-27T17:13:11.263023-08:00,read,key_343,2.73,false,false,0
2025-11-27T17:13:11.285088-08:00,read,key_891,1.81,false,false,0
2025-11-27T17:13:11.296158-08:00,read,key_140,3.54,false,false,0
2025-11-27T17:13:11.307114-08:00,read,key_963,1.93,false,false,0
2025-11-27T17:13:11.317323-08:00,read,key_220,1.14,false,false,0
2025-11-27T17:13:11.339545-08:00,read,key_18,1.93,false,false,0
2025-11-27T17:13:11.349861-08:00,read,key_719,1.47,false,false,0
2025-11-27T17:13:11.361022-08:00,read,key_241,2.12,false,false,0
2025-11-27T17:13:11.372232-08:00,read,key_817,1.81,false,false,0
2025-11-27T17:13:11.382426-08:00,read,key_93,1.68,false,false,0
2025-11-27T17:13:11.393264-08:00,read,key_330,2.06,false,false,0
2025-11-27T17:13:11.404367-08:00,read,key_267,2.90,false,false,0
2025-11-27T17:13:11.415394-08:00,read,key_767,1.91,false,false,0
2025-11-27T17:13:11.426554-08:00,read,key_959,1.91,false,false,0
2025-11-27T17:13:11.438207-08:00,read,key_812,2.40,false,false,0
2025-11-27T17:13:11.448817-08:00,read,key_760,1.69,false,false,0
2025-11-27T17:13:11.459909-08:00,read,key_148,2.01,false,false,0
2025-11-27T17:13:11.470669-08:00,read,key_491,2.75,false,false,0
2025-11-27T17:13:11.48128-08:00,read,key_25,1.49,false,false,0
2025-11-27T17:13:11.492423-08:00,read,key_872,1.80,false,false,0
2025-11-27T17:13:11.503507-08:00,read,key_218,3.14,false,false,0
2025-11-27T17:13:11.514543-08:00,read,key_289,1.33,false,false,0
2025-11-27T17:13:11.524816-08:00,read,key_982,1.64,true,false,5
2025-11-27T17:13:11.535865-08:00,read,key_377,3.31,false,false,0
2025-11-27T17:13:11.546184-08:00,read,key_204,2.49,false,false,0
2025-11-27T17:13:11.557232-08:00,read,key_39,1.90,false,false,0
2025-11-27T17:13:11.568441-08:00,read,key_283,1.67,false,false,0
2025-11-27T17:13:11.27395-08:00,write,key_793,311.26,true,false,9
2025-11-27T17:13:11.579835-08:00,read,key_906,5.39,false,false,0
2025-11-27T17:13:11.590579-08:00,read,key_990,1.56,false,false,0
2025-11-27T17:13:11.601215-08:00,read,key_800,1.81,false,false,0
2025-11-27T17:13:11.612423-08:00,read,key_457,2.44,false,false,0
2025-11-27T17:13:11.623438-08:00,read,key_807,1.47,false,false,0
2025-11-27T17:13:11.634587-08:00,read,key_96,1.84,true,false,3
2025-11-27T17:13:11.32853-08:00,write,key_717,311.18,true,false,9
2025-11-27T17:13:11.645362-08:00,read,key_917,2.52,false,false,0
2025-11-27T17:13:11.656431-08:00,read,key_590,1.74,false,false,0
2025-11-27T17:13:11.667559-08:00,read,key_579,1.56,false,false,0
2025-11-27T17:13:11.678457-08:00,read,key_205,2.33,false,false,0
2025-11-27T17:13:11.689662-08:00,read,key_527,1.64,false,false,0
2025-11-27T17:13:11.700759-08:00,read,key_223,1.77,false,false,0
2025-11-27T17:13:11.711031-08:00,read,key_425,3.10,false,false,0
2025-11-27T17:13:11.722239-08:00,read,key_737,1.90,false,false,0
2025-11-27T17:13:11.73322-08:00,read,key_109,1.71,false,false,0
2025-11-27T17:13:11.743906-08:00,read,key_282,1.59,false,false,0
2025-11-27T17:13:11.754528-08:00,read,key_414,2.51,false,false,0
2025-11-27T17:13:11.765617-08:00,read,key_857,1.59,false,false,0
2025-11-27T17:13:11.776742-08:00,read,key_972,1.84,false,false,0
2025-11-27T17:13:11.788478-08:00,read,key_224,2.09,false,false,0
2025-11-27T17:13:11.799296-08:00,read,key_158,1.61,false,false,0
2025-11-27T17:13:11.810378-08:00,read,key_407,1.94,false,false,0
2025-11-27T17:13:11.821818-08:00,read,key_337,2.46,false,false,0
2025-11-27T17:13:11.832294-08:00,read,key_802,1.67,false,false,0
2025-11-27T17:13:11.843519-08:00,read,key_167,1.27,false,false,0
2025-11-27T17:13:11.855047-08:00,read,key_879,2.82,false,false,0
2025-11-27T17:13:11.866092-08:00,read,key_37,1.66,false,false,0
2025-11-27T17:13:11.87658-08:00,read,key_953,1.68,false,false,0
2025-11-27T17:13:11.887132-08:00,read,key_757,2.86,false,false,0
2025-11-27T17:13:11.897726-08:00,read,key_290,1.98,false,false,0
2025-11-27T17:13:11.908163-08:00,read,key_527,1.82,false,false,0
2025-11-27T17:13:11.919275-08:00,read,key_584,2.60,false,false,0
2025-11-27T17:13:11.930975-08:00,read,key_816,1.86,false,false,0
2025-11-27T17:13:11.94209-08:00,read,key_988,1.67,false,false,0
2025-11-27T17:13:11.952384-08:00,read,key_423,2.94,false,false,0
2025-11-27T17:13:11.962634-08:00,read,key_822,2.59,false,false,0
2025-11-27T17:13:11.973593-08:00,read,key_419,1.64,false,false,0
2025-11-27T17:13:11.983914-08:00,read,key_895,1.91,false,false,0
2025-11-27T17:13:11.995436-08:00,read,key_14,2.46,false,false,0
2025-11-27T17:13:12.005993-08:00,read,key_6,1.40,false,false,0
2025-11-27T17:13:12.017165-08:00,read,key_156,1.95,false,false,0
2025-11-27T17:13:12.028379-08:00,read,key_602,1.60,false,false,0
2025-11-27T17:13:12.039581-08:00,read,key_645,1.91,false,false,0
2025-11-27T17:13:12.050679-08:00,read,key_34,1.86,false,false,0
2025-11-27T17:13:12.061894-08:00,read,key_139,2.26,false,false,0
2025-11-27T17:13:12.072916-08:00,read,key_32,1.33,false,false,0
2025-11-27T17:13:12.083176-08:00,read,key_778,1.69,false,false,0
2025-11-27T17:13:12.09348-08:00,read,key_825,1.87,false,false,0
2025-11-27T17:13:12.104881-08:00,read,key_868,2.34,false,false,0
2025-11-27T17:13:12.115952-08:00,read,key_137,1.80,false,false,0
2025-11-27T17:13:12.12688-08:00,read,key_668,1.87,false,false,0
2025-11-27T17:13:12.137896-08:00,read,key_294,2.68,false,false,0
2025-11-27T17:13:12.148905-08:00,read,key_952,1.67,false,false,0
2025-11-27T17:13:12.160014-08:00,read,key_895,1.88,false,false,0
2025-11-27T17:13:12.170541-08:00,read,key_195,2.31,false,false,0
2025-11-27T17:13:12.181641-08:00,read,key_659,1.75,false,false,0
2025-11-27T17:13:12.191979-08:00,read,key_258,1.44,false,false,0
2025-11-27T17:13:12.203114-08:00,read,key_131,1.99,false,false,0
2025-11-27T17:13:12.21383-08:00,read,key_718,2.14,false,false,0
2025-11-27T17:13:12.224852-08:00,read,key_295,2.12,false,false,0
2025-11-27T17:13:12.23598-08:00,read,key_347,3.25,false,false,0
2025-11-27T17:13:12.246995-08:00,read,key_291,1.66,false,false,0
2025-11-27T17:13:12.257612-08:00,read,key_451,1.49,false,false,0
2025-11-27T17:13:12.268681-08:00,read,key_312,1.95,false,false,0
2025-11-27T17:13:12.280472-08:00,read,key_726,1.83,false,false,0
2025-11-27T17:13:12.290767-08:00,read,key_790,1.56,false,false,0
2025-11-27T17:13:12.301889-08:00,read,key_665,2.06,false,false,0
2025-11-27T17:13:12.313215-08:00,read,key_437,2.28,false,false,0
2025-11-27T17:13:12.324356-08:00,read,key_130,1.59,false,false,0
2025-11-27T17:13:12.334569-08:00,read,key_740,1.67,false,false,0
2025-11-27T17:13:12.345718-08:00,read,key_89,2.61,false,false,0
2025-11-27T17:13:12.356518-08:00,read,key_650,1.38,false,false,0
2025-11-27T17:13:12.367664-08:00,read,key_956,1.56,false,false,0
2025-11-27T17:13:12.379101-08:00,read,key_108,1.64,false,false,0
2025-11-27T17:13:12.3902-08:00,read,key_117,1.53,false,false,0
2025-11-27T17:13:12.400411-08:00,read,key_986,1.65,false,false,0
2025-11-27T17:13:12.41155-08:00,read,key_84,2.65,false,false,0
2025-11-27T17:13:12.422629-08:00,read,key_587,1.36,false,false,0
2025-11-27T17:13:12.43317-08:00,read,key_263,1.48,false,false,0
2025-11-27T17:13:12.444326-08:00,read,key_612,1.81,false,false,0
2025-11-27T17:13:12.455682-08:00,read,key_211,2.10,false,false,0
2025-11-27T17:13:12.466816-08:00,read,key_824,1.61,false,false,0
2025-11-27T17:13:12.477944-08:00,read,key_312,2.58,false,false,0
2025-11-27T17:13:12.489049-08:00,read,key_984,1.93,false,false,0
2025-11-27T17:13:12.500145-08:00,read,key_247,1.64,false,false,0
2025-11-27T17:13:12.511349-08:00,read,key_146,2.88,false,false,0
2025-11-27T17:13:12.52239-08:00,read,key_188,1.67,false,false,0
2025-11-27T17:13:12.533534-08:00,read,key_714,1.49,false,false,0
2025-11-27T17:13:12.544764-08:00,read,key_760,2.91,false,false,0
2025-11-27T17:13:12.555806-08:00,read,key_427,1.62,false,false,0
2025-11-27T17:13:12.566503-08:00,read,key_93,1.76,false,false,0
2025-11-27T17:13:12.577623-08:00,read,key_649,2.37,false,false,0
2025-11-27T17:13:12.588748-08:00,read,key_604,2.55,false,false,0
2025-11-27T17:13:12.59981-08:00,read,key_634,1.64,false,false,0
2025-11-27T17:13:12.610944-08:00,read,key_154,2.05,false,false,0
2025-11-27T17:13:12.622231-08:00,read,key_788,1.76,false,false,0
2025-11-27T17:13:12.632656-08:00,read,key_917,2.08,false,false,0
2025-11-27T17:13:12.643782-08:00,read,key_118,3.42,false,false,0
2025-11-27T17:13:12.654467-08:00,read,key_667,2.84,false,false,0
2025-11-27T17:13:12.66482-08:00,read,key_143,1.90,false,false,0
2025-11-27T17:13:12.675978-08:00,read,key_694,1.89,false,false,0
2025-11-27T17:13:12.686927-08:00,read,key_632,2.62,false,false,0
2025-11-27T17:13:12.698076-08:00,read,key_133,1.63,false,false,0
2025-11-27T17:13:12.709228-08:00,read,key_411,1.75,false,false,0
2025-11-27T17:13:12.720941-08:00,read,key_305,2.46,false,false,0
2025-11-27T17:13:12.731949-08:00,read,key_464,1.63,false,false,0
2025-11-27T17:13:12.743055-08:00,read,key_378,1.90,false,false,0
2025-11-27T17:13:12.753408-08:00,read,key_310,2.80,false,false,0
2025-11-27T17:13:12.764578-08:00,read,key_964,1.83,false,false,0
2025-11-27T17:13:12.775145-08:00,read,key_822,1.55,false,false,0
2025-11-27T17:13:12.78629-08:00,read,key_973,1.73,false,false,0
2025-11-27T17:13:12.797472-08:00,read,key_100,2.75,false,false,0
2025-11-27T17:13:12.808546-08:00,read,key_360,1.66,false,false,0
2025-11-27T17:13:12.819714-08:00,read,key_809,2.98,false,false,0
2025-11-27T17:13:12.830733-08:00,read,key_794,1.46,false,false,0
2025-11-27T17:13:12.841953-08:00,read,key_91,3.22,false,false,0
2025-11-27T17:13:12.85273-08:00,read,key_2,2.48,false,false,0
2025-11-27T17:13:12.863861-08:00,read,key_861,2.03,false,false,0
2025-11-27T17:13:12.874995-08:00,read,key_439,1.36,false,false,0
2025-11-27T17:13:12.886207-08:00,read,key_978,4.07,false,false,0
2025-11-27T17:13:12.896654-08:00,read,key_849,2.04,false,false,0
2025-11-27T17:13:12.907489-08:00,read,key_550,0.90,false,false,0
2025-11-27T17:13:12.918221-08:00,read,key_546,0.88,false,false,0
2025-11-27T17:13:12.928685-08:00,read,key_172,1.48,false,false,0
2025-11-27T17:13:12.939848-08:00,read,key_162,0.75,false,false,0
2025-11-27T17:13:12.950531-08:00,read,key_471,0.83,false,false,0
2025-11-27T17:13:12.961703-08:00,read,key_157,1.29,false,false,0
2025-11-27T17:13:12.972856-08:00,read,key_235,0.66,false,false,0
2025-11-27T17:13:12.984026-08:00,read,key_92,0.71,false,false,0
2025-11-27T17:13:12.994386-08:00,read,key_368,0.64,true,false,6
2025-11-27T17:13:13.005537-08:00,read,key_133,0.77,false,false,0
2025-11-27T17:13:13.016624-08:00,read,key_366,1.67,false,false,0
2025-11-27T17:13:13.02775-08:00,read,key_153,2.34,false,false,0
2025-11-27T17:13:13.038862-08:00,read,key_959,1.63,false,false,0
2025-11-27T17:13:13.049997-08:00,read,key_527,1.53,false,false,0
2025-11-27T17:13:13.061128-08:00,read,key_179,1.58,false,false,0
2025-11-27T17:13:13.072483-08:00,read,key_528,1.43,false,false,0
2025-11-27T17:13:13.082756-08:00,read,key_257,0.99,false,false,0
2025-11-27T17:13:13.09391-08:00,read,key_904,0.70,false,false,0
2025-11-27T17:13:13.104369-08:00,read,key_823,1.33,false,false,0
2025-11-27T17:13:13.115366-08:00,read,key_134,0.94,false,false,0
2025-11-27T17:13:13.126538-08:00,read,key_372,0.73,false,false,0
2025-11-27T17:13:13.138017-08:00,read,key_767,1.14,false,false,0
2025-11-27T17:13:13.149216-08:00,read,key_148,0.97,false,false,0
2025-11-27T17:13:13.160293-08:00,read,key_526,0.81,false,false,0
2025-11-27T17:13:13.171477-08:00,read,key_695,3.48,false,false,0
2025-11-27T17:13:13.182435-08:00,read,key_133,0.94,false,false,0
2025-11-27T17:13:13.193579-08:00,read,key_995,0.74,false,false,0
2025-11-27T17:13:13.20451-08:00,read,key_360,1.17,false,false,0
2025-11-27T17:13:13.215697-08:00,read,key_963,0.70,false,false,0
2025-11-27T17:13:13.226807-08:00,read,key_415,0.74,false,false,0
2025-11-27T17:13:13.238059-08:00,read,key_798,1.02,false,false,0
2025-11-27T17:13:13.249203-08:00,read,key_528,0.87,false,false,0
2025-11-27T17:13:13.260356-08:00,read,key_347,0.48,false,false,0
2025-11-27T17:13:13.271534-08:00,read,key_86,1.01,false,false,0
2025-11-27T17:13:13.282643-08:00,read,key_510,0.71,false,false,0
2025-11-27T17:13:13.29294-08:00,read,key_517,0.68,false,false,0
2025-11-27T17:13:13.304065-08:00,read,key_218,0.92,false,false,0
2025-11-27T17:13:13.315175-08:00,read,key_898,0.67,false,false,0
2025-11-27T17:13:13.326327-08:00,read,key_228,0.70,false,false,0
2025-11-27T17:13:13.337499-08:00,read,key_884,1.32,false,false,0
2025-11-27T17:13:13.348674-08:00,read,key_758,0.87,false,false,0
2025-11-27T17:13:13.359365-08:00,read,key_346,0.58,false,false,0
2025-11-27T17:13:13.370478-08:00,read,key_926,1.71,false,false,0
2025-11-27T17:13:13.381882-08:00,read,key_450,0.84,false,false,0
2025-11-27T17:13:13.39301-08:00,read,key_206,1.75,false,false,0
2025-11-27T17:13:13.404184-08:00,read,key_373,0.94,false,false,0
2025-11-27T17:13:13.415353-08:00,read,key_765,0.97,false,false,0
2025-11-27T17:13:13.426528-08:00,read,key_30,0.99,false,false,0
2025-11-27T17:13:13.437589-08:00,read,key_137,2.79,false,false,0
2025-11-27T17:13:13.448571-08:00,read,key_218,2.01,false,false,0
2025-11-27T17:13:13.459689-08:00,read,key_280,1.67,false,false,0
2025-11-27T17:13:13.470805-08:00,read,key_793,3.23,true,false,9
2025-11-27T17:13:13.481737-08:00,read,key_813,1.49,false,false,0
2025-11-27T17:13:13.492925-08:00,read,key_369,1.94,false,false,0
2025-11-27T17:13:13.503402-08:00,read,key_154,2.85,false,false,0
2025-11-27T17:13:13.514545-08:00,read,key_877,1.83,false,false,0
2025-11-27T17:13:13.524837-08:00,read,key_907,1.84,false,false,0
2025-11-27T17:13:13.535981-08:00,read,key_136,3.06,false,false,0
2025-11-27T17:13:13.546964-08:00,read,key_355,2.70,false,false,0
2025-11-27T17:13:13.557865-08:00,read,key_787,1.83,false,false,0
2025-11-27T17:13:13.568217-08:00,read,key_297,1.71,false,false,0
2025-11-27T17:13:13.579472-08:00,read,key_696,2.74,false,false,0
2025-11-27T17:13:13.590269-08:00,read,key_665,1.70,false,false,0
2025-11-27T17:13:13.601473-08:00,read,key_605,1.97,false,false,0
2025-11-27T17:13:13.612644-08:00,read,key_107,2.91,false,false,0
2025-11-27T17:13:13.623639-08:00,read,key_892,1.76,false,false,0
2025-11-27T17:13:13.634796-08:00,read,key_229,1.63,false,false,0
2025-11-27T17:13:13.645114-08:00,read,key_259,2.79,false,false,0
2025-11-27T17:13:13.656215-08:00,read,key_737,1.69,false,false,0
2025-11-27T17:13:13.667369-08:00,read,key_556,1.81,false,false,0
2025-11-27T17:13:13.678523-08:00,read,key_529,2.57,false,false,0
2025-11-27T17:13:13.689609-08:00,read,key_724,1.82,false,false,0
2025-11-27T17:13:13.700755-08:00,read,key_956,1.76,false,false,0
2025-11-27T17:13:13.71195-08:00,read,key_574,2.57,false,false,0
2025-11-27T17:13:13.722985-08:00,read,key_157,1.82,false,false,0
2025-11-27T17:13:13.734089-08:00,read,key_68,1.69,false,false,0
2025-11-27T17:13:13.745282-08:00,read,key_826,2.45,false,false,0
2025-11-27T17:13:13.756307-08:00,read,key_527,1.72,false,false,0
2025-11-27T17:13:13.767472-08:00,read,key_185,2.01,false,false,0
2025-11-27T17:13:13.778645-08:00,read,key_900,2.81,false,false,0
2025-11-27T17:13:13.789695-08:00,read,key_587,1.70,false,false,0
2025-11-27T17:13:13.800378-08:00,read,key_607,1.86,false,false,0
2025-11-27T17:13:13.811474-08:00,read,key_183,2.04,false,false,0
2025-11-27T17:13:13.822044-08:00,read,key_826,1.85,false,false,0
2025-11-27T17:13:13.833173-08:00,read,key_939,1.59,false,false,0
2025-11-27T17:13:13.844251-08:00,read,key_989,2.04,false,false,0
2025-11-27T17:13:13.855446-08:00,read,key_798,1.45,false,false,0
2025-11-27T17:13:13.867055-08:00,read,key_952,2.54,false,false,0
2025-11-27T17:13:13.878089-08:00,read,key_598,2.46,false,false,0
2025-11-27T17:13:13.888693-08:00,read,key_230,1.55,false,false,0
2025-11-27T17:13:13.899808-08:00,read,key_602,1.47,false,false,0
2025-11-27T17:13:13.910907-08:00,read,key_312,1.61,false,false,0
2025-11-27T17:13:13.92216-08:00,read,key_892,0.87,false,false,0
2025-11-27T17:13:13.93314-08:00,read,key_97,1.59,false,false,0
2025-11-27T17:13:13.944239-08:00,read,key_779,2.56,false,false,0
2025-11-27T17:13:13.954699-08:00,read,key_415,1.16,false,false,0
2025-11-27T17:13:13.965879-08:00,read,key_416,1.53,false,false,0
2025-11-27T17:13:13.976994-08:00,read,key_672,1.26,false,false,0
2025-11-27T17:13:13.987957-08:00,read,key_904,2.82,false,false,0
2025-11-27T17:13:13.998964-08:00,read,key_459,1.97,false,false,0
2025-11-27T17:13:14.010106-08:00,read,key_189,2.04,false,false,0
2025-11-27T17:13:14.021208-08:00,read,key_224,2.72,false,false,0
2025-11-27T17:13:14.032286-08:00,read,key_23,2.96,false,false,0
2025-11-27T17:13:14.042488-08:00,read,key_473,1.67,false,false,0
2025-11-27T17:13:14.05365-08:00,read,key_515,3.29,false,false,0
2025-11-27T17:13:14.064757-08:00,read,key_42,1.85,false,false,0
2025-11-27T17:13:14.07586-08:00,read,key_822,1.39,false,false,0
2025-11-27T17:13:14.087475-08:00,read,key_600,2.89,false,false,0
2025-11-27T17:13:14.098198-08:00,read,key_142,1.66,false,false,0
2025-11-27T17:13:14.109337-08:00,read,key_901,1.75,false,false,0
2025-11-27T17:13:14.120321-08:00,read,key_188,3.46,false,false,0
2025-11-27T17:13:14.131359-08:00,read,key_601,1.59,false,false,0
2025-11-27T17:13:14.142491-08:00,read,key_291,1.84,false,false,0
2025-11-27T17:13:14.153227-08:00,read,key_808,2.59,false,false,0
2025-11-27T17:13:14.163398-08:00,read,key_785,1.95,false,false,0
2025-11-27T17:13:14.173575-08:00,read,key_359,1.32,false,false,0
2025-11-27T17:13:14.184748-08:00,read,key_965,1.86,false,false,0
2025-11-27T17:13:14.196575-08:00,read,key_168,3.26,false,false,0
2025-11-27T17:13:14.207545-08:00,read,key_583,1.70,false,false,0
2025-11-27T17:13:14.218142-08:00,read,key_783,1.83,false,false,0
2025-11-27T17:13:14.229321-08:00,read,key_194,3.08,false,false,0
2025-11-27T17:13:14.239736-08:00,read,key_318,1.47,false,false,0
2025-11-27T17:13:14.250901-08:00,read,key_549,1.70,false,false,0
2025-11-27T17:13:14.261993-08:00,read,key_763,3.02,false,false,0
2025-11-27T17:13:14.273082-08:00,read,key_9,1.63,false,false,0
2025-11-27T17:13:14.283591-08:00,read,key_86,1.47,false,false,0
2025-11-27T17:13:14.294754-08:00,read,key_139,2.63,false,false,0
2025-11-27T17:13:14.306057-08:00,read,key_798,1.51,false,false,0
2025-11-27T17:13:14.316512-08:00,read,key_192,1.39,false,false,0
2025-11-27T17:13:14.327646-08:00,read,key_67,1.90,false,false,0
2025-11-27T17:13:14.339057-08:00,read,key_597,1.70,false,false,0
2025-11-27T17:13:14.349752-08:00,read,key_415,2.19,false,false,0
2025-11-27T17:13:14.360654-08:00,read,key_291,2.00,false,false,0
2025-11-27T17:13:14.371796-08:00,read,key_299,2.07,false,false,0
2025-11-27T17:13:14.382885-08:00,read,key_186,1.58,false,false,0
2025-11-27T17:13:14.393258-08:00,read,key_621,1.59,false,false,0
2025-11-27T17:13:14.404413-08:00,read,key_706,2.69,false,false,0
2025-11-27T17:13:14.41488-08:00,read,key_599,1.65,false,false,0
2025-11-27T17:13:14.425756-08:00,read,key_159,1.45,false,false,0
2025-11-27T17:13:14.436779-08:00,read,key_521,2.68,false,false,0
2025-11-27T17:13:14.447882-08:00,read,key_153,1.73,false,false,0
2025-11-27T17:13:14.458984-08:00,read,key_870,1.55,false,false,0
2025-11-27T17:13:14.470155-08:00,read,key_11,2.90,false,false,0
2025-11-27T17:13:14.481337-08:00,read,key_721,1.86,false,false,0
2025-11-27T17:13:14.492475-08:00,read,key_30,1.79,false,false,0
2025-11-27T17:13:14.503639-08:00,read,key_316,3.15,false,false,0
2025-11-27T17:13:14.514341-08:00,read,key_298,1.93,false,false,0
2025-11-27T17:13:14.525095-08:00,read,key_874,1.93,false,false,0
2025-11-27T17:13:14.536225-08:00,read,key_979,2.30,false,false,0
2025-11-27T17:13:14.547379-08:00,read,key_191,1.40,false,false,0
2025-11-27T17:13:14.558353-08:00,read,key_982,2.82,true,false,5
2025-11-27T17:13:14.569471-08:00,read,key_669,1.99,false,false,0
2025-11-27T17:13:14.59146-08:00,read,key_132,1.05,false,false,0
2025-11-27T17:13:14.602646-08:00,read,key_952,1.23,false,false,0
2025-11-27T17:13:14.614126-08:00,read,key_225,1.29,false,false,0
2025-11-27T17:13:14.624792-08:00,read,key_634,0.87,false,false,0
2025-11-27T17:13:14.634965-08:00,read,key_264,0.95,false,false,0
2025-11-27T17:13:14.645117-08:00,read,key_918,1.50,false,false,0
2025-11-27T17:13:14.6564-08:00,read,key_684,0.85,false,false,0
2025-11-27T17:13:14.667574-08:00,read,key_107,0.95,false,false,0
2025-11-27T17:13:14.678495-08:00,read,key_140,1.14,false,false,0
2025-11-27T17:13:14.70087-08:00,read,key_467,1.64,false,false,0
2025-11-27T17:13:14.713413-08:00,read,key_470,1.93,false,false,0
2025-11-27T17:13:14.724594-08:00,read,key_651,8.72,false,false,0
2025-11-27T17:13:14.734791-08:00,read,key_759,1.16,false,false,0
2025-11-27T17:13:14.745877-08:00,read,key_177,1.14,false,false,0
2025-11-27T17:13:14.756987-08:00,read,key_109,1.75,false,false,0
2025-11-27T17:13:14.768101-08:00,read,key_989,0.89,false,false,0
2025-11-27T17:13:14.779233-08:00,read,key_559,0.99,false,false,0
2025-11-27T17:13:14.79032-08:00,read,key_220,3.23,false,false,0
2025-11-27T17:13:14.801762-08:00,read,key_850,1.17,false,false,0
2025-11-27T17:13:14.812814-08:00,read,key_754,1.32,false,false,0
2025-11-27T17:13:14.82326-08:00,read,key_179,1.14,false,false,0
2025-11-27T17:13:14.83434-08:00,read,key_325,1.26,false,false,0
2025-11-27T17:13:14.84541-08:00,read,key_845,1.24,false,false,0
2025-11-27T17:13:14.85646-08:00,read,key_305,1.26,false,false,0
2025-11-27T17:13:14.867504-08:00,read,key_955,0.94,false,false,0
2025-11-27T17:13:14.87854-08:00,read,key_610,0.70,false,false,0
2025-11-27T17:13:14.58031-08:00,write,key_793,306.94,true,false,10
2025-11-27T17:13:14.888734-08:00,read,key_620,0.82,false,false,0
2025-11-27T17:13:14.899773-08:00,read,key_99,0.78,false,false,0
2025-11-27T17:13:14.910815-08:00,read,key_76,1.05,false,false,0
2025-11-27T17:13:14.921033-08:00,read,key_959,2.22,false,false,0
2025-11-27T17:13:14.931509-08:00,read,key_739,0.65,false,false,0
2025-11-27T17:13:14.942587-08:00,read,key_149,1.51,false,false,0
2025-11-27T17:13:14.964061-08:00,read,key_32,1.90,false,false,0
2025-11-27T17:13:14.97513-08:00,read,key_43,1.58,false,false,0
2025-11-27T17:13:14.986176-08:00,read,key_874,1.55,false,false,0
2025-11-27T17:13:14.689723-08:00,write,key_493,303.98,true,false,10
2025-11-27T17:13:14.996525-08:00,read,key_223,0.87,false,false,0
2025-11-27T17:13:15.00758-08:00,read,key_226,1.29,false,false,0
2025-11-27T17:13:15.018628-08:00,read,key_485,1.57,false,false,0
2025-11-27T17:13:15.029687-08:00,read,key_622,1.07,false,false,0
2025-11-27T17:13:15.040874-08:00,read,key_746,1.56,false,false,0
2025-11-27T17:13:15.051413-08:00,read,key_225,1.79,false,false,0
2025-11-27T17:13:15.061824-08:00,read,key_133,2.16,false,false,0
2025-11-27T17:13:15.072921-08:00,read,key_343,2.04,false,false,0
2025-11-27T17:13:15.083806-08:00,read,key_821,1.74,false,false,0
2025-11-27T17:13:15.09497-08:00,read,key_379,2.50,false,false,0
2025-11-27T17:13:15.10601-08:00,read,key_36,2.02,false,false,0
2025-11-27T17:13:15.116453-08:00,read,key_705,1.59,false,false,0
2025-11-27T17:13:15.127594-08:00,read,key_957,1.54,false,false,0
2025-11-27T17:13:15.138146-08:00,read,key_242,2.11,false,false,0
2025-11-27T17:13:15.149272-08:00,read,key_752,1.63,false,false,0
2025-11-27T17:13:15.160332-08:00,read,key_178,1.67,false,false,0
2025-11-27T17:13:15.171159-08:00,read,key_243,2.99,false,false,0
2025-11-27T17:13:15.182118-08:00,read,key_757,1.54,false,false,0
2025-11-27T17:13:15.193156-08:00,read,key_892,1.62,false,false,0
2025-11-27T17:13:15.204345-08:00,read,key_819,2.74,false,false,0
2025-11-27T17:13:15.214646-08:00,read,key_958,1.30,false,false,0
2025-11-27T17:13:15.225745-08:00,read,key_192,1.47,false,false,0
2025-11-27T17:13:15.236109-08:00,read,key_743,1.37,false,false,0
2025-11-27T17:13:15.247176-08:00,read,key_266,2.18,false,false,0
2025-11-27T17:13:15.257893-08:00,read,key_948,1.46,false,false,0
2025-11-27T17:13:14.953644-08:00,write,key_740,308.86,true,false,11
2025-11-27T17:13:15.268151-08:00,read,key_253,1.44,false,false,0
2025-11-27T17:13:15.278503-08:00,read,key_351,3.17,false,false,0
2025-11-27T17:13:15.289714-08:00,read,key_487,1.33,false,false,0
2025-11-27T17:13:15.300869-08:00,read,key_950,1.90,false,false,0
2025-11-27T17:13:15.311811-08:00,read,key_629,2.82,false,false,0
2025-11-27T17:13:15.32295-08:00,read,key_810,1.46,false,false,0
2025-11-27T17:13:15.334278-08:00,read,key_81,2.53,false,false,0
2025-11-27T17:13:15.345377-08:00,read,key_733,2.52,false,false,0
2025-11-27T17:13:15.356481-08:00,read,key_747,1.52,false,false,0
2025-11-27T17:13:15.367519-08:00,read,key_155,1.49,false,false,0
2025-11-27T17:13:15.378977-08:00,read,key_7,2.08,false,false,0
2025-11-27T17:13:15.390079-08:00,read,key_221,1.69,false,false,0
2025-11-27T17:13:15.40121-08:00,read,key_216,1.48,false,false,0
2025-11-27T17:13:15.412339-08:00,read,key_369,2.33,false,false,0
2025-11-27T17:13:15.423114-08:00,read,key_659,1.58,false,false,0
2025-11-27T17:13:15.435402-08:00,read,key_777,3.24,false,false,0
2025-11-27T17:13:15.44607-08:00,read,key_459,1.88,false,false,0
2025-11-27T17:13:15.457191-08:00,read,key_353,1.19,false,false,0
2025-11-27T17:13:15.468311-08:00,read,key_879,1.58,false,false,0
2025-11-27T17:13:15.479434-08:00,read,key_879,1.35,false,false,0
2025-11-27T17:13:15.490559-08:00,read,key_247,1.45,false,false,0
2025-11-27T17:13:15.501676-08:00,read,key_372,1.65,false,false,0
2025-11-27T17:13:15.512664-08:00,read,key_31,1.45,false,false,0
2025-11-27T17:13:15.523742-08:00,read,key_939,1.29,false,false,0
2025-11-27T17:13:15.53479-08:00,read,key_169,1.25,false,false,0
2025-11-27T17:13:15.545873-08:00,read,key_367,1.22,false,false,0
2025-11-27T17:13:15.556914-08:00,read,key_3,1.41,false,false,0
2025-11-27T17:13:15.568006-08:00,read,key_631,0.97,false,false,0
2025-11-27T17:13:15.590096-08:00,read,key_165,1.63,false,false,0
2025-11-27T17:13:15.601177-08:00,read,key_828,1.51,false,false,0
2025-11-27T17:13:15.611454-08:00,read,key_152,1.61,false,false,0
2025-11-27T17:13:15.622498-08:00,read,key_198,1.39,false,false,0
2025-11-27T17:13:15.633579-08:00,read,key_595,1.10,false,false,0
2025-11-27T17:13:15.644657-08:00,read,key_612,1.02,false,false,0
2025-11-27T17:13:15.655749-08:00,read,key_136,1.60,false,false,0
2025-11-27T17:13:15.666817-08:00,read,key_347,1.18,false,false,0
2025-11-27T17:13:15.677889-08:00,read,key_346,1.42,false,false,0
2025-11-27T17:13:15.688991-08:00,read,key_7,1.56,false,false,0
2025-11-27T17:13:15.700051-08:00,read,key_461,1.18,false,false,0
2025-11-27T17:13:15.711245-08:00,read,key_686,1.59,false,false,0
2025-11-27T17:13:15.721755-08:00,read,key_95,1.47,false,false,0
2025-11-27T17:13:15.732885-08:00,read,key_306,1.51,false,false,0
2025-11-27T17:13:15.743174-08:00,read,key_557,1.70,false,false,0
2025-11-27T17:13:15.753642-08:00,read,key_757,2.24,false,false,0
2025-11-27T17:13:15.76469-08:00,read,key_805,1.89,false,false,0
2025-11-27T17:13:15.775537-08:00,read,key_606,1.06,false,false,0
2025-11-27T17:13:15.786686-08:00,read,key_293,1.48,false,false,0
2025-11-27T17:13:15.797583-08:00,read,key_285,1.72,false,false,0
2025-11-27T17:13:15.808387-08:00,read,key_158,1.73,false,false,0
2025-11-27T17:13:15.819068-08:00,read,key_870,2.68,false,false,0
2025-11-27T17:13:15.830484-08:00,read,key_521,2.02,false,false,0
2025-11-27T17:13:15.841586-08:00,read,key_112,1.66,false,false,0
2025-11-27T17:13:15.852244-08:00,read,key_221,2.60,false,false,0
2025-11-27T17:13:15.862978-08:00,read,key_375,2.75,false,false,0
2025-11-27T17:13:15.874024-08:00,read,key_963,1.93,false,false,0
2025-11-27T17:13:15.885228-08:00,read,key_593,1.65,false,false,0
2025-11-27T17:13:15.579053-08:00,write,key_314,310.49,true,false,12
2025-11-27T17:13:15.896577-08:00,read,key_730,2.06,true,false,4
2025-11-27T17:13:15.90709-08:00,read,key_171,1.50,false,false,0
2025-11-27T17:13:15.918209-08:00,read,key_40,1.56,false,false,0
2025-11-27T17:13:15.928315-08:00,read,key_282,2.49,false,false,0
2025-11-27T17:13:15.939003-08:00,read,key_200,2.71,false,false,0
2025-11-27T17:13:15.94975-08:00,read,key_678,0.88,false,false,0
2025-11-27T17:13:15.960927-08:00,read,key_444,1.03,false,false,0
2025-11-27T17:13:15.972248-08:00,read,key_138,0.82,false,false,0
2025-11-27T17:13:15.983331-08:00,read,key_289,1.72,false,false,0
2025-11-27T17:13:15.994567-08:00,read,key_442,2.44,false,false,0
2025-11-27T17:13:16.005272-08:00,read,key_985,1.26,false,false,0
2025-11-27T17:13:16.016388-08:00,read,key_23,1.42,false,false,0
2025-11-27T17:13:16.027549-08:00,read,key_372,2.74,false,false,0
2025-11-27T17:13:16.037841-08:00,read,key_783,2.06,false,false,0
2025-11-27T17:13:16.048976-08:00,read,key_589,1.68,false,false,0
2025-11-27T17:13:16.060104-08:00,read,key_529,1.46,false,false,0
2025-11-27T17:13:16.071072-08:00,read,key_252,2.92,false,false,0
2025-11-27T17:13:16.082122-08:00,read,key_786,1.70,false,false,0
2025-11-27T17:13:16.092545-08:00,read,key_190,1.63,false,false,0
2025-11-27T17:13:16.114294-08:00,read,key_657,1.63,false,false,0
2025-11-27T17:13:16.124779-08:00,read,key_849,1.49,false,false,0
2025-11-27T17:13:16.135884-08:00,read,key_183,1.44,false,false,0
2025-11-27T17:13:16.147184-08:00,read,key_872,1.59,false,false,0
2025-11-27T17:13:16.158327-08:00,read,key_597,1.62,false,false,0
2025-11-27T17:13:16.16944-08:00,read,key_314,1.73,true,false,12
2025-11-27T17:13:16.180309-08:00,read,key_296,1.69,false,false,0
2025-11-27T17:13:16.1911-08:00,read,key_642,1.58,false,false,0
2025-11-27T17:13:16.201421-08:00,read,key_159,1.86,false,false,0
2025-11-27T17:13:16.211562-08:00,read,key_484,2.76,false,false,0
2025-11-27T17:13:16.222831-08:00,read,key_225,1.56,false,false,0
2025-11-27T17:13:16.233967-08:00,read,key_962,1.43,false,false,0
2025-11-27T17:13:16.24514-08:00,read,key_727,2.99,false,false,0
2025-11-27T17:13:16.256147-08:00,read,key_980,1.60,false,false,0
2025-11-27T17:13:16.26641-08:00,read,key_258,1.51,false,false,0
2025-11-27T17:13:16.277442-08:00,read,key_995,1.48,false,false,0
2025-11-27T17:13:16.288017-08:00,read,key_11,2.53,false,false,0
2025-11-27T17:13:16.299087-08:00,read,key_900,1.90,false,false,0
2025-11-27T17:13:16.310206-08:00,read,key_895,1.33,false,false,0
2025-11-27T17:13:16.320763-08:00,read,key_759,2.89,false,false,0
2025-11-27T17:13:16.331384-08:00,read,key_753,1.33,false,false,0
2025-11-27T17:13:16.34233-08:00,read,key_102,1.35,false,false,0
2025-11-27T17:13:16.353683-08:00,read,key_608,2.89,false,false,0
2025-11-27T17:13:16.364764-08:00,read,key_989,1.63,false,false,0
2025-11-27T17:13:16.375923-08:00,read,key_797,1.81,false,false,0
2025-11-27T17:13:16.386883-08:00,read,key_746,2.07,false,false,0
2025-11-27T17:13:16.398034-08:00,read,key_154,1.57,false,false,0
2025-11-27T17:13:16.409026-08:00,read,key_36,1.46,false,false,0
2025-11-27T17:13:16.103238-08:00,write,key_732,307.27,true,false,13
2025-11-27T17:13:16.420315-08:00,read,key_526,2.72,false,false,0
2025-11-27T17:13:16.431406-08:00,read,key_368,1.74,true,false,6
2025-11-27T17:13:16.442495-08:00,read,key_773,1.51,false,false,0
2025-11-27T17:13:16.453597-08:00,read,key_463,2.93,false,false,0
2025-11-27T17:13:16.47582-08:00,read,key_582,1.79,false,false,0
2025-11-27T17:13:16.486983-08:00,read,key_250,2.80,false,false,0
2025-11-27T17:13:16.498017-08:00,read,key_987,1.60,false,false,0
2025-11-27T17:13:16.509184-08:00,read,key_361,1.66,false,false,0
2025-11-27T17:13:16.520755-08:00,read,key_317,2.42,false,false,0
2025-11-27T17:13:16.531411-08:00,read,key_762,1.66,false,false,0
2025-11-27T17:13:16.542527-08:00,read,key_153,1.45,false,false,0
2025-11-27T17:13:16.553753-08:00,read,key_463,2.61,false,false,0
2025-11-27T17:13:16.564793-08:00,read,key_87,1.45,false,false,0
2025-11-27T17:13:16.575922-08:00,read,key_225,1.38,false,false,0
2025-11-27T17:13:16.58708-08:00,read,key_735,2.45,false,false,0
2025-11-27T17:13:16.598093-08:00,read,key_764,1.51,false,false,0
2025-11-27T17:13:16.609318-08:00,read,key_484,1.46,false,false,0
2025-11-27T17:13:16.62024-08:00,read,key_369,2.45,false,false,0
2025-11-27T17:13:16.63131-08:00,read,key_68,1.44,false,false,0
2025-11-27T17:13:16.642461-08:00,read,key_408,1.57,false,false,0
2025-11-27T17:13:16.653614-08:00,read,key_743,2.66,false,false,0
2025-11-27T17:13:16.664651-08:00,read,key_94,1.42,false,false,0
2025-11-27T17:13:16.675778-08:00,read,key_48,1.41,false,false,0
2025-11-27T17:13:16.686877-08:00,read,key_617,2.31,false,false,0
2025-11-27T17:13:16.698091-08:00,read,key_290,1.69,false,false,0
2025-11-27T17:13:16.708302-08:00,read,key_149,1.68,false,false,0
2025-11-27T17:13:16.719516-08:00,read,key_971,2.67,false,false,0
2025-11-27T17:13:16.730663-08:00,read,key_461,1.66,false,false,0
2025-11-27T17:13:16.741784-08:00,read,key_825,1.40,false,false,0
2025-11-27T17:13:16.752212-08:00,read,key_80,1.56,false,false,0
2025-11-27T17:13:16.763081-08:00,read,key_468,2.50,false,false,0
2025-11-27T17:13:16.77387-08:00,read,key_464,1.52,false,false,0
2025-11-27T17:13:16.464708-08:00,write,key_483,312.68,true,false,14
2025-11-27T17:13:16.784266-08:00,read,key_612,1.56,false,false,0
2025-11-27T17:13:16.795424-08:00,read,key_909,2.87,false,false,0
2025-11-27T17:13:16.806455-08:00,read,key_463,1.55,false,false,0
2025-11-27T17:13:16.816809-08:00,read,key_665,1.65,false,false,0
2025-11-27T17:13:16.827927-08:00,read,key_284,2.68,false,false,0
2025-11-27T17:13:16.838976-08:00,read,key_358,1.61,false,false,0
2025-11-27T17:13:16.850069-08:00,read,key_500,1.45,false,false,0
2025-11-27T17:13:16.861279-08:00,read,key_211,2.81,false,false,0
2025-11-27T17:13:16.872292-08:00,read,key_234,1.56,false,false,0
2025-11-27T17:13:16.883454-08:00,read,key_37,2.01,false,false,0
2025-11-27T17:13:16.894552-08:00,read,key_915,2.62,false,false,0
2025-11-27T17:13:16.904917-08:00,read,key_190,1.83,false,false,0
2025-11-27T17:13:16.916069-08:00,read,key_758,2.19,false,false,0
2025-11-27T17:13:16.92716-08:00,read,key_971,2.60,false,false,0
2025-11-27T17:13:16.937994-08:00,read,key_150,1.80,false,false,0
2025-11-27T17:13:16.948103-08:00,read,key_246,1.52,false,false,0
2025-11-27T17:13:16.959242-08:00,read,key_312,1.47,false,false,0
2025-11-27T17:13:16.970399-08:00,read,key_629,2.28,false,false,0
2025-11-27T17:13:16.98143-08:00,read,key_900,1.77,false,false,0
2025-11-27T17:13:16.992557-08:00,read,key_438,1.62,false,false,0
2025-11-27T17:13:17.003455-08:00,read,key_654,2.99,false,false,0
2025-11-27T17:13:17.014311-08:00,read,key_872,1.85,false,false,0
2025-11-27T17:13:17.025439-08:00,read,key_298,1.75,false,false,0
2025-11-27T17:13:17.035928-08:00,read,key_736,1.80,false,false,0
2025-11-27T17:13:17.047282-08:00,read,key_693,1.99,false,false,0
2025-11-27T17:13:17.057836-08:00,read,key_13,1.46,false,false,0
2025-11-27T17:13:17.068071-08:00,read,key_985,2.07,false,false,0
2025-11-27T17:13:17.079203-08:00,read,key_157,3.32,false,false,0
2025-11-27T17:13:17.090221-08:00,read,key_11,1.72,false,false,0
2025-11-27T17:13:17.101334-08:00,read,key_756,1.42,false,false,0
2025-11-27T17:13:17.111475-08:00,read,key_9,2.59,false,false,0
2025-11-27T17:13:17.12261-08:00,read,key_989,1.64,false,false,0
2025-11-27T17:13:17.133733-08:00,read,key_118,1.46,false,false,0
2025-11-27T17:13:17.1446-08:00,read,key_91,1.59,false,false,0
2025-11-27T17:13:17.154895-08:00,read,key_133,2.43,false,false,0
2025-11-27T17:13:17.16677-08:00,read,key_40,2.17,false,false,0
2025-11-27T17:13:17.178055-08:00,read,key_122,7.61,false,false,0
2025-11-27T17:13:17.188851-08:00,read,key_973,12.69,false,false,0
2025-11-27T17:13:17.199798-08:00,read,key_430,1.81,false,false,0
2025-11-27T17:13:17.211024-08:00,read,key_629,1.23,false,false,0
2025-11-27T17:13:17.222372-08:00,read,key_390,2.66,false,false,0
2025-11-27T17:13:17.244077-08:00,read,key_162,9.52,false,false,0
2025-11-27T17:13:17.233428-08:00,read,key_180,20.21,false,false,0
2025-11-27T17:13:17.255994-08:00,read,key_21,0.71,false,false,0
2025-11-27T17:13:17.267152-08:00,read,key_148,0.85,false,false,0
2025-11-27T17:13:17.278337-08:00,read,key_665,0.92,false,false,0
2025-11-27T17:13:17.289084-08:00,read,key_643,0.79,false,false,0
2025-11-27T17:13:17.300265-08:00,read,key_621,1.87,false,false,0
2025-11-27T17:13:17.31148-08:00,read,key_400,2.95,false,false,0
2025-11-27T17:13:17.322653-08:00,read,key_871,2.81,false,false,0
2025-11-27T17:13:17.333702-08:00,read,key_395,2.06,false,false,0
2025-11-27T17:13:17.344787-08:00,read,key_269,3.67,false,false,0
2025-11-27T17:13:17.355453-08:00,read,key_77,1.93,false,false,0
2025-11-27T17:13:17.366598-08:00,read,key_232,1.72,false,false,0
2025-11-27T17:13:17.377761-08:00,read,key_324,3.09,false,false,0
2025-11-27T17:13:17.389402-08:00,read,key_114,2.18,false,false,0
2025-11-27T17:13:17.39975-08:00,read,key_7,2.07,false,false,0
2025-11-27T17:13:17.410933-08:00,read,key_804,2.47,false,false,0
2025-11-27T17:13:17.422025-08:00,read,key_106,1.90,false,false,0
2025-11-27T17:13:17.433108-08:00,read,key_347,1.75,false,false,0
2025-11-27T17:13:17.443752-08:00,read,key_808,1.89,false,false,0
2025-11-27T17:13:17.454888-08:00,read,key_728,1.98,false,false,0
2025-11-27T17:13:17.466065-08:00,read,key_954,1.78,false,false,0
2025-11-27T17:13:17.476835-08:00,read,key_619,1.87,false,false,0
2025-11-27T17:13:17.488258-08:00,read,key_635,2.12,false,false,0
2025-11-27T17:13:17.499242-08:00,read,key_994,1.93,false,false,0
2025-11-27T17:13:17.510385-08:00,read,key_742,2.00,false,false,0
2025-11-27T17:13:17.521654-08:00,read,key_822,2.58,false,false,0
2025-11-27T17:13:17.532772-08:00,read,key_798,2.15,false,false,0
2025-11-27T17:13:17.543047-08:00,read,key_301,1.86,false,false,0
2025-11-27T17:13:17.554291-08:00,read,key_69,3.19,false,false,0
2025-11-27T17:13:17.565245-08:00,read,key_751,1.97,false,false,0
2025-11-27T17:13:17.575753-08:00,read,key_486,2.05,false,false,0
2025-11-27T17:13:17.58627-08:00,read,key_28,1.63,false,false,0
2025-11-27T17:13:17.597425-08:00,read,key_877,1.72,false,false,0
2025-11-27T17:13:17.608599-08:00,read,key_961,1.75,false,false,0
2025-11-27T17:13:17.619772-08:00,read,key_863,2.71,false,false,0
2025-11-27T17:13:17.630834-08:00,read,key_848,1.72,false,false,0
2025-11-27T17:13:17.641985-08:00,read,key_796,1.80,false,false,0
2025-11-27T17:13:17.653221-08:00,read,key_290,2.99,false,false,0
2025-11-27T17:13:17.664248-08:00,read,key_317,1.59,false,false,0
2025-11-27T17:13:17.675404-08:00,read,key_808,1.59,false,false,0
2025-11-27T17:13:17.686344-08:00,read,key_163,2.98,false,false,0
2025-11-27T17:13:17.696582-08:00,read,key_619,1.76,false,false,0
2025-11-27T17:13:17.707637-08:00,read,key_654,1.92,false,false,0
2025-11-27T17:13:17.717789-08:00,read,key_607,1.75,false,false,0
2025-11-27T17:13:17.728942-08:00,read,key_632,3.12,false,false,0
2025-11-27T17:13:17.739569-08:00,read,key_281,1.51,false,false,0
2025-11-27T17:13:17.749798-08:00,read,key_316,1.84,false,false,0
2025-11-27T17:13:17.760925-08:00,read,key_925,2.67,false,false,0
2025-11-27T17:13:17.771837-08:00,read,key_65,2.04,false,false,0
2025-11-27T17:13:17.782567-08:00,read,key_605,1.62,false,false,0
2025-11-27T17:13:17.793687-08:00,read,key_409,1.59,false,false,0
2025-11-27T17:13:17.804858-08:00,read,key_512,2.40,false,false,0
2025-11-27T17:13:17.815917-08:00,read,key_810,1.83,false,false,0
2025-11-27T17:13:17.826448-08:00,read,key_923,1.72,false,false,0
2025-11-27T17:13:17.838005-08:00,read,key_221,2.85,false,false,0
2025-11-27T17:13:17.848794-08:00,read,key_134,1.88,false,false,0
2025-11-27T17:13:17.859933-08:00,read,key_88,1.60,false,false,0
2025-11-27T17:13:17.871509-08:00,read,key_746,1.76,false,false,0
2025-11-27T17:13:17.88259-08:00,read,key_980,1.55,false,false,0
2025-11-27T17:13:17.893495-08:00,read,key_517,1.13,false,false,0
2025-11-27T17:13:17.904842-08:00,read,key_103,1.94,false,false,0
2025-11-27T17:13:17.915977-08:00,read,key_224,1.56,false,false,0
2025-11-27T17:13:17.926213-08:00,read,key_192,1.94,false,false,0
2025-11-27T17:13:17.936749-08:00,read,key_760,2.59,false,false,0
2025-11-27T17:13:17.947896-08:00,read,key_958,1.76,false,false,0
2025-11-27T17:13:17.959043-08:00,read,key_153,2.08,false,false,0
2025-11-27T17:13:17.970315-08:00,read,key_101,2.76,false,false,0
2025-11-27T17:13:17.980573-08:00,read,key_871,1.72,false,false,0
2025-11-27T17:13:17.991667-08:00,read,key_999,1.50,false,false,0
2025-11-27T17:13:18.002849-08:00,read,key_660,2.15,false,false,0
2025-11-27T17:13:18.014196-08:00,read,key_271,2.51,false,false,0
2025-11-27T17:13:18.025253-08:00,read,key_364,1.65,false,false,0
2025-11-27T17:13:18.03545-08:00,read,key_318,2.51,false,false,0
2025-11-27T17:13:18.046409-08:00,read,key_410,2.77,false,false,0
2025-11-27T17:13:18.057485-08:00,read,key_889,1.63,false,false,0
2025-11-27T17:13:18.067775-08:00,read,key_598,1.58,false,false,0
2025-11-27T17:13:18.078488-08:00,read,key_797,3.18,false,false,0
2025-11-27T17:13:18.08901-08:00,read,key_35,1.75,false,false,0
2025-11-27T17:13:18.099734-08:00,read,key_27,1.69,false,false,0
2025-11-27T17:13:18.110901-08:00,read,key_965,2.22,false,false,0
2025-11-27T17:13:18.122504-08:00,read,key_13,2.20,false,false,0
2025-11-27T17:13:18.133702-08:00,read,key_854,1.61,false,false,0
2025-11-27T17:13:18.144822-08:00,read,key_407,3.14,false,false,0
2025-11-27T17:13:18.155869-08:00,read,key_375,1.52,false,false,0
2025-11-27T17:13:18.16646-08:00,read,key_220,1.89,false,false,0
2025-11-27T17:13:18.177274-08:00,read,key_967,2.61,false,false,0
2025-11-27T17:13:18.188392-08:00,read,key_792,2.44,false,false,0
2025-11-27T17:13:18.19956-08:00,read,key_968,2.04,false,false,0
2025-11-27T17:13:18.210694-08:00,read,key_998,2.62,false,false,0
2025-11-27T17:13:18.221346-08:00,read,key_585,2.57,false,false,0
2025-11-27T17:13:18.232418-08:00,read,key_963,1.56,false,false,0
2025-11-27T17:13:18.243152-08:00,read,key_178,2.00,false,false,0
2025-11-27T17:13:18.254196-08:00,read,key_789,2.56,false,false,0
2025-11-27T17:13:18.265264-08:00,read,key_418,1.67,false,false,0
2025-11-27T17:13:18.276405-08:00,read,key_77,2.27,false,false,0
2025-11-27T17:13:18.287735-08:00,read,key_868,2.93,false,false,0
2025-11-27T17:13:18.298797-08:00,read,key_360,1.60,false,false,0
2025-11-27T17:13:18.309826-08:00,read,key_194,2.63,false,false,0
2025-11-27T17:13:18.320842-08:00,read,key_995,2.95,false,false,0
2025-11-27T17:13:18.331831-08:00,read,key_548,1.50,false,false,0
2025-11-27T17:13:18.342967-08:00,read,key_964,2.15,false,false,0
2025-11-27T17:13:18.353522-08:00,read,key_345,2.40,false,false,0
2025-11-27T17:13:18.364647-08:00,read,key_908,2.56,false,false,0
2025-11-27T17:13:18.375712-08:00,read,key_585,1.70,false,false,0
2025-11-27T17:13:18.386908-08:00,read,key_155,2.46,false,false,0
2025-11-27T17:13:18.397957-08:00,read,key_341,1.76,false,false,0
2025-11-27T17:13:18.409142-08:00,read,key_276,1.51,false,false,0
2025-11-27T17:13:18.420074-08:00,read,key_349,1.52,false,false,0
2025-11-27T17:13:18.431234-08:00,read,key_218,1.01,false,false,0
2025-11-27T17:13:18.442381-08:00,read,key_102,0.80,false,false,0
2025-11-27T17:13:18.4532-08:00,read,key_746,0.84,false,false,0
2025-11-27T17:13:18.464366-08:00,read,key_412,0.68,false,false,0
2025-11-27T17:13:18.475535-08:00,read,key_297,0.72,false,false,0
2025-11-27T17:13:18.486773-08:00,read,key_123,2.29,false,false,0
2025-11-27T17:13:18.497181-08:00,read,key_774,1.62,false,false,0
2025-11-27T17:13:18.508356-08:00,read,key_787,1.91,false,false,0
2025-11-27T17:13:18.519228-08:00,read,key_984,2.33,false,false,0
2025-11-27T17:13:18.53095-08:00,read,key_18,2.14,false,false,0
2025-11-27T17:13:18.541495-08:00,read,key_436,2.05,false,false,0
2025-11-27T17:13:18.552652-08:00,read,key_498,3.14,false,false,0
2025-11-27T17:13:18.563953-08:00,read,key_579,1.99,false,false,0
2025-11-27T17:13:18.574737-08:00,read,key_594,2.07,false,false,0
2025-11-27T17:13:18.585905-08:00,read,key_224,2.99,false,false,0
2025-11-27T17:13:18.596968-08:00,read,key_114,2.37,false,false,0
2025-11-27T17:13:18.607514-08:00,read,key_872,1.53,false,false,0
2025-11-27T17:13:18.618629-08:00,read,key_773,3.13,false,false,0
2025-11-27T17:13:18.629836-08:00,read,key_188,2.63,false,false,0
2025-11-27T17:13:18.640551-08:00,read,key_304,2.08,false,false,0
2025-11-27T17:13:18.651734-08:00,read,key_987,1.55,false,false,0
2025-11-27T17:13:18.663133-08:00,read,key_894,1.78,false,false,0
2025-11-27T17:13:18.674264-08:00,read,key_512,1.65,false,false,0
2025-11-27T17:13:18.685187-08:00,read,key_791,1.47,false,false,0
2025-11-27T17:13:18.697306-08:00,read,key_698,2.76,false,false,0
2025-11-27T17:13:18.708387-08:00,read,key_410,2.11,false,false,0
2025-11-27T17:13:18.719592-08:00,read,key_546,3.17,false,false,0
2025-11-27T17:13:18.730039-08:00,read,key_990,2.31,false,false,0
2025-11-27T17:13:18.74123-08:00,read,key_864,1.91,false,false,0
2025-11-27T17:13:18.751769-08:00,read,key_780,1.60,false,false,0
2025-11-27T17:13:18.763374-08:00,read,key_112,2.57,false,false,0
2025-11-27T17:13:18.774198-08:00,read,key_525,1.55,false,false,0
2025-11-27T17:13:18.78466-08:00,read,key_224,3.02,false,false,0
2025-11-27T17:13:18.795117-08:00,read,key_72,2.88,false,false,0
2025-11-27T17:13:18.80618-08:00,read,key_679,1.76,false,false,0
2025-11-27T17:13:18.81734-08:00,read,key_317,1.63,false,false,0
2025-11-27T17:13:18.828568-08:00,read,key_12,2.75,false,false,0
2025-11-27T17:13:18.839673-08:00,read,key_621,1.97,false,false,0
2025-11-27T17:13:18.850823-08:00,read,key_194,1.63,false,false,0
2025-11-27T17:13:18.861767-08:00,read,key_221,2.23,false,false,0
2025-11-27T17:13:18.87286-08:00,read,key_301,1.87,false,false,0
2025-11-27T17:13:18.883976-08:00,read,key_963,1.59,false,false,0
2025-11-27T17:13:18.895133-08:00,read,key_353,1.99,false,false,0
2025-11-27T17:13:18.906323-08:00,read,key_264,1.66,false,false,0
2025-11-27T17:13:18.916512-08:00,read,key_73,1.44,false,false,0
2025-11-27T17:13:18.927684-08:00,read,key_165,1.96,false,false,0
2025-11-27T17:13:18.94979-08:00,read,key_640,1.81,false,false,0
2025-11-27T17:13:18.961029-08:00,read,key_310,2.73,false,false,0
2025-11-27T17:13:18.982732-08:00,read,key_657,1.40,false,false,0
2025-11-27T17:13:18.993103-08:00,read,key_320,1.72,false,false,0
2025-11-27T17:13:19.003548-08:00,read,key_107,3.15,false,false,0
2025-11-27T17:13:19.014523-08:00,read,key_692,1.64,false,false,0
2025-11-27T17:13:19.024752-08:00,read,key_962,1.63,false,false,0
2025-11-27T17:13:19.035923-08:00,read,key_349,4.38,false,false,0
2025-11-27T17:13:19.046079-08:00,read,key_980,2.33,false,false,0
2025-11-27T17:13:19.05717-08:00,read,key_414,1.76,false,false,0
2025-11-27T17:13:19.068363-08:00,read,key_708,1.38,false,false,0
2025-11-27T17:13:19.079268-08:00,read,key_205,2.68,false,false,0
2025-11-27T17:13:19.089884-08:00,read,key_400,1.78,false,false,0
2025-11-27T17:13:19.101015-08:00,read,key_131,1.92,false,false,0
2025-11-27T17:13:19.112136-08:00,read,key_926,2.46,false,false,0
2025-11-27T17:13:19.123269-08:00,read,key_5,1.63,false,false,0
2025-11-27T17:13:19.134402-08:00,read,key_94,2.05,false,false,0
2025-11-27T17:13:19.144903-08:00,read,key_314,2.61,true,false,12
2025-11-27T17:13:19.155664-08:00,read,key_609,2.24,false,false,0
2025-11-27T17:13:19.166426-08:00,read,key_172,1.50,false,false,0
2025-11-27T17:13:19.177556-08:00,read,key_798,1.40,false,false,0
2025-11-27T17:13:19.188271-08:00,read,key_584,2.55,false,false,0
2025-11-27T17:13:19.199364-08:00,read,key_150,1.55,false,false,0
2025-11-27T17:13:19.209849-08:00,read,key_349,1.52,false,false,0
2025-11-27T17:13:19.222119-08:00,read,key_398,1.74,false,false,0
2025-11-27T17:13:19.233009-08:00,read,key_814,1.69,false,false,0
2025-11-27T17:13:19.244166-08:00,read,key_276,3.73,false,false,0
2025-11-27T17:13:18.93866-08:00,write,key_746,309.32,true,false,15
2025-11-27T17:13:19.254408-08:00,read,key_523,2.54,false,false,0
2025-11-27T17:13:19.264627-08:00,read,key_798,1.57,false,false,0
2025-11-27T17:13:19.275789-08:00,read,key_168,1.58,false,false,0
2025-11-27T17:13:18.971576-08:00,write,key_730,310.76,true,false,16
2025-11-27T17:13:19.286145-08:00,read,key_438,3.01,false,false,0
2025-11-27T17:13:19.297209-08:00,read,key_526,1.70,false,false,0
2025-11-27T17:13:19.307851-08:00,read,key_106,1.64,false,false,0
2025-11-27T17:13:19.318041-08:00,read,key_371,1.62,false,false,0
2025-11-27T17:13:19.3291-08:00,read,key_902,2.15,false,false,0
2025-11-27T17:13:19.340224-08:00,read,key_136,1.94,false,false,0
2025-11-27T17:13:19.351353-08:00,read,key_784,1.59,false,false,0
2025-11-27T17:13:19.362546-08:00,read,key_64,2.62,false,false,0
2025-11-27T17:13:19.373597-08:00,read,key_613,2.71,false,false,0
2025-11-27T17:13:19.384643-08:00,read,key_321,1.54,false,false,0
2025-11-27T17:13:19.395788-08:00,read,key_196,2.45,false,false,0
2025-11-27T17:13:19.406919-08:00,read,key_713,1.89,false,false,0
2025-11-27T17:13:19.418034-08:00,read,key_354,1.70,false,false,0
2025-11-27T17:13:19.429887-08:00,read,key_340,1.88,false,false,0
2025-11-27T17:13:19.441117-08:00,read,key_911,1.64,false,false,0
2025-11-27T17:13:19.452371-08:00,read,key_588,2.66,false,false,0
2025-11-27T17:13:19.462794-08:00,read,key_965,2.19,false,false,0
2025-11-27T17:13:19.473056-08:00,read,key_649,1.84,false,false,0
2025-11-27T17:13:19.483446-08:00,read,key_631,1.47,false,false,0
2025-11-27T17:13:19.494171-08:00,read,key_312,2.08,false,false,0
2025-11-27T17:13:19.504849-08:00,read,key_104,2.14,false,false,0
2025-11-27T17:13:19.515999-08:00,read,key_264,1.58,false,false,0
2025-11-27T17:13:19.527146-08:00,read,key_364,2.35,false,false,0
2025-11-27T17:13:19.537965-08:00,read,key_128,2.58,false,false,0
2025-11-27T17:13:19.54903-08:00,read,key_519,1.67,false,false,0
2025-11-27T17:13:19.560215-08:00,read,key_497,1.53,false,false,0
2025-11-27T17:13:19.570635-08:00,read,key_313,2.59,false,false,0
2025-11-27T17:13:19.581721-08:00,read,key_811,1.58,false,false,0
2025-11-27T17:13:19.592838-08:00,read,key_697,1.67,false,false,0
2025-11-27T17:13:19.603418-08:00,read,key_468,2.60,false,false,0
2025-11-27T17:13:19.614565-08:00,read,key_112,1.74,false,false,0
2025-11-27T17:13:19.625716-08:00,read,key_770,2.08,false,false,0
2025-11-27T17:13:19.636946-08:00,read,key_583,2.63,false,false,0
2025-11-27T17:13:19.647305-08:00,read,key_431,1.52,false,false,0
2025-11-27T17:13:19.658439-08:00,read,key_633,1.67,false,false,0
2025-11-27T17:13:19.669622-08:00,read,key_18,2.67,false,false,0
2025-11-27T17:13:19.680789-08:00,read,key_166,1.27,false,false,0
2025-11-27T17:13:19.69194-08:00,read,key_472,1.84,false,false,0
2025-11-27T17:13:19.70313-08:00,read,key_20,2.77,false,false,0
2025-11-27T17:13:19.714188-08:00,read,key_804,1.73,false,false,0
2025-11-27T17:13:19.724734-08:00,read,key_544,1.61,false,false,0
2025-11-27T17:13:19.735493-08:00,read,key_967,1.95,false,false,0
2025-11-27T17:13:19.746715-08:00,read,key_318,2.50,false,false,0
2025-11-27T17:13:19.757554-08:00,read,key_205,1.66,false,false,0
2025-11-27T17:13:19.768118-08:00,read,key_879,1.76,false,false,0
2025-11-27T17:13:19.779706-08:00,read,key_415,2.32,false,false,0
2025-11-27T17:13:19.789698-08:00,read,key_114,1.63,false,false,0
2025-11-27T17:13:19.800739-08:00,read,key_823,1.52,false,false,0
2025-11-27T17:13:19.811688-08:00,read,key_587,3.17,false,false,0
2025-11-27T17:13:19.822412-08:00,read,key_781,2.07,false,false,0
2025-11-27T17:13:19.833537-08:00,read,key_290,1.62,false,false,0
2025-11-27T17:13:19.843897-08:00,read,key_360,2.98,false,false,0
2025-11-27T17:13:19.855322-08:00,read,key_580,2.35,false,false,0
2025-11-27T17:13:19.865473-08:00,read,key_432,1.61,false,false,0
2025-11-27T17:13:19.875919-08:00,read,key_315,1.61,false,false,0
2025-11-27T17:13:19.88691-08:00,read,key_929,3.51,false,false,0
2025-11-27T17:13:19.897937-08:00,read,key_855,1.61,false,false,0
2025-11-27T17:13:19.909079-08:00,read,key_63,1.57,false,false,0
2025-11-27T17:13:19.919758-08:00,read,key_960,3.85,false,false,0
2025-11-27T17:13:19.930708-08:00,read,key_95,1.64,false,false,0
2025-11-27T17:13:19.940872-08:00,read,key_585,1.57,false,false,0
2025-11-27T17:13:19.95201-08:00,read,key_302,2.93,false,false,0
2025-11-27T17:13:19.962523-08:00,read,key_956,3.05,false,false,0
2025-11-27T17:13:19.972759-08:00,read,key_281,1.28,false,false,0
2025-11-27T17:13:19.983887-08:00,read,key_318,1.51,false,false,0
2025-11-27T17:13:19.995063-08:00,read,key_439,3.13,false,false,0
2025-11-27T17:13:20.005887-08:00,read,key_135,1.99,false,false,0
2025-11-27T17:13:20.017064-08:00,read,key_701,1.72,false,false,0
2025-11-27T17:13:20.028232-08:00,read,key_453,2.97,false,false,0
2025-11-27T17:13:20.039257-08:00,read,key_453,1.68,false,false,0
2025-11-27T17:13:20.04986-08:00,read,key_606,1.71,false,false,0
2025-11-27T17:13:20.060289-08:00,read,key_290,1.23,false,false,0
2025-11-27T17:13:20.070656-08:00,read,key_134,2.62,false,false,0
2025-11-27T17:13:20.081518-08:00,read,key_128,1.92,false,false,0
2025-11-27T17:13:20.091852-08:00,read,key_131,1.51,false,false,0
2025-11-27T17:13:20.102988-08:00,read,key_683,2.77,false,false,0
2025-11-27T17:13:20.114039-08:00,read,key_255,1.51,false,false,0
2025-11-27T17:13:20.124758-08:00,read,key_675,1.54,false,false,0
2025-11-27T17:13:20.135281-08:00,read,key_15,1.24,false,false,0
2025-11-27T17:13:20.147352-08:00,read,key_314,1.94,true,false,12
2025-11-27T17:13:20.158474-08:00,read,key_602,1.59,false,false,0
2025-11-27T17:13:20.169231-08:00,read,key_323,3.08,false,false,0
2025-11-27T17:13:20.180534-08:00,read,key_184,2.06,false,false,0
2025-11-27T17:13:20.191421-08:00,read,key_412,1.92,false,false,0
2025-11-27T17:13:20.201934-08:00,read,key_666,1.81,false,false,0
2025-11-27T17:13:20.212259-08:00,read,key_829,2.73,false,false,0
2025-11-27T17:13:20.223353-08:00,read,key_113,1.81,false,false,0
2025-11-27T17:13:20.234546-08:00,read,key_922,1.81,false,false,0
2025-11-27T17:13:20.245694-08:00,read,key_660,3.33,false,false,0
2025-11-27T17:13:20.256676-08:00,read,key_679,1.35,false,false,0
2025-11-27T17:13:20.267832-08:00,read,key_356,1.84,false,false,0
2025-11-27T17:13:20.278376-08:00,read,key_587,3.46,false,false,0
2025-11-27T17:13:20.289374-08:00,read,key_108,1.59,false,false,0
2025-11-27T17:13:20.299715-08:00,read,key_881,2.06,false,false,0
2025-11-27T17:13:20.310888-08:00,read,key_158,3.06,false,false,0
2025-11-27T17:13:20.321482-08:00,read,key_238,1.82,false,false,0
2025-11-27T17:13:20.33259-08:00,read,key_168,1.46,false,false,0
2025-11-27T17:13:20.343726-08:00,read,key_212,1.64,false,false,0
2025-11-27T17:13:20.355132-08:00,read,key_264,1.49,false,false,0
2025-11-27T17:13:20.366228-08:00,read,key_771,1.92,false,false,0
2025-11-27T17:13:20.37649-08:00,read,key_106,1.94,false,false,0
2025-11-27T17:13:20.387748-08:00,read,key_157,2.45,false,false,0
2025-11-27T17:13:20.3982-08:00,read,key_302,1.84,false,false,0
2025-11-27T17:13:20.409342-08:00,read,key_958,1.49,false,false,0
2025-11-27T17:13:20.419685-08:00,read,key_637,2.51,false,false,0
2025-11-27T17:13:20.430779-08:00,read,key_312,1.84,false,false,0
2025-11-27T17:13:20.441245-08:00,read,key_358,1.48,false,false,0
2025-11-27T17:13:20.452444-08:00,read,key_747,3.64,false,false,0
2025-11-27T17:13:20.463418-08:00,read,key_479,2.29,false,false,0
2025-11-27T17:13:20.474519-08:00,read,key_356,1.49,false,false,0
2025-11-27T17:13:20.48571-08:00,read,key_783,2.05,false,false,0
2025-11-27T17:13:20.497107-08:00,read,key_510,1.84,false,false,0
2025-11-27T17:13:20.508245-08:00,read,key_734,1.67,false,false,0
2025-11-27T17:13:20.519394-08:00,read,key_983,2.37,false,false,0
2025-11-27T17:13:20.530596-08:00,read,key_549,1.59,false,false,0
2025-11-27T17:13:20.541416-08:00,read,key_974,1.35,false,false,0
2025-11-27T17:13:20.552519-08:00,read,key_464,1.26,false,false,0
2025-11-27T17:13:20.563033-08:00,read,key_544,2.04,false,false,0
2025-11-27T17:13:20.574167-08:00,read,key_105,1.30,false,false,0
2025-11-27T17:13:20.584776-08:00,read,key_707,1.46,false,false,0
2025-11-27T17:13:20.595931-08:00,read,key_971,2.29,false,false,0
2025-11-27T17:13:20.606381-08:00,read,key_466,2.11,false,false,0
2025-11-27T17:13:20.617434-08:00,read,key_580,1.79,false,false,0
2025-11-27T17:13:20.627843-08:00,read,key_660,3.15,false,false,0
2025-11-27T17:13:20.638997-08:00,read,key_734,1.83,false,false,0
2025-11-27T17:13:20.650112-08:00,read,key_152,1.74,false,false,0
2025-11-27T17:13:20.661262-08:00,read,key_182,2.78,false,false,0
2025-11-27T17:13:20.672283-08:00,read,key_697,1.80,false,false,0
2025-11-27T17:13:20.683431-08:00,read,key_976,1.63,false,false,0
2025-11-27T17:13:20.694676-08:00,read,key_125,3.05,false,false,0
2025-11-27T17:13:20.705714-08:00,read,key_541,1.57,false,false,0
2025-11-27T17:13:20.716161-08:00,read,key_678,1.45,false,false,0
2025-11-27T17:13:20.726468-08:00,read,key_792,1.36,false,false,0
2025-11-27T17:13:20.737651-08:00,read,key_13,2.86,false,false,0
2025-11-27T17:13:20.74867-08:00,read,key_748,1.53,false,false,0
2025-11-27T17:13:20.759864-08:00,read,key_188,1.64,false,false,0
2025-11-27T17:13:20.770963-08:00,read,key_843,2.61,false,false,0
2025-11-27T17:13:20.781283-08:00,read,key_669,1.54,false,false,0
2025-11-27T17:13:20.792424-08:00,read,key_597,1.42,false,false,0
2025-11-27T17:13:20.80357-08:00,read,key_890,3.10,false,false,0
2025-11-27T17:13:20.814259-08:00,read,key_874,1.87,false,false,0
2025-11-27T17:13:20.825365-08:00,read,key_825,1.67,false,false,0
2025-11-27T17:13:20.836514-08:00,read,key_295,2.84,false,false,0
2025-11-27T17:13:20.847523-08:00,read,key_638,1.45,false,false,0
2025-11-27T17:13:20.8581-08:00,read,key_141,1.59,false,false,0
2025-11-27T17:13:20.868687-08:00,read,key_683,1.22,false,false,0
2025-11-27T17:13:20.879869-08:00,read,key_73,1.74,false,false,0
2025-11-27T17:13:20.890873-08:00,read,key_853,1.80,false,false,0
2025-11-27T17:13:20.901236-08:00,read,key_295,1.41,false,false,0
2025-11-27T17:13:20.911493-08:00,read,key_270,2.52,false,false,0
2025-11-27T17:13:20.922544-08:00,read,key_870,1.60,false,false,0
2025-11-27T17:13:20.933664-08:00,read,key_111,1.54,false,false,0
2025-11-27T17:13:20.944311-08:00,read,key_180,1.48,false,false,0
2025-11-27T17:13:20.955306-08:00,read,key_296,1.94,false,false,0
2025-11-27T17:13:20.966354-08:00,read,key_312,1.62,false,false,0
2025-11-27T17:13:20.977466-08:00,read,key_181,1.96,false,false,0
2025-11-27T17:13:20.988955-08:00,read,key_963,2.11,false,false,0
2025-11-27T17:13:21.000141-08:00,read,key_247,1.79,false,false,0
2025-11-27T17:13:21.01133-08:00,read,key_648,3.09,false,false,0
2025-11-27T17:13:21.022307-08:00,read,key_816,1.94,false,false,0
2025-11-27T17:13:21.033107-08:00,read,key_107,1.49,false,false,0
2025-11-27T17:13:21.043577-08:00,read,key_71,1.72,false,false,0
2025-11-27T17:13:21.054509-08:00,read,key_585,1.85,false,false,0
2025-11-27T17:13:21.06564-08:00,read,key_12,1.80,false,false,0
2025-11-27T17:13:21.076758-08:00,read,key_190,1.92,false,false,0
2025-11-27T17:13:21.087768-08:00,read,key_909,2.61,false,false,0
2025-11-27T17:13:21.09883-08:00,read,key_778,1.73,false,false,0
2025-11-27T17:13:21.109134-08:00,read,key_297,1.36,false,false,0
2025-11-27T17:13:21.119849-08:00,read,key_177,2.40,false,false,0
2025-11-27T17:13:21.130974-08:00,read,key_655,1.81,false,false,0
2025-11-27T17:13:21.14134-08:00,read,key_635,1.46,false,false,0
2025-11-27T17:13:21.152479-08:00,read,key_808,2.87,false,false,0
2025-11-27T17:13:21.162747-08:00,read,key_584,2.93,false,false,0
2025-11-27T17:13:21.173783-08:00,read,key_500,1.95,false,false,0
2025-11-27T17:13:21.18491-08:00,read,key_236,1.99,false,false,0
2025-11-27T17:13:21.196134-08:00,read,key_165,3.34,false,false,0
2025-11-27T17:13:21.206842-08:00,read,key_431,1.67,false,false,0
2025-11-27T17:13:21.217995-08:00,read,key_698,1.63,false,false,0
2025-11-27T17:13:21.229147-08:00,read,key_624,2.49,false,false,0
2025-11-27T17:13:21.240249-08:00,read,key_851,1.92,false,false,0
2025-11-27T17:13:21.251403-08:00,read,key_663,1.57,false,false,0
2025-11-27T17:13:21.261727-08:00,read,key_209,3.63,false,false,0
2025-11-27T17:13:21.283041-08:00,read,key_980,1.53,false,false,0
2025-11-27T17:13:21.294235-08:00,read,key_415,1.85,false,false,0
2025-11-27T17:13:21.304694-08:00,read,key_256,2.54,false,false,0
2025-11-27T17:13:21.315759-08:00,read,key_762,1.43,false,false,0
2025-11-27T17:13:21.326867-08:00,read,key_712,1.52,false,false,0
2025-11-27T17:13:21.338253-08:00,read,key_471,1.89,false,false,0
2025-11-27T17:13:21.349256-08:00,read,key_759,1.66,false,false,0
2025-11-27T17:13:21.360379-08:00,read,key_141,1.95,false,false,0
2025-11-27T17:13:21.371276-08:00,read,key_10,2.61,false,false,0
2025-11-27T17:13:21.381753-08:00,read,key_417,1.73,false,false,0
2025-11-27T17:13:21.392901-08:00,read,key_103,1.68,false,false,0
2025-11-27T17:13:21.404071-08:00,read,key_284,3.10,false,false,0
2025-11-27T17:13:21.415062-08:00,read,key_232,1.58,false,false,0
2025-11-27T17:13:21.426197-08:00,read,key_662,1.39,false,false,0
2025-11-27T17:13:21.437369-08:00,read,key_152,2.67,false,false,0
2025-11-27T17:13:21.448424-08:00,read,key_7,1.70,false,false,0
2025-11-27T17:13:21.459565-08:00,read,key_584,1.60,false,false,0
2025-11-27T17:13:21.47027-08:00,read,key_212,2.62,false,false,0
2025-11-27T17:13:21.481322-08:00,read,key_789,1.37,false,false,0
2025-11-27T17:13:21.492482-08:00,read,key_103,1.43,false,false,0
2025-11-27T17:13:21.503594-08:00,read,key_198,2.52,false,false,0
2025-11-27T17:13:21.514653-08:00,read,key_316,1.87,false,false,0
2025-11-27T17:13:21.525764-08:00,read,key_777,1.90,false,false,0
2025-11-27T17:13:21.537029-08:00,read,key_726,2.75,false,false,0
2025-11-27T17:13:21.548049-08:00,read,key_893,1.50,false,false,0
2025-11-27T17:13:21.55841-08:00,read,key_965,1.69,false,false,0
2025-11-27T17:13:21.569631-08:00,read,key_953,2.08,false,false,0
2025-11-27T17:13:21.272683-08:00,write,key_460,304.64,true,false,17
2025-11-27T17:13:21.579981-08:00,read,key_541,1.80,false,false,0
2025-11-27T17:13:21.591159-08:00,read,key_253,1.42,false,false,0
2025-11-27T17:13:21.602312-08:00,read,key_358,2.20,false,false,0
2025-11-27T17:13:21.613184-08:00,read,key_672,2.06,false,false,0
2025-11-27T17:13:21.624287-08:00,read,key_436,1.40,false,false,0
2025-11-27T17:13:21.635382-08:00,read,key_589,1.60,false,false,0
2025-11-27T17:13:21.646145-08:00,read,key_362,2.27,false,false,0
2025-11-27T17:13:21.657303-08:00,read,key_214,1.72,false,false,0
2025-11-27T17:13:21.6684-08:00,read,key_329,2.04,false,false,0
2025-11-27T17:13:21.679574-08:00,read,key_291,3.04,false,false,0
2025-11-27T17:13:21.690339-08:00,read,key_192,1.77,false,false,0
2025-11-27T17:13:21.701522-08:00,read,key_434,1.39,false,false,0
2025-11-27T17:13:21.712755-08:00,read,key_694,2.95,false,false,0
2025-11-27T17:13:21.723865-08:00,read,key_473,1.66,false,false,0
2025-11-27T17:13:21.735029-08:00,read,key_368,2.81,true,false,6
2025-11-27T17:13:21.746089-08:00,read,key_189,2.84,false,false,0
2025-11-27T17:13:21.757098-08:00,read,key_961,1.69,false,false,0
2025-11-27T17:13:21.768222-08:00,read,key_277,1.84,false,false,0
2025-11-27T17:13:21.779368-08:00,read,key_752,2.86,false,false,0
2025-11-27T17:13:21.790397-08:00,read,key_374,1.71,false,false,0
2025-11-27T17:13:21.801557-08:00,read,key_109,1.19,false,false,0
2025-11-27T17:13:21.812182-08:00,read,key_91,3.05,false,false,0
2025-11-27T17:13:21.823263-08:00,read,key_381,1.38,false,false,0
2025-11-27T17:13:21.833709-08:00,read,key_654,1.67,false,false,0
2025-11-27T17:13:21.844827-08:00,read,key_299,3.26,false,false,0
2025-11-27T17:13:21.855781-08:00,read,key_741,1.48,false,false,0
2025-11-27T17:13:21.866866-08:00,read,key_437,1.43,false,false,0
2025-11-27T17:13:21.878068-08:00,read,key_5,1.77,false,false,0
2025-11-27T17:13:21.889187-08:00,read,key_545,1.56,false,false,0
2025-11-27T17:13:21.900318-08:00,read,key_36,1.52,false,false,0
2025-11-27T17:13:21.911481-08:00,read,key_624,2.37,false,false,0
2025-11-27T17:13:21.922615-08:00,read,key_401,1.30,false,false,0
2025-11-27T17:13:21.933761-08:00,read,key_821,1.46,false,false,0
2025-11-27T17:13:21.944884-08:00,read,key_350,2.81,false,false,0
2025-11-27T17:13:21.956091-08:00,read,key_654,1.59,false,false,0
2025-11-27T17:13:21.967318-08:00,read,key_982,1.66,true,false,5
2025-11-27T17:13:21.978456-08:00,read,key_670,2.54,false,false,0
2025-11-27T17:13:21.989636-08:00,read,key_289,1.46,false,false,0
2025-11-27T17:13:22.000814-08:00,read,key_152,1.85,false,false,0
2025-11-27T17:13:22.011391-08:00,read,key_628,2.75,false,false,0
2025-11-27T17:13:22.022513-08:00,read,key_647,1.60,false,false,0
2025-11-27T17:13:22.033693-08:00,read,key_189,1.92,false,false,0
2025-11-27T17:13:22.044842-08:00,read,key_985,2.88,false,false,0
2025-11-27T17:13:22.05587-08:00,read,key_44,1.83,false,false,0
2025-11-27T17:13:22.066418-08:00,read,key_601,1.35,false,false,0
2025-11-27T17:13:22.077275-08:00,read,key_845,2.03,false,false,0
2025-11-27T17:13:22.088741-08:00,read,key_314,1.81,true,false,12
2025-11-27T17:13:22.099911-08:00,read,key_673,2.09,false,false,0
2025-11-27T17:13:22.110756-08:00,read,key_354,2.64,false,false,0
2025-11-27T17:13:22.121465-08:00,read,key_90,2.68,false,false,0
2025-11-27T17:13:22.132569-08:00,read,key_603,1.49,false,false,0
2025-11-27T17:13:22.143597-08:00,read,key_408,2.15,false,false,0
2025-11-27T17:13:22.154857-08:00,read,key_15,2.81,false,false,0
2025-11-27T17:13:22.165346-08:00,read,key_751,1.39,false,false,0
2025-11-27T17:13:22.175747-08:00,read,key_227,1.80,false,false,0
2025-11-27T17:13:22.1869-08:00,read,key_904,2.76,false,false,0
2025-11-27T17:13:22.198083-08:00,read,key_600,1.61,false,false,0
2025-11-27T17:13:22.208354-08:00,read,key_836,1.31,false,false,0
2025-11-27T17:13:22.219503-08:00,read,key_184,2.05,false,false,0
2025-11-27T17:13:22.230655-08:00,read,key_667,1.90,false,false,0
2025-11-27T17:13:22.241417-08:00,read,key_222,1.48,false,false,0
2025-11-27T17:13:22.252609-08:00,read,key_60,2.98,false,false,0
2025-11-27T17:13:22.263065-08:00,read,key_237,2.80,false,false,0
2025-11-27T17:13:22.274117-08:00,read,key_25,1.58,false,false,0
2025-11-27T17:13:22.285259-08:00,read,key_620,2.27,false,false,0
2025-11-27T17:13:22.296362-08:00,read,key_181,3.04,false,false,0
2025-11-27T17:13:22.307399-08:00,read,key_309,1.64,false,false,0
2025-11-27T17:13:22.318077-08:00,read,key_815,1.80,false,false,0
2025-11-27T17:13:22.329602-08:00,read,key_406,2.49,false,false,0
2025-11-27T17:13:22.340646-08:00,read,key_601,1.50,false,false,0
2025-11-27T17:13:22.351083-08:00,read,key_153,2.13,false,false,0
2025-11-27T17:13:22.362228-08:00,read,key_963,2.60,false,false,0
2025-11-27T17:13:22.373269-08:00,read,key_417,1.85,false,false,0
2025-11-27T17:13:22.383731-08:00,read,key_413,1.68,false,false,0
2025-11-27T17:13:22.394189-08:00,read,key_964,3.50,false,false,0
2025-11-27T17:13:22.405443-08:00,read,key_740,1.63,true,false,11
2025-11-27T17:13:22.41662-08:00,read,key_968,0.88,false,false,0
2025-11-27T17:13:22.42776-08:00,read,key_748,1.70,false,false,0
2025-11-27T17:13:22.43897-08:00,read,key_860,1.75,false,false,0
2025-11-27T17:13:22.449524-08:00,read,key_184,1.71,false,false,0
2025-11-27T17:13:22.459763-08:00,read,key_90,1.67,false,false,0
2025-11-27T17:13:22.470705-08:00,read,key_229,2.43,false,false,0
2025-11-27T17:13:22.481834-08:00,read,key_45,1.48,false,false,0
2025-11-27T17:13:22.492182-08:00,read,key_687,1.80,false,false,0
2025-11-27T17:13:22.503334-08:00,read,key_12,2.70,false,false,0
2025-11-27T17:13:22.51435-08:00,read,key_811,1.64,false,false,0
2025-11-27T17:13:22.524752-08:00,read,key_260,1.72,false,false,0
2025-11-27T17:13:22.535903-08:00,read,key_309,4.06,false,false,0
2025-11-27T17:13:22.547709-08:00,read,key_881,2.03,false,false,0
2025-11-27T17:13:22.558858-08:00,read,key_749,1.65,false,false,0
2025-11-27T17:13:22.570048-08:00,read,key_160,3.46,false,false,0
2025-11-27T17:13:22.581022-08:00,read,key_865,1.85,false,false,0
2025-11-27T17:13:22.592207-08:00,read,key_425,2.15,false,false,0
2025-11-27T17:13:22.603452-08:00,read,key_768,3.62,false,false,0
2025-11-27T17:13:22.614073-08:00,read,key_501,1.80,false,false,0
2025-11-27T17:13:22.625241-08:00,read,key_101,1.88,false,false,0
2025-11-27T17:13:22.636461-08:00,read,key_424,4.61,false,false,0
2025-11-27T17:13:22.647509-08:00,read,key_958,2.39,false,false,0
2025-11-27T17:13:22.658607-08:00,read,key_183,1.92,false,false,0
2025-11-27T17:13:22.669741-08:00,read,key_132,3.58,false,false,0
2025-11-27T17:13:22.680863-08:00,read,key_841,2.42,false,false,0
2025-11-27T17:13:22.69196-08:00,read,key_867,1.63,false,false,0
2025-11-27T17:13:22.70319-08:00,read,key_164,2.47,false,false,0
2025-11-27T17:13:22.71434-08:00,read,key_436,2.81,false,false,0
2025-11-27T17:13:22.725403-08:00,read,key_212,1.87,false,false,0
2025-11-27T17:13:22.736582-08:00,read,key_298,3.37,false,false,0
2025-11-27T17:13:22.748151-08:00,read,key_3,2.74,false,false,0
2025-11-27T17:13:22.759218-08:00,read,key_321,2.56,false,false,0
2025-11-27T17:13:22.770315-08:00,read,key_36,3.26,false,false,0
2025-11-27T17:13:22.781404-08:00,read,key_267,1.50,false,false,0
2025-11-27T17:13:22.792516-08:00,read,key_238,1.96,false,false,0
2025-11-27T17:13:22.803849-08:00,read,key_637,2.20,false,false,0
2025-11-27T17:13:22.814639-08:00,read,key_431,1.54,false,false,0
2025-11-27T17:13:22.825733-08:00,read,key_582,1.77,false,false,0
2025-11-27T17:13:22.837106-08:00,read,key_825,4.51,false,false,0
2025-11-27T17:13:22.847924-08:00,read,key_421,1.50,false,false,0
2025-11-27T17:13:22.859047-08:00,read,key_581,1.78,false,false,0
2025-11-27T17:13:22.869907-08:00,read,key_892,2.55,false,false,0
2025-11-27T17:13:22.881015-08:00,read,key_414,0.99,false,false,0
2025-11-27T17:13:22.891852-08:00,read,key_374,0.77,false,false,0
2025-11-27T17:13:22.902086-08:00,read,key_164,0.99,false,false,0
2025-11-27T17:13:22.913105-08:00,read,key_7,0.88,false,false,0
2025-11-27T17:13:22.924301-08:00,read,key_196,0.66,false,false,0
2025-11-27T17:13:22.934829-08:00,read,key_449,0.62,false,false,0
2025-11-27T17:13:22.957178-08:00,read,key_8,0.73,false,false,0
2025-11-27T17:13:22.968019-08:00,read,key_588,0.77,false,false,0
2025-11-27T17:13:22.978992-08:00,read,key_543,0.92,false,false,0
2025-11-27T17:13:22.990154-08:00,read,key_546,0.78,false,false,0
2025-11-27T17:13:23.001315-08:00,read,key_954,0.83,false,false,0
2025-11-27T17:13:23.011602-08:00,read,key_478,2.36,false,false,0
2025-11-27T17:13:23.022804-08:00,read,key_555,1.75,false,false,0
2025-11-27T17:13:23.045273-08:00,read,key_638,2.15,false,false,0
2025-11-27T17:13:23.056449-08:00,read,key_218,3.76,false,false,0
2025-11-27T17:13:23.067357-08:00,read,key_436,1.34,false,false,0
2025-11-27T17:13:23.078627-08:00,read,key_101,2.46,false,false,0
2025-11-27T17:13:23.089742-08:00,read,key_144,1.71,false,false,0
2025-11-27T17:13:23.100876-08:00,read,key_242,1.51,false,false,0
2025-11-27T17:13:23.111693-08:00,read,key_959,3.11,false,false,0
2025-11-27T17:13:23.122586-08:00,read,key_491,1.88,false,false,0
2025-11-27T17:13:23.133728-08:00,read,key_423,1.45,false,false,0
2025-11-27T17:13:23.144888-08:00,read,key_436,3.02,false,false,0
2025-11-27T17:13:23.155437-08:00,read,key_158,1.60,false,false,0
2025-11-27T17:13:23.166375-08:00,read,key_279,1.79,false,false,0
2025-11-27T17:13:23.177061-08:00,read,key_522,2.53,false,false,0
2025-11-27T17:13:23.187914-08:00,read,key_918,2.38,false,false,0
2025-11-27T17:13:23.198383-08:00,read,key_19,1.68,false,false,0
2025-11-27T17:13:23.209523-08:00,read,key_520,1.38,false,false,0
2025-11-27T17:13:23.220273-08:00,read,key_279,3.02,false,false,0
2025-11-27T17:13:23.231343-08:00,read,key_513,1.81,false,false,0
2025-11-27T17:13:23.242211-08:00,read,key_401,1.20,false,false,0
2025-11-27T17:13:22.945966-08:00,write,key_159,304.47,true,false,18
2025-11-27T17:13:23.252569-08:00,read,key_46,1.43,false,false,0
2025-11-27T17:13:23.263906-08:00,read,key_29,1.89,false,false,0
2025-11-27T17:13:23.274656-08:00,read,key_723,1.58,false,false,0
2025-11-27T17:13:23.285838-08:00,read,key_604,1.58,false,false,0
2025-11-27T17:13:23.297015-08:00,read,key_12,1.93,false,false,0
2025-11-27T17:13:23.308002-08:00,read,key_386,1.76,false,false,0
2025-11-27T17:13:23.319139-08:00,read,key_609,1.65,false,false,0
2025-11-27T17:13:23.330387-08:00,read,key_36,1.41,false,false,0
2025-11-27T17:13:23.341506-08:00,read,key_249,1.89,false,false,0
2025-11-27T17:13:23.033967-08:00,write,key_41,310.21,true,false,19
2025-11-27T17:13:23.352618-08:00,read,key_433,1.58,false,false,0
2025-11-27T17:13:23.363913-08:00,read,key_991,2.80,false,false,0
2025-11-27T17:13:23.374647-08:00,read,key_515,1.50,false,false,0
2025-11-27T17:13:23.385826-08:00,read,key_639,2.41,false,false,0
2025-11-27T17:13:23.397152-08:00,read,key_589,14.76,false,false,0
2025-11-27T17:13:23.40809-08:00,read,key_317,3.83,false,false,0
2025-11-27T17:13:23.41901-08:00,read,key_280,0.87,false,false,0
2025-11-27T17:13:23.430344-08:00,read,key_861,1.00,false,false,0
2025-11-27T17:13:23.441541-08:00,read,key_182,0.86,false,false,0
2025-11-27T17:13:23.452039-08:00,read,key_317,2.33,false,false,0
2025-11-27T17:13:23.46265-08:00,read,key_378,2.66,false,false,0
2025-11-27T17:13:23.473707-08:00,read,key_275,1.52,false,false,0
2025-11-27T17:13:23.484819-08:00,read,key_636,1.62,false,false,0
2025-11-27T17:13:23.495006-08:00,read,key_239,2.95,false,false,0
2025-11-27T17:13:23.506016-08:00,read,key_905,1.63,false,false,0
2025-11-27T17:13:23.517054-08:00,read,key_62,1.49,false,false,0
2025-11-27T17:13:23.52798-08:00,read,key_342,2.25,false,false,0
2025-11-27T17:13:23.539018-08:00,read,key_816,1.72,false,false,0
2025-11-27T17:13:23.550151-08:00,read,key_153,1.49,false,false,0
2025-11-27T17:13:23.561161-08:00,read,key_724,3.67,false,false,0
2025-11-27T17:13:23.572127-08:00,read,key_76,1.93,false,false,0
2025-11-27T17:13:23.583093-08:00,read,key_863,1.55,false,false,0
2025-11-27T17:13:23.594234-08:00,read,key_527,2.07,false,false,0
2025-11-27T17:13:23.605738-08:00,read,key_220,1.73,false,false,0
2025-11-27T17:13:23.616383-08:00,read,key_232,1.82,false,false,0
2025-11-27T17:13:23.627532-08:00,read,key_6,3.29,false,false,0
2025-11-27T17:13:23.638842-08:00,read,key_881,1.84,false,false,0
2025-11-27T17:13:23.64974-08:00,read,key_329,2.00,false,false,0
2025-11-27T17:13:23.660951-08:00,read,key_294,1.41,false,false,0
2025-11-27T17:13:23.672185-08:00,read,key_795,2.32,false,false,0
2025-11-27T17:13:23.683206-08:00,read,key_205,2.04,false,false,0
2025-11-27T17:13:23.694448-08:00,read,key_116,2.95,false,false,0
2025-11-27T17:13:23.705774-08:00,read,key_972,1.67,false,false,0
2025-11-27T17:13:23.716746-08:00,read,key_407,1.43,false,false,0
2025-11-27T17:13:23.727927-08:00,read,key_756,3.32,false,false,0
2025-11-27T17:13:23.739047-08:00,read,key_854,1.70,false,false,0
2025-11-27T17:13:23.750163-08:00,read,key_32,1.61,false,false,0
2025-11-27T17:13:23.760375-08:00,read,key_76,1.56,false,false,0
2025-11-27T17:13:23.771037-08:00,read,key_906,2.67,false,false,0
2025-11-27T17:13:23.781883-08:00,read,key_863,1.33,false,false,0
2025-11-27T17:13:23.792993-08:00,read,key_588,1.78,false,false,0
2025-11-27T17:13:23.804151-08:00,read,key_478,2.37,false,false,0
2025-11-27T17:13:23.815167-08:00,read,key_140,1.38,false,false,0
2025-11-27T17:13:23.826289-08:00,read,key_818,2.06,false,false,0
2025-11-27T17:13:23.838217-08:00,read,key_372,1.90,false,false,0
2025-11-27T17:13:23.848638-08:00,read,key_952,1.96,false,false,0
2025-11-27T17:13:23.858866-08:00,read,key_543,1.61,false,false,0
2025-11-27T17:13:23.870067-08:00,read,key_988,2.41,false,false,0
2025-11-27T17:13:23.881165-08:00,read,key_315,1.92,false,false,0
2025-11-27T17:13:23.891335-08:00,read,key_541,1.59,false,false,0
2025-11-27T17:13:23.902452-08:00,read,key_295,1.65,false,false,0
2025-11-27T17:13:23.913201-08:00,read,key_687,3.73,false,false,0
2025-11-27T17:13:23.924012-08:00,read,key_92,1.34,false,false,0
2025-11-27T17:13:23.935154-08:00,read,key_469,1.45,false,false,0
2025-11-27T17:13:23.946031-08:00,read,key_207,2.12,false,false,0
2025-11-27T17:13:23.956659-08:00,read,key_62,1.36,false,false,0
2025-11-27T17:13:23.967786-08:00,read,key_161,1.68,false,false,0
2025-11-27T17:13:23.978703-08:00,read,key_266,3.11,false,false,0
2025-11-27T17:13:23.989703-08:00,read,key_548,1.86,false,false,0
2025-11-27T17:13:24.000862-08:00,read,key_954,1.52,false,false,0
2025-11-27T17:13:24.012264-08:00,read,key_607,2.60,false,false,0
2025-11-27T17:13:24.023384-08:00,read,key_904,1.43,false,false,0
2025-11-27T17:13:24.034627-08:00,read,key_462,1.61,false,false,0
2025-11-27T17:13:24.045368-08:00,read,key_287,2.28,false,false,0
2025-11-27T17:13:24.056335-08:00,read,key_366,1.39,false,false,0
2025-11-27T17:13:24.067482-08:00,read,key_521,1.51,false,false,0
2025-11-27T17:13:24.078657-08:00,read,key_958,2.68,false,false,0
2025-11-27T17:13:24.089714-08:00,read,key_658,1.92,false,false,0
2025-11-27T17:13:24.100846-08:00,read,key_265,1.55,false,false,0
2025-11-27T17:13:24.112041-08:00,read,key_141,2.90,false,false,0
2025-11-27T17:13:24.123005-08:00,read,key_63,1.67,false,false,0
2025-11-27T17:13:24.13417-08:00,read,key_346,1.88,false,false,0
2025-11-27T17:13:24.145492-08:00,read,key_182,2.27,false,false,0
2025-11-27T17:13:24.156635-08:00,read,key_76,1.39,false,false,0
2025-11-27T17:13:24.167806-08:00,read,key_620,1.61,false,false,0
2025-11-27T17:13:24.178902-08:00,read,key_145,1.98,false,false,0
2025-11-27T17:13:24.189994-08:00,read,key_224,1.75,false,false,0
2025-11-27T17:13:24.201071-08:00,read,key_98,1.58,false,false,0
2025-11-27T17:13:24.211778-08:00,read,key_784,2.56,false,false,0
2025-11-27T17:13:24.222904-08:00,read,key_465,1.65,false,false,0
2025-11-27T17:13:24.234075-08:00,read,key_315,1.93,false,false,0
2025-11-27T17:13:24.245303-08:00,read,key_297,2.15,false,false,0
2025-11-27T17:13:24.256339-08:00,read,key_580,1.31,false,false,0
2025-11-27T17:13:24.267194-08:00,read,key_736,1.71,false,false,0
2025-11-27T17:13:24.277937-08:00,read,key_970,3.48,false,false,0
2025-11-27T17:13:24.288158-08:00,read,key_155,3.13,false,false,0
2025-11-27T17:13:24.298588-08:00,read,key_102,1.57,false,false,0
2025-11-27T17:13:24.309766-08:00,read,key_105,1.49,false,false,0
2025-11-27T17:13:24.320153-08:00,read,key_796,3.13,false,false,0
2025-11-27T17:13:24.330599-08:00,read,key_224,2.04,false,false,0
2025-11-27T17:13:24.341755-08:00,read,key_881,1.41,false,false,0
2025-11-27T17:13:24.352932-08:00,read,key_243,3.00,false,false,0
2025-11-27T17:13:24.363518-08:00,read,key_657,2.31,false,false,0
2025-11-27T17:13:24.374617-08:00,read,key_880,1.74,false,false,0
2025-11-27T17:13:24.385753-08:00,read,key_841,2.40,false,false,0
2025-11-27T17:13:24.396919-08:00,read,key_584,1.41,false,false,0
2025-11-27T17:13:24.408011-08:00,read,key_183,1.55,false,false,0
2025-11-27T17:13:24.418337-08:00,read,key_311,1.40,false,false,0
2025-11-27T17:13:24.429769-08:00,read,key_17,1.86,false,false,0
2025-11-27T17:13:24.440893-08:00,read,key_308,1.51,false,false,0
2025-11-27T17:13:24.452012-08:00,read,key_700,1.61,false,false,0
2025-11-27T17:13:24.463159-08:00,read,key_101,2.08,false,false,0
2025-11-27T17:13:24.474256-08:00,read,key_639,1.38,false,false,0
2025-11-27T17:13:24.485449-08:00,read,key_617,1.44,false,false,0
2025-11-27T17:13:24.496046-08:00,read,key_74,2.20,false,false,0
2025-11-27T17:13:24.507169-08:00,read,key_554,1.50,false,false,0
2025-11-27T17:13:24.517893-08:00,read,key_988,1.89,false,false,0
2025-11-27T17:13:24.528876-08:00,read,key_33,2.41,false,false,0
2025-11-27T17:13:24.539061-08:00,read,key_545,1.28,false,false,0
2025-11-27T17:13:24.550197-08:00,read,key_902,1.40,false,false,0
2025-11-27T17:13:24.561135-08:00,read,key_19,2.74,false,false,0
2025-11-27T17:13:24.572296-08:00,read,key_296,1.88,false,false,0
2025-11-27T17:13:24.583451-08:00,read,key_675,1.97,false,false,0
2025-11-27T17:13:24.594563-08:00,read,key_701,3.46,false,false,0
2025-11-27T17:13:24.605759-08:00,read,key_427,1.52,false,false,0
2025-11-27T17:13:24.616914-08:00,read,key_977,1.93,false,false,0
2025-11-27T17:13:24.628072-08:00,read,key_636,1.50,false,false,0
2025-11-27T17:13:24.639299-08:00,read,key_313,0.74,false,false,0
2025-11-27T17:13:24.650475-08:00,read,key_258,0.85,false,false,0
2025-11-27T17:13:24.661605-08:00,read,key_109,1.15,false,false,0
2025-11-27T17:13:24.673162-08:00,read,key_527,0.71,false,false,0
2025-11-27T17:13:24.684367-08:00,read,key_541,0.89,false,false,0
2025-11-27T17:13:24.695476-08:00,read,key_211,1.72,false,false,0
2025-11-27T17:13:24.705734-08:00,read,key_896,0.92,false,false,0
2025-11-27T17:13:24.716308-08:00,read,key_347,0.74,false,false,0
2025-11-27T17:13:24.727375-08:00,read,key_895,0.72,false,false,0
2025-11-27T17:13:24.738651-08:00,read,key_144,1.58,false,false,0
2025-11-27T17:13:24.749109-08:00,read,key_102,1.60,false,false,0
2025-11-27T17:13:24.760219-08:00,read,key_462,1.82,false,false,0
2025-11-27T17:13:24.771339-08:00,read,key_136,1.94,false,false,0
2025-11-27T17:13:24.782264-08:00,read,key_357,1.29,false,false,0
2025-11-27T17:13:24.793451-08:00,read,key_179,1.96,false,false,0
2025-11-27T17:13:24.805012-08:00,read,key_728,3.01,false,false,0
2025-11-27T17:13:24.815834-08:00,read,key_902,1.76,false,false,0
2025-11-27T17:13:24.82653-08:00,read,key_724,4.30,false,false,0
2025-11-27T17:13:24.837486-08:00,read,key_423,2.70,false,false,0
2025-11-27T17:13:24.847728-08:00,read,key_603,1.54,false,false,0
2025-11-27T17:13:24.859568-08:00,read,key_116,1.76,false,false,0
2025-11-27T17:13:24.870943-08:00,read,key_6,2.35,false,false,0
2025-11-27T17:13:24.881811-08:00,read,key_409,1.77,false,false,0
2025-11-27T17:13:24.892964-08:00,read,key_13,1.80,false,false,0
2025-11-27T17:13:24.903317-08:00,read,key_648,2.69,false,false,0
2025-11-27T17:13:24.914365-08:00,read,key_847,1.44,false,false,0
2025-11-27T17:13:24.924956-08:00,read,key_720,1.59,false,false,0
2025-11-27T17:13:24.935134-08:00,read,key_815,1.54,false,false,0
2025-11-27T17:13:24.945995-08:00,read,key_135,1.57,false,false,0
2025-11-27T17:13:24.957143-08:00,read,key_302,1.61,false,false,0
2025-11-27T17:13:24.967433-08:00,read,key_363,1.46,false,false,0
2025-11-27T17:13:24.977814-08:00,read,key_61,1.46,false,false,0
2025-11-27T17:13:24.988994-08:00,read,key_437,1.61,false,false,0
2025-11-27T17:13:25.000172-08:00,read,key_528,1.53,false,false,0
2025-11-27T17:13:25.011107-08:00,read,key_281,2.85,false,false,0
2025-11-27T17:13:25.02251-08:00,read,key_416,1.85,false,false,0
2025-11-27T17:13:25.033137-08:00,read,key_904,1.57,false,false,0
2025-11-27T17:13:25.043457-08:00,read,key_538,1.92,false,false,0
2025-11-27T17:13:25.054786-08:00,read,key_109,2.39,false,false,0
2025-11-27T17:13:25.065465-08:00,read,key_925,1.59,false,false,0
2025-11-27T17:13:25.076624-08:00,read,key_974,1.42,false,false,0
2025-11-27T17:13:25.087837-08:00,read,key_794,2.53,false,false,0
2025-11-27T17:13:25.098136-08:00,read,key_963,1.80,false,false,0
2025-11-27T17:13:25.109265-08:00,read,key_189,1.49,false,false,0
2025-11-27T17:13:25.120499-08:00,read,key_129,3.19,false,false,0
2025-11-27T17:13:25.131282-08:00,read,key_810,1.56,false,false,0
2025-11-27T17:13:25.142405-08:00,read,key_646,4.94,false,false,0
2025-11-27T17:13:25.153243-08:00,read,key_310,2.63,false,false,0
2025-11-27T17:13:25.164186-08:00,read,key_594,1.74,false,false,0
2025-11-27T17:13:25.174691-08:00,read,key_464,2.00,false,false,0
2025-11-27T17:13:25.185789-08:00,read,key_527,2.55,false,false,0
2025-11-27T17:13:25.195996-08:00,read,key_239,3.08,false,false,0
2025-11-27T17:13:25.206403-08:00,read,key_64,1.60,false,false,0
2025-11-27T17:13:25.217675-08:00,read,key_312,1.73,false,false,0
2025-11-27T17:13:25.228817-08:00,read,key_893,2.85,false,false,0
2025-11-27T17:13:25.240037-08:00,read,key_965,1.73,false,false,0
2025-11-27T17:13:25.251207-08:00,read,key_406,1.38,false,false,0
2025-11-27T17:13:25.261798-08:00,read,key_980,2.95,false,false,0
2025-11-27T17:13:25.272391-08:00,read,key_820,1.52,false,false,0
2025-11-27T17:13:25.282721-08:00,read,key_151,1.54,false,false,0
2025-11-27T17:13:25.293971-08:00,read,key_679,2.59,false,false,0
2025-11-27T17:13:25.304534-08:00,read,key_788,2.90,false,false,0
2025-11-27T17:13:25.315575-08:00,read,key_230,1.37,false,false,0
2025-11-27T17:13:25.326734-08:00,read,key_254,1.55,false,false,0
2025-11-27T17:13:25.33776-08:00,read,key_257,2.77,false,false,0
2025-11-27T17:13:25.348283-08:00,read,key_124,1.58,false,false,0
2025-11-27T17:13:25.358705-08:00,read,key_829,1.84,false,false,0
2025-11-27T17:13:25.369859-08:00,read,key_189,2.53,false,false,0
2025-11-27T17:13:25.380932-08:00,read,key_108,1.71,false,false,0
2025-11-27T17:13:25.391386-08:00,read,key_11,1.99,false,false,0
2025-11-27T17:13:25.402562-08:00,read,key_272,1.36,false,false,0
2025-11-27T17:13:25.413713-08:00,read,key_139,1.52,false,false,0
2025-11-27T17:13:25.424679-08:00,read,key_169,1.41,false,false,0
2025-11-27T17:13:25.435105-08:00,read,key_460,1.70,true,false,17
2025-11-27T17:13:25.445238-08:00,read,key_295,3.17,false,false,0
2025-11-27T17:13:25.455931-08:00,read,key_598,0.88,false,false,0
2025-11-27T17:13:25.46692-08:00,read,key_39,1.12,false,false,0
2025-11-27T17:13:25.477883-08:00,read,key_183,0.98,false,false,0
2025-11-27T17:13:25.489157-08:00,read,key_102,1.67,false,false,0
2025-11-27T17:13:25.500279-08:00,read,key_997,1.86,false,false,0
2025-11-27T17:13:25.511389-08:00,read,key_861,1.63,false,false,0
2025-11-27T17:13:25.522542-08:00,read,key_73,1.59,false,false,0
2025-11-27T17:13:25.53368-08:00,read,key_951,1.55,false,false,0
2025-11-27T17:13:25.544812-08:00,read,key_997,2.68,false,false,0
2025-11-27T17:13:25.555948-08:00,read,key_646,1.71,false,false,0
2025-11-27T17:13:25.567133-08:00,read,key_634,1.96,false,false,0
2025-11-27T17:13:25.578409-08:00,read,key_407,3.16,false,false,0
2025-11-27T17:13:25.58941-08:00,read,key_593,1.51,false,false,0
2025-11-27T17:13:25.600584-08:00,read,key_68,1.91,false,false,0
2025-11-27T17:13:25.611609-08:00,read,key_298,2.82,false,false,0
2025-11-27T17:13:25.622727-08:00,read,key_661,1.58,false,false,0
2025-11-27T17:13:25.633007-08:00,read,key_187,1.54,false,false,0
2025-11-27T17:13:25.644089-08:00,read,key_951,1.64,false,false,0
2025-11-27T17:13:25.654972-08:00,read,key_861,1.69,false,false,0
2025-11-27T17:13:25.666126-08:00,read,key_761,1.67,false,false,0
2025-11-27T17:13:25.677222-08:00,read,key_177,1.57,false,false,0
2025-11-27T17:13:25.687925-08:00,read,key_671,2.62,false,false,0
2025-11-27T17:13:25.698779-08:00,read,key_490,2.00,false,false,0
2025-11-27T17:13:25.709667-08:00,read,key_363,1.87,false,false,0
2025-11-27T17:13:25.721274-08:00,read,key_745,2.28,false,false,0
2025-11-27T17:13:25.732386-08:00,read,key_304,1.53,false,false,0
2025-11-27T17:13:25.742896-08:00,read,key_777,1.89,false,false,0
2025-11-27T17:13:25.753505-08:00,read,key_816,3.00,false,false,0
2025-11-27T17:13:25.764162-08:00,read,key_163,1.76,false,false,0
2025-11-27T17:13:25.775279-08:00,read,key_974,1.50,false,false,0
2025-11-27T17:13:25.786032-08:00,read,key_157,3.08,false,false,0
2025-11-27T17:13:25.797258-08:00,read,key_523,2.28,false,false,0
2025-11-27T17:13:25.807977-08:00,read,key_352,1.56,false,false,0
2025-11-27T17:13:25.819095-08:00,read,key_11,1.56,false,false,0
2025-11-27T17:13:25.83006-08:00,read,key_29,1.87,false,false,0
2025-11-27T17:13:25.841154-08:00,read,key_881,1.33,false,false,0
2025-11-27T17:13:25.852285-08:00,read,key_281,1.26,false,false,0
2025-11-27T17:13:25.86388-08:00,read,key_174,2.19,false,false,0
2025-11-27T17:13:25.874975-08:00,read,key_165,1.99,false,false,0
2025-11-27T17:13:25.886155-08:00,read,key_732,1.71,true,false,13
2025-11-27T17:13:25.897373-08:00,read,key_156,1.51,false,false,0
2025-11-27T17:13:25.907986-08:00,read,key_362,1.72,false,false,0
2025-11-27T17:13:25.919087-08:00,read,key_793,1.73,true,false,10
2025-11-27T17:13:25.930322-08:00,read,key_171,1.85,false,false,0
2025-11-27T17:13:25.941474-08:00,read,key_914,4.20,false,false,0
2025-11-27T17:13:25.952356-08:00,read,key_372,1.46,false,false,0
2025-11-27T17:13:25.963824-08:00,read,key_373,1.81,false,false,0
2025-11-27T17:13:25.974058-08:00,read,key_64,1.49,false,false,0
2025-11-27T17:13:25.985006-08:00,read,key_54,1.72,false,false,0
2025-11-27T17:13:25.996292-08:00,read,key_464,2.65,false,false,0
2025-11-27T17:13:26.007305-08:00,read,key_646,1.46,false,false,0
2025-11-27T17:13:26.018393-08:00,read,key_405,2.19,false,false,0
2025-11-27T17:13:26.029747-08:00,read,key_438,2.65,false,false,0
2025-11-27T17:13:26.040787-08:00,read,key_210,1.38,false,false,0
2025-11-27T17:13:26.051924-08:00,read,key_474,1.80,false,false,0
2025-11-27T17:13:26.063409-08:00,read,key_33,1.79,false,false,0
2025-11-27T17:13:26.074561-08:00,read,key_763,1.68,false,false,0
2025-11-27T17:13:26.085709-08:00,read,key_164,1.66,false,false,0
2025-11-27T17:13:26.097049-08:00,read,key_73,1.62,false,false,0
2025-11-27T17:13:26.108195-08:00,read,key_304,1.99,false,false,0
2025-11-27T17:13:26.119358-08:00,read,key_109,1.85,false,false,0
2025-11-27T17:13:26.130811-08:00,read,key_905,1.85,false,false,0
2025-11-27T17:13:26.141981-08:00,read,key_818,1.72,false,false,0
2025-11-27T17:13:26.152384-08:00,read,key_815,3.67,false,false,0
2025-11-27T17:13:26.162668-08:00,read,key_586,2.62,false,false,0
2025-11-27T17:13:26.17342-08:00,read,key_104,1.57,false,false,0
2025-11-27T17:13:26.184564-08:00,read,key_988,1.38,false,false,0
2025-11-27T17:13:26.195554-08:00,read,key_138,2.68,false,false,0
2025-11-27T17:13:26.206641-08:00,read,key_314,1.71,true,false,12
2025-11-27T17:13:26.21774-08:00,read,key_70,1.54,false,false,0
2025-11-27T17:13:26.230081-08:00,read,key_726,1.73,false,false,0
2025-11-27T17:13:26.24117-08:00,read,key_276,1.51,false,false,0
2025-11-27T17:13:26.252305-08:00,read,key_14,1.43,false,false,0
2025-11-27T17:13:26.263055-08:00,read,key_313,2.23,false,false,0
2025-11-27T17:13:26.27418-08:00,read,key_186,1.48,false,false,0
2025-11-27T17:13:26.285279-08:00,read,key_54,1.67,false,false,0
2025-11-27T17:13:26.296221-08:00,read,key_404,2.38,false,false,0
2025-11-27T17:13:26.306405-08:00,read,key_100,1.41,false,false,0
2025-11-27T17:13:26.317644-08:00,read,key_365,1.86,false,false,0
2025-11-27T17:13:26.329274-08:00,read,key_756,2.36,false,false,0
2025-11-27T17:13:26.340359-08:00,read,key_798,1.51,false,false,0
2025-11-27T17:13:26.350832-08:00,read,key_803,1.63,false,false,0
2025-11-27T17:13:26.361982-08:00,read,key_468,2.87,false,false,0
2025-11-27T17:13:26.373043-08:00,read,key_248,1.68,false,false,0
2025-11-27T17:13:26.384182-08:00,read,key_389,1.83,false,false,0
2025-11-27T17:13:26.395459-08:00,read,key_962,3.12,false,false,0
2025-11-27T17:13:26.406403-08:00,read,key_793,1.38,true,false,10
2025-11-27T17:13:26.417607-08:00,read,key_825,1.93,false,false,0
2025-11-27T17:13:26.42815-08:00,read,key_989,2.97,false,false,0
2025-11-27T17:13:26.439145-08:00,read,key_906,1.58,false,false,0
2025-11-27T17:13:26.449438-08:00,read,key_909,1.45,false,false,0
2025-11-27T17:13:26.460614-08:00,read,key_606,2.01,false,false,0
2025-11-27T17:13:26.471962-08:00,read,key_555,1.68,false,false,0
2025-11-27T17:13:26.483096-08:00,read,key_287,1.54,false,false,0
2025-11-27T17:13:26.494271-08:00,read,key_916,1.93,false,false,0
2025-11-27T17:13:26.505374-08:00,read,key_363,1.62,false,false,0
2025-11-27T17:13:26.516331-08:00,read,key_653,1.79,false,false,0
2025-11-27T17:13:26.526853-08:00,read,key_314,1.80,true,false,12
2025-11-27T17:13:26.538072-08:00,read,key_343,2.88,false,false,0
2025-11-27T17:13:26.548937-08:00,read,key_329,1.68,false,false,0
2025-11-27T17:13:26.559969-08:00,read,key_781,1.57,false,false,0
2025-11-27T17:13:26.571201-08:00,read,key_959,2.30,false,false,0
2025-11-27T17:13:26.582295-08:00,read,key_351,1.47,false,false,0
2025-11-27T17:13:26.593159-08:00,read,key_733,1.63,false,false,0
2025-11-27T17:13:26.604784-08:00,read,key_585,1.99,false,false,0
2025-11-27T17:13:26.615197-08:00,read,key_961,1.80,false,false,0
2025-11-27T17:13:26.62635-08:00,read,key_899,2.14,false,false,0
2025-11-27T17:13:26.636681-08:00,read,key_267,2.92,false,false,0
2025-11-27T17:13:26.647686-08:00,read,key_657,1.79,false,false,0
2025-11-27T17:13:26.658826-08:00,read,key_864,1.52,false,false,0
2025-11-27T17:13:26.681124-08:00,read,key_369,1.65,false,false,0
2025-11-27T17:13:26.691832-08:00,read,key_929,1.75,false,false,0
2025-11-27T17:13:26.702998-08:00,read,key_14,2.52,false,false,0
2025-11-27T17:13:26.714077-08:00,read,key_811,1.50,false,false,0
2025-11-27T17:13:26.724548-08:00,read,key_231,1.68,false,false,0
2025-11-27T17:13:26.734827-08:00,read,key_431,5.97,false,false,0
2025-11-27T17:13:26.74548-08:00,read,key_188,2.42,false,false,0
2025-11-27T17:13:26.755776-08:00,read,key_777,1.81,false,false,0
2025-11-27T17:13:26.766989-08:00,read,key_981,1.96,true,false,1
2025-11-27T17:13:26.778115-08:00,read,key_79,1.54,false,false,0
2025-11-27T17:13:26.789314-08:00,read,key_130,2.17,false,false,0
2025-11-27T17:13:26.799641-08:00,read,key_372,1.58,true,false,20
2025-11-27T17:13:26.810634-08:00,read,key_983,1.28,false,false,0
2025-11-27T17:13:26.822029-08:00,read,key_290,1.72,false,false,0
2025-11-27T17:13:26.832515-08:00,read,key_237,1.56,false,false,0
2025-11-27T17:13:26.842949-08:00,read,key_432,1.42,false,false,0
2025-11-27T17:13:26.854045-08:00,read,key_954,3.65,false,false,0
2025-11-27T17:13:26.865131-08:00,read,key_109,2.01,false,false,0
2025-11-27T17:13:26.876303-08:00,read,key_127,2.09,false,false,0
2025-11-27T17:13:26.887489-08:00,read,key_476,1.77,false,false,0
2025-11-27T17:13:26.898604-08:00,read,key_856,2.27,false,false,0
2025-11-27T17:13:26.909753-08:00,read,key_652,2.46,false,false,0
2025-11-27T17:13:26.919927-08:00,read,key_493,1.55,true,false,10
2025-11-27T17:13:26.931031-08:00,read,key_308,1.58,false,false,0
2025-11-27T17:13:26.94198-08:00,read,key_2,2.03,false,false,0
2025-11-27T17:13:26.953103-08:00,read,key_950,1.48,false,false,0
2025-11-27T17:13:26.963394-08:00,read,key_292,1.60,true,false,2
2025-11-27T17:13:26.974146-08:00,read,key_973,1.31,false,false,0
2025-11-27T17:13:26.669977-08:00,write,key_372,307.33,true,false,20
2025-11-27T17:13:26.984511-08:00,read,key_978,1.06,false,false,0
2025-11-27T17:13:26.995462-08:00,read,key_171,1.44,false,false,0
2025-11-27T17:13:27.006548-08:00,read,key_725,3.07,false,false,0
2025-11-27T17:13:27.017662-08:00,read,key_213,1.49,false,false,0
2025-11-27T17:13:27.028791-08:00,read,key_219,1.29,false,false,0
2025-11-27T17:13:27.039918-08:00,read,key_365,1.92,false,false,0
2025-11-27T17:13:27.051069-08:00,read,key_819,1.79,false,false,0
2025-11-27T17:13:27.062221-08:00,read,key_5,2.02,false,false,0
2025-11-27T17:13:27.073271-08:00,read,key_197,2.24,false,false,0
2025-11-27T17:13:27.08475-08:00,read,key_157,1.92,false,false,0
2025-11-27T17:13:27.095915-08:00,read,key_94,1.87,false,false,0
2025-11-27T17:13:27.106712-08:00,read,key_912,1.71,false,false,0
2025-11-27T17:13:27.117925-08:00,read,key_310,2.21,false,false,0
2025-11-27T17:13:27.129062-08:00,read,key_816,1.54,false,false,0
2025-11-27T17:13:27.140186-08:00,read,key_153,3.00,false,false,0
2025-11-27T17:13:27.151635-08:00,read,key_298,1.76,false,false,0
2025-11-27T17:13:27.162777-08:00,read,key_686,2.00,false,false,0
2025-11-27T17:13:27.173918-08:00,read,key_720,2.62,false,false,0
2025-11-27T17:13:27.184957-08:00,read,key_134,1.79,false,false,0
2025-11-27T17:13:27.19572-08:00,read,key_354,1.97,false,false,0
2025-11-27T17:13:27.206864-08:00,read,key_179,3.30,false,false,0
2025-11-27T17:13:27.218298-08:00,read,key_853,1.78,false,false,0
2025-11-27T17:13:27.229024-08:00,read,key_654,1.60,false,false,0
2025-11-27T17:13:27.239199-08:00,read,key_780,1.45,false,false,0
2025-11-27T17:13:27.250242-08:00,read,key_511,2.79,false,false,0
2025-11-27T17:13:27.261263-08:00,read,key_738,1.67,false,false,0
2025-11-27T17:13:27.271648-08:00,read,key_599,1.75,false,false,0
2025-11-27T17:13:27.282794-08:00,read,key_728,3.03,false,false,0
2025-11-27T17:13:27.293681-08:00,read,key_794,1.52,false,false,0
2025-11-27T17:13:27.30484-08:00,read,key_352,1.61,false,false,0
2025-11-27T17:13:27.31599-08:00,read,key_65,2.53,false,false,0
2025-11-27T17:13:27.326922-08:00,read,key_701,1.66,false,false,0
2025-11-27T17:13:27.337639-08:00,read,key_290,1.55,false,false,0
2025-11-27T17:13:27.348405-08:00,read,key_833,2.73,false,false,0
2025-11-27T17:13:27.359552-08:00,read,key_611,1.89,false,false,0
2025-11-27T17:13:27.370662-08:00,read,key_157,2.02,false,false,0
2025-11-27T17:13:27.381772-08:00,read,key_118,2.47,false,false,0
2025-11-27T17:13:27.392867-08:00,read,key_529,1.70,false,false,0
2025-11-27T17:13:27.403117-08:00,read,key_457,1.48,false,false,0
2025-11-27T17:13:27.41429-08:00,read,key_953,1.44,false,false,0
2025-11-27T17:13:27.425496-08:00,read,key_608,2.11,false,false,0
2025-11-27T17:13:27.436631-08:00,read,key_469,1.44,false,false,0
2025-11-27T17:13:27.446843-08:00,read,key_639,2.10,false,false,0
2025-11-27T17:13:27.458073-08:00,read,key_246,3.03,false,false,0
2025-11-27T17:13:27.469151-08:00,read,key_466,1.78,false,false,0
2025-11-27T17:13:27.480291-08:00,read,key_764,1.53,false,false,0
2025-11-27T17:13:27.491451-08:00,read,key_602,3.28,false,false,0
2025-11-27T17:13:27.502136-08:00,read,key_787,1.53,false,false,0
2025-11-27T17:13:27.51326-08:00,read,key_247,1.55,false,false,0
2025-11-27T17:13:27.524411-08:00,read,key_821,2.57,false,false,0
2025-11-27T17:13:27.535797-08:00,read,key_763,1.51,false,false,0
2025-11-27T17:13:27.546951-08:00,read,key_773,2.10,false,false,0
2025-11-27T17:13:27.558167-08:00,read,key_209,2.24,false,false,0
2025-11-27T17:13:27.569263-08:00,read,key_852,1.30,false,false,0
2025-11-27T17:13:27.580434-08:00,read,key_496,1.54,false,false,0
2025-11-27T17:13:27.590705-08:00,read,key_40,2.57,false,false,0
2025-11-27T17:13:27.601834-08:00,read,key_765,1.61,false,false,0
2025-11-27T17:13:27.61297-08:00,read,key_434,1.84,false,false,0
2025-11-27T17:13:27.624205-08:00,read,key_777,2.38,false,false,0
2025-11-27T17:13:27.635334-08:00,read,key_186,1.72,false,false,0
2025-11-27T17:13:27.646494-08:00,read,key_8,1.78,false,false,0
2025-11-27T17:13:27.657592-08:00,read,key_558,3.00,false,false,0
2025-11-27T17:13:27.66869-08:00,read,key_522,1.62,false,false,0
2025-11-27T17:13:27.679802-08:00,read,key_364,1.58,false,false,0
2025-11-27T17:13:27.691196-08:00,read,key_283,2.41,false,false,0
2025-11-27T17:13:27.702303-08:00,read,key_591,1.81,false,false,0
2025-11-27T17:13:27.71343-08:00,read,key_364,1.42,false,false,0
2025-11-27T17:13:27.724652-08:00,read,key_577,2.81,false,false,0
2025-11-27T17:13:27.735694-08:00,read,key_77,1.42,false,false,0
2025-11-27T17:13:27.745881-08:00,read,key_582,1.67,false,false,0
2025-11-27T17:13:27.757042-08:00,read,key_908,2.98,false,false,0
2025-11-27T17:13:27.767594-08:00,read,key_111,2.29,false,false,0
2025-11-27T17:13:27.778658-08:00,read,key_136,1.56,false,false,0
2025-11-27T17:13:27.789244-08:00,read,key_135,1.33,false,false,0
2025-11-27T17:13:27.800105-08:00,read,key_117,3.08,false,false,0
2025-11-27T17:13:27.81079-08:00,read,key_111,1.77,false,false,0
2025-11-27T17:13:27.821617-08:00,read,key_436,1.73,false,false,0
2025-11-27T17:13:27.832753-08:00,read,key_909,2.55,false,false,0
2025-11-27T17:13:27.843699-08:00,read,key_425,1.89,false,false,0
2025-11-27T17:13:27.854804-08:00,read,key_552,1.47,false,false,0
2025-11-27T17:13:27.86594-08:00,read,key_541,2.41,false,false,0
2025-11-27T17:13:27.877038-08:00,read,key_935,2.07,false,false,0
2025-11-27T17:13:27.888201-08:00,read,key_895,1.78,false,false,0
2025-11-27T17:13:27.899369-08:00,read,key_835,2.72,false,false,0
2025-11-27T17:13:27.910261-08:00,read,key_802,1.80,false,false,0
2025-11-27T17:13:27.920632-08:00,read,key_803,1.43,false,false,0
2025-11-27T17:13:27.931766-08:00,read,key_155,1.82,false,false,0
2025-11-27T17:13:27.943722-08:00,read,key_22,1.63,false,false,0
2025-11-27T17:13:27.953972-08:00,read,key_62,1.68,false,false,0
2025-11-27T17:13:27.965276-08:00,read,key_27,2.87,false,false,0
2025-11-27T17:13:27.976397-08:00,read,key_37,1.55,false,false,0
2025-11-27T17:13:27.987186-08:00,read,key_717,1.47,true,false,9
2025-11-27T17:13:27.998363-08:00,read,key_792,1.73,false,false,0
2025-11-27T17:13:28.008928-08:00,read,key_764,2.49,false,false,0
2025-11-27T17:13:28.019126-08:00,read,key_105,1.57,false,false,0
2025-11-27T17:13:28.030285-08:00,read,key_819,1.97,false,false,0
2025-11-27T17:13:28.041453-08:00,read,key_632,3.10,false,false,0
2025-11-27T17:13:28.052486-08:00,read,key_492,1.70,false,false,0
2025-11-27T17:13:28.063667-08:00,read,key_688,1.70,false,false,0
2025-11-27T17:13:28.074292-08:00,read,key_162,2.92,false,false,0
2025-11-27T17:13:28.08531-08:00,read,key_347,1.46,false,false,0
2025-11-27T17:13:28.096439-08:00,read,key_151,1.64,false,false,0
2025-11-27T17:13:28.107706-08:00,read,key_290,2.42,false,false,0
2025-11-27T17:13:28.118798-08:00,read,key_52,1.38,false,false,0
2025-11-27T17:13:28.129932-08:00,read,key_284,1.53,false,false,0
2025-11-27T17:13:28.141289-08:00,read,key_284,2.18,false,false,0
2025-11-27T17:13:28.152396-08:00,read,key_287,1.63,false,false,0
2025-11-27T17:13:28.162728-08:00,read,key_588,1.48,false,false,0
2025-11-27T17:13:28.173267-08:00,read,key_660,2.36,false,false,0
2025-11-27T17:13:28.184654-08:00,read,key_790,1.87,false,false,0
2025-11-27T17:13:28.195828-08:00,read,key_20,2.09,false,false,0
2025-11-27T17:13:28.206612-08:00,read,key_257,3.07,false,false,0
2025-11-27T17:13:28.216783-08:00,read,key_136,2.49,false,false,0
2025-11-27T17:13:28.227867-08:00,read,key_527,1.43,false,false,0
2025-11-27T17:13:28.238862-08:00,read,key_279,1.80,false,false,0
2025-11-27T17:13:28.250879-08:00,read,key_629,2.02,false,false,0
2025-11-27T17:13:28.262028-08:00,read,key_775,1.86,false,false,0
2025-11-27T17:13:28.273174-08:00,read,key_108,2.00,false,false,0
2025-11-27T17:13:28.284477-08:00,read,key_902,1.59,false,false,0
2025-11-27T17:13:28.295618-08:00,read,key_621,1.56,false,false,0
2025-11-27T17:13:28.306823-08:00,read,key_608,1.78,false,false,0
2025-11-27T17:13:28.318384-08:00,read,key_965,2.17,false,false,0
2025-11-27T17:13:28.329543-08:00,read,key_765,1.96,false,false,0
2025-11-27T17:13:28.340753-08:00,read,key_735,2.54,false,false,0
2025-11-27T17:13:28.351871-08:00,read,key_472,1.71,false,false,0
2025-11-27T17:13:28.363022-08:00,read,key_600,1.63,false,false,0
2025-11-27T17:13:28.374152-08:00,read,key_135,2.48,false,false,0
2025-11-27T17:13:28.38522-08:00,read,key_243,1.56,false,false,0
2025-11-27T17:13:28.396059-08:00,read,key_118,1.86,false,false,0
2025-11-27T17:13:28.407076-08:00,read,key_459,3.09,false,false,0
2025-11-27T17:13:28.418297-08:00,read,key_517,1.56,false,false,0
2025-11-27T17:13:28.429484-08:00,read,key_355,1.78,false,false,0
2025-11-27T17:13:28.440608-08:00,read,key_812,1.79,false,false,0
2025-11-27T17:13:28.451042-08:00,read,key_381,2.27,false,false,0
2025-11-27T17:13:28.462088-08:00,read,key_202,1.46,false,false,0
2025-11-27T17:13:28.473266-08:00,read,key_156,1.75,false,false,0
2025-11-27T17:13:28.484047-08:00,read,key_638,2.00,false,false,0
2025-11-27T17:13:28.495244-08:00,read,key_993,2.10,false,false,0
2025-11-27T17:13:28.506351-08:00,read,key_965,1.68,false,false,0
2025-11-27T17:13:28.516814-08:00,read,key_251,3.11,false,false,0
2025-11-27T17:13:28.527676-08:00,read,key_223,1.87,false,false,0
2025-11-27T17:13:28.538586-08:00,read,key_49,1.33,false,false,0
2025-11-27T17:13:28.549763-08:00,read,key_580,2.80,false,false,0
2025-11-27T17:13:28.560773-08:00,read,key_725,1.35,false,false,0
2025-11-27T17:13:28.5719-08:00,read,key_665,1.72,false,false,0
2025-11-27T17:13:28.582097-08:00,read,key_100,2.46,false,false,0
2025-11-27T17:13:28.593183-08:00,read,key_524,1.79,false,false,0
2025-11-27T17:13:28.604323-08:00,read,key_94,1.49,false,false,0
2025-11-27T17:13:28.61548-08:00,read,key_941,2.75,false,false,0
2025-11-27T17:13:28.626531-08:00,read,key_998,1.45,false,false,0
2025-11-27T17:13:28.637659-08:00,read,key_907,1.64,false,false,0
2025-11-27T17:13:28.648806-08:00,read,key_432,2.94,false,false,0
2025-11-27T17:13:28.659824-08:00,read,key_381,1.57,false,false,0
2025-11-27T17:13:28.670184-08:00,read,key_283,1.42,false,false,0
2025-11-27T17:13:28.68137-08:00,read,key_846,1.89,false,false,0
2025-11-27T17:13:28.692798-08:00,read,key_380,1.80,false,false,0
2025-11-27T17:13:28.703943-08:00,read,key_136,1.56,false,false,0
2025-11-27T17:13:28.715063-08:00,read,key_967,3.17,false,false,0
2025-11-27T17:13:28.726992-08:00,read,key_810,1.76,false,false,0
2025-11-27T17:13:28.737535-08:00,read,key_318,1.43,false,false,0
2025-11-27T17:13:28.748732-08:00,read,key_461,3.13,false,false,0
2025-11-27T17:13:28.759416-08:00,read,key_524,1.60,false,false,0
2025-11-27T17:13:28.770547-08:00,read,key_368,1.51,true,false,6
2025-11-27T17:13:28.781743-08:00,read,key_154,1.57,false,false,0
2025-11-27T17:13:28.792101-08:00,read,key_118,2.19,false,false,0
2025-11-27T17:13:28.803219-08:00,read,key_410,1.44,false,false,0
2025-11-27T17:13:28.813612-08:00,read,key_304,1.54,false,false,0
2025-11-27T17:13:28.82486-08:00,read,key_34,2.54,false,false,0
2025-11-27T17:13:28.835707-08:00,read,key_981,1.47,true,false,1
2025-11-27T17:13:28.84691-08:00,read,key_640,1.54,false,false,0
2025-11-27T17:13:28.858123-08:00,read,key_464,2.92,false,false,0
2025-11-27T17:13:28.869212-08:00,read,key_960,2.94,false,false,0
2025-11-27T17:13:28.880304-08:00,read,key_527,1.62,false,false,0
2025-11-27T17:13:28.890981-08:00,read,key_825,2.76,false,false,0
2025-11-27T17:13:28.901984-08:00,read,key_79,1.87,false,false,0
2025-11-27T17:13:28.912586-08:00,read,key_331,1.63,false,false,0
2025-11-27T17:13:28.923741-08:00,read,key_736,3.42,false,false,0
2025-11-27T17:13:28.934716-08:00,read,key_801,1.35,false,false,0
2025-11-27T17:13:28.945855-08:00,read,key_307,1.42,false,false,0
2025-11-27T17:13:28.957088-08:00,read,key_25,2.39,false,false,0
2025-11-27T17:13:28.968248-08:00,read,key_233,1.52,false,false,0
2025-11-27T17:13:28.979384-08:00,read,key_801,1.80,false,false,0
2025-11-27T17:13:28.990536-08:00,read,key_132,2.76,false,false,0
2025-11-27T17:13:29.001357-08:00,read,key_825,1.84,false,false,0
2025-11-27T17:13:29.012528-08:00,read,key_724,1.42,false,false,0
2025-11-27T17:13:29.023596-08:00,read,key_246,3.82,false,false,0
2025-11-27T17:13:29.034584-08:00,read,key_281,1.35,false,false,0
2025-11-27T17:13:29.045709-08:00,read,key_827,1.66,false,false,0
2025-11-27T17:13:29.056868-08:00,read,key_909,4.01,false,false,0
2025-11-27T17:13:29.067778-08:00,read,key_785,1.20,false,false,0
2025-11-27T17:13:29.078891-08:00,read,key_358,1.48,false,false,0
2025-11-27T17:13:29.089207-08:00,read,key_312,1.94,false,false,0
2025-11-27T17:13:29.100229-08:00,read,key_155,2.67,false,false,0
2025-11-27T17:13:29.111312-08:00,read,key_7,1.63,false,false,0
2025-11-27T17:13:29.12217-08:00,read,key_776,1.54,false,false,0
2025-11-27T17:13:29.133378-08:00,read,key_606,3.06,false,false,0
2025-11-27T17:13:29.14395-08:00,read,key_771,1.37,false,false,0
2025-11-27T17:13:29.155114-08:00,read,key_297,2.08,false,false,0
2025-11-27T17:13:29.166288-08:00,read,key_332,2.88,false,false,0
2025-11-27T17:13:29.177408-08:00,read,key_700,1.80,false,false,0
2025-11-27T17:13:29.188529-08:00,read,key_38,1.67,false,false,0
2025-11-27T17:13:29.199755-08:00,read,key_243,2.86,false,false,0
2025-11-27T17:13:29.210838-08:00,read,key_317,1.71,false,false,0
2025-11-27T17:13:29.221999-08:00,read,key_135,1.57,false,false,0
2025-11-27T17:13:29.233155-08:00,read,key_860,2.68,false,false,0
2025-11-27T17:13:29.244224-08:00,read,key_726,1.57,false,false,0
2025-11-27T17:13:29.255387-08:00,read,key_38,1.58,false,false,0
2025-11-27T17:13:29.266588-08:00,read,key_16,2.83,false,false,0
2025-11-27T17:13:29.277607-08:00,read,key_651,1.39,false,false,0
2025-11-27T17:13:29.288762-08:00,read,key_914,1.73,false,false,0
2025-11-27T17:13:29.299995-08:00,read,key_868,2.61,false,false,0
2025-11-27T17:13:29.311067-08:00,read,key_326,1.65,false,false,0
2025-11-27T17:13:29.32148-08:00,read,key_512,1.49,false,false,0
2025-11-27T17:13:29.332671-08:00,read,key_364,2.68,false,false,0
2025-11-27T17:13:29.342986-08:00,read,key_976,1.42,false,false,0
2025-11-27T17:13:29.353798-08:00,read,key_975,1.81,false,false,0
2025-11-27T17:13:29.364935-08:00,read,key_431,2.02,false,false,0
2025-11-27T17:13:29.375774-08:00,read,key_522,1.97,false,false,0
2025-11-27T17:13:29.386459-08:00,read,key_413,1.79,false,false,0
2025-11-27T17:13:29.397578-08:00,read,key_400,2.34,false,false,0
2025-11-27T17:13:29.408392-08:00,read,key_184,2.75,false,false,0
2025-11-27T17:13:29.41948-08:00,read,key_22,2.16,false,false,0
2025-11-27T17:13:29.430504-08:00,read,key_545,1.55,false,false,0
2025-11-27T17:13:29.441293-08:00,read,key_480,2.23,false,false,0
2025-11-27T17:13:29.4524-08:00,read,key_724,1.65,false,false,0
2025-11-27T17:13:29.462797-08:00,read,key_232,2.06,false,false,0
2025-11-27T17:13:29.474024-08:00,read,key_311,2.65,false,false,0
2025-11-27T17:13:29.485217-08:00,read,key_411,1.50,false,false,0
2025-11-27T17:13:29.49624-08:00,read,key_368,1.71,true,false,6
2025-11-27T17:13:29.507676-08:00,read,key_515,2.94,false,false,0
2025-11-27T17:13:29.518605-08:00,read,key_175,1.53,false,false,0
2025-11-27T17:13:29.529793-08:00,read,key_974,1.66,false,false,0
2025-11-27T17:13:29.541033-08:00,read,key_850,2.88,false,false,0
2025-11-27T17:13:29.552062-08:00,read,key_412,1.35,false,false,0
2025-11-27T17:13:29.563224-08:00,read,key_436,1.47,false,false,0
2025-11-27T17:13:29.574133-08:00,read,key_168,2.88,false,false,0
2025-11-27T17:13:29.584676-08:00,read,key_39,1.65,false,false,0
2025-11-27T17:13:29.595814-08:00,read,key_7,1.44,false,false,0
2025-11-27T17:13:29.607008-08:00,read,key_549,2.86,false,false,0
2025-11-27T17:13:29.618085-08:00,read,key_361,1.82,false,false,0
2025-11-27T17:13:29.629263-08:00,read,key_96,2.07,true,false,3
2025-11-27T17:13:29.640454-08:00,read,key_143,2.80,false,false,0
2025-11-27T17:13:29.651588-08:00,read,key_587,1.56,false,false,0
2025-11-27T17:13:29.662773-08:00,read,key_9,1.74,false,false,0
2025-11-27T17:13:29.674003-08:00,read,key_811,3.67,false,false,0
2025-11-27T17:13:29.684918-08:00,read,key_600,1.75,false,false,0
2025-11-27T17:13:29.696111-08:00,read,key_954,1.87,false,false,0
2025-11-27T17:13:29.707401-08:00,read,key_128,3.05,false,false,0
2025-11-27T17:13:29.718095-08:00,read,key_108,1.71,false,false,0
2025-11-27T17:13:29.728984-08:00,read,key_102,1.58,false,false,0
2025-11-27T17:13:29.740165-08:00,read,key_968,2.25,false,false,0
2025-11-27T17:13:29.751645-08:00,read,key_3,2.13,false,false,0
2025-11-27T17:13:29.762657-08:00,read,key_401,2.16,false,false,0
2025-11-27T17:13:29.773637-08:00,read,key_825,1.95,false,false,0
2025-11-27T17:13:29.784091-08:00,read,key_225,2.39,false,false,0
2025-11-27T17:13:29.794353-08:00,read,key_287,1.61,false,false,0
2025-11-27T17:13:29.805514-08:00,read,key_799,1.71,false,false,0
2025-11-27T17:13:29.817044-08:00,read,key_652,2.46,false,false,0
2025-11-27T17:13:29.828127-08:00,read,key_844,1.43,false,false,0
2025-11-27T17:13:29.838815-08:00,read,key_645,1.68,false,false,0
2025-11-27T17:13:29.850399-08:00,read,key_798,2.30,false,false,0
2025-11-27T17:13:29.860688-08:00,read,key_434,1.42,false,false,0
2025-11-27T17:13:29.871845-08:00,read,key_338,1.79,false,false,0
2025-11-27T17:13:29.88301-08:00,read,key_112,2.52,false,false,0
2025-11-27T17:13:29.894094-08:00,read,key_627,1.56,false,false,0
2025-11-27T17:13:29.904982-08:00,read,key_773,1.58,false,false,0
2025-11-27T17:13:29.915932-08:00,read,key_658,3.41,false,false,0
2025-11-27T17:13:29.926888-08:00,read,key_919,1.38,false,false,0
2025-11-27T17:13:29.938007-08:00,read,key_5,1.40,false,false,0
2025-11-27T17:13:29.948245-08:00,read,key_414,2.20,false,false,0
2025-11-27T17:13:29.959416-08:00,read,key_798,1.63,false,false,0
2025-11-27T17:13:29.970531-08:00,read,key_142,1.50,false,false,0
2025-11-27T17:13:29.981245-08:00,read,key_900,2.50,false,false,0
2025-11-27T17:13:29.992032-08:00,read,key_94,2.31,false,false,0
2025-11-27T17:13:30.003139-08:00,read,key_960,1.85,false,false,0
2025-11-27T17:13:30.013831-08:00,read,key_35,1.71,false,false,0
2025-11-27T17:13:30.025043-08:00,read,key_318,2.55,false,false,0
2025-11-27T17:13:30.036115-08:00,read,key_61,1.38,false,false,0
2025-11-27T17:13:30.04727-08:00,read,key_903,1.65,false,false,0
2025-11-27T17:13:30.058433-08:00,read,key_520,3.16,false,false,0
2025-11-27T17:13:30.069466-08:00,read,key_268,1.35,false,false,0
2025-11-27T17:13:30.08044-08:00,read,key_812,1.69,false,false,0
2025-11-27T17:13:30.091154-08:00,read,key_596,2.56,false,false,0
2025-11-27T17:13:30.102225-08:00,read,key_528,1.72,false,false,0
2025-11-27T17:13:30.11271-08:00,read,key_621,1.36,false,false,0
2025-11-27T17:13:30.123058-08:00,read,key_628,2.36,false,false,0
2025-11-27T17:13:30.134174-08:00,read,key_766,2.77,false,false,0
2025-11-27T17:13:30.145258-08:00,read,key_364,1.76,false,false,0
2025-11-27T17:13:30.156402-08:00,read,key_778,2.94,false,false,0
2025-11-27T17:13:30.166758-08:00,read,key_5,2.30,false,false,0
2025-11-27T17:13:30.177784-08:00,read,key_582,2.10,false,false,0
2025-11-27T17:13:30.188911-08:00,read,key_463,1.72,false,false,0
2025-11-27T17:13:30.199765-08:00,read,key_227,2.83,false,false,0
2025-11-27T17:13:30.21083-08:00,read,key_318,1.48,false,false,0
2025-11-27T17:13:30.221046-08:00,read,key_982,1.83,true,false,5
2025-11-27T17:13:30.232253-08:00,read,key_773,1.46,false,false,0
2025-11-27T17:13:30.24309-08:00,read,key_431,1.93,false,false,0
2025-11-27T17:13:30.25427-08:00,read,key_412,1.88,false,false,0
2025-11-27T17:13:30.265459-08:00,read,key_317,2.34,false,false,0
2025-11-27T17:13:30.276559-08:00,read,key_643,1.64,false,false,0
2025-11-27T17:13:30.28765-08:00,read,key_143,1.97,false,false,0
2025-11-27T17:13:30.298868-08:00,read,key_145,2.97,false,false,0
2025-11-27T17:13:30.309894-08:00,read,key_76,1.63,false,false,0
2025-11-27T17:13:30.321052-08:00,read,key_108,1.83,false,false,0
2025-11-27T17:13:30.332072-08:00,read,key_314,1.82,true,false,12
2025-11-27T17:13:30.343551-08:00,read,key_952,1.68,false,false,0
2025-11-27T17:13:30.353839-08:00,read,key_241,1.56,false,false,0
2025-11-27T17:13:30.365126-08:00,read,key_797,2.50,false,false,0
2025-11-27T17:13:30.375775-08:00,read,key_316,2.37,false,false,0
2025-11-27T17:13:30.386911-08:00,read,key_604,1.66,false,false,0
2025-11-27T17:13:30.398059-08:00,read,key_18,1.59,false,false,0
2025-11-27T17:13:30.409602-08:00,read,key_227,1.91,false,false,0
2025-11-27T17:13:30.420453-08:00,read,key_67,1.77,false,false,0
2025-11-27T17:13:30.431612-08:00,read,key_242,1.68,false,false,0
2025-11-27T17:13:30.443041-08:00,read,key_228,1.52,false,false,0
2025-11-27T17:13:30.454197-08:00,read,key_271,2.19,false,false,0
2025-11-27T17:13:30.464504-08:00,read,key_109,1.92,false,false,0
2025-11-27T17:13:30.475347-08:00,read,key_422,2.25,false,false,0
2025-11-27T17:13:30.486479-08:00,read,key_317,1.58,false,false,0
2025-11-27T17:13:30.497627-08:00,read,key_660,1.93,false,false,0
2025-11-27T17:13:30.508411-08:00,read,key_587,2.55,false,false,0
2025-11-27T17:13:30.519512-08:00,read,key_984,1.42,false,false,0
2025-11-27T17:13:30.530192-08:00,read,key_58,1.88,false,false,0
2025-11-27T17:13:30.542546-08:00,read,key_493,1.63,true,false,10
2025-11-27T17:13:30.553689-08:00,read,key_754,1.74,false,false,0
2025-11-27T17:13:30.564853-08:00,read,key_416,2.99,false,false,0
2025-11-27T17:13:30.575866-08:00,read,key_161,1.58,false,false,0
2025-11-27T17:13:30.586989-08:00,read,key_866,1.60,false,false,0
2025-11-27T17:13:30.598293-08:00,read,key_880,1.99,false,false,0
2025-11-27T17:13:30.608744-08:00,read,key_315,2.95,false,false,0
2025-11-27T17:13:30.619801-08:00,read,key_495,1.54,false,false,0
2025-11-27T17:13:30.631044-08:00,read,key_792,1.94,false,false,0
2025-11-27T17:13:30.642114-08:00,read,key_271,2.59,false,false,0
2025-11-27T17:13:30.653185-08:00,read,key_76,1.77,false,false,0
2025-11-27T17:13:30.663585-08:00,read,key_347,1.98,false,false,0
2025-11-27T17:13:30.674875-08:00,read,key_679,2.73,false,false,0
2025-11-27T17:13:30.685323-08:00,read,key_360,1.70,false,false,0
2025-11-27T17:13:30.696483-08:00,read,key_236,1.80,false,false,0
2025-11-27T17:13:30.707723-08:00,read,key_875,2.85,false,false,0
2025-11-27T17:13:30.718051-08:00,read,key_700,1.32,false,false,0
2025-11-27T17:13:30.729052-08:00,read,key_169,1.23,false,false,0
2025-11-27T17:13:30.740058-08:00,read,key_460,1.80,true,false,17
2025-11-27T17:13:30.751341-08:00,read,key_100,1.54,false,false,0
2025-11-27T17:13:30.761618-08:00,read,key_280,1.34,false,false,0
2025-11-27T17:13:30.772797-08:00,read,key_8,1.68,false,false,0
2025-11-27T17:13:30.783937-08:00,read,key_401,2.36,false,false,0
2025-11-27T17:13:30.795011-08:00,read,key_357,1.32,false,false,0
2025-11-27T17:13:30.805398-08:00,read,key_986,1.23,false,false,0
2025-11-27T17:13:30.815794-08:00,read,key_788,2.61,false,false,0
2025-11-27T17:13:30.826943-08:00,read,key_312,1.80,false,false,0
2025-11-27T17:13:30.837866-08:00,read,key_109,2.63,false,false,0
2025-11-27T17:13:30.848941-08:00,read,key_517,3.27,false,false,0
2025-11-27T17:13:30.860317-08:00,read,key_652,1.52,false,false,0
2025-11-27T17:13:30.87149-08:00,read,key_601,1.55,false,false,0
2025-11-27T17:13:30.88273-08:00,read,key_778,2.12,false,false,0
2025-11-27T17:13:30.893609-08:00,read,key_845,1.75,false,false,0
2025-11-27T17:13:30.904835-08:00,read,key_636,1.81,false,false,0
2025-11-27T17:13:30.916018-08:00,read,key_345,2.72,false,false,0
2025-11-27T17:13:30.927069-08:00,read,key_853,1.39,false,false,0
2025-11-27T17:13:30.938184-08:00,read,key_905,1.45,false,false,0
2025-11-27T17:13:30.949354-08:00,read,key_866,3.54,false,false,0
2025-11-27T17:13:30.960275-08:00,read,key_165,1.51,false,false,0
2025-11-27T17:13:30.971233-08:00,read,key_765,1.70,false,false,0
2025-11-27T17:13:30.982431-08:00,read,key_5,2.95,false,false,0
2025-11-27T17:13:30.993577-08:00,read,key_981,1.71,true,false,1
2025-11-27T17:13:31.004725-08:00,read,key_307,1.63,false,false,0
2025-11-27T17:13:31.015993-08:00,read,key_985,2.67,false,false,0
2025-11-27T17:13:31.027061-08:00,read,key_867,1.61,false,false,0
2025-11-27T17:13:31.038251-08:00,read,key_156,1.57,false,false,0
2025-11-27T17:13:31.048605-08:00,read,key_487,2.05,false,false,0
2025-11-27T17:13:31.059735-08:00,read,key_419,1.62,false,false,0
2025-11-27T17:13:31.070902-08:00,read,key_135,1.67,false,false,0
2025-11-27T17:13:31.082041-08:00,read,key_609,2.86,false,false,0
2025-11-27T17:13:31.093079-08:00,read,key_770,1.79,false,false,0
2025-11-27T17:13:31.10423-08:00,read,key_450,1.58,false,false,0
2025-11-27T17:13:31.115459-08:00,read,key_609,2.82,false,false,0
2025-11-27T17:13:31.126555-08:00,read,key_864,1.98,false,false,0
2025-11-27T17:13:31.137019-08:00,read,key_9,1.35,false,false,0
2025-11-27T17:13:31.148201-08:00,read,key_337,2.93,false,false,0
2025-11-27T17:13:31.15975-08:00,read,key_917,1.63,false,false,0
2025-11-27T17:13:31.170951-08:00,read,key_988,2.08,false,false,0
2025-11-27T17:13:31.182109-08:00,read,key_468,2.96,false,false,0
2025-11-27T17:13:31.193037-08:00,read,key_763,1.59,false,false,0
2025-11-27T17:13:31.204197-08:00,read,key_644,1.83,false,false,0
2025-11-27T17:13:31.215325-08:00,read,key_728,1.57,false,false,0
2025-11-27T17:13:31.226631-08:00,read,key_980,1.74,false,false,0
2025-11-27T17:13:31.237787-08:00,read,key_404,1.77,false,false,0
2025-11-27T17:13:31.248934-08:00,read,key_761,2.73,false,false,0
2025-11-27T17:13:31.259832-08:00,read,key_405,1.65,false,false,0
2025-11-27T17:13:31.270927-08:00,read,key_277,1.41,false,false,0
2025-11-27T17:13:31.282186-08:00,read,key_959,2.63,false,false,0
2025-11-27T17:13:31.293243-08:00,read,key_280,1.99,false,false,0
2025-11-27T17:13:31.304469-08:00,read,key_47,2.09,false,false,0
2025-11-27T17:13:31.315754-08:00,read,key_14,2.24,false,false,0
2025-11-27T17:13:31.326881-08:00,read,key_901,1.55,false,false,0
2025-11-27T17:13:31.337463-08:00,read,key_804,1.73,false,false,0
2025-11-27T17:13:31.348721-08:00,read,key_600,2.71,false,false,0
2025-11-27T17:13:31.359748-08:00,read,key_26,1.62,false,false,0
2025-11-27T17:13:31.370891-08:00,read,key_906,1.56,false,false,0
2025-11-27T17:13:31.381078-08:00,read,key_793,1.58,true,false,10
2025-11-27T17:13:31.39211-08:00,read,key_137,2.67,false,false,0
2025-11-27T17:13:31.402858-08:00,read,key_26,1.55,false,false,0
2025-11-27T17:13:31.414079-08:00,read,key_796,1.70,false,false,0
2025-11-27T17:13:31.425666-08:00,read,key_547,2.73,false,false,0
2025-11-27T17:13:31.436697-08:00,read,key_861,1.63,false,false,0
2025-11-27T17:13:31.447846-08:00,read,key_107,2.25,false,false,0
2025-11-27T17:13:31.458489-08:00,read,key_200,2.57,false,false,0
2025-11-27T17:13:31.469449-08:00,read,key_41,1.92,true,false,19
2025-11-27T17:13:31.480484-08:00,read,key_341,1.41,false,false,0
2025-11-27T17:13:31.490707-08:00,read,key_956,2.81,false,false,0
2025-11-27T17:13:31.501754-08:00,read,key_53,1.60,false,false,0
2025-11-27T17:13:31.512195-08:00,read,key_116,1.45,false,false,0
2025-11-27T17:13:31.523372-08:00,read,key_353,3.15,false,false,0
2025-11-27T17:13:31.534686-08:00,read,key_880,1.64,false,false,0
2025-11-27T17:13:31.545821-08:00,read,key_715,1.71,false,false,0
2025-11-27T17:13:31.557016-08:00,read,key_365,3.00,false,false,0
2025-11-27T17:13:31.568026-08:00,read,key_258,1.38,false,false,0
2025-11-27T17:13:31.579213-08:00,read,key_114,1.74,false,false,0
2025-11-27T17:13:31.590309-08:00,read,key_156,2.72,false,false,0
2025-11-27T17:13:31.601375-08:00,read,key_515,1.52,false,false,0
2025-11-27T17:13:31.612537-08:00,read,key_277,1.43,false,false,0
2025-11-27T17:13:31.623854-08:00,read,key_626,3.10,false,false,0
2025-11-27T17:13:31.634821-08:00,read,key_751,1.56,false,false,0
2025-11-27T17:13:31.645354-08:00,read,key_809,1.27,false,false,0
2025-11-27T17:13:31.656135-08:00,read,key_166,1.89,false,false,0
2025-11-27T17:13:31.667272-08:00,read,key_735,2.20,false,false,0
2025-11-27T17:13:31.678385-08:00,read,key_421,1.41,false,false,0
2025-11-27T17:13:31.688672-08:00,read,key_363,1.98,false,false,0
2025-11-27T17:13:31.699916-08:00,read,key_158,2.79,false,false,0
2025-11-27T17:13:31.71081-08:00,read,key_107,1.61,false,false,0
2025-11-27T17:13:31.721946-08:00,read,key_8,1.50,false,false,0
2025-11-27T17:13:31.733125-08:00,read,key_342,2.70,false,false,0
2025-11-27T17:13:31.744232-08:00,read,key_462,1.93,false,false,0
2025-11-27T17:13:31.755367-08:00,read,key_363,1.54,false,false,0
2025-11-27T17:13:31.765688-08:00,read,key_316,2.33,false,false,0
2025-11-27T17:13:31.776812-08:00,read,key_201,1.77,false,false,0
2025-11-27T17:13:31.787948-08:00,read,key_994,1.59,false,false,0
2025-11-27T17:13:31.799229-08:00,read,key_68,3.29,false,false,0
2025-11-27T17:13:31.810202-08:00,read,key_429,1.51,false,false,0
2025-11-27T17:13:31.820443-08:00,read,key_810,1.54,false,false,0
2025-11-27T17:13:31.831733-08:00,read,key_498,2.87,false,false,0
2025-11-27T17:13:31.842708-08:00,read,key_773,1.87,false,false,0
2025-11-27T17:13:31.85385-08:00,read,key_903,1.53,false,false,0
2025-11-27T17:13:31.865032-08:00,read,key_705,1.78,false,false,0
2025-11-27T17:13:31.876183-08:00,read,key_61,1.27,false,false,0
2025-11-27T17:13:31.887358-08:00,read,key_737,1.92,false,false,0
2025-11-27T17:13:31.89851-08:00,read,key_938,1.76,false,false,0
2025-11-27T17:13:31.909715-08:00,read,key_709,2.04,false,false,0
2025-11-27T17:13:31.920852-08:00,read,key_451,1.46,false,false,0
2025-11-27T17:13:31.93206-08:00,read,key_688,1.56,false,false,0
2025-11-27T17:13:31.943038-08:00,read,key_864,2.26,false,false,0
2025-11-27T17:13:31.954167-08:00,read,key_154,1.60,false,false,0
2025-11-27T17:13:31.965389-08:00,read,key_782,2.49,false,false,0
2025-11-27T17:13:31.976486-08:00,read,key_357,1.57,false,false,0
2025-11-27T17:13:31.987639-08:00,read,key_246,1.76,false,false,0
2025-11-27T17:13:31.998797-08:00,read,key_66,2.98,false,false,0
2025-11-27T17:13:32.00981-08:00,read,key_208,1.56,false,false,0
2025-11-27T17:13:32.020985-08:00,read,key_608,1.96,false,false,0
2025-11-27T17:13:32.032173-08:00,read,key_20,2.82,false,false,0
2025-11-27T17:13:32.043201-08:00,read,key_267,1.56,false,false,0
2025-11-27T17:13:32.054385-08:00,read,key_30,1.89,false,false,0
2025-11-27T17:13:32.065525-08:00,read,key_793,2.94,true,false,10
2025-11-27T17:13:32.075767-08:00,read,key_74,2.22,false,false,0
2025-11-27T17:13:32.086883-08:00,read,key_174,1.73,false,false,0
2025-11-27T17:13:32.09708-08:00,read,key_184,1.59,false,false,0
2025-11-27T17:13:32.10832-08:00,read,key_589,2.68,false,false,0
2025-11-27T17:13:32.119266-08:00,read,key_792,1.38,false,false,0
2025-11-27T17:13:32.130414-08:00,read,key_791,1.56,false,false,0
2025-11-27T17:13:32.141574-08:00,read,key_26,2.94,false,false,0
2025-11-27T17:13:32.152635-08:00,read,key_543,1.90,false,false,0
2025-11-27T17:13:32.163864-08:00,read,key_960,1.67,false,false,0
2025-11-27T17:13:32.175094-08:00,read,key_349,2.47,false,false,0
2025-11-27T17:13:32.18618-08:00,read,key_433,1.50,false,false,0
2025-11-27T17:13:32.197327-08:00,read,key_521,1.64,false,false,0
2025-11-27T17:13:32.208602-08:00,read,key_308,2.75,false,false,0
2025-11-27T17:13:32.219646-08:00,read,key_485,1.42,false,false,0
2025-11-27T17:13:32.229961-08:00,read,key_141,1.85,false,false,0
2025-11-27T17:13:32.240272-08:00,read,key_725,2.70,false,false,0
2025-11-27T17:13:32.251416-08:00,read,key_347,1.49,false,false,0
2025-11-27T17:13:32.262559-08:00,read,key_227,1.38,false,false,0
2025-11-27T17:13:32.273735-08:00,read,key_863,2.89,false,false,0
2025-11-27T17:13:32.284915-08:00,read,key_630,1.59,false,false,0
2025-11-27T17:13:32.296062-08:00,read,key_634,1.35,false,false,0
2025-11-27T17:13:32.307754-08:00,read,key_18,2.94,false,false,0
2025-11-27T17:13:32.318201-08:00,read,key_220,1.46,false,false,0
2025-11-27T17:13:32.329344-08:00,read,key_587,1.60,false,false,0
2025-11-27T17:13:32.340475-08:00,read,key_290,2.57,false,false,0
2025-11-27T17:13:32.351527-08:00,read,key_450,1.62,false,false,0
2025-11-27T17:13:32.362699-08:00,read,key_333,1.93,false,false,0
2025-11-27T17:13:32.37385-08:00,read,key_782,2.60,false,false,0
2025-11-27T17:13:32.384914-08:00,read,key_162,1.49,false,false,0
2025-11-27T17:13:32.395254-08:00,read,key_618,1.70,false,false,0
2025-11-27T17:13:32.406407-08:00,read,key_319,1.70,false,false,0
2025-11-27T17:13:32.417584-08:00,read,key_296,2.00,false,false,0
2025-11-27T17:13:32.428703-08:00,read,key_403,1.44,false,false,0
2025-11-27T17:13:32.439927-08:00,read,key_618,1.74,false,false,0
2025-11-27T17:13:32.451671-08:00,read,key_18,1.97,false,false,0
2025-11-27T17:13:32.462063-08:00,read,key_318,1.43,false,false,0
2025-11-27T17:13:32.473236-08:00,read,key_545,2.79,false,false,0
2025-11-27T17:13:32.484614-08:00,read,key_119,1.71,false,false,0
2025-11-27T17:13:32.495736-08:00,read,key_906,1.53,false,false,0
2025-11-27T17:13:32.50695-08:00,read,key_159,2.90,true,false,18
2025-11-27T17:13:32.517956-08:00,read,key_72,1.73,false,false,0
2025-11-27T17:13:32.529108-08:00,read,key_63,1.64,false,false,0
2025-11-27T17:13:32.539915-08:00,read,key_336,1.56,false,false,0
2025-11-27T17:13:32.550322-08:00,read,key_479,2.21,false,false,0
2025-11-27T17:13:32.561474-08:00,read,key_223,1.77,false,false,0
2025-11-27T17:13:32.572106-08:00,read,key_436,1.84,false,false,0
2025-11-27T17:13:32.582594-08:00,read,key_51,2.82,false,false,0
2025-11-27T17:13:32.593776-08:00,read,key_357,1.90,false,false,0
2025-11-27T17:13:32.604554-08:00,read,key_290,1.36,false,false,0
2025-11-27T17:13:32.615695-08:00,read,key_866,2.65,false,false,0
2025-11-27T17:13:32.626758-08:00,read,key_652,1.80,false,false,0
2025-11-27T17:13:32.63779-08:00,read,key_303,2.15,false,false,0
2025-11-27T17:13:32.648909-08:00,read,key_101,3.20,false,false,0
2025-11-27T17:13:32.659936-08:00,read,key_800,1.39,false,false,0
2025-11-27T17:13:32.670284-08:00,read,key_366,1.94,false,false,0
2025-11-27T17:13:32.680845-08:00,read,key_41,2.07,true,false,19
2025-11-27T17:13:32.691293-08:00,read,key_340,3.65,false,false,0
2025-11-27T17:13:32.702293-08:00,read,key_981,1.88,true,false,1
2025-11-27T17:13:32.713429-08:00,read,key_315,1.44,false,false,0
2025-11-27T17:13:32.724663-08:00,read,key_335,3.32,false,false,0
2025-11-27T17:13:32.734887-08:00,read,key_959,1.59,false,false,0
2025-11-27T17:13:32.745347-08:00,read,key_987,1.72,false,false,0
2025-11-27T17:13:32.756498-08:00,read,key_140,2.49,false,false,0
2025-11-27T17:13:32.767864-08:00,read,key_887,2.67,false,false,0
2025-11-27T17:13:32.778902-08:00,read,key_649,1.58,false,false,0
2025-11-27T17:13:32.790063-08:00,read,key_608,3.61,false,false,0
2025-11-27T17:13:32.801154-08:00,read,key_554,1.32,false,false,0
2025-11-27T17:13:32.81209-08:00,read,key_588,1.43,false,false,0
2025-11-27T17:13:32.823262-08:00,read,key_659,3.09,false,false,0
2025-11-27T17:13:32.833868-08:00,read,key_319,2.19,false,false,0
2025-11-27T17:13:32.844876-08:00,read,key_144,1.53,false,false,0
2025-11-27T17:13:32.855747-08:00,read,key_793,1.89,true,false,10
2025-11-27T17:13:32.867539-08:00,read,key_882,2.67,false,false,0
2025-11-27T17:13:32.87824-08:00,read,key_419,1.32,false,false,0
2025-11-27T17:13:32.889375-08:00,read,key_767,1.32,false,false,0
2025-11-27T17:13:32.900103-08:00,read,key_48,1.09,false,false,0
2025-11-27T17:13:32.911298-08:00,read,key_811,0.81,false,false,0
2025-11-27T17:13:32.922592-08:00,read,key_904,0.82,false,false,0
2025-11-27T17:13:32.933597-08:00,read,key_275,1.13,false,false,0
2025-11-27T17:13:32.944708-08:00,read,key_15,0.63,false,false,0
2025-11-27T17:13:32.955435-08:00,read,key_5,0.88,false,false,0
2025-11-27T17:13:32.965731-08:00,read,key_952,0.59,false,false,0
2025-11-27T17:13:32.976966-08:00,read,key_851,0.71,false,false,0
2025-11-27T17:13:32.988112-08:00,read,key_65,0.76,false,false,0
2025-11-27T17:13:32.999415-08:00,read,key_752,1.54,false,false,0
2025-11-27T17:13:33.010557-08:00,read,key_38,1.83,false,false,0
2025-11-27T17:13:33.02171-08:00,read,key_973,2.35,false,false,0
2025-11-27T17:13:33.03287-08:00,read,key_301,2.22,false,false,0
2025-11-27T17:13:33.044013-08:00,read,key_23,1.56,false,false,0
2025-11-27T17:13:33.055177-08:00,read,key_184,1.68,false,false,0
2025-11-27T17:13:33.066318-08:00,read,key_307,2.53,false,false,0
2025-11-27T17:13:33.077163-08:00,read,key_432,1.54,false,false,0
2025-11-27T17:13:33.088419-08:00,read,key_159,1.82,true,false,18
2025-11-27T17:13:33.09886-08:00,read,key_466,2.94,false,false,0
2025-11-27T17:13:33.109831-08:00,read,key_848,1.61,false,false,0
2025-11-27T17:13:33.120923-08:00,read,key_159,1.59,true,false,18
2025-11-27T17:13:33.131447-08:00,read,key_181,1.25,false,false,0
2025-11-27T17:13:33.142773-08:00,read,key_434,1.88,false,false,0
2025-11-27T17:13:33.152947-08:00,read,key_810,1.55,false,false,0
2025-11-27T17:13:33.174815-08:00,read,key_239,2.55,false,false,0
2025-11-27T17:13:33.185908-08:00,read,key_680,1.60,false,false,0
2025-11-27T17:13:33.197104-08:00,read,key_263,1.70,false,false,0
2025-11-27T17:13:33.207412-08:00,read,key_767,2.69,false,false,0
2025-11-27T17:13:33.218199-08:00,read,key_454,1.49,false,false,0
2025-11-27T17:13:33.228601-08:00,read,key_356,1.97,false,false,0
2025-11-27T17:13:33.239752-08:00,read,key_314,2.17,true,false,12
2025-11-27T17:13:33.25008-08:00,read,key_327,2.74,false,false,0
2025-11-27T17:13:33.261158-08:00,read,key_469,1.75,false,false,0
2025-11-27T17:13:33.272297-08:00,read,key_238,1.44,false,false,0
2025-11-27T17:13:33.282689-08:00,read,key_3,2.87,false,false,0
2025-11-27T17:13:33.293287-08:00,read,key_869,1.55,false,false,0
2025-11-27T17:13:33.30443-08:00,read,key_689,1.38,false,false,0
2025-11-27T17:13:33.315648-08:00,read,key_901,2.90,false,false,0
2025-11-27T17:13:33.326158-08:00,read,key_634,1.44,false,false,0
2025-11-27T17:13:33.337307-08:00,read,key_623,1.42,false,false,0
2025-11-27T17:13:33.347591-08:00,read,key_638,1.15,false,false,0
2025-11-27T17:13:33.358177-08:00,read,key_753,2.51,false,false,0
2025-11-27T17:13:33.369307-08:00,read,key_126,2.69,false,false,0
2025-11-27T17:13:33.380351-08:00,read,key_541,1.49,false,false,0
2025-11-27T17:13:33.402571-08:00,read,key_162,1.81,false,false,0
2025-11-27T17:13:33.413575-08:00,read,key_718,1.85,false,false,0
2025-11-27T17:13:33.424135-08:00,read,key_783,2.56,false,false,0
2025-11-27T17:13:33.435225-08:00,read,key_104,1.39,false,false,0
2025-11-27T17:13:33.445916-08:00,read,key_256,1.49,false,false,0
2025-11-27T17:13:33.456319-08:00,read,key_224,1.85,false,false,0
2025-11-27T17:13:33.467126-08:00,read,key_785,2.57,false,false,0
2025-11-27T17:13:33.164086-08:00,write,key_784,311.27,true,false,21
2025-11-27T17:13:33.477554-08:00,read,key_674,1.44,false,false,0
2025-11-27T17:13:33.488665-08:00,read,key_978,1.50,false,false,0
2025-11-27T17:13:33.499838-08:00,read,key_999,2.89,false,false,0
2025-11-27T17:13:33.510049-08:00,read,key_106,1.54,false,false,0
2025-11-27T17:13:33.521187-08:00,read,key_288,1.89,false,false,0
2025-11-27T17:13:33.54246-08:00,read,key_861,1.92,false,false,0
2025-11-27T17:13:33.552947-08:00,read,key_356,2.08,false,false,0
2025-11-27T17:13:33.563764-08:00,read,key_387,1.66,false,false,0
2025-11-27T17:13:33.574214-08:00,read,key_183,2.76,false,false,0
2025-11-27T17:13:33.584763-08:00,read,key_759,1.62,false,false,0
2025-11-27T17:13:33.595902-08:00,read,key_436,1.45,false,false,0
2025-11-27T17:13:33.607018-08:00,read,key_133,2.24,false,false,0
2025-11-27T17:13:33.618124-08:00,read,key_815,1.49,false,false,0
2025-11-27T17:13:33.629239-08:00,read,key_262,1.53,false,false,0
2025-11-27T17:13:33.640442-08:00,read,key_237,2.60,false,false,0
2025-11-27T17:13:33.651503-08:00,read,key_906,1.36,false,false,0
2025-11-27T17:13:33.66209-08:00,read,key_606,1.56,false,false,0
2025-11-27T17:13:33.673264-08:00,read,key_621,1.50,false,false,0
2025-11-27T17:13:33.683762-08:00,read,key_525,2.67,false,false,0
2025-11-27T17:13:33.694885-08:00,read,key_369,2.27,false,false,0
2025-11-27T17:13:33.391303-08:00,write,key_988,307.80,true,false,21
2025-11-27T17:13:33.705671-08:00,read,key_262,1.31,false,false,0
2025-11-27T17:13:33.717089-08:00,read,key_330,2.17,false,false,0
2025-11-27T17:13:33.728243-08:00,read,key_973,1.64,false,false,0
2025-11-27T17:13:33.73913-08:00,read,key_102,1.39,false,false,0
2025-11-27T17:13:33.750686-08:00,read,key_819,2.55,false,false,0
2025-11-27T17:13:33.760655-08:00,read,key_339,1.46,false,false,0
2025-11-27T17:13:33.771106-08:00,read,key_675,1.59,false,false,0
2025-11-27T17:13:33.782287-08:00,read,key_798,3.13,false,false,0
2025-11-27T17:13:33.793311-08:00,read,key_226,2.05,false,false,0
2025-11-27T17:13:33.804439-08:00,read,key_820,1.43,false,false,0
2025-11-27T17:13:33.815624-08:00,read,key_275,3.59,false,false,0
2025-11-27T17:13:33.826596-08:00,read,key_967,1.70,false,false,0
2025-11-27T17:13:33.837711-08:00,read,key_278,2.03,false,false,0
2025-11-27T17:13:33.531462-08:00,write,key_409,308.53,true,false,22
2025-11-27T17:13:33.848849-08:00,read,key_95,3.12,false,false,0
2025-11-27T17:13:33.859845-08:00,read,key_368,1.63,true,false,6
2025-11-27T17:13:33.87058-08:00,read,key_676,1.44,false,false,0
2025-11-27T17:13:33.881732-08:00,read,key_10,1.62,false,false,0
2025-11-27T17:13:33.89295-08:00,read,key_544,1.88,false,false,0
2025-11-27T17:13:33.904055-08:00,read,key_678,1.46,false,false,0
2025-11-27T17:13:33.915187-08:00,read,key_848,2.77,false,false,0
2025-11-27T17:13:33.926356-08:00,read,key_368,1.23,true,false,6
2025-11-27T17:13:33.948592-08:00,read,key_950,2.78,false,false,0
2025-11-27T17:13:33.959676-08:00,read,key_808,1.77,false,false,0
2025-11-27T17:13:33.970808-08:00,read,key_44,1.56,false,false,0
2025-11-27T17:13:33.981936-08:00,read,key_156,1.20,false,false,0
2025-11-27T17:13:33.99317-08:00,read,key_106,1.78,false,false,0
2025-11-27T17:13:34.004315-08:00,read,key_639,1.50,false,false,0
2025-11-27T17:13:34.015391-08:00,read,key_434,3.40,false,false,0
2025-11-27T17:13:34.026395-08:00,read,key_213,1.57,false,false,0
2025-11-27T17:13:34.037019-08:00,read,key_967,1.49,false,false,0
2025-11-27T17:13:34.048203-08:00,read,key_793,1.63,true,false,10
2025-11-27T17:13:34.059349-08:00,read,key_987,2.11,false,false,0
2025-11-27T17:13:34.070509-08:00,read,key_431,2.17,false,false,0
2025-11-27T17:13:34.081676-08:00,read,key_584,2.49,false,false,0
2025-11-27T17:13:34.092902-08:00,read,key_427,1.67,false,false,0
2025-11-27T17:13:34.104098-08:00,read,key_895,1.65,false,false,0
2025-11-27T17:13:34.11521-08:00,read,key_429,2.96,false,false,0
2025-11-27T17:13:34.126212-08:00,read,key_771,1.61,false,false,0
2025-11-27T17:13:34.136793-08:00,read,key_296,1.50,false,false,0
2025-11-27T17:13:34.14742-08:00,read,key_41,1.32,true,false,19
2025-11-27T17:13:34.1591-08:00,read,key_348,1.52,false,false,0
2025-11-27T17:13:34.170219-08:00,read,key_961,1.48,false,false,0
2025-11-27T17:13:34.180407-08:00,read,key_229,1.98,false,false,0
2025-11-27T17:13:34.190732-08:00,read,key_724,2.75,false,false,0
2025-11-27T17:13:34.201798-08:00,read,key_292,1.64,true,false,2
2025-11-27T17:13:34.212937-08:00,read,key_641,1.51,false,false,0
2025-11-27T17:13:34.224147-08:00,read,key_239,2.92,false,false,0
2025-11-27T17:13:34.235176-08:00,read,key_913,1.49,false,false,0
2025-11-27T17:13:33.937498-08:00,write,key_609,309.21,true,false,23
2025-11-27T17:13:34.245448-08:00,read,key_609,1.51,true,false,23
2025-11-27T17:13:34.256633-08:00,read,key_471,2.09,false,false,0
2025-11-27T17:13:34.267978-08:00,read,key_594,1.84,false,false,0
2025-11-27T17:13:34.279127-08:00,read,key_704,1.51,false,false,0
2025-11-27T17:13:34.289572-08:00,read,key_709,2.20,false,false,0
2025-11-27T17:13:34.300302-08:00,read,key_676,2.40,false,false,0
2025-11-27T17:13:34.310697-08:00,read,key_805,1.67,false,false,0
2025-11-27T17:13:34.321844-08:00,read,key_241,1.73,false,false,0
2025-11-27T17:13:34.332093-08:00,read,key_436,2.81,false,false,0
2025-11-27T17:13:34.343127-08:00,read,key_66,1.47,false,false,0
2025-11-27T17:13:34.353738-08:00,read,key_186,1.69,false,false,0
2025-11-27T17:13:34.364925-08:00,read,key_22,1.84,false,false,0
2025-11-27T17:13:34.376091-08:00,read,key_591,1.54,false,false,0
2025-11-27T17:13:34.387051-08:00,read,key_13,1.45,false,false,0
2025-11-27T17:13:34.39778-08:00,read,key_872,1.65,false,false,0
2025-11-27T17:13:34.409005-08:00,read,key_262,2.10,false,false,0
2025-11-27T17:13:34.420139-08:00,read,key_752,1.85,false,false,0
2025-11-27T17:13:34.431045-08:00,read,key_604,3.31,false,false,0
2025-11-27T17:13:34.442743-08:00,read,key_205,1.72,false,false,0
2025-11-27T17:13:34.453967-08:00,read,key_386,1.91,false,false,0
2025-11-27T17:13:34.464426-08:00,read,key_189,2.59,false,false,0
2025-11-27T17:13:34.475532-08:00,read,key_72,2.58,false,false,0
2025-11-27T17:13:34.486589-08:00,read,key_3,1.72,false,false,0
2025-11-27T17:13:34.497155-08:00,read,key_653,1.33,false,false,0
2025-11-27T17:13:34.509364-08:00,read,key_513,2.61,false,false,0
2025-11-27T17:13:34.520175-08:00,read,key_984,1.38,false,false,0
2025-11-27T17:13:34.530606-08:00,read,key_833,1.89,false,false,0
2025-11-27T17:13:34.541739-08:00,read,key_226,2.97,false,false,0
2025-11-27T17:13:34.55281-08:00,read,key_20,1.58,false,false,0
2025-11-27T17:13:34.563953-08:00,read,key_648,2.42,false,false,0
2025-11-27T17:13:34.574443-08:00,read,key_827,3.13,false,false,0
2025-11-27T17:13:34.585398-08:00,read,key_96,1.42,true,false,3
2025-11-27T17:13:34.595972-08:00,read,key_269,1.52,false,false,0
2025-11-27T17:13:34.607105-08:00,read,key_496,1.90,false,false,0
2025-11-27T17:13:34.617586-08:00,read,key_339,2.66,false,false,0
2025-11-27T17:13:34.628634-08:00,read,key_331,1.61,false,false,0
2025-11-27T17:13:34.638886-08:00,read,key_667,1.84,false,false,0
2025-11-27T17:13:34.649278-08:00,read,key_600,2.45,false,false,0
2025-11-27T17:13:34.659938-08:00,read,key_131,2.50,false,false,0
2025-11-27T17:13:34.671031-08:00,read,key_893,1.64,false,false,0
2025-11-27T17:13:34.682226-08:00,read,key_764,1.32,false,false,0
2025-11-27T17:13:34.693386-08:00,read,key_75,0.98,false,false,0
2025-11-27T17:13:34.704268-08:00,read,key_866,0.91,false,false,0
2025-11-27T17:13:34.715447-08:00,read,key_462,1.20,false,false,0
2025-11-27T17:13:34.726733-08:00,read,key_316,0.88,false,false,0
2025-11-27T17:13:34.737682-08:00,read,key_136,0.87,false,false,0
2025-11-27T17:13:34.748829-08:00,read,key_582,1.46,false,false,0
2025-11-27T17:13:34.760034-08:00,read,key_812,0.75,false,false,0
2025-11-27T17:13:34.771184-08:00,read,key_593,0.67,false,false,0
2025-11-27T17:13:34.782411-08:00,read,key_701,1.25,false,false,0
2025-11-27T17:13:34.793541-08:00,read,key_672,1.73,false,false,0
2025-11-27T17:13:34.804739-08:00,read,key_70,1.76,false,false,0
2025-11-27T17:13:34.815959-08:00,read,key_935,2.10,false,false,0
2025-11-27T17:13:34.827148-08:00,read,key_868,1.71,false,false,0
2025-11-27T17:13:34.838297-08:00,read,key_45,1.54,false,false,0
2025-11-27T17:13:34.849436-08:00,read,key_663,2.67,false,false,0
2025-11-27T17:13:34.860498-08:00,read,key_788,1.40,false,false,0
2025-11-27T17:13:34.871544-08:00,read,key_298,1.67,false,false,0
2025-11-27T17:13:34.882737-08:00,read,key_603,2.46,false,false,0
2025-11-27T17:13:34.893784-08:00,read,key_988,1.50,true,false,21
2025-11-27T17:13:34.904928-08:00,read,key_467,1.39,false,false,0
2025-11-27T17:13:34.916078-08:00,read,key_262,3.00,false,false,0
2025-11-27T17:13:34.927092-08:00,read,key_485,1.87,false,false,0
2025-11-27T17:13:34.937399-08:00,read,key_521,1.03,false,false,0
2025-11-27T17:13:34.94864-08:00,read,key_791,1.18,false,false,0
2025-11-27T17:13:34.959847-08:00,read,key_799,1.71,false,false,0
2025-11-27T17:13:34.970773-08:00,read,key_166,1.66,false,false,0
2025-11-27T17:13:34.981992-08:00,read,key_469,2.25,false,false,0
2025-11-27T17:13:34.993157-08:00,read,key_464,1.42,false,false,0
2025-11-27T17:13:35.004286-08:00,read,key_447,1.46,false,false,0
2025-11-27T17:13:35.015448-08:00,read,key_26,2.70,false,false,0
2025-11-27T17:13:35.026522-08:00,read,key_232,1.99,false,false,0
2025-11-27T17:13:35.037652-08:00,read,key_728,1.46,false,false,0
2025-11-27T17:13:35.048835-08:00,read,key_597,2.55,false,false,0
2025-11-27T17:13:35.059912-08:00,read,key_389,1.71,false,false,0
2025-11-27T17:13:35.071063-08:00,read,key_37,1.48,false,false,0
2025-11-27T17:13:35.082237-08:00,read,key_469,3.02,false,false,0
2025-11-27T17:13:35.093275-08:00,read,key_380,1.76,false,false,0
2025-11-27T17:13:35.10445-08:00,read,key_827,1.51,false,false,0
2025-11-27T17:13:35.11565-08:00,read,key_587,2.70,false,false,0
2025-11-27T17:13:35.126812-08:00,read,key_307,1.73,false,false,0
2025-11-27T17:13:35.137585-08:00,read,key_682,1.97,false,false,0
2025-11-27T17:13:35.148715-08:00,read,key_647,2.75,false,false,0
2025-11-27T17:13:35.159807-08:00,read,key_110,1.86,false,false,0
2025-11-27T17:13:35.171006-08:00,read,key_470,2.26,false,false,0
2025-11-27T17:13:35.182221-08:00,read,key_766,2.63,false,false,0
2025-11-27T17:13:35.193328-08:00,read,key_872,1.55,false,false,0
2025-11-27T17:13:35.204522-08:00,read,key_69,1.71,false,false,0
2025-11-27T17:13:35.215751-08:00,read,key_316,2.49,false,false,0
2025-11-27T17:13:35.226881-08:00,read,key_730,1.71,true,false,16
2025-11-27T17:13:35.238067-08:00,read,key_990,2.06,false,false,0
2025-11-27T17:13:35.249258-08:00,read,key_672,3.14,false,false,0
2025-11-27T17:13:35.260252-08:00,read,key_712,1.53,false,false,0
2025-11-27T17:13:35.271368-08:00,read,key_384,1.62,false,false,0
2025-11-27T17:13:35.282632-08:00,read,key_435,2.93,false,false,0
2025-11-27T17:13:35.293267-08:00,read,key_285,1.60,false,false,0
2025-11-27T17:13:35.304415-08:00,read,key_700,1.48,false,false,0
2025-11-27T17:13:35.314899-08:00,read,key_33,2.02,false,false,0
2025-11-27T17:13:35.326225-08:00,read,key_501,2.08,false,false,0
2025-11-27T17:13:35.336604-08:00,read,key_649,2.12,false,false,0
2025-11-27T17:13:35.347016-08:00,read,key_682,1.40,false,false,0
2025-11-27T17:13:35.358348-08:00,read,key_735,2.78,false,false,0
2025-11-27T17:13:35.3694-08:00,read,key_241,2.38,false,false,0
2025-11-27T17:13:35.380596-08:00,read,key_540,1.28,false,false,0
2025-11-27T17:13:35.391593-08:00,read,key_233,2.43,false,false,0
2025-11-27T17:13:35.402636-08:00,read,key_21,1.41,false,false,0
2025-11-27T17:13:35.413032-08:00,read,key_97,1.55,false,false,0
2025-11-27T17:13:35.424354-08:00,read,key_249,2.64,false,false,0
2025-11-27T17:13:35.43451-08:00,read,key_474,1.73,false,false,0
2025-11-27T17:13:35.455714-08:00,read,key_430,0.91,false,false,0
2025-11-27T17:13:35.466653-08:00,read,key_23,1.26,false,false,0
2025-11-27T17:13:35.477795-08:00,read,key_785,0.98,false,false,0
2025-11-27T17:13:35.488833-08:00,read,key_419,1.49,false,false,0
2025-11-27T17:13:35.50001-08:00,read,key_133,2.46,false,false,0
2025-11-27T17:13:35.511071-08:00,read,key_263,1.50,false,false,0
2025-11-27T17:13:35.522201-08:00,read,key_741,1.60,false,false,0
2025-11-27T17:13:35.533647-08:00,read,key_2,2.74,false,false,0
2025-11-27T17:13:35.544695-08:00,read,key_952,1.82,false,false,0
2025-11-27T17:13:35.555828-08:00,read,key_363,1.53,false,false,0
2025-11-27T17:13:35.566696-08:00,read,key_847,2.74,false,false,0
2025-11-27T17:13:35.577726-08:00,read,key_794,1.69,false,false,0
2025-11-27T17:13:35.588958-08:00,read,key_241,1.88,false,false,0
2025-11-27T17:13:35.599644-08:00,read,key_75,2.44,false,false,0
2025-11-27T17:13:35.610773-08:00,read,key_265,1.79,false,false,0
2025-11-27T17:13:35.62184-08:00,read,key_154,1.63,false,false,0
2025-11-27T17:13:35.633071-08:00,read,key_585,3.21,false,false,0
2025-11-27T17:13:35.643664-08:00,read,key_585,1.71,false,false,0
2025-11-27T17:13:35.654298-08:00,read,key_8,1.57,false,false,0
2025-11-27T17:13:35.665405-08:00,read,key_607,2.97,false,false,0
2025-11-27T17:13:35.676571-08:00,read,key_149,1.76,false,false,0
2025-11-27T17:13:35.687701-08:00,read,key_813,1.93,false,false,0
2025-11-27T17:13:35.698836-08:00,read,key_632,3.39,false,false,0
2025-11-27T17:13:35.709793-08:00,read,key_601,1.69,false,false,0
2025-11-27T17:13:35.72041-08:00,read,key_594,2.05,false,false,0
2025-11-27T17:13:35.73163-08:00,read,key_644,2.88,false,false,0
2025-11-27T17:13:35.74223-08:00,read,key_956,1.63,false,false,0
2025-11-27T17:13:35.445413-08:00,write,key_696,309.30,true,false,24
2025-11-27T17:13:35.753224-08:00,read,key_631,1.87,false,false,0
2025-11-27T17:13:35.764376-08:00,read,key_409,2.51,true,false,22
2025-11-27T17:13:35.775711-08:00,read,key_149,2.72,false,false,0
2025-11-27T17:13:35.78659-08:00,read,key_709,1.59,false,false,0
2025-11-27T17:13:35.797065-08:00,read,key_25,1.68,false,false,0
2025-11-27T17:13:35.807458-08:00,read,key_77,2.65,false,false,0
2025-11-27T17:13:35.818091-08:00,read,key_361,1.44,false,false,0
2025-11-27T17:13:35.829256-08:00,read,key_430,1.56,false,false,0
2025-11-27T17:13:35.839997-08:00,read,key_206,1.39,false,false,0
2025-11-27T17:13:35.851433-08:00,read,key_109,1.90,false,false,0
2025-11-27T17:13:35.862528-08:00,read,key_79,1.58,false,false,0
2025-11-27T17:13:35.873657-08:00,read,key_671,2.67,false,false,0
2025-11-27T17:13:35.883978-08:00,read,key_636,2.03,false,false,0
2025-11-27T17:13:35.894986-08:00,read,key_229,1.69,false,false,0
2025-11-27T17:13:35.90594-08:00,read,key_610,1.52,false,false,0
2025-11-27T17:13:35.917517-08:00,read,key_804,1.71,false,false,0
2025-11-27T17:13:35.928713-08:00,read,key_989,1.68,false,false,0
2025-11-27T17:13:35.939818-08:00,read,key_629,1.62,false,false,0
2025-11-27T17:13:35.951436-08:00,read,key_700,1.88,false,false,0
2025-11-27T17:13:35.962593-08:00,read,key_365,1.64,false,false,0
2025-11-27T17:13:35.973761-08:00,read,key_839,2.82,false,false,0
2025-11-27T17:13:35.984511-08:00,read,key_596,1.65,false,false,0
2025-11-27T17:13:35.995495-08:00,read,key_202,1.50,false,false,0
2025-11-27T17:13:36.006614-08:00,read,key_208,3.03,false,false,0
2025-11-27T17:13:36.017906-08:00,read,key_84,1.83,false,false,0
2025-11-27T17:13:36.029075-08:00,read,key_405,1.87,false,false,0
2025-11-27T17:13:36.05141-08:00,read,key_497,1.63,false,false,0
2025-11-27T17:13:36.062569-08:00,read,key_336,2.07,false,false,0
2025-11-27T17:13:36.073722-08:00,read,key_632,3.06,false,false,0
2025-11-27T17:13:36.084761-08:00,read,key_810,1.53,false,false,0
2025-11-27T17:13:36.095412-08:00,read,key_226,2.20,false,false,0
2025-11-27T17:13:36.106582-08:00,read,key_221,1.82,false,false,0
2025-11-27T17:13:36.118074-08:00,read,key_824,1.49,false,false,0
2025-11-27T17:13:36.129235-08:00,read,key_792,1.80,false,false,0
2025-11-27T17:13:36.140439-08:00,read,key_992,2.73,false,false,0
2025-11-27T17:13:36.150808-08:00,read,key_689,1.89,false,false,0
2025-11-27T17:13:36.161226-08:00,read,key_814,1.53,false,false,0
2025-11-27T17:13:36.172181-08:00,read,key_542,1.74,false,false,0
2025-11-27T17:13:36.183454-08:00,read,key_516,2.79,false,false,0
2025-11-27T17:13:36.194525-08:00,read,key_590,1.79,false,false,0
2025-11-27T17:13:36.205442-08:00,read,key_900,2.09,false,false,0
2025-11-27T17:13:36.216666-08:00,read,key_862,2.48,false,false,0
2025-11-27T17:13:36.226909-08:00,read,key_396,1.42,false,false,0
2025-11-27T17:13:36.238109-08:00,read,key_223,1.88,false,false,0
2025-11-27T17:13:36.249259-08:00,read,key_64,2.52,false,false,0
2025-11-27T17:13:36.260355-08:00,read,key_862,1.75,false,false,0
2025-11-27T17:13:36.271517-08:00,read,key_179,2.04,false,false,0
2025-11-27T17:13:36.28267-08:00,read,key_772,3.09,false,false,0
2025-11-27T17:13:36.29306-08:00,read,key_341,1.62,false,false,0
2025-11-27T17:13:36.303986-08:00,read,key_867,1.76,false,false,0
2025-11-27T17:13:36.315039-08:00,read,key_545,2.08,false,false,0
2025-11-27T17:13:36.326189-08:00,read,key_651,1.62,false,false,0
2025-11-27T17:13:36.337023-08:00,read,key_14,1.90,false,false,0
2025-11-27T17:13:36.348114-08:00,read,key_315,1.54,false,false,0
2025-11-27T17:13:36.040366-08:00,write,key_871,310.86,true,false,25
2025-11-27T17:13:36.359076-08:00,read,key_868,3.30,false,false,0
2025-11-27T17:13:36.370608-08:00,read,key_590,3.03,false,false,0
2025-11-27T17:13:36.381638-08:00,read,key_438,1.50,false,false,0
2025-11-27T17:13:36.393297-08:00,read,key_685,2.05,false,false,0
2025-11-27T17:13:36.404262-08:00,read,key_712,1.75,false,false,0
2025-11-27T17:13:36.415408-08:00,read,key_843,2.52,false,false,0
2025-11-27T17:13:36.426495-08:00,read,key_41,1.55,true,false,19
2025-11-27T17:13:36.437666-08:00,read,key_677,1.84,false,false,0
2025-11-27T17:13:36.448-08:00,read,key_141,1.78,false,false,0
2025-11-27T17:13:36.459245-08:00,read,key_407,1.60,false,false,0
2025-11-27T17:13:36.470423-08:00,read,key_106,2.02,false,false,0
2025-11-27T17:13:36.481613-08:00,read,key_172,2.64,false,false,0
2025-11-27T17:13:36.492397-08:00,read,key_78,1.68,false,false,0
2025-11-27T17:13:36.503145-08:00,read,key_179,1.58,false,false,0
2025-11-27T17:13:36.514311-08:00,read,key_17,2.04,false,false,0
2025-11-27T17:13:36.525711-08:00,read,key_729,1.92,false,false,0
2025-11-27T17:13:36.536474-08:00,read,key_995,3.13,false,false,0
2025-11-27T17:13:36.546923-08:00,read,key_635,1.51,false,false,0
2025-11-27T17:13:36.559613-08:00,read,key_731,2.00,false,false,0
2025-11-27T17:13:36.569337-08:00,read,key_377,1.80,false,false,0
2025-11-27T17:13:36.580492-08:00,read,key_546,1.74,false,false,0
2025-11-27T17:13:36.591952-08:00,read,key_474,2.90,false,false,0
2025-11-27T17:13:36.603011-08:00,read,key_207,1.67,false,false,0
2025-11-27T17:13:36.613708-08:00,read,key_258,1.95,false,false,0
2025-11-27T17:13:36.624979-08:00,read,key_624,2.43,false,false,0
2025-11-27T17:13:36.635282-08:00,read,key_822,1.43,false,false,0
2025-11-27T17:13:36.646492-08:00,read,key_855,2.01,false,false,0
2025-11-27T17:13:36.657694-08:00,read,key_117,2.88,false,false,0
2025-11-27T17:13:36.668275-08:00,read,key_178,1.86,false,false,0
2025-11-27T17:13:36.678914-08:00,read,key_493,1.59,true,false,10
2025-11-27T17:13:36.689501-08:00,read,key_965,1.85,false,false,0
2025-11-27T17:13:36.700729-08:00,read,key_389,2.19,false,false,0
2025-11-27T17:13:36.711528-08:00,read,key_28,1.74,false,false,0
2025-11-27T17:13:36.722057-08:00,read,key_117,1.96,false,false,0
2025-11-27T17:13:36.733408-08:00,read,key_798,2.43,false,false,0
2025-11-27T17:13:36.744017-08:00,read,key_880,1.48,false,false,0
2025-11-27T17:13:36.755165-08:00,read,key_984,1.84,false,false,0
2025-11-27T17:13:36.766312-08:00,read,key_416,2.94,false,false,0
2025-11-27T17:13:36.777337-08:00,read,key_465,1.62,false,false,0
2025-11-27T17:13:36.788507-08:00,read,key_46,1.64,false,false,0
2025-11-27T17:13:36.799026-08:00,read,key_552,3.26,false,false,0
2025-11-27T17:13:36.810083-08:00,read,key_816,1.52,false,false,0
2025-11-27T17:13:36.821247-08:00,read,key_599,1.70,false,false,0
2025-11-27T17:13:36.831765-08:00,read,key_94,2.52,false,false,0
2025-11-27T17:13:36.842207-08:00,read,key_222,1.93,false,false,0
2025-11-27T17:13:36.852407-08:00,read,key_41,1.37,true,false,19
2025-11-27T17:13:36.863556-08:00,read,key_747,1.76,false,false,0
2025-11-27T17:13:36.875469-08:00,read,key_479,2.55,false,false,0
2025-11-27T17:13:36.886598-08:00,read,key_529,2.31,false,false,0
2025-11-27T17:13:36.897706-08:00,read,key_886,1.50,false,false,0
2025-11-27T17:13:36.908945-08:00,read,key_703,1.95,false,false,0
2025-11-27T17:13:36.920077-08:00,read,key_306,1.75,false,false,0
2025-11-27T17:13:36.931231-08:00,read,key_139,1.53,false,false,0
2025-11-27T17:13:36.941684-08:00,read,key_264,2.91,false,false,0
2025-11-27T17:13:36.951934-08:00,read,key_380,1.44,false,false,0
2025-11-27T17:13:36.962621-08:00,read,key_479,1.50,false,false,0
2025-11-27T17:13:36.973499-08:00,read,key_408,2.90,false,false,0
2025-11-27T17:13:36.984528-08:00,read,key_847,1.49,false,false,0
2025-11-27T17:13:36.995425-08:00,read,key_316,1.98,false,false,0
2025-11-27T17:13:37.006646-08:00,read,key_16,1.71,false,false,0
2025-11-27T17:13:37.01787-08:00,read,key_441,1.77,false,false,0
2025-11-27T17:13:37.029002-08:00,read,key_4,1.57,false,false,0
2025-11-27T17:13:37.040144-08:00,read,key_725,1.43,false,false,0
2025-11-27T17:13:37.051401-08:00,read,key_524,2.05,false,false,0
2025-11-27T17:13:37.061988-08:00,read,key_817,1.62,false,false,0
2025-11-27T17:13:37.072505-08:00,read,key_600,1.33,false,false,0
2025-11-27T17:13:37.084067-08:00,read,key_842,1.77,false,false,0
2025-11-27T17:13:37.09525-08:00,read,key_24,1.98,false,false,0
2025-11-27T17:13:37.106426-08:00,read,key_410,2.15,false,false,0
2025-11-27T17:13:37.117663-08:00,read,key_661,1.62,false,false,0
2025-11-27T17:13:37.128806-08:00,read,key_139,1.86,false,false,0
2025-11-27T17:13:37.139932-08:00,read,key_367,1.68,false,false,0
2025-11-27T17:13:37.151521-08:00,read,key_881,1.92,false,false,0
2025-11-27T17:13:37.162691-08:00,read,key_47,1.84,false,false,0
2025-11-27T17:13:37.173372-08:00,read,key_112,2.97,false,false,0
2025-11-27T17:13:37.184571-08:00,read,key_650,1.72,false,false,0
2025-11-27T17:13:37.194774-08:00,read,key_355,1.78,false,false,0
2025-11-27T17:13:37.205896-08:00,read,key_236,1.76,false,false,0
2025-11-27T17:13:37.217154-08:00,read,key_249,1.89,false,false,0
2025-11-27T17:13:37.228245-08:00,read,key_280,1.61,false,false,0
2025-11-27T17:13:37.238779-08:00,read,key_420,1.41,false,false,0
2025-11-27T17:13:37.250158-08:00,read,key_200,2.34,false,false,0
2025-11-27T17:13:37.261242-08:00,read,key_389,1.50,false,false,0
2025-11-27T17:13:37.272106-08:00,read,key_557,1.52,false,false,0
2025-11-27T17:13:37.283298-08:00,read,key_340,2.60,false,false,0
2025-11-27T17:13:37.294388-08:00,read,key_185,1.92,false,false,0
2025-11-27T17:13:37.305423-08:00,read,key_884,1.61,false,false,0
2025-11-27T17:13:37.316031-08:00,read,key_596,2.81,false,false,0
2025-11-27T17:13:37.327146-08:00,read,key_170,2.10,false,false,0
2025-11-27T17:13:37.338374-08:00,read,key_37,1.44,false,false,0
2025-11-27T17:13:37.349083-08:00,read,key_228,2.49,false,false,0
2025-11-27T17:13:37.360201-08:00,read,key_37,1.81,false,false,0
2025-11-27T17:13:37.371481-08:00,read,key_542,2.23,false,false,0
2025-11-27T17:13:37.382704-08:00,read,key_241,2.21,false,false,0
2025-11-27T17:13:37.393852-08:00,read,key_64,1.37,false,false,0
2025-11-27T17:13:37.405008-08:00,read,key_257,1.49,false,false,0
2025-11-27T17:13:37.415803-08:00,read,key_13,2.08,false,false,0
2025-11-27T17:13:37.426964-08:00,read,key_160,1.70,false,false,0
2025-11-27T17:13:37.438032-08:00,read,key_864,2.00,false,false,0
2025-11-27T17:13:37.449027-08:00,read,key_34,2.54,false,false,0
2025-11-27T17:13:37.459686-08:00,read,key_153,1.69,false,false,0
2025-11-27T17:13:37.470577-08:00,read,key_406,1.85,false,false,0
2025-11-27T17:13:37.481777-08:00,read,key_540,2.69,false,false,0
2025-11-27T17:13:37.492858-08:00,read,key_841,1.65,false,false,0
2025-11-27T17:13:37.503882-08:00,read,key_732,1.89,true,false,13
2025-11-27T17:13:37.515031-08:00,read,key_337,2.79,false,false,0
2025-11-27T17:13:37.526337-08:00,read,key_38,1.69,false,false,0
2025-11-27T17:13:37.537466-08:00,read,key_370,2.01,false,false,0
2025-11-27T17:13:37.548572-08:00,read,key_165,2.92,false,false,0
2025-11-27T17:13:37.558953-08:00,read,key_189,2.42,false,false,0
2025-11-27T17:13:37.570023-08:00,read,key_298,1.81,false,false,0
2025-11-27T17:13:37.58032-08:00,read,key_414,1.44,false,false,0
2025-11-27T17:13:37.591893-08:00,read,key_40,2.55,false,false,0
2025-11-27T17:13:37.602221-08:00,read,key_657,1.40,false,false,0
2025-11-27T17:13:37.613367-08:00,read,key_112,1.90,false,false,0
2025-11-27T17:13:37.624559-08:00,read,key_706,3.00,false,false,0
2025-11-27T17:13:37.635631-08:00,read,key_409,1.42,true,false,22
2025-11-27T17:13:37.646793-08:00,read,key_121,1.65,false,false,0
2025-11-27T17:13:37.657337-08:00,read,key_175,2.57,false,false,0
2025-11-27T17:13:37.668392-08:00,read,key_249,1.52,false,false,0
2025-11-27T17:13:37.678843-08:00,read,key_299,1.43,false,false,0
2025-11-27T17:13:37.690007-08:00,read,key_231,2.15,false,false,0
2025-11-27T17:13:37.700665-08:00,read,key_363,2.17,false,false,0
2025-11-27T17:13:37.711821-08:00,read,key_867,1.65,false,false,0
2025-11-27T17:13:37.722998-08:00,read,key_221,1.93,false,false,0
2025-11-27T17:13:37.733656-08:00,read,key_743,2.66,false,false,0
2025-11-27T17:13:37.74472-08:00,read,key_625,1.53,false,false,0
2025-11-27T17:13:37.755647-08:00,read,key_447,1.90,false,false,0
2025-11-27T17:13:37.767081-08:00,read,key_27,2.55,false,false,0
2025-11-27T17:13:37.778146-08:00,read,key_361,1.61,false,false,0
2025-11-27T17:13:37.789314-08:00,read,key_110,2.76,false,false,0
2025-11-27T17:13:37.800637-08:00,read,key_113,2.17,false,false,0
2025-11-27T17:13:37.811888-08:00,read,key_41,1.66,true,false,19
2025-11-27T17:13:37.822084-08:00,read,key_544,2.43,false,false,0
2025-11-27T17:13:37.833911-08:00,read,key_409,2.09,true,false,22
2025-11-27T17:13:37.84505-08:00,read,key_818,1.44,false,false,0
2025-11-27T17:13:37.855553-08:00,read,key_254,1.93,false,false,0
2025-11-27T17:13:37.866909-08:00,read,key_437,2.21,false,false,0
2025-11-27T17:13:37.877963-08:00,read,key_208,1.81,false,false,0
2025-11-27T17:13:37.888985-08:00,read,key_31,1.49,false,false,0
2025-11-27T17:13:37.899941-08:00,read,key_243,2.14,false,false,0
2025-11-27T17:13:37.911057-08:00,read,key_431,1.62,false,false,0
2025-11-27T17:13:37.921863-08:00,read,key_704,1.65,false,false,0
2025-11-27T17:13:37.933019-08:00,read,key_63,3.04,false,false,0
2025-11-27T17:13:37.943632-08:00,read,key_662,1.60,false,false,0
2025-11-27T17:13:37.954814-08:00,read,key_222,1.65,false,false,0
2025-11-27T17:13:37.966569-08:00,read,key_333,2.89,false,false,0
2025-11-27T17:13:37.977177-08:00,read,key_623,1.63,false,false,0
2025-11-27T17:13:37.988344-08:00,read,key_958,1.56,false,false,0
2025-11-27T17:13:37.999529-08:00,read,key_431,2.77,false,false,0
2025-11-27T17:13:38.010608-08:00,read,key_168,1.67,false,false,0
2025-11-27T17:13:38.021722-08:00,read,key_20,1.60,false,false,0
2025-11-27T17:13:38.033151-08:00,read,key_137,3.13,false,false,0
2025-11-27T17:13:38.044784-08:00,read,key_643,1.76,false,false,0
2025-11-27T17:13:38.055511-08:00,read,key_276,1.92,false,false,0
2025-11-27T17:13:38.066627-08:00,read,key_727,2.72,false,false,0
2025-11-27T17:13:38.07723-08:00,read,key_175,1.58,false,false,0
2025-11-27T17:13:38.08792-08:00,read,key_678,1.96,false,false,0
2025-11-27T17:13:38.099068-08:00,read,key_661,2.72,false,false,0
2025-11-27T17:13:38.110127-08:00,read,key_286,1.52,false,false,0
2025-11-27T17:13:38.120932-08:00,read,key_463,1.82,false,false,0
2025-11-27T17:13:38.132081-08:00,read,key_512,2.81,false,false,0
2025-11-27T17:13:38.143136-08:00,read,key_13,1.59,false,false,0
2025-11-27T17:13:38.154288-08:00,read,key_656,1.75,false,false,0
2025-11-27T17:13:38.164703-08:00,read,key_678,2.03,false,false,0
2025-11-27T17:13:38.176352-08:00,read,key_185,2.18,false,false,0
2025-11-27T17:13:38.187475-08:00,read,key_784,2.09,true,false,21
2025-11-27T17:13:38.197712-08:00,read,key_308,1.66,false,false,0
2025-11-27T17:13:38.208422-08:00,read,key_320,2.57,false,false,0
2025-11-27T17:13:38.219494-08:00,read,key_268,1.58,false,false,0
2025-11-27T17:13:38.230656-08:00,read,key_900,1.83,false,false,0
2025-11-27T17:13:38.240898-08:00,read,key_70,3.14,false,false,0
2025-11-27T17:13:38.251526-08:00,read,key_331,1.76,false,false,0
2025-11-27T17:13:38.26269-08:00,read,key_291,1.97,false,false,0
2025-11-27T17:13:38.273953-08:00,read,key_497,2.61,false,false,0
2025-11-27T17:13:38.284311-08:00,read,key_545,1.50,false,false,0
2025-11-27T17:13:38.295476-08:00,read,key_786,2.02,false,false,0
2025-11-27T17:13:38.306642-08:00,read,key_841,2.98,false,false,0
2025-11-27T17:13:38.317895-08:00,read,key_957,1.60,false,false,0
2025-11-27T17:13:38.328629-08:00,read,key_404,1.55,false,false,0
2025-11-27T17:13:38.339833-08:00,read,key_676,2.17,false,false,0
2025-11-27T17:13:38.351409-08:00,read,key_262,1.70,false,false,0
2025-11-27T17:13:38.362538-08:00,read,key_98,1.63,false,false,0
2025-11-27T17:13:38.373731-08:00,read,key_411,2.19,false,false,0
2025-11-27T17:13:38.383965-08:00,read,key_438,2.05,false,false,0
2025-11-27T17:13:38.395108-08:00,read,key_595,1.60,false,false,0
2025-11-27T17:13:38.405894-08:00,read,key_971,1.83,false,false,0
2025-11-27T17:13:38.4167-08:00,read,key_548,1.53,false,false,0
2025-11-27T17:13:38.426942-08:00,read,key_589,1.46,false,false,0
2025-11-27T17:13:38.43801-08:00,read,key_970,1.78,false,false,0
2025-11-27T17:13:38.449719-08:00,read,key_144,2.57,false,false,0
2025-11-27T17:13:38.460782-08:00,read,key_253,1.58,false,false,0
2025-11-27T17:13:38.471909-08:00,read,key_413,1.94,false,false,0
2025-11-27T17:13:38.482299-08:00,read,key_160,3.04,false,false,0
2025-11-27T17:13:38.493387-08:00,read,key_962,1.42,false,false,0
2025-11-27T17:13:38.504713-08:00,read,key_599,1.75,false,false,0
2025-11-27T17:13:38.51565-08:00,read,key_188,2.83,false,false,0
2025-11-27T17:13:38.526757-08:00,read,key_262,1.52,false,false,0
2025-11-27T17:13:38.537956-08:00,read,key_434,1.93,false,false,0
2025-11-27T17:13:38.549179-08:00,read,key_857,3.14,false,false,0
2025-11-27T17:13:38.559974-08:00,read,key_837,1.54,false,false,0
2025-11-27T17:13:38.570168-08:00,read,key_769,2.00,false,false,0
2025-11-27T17:13:38.580615-08:00,read,key_221,1.56,false,false,0
2025-11-27T17:13:38.593155-08:00,read,key_670,1.81,false,false,0
2025-11-27T17:13:38.604309-08:00,read,key_864,2.25,false,false,0
2025-11-27T17:13:38.615098-08:00,read,key_664,2.97,false,false,0
2025-11-27T17:13:38.626521-08:00,read,key_288,2.12,false,false,0
2025-11-27T17:13:38.637621-08:00,read,key_128,2.35,false,false,0
2025-11-27T17:13:38.648751-08:00,read,key_366,3.73,false,false,0
2025-11-27T17:13:38.659725-08:00,read,key_300,1.49,false,false,0
2025-11-27T17:13:38.670305-08:00,read,key_906,1.71,false,false,0
2025-11-27T17:13:38.681447-08:00,read,key_676,1.37,false,false,0
2025-11-27T17:13:38.692718-08:00,read,key_227,1.72,false,false,0
2025-11-27T17:13:38.703849-08:00,read,key_378,2.00,false,false,0
2025-11-27T17:13:38.715014-08:00,read,key_986,3.71,false,false,0
2025-11-27T17:13:38.725516-08:00,read,key_660,2.22,false,false,0
2025-11-27T17:13:38.735857-08:00,read,key_19,1.36,false,false,0
2025-11-27T17:13:38.746494-08:00,read,key_646,1.72,false,false,0
2025-11-27T17:13:38.757724-08:00,read,key_674,3.09,false,false,0
2025-11-27T17:13:38.768704-08:00,read,key_265,1.42,false,false,0
2025-11-27T17:13:38.779867-08:00,read,key_639,2.09,false,false,0
2025-11-27T17:13:38.791063-08:00,read,key_130,3.03,false,false,0
2025-11-27T17:13:38.802108-08:00,read,key_426,1.39,false,false,0
2025-11-27T17:13:38.813209-08:00,read,key_760,1.96,false,false,0
2025-11-27T17:13:38.824472-08:00,read,key_626,3.09,false,false,0
2025-11-27T17:13:38.835222-08:00,read,key_144,1.52,false,false,0
2025-11-27T17:13:38.846341-08:00,read,key_185,1.69,false,false,0
2025-11-27T17:13:38.857325-08:00,read,key_281,2.49,false,false,0
2025-11-27T17:13:38.867925-08:00,read,key_621,1.59,false,false,0
2025-11-27T17:13:38.879103-08:00,read,key_860,1.87,false,false,0
2025-11-27T17:13:38.890234-08:00,read,key_36,2.18,false,false,0
2025-11-27T17:13:38.901316-08:00,read,key_284,1.67,false,false,0
2025-11-27T17:13:38.911757-08:00,read,key_708,1.80,false,false,0
2025-11-27T17:13:38.922862-08:00,read,key_793,2.81,true,false,10
2025-11-27T17:13:38.933884-08:00,read,key_477,2.33,false,false,0
2025-11-27T17:13:38.944835-08:00,read,key_11,1.89,false,false,0
2025-11-27T17:13:38.955602-08:00,read,key_237,1.63,false,false,0
2025-11-27T17:13:38.96612-08:00,read,key_954,2.68,false,false,0
2025-11-27T17:13:38.977258-08:00,read,key_913,1.53,false,false,0
2025-11-27T17:13:38.987708-08:00,read,key_561,1.93,false,false,0
2025-11-27T17:13:38.998902-08:00,read,key_280,2.57,false,false,0
2025-11-27T17:13:39.010058-08:00,read,key_860,1.73,false,false,0
2025-11-27T17:13:39.020957-08:00,read,key_711,2.04,false,false,0
2025-11-27T17:13:39.032144-08:00,read,key_307,2.86,false,false,0
2025-11-27T17:13:39.04299-08:00,read,key_352,1.59,false,false,0
2025-11-27T17:13:39.054128-08:00,read,key_81,1.80,false,false,0
2025-11-27T17:13:39.065345-08:00,read,key_119,2.70,false,false,0
2025-11-27T17:13:39.075742-08:00,read,key_47,3.43,false,false,0
2025-11-27T17:13:39.086689-08:00,read,key_105,1.99,false,false,0
2025-11-27T17:13:39.09733-08:00,read,key_15,1.46,false,false,0
2025-11-27T17:13:39.108434-08:00,read,key_790,2.64,false,false,0
2025-11-27T17:13:39.119479-08:00,read,key_965,1.69,false,false,0
2025-11-27T17:13:39.130489-08:00,read,key_426,1.51,false,false,0
2025-11-27T17:13:39.141553-08:00,read,key_636,3.47,false,false,0
2025-11-27T17:13:39.152497-08:00,read,key_693,1.49,false,false,0
2025-11-27T17:13:39.16314-08:00,read,key_613,1.91,false,false,0
2025-11-27T17:13:39.174069-08:00,read,key_599,2.99,false,false,0
2025-11-27T17:13:39.184665-08:00,read,key_108,1.77,false,false,0
2025-11-27T17:13:39.19579-08:00,read,key_646,1.72,false,false,0
2025-11-27T17:13:39.209159-08:00,read,key_784,4.35,true,false,21
2025-11-27T17:13:39.220066-08:00,read,key_697,2.62,false,false,0
2025-11-27T17:13:39.231261-08:00,read,key_413,2.22,false,false,0
2025-11-27T17:13:39.241633-08:00,read,key_630,3.35,false,false,0
2025-11-27T17:13:39.251955-08:00,read,key_923,1.52,false,false,0
2025-11-27T17:13:39.262648-08:00,read,key_434,2.00,false,false,0
2025-11-27T17:13:39.273964-08:00,read,key_482,2.87,false,false,0
2025-11-27T17:13:39.284983-08:00,read,key_138,1.83,false,false,0
2025-11-27T17:13:39.296119-08:00,read,key_485,1.67,false,false,0
2025-11-27T17:13:39.307276-08:00,read,key_425,2.32,false,false,0
2025-11-27T17:13:39.318086-08:00,read,key_97,2.04,false,false,0
2025-11-27T17:13:39.328645-08:00,read,key_8,1.63,false,false,0
2025-11-27T17:13:39.339786-08:00,read,key_7,1.56,false,false,0
2025-11-27T17:13:39.350971-08:00,read,key_21,1.65,false,false,0
2025-11-27T17:13:39.361979-08:00,read,key_413,2.65,false,false,0
2025-11-27T17:13:39.373002-08:00,read,key_499,1.69,false,false,0
2025-11-27T17:13:39.383639-08:00,read,key_772,2.23,false,false,0
2025-11-27T17:13:39.39385-08:00,read,key_639,1.73,false,false,0
2025-11-27T17:13:39.405054-08:00,read,key_20,1.60,false,false,0
2025-11-27T17:13:39.416231-08:00,read,key_790,3.74,false,false,0
2025-11-27T17:13:39.426729-08:00,read,key_799,1.84,false,false,0
2025-11-27T17:13:39.437915-08:00,read,key_847,1.85,false,false,0
2025-11-27T17:13:39.448958-08:00,read,key_783,2.87,false,false,0
2025-11-27T17:13:39.460274-08:00,read,key_547,1.36,false,false,0
2025-11-27T17:13:39.471487-08:00,read,key_925,2.14,false,false,0
2025-11-27T17:13:39.482599-08:00,read,key_350,2.81,false,false,0
2025-11-27T17:13:39.493697-08:00,read,key_788,1.67,false,false,0
2025-11-27T17:13:39.504864-08:00,read,key_334,2.05,false,false,0
2025-11-27T17:13:39.516064-08:00,read,key_75,3.37,false,false,0
2025-11-27T17:13:39.526987-08:00,read,key_775,1.43,false,false,0
2025-11-27T17:13:39.537376-08:00,read,key_852,2.15,false,false,0
2025-11-27T17:13:39.548512-08:00,read,key_109,3.23,false,false,0
2025-11-27T17:13:39.559605-08:00,read,key_421,1.88,false,false,0
2025-11-27T17:13:39.570306-08:00,read,key_381,2.00,false,false,0
2025-11-27T17:13:39.581463-08:00,read,key_546,2.29,false,false,0
2025-11-27T17:13:39.592883-08:00,read,key_204,1.73,false,false,0
2025-11-27T17:13:39.603236-08:00,read,key_605,1.76,false,false,0
2025-11-27T17:13:39.61443-08:00,read,key_450,1.55,false,false,0
2025-11-27T17:13:39.625557-08:00,read,key_315,2.81,false,false,0
2025-11-27T17:13:39.636285-08:00,read,key_153,2.03,false,false,0
2025-11-27T17:13:39.64753-08:00,read,key_527,2.04,false,false,0
2025-11-27T17:13:39.657993-08:00,read,key_846,2.67,false,false,0
2025-11-27T17:13:39.669072-08:00,read,key_583,1.55,false,false,0
2025-11-27T17:13:39.679695-08:00,read,key_460,1.66,true,false,17
2025-11-27T17:13:39.690886-08:00,read,key_150,2.48,false,false,0
2025-11-27T17:13:39.701939-08:00,read,key_54,1.65,false,false,0
2025-11-27T17:13:39.712524-08:00,read,key_340,1.50,false,false,0
2025-11-27T17:13:39.723724-08:00,read,key_235,2.79,false,false,0
2025-11-27T17:13:39.734392-08:00,read,key_518,1.42,false,false,0
2025-11-27T17:13:39.745373-08:00,read,key_699,1.87,false,false,0
2025-11-27T17:13:39.756491-08:00,read,key_172,2.81,false,false,0
2025-11-27T17:13:39.768126-08:00,read,key_267,1.69,false,false,0
2025-11-27T17:13:39.77882-08:00,read,key_6,1.94,false,false,0
2025-11-27T17:13:39.789517-08:00,read,key_513,2.12,false,false,0
2025-11-27T17:13:39.800677-08:00,read,key_587,2.65,false,false,0
2025-11-27T17:13:39.81149-08:00,read,key_546,1.67,false,false,0
2025-11-27T17:13:39.822128-08:00,read,key_663,2.54,false,false,0
2025-11-27T17:13:39.833339-08:00,read,key_667,2.67,false,false,0
2025-11-27T17:13:39.844436-08:00,read,key_474,1.99,false,false,0
2025-11-27T17:13:39.855024-08:00,read,key_91,2.07,false,false,0
2025-11-27T17:13:39.865382-08:00,read,key_674,2.88,false,false,0
2025-11-27T17:13:39.876433-08:00,read,key_490,1.74,false,false,0
2025-11-27T17:13:39.887579-08:00,read,key_762,1.93,false,false,0
2025-11-27T17:13:39.898788-08:00,read,key_94,3.03,false,false,0
2025-11-27T17:13:39.910056-08:00,read,key_233,1.66,false,false,0
2025-11-27T17:13:39.921275-08:00,read,key_833,2.02,false,false,0
2025-11-27T17:13:39.932431-08:00,read,key_271,3.01,false,false,0
2025-11-27T17:13:39.943451-08:00,read,key_391,1.72,false,false,0
2025-11-27T17:13:39.954235-08:00,read,key_278,1.76,false,false,0
2025-11-27T17:13:39.965455-08:00,read,key_562,2.75,false,false,0
2025-11-27T17:13:39.976494-08:00,read,key_357,1.65,false,false,0
2025-11-27T17:13:39.986958-08:00,read,key_137,2.14,false,false,0
2025-11-27T17:13:39.998222-08:00,read,key_222,2.15,false,false,0
2025-11-27T17:13:40.009011-08:00,read,key_134,2.25,false,false,0
2025-11-27T17:13:40.020193-08:00,read,key_814,2.58,false,false,0
2025-11-27T17:13:40.031276-08:00,read,key_471,2.13,false,false,0
2025-11-27T17:13:40.042068-08:00,read,key_869,2.37,false,false,0
2025-11-27T17:13:40.053218-08:00,read,key_481,1.80,false,false,0
2025-11-27T17:13:40.064114-08:00,read,key_674,1.38,false,false,0
2025-11-27T17:13:40.075184-08:00,read,key_593,2.34,false,false,0
2025-11-27T17:13:40.086286-08:00,read,key_69,1.56,false,false,0
2025-11-27T17:13:40.097505-08:00,read,key_402,2.13,false,false,0
2025-11-27T17:13:40.108547-08:00,read,key_647,2.78,false,false,0
2025-11-27T17:13:40.119504-08:00,read,key_791,2.02,false,false,0
2025-11-27T17:13:40.130383-08:00,read,key_251,1.82,false,false,0
2025-11-27T17:13:40.140915-08:00,read,key_879,2.81,false,false,0
2025-11-27T17:13:40.152004-08:00,read,key_849,2.03,false,false,0
2025-11-27T17:13:40.163109-08:00,read,key_273,1.89,false,false,0
2025-11-27T17:13:40.174285-08:00,read,key_225,2.96,false,false,0
2025-11-27T17:13:40.185376-08:00,read,key_182,1.77,false,false,0
2025-11-27T17:13:40.196506-08:00,read,key_588,1.94,false,false,0
2025-11-27T17:13:40.206886-08:00,read,key_265,2.85,false,false,0
2025-11-27T17:13:40.217997-08:00,read,key_738,1.64,false,false,0
2025-11-27T17:13:40.229148-08:00,read,key_769,1.59,false,false,0
2025-11-27T17:13:40.240342-08:00,read,key_712,2.74,false,false,0
2025-11-27T17:13:40.25141-08:00,read,key_729,1.81,false,false,0
2025-11-27T17:13:40.262558-08:00,read,key_360,1.56,false,false,0
2025-11-27T17:13:40.273685-08:00,read,key_35,2.73,false,false,0
2025-11-27T17:13:40.284783-08:00,read,key_910,1.67,false,false,0
2025-11-27T17:13:40.295937-08:00,read,key_291,1.39,false,false,0
2025-11-27T17:13:40.307044-08:00,read,key_39,2.43,false,false,0
2025-11-27T17:13:40.318237-08:00,read,key_3,1.70,false,false,0
2025-11-27T17:13:40.32851-08:00,read,key_126,1.57,false,false,0
2025-11-27T17:13:40.339727-08:00,read,key_912,1.95,false,false,0
2025-11-27T17:13:40.35083-08:00,read,key_577,1.49,false,false,0
2025-11-27T17:13:40.361559-08:00,read,key_588,1.59,false,false,0
2025-11-27T17:13:40.371808-08:00,read,key_605,1.84,false,false,0
2025-11-27T17:13:40.382478-08:00,read,key_839,2.26,false,false,0
2025-11-27T17:13:40.394148-08:00,read,key_72,1.55,false,false,0
2025-11-27T17:13:40.405313-08:00,read,key_402,1.85,false,false,0
2025-11-27T17:13:40.416854-08:00,read,key_281,2.53,false,false,0
2025-11-27T17:13:40.427907-08:00,read,key_400,1.55,false,false,0
2025-11-27T17:13:40.438627-08:00,read,key_213,1.82,false,false,0
2025-11-27T17:13:40.44928-08:00,read,key_704,2.45,false,false,0
2025-11-27T17:13:40.460359-08:00,read,key_294,1.78,false,false,0
2025-11-27T17:13:40.471529-08:00,read,key_835,1.79,false,false,0
2025-11-27T17:13:40.481925-08:00,read,key_912,2.18,false,false,0
2025-11-27T17:13:40.493157-08:00,read,key_869,1.78,false,false,0
2025-11-27T17:13:40.504381-08:00,read,key_214,1.89,false,false,0
2025-11-27T17:13:40.51556-08:00,read,key_250,2.39,false,false,0
2025-11-27T17:13:40.526723-08:00,read,key_587,1.57,false,false,0
2025-11-27T17:13:40.536952-08:00,read,key_112,1.35,false,false,0
2025-11-27T17:13:40.54821-08:00,read,key_432,1.43,false,false,0
2025-11-27T17:13:40.559694-08:00,read,key_334,2.05,false,false,0
2025-11-27T17:13:40.570832-08:00,read,key_367,1.46,false,false,0
2025-11-27T17:13:40.582063-08:00,read,key_385,2.90,false,false,0
2025-11-27T17:13:40.593078-08:00,read,key_780,1.66,false,false,0
2025-11-27T17:13:40.604218-08:00,read,key_160,1.54,false,false,0
2025-11-27T17:13:40.615353-08:00,read,key_722,2.86,false,false,0
2025-11-27T17:13:40.626508-08:00,read,key_208,1.82,false,false,0
2025-11-27T17:13:40.637503-08:00,read,key_234,1.61,false,false,0
2025-11-27T17:13:40.648671-08:00,read,key_683,2.90,false,false,0
2025-11-27T17:13:40.659727-08:00,read,key_703,1.67,false,false,0
2025-11-27T17:13:40.670814-08:00,read,key_10,1.50,false,false,0
2025-11-27T17:13:40.682036-08:00,read,key_263,2.24,false,false,0
2025-11-27T17:13:40.693209-08:00,read,key_938,1.71,false,false,0
2025-11-27T17:13:40.704328-08:00,read,key_405,1.41,false,false,0
2025-11-27T17:13:40.71548-08:00,read,key_736,2.89,false,false,0
2025-11-27T17:13:40.726934-08:00,read,key_976,1.92,false,false,0
2025-11-27T17:13:40.738086-08:00,read,key_287,1.57,false,false,0
2025-11-27T17:13:40.749424-08:00,read,key_482,2.72,false,false,0
2025-11-27T17:13:40.760462-08:00,read,key_621,1.46,false,false,0
2025-11-27T17:13:40.771628-08:00,read,key_313,1.60,false,false,0
2025-11-27T17:13:40.782302-08:00,read,key_10,2.68,false,false,0
2025-11-27T17:13:40.793336-08:00,read,key_310,1.56,false,false,0
2025-11-27T17:13:40.804493-08:00,read,key_586,1.76,false,false,0
2025-11-27T17:13:40.815733-08:00,read,key_267,2.27,false,false,0
2025-11-27T17:13:40.82683-08:00,read,key_49,1.47,false,false,0
2025-11-27T17:13:40.837166-08:00,read,key_565,1.53,false,false,0
2025-11-27T17:13:40.848317-08:00,read,key_361,2.41,false,false,0
2025-11-27T17:13:40.858935-08:00,read,key_43,2.37,false,false,0
2025-11-27T17:13:40.870122-08:00,read,key_513,1.71,false,false,0
2025-11-27T17:13:40.880267-08:00,read,key_125,1.66,false,false,0
2025-11-27T17:13:40.891506-08:00,read,key_821,2.34,false,false,0
2025-11-27T17:13:40.902125-08:00,read,key_986,1.25,false,false,0
2025-11-27T17:13:40.913256-08:00,read,key_326,1.27,false,false,0
2025-11-27T17:13:40.925186-08:00,read,key_307,1.59,false,false,0
2025-11-27T17:13:40.935439-08:00,read,key_462,1.36,false,false,0
2025-11-27T17:13:40.946546-08:00,read,key_136,1.30,false,false,0
2025-11-27T17:13:40.957732-08:00,read,key_489,2.24,false,false,0
2025-11-27T17:13:40.968851-08:00,read,key_349,1.52,false,false,0
2025-11-27T17:13:40.980034-08:00,read,key_466,1.82,false,false,0
2025-11-27T17:13:40.991303-08:00,read,key_21,2.70,false,false,0
2025-11-27T17:13:41.002643-08:00,read,key_45,1.71,false,false,0
2025-11-27T17:13:41.013644-08:00,read,key_765,2.02,false,false,0
2025-11-27T17:13:41.02489-08:00,read,key_657,2.91,false,false,0
2025-11-27T17:13:41.035917-08:00,read,key_433,1.41,false,false,0
2025-11-27T17:13:41.046936-08:00,read,key_306,1.89,false,false,0
2025-11-27T17:13:41.058726-08:00,read,key_676,2.68,false,false,0
2025-11-27T17:13:41.069235-08:00,read,key_764,1.50,false,false,0
2025-11-27T17:13:41.080318-08:00,read,key_815,1.65,false,false,0
2025-11-27T17:13:41.091583-08:00,read,key_437,2.69,false,false,0
2025-11-27T17:13:41.102675-08:00,read,key_242,1.66,false,false,0
2025-11-27T17:13:41.113638-08:00,read,key_960,1.76,false,false,0
2025-11-27T17:13:41.124852-08:00,read,key_791,2.45,false,false,0
2025-11-27T17:13:41.135864-08:00,read,key_240,1.51,false,false,0
2025-11-27T17:13:41.147016-08:00,read,key_548,1.41,false,false,0
2025-11-27T17:13:41.158225-08:00,read,key_997,2.54,false,false,0
2025-11-27T17:13:41.168522-08:00,read,key_612,1.51,false,false,0
2025-11-27T17:13:41.179675-08:00,read,key_850,1.47,false,false,0
2025-11-27T17:13:41.190353-08:00,read,key_760,3.22,false,false,0
2025-11-27T17:13:41.201403-08:00,read,key_309,1.87,false,false,0
2025-11-27T17:13:41.211889-08:00,read,key_104,1.37,false,false,0
2025-11-27T17:13:41.22317-08:00,read,key_121,2.17,false,false,0
2025-11-27T17:13:41.234754-08:00,read,key_225,1.84,false,false,0
2025-11-27T17:13:41.245868-08:00,read,key_773,1.54,false,false,0
2025-11-27T17:13:41.257073-08:00,read,key_480,2.85,false,false,0
2025-11-27T17:13:41.268291-08:00,read,key_346,1.66,false,false,0
2025-11-27T17:13:41.279492-08:00,read,key_517,1.83,false,false,0
2025-11-27T17:13:41.291558-08:00,read,key_469,2.56,false,false,0
2025-11-27T17:13:41.302721-08:00,read,key_434,1.77,false,false,0
2025-11-27T17:13:41.313747-08:00,read,key_26,1.64,false,false,0
2025-11-27T17:13:41.324522-08:00,read,key_817,2.10,false,false,0
2025-11-27T17:13:41.335709-08:00,read,key_735,1.84,false,false,0
2025-11-27T17:13:41.346136-08:00,read,key_699,1.49,false,false,0
2025-11-27T17:13:41.357653-08:00,read,key_604,2.44,false,false,0
2025-11-27T17:13:41.368785-08:00,read,key_776,2.01,false,false,0
2025-11-27T17:13:41.37991-08:00,read,key_814,1.60,false,false,0
2025-11-27T17:13:41.391105-08:00,read,key_279,2.17,false,false,0
2025-11-27T17:13:41.402251-08:00,read,key_602,1.68,false,false,0
2025-11-27T17:13:41.412997-08:00,read,key_134,1.51,false,false,0
2025-11-27T17:13:41.424428-08:00,read,key_490,1.65,false,false,0
2025-11-27T17:13:41.435543-08:00,read,key_768,1.50,false,false,0
2025-11-27T17:13:41.445829-08:00,read,key_74,1.73,false,false,0
2025-11-27T17:13:41.457065-08:00,read,key_164,2.53,false,false,0
2025-11-27T17:13:41.468189-08:00,read,key_526,1.69,false,false,0
2025-11-27T17:13:41.479324-08:00,read,key_970,1.95,false,false,0
2025-11-27T17:13:41.490492-08:00,read,key_128,2.97,false,false,0
2025-11-27T17:13:41.501068-08:00,read,key_909,1.60,false,false,0
2025-11-27T17:13:41.511882-08:00,read,key_859,1.43,false,false,0
2025-11-27T17:13:41.522031-08:00,read,key_988,2.11,true,false,21
2025-11-27T17:13:41.533212-08:00,read,key_711,3.14,false,false,0
2025-11-27T17:13:41.544261-08:00,read,key_674,1.72,false,false,0
2025-11-27T17:13:41.555405-08:00,read,key_292,1.72,true,false,2
2025-11-27T17:13:41.566902-08:00,read,key_12,2.93,false,false,0
2025-11-27T17:13:41.577994-08:00,read,key_328,1.50,false,false,0
2025-11-27T17:13:41.588498-08:00,read,key_658,1.44,false,false,0
2025-11-27T17:13:41.599647-08:00,read,key_782,2.91,false,false,0
2025-11-27T17:13:41.610192-08:00,read,key_643,1.50,false,false,0
2025-11-27T17:13:41.621317-08:00,read,key_181,1.57,false,false,0
2025-11-27T17:13:41.632494-08:00,read,key_862,2.71,false,false,0
2025-11-27T17:13:41.64433-08:00,read,key_230,1.48,false,false,0
2025-11-27T17:13:41.655475-08:00,read,key_860,1.93,false,false,0
2025-11-27T17:13:41.666766-08:00,read,key_900,2.92,false,false,0
2025-11-27T17:13:41.67726-08:00,read,key_700,1.69,false,false,0
2025-11-27T17:13:41.688461-08:00,read,key_413,1.94,false,false,0
2025-11-27T17:13:41.698655-08:00,read,key_166,2.80,false,false,0
2025-11-27T17:13:41.70973-08:00,read,key_828,1.63,false,false,0
2025-11-27T17:13:41.720873-08:00,read,key_545,1.44,false,false,0
2025-11-27T17:13:41.732051-08:00,read,key_587,3.59,false,false,0
2025-11-27T17:13:41.743026-08:00,read,key_676,1.55,false,false,0
2025-11-27T17:13:41.753237-08:00,read,key_258,1.46,false,false,0
2025-11-27T17:13:41.76439-08:00,read,key_119,1.48,false,false,0
2025-11-27T17:13:41.77483-08:00,read,key_136,2.82,false,false,0
2025-11-27T17:13:41.785162-08:00,read,key_189,1.43,false,false,0
2025-11-27T17:13:41.796293-08:00,read,key_989,1.58,false,false,0
2025-11-27T17:13:41.80756-08:00,read,key_326,2.94,false,false,0
2025-11-27T17:13:41.818185-08:00,read,key_285,1.86,false,false,0
2025-11-27T17:13:41.829332-08:00,read,key_691,1.85,false,false,0
2025-11-27T17:13:41.840489-08:00,read,key_430,3.00,false,false,0
2025-11-27T17:13:41.851288-08:00,read,key_61,1.37,false,false,0
2025-11-27T17:13:41.862386-08:00,read,key_819,1.51,false,false,0
2025-11-27T17:13:41.873526-08:00,read,key_409,2.68,true,false,22
2025-11-27T17:13:41.884635-08:00,read,key_914,1.62,false,false,0
2025-11-27T17:13:41.895319-08:00,read,key_560,1.32,false,false,0
2025-11-27T17:13:41.906368-08:00,read,key_623,1.72,false,false,0
2025-11-27T17:13:41.916837-08:00,read,key_723,2.27,false,false,0
2025-11-27T17:13:41.927941-08:00,read,key_94,1.78,false,false,0
2025-11-27T17:13:41.938664-08:00,read,key_2,1.46,false,false,0
2025-11-27T17:13:41.950234-08:00,read,key_163,2.04,false,false,0
2025-11-27T17:13:41.961419-08:00,read,key_291,1.62,false,false,0
2025-11-27T17:13:41.972524-08:00,read,key_100,1.29,false,false,0
2025-11-27T17:13:41.984103-08:00,read,key_919,1.53,false,false,0
2025-11-27T17:13:41.994469-08:00,read,key_768,1.52,false,false,0
2025-11-27T17:13:42.00511-08:00,read,key_618,1.57,false,false,0
2025-11-27T17:13:42.015372-08:00,read,key_173,2.90,false,false,0
2025-11-27T17:13:42.026452-08:00,read,key_742,1.88,false,false,0
2025-11-27T17:13:42.037597-08:00,read,key_722,1.59,false,false,0
2025-11-27T17:13:42.048941-08:00,read,key_626,3.30,false,false,0
2025-11-27T17:13:42.059939-08:00,read,key_142,1.71,false,false,0
2025-11-27T17:13:42.070303-08:00,read,key_604,1.62,false,false,0
2025-11-27T17:13:42.081552-08:00,read,key_796,1.76,false,false,0
2025-11-27T17:13:42.091904-08:00,read,key_176,2.56,false,false,0
2025-11-27T17:13:42.102447-08:00,read,key_307,1.61,false,false,0
2025-11-27T17:13:42.113517-08:00,read,key_846,1.41,false,false,0
2025-11-27T17:13:42.124667-08:00,read,key_912,2.79,false,false,0
2025-11-27T17:13:42.135421-08:00,read,key_360,1.33,false,false,0
2025-11-27T17:13:42.145719-08:00,read,key_673,1.43,false,false,0
2025-11-27T17:13:42.156869-08:00,read,key_265,1.95,false,false,0
2025-11-27T17:13:42.16817-08:00,read,key_409,1.89,true,false,22
2025-11-27T17:13:42.178984-08:00,read,key_376,1.51,false,false,0
2025-11-27T17:13:42.190108-08:00,read,key_499,2.85,false,false,0
2025-11-27T17:13:42.201181-08:00,read,key_493,1.72,true,false,10
2025-11-27T17:13:42.21232-08:00,read,key_635,1.42,false,false,0
2025-11-27T17:13:42.223494-08:00,read,key_479,2.98,false,false,0
2025-11-27T17:13:42.234812-08:00,read,key_113,2.02,false,false,0
2025-11-27T17:13:42.245945-08:00,read,key_344,1.43,false,false,0
2025-11-27T17:13:42.257133-08:00,read,key_137,3.27,false,false,0
2025-11-27T17:13:42.268177-08:00,read,key_535,1.48,false,false,0
2025-11-27T17:13:42.279348-08:00,read,key_818,1.74,false,false,0
2025-11-27T17:13:42.290573-08:00,read,key_254,2.69,false,false,0
2025-11-27T17:13:42.301552-08:00,read,key_374,1.47,false,false,0
2025-11-27T17:13:42.31217-08:00,read,key_854,1.45,false,false,0
2025-11-27T17:13:42.323305-08:00,read,key_293,1.90,false,false,0
2025-11-27T17:13:42.334716-08:00,read,key_970,1.73,false,false,0
2025-11-27T17:13:42.345774-08:00,read,key_639,1.65,false,false,0
2025-11-27T17:13:42.35702-08:00,read,key_351,2.54,false,false,0
2025-11-27T17:13:42.368096-08:00,read,key_106,1.75,false,false,0
2025-11-27T17:13:42.378745-08:00,read,key_185,1.94,false,false,0
2025-11-27T17:13:42.389925-08:00,read,key_281,3.63,false,false,0
2025-11-27T17:13:42.401238-08:00,read,key_401,1.83,false,false,0
2025-11-27T17:13:42.412389-08:00,read,key_661,1.86,false,false,0
2025-11-27T17:13:42.423517-08:00,read,key_154,4.02,false,false,0
2025-11-27T17:13:42.434396-08:00,read,key_791,1.32,false,false,0
2025-11-27T17:13:42.445531-08:00,read,key_319,1.77,false,false,0
2025-11-27T17:13:42.455911-08:00,read,key_343,2.17,false,false,0
2025-11-27T17:13:42.4669-08:00,read,key_4,2.82,false,false,0
2025-11-27T17:13:42.477102-08:00,read,key_915,1.31,false,false,0
2025-11-27T17:13:42.488285-08:00,read,key_168,1.92,false,false,0
2025-11-27T17:13:42.499455-08:00,read,key_793,3.61,true,false,10
2025-11-27T17:13:42.510454-08:00,read,key_123,2.29,false,false,0
2025-11-27T17:13:42.521585-08:00,read,key_157,1.69,false,false,0
2025-11-27T17:13:42.532823-08:00,read,key_179,2.81,false,false,0
2025-11-27T17:13:42.543925-08:00,read,key_139,1.54,false,false,0
2025-11-27T17:13:42.555024-08:00,read,key_155,1.67,false,false,0
2025-11-27T17:13:42.566142-08:00,read,key_853,2.75,false,false,0
2025-11-27T17:13:42.577274-08:00,read,key_228,1.95,false,false,0
2025-11-27T17:13:42.58842-08:00,read,key_194,2.22,false,false,0
2025-11-27T17:13:42.600441-08:00,read,key_966,1.52,false,false,0
2025-11-27T17:13:42.61137-08:00,read,key_735,1.46,false,false,0
2025-11-27T17:13:42.621937-08:00,read,key_307,1.72,false,false,0
2025-11-27T17:13:42.633082-08:00,read,key_988,2.77,true,false,21
2025-11-27T17:13:42.643656-08:00,read,key_960,1.71,false,false,0
2025-11-27T17:13:42.654882-08:00,read,key_766,1.92,false,false,0
2025-11-27T17:13:42.66609-08:00,read,key_213,2.85,false,false,0
2025-11-27T17:13:42.677204-08:00,read,key_287,1.82,false,false,0
2025-11-27T17:13:42.688103-08:00,read,key_460,1.54,true,false,17
2025-11-27T17:13:42.710573-08:00,read,key_586,1.78,false,false,0
2025-11-27T17:13:42.721747-08:00,read,key_811,1.97,false,false,0
2025-11-27T17:13:42.732688-08:00,read,key_700,2.44,false,false,0
2025-11-27T17:13:42.74381-08:00,read,key_383,1.38,false,false,0
2025-11-27T17:13:42.75507-08:00,read,key_78,2.01,false,false,0
2025-11-27T17:13:42.766584-08:00,read,key_166,2.48,false,false,0
2025-11-27T17:13:42.77766-08:00,read,key_640,1.66,false,false,0
2025-11-27T17:13:42.788826-08:00,read,key_258,2.01,false,false,0
2025-11-27T17:13:42.8001-08:00,read,key_518,3.29,false,false,0
2025-11-27T17:13:42.811138-08:00,read,key_247,1.79,false,false,0
2025-11-27T17:13:42.822301-08:00,read,key_17,1.93,false,false,0
2025-11-27T17:13:42.83362-08:00,read,key_136,2.78,false,false,0
2025-11-27T17:13:42.844709-08:00,read,key_28,2.38,false,false,0
2025-11-27T17:13:42.855177-08:00,read,key_762,1.52,false,false,0
2025-11-27T17:13:42.866352-08:00,read,key_242,1.92,false,false,0
2025-11-27T17:13:42.877515-08:00,read,key_648,1.65,false,false,0
2025-11-27T17:13:42.888626-08:00,read,key_918,1.11,false,false,0
2025-11-27T17:13:42.898826-08:00,read,key_844,0.86,false,false,0
2025-11-27T17:13:42.909562-08:00,read,key_236,1.95,false,false,0
2025-11-27T17:13:42.920696-08:00,read,key_517,0.78,false,false,0
2025-11-27T17:13:42.931811-08:00,read,key_351,0.70,false,false,0
2025-11-27T17:13:42.943065-08:00,read,key_204,0.91,false,false,0
2025-11-27T17:13:42.953574-08:00,read,key_431,0.74,false,false,0
2025-11-27T17:13:42.963883-08:00,read,key_95,0.85,false,false,0
2025-11-27T17:13:42.974883-08:00,read,key_408,0.90,false,false,0
2025-11-27T17:13:42.986034-08:00,read,key_478,0.78,false,false,0
2025-11-27T17:13:42.997246-08:00,read,key_344,0.78,false,false,0
2025-11-27T17:13:42.699285-08:00,write,key_299,306.29,true,false,26
2025-11-27T17:13:43.007634-08:00,read,key_683,1.23,false,false,0
2025-11-27T17:13:43.018911-08:00,read,key_784,1.77,true,false,21
2025-11-27T17:13:43.03007-08:00,read,key_177,1.66,false,false,0
2025-11-27T17:13:43.041261-08:00,read,key_416,2.34,false,false,0
2025-11-27T17:13:43.052422-08:00,read,key_690,1.92,false,false,0
2025-11-27T17:13:43.063579-08:00,read,key_733,1.79,false,false,0
2025-11-27T17:13:43.074826-08:00,read,key_851,2.80,false,false,0
2025-11-27T17:13:43.085108-08:00,read,key_147,1.43,false,false,0
2025-11-27T17:13:43.096246-08:00,read,key_401,1.49,false,false,0
2025-11-27T17:13:43.107425-08:00,read,key_479,2.92,false,false,0
2025-11-27T17:13:43.11806-08:00,read,key_85,1.86,false,false,0
2025-11-27T17:13:43.128596-08:00,read,key_185,1.43,false,false,0
2025-11-27T17:13:43.151517-08:00,read,key_612,1.95,false,false,0
2025-11-27T17:13:43.162055-08:00,read,key_316,1.45,false,false,0
2025-11-27T17:13:43.173233-08:00,read,key_206,1.67,false,false,0
2025-11-27T17:13:43.184725-08:00,read,key_255,1.88,false,false,0
2025-11-27T17:13:43.195883-08:00,read,key_523,1.53,false,false,0
2025-11-27T17:13:43.207111-08:00,read,key_162,2.69,false,false,0
2025-11-27T17:13:43.218172-08:00,read,key_474,1.40,false,false,0
2025-11-27T17:13:43.228643-08:00,read,key_358,1.82,false,false,0
2025-11-27T17:13:43.239884-08:00,read,key_174,1.60,false,false,0
2025-11-27T17:13:43.251007-08:00,read,key_171,1.41,false,false,0
2025-11-27T17:13:43.262129-08:00,read,key_990,1.40,false,false,0
2025-11-27T17:13:43.27269-08:00,read,key_0,1.51,false,false,0
2025-11-27T17:13:43.2832-08:00,read,key_880,2.60,false,false,0
2025-11-27T17:13:43.294308-08:00,read,key_913,1.80,false,false,0
2025-11-27T17:13:43.305417-08:00,read,key_661,1.69,false,false,0
2025-11-27T17:13:43.317164-08:00,read,key_154,2.44,false,false,0
2025-11-27T17:13:43.328263-08:00,read,key_159,1.57,true,false,18
2025-11-27T17:13:43.338673-08:00,read,key_602,1.74,false,false,0
2025-11-27T17:13:43.349843-08:00,read,key_164,2.72,false,false,0
2025-11-27T17:13:43.36092-08:00,read,key_964,2.17,false,false,0
2025-11-27T17:13:43.37205-08:00,read,key_162,1.57,false,false,0
2025-11-27T17:13:43.383343-08:00,read,key_487,1.82,false,false,0
2025-11-27T17:13:43.394504-08:00,read,key_416,1.81,false,false,0
2025-11-27T17:13:43.405633-08:00,read,key_366,1.39,false,false,0
2025-11-27T17:13:43.417523-08:00,read,key_803,1.37,false,false,0
2025-11-27T17:13:43.428643-08:00,read,key_548,1.65,false,false,0
2025-11-27T17:13:43.439225-08:00,read,key_69,1.81,false,false,0
2025-11-27T17:13:43.139827-08:00,write,key_665,308.54,true,false,27
2025-11-27T17:13:43.449455-08:00,read,key_796,1.97,false,false,0
2025-11-27T17:13:43.460632-08:00,read,key_786,1.65,false,false,0
2025-11-27T17:13:43.47179-08:00,read,key_486,1.38,false,false,0
2025-11-27T17:13:43.483023-08:00,read,key_203,2.61,false,false,0
2025-11-27T17:13:43.494103-08:00,read,key_847,1.57,false,false,0
2025-11-27T17:13:43.505224-08:00,read,key_73,1.53,false,false,0
2025-11-27T17:13:43.516611-08:00,read,key_362,1.48,false,false,0
2025-11-27T17:13:43.528104-08:00,read,key_381,1.76,false,false,0
2025-11-27T17:13:43.539098-08:00,read,key_402,2.51,false,false,0
2025-11-27T17:13:43.550259-08:00,read,key_785,2.29,false,false,0
2025-11-27T17:13:43.560586-08:00,read,key_311,1.77,false,false,0
2025-11-27T17:13:43.570905-08:00,read,key_435,1.80,false,false,0
2025-11-27T17:13:43.58211-08:00,read,key_738,2.37,false,false,0
2025-11-27T17:13:43.593262-08:00,read,key_981,1.68,true,false,1
2025-11-27T17:13:43.604414-08:00,read,key_380,1.67,false,false,0
2025-11-27T17:13:43.615554-08:00,read,key_248,2.75,false,false,0
2025-11-27T17:13:43.626624-08:00,read,key_727,1.49,false,false,0
2025-11-27T17:13:43.637752-08:00,read,key_8,1.54,false,false,0
2025-11-27T17:13:43.648929-08:00,read,key_543,3.28,false,false,0
2025-11-27T17:13:43.660027-08:00,read,key_686,1.52,false,false,0
2025-11-27T17:13:43.67114-08:00,read,key_521,1.59,false,false,0
2025-11-27T17:13:43.682363-08:00,read,key_839,2.71,false,false,0
2025-11-27T17:13:43.692899-08:00,read,key_429,1.54,false,false,0
2025-11-27T17:13:43.704066-08:00,read,key_462,1.68,false,false,0
2025-11-27T17:13:43.715255-08:00,read,key_339,2.79,false,false,0
2025-11-27T17:13:43.72631-08:00,read,key_148,1.49,false,false,0
2025-11-27T17:13:43.737439-08:00,read,key_288,1.47,false,false,0
2025-11-27T17:13:43.748633-08:00,read,key_264,4.12,false,false,0
2025-11-27T17:13:43.759479-08:00,read,key_6,1.59,false,false,0
2025-11-27T17:13:43.770593-08:00,read,key_188,1.28,false,false,0
2025-11-27T17:13:43.781688-08:00,read,key_770,1.49,false,false,0
2025-11-27T17:13:43.792765-08:00,read,key_316,1.74,false,false,0
2025-11-27T17:13:43.803849-08:00,read,key_448,1.62,false,false,0
2025-11-27T17:13:43.814952-08:00,read,key_691,1.50,false,false,0
2025-11-27T17:13:43.826046-08:00,read,key_386,1.77,false,false,0
2025-11-27T17:13:43.837134-08:00,read,key_601,1.56,false,false,0
2025-11-27T17:13:43.848175-08:00,read,key_938,2.07,false,false,0
2025-11-27T17:13:43.859336-08:00,read,key_296,1.61,false,false,0
2025-11-27T17:13:43.870335-08:00,read,key_738,1.29,false,false,0
2025-11-27T17:13:43.881467-08:00,read,key_142,1.70,false,false,0
2025-11-27T17:13:43.892616-08:00,read,key_794,1.28,false,false,0
2025-11-27T17:13:43.903779-08:00,read,key_181,2.05,false,false,0
2025-11-27T17:13:43.914889-08:00,read,key_41,3.30,true,false,19
2025-11-27T17:13:43.926476-08:00,read,key_748,1.27,false,false,0
2025-11-27T17:13:43.937665-08:00,read,key_860,0.93,false,false,0
2025-11-27T17:13:43.948891-08:00,read,key_129,2.27,false,false,0
2025-11-27T17:13:43.959994-08:00,read,key_47,1.63,false,false,0
2025-11-27T17:13:43.971146-08:00,read,key_773,1.55,false,false,0
2025-11-27T17:13:43.982607-08:00,read,key_413,2.54,false,false,0
2025-11-27T17:13:43.992922-08:00,read,key_265,1.40,false,false,0
2025-11-27T17:13:44.003618-08:00,read,key_418,1.70,false,false,0
2025-11-27T17:13:44.014787-08:00,read,key_202,1.78,false,false,0
2025-11-27T17:13:44.025941-08:00,read,key_16,1.70,false,false,0
2025-11-27T17:13:44.037097-08:00,read,key_750,1.84,false,false,0
2025-11-27T17:13:44.047468-08:00,read,key_154,4.11,false,false,0
2025-11-27T17:13:44.058384-08:00,read,key_492,2.62,false,false,0
2025-11-27T17:13:44.06864-08:00,read,key_27,1.39,false,false,0
2025-11-27T17:13:44.079794-08:00,read,key_639,1.47,false,false,0
2025-11-27T17:13:44.090895-08:00,read,key_3,2.39,false,false,0
2025-11-27T17:13:44.102024-08:00,read,key_689,1.49,false,false,0
2025-11-27T17:13:44.113232-08:00,read,key_42,1.81,false,false,0
2025-11-27T17:13:44.124437-08:00,read,key_470,2.26,false,false,0
2025-11-27T17:13:44.135537-08:00,read,key_527,1.51,false,false,0
2025-11-27T17:13:44.157108-08:00,read,key_762,2.31,false,false,0
2025-11-27T17:13:44.167387-08:00,read,key_211,2.43,false,false,0
2025-11-27T17:13:44.17839-08:00,read,key_485,1.74,false,false,0
2025-11-27T17:13:44.188876-08:00,read,key_109,1.32,false,false,0
2025-11-27T17:13:44.200105-08:00,read,key_682,2.53,false,false,0
2025-11-27T17:13:44.211165-08:00,read,key_143,1.40,false,false,0
2025-11-27T17:13:44.222007-08:00,read,key_846,1.77,false,false,0
2025-11-27T17:13:44.232218-08:00,read,key_723,2.73,false,false,0
2025-11-27T17:13:44.243316-08:00,read,key_361,1.88,false,false,0
2025-11-27T17:13:44.254324-08:00,read,key_514,1.44,false,false,0
2025-11-27T17:13:44.265379-08:00,read,key_465,2.59,false,false,0
2025-11-27T17:13:44.275608-08:00,read,key_683,2.59,false,false,0
2025-11-27T17:13:44.285845-08:00,read,key_587,1.71,false,false,0
2025-11-27T17:13:44.296978-08:00,read,key_479,1.56,false,false,0
2025-11-27T17:13:44.307533-08:00,read,key_633,2.39,false,false,0
2025-11-27T17:13:44.318669-08:00,read,key_25,1.62,false,false,0
2025-11-27T17:13:44.329867-08:00,read,key_795,1.91,false,false,0
2025-11-27T17:13:44.352127-08:00,read,key_671,1.33,false,false,0
2025-11-27T17:13:44.363306-08:00,read,key_596,1.74,false,false,0
2025-11-27T17:13:44.374806-08:00,read,key_816,2.44,false,false,0
2025-11-27T17:13:44.385655-08:00,read,key_624,1.72,false,false,0
2025-11-27T17:13:44.396852-08:00,read,key_4,1.53,false,false,0
2025-11-27T17:13:44.407992-08:00,read,key_265,2.37,false,false,0
2025-11-27T17:13:44.419092-08:00,read,key_353,1.50,false,false,0
2025-11-27T17:13:44.430293-08:00,read,key_903,1.50,false,false,0
2025-11-27T17:13:44.441484-08:00,read,key_407,2.32,false,false,0
2025-11-27T17:13:44.146303-08:00,write,key_341,306.63,true,false,28
2025-11-27T17:13:44.451821-08:00,read,key_434,1.35,false,false,0
2025-11-27T17:13:44.462926-08:00,read,key_109,1.60,false,false,0
2025-11-27T17:13:44.474116-08:00,read,key_625,3.11,false,false,0
2025-11-27T17:13:44.484867-08:00,read,key_258,1.26,false,false,0
2025-11-27T17:13:44.495755-08:00,read,key_183,1.55,false,false,0
2025-11-27T17:13:44.50694-08:00,read,key_362,4.03,false,false,0
2025-11-27T17:13:44.51795-08:00,read,key_664,1.66,false,false,0
2025-11-27T17:13:44.528618-08:00,read,key_261,1.51,false,false,0
2025-11-27T17:13:44.539591-08:00,read,key_245,1.88,false,false,0
2025-11-27T17:13:44.550844-08:00,read,key_223,2.32,false,false,0
2025-11-27T17:13:44.561958-08:00,read,key_510,1.38,false,false,0
2025-11-27T17:13:44.573092-08:00,read,key_603,1.57,false,false,0
2025-11-27T17:13:44.584561-08:00,read,key_654,1.95,false,false,0
2025-11-27T17:13:44.595785-08:00,read,key_101,2.20,false,false,0
2025-11-27T17:13:44.606907-08:00,read,key_468,2.89,false,false,0
2025-11-27T17:13:44.628485-08:00,read,key_314,1.68,true,false,12
2025-11-27T17:13:44.639069-08:00,read,key_414,2.91,false,false,0
2025-11-27T17:13:44.340958-08:00,write,key_86,306.79,true,false,28
2025-11-27T17:13:44.649402-08:00,read,key_676,1.22,false,false,0
2025-11-27T17:13:44.660579-08:00,read,key_2,1.71,false,false,0
2025-11-27T17:13:44.671189-08:00,read,key_174,1.61,false,false,0
2025-11-27T17:13:44.682383-08:00,read,key_876,2.39,false,false,0
2025-11-27T17:13:44.693135-08:00,read,key_681,1.73,false,false,0
2025-11-27T17:13:44.704274-08:00,read,key_205,1.60,false,false,0
2025-11-27T17:13:44.715552-08:00,read,key_974,2.84,false,false,0
2025-11-27T17:13:44.72646-08:00,read,key_243,1.37,false,false,0
2025-11-27T17:13:44.737635-08:00,read,key_68,1.08,false,false,0
2025-11-27T17:13:44.748825-08:00,read,key_787,1.80,false,false,0
2025-11-27T17:13:44.759962-08:00,read,key_227,0.92,false,false,0
2025-11-27T17:13:44.771093-08:00,read,key_584,0.92,false,false,0
2025-11-27T17:13:44.7823-08:00,read,key_965,1.15,false,false,0
2025-11-27T17:13:44.793139-08:00,read,key_723,0.98,false,false,0
2025-11-27T17:13:44.804302-08:00,read,key_604,0.79,false,false,0
2025-11-27T17:13:44.815476-08:00,read,key_533,0.86,false,false,0
2025-11-27T17:13:44.826787-08:00,read,key_399,0.91,false,false,0
2025-11-27T17:13:44.837134-08:00,read,key_625,0.78,false,false,0
2025-11-27T17:13:44.848426-08:00,read,key_526,0.75,false,false,0
2025-11-27T17:13:44.859735-08:00,read,key_528,1.61,false,false,0
2025-11-27T17:13:44.871304-08:00,read,key_258,1.84,false,false,0
2025-11-27T17:13:44.881318-08:00,read,key_841,1.62,false,false,0
2025-11-27T17:13:44.89251-08:00,read,key_414,2.08,false,false,0
2025-11-27T17:13:44.903688-08:00,read,key_223,1.86,false,false,0
2025-11-27T17:13:44.91487-08:00,read,key_307,2.60,false,false,0
2025-11-27T17:13:44.617291-08:00,write,key_344,305.20,true,false,29
2025-11-27T17:13:44.925513-08:00,read,key_740,1.67,true,false,11
2025-11-27T17:13:44.935774-08:00,read,key_593,3.36,false,false,0
2025-11-27T17:13:44.94649-08:00,read,key_640,0.94,false,false,0
2025-11-27T17:13:44.957754-08:00,read,key_844,1.54,false,false,0
2025-11-27T17:13:44.979475-08:00,read,key_693,1.76,false,false,0
2025-11-27T17:13:44.990725-08:00,read,key_364,2.87,false,false,0
2025-11-27T17:13:45.001776-08:00,read,key_289,1.47,false,false,0
2025-11-27T17:13:45.012825-08:00,read,key_60,1.58,false,false,0
2025-11-27T17:13:45.024205-08:00,read,key_358,2.48,false,false,0
2025-11-27T17:13:45.035228-08:00,read,key_797,1.56,false,false,0
2025-11-27T17:13:45.046378-08:00,read,key_857,1.73,false,false,0
2025-11-27T17:13:45.057583-08:00,read,key_543,2.88,false,false,0
2025-11-27T17:13:45.06787-08:00,read,key_91,1.68,false,false,0
2025-11-27T17:13:45.078977-08:00,read,key_178,1.39,false,false,0
2025-11-27T17:13:45.089371-08:00,read,key_219,2.00,false,false,0
2025-11-27T17:13:45.100593-08:00,read,key_766,1.46,false,false,0
2025-11-27T17:13:45.111722-08:00,read,key_966,1.41,false,false,0
2025-11-27T17:13:45.122305-08:00,read,key_181,1.87,false,false,0
2025-11-27T17:13:45.133391-08:00,read,key_434,2.54,false,false,0
2025-11-27T17:13:45.143844-08:00,read,key_33,1.57,false,false,0
2025-11-27T17:13:45.154992-08:00,read,key_98,1.46,false,false,0
2025-11-27T17:13:45.166188-08:00,read,key_62,2.92,false,false,0
2025-11-27T17:13:45.177227-08:00,read,key_131,1.65,false,false,0
2025-11-27T17:13:45.188373-08:00,read,key_317,1.56,false,false,0
2025-11-27T17:13:45.198576-08:00,read,key_606,3.20,false,false,0
2025-11-27T17:13:45.209217-08:00,read,key_782,1.60,false,false,0
2025-11-27T17:13:45.22043-08:00,read,key_630,1.96,false,false,0
2025-11-27T17:13:45.231644-08:00,read,key_102,3.03,false,false,0
2025-11-27T17:13:45.242943-08:00,read,key_369,1.71,false,false,0
2025-11-27T17:13:45.254134-08:00,read,key_474,1.76,false,false,0
2025-11-27T17:13:45.265281-08:00,read,key_963,3.17,false,false,0
2025-11-27T17:13:44.968286-08:00,write,key_13,306.18,true,false,30
2025-11-27T17:13:45.275588-08:00,read,key_106,1.27,false,false,0
2025-11-27T17:13:45.28649-08:00,read,key_311,1.85,false,false,0
2025-11-27T17:13:45.297329-08:00,read,key_438,1.52,false,false,0
2025-11-27T17:13:45.30828-08:00,read,key_861,2.75,false,false,0
2025-11-27T17:13:45.31936-08:00,read,key_720,1.74,false,false,0
2025-11-27T17:13:45.33065-08:00,read,key_323,1.33,false,false,0
2025-11-27T17:13:45.341602-08:00,read,key_636,2.79,false,false,0
2025-11-27T17:13:45.352616-08:00,read,key_32,1.37,false,false,0
2025-11-27T17:13:45.363763-08:00,read,key_10,1.87,false,false,0
2025-11-27T17:13:45.37542-08:00,read,key_617,2.04,false,false,0
2025-11-27T17:13:45.386553-08:00,read,key_595,1.48,false,false,0
2025-11-27T17:13:45.397596-08:00,read,key_920,1.87,false,false,0
2025-11-27T17:13:45.408474-08:00,read,key_84,1.70,false,false,0
2025-11-27T17:13:45.419468-08:00,read,key_975,1.82,false,false,0
2025-11-27T17:13:45.430605-08:00,read,key_870,2.06,false,false,0
2025-11-27T17:13:45.441619-08:00,read,key_1,2.80,false,false,0
2025-11-27T17:13:45.452002-08:00,read,key_152,1.53,false,false,0
2025-11-27T17:13:45.463159-08:00,read,key_9,1.09,false,false,0
2025-11-27T17:13:45.475156-08:00,read,key_433,0.88,false,false,0
2025-11-27T17:13:45.48628-08:00,read,key_109,0.80,false,false,0
2025-11-27T17:13:45.496937-08:00,read,key_403,1.52,false,false,0
2025-11-27T17:13:45.508512-08:00,read,key_303,2.15,false,false,0
2025-11-27T17:13:45.519685-08:00,read,key_29,1.46,false,false,0
2025-11-27T17:13:45.530321-08:00,read,key_262,1.55,false,false,0
2025-11-27T17:13:45.541557-08:00,read,key_433,2.82,false,false,0
2025-11-27T17:13:45.552-08:00,read,key_25,1.61,false,false,0
2025-11-27T17:13:45.563147-08:00,read,key_561,1.53,false,false,0
2025-11-27T17:13:45.574314-08:00,read,key_174,2.69,false,false,0
2025-11-27T17:13:45.58526-08:00,read,key_153,1.47,false,false,0
2025-11-27T17:13:45.59643-08:00,read,key_814,1.89,false,false,0
2025-11-27T17:13:45.607671-08:00,read,key_586,2.95,false,false,0
2025-11-27T17:13:45.617968-08:00,read,key_202,1.72,false,false,0
2025-11-27T17:13:45.629139-08:00,read,key_360,1.68,false,false,0
2025-11-27T17:13:45.639921-08:00,read,key_914,2.43,false,false,0
2025-11-27T17:13:45.650735-08:00,read,key_121,2.13,false,false,0
2025-11-27T17:13:45.661701-08:00,read,key_546,1.94,false,false,0
2025-11-27T17:13:45.67284-08:00,read,key_45,1.79,false,false,0
2025-11-27T17:13:45.683182-08:00,read,key_493,2.69,true,false,10
2025-11-27T17:13:45.694137-08:00,read,key_635,2.15,false,false,0
2025-11-27T17:13:45.705291-08:00,read,key_471,1.51,false,false,0
2025-11-27T17:13:45.716252-08:00,read,key_828,2.44,false,false,0
2025-11-27T17:13:45.727285-08:00,read,key_201,1.60,false,false,0
2025-11-27T17:13:45.738419-08:00,read,key_21,1.66,false,false,0
2025-11-27T17:13:45.750774-08:00,read,key_394,1.89,false,false,0
2025-11-27T17:13:45.761635-08:00,read,key_543,2.03,false,false,0
2025-11-27T17:13:45.772527-08:00,read,key_659,1.52,false,false,0
2025-11-27T17:13:45.783311-08:00,read,key_716,2.61,false,false,0
2025-11-27T17:13:45.794341-08:00,read,key_311,1.56,false,false,0
2025-11-27T17:13:45.805138-08:00,read,key_580,1.60,false,false,0
2025-11-27T17:13:45.816334-08:00,read,key_797,2.74,false,false,0
2025-11-27T17:13:45.83856-08:00,read,key_502,1.79,false,false,0
2025-11-27T17:13:45.849715-08:00,read,key_821,3.04,false,false,0
2025-11-27T17:13:45.860214-08:00,read,key_980,1.58,false,false,0
2025-11-27T17:13:45.870845-08:00,read,key_66,2.04,false,false,0
2025-11-27T17:13:45.881928-08:00,read,key_64,2.21,false,false,0
2025-11-27T17:13:45.893058-08:00,read,key_763,1.42,false,false,0
2025-11-27T17:13:45.904207-08:00,read,key_788,1.45,false,false,0
2025-11-27T17:13:45.915374-08:00,read,key_813,2.09,false,false,0
2025-11-27T17:13:45.926481-08:00,read,key_682,1.36,false,false,0
2025-11-27T17:13:45.937607-08:00,read,key_864,1.48,false,false,0
2025-11-27T17:13:45.948738-08:00,read,key_411,2.99,false,false,0
2025-11-27T17:13:45.970965-08:00,read,key_710,1.41,false,false,0
2025-11-27T17:13:45.982108-08:00,read,key_868,3.02,false,false,0
2025-11-27T17:13:45.993274-08:00,read,key_662,1.55,false,false,0
2025-11-27T17:13:46.004422-08:00,read,key_412,1.70,false,false,0
2025-11-27T17:13:46.015376-08:00,read,key_297,2.69,false,false,0
2025-11-27T17:13:46.02624-08:00,read,key_433,1.87,false,false,0
2025-11-27T17:13:46.037409-08:00,read,key_378,1.79,false,false,0
2025-11-27T17:13:46.048511-08:00,read,key_967,2.06,false,false,0
2025-11-27T17:13:46.059675-08:00,read,key_265,1.56,false,false,0
2025-11-27T17:13:46.070814-08:00,read,key_134,1.82,false,false,0
2025-11-27T17:13:46.08199-08:00,read,key_932,2.85,false,false,0
2025-11-27T17:13:46.093076-08:00,read,key_362,1.90,false,false,0
2025-11-27T17:13:46.104231-08:00,read,key_104,1.95,false,false,0
2025-11-27T17:13:46.115394-08:00,read,key_295,2.90,false,false,0
2025-11-27T17:13:46.12643-08:00,read,key_210,1.51,false,false,0
2025-11-27T17:13:45.827382-08:00,write,key_493,308.17,true,false,31
2025-11-27T17:13:46.136642-08:00,read,key_859,0.89,false,false,0
2025-11-27T17:13:46.146865-08:00,read,key_739,1.64,false,false,0
2025-11-27T17:13:46.158093-08:00,read,key_787,2.83,false,false,0
2025-11-27T17:13:46.169078-08:00,read,key_577,1.34,false,false,0
2025-11-27T17:13:46.180348-08:00,read,key_672,1.49,false,false,0
2025-11-27T17:13:46.19066-08:00,read,key_416,2.33,false,false,0
2025-11-27T17:13:46.201752-08:00,read,key_31,1.72,false,false,0
2025-11-27T17:13:46.212891-08:00,read,key_773,1.47,false,false,0
2025-11-27T17:13:46.224441-08:00,read,key_506,2.53,false,false,0
2025-11-27T17:13:46.235325-08:00,read,key_418,1.56,false,false,0
2025-11-27T17:13:46.246409-08:00,read,key_220,1.84,false,false,0
2025-11-27T17:13:46.25772-08:00,read,key_251,2.86,false,false,0
2025-11-27T17:13:45.959828-08:00,write,key_353,309.87,true,false,32
2025-11-27T17:13:46.268919-08:00,read,key_213,1.33,false,false,0
2025-11-27T17:13:46.28007-08:00,read,key_375,1.43,false,false,0
2025-11-27T17:13:46.290936-08:00,read,key_560,2.56,false,false,0
2025-11-27T17:13:46.301889-08:00,read,key_142,1.68,false,false,0
2025-11-27T17:13:46.313089-08:00,read,key_231,1.81,false,false,0
2025-11-27T17:13:46.324292-08:00,read,key_33,2.68,false,false,0
2025-11-27T17:13:46.335337-08:00,read,key_670,1.56,false,false,0
2025-11-27T17:13:46.346486-08:00,read,key_179,1.48,false,false,0
2025-11-27T17:13:46.357838-08:00,read,key_166,2.52,false,false,0
2025-11-27T17:13:46.368904-08:00,read,key_920,1.44,false,false,0
2025-11-27T17:13:46.380058-08:00,read,key_30,1.71,false,false,0
2025-11-27T17:13:46.391147-08:00,read,key_179,1.69,false,false,0
2025-11-27T17:13:46.402261-08:00,read,key_757,1.33,false,false,0
2025-11-27T17:13:46.413412-08:00,read,key_174,1.53,false,false,0
2025-11-27T17:13:46.424182-08:00,read,key_237,3.77,false,false,0
2025-11-27T17:13:46.435111-08:00,read,key_70,1.35,false,false,0
2025-11-27T17:13:46.446253-08:00,read,key_387,1.51,false,false,0
2025-11-27T17:13:46.457456-08:00,read,key_686,2.37,false,false,0
2025-11-27T17:13:46.468094-08:00,read,key_876,1.73,false,false,0
2025-11-27T17:13:46.479215-08:00,read,key_869,1.46,false,false,0
2025-11-27T17:13:46.490371-08:00,read,key_30,2.56,false,false,0
2025-11-27T17:13:46.50084-08:00,read,key_965,1.65,false,false,0
2025-11-27T17:13:46.512045-08:00,read,key_405,1.92,false,false,0
2025-11-27T17:13:46.523198-08:00,read,key_172,3.49,false,false,0
2025-11-27T17:13:46.534137-08:00,read,key_583,1.84,false,false,0
2025-11-27T17:13:46.545325-08:00,read,key_215,1.82,false,false,0
2025-11-27T17:13:46.5565-08:00,read,key_675,2.98,false,false,0
2025-11-27T17:13:46.579389-08:00,read,key_363,1.58,false,false,0
2025-11-27T17:13:46.590606-08:00,read,key_647,2.79,false,false,0
2025-11-27T17:13:46.601215-08:00,read,key_933,1.52,false,false,0
2025-11-27T17:13:46.612371-08:00,read,key_400,1.45,false,false,0
2025-11-27T17:13:46.623485-08:00,read,key_44,2.78,false,false,0
2025-11-27T17:13:46.634351-08:00,read,key_208,1.28,false,false,0
2025-11-27T17:13:46.645454-08:00,read,key_601,1.47,false,false,0
2025-11-27T17:13:46.656711-08:00,read,key_313,1.71,false,false,0
2025-11-27T17:13:46.6679-08:00,read,key_838,1.81,false,false,0
2025-11-27T17:13:46.679041-08:00,read,key_980,1.36,false,false,0
2025-11-27T17:13:46.690269-08:00,read,key_572,2.58,false,false,0
2025-11-27T17:13:46.701309-08:00,read,key_711,1.32,false,false,0
2025-11-27T17:13:46.71188-08:00,read,key_137,1.48,false,false,0
2025-11-27T17:13:46.722206-08:00,read,key_817,1.75,false,false,0
2025-11-27T17:13:46.733478-08:00,read,key_1,2.90,false,false,0
2025-11-27T17:13:46.743858-08:00,read,key_394,1.74,false,false,0
2025-11-27T17:13:46.75406-08:00,read,key_461,1.85,false,false,0
2025-11-27T17:13:46.765238-08:00,read,key_674,2.94,false,false,0
2025-11-27T17:13:46.776294-08:00,read,key_160,1.60,false,false,0
2025-11-27T17:13:46.786884-08:00,read,key_542,1.44,false,false,0
2025-11-27T17:13:46.797991-08:00,read,key_265,1.67,false,false,0
2025-11-27T17:13:46.808812-08:00,read,key_110,2.50,false,false,0
2025-11-27T17:13:46.819914-08:00,read,key_176,1.61,false,false,0
2025-11-27T17:13:46.830232-08:00,read,key_559,1.69,false,false,0
2025-11-27T17:13:46.841418-08:00,read,key_110,3.05,false,false,0
2025-11-27T17:13:46.852447-08:00,read,key_544,1.84,false,false,0
2025-11-27T17:13:46.863656-08:00,read,key_637,1.55,false,false,0
2025-11-27T17:13:46.568202-08:00,write,key_299,305.09,true,false,33
2025-11-27T17:13:46.873794-08:00,read,key_472,1.97,false,false,0
2025-11-27T17:13:46.884959-08:00,read,key_12,1.48,false,false,0
2025-11-27T17:13:46.896162-08:00,read,key_6,1.88,false,false,0
2025-11-27T17:13:46.906731-08:00,read,key_437,2.87,false,false,0
2025-11-27T17:13:46.917533-08:00,read,key_305,1.51,false,false,0
2025-11-27T17:13:46.928504-08:00,read,key_830,1.36,false,false,0
2025-11-27T17:13:46.939766-08:00,read,key_585,1.64,false,false,0
2025-11-27T17:13:46.950745-08:00,read,key_794,2.14,false,false,0
2025-11-27T17:13:46.961871-08:00,read,key_999,1.48,false,false,0
2025-11-27T17:13:46.97204-08:00,read,key_290,2.53,false,false,0
2025-11-27T17:13:46.982252-08:00,read,key_876,3.36,false,false,0
2025-11-27T17:13:46.993057-08:00,read,key_101,2.06,false,false,0
2025-11-27T17:13:47.004197-08:00,read,key_665,1.52,true,false,27
2025-11-27T17:13:47.015318-08:00,read,key_160,2.70,false,false,0
2025-11-27T17:13:47.026425-08:00,read,key_146,1.87,false,false,0
2025-11-27T17:13:47.037538-08:00,read,key_154,1.53,false,false,0
2025-11-27T17:13:47.048674-08:00,read,key_16,3.34,false,false,0
2025-11-27T17:13:47.059709-08:00,read,key_242,1.67,false,false,0
2025-11-27T17:13:47.070835-08:00,read,key_153,1.79,false,false,0
2025-11-27T17:13:47.082034-08:00,read,key_337,2.21,false,false,0
2025-11-27T17:13:47.093222-08:00,read,key_672,1.70,false,false,0
2025-11-27T17:13:47.104362-08:00,read,key_179,1.54,false,false,0
2025-11-27T17:13:47.115627-08:00,read,key_488,2.55,false,false,0
2025-11-27T17:13:47.126622-08:00,read,key_188,1.73,false,false,0
2025-11-27T17:13:47.137718-08:00,read,key_101,1.25,false,false,0
2025-11-27T17:13:47.148273-08:00,read,key_74,2.20,false,false,0
2025-11-27T17:13:47.159439-08:00,read,key_85,1.37,false,false,0
2025-11-27T17:13:47.170196-08:00,read,key_354,1.30,false,false,0
2025-11-27T17:13:47.181299-08:00,read,key_188,1.29,false,false,0
2025-11-27T17:13:47.192509-08:00,read,key_829,1.16,false,false,0
2025-11-27T17:13:47.203088-08:00,read,key_787,0.83,false,false,0
2025-11-27T17:13:47.213538-08:00,read,key_906,1.06,false,false,0
2025-11-27T17:13:47.224681-08:00,read,key_362,2.05,false,false,0
2025-11-27T17:13:47.235836-08:00,read,key_420,1.14,false,false,0
2025-11-27T17:13:47.246965-08:00,read,key_314,1.52,true,false,12
2025-11-27T17:13:47.25753-08:00,read,key_185,2.09,false,false,0
2025-11-27T17:13:47.268885-08:00,read,key_862,1.87,false,false,0
2025-11-27T17:13:47.280042-08:00,read,key_33,1.88,false,false,0
2025-11-27T17:13:47.291478-08:00,read,key_985,2.03,false,false,0
2025-11-27T17:13:47.302093-08:00,read,key_425,1.74,false,false,0
2025-11-27T17:13:47.313282-08:00,read,key_614,1.78,false,false,0
2025-11-27T17:13:47.325839-08:00,read,key_868,1.78,false,false,0
2025-11-27T17:13:47.337035-08:00,read,key_21,2.03,false,false,0
2025-11-27T17:13:47.348296-08:00,read,key_430,2.73,false,false,0
2025-11-27T17:13:47.358623-08:00,read,key_242,3.10,false,false,0
2025-11-27T17:13:47.36966-08:00,read,key_130,1.62,false,false,0
2025-11-27T17:13:47.380219-08:00,read,key_299,1.72,true,false,33
2025-11-27T17:13:47.391097-08:00,read,key_251,2.64,false,false,0
2025-11-27T17:13:47.401615-08:00,read,key_984,1.59,false,false,0
2025-11-27T17:13:47.411853-08:00,read,key_700,1.76,false,false,0
2025-11-27T17:13:47.423016-08:00,read,key_527,2.00,false,false,0
2025-11-27T17:13:47.433288-08:00,read,key_332,2.49,false,false,0
2025-11-27T17:13:47.444398-08:00,read,key_716,1.69,false,false,0
2025-11-27T17:13:47.455536-08:00,read,key_862,1.58,false,false,0
2025-11-27T17:13:47.46644-08:00,read,key_829,2.42,false,false,0
2025-11-27T17:13:47.477493-08:00,read,key_108,1.62,false,false,0
2025-11-27T17:13:47.488274-08:00,read,key_812,2.03,false,false,0
2025-11-27T17:13:47.499448-08:00,read,key_726,2.75,false,false,0
2025-11-27T17:13:47.510102-08:00,read,key_841,2.19,false,false,0
2025-11-27T17:13:47.521122-08:00,read,key_362,1.55,false,false,0
2025-11-27T17:13:47.532256-08:00,read,key_221,3.12,false,false,0
2025-11-27T17:13:47.542743-08:00,read,key_117,1.61,false,false,0
2025-11-27T17:13:47.553687-08:00,read,key_659,1.65,false,false,0
2025-11-27T17:13:47.564156-08:00,read,key_395,1.12,false,false,0
2025-11-27T17:13:47.574915-08:00,read,key_234,2.46,false,false,0
2025-11-27T17:13:47.586037-08:00,read,key_765,1.54,false,false,0
2025-11-27T17:13:47.597197-08:00,read,key_246,1.75,false,false,0
2025-11-27T17:13:47.608519-08:00,read,key_666,2.79,false,false,0
2025-11-27T17:13:47.619057-08:00,read,key_438,1.69,false,false,0
2025-11-27T17:13:47.630234-08:00,read,key_114,2.06,false,false,0
2025-11-27T17:13:47.640617-08:00,read,key_221,2.72,false,false,0
2025-11-27T17:13:47.651249-08:00,read,key_812,1.90,false,false,0
2025-11-27T17:13:47.661954-08:00,read,key_577,2.10,false,false,0
2025-11-27T17:13:47.672927-08:00,read,key_733,2.23,false,false,0
2025-11-27T17:13:47.683657-08:00,read,key_352,1.88,false,false,0
2025-11-27T17:13:47.694104-08:00,read,key_463,1.75,false,false,0
2025-11-27T17:13:47.705306-08:00,read,key_671,1.61,false,false,0
2025-11-27T17:13:47.715816-08:00,read,key_815,1.78,false,false,0
2025-11-27T17:13:47.726984-08:00,read,key_862,1.65,false,false,0
2025-11-27T17:13:47.738163-08:00,read,key_180,1.49,false,false,0
2025-11-27T17:13:47.749842-08:00,read,key_874,2.21,false,false,0
2025-11-27T17:13:47.760927-08:00,read,key_316,1.79,false,false,0
2025-11-27T17:13:47.77212-08:00,read,key_608,1.57,false,false,0
2025-11-27T17:13:47.783204-08:00,read,key_332,2.77,false,false,0
2025-11-27T17:13:47.794109-08:00,read,key_269,1.86,false,false,0
2025-11-27T17:13:47.804335-08:00,read,key_498,1.80,false,false,0
2025-11-27T17:13:47.815661-08:00,read,key_315,2.55,false,false,0
2025-11-27T17:13:47.826648-08:00,read,key_608,1.80,false,false,0
2025-11-27T17:13:47.837302-08:00,read,key_632,1.69,false,false,0
2025-11-27T17:13:47.848546-08:00,read,key_448,2.72,false,false,0
2025-11-27T17:13:47.858792-08:00,read,key_174,1.77,false,false,0
2025-11-27T17:13:47.869745-08:00,read,key_91,1.98,false,false,0
2025-11-27T17:13:47.879964-08:00,read,key_335,1.43,false,false,0
2025-11-27T17:13:47.891271-08:00,read,key_181,2.93,false,false,0
2025-11-27T17:13:47.901878-08:00,read,key_680,1.53,false,false,0
2025-11-27T17:13:47.913022-08:00,read,key_732,1.44,true,false,13
2025-11-27T17:13:47.924304-08:00,read,key_777,3.22,false,false,0
2025-11-27T17:13:47.935313-08:00,read,key_229,1.65,false,false,0
2025-11-27T17:13:47.946437-08:00,read,key_736,1.48,false,false,0
2025-11-27T17:13:47.957585-08:00,read,key_153,2.61,false,false,0
2025-11-27T17:13:47.968778-08:00,read,key_169,1.48,false,false,0
2025-11-27T17:13:47.979929-08:00,read,key_0,1.45,false,false,0
2025-11-27T17:13:47.990999-08:00,read,key_575,2.44,false,false,0
2025-11-27T17:13:48.002127-08:00,read,key_627,1.72,false,false,0
2025-11-27T17:13:48.013304-08:00,read,key_187,1.47,false,false,0
2025-11-27T17:13:48.024734-08:00,read,key_218,2.56,false,false,0
2025-11-27T17:13:48.035807-08:00,read,key_628,1.44,false,false,0
2025-11-27T17:13:48.047032-08:00,read,key_650,1.38,false,false,0
2025-11-27T17:13:48.057491-08:00,read,key_352,2.53,false,false,0
2025-11-27T17:13:48.067997-08:00,read,key_718,1.14,false,false,0
2025-11-27T17:13:48.07918-08:00,read,key_5,1.50,false,false,0
2025-11-27T17:13:48.090336-08:00,read,key_470,2.84,false,false,0
2025-11-27T17:13:48.101416-08:00,read,key_131,1.65,false,false,0
2025-11-27T17:13:48.112203-08:00,read,key_422,1.50,false,false,0
2025-11-27T17:13:48.122855-08:00,read,key_962,2.92,false,false,0
2025-11-27T17:13:48.133168-08:00,read,key_594,2.60,false,false,0
2025-11-27T17:13:48.144231-08:00,read,key_166,1.84,false,false,0
2025-11-27T17:13:48.155381-08:00,read,key_66,1.39,false,false,0
2025-11-27T17:13:48.166531-08:00,read,key_20,2.59,false,false,0
2025-11-27T17:13:48.177605-08:00,read,key_288,1.53,false,false,0
2025-11-27T17:13:48.188756-08:00,read,key_140,1.91,false,false,0
2025-11-27T17:13:48.200338-08:00,read,key_995,2.67,false,false,0
2025-11-27T17:13:48.211349-08:00,read,key_693,1.70,false,false,0
2025-11-27T17:13:48.221719-08:00,read,key_692,1.81,false,false,0
2025-11-27T17:13:48.233075-08:00,read,key_634,2.95,false,false,0
2025-11-27T17:13:48.243483-08:00,read,key_281,1.48,false,false,0
2025-11-27T17:13:48.254619-08:00,read,key_372,1.87,true,false,20
2025-11-27T17:13:48.266077-08:00,read,key_967,3.05,false,false,0
2025-11-27T17:13:48.276532-08:00,read,key_262,1.84,false,false,0
2025-11-27T17:13:48.287692-08:00,read,key_189,1.61,false,false,0
2025-11-27T17:13:48.299067-08:00,read,key_170,2.96,false,false,0
2025-11-27T17:13:48.309948-08:00,read,key_1,1.34,false,false,0
2025-11-27T17:13:48.320239-08:00,read,key_766,2.02,false,false,0
2025-11-27T17:13:48.331444-08:00,read,key_967,1.71,false,false,0
2025-11-27T17:13:48.342299-08:00,read,key_174,1.81,false,false,0
2025-11-27T17:13:48.353456-08:00,read,key_366,1.56,false,false,0
2025-11-27T17:13:48.363901-08:00,read,key_245,1.39,false,false,0
2025-11-27T17:13:48.37517-08:00,read,key_825,2.26,false,false,0
2025-11-27T17:13:48.385785-08:00,read,key_460,1.85,true,false,17
2025-11-27T17:13:48.396921-08:00,read,key_868,1.58,false,false,0
2025-11-27T17:13:48.407746-08:00,read,key_712,2.55,false,false,0
2025-11-27T17:13:48.41885-08:00,read,key_728,1.68,false,false,0
2025-11-27T17:13:48.429988-08:00,read,key_842,1.93,false,false,0
2025-11-27T17:13:48.440579-08:00,read,key_69,3.64,false,false,0
2025-11-27T17:13:48.451046-08:00,read,key_868,1.73,false,false,0
2025-11-27T17:13:48.461889-08:00,read,key_301,1.76,false,false,0
2025-11-27T17:13:48.473066-08:00,read,key_300,3.15,false,false,0
2025-11-27T17:13:48.484182-08:00,read,key_142,1.68,false,false,0
2025-11-27T17:13:48.495203-08:00,read,key_76,2.83,false,false,0
2025-11-27T17:13:48.506251-08:00,read,key_793,3.28,true,false,10
2025-11-27T17:13:48.517625-08:00,read,key_78,1.92,false,false,0
2025-11-27T17:13:48.528144-08:00,read,key_5,1.65,false,false,0
2025-11-27T17:13:48.539333-08:00,read,key_401,1.89,false,false,0
2025-11-27T17:13:48.549899-08:00,read,key_547,3.58,false,false,0
2025-11-27T17:13:48.560897-08:00,read,key_618,2.14,false,false,0
2025-11-27T17:13:48.572012-08:00,read,key_106,1.52,false,false,0
2025-11-27T17:13:48.58297-08:00,read,key_904,2.47,false,false,0
2025-11-27T17:13:48.594029-08:00,read,key_600,1.44,false,false,0
2025-11-27T17:13:48.605068-08:00,read,key_508,1.53,false,false,0
2025-11-27T17:13:48.616741-08:00,read,key_905,1.71,false,false,0
2025-11-27T17:13:48.627584-08:00,read,key_413,1.68,false,false,0
2025-11-27T17:13:48.638638-08:00,read,key_158,1.46,false,false,0
2025-11-27T17:13:48.650125-08:00,read,key_790,3.03,false,false,0
2025-11-27T17:13:48.660904-08:00,read,key_284,1.46,false,false,0
2025-11-27T17:13:48.672058-08:00,read,key_42,1.78,false,false,0
2025-11-27T17:13:48.6839-08:00,read,key_118,1.92,false,false,0
2025-11-27T17:13:48.695017-08:00,read,key_729,2.91,false,false,0
2025-11-27T17:13:48.70606-08:00,read,key_55,1.78,false,false,0
2025-11-27T17:13:48.716648-08:00,read,key_254,2.84,false,false,0
2025-11-27T17:13:48.727745-08:00,read,key_422,1.75,false,false,0
2025-11-27T17:13:48.7386-08:00,read,key_252,1.52,false,false,0
2025-11-27T17:13:48.749018-08:00,read,key_414,3.31,false,false,0
2025-11-27T17:13:48.759986-08:00,read,key_860,1.49,false,false,0
2025-11-27T17:13:48.770867-08:00,read,key_857,1.61,false,false,0
2025-11-27T17:13:48.78201-08:00,read,key_877,2.77,false,false,0
2025-11-27T17:13:48.793173-08:00,read,key_319,1.79,false,false,0
2025-11-27T17:13:48.803311-08:00,read,key_223,1.40,false,false,0
2025-11-27T17:13:48.814437-08:00,read,key_761,1.56,false,false,0
2025-11-27T17:13:48.826011-08:00,read,key_735,1.80,false,false,0
2025-11-27T17:13:48.837145-08:00,read,key_911,1.50,false,false,0
2025-11-27T17:13:48.848306-08:00,read,key_985,2.09,false,false,0
2025-11-27T17:13:48.859461-08:00,read,key_773,1.62,false,false,0
2025-11-27T17:13:48.870684-08:00,read,key_22,1.64,false,false,0
2025-11-27T17:13:48.880989-08:00,read,key_678,1.53,false,false,0
2025-11-27T17:13:48.89132-08:00,read,key_29,2.74,false,false,0
2025-11-27T17:13:48.902285-08:00,read,key_592,1.81,false,false,0
2025-11-27T17:13:48.913456-08:00,read,key_185,1.86,false,false,0
2025-11-27T17:13:48.924992-08:00,read,key_72,2.63,false,false,0
2025-11-27T17:13:48.936057-08:00,read,key_903,1.47,false,false,0
2025-11-27T17:13:48.946873-08:00,read,key_389,1.55,false,false,0
2025-11-27T17:13:48.95784-08:00,read,key_204,2.60,false,false,0
2025-11-27T17:13:48.968933-08:00,read,key_797,1.39,false,false,0
2025-11-27T17:13:48.980136-08:00,read,key_638,1.70,false,false,0
2025-11-27T17:13:48.991646-08:00,read,key_314,1.89,true,false,12
2025-11-27T17:13:49.002178-08:00,read,key_464,1.82,false,false,0
2025-11-27T17:13:49.013346-08:00,read,key_259,1.43,false,false,0
2025-11-27T17:13:49.024234-08:00,read,key_148,2.64,false,false,0
2025-11-27T17:13:49.035375-08:00,read,key_604,1.77,false,false,0
2025-11-27T17:13:49.04561-08:00,read,key_518,1.45,false,false,0
2025-11-27T17:13:49.056042-08:00,read,key_663,2.24,false,false,0
2025-11-27T17:13:49.067555-08:00,read,key_29,1.91,false,false,0
2025-11-27T17:13:49.07863-08:00,read,key_489,1.36,false,false,0
2025-11-27T17:13:49.089831-08:00,read,key_15,3.25,false,false,0
2025-11-27T17:13:49.101124-08:00,read,key_696,1.75,true,false,24
2025-11-27T17:13:49.112308-08:00,read,key_8,1.68,false,false,0
2025-11-27T17:13:49.123711-08:00,read,key_431,2.68,false,false,0
2025-11-27T17:13:49.134788-08:00,read,key_843,1.48,false,false,0
2025-11-27T17:13:49.145173-08:00,read,key_969,1.32,false,false,0
2025-11-27T17:13:49.155504-08:00,read,key_5,1.77,false,false,0
2025-11-27T17:13:49.166401-08:00,read,key_334,2.37,false,false,0
2025-11-27T17:13:49.177501-08:00,read,key_389,1.69,false,false,0
2025-11-27T17:13:49.188394-08:00,read,key_782,1.43,false,false,0
2025-11-27T17:13:49.198894-08:00,read,key_682,2.99,false,false,0
2025-11-27T17:13:49.210086-08:00,read,key_684,1.34,false,false,0
2025-11-27T17:13:49.220561-08:00,read,key_410,1.73,false,false,0
2025-11-27T17:13:49.231713-08:00,read,key_736,2.08,false,false,0
2025-11-27T17:13:49.242854-08:00,read,key_134,1.48,false,false,0
2025-11-27T17:13:49.253952-08:00,read,key_837,1.59,false,false,0
2025-11-27T17:13:49.264789-08:00,read,key_64,2.05,false,false,0
2025-11-27T17:13:49.276378-08:00,read,key_708,1.98,false,false,0
2025-11-27T17:13:49.286887-08:00,read,key_162,1.63,false,false,0
2025-11-27T17:13:49.297063-08:00,read,key_24,1.38,false,false,0
2025-11-27T17:13:49.308612-08:00,read,key_825,2.57,false,false,0
2025-11-27T17:13:49.31978-08:00,read,key_460,1.91,true,false,17
2025-11-27T17:13:49.33096-08:00,read,key_596,2.40,false,false,0
2025-11-27T17:13:49.341342-08:00,read,key_712,2.47,false,false,0
2025-11-27T17:13:49.351861-08:00,read,key_638,1.76,false,false,0
2025-11-27T17:13:49.363049-08:00,read,key_735,1.61,false,false,0
2025-11-27T17:13:49.373892-08:00,read,key_704,2.29,false,false,0
2025-11-27T17:13:49.385052-08:00,read,key_816,1.53,false,false,0
2025-11-27T17:13:49.395678-08:00,read,key_700,1.65,false,false,0
2025-11-27T17:13:49.406851-08:00,read,key_760,1.82,false,false,0
2025-11-27T17:13:49.418016-08:00,read,key_136,1.69,false,false,0
2025-11-27T17:13:49.428569-08:00,read,key_874,1.81,false,false,0
2025-11-27T17:13:49.439733-08:00,read,key_111,2.63,false,false,0
2025-11-27T17:13:49.451284-08:00,read,key_602,1.38,false,false,0
2025-11-27T17:13:49.462433-08:00,read,key_180,1.99,false,false,0
2025-11-27T17:13:49.473574-08:00,read,key_187,2.58,false,false,0
2025-11-27T17:13:49.484639-08:00,read,key_0,1.77,false,false,0
2025-11-27T17:13:49.495708-08:00,read,key_368,1.47,true,false,6
2025-11-27T17:13:49.506765-08:00,read,key_818,1.00,false,false,0
2025-11-27T17:13:49.51784-08:00,read,key_293,1.48,false,false,0
2025-11-27T17:13:49.528941-08:00,read,key_153,1.36,false,false,0
2025-11-27T17:13:49.540052-08:00,read,key_787,1.10,false,false,0
2025-11-27T17:13:49.551155-08:00,read,key_229,1.13,false,false,0
2025-11-27T17:13:49.562367-08:00,read,key_262,1.54,false,false,0
2025-11-27T17:13:49.573573-08:00,read,key_696,3.45,true,false,24
2025-11-27T17:13:49.584466-08:00,read,key_779,1.70,false,false,0
2025-11-27T17:13:49.595631-08:00,read,key_832,1.69,false,false,0
2025-11-27T17:13:49.606788-08:00,read,key_401,2.55,false,false,0
2025-11-27T17:13:49.617234-08:00,read,key_222,1.70,false,false,0
2025-11-27T17:13:49.628324-08:00,read,key_695,1.50,false,false,0
2025-11-27T17:13:49.639502-08:00,read,key_863,1.77,false,false,0
2025-11-27T17:13:49.650949-08:00,read,key_77,1.86,false,false,0
2025-11-27T17:13:49.66213-08:00,read,key_635,1.49,false,false,0
2025-11-27T17:13:49.673275-08:00,read,key_135,2.74,false,false,0
2025-11-27T17:13:49.683762-08:00,read,key_670,1.88,false,false,0
2025-11-27T17:13:49.694903-08:00,read,key_131,1.40,false,false,0
2025-11-27T17:13:49.705245-08:00,read,key_439,1.53,false,false,0
2025-11-27T17:13:49.71642-08:00,read,key_704,3.13,false,false,0
2025-11-27T17:13:49.727408-08:00,read,key_174,1.60,false,false,0
2025-11-27T17:13:49.738551-08:00,read,key_229,2.00,false,false,0
2025-11-27T17:13:49.75185-08:00,read,key_918,1.63,false,false,0
2025-11-27T17:13:49.763022-08:00,read,key_524,1.77,false,false,0
2025-11-27T17:13:49.774289-08:00,read,key_488,2.27,false,false,0
2025-11-27T17:13:49.78542-08:00,read,key_409,1.57,true,false,22
2025-11-27T17:13:49.796583-08:00,read,key_993,1.73,false,false,0
2025-11-27T17:13:49.807822-08:00,read,key_737,2.84,false,false,0
2025-11-27T17:13:49.818868-08:00,read,key_35,1.31,false,false,0
2025-11-27T17:13:49.830082-08:00,read,key_260,1.53,false,false,0
2025-11-27T17:13:49.842019-08:00,read,key_818,1.51,false,false,0
2025-11-27T17:13:49.853082-08:00,read,key_453,1.86,false,false,0
2025-11-27T17:13:49.864249-08:00,read,key_144,2.02,false,false,0
2025-11-27T17:13:49.874601-08:00,read,key_858,2.47,false,false,0
2025-11-27T17:13:49.885744-08:00,read,key_588,1.44,false,false,0
2025-11-27T17:13:49.896903-08:00,read,key_171,1.53,false,false,0
2025-11-27T17:13:49.908039-08:00,read,key_790,2.41,false,false,0
2025-11-27T17:13:49.919177-08:00,read,key_720,1.68,false,false,0
2025-11-27T17:13:49.929808-08:00,read,key_105,1.42,false,false,0
2025-11-27T17:13:49.940981-08:00,read,key_738,2.22,false,false,0
2025-11-27T17:13:49.952154-08:00,read,key_599,1.84,false,false,0
2025-11-27T17:13:49.963303-08:00,read,key_584,1.45,false,false,0
2025-11-27T17:13:49.973873-08:00,read,key_595,2.61,false,false,0
2025-11-27T17:13:49.984959-08:00,read,key_151,1.58,false,false,0
2025-11-27T17:13:49.995338-08:00,read,key_421,1.77,false,false,0
2025-11-27T17:13:50.006527-08:00,read,key_682,1.83,false,false,0
2025-11-27T17:13:50.016965-08:00,read,key_823,1.81,false,false,0
2025-11-27T17:13:50.028124-08:00,read,key_664,1.60,false,false,0
2025-11-27T17:13:50.038542-08:00,read,key_635,1.81,false,false,0
2025-11-27T17:13:50.050458-08:00,read,key_133,2.05,false,false,0
2025-11-27T17:13:50.061641-08:00,read,key_640,1.48,false,false,0
2025-11-27T17:13:50.072865-08:00,read,key_94,2.40,false,false,0
2025-11-27T17:13:50.084338-08:00,read,key_725,2.06,false,false,0
2025-11-27T17:13:50.095149-08:00,read,key_203,1.62,false,false,0
2025-11-27T17:13:50.106388-08:00,read,key_270,1.73,false,false,0
2025-11-27T17:13:50.117799-08:00,read,key_701,1.65,false,false,0
2025-11-27T17:13:50.128926-08:00,read,key_663,1.39,false,false,0
2025-11-27T17:13:50.140075-08:00,read,key_708,2.56,false,false,0
2025-11-27T17:13:50.151297-08:00,read,key_901,1.50,false,false,0
2025-11-27T17:13:50.162188-08:00,read,key_528,1.55,false,false,0
2025-11-27T17:13:50.173418-08:00,read,key_599,2.74,false,false,0
2025-11-27T17:13:50.184497-08:00,read,key_72,1.73,false,false,0
2025-11-27T17:13:50.195375-08:00,read,key_769,1.80,false,false,0
2025-11-27T17:13:50.206541-08:00,read,key_604,1.48,false,false,0
2025-11-27T17:13:50.217715-08:00,read,key_711,1.51,false,false,0
2025-11-27T17:13:50.228482-08:00,read,key_991,1.55,false,false,0
2025-11-27T17:13:50.239625-08:00,read,key_162,1.87,false,false,0
2025-11-27T17:13:50.250883-08:00,read,key_634,1.93,false,false,0
2025-11-27T17:13:50.261933-08:00,read,key_435,2.18,false,false,0
2025-11-27T17:13:50.273466-08:00,read,key_208,3.31,false,false,0
2025-11-27T17:13:50.283899-08:00,read,key_167,1.65,false,false,0
2025-11-27T17:13:50.294294-08:00,read,key_299,1.67,true,false,33
2025-11-27T17:13:50.305437-08:00,read,key_46,1.37,false,false,0
2025-11-27T17:13:50.315854-08:00,read,key_570,2.80,false,false,0
2025-11-27T17:13:50.326896-08:00,read,key_475,1.40,false,false,0
2025-11-27T17:13:50.338091-08:00,read,key_677,1.66,false,false,0
2025-11-27T17:13:50.348867-08:00,read,key_840,2.42,false,false,0
2025-11-27T17:13:50.35996-08:00,read,key_809,1.66,false,false,0
2025-11-27T17:13:50.371112-08:00,read,key_14,1.50,false,false,0
2025-11-27T17:13:50.382348-08:00,read,key_222,2.60,false,false,0
2025-11-27T17:13:50.393408-08:00,read,key_449,1.70,false,false,0
2025-11-27T17:13:50.404604-08:00,read,key_205,1.58,false,false,0
2025-11-27T17:13:50.415621-08:00,read,key_204,3.09,false,false,0
2025-11-27T17:13:50.426638-08:00,read,key_913,1.56,false,false,0
2025-11-27T17:13:50.437864-08:00,read,key_206,1.83,false,false,0
2025-11-27T17:13:50.449297-08:00,read,key_604,2.40,false,false,0
2025-11-27T17:13:50.460174-08:00,read,key_27,1.66,false,false,0
2025-11-27T17:13:50.471399-08:00,read,key_922,1.57,false,false,0
2025-11-27T17:13:50.482661-08:00,read,key_144,2.86,false,false,0
2025-11-27T17:13:50.493706-08:00,read,key_266,1.56,false,false,0
2025-11-27T17:13:50.504222-08:00,read,key_84,1.98,false,false,0
2025-11-27T17:13:50.515285-08:00,read,key_281,2.76,false,false,0
2025-11-27T17:13:50.526054-08:00,read,key_502,1.83,false,false,0
2025-11-27T17:13:50.537243-08:00,read,key_156,1.77,false,false,0
2025-11-27T17:13:50.547963-08:00,read,key_715,2.87,false,false,0
2025-11-27T17:13:50.559367-08:00,read,key_547,1.86,false,false,0
2025-11-27T17:13:50.570215-08:00,read,key_232,2.06,false,false,0
2025-11-27T17:13:50.581331-08:00,read,key_677,1.79,false,false,0
2025-11-27T17:13:50.592462-08:00,read,key_3,1.73,false,false,0
2025-11-27T17:13:50.603299-08:00,read,key_284,1.55,false,false,0
2025-11-27T17:13:50.614508-08:00,read,key_261,1.80,false,false,0
2025-11-27T17:13:50.624789-08:00,read,key_249,2.75,false,false,0
2025-11-27T17:13:50.635847-08:00,read,key_582,1.48,false,false,0
2025-11-27T17:13:50.647092-08:00,read,key_914,1.33,false,false,0
2025-11-27T17:13:50.658223-08:00,read,key_280,2.35,false,false,0
2025-11-27T17:13:50.669272-08:00,read,key_159,1.45,true,false,18
2025-11-27T17:13:50.680417-08:00,read,key_368,1.60,true,false,6
2025-11-27T17:13:50.691174-08:00,read,key_679,2.33,false,false,0
2025-11-27T17:13:50.702335-08:00,read,key_402,1.60,false,false,0
2025-11-27T17:13:50.713491-08:00,read,key_295,1.38,false,false,0
2025-11-27T17:13:50.724687-08:00,read,key_693,2.66,false,false,0
2025-11-27T17:13:50.735678-08:00,read,key_439,1.49,false,false,0
2025-11-27T17:13:50.745944-08:00,read,key_389,1.89,false,false,0
2025-11-27T17:13:50.757191-08:00,read,key_356,2.20,false,false,0
2025-11-27T17:13:50.768465-08:00,read,key_681,1.47,false,false,0
2025-11-27T17:13:50.779707-08:00,read,key_141,1.66,false,false,0
2025-11-27T17:13:50.790975-08:00,read,key_22,2.35,false,false,0
2025-11-27T17:13:50.802082-08:00,read,key_792,1.74,false,false,0
2025-11-27T17:13:50.812406-08:00,read,key_295,1.39,false,false,0
2025-11-27T17:13:50.823574-08:00,read,key_406,3.00,false,false,0
2025-11-27T17:13:50.834385-08:00,read,key_383,1.87,false,false,0
2025-11-27T17:13:50.845305-08:00,read,key_246,1.94,false,false,0
2025-11-27T17:13:50.856468-08:00,read,key_224,2.54,false,false,0
2025-11-27T17:13:50.867178-08:00,read,key_208,2.16,false,false,0
2025-11-27T17:13:50.878314-08:00,read,key_315,1.87,false,false,0
2025-11-27T17:13:50.888613-08:00,read,key_527,1.83,false,false,0
2025-11-27T17:13:50.899755-08:00,read,key_981,2.20,true,false,1
2025-11-27T17:13:50.910247-08:00,read,key_272,1.62,false,false,0
2025-11-27T17:13:50.92141-08:00,read,key_220,2.19,false,false,0
2025-11-27T17:13:50.932539-08:00,read,key_300,3.36,false,false,0
2025-11-27T17:13:50.954381-08:00,read,key_483,1.67,true,false,14
2025-11-27T17:13:50.965795-08:00,read,key_870,2.65,false,false,0
2025-11-27T17:13:50.976872-08:00,read,key_755,1.57,false,false,0
2025-11-27T17:13:50.988033-08:00,read,key_103,1.40,false,false,0
2025-11-27T17:13:50.998926-08:00,read,key_423,2.54,false,false,0
2025-11-27T17:13:51.010004-08:00,read,key_851,1.40,false,false,0
2025-11-27T17:13:51.020202-08:00,read,key_586,1.75,false,false,0
2025-11-27T17:13:51.031332-08:00,read,key_506,2.46,false,false,0
2025-11-27T17:13:51.041834-08:00,read,key_552,2.53,false,false,0
2025-11-27T17:13:51.052931-08:00,read,key_0,1.47,false,false,0
2025-11-27T17:13:51.064074-08:00,read,key_628,1.75,false,false,0
2025-11-27T17:13:51.075049-08:00,read,key_599,2.54,false,false,0
2025-11-27T17:13:51.086155-08:00,read,key_11,1.69,false,false,0
2025-11-27T17:13:51.097316-08:00,read,key_879,1.86,false,false,0
2025-11-27T17:13:51.108132-08:00,read,key_521,2.60,false,false,0
2025-11-27T17:13:51.1191-08:00,read,key_873,2.52,false,false,0
2025-11-27T17:13:51.130143-08:00,read,key_843,1.27,false,false,0
2025-11-27T17:13:51.141306-08:00,read,key_385,1.89,false,false,0
2025-11-27T17:13:51.152016-08:00,read,key_800,1.15,false,false,0
2025-11-27T17:13:51.162718-08:00,read,key_543,1.33,false,false,0
2025-11-27T17:13:51.173541-08:00,read,key_508,2.19,false,false,0
2025-11-27T17:13:51.184633-08:00,read,key_282,1.31,false,false,0
2025-11-27T17:13:51.195764-08:00,read,key_146,1.41,false,false,0
2025-11-27T17:13:51.206912-08:00,read,key_371,2.46,false,false,0
2025-11-27T17:13:51.218034-08:00,read,key_62,1.66,false,false,0
2025-11-27T17:13:51.228229-08:00,read,key_501,1.47,false,false,0
2025-11-27T17:13:51.239451-08:00,read,key_437,1.67,false,false,0
2025-11-27T17:13:50.9432-08:00,write,key_183,306.25,true,false,34
2025-11-27T17:13:51.249531-08:00,read,key_820,2.70,false,false,0
2025-11-27T17:13:51.259952-08:00,read,key_804,1.57,false,false,0
2025-11-27T17:13:51.270155-08:00,read,key_732,1.41,true,false,13
2025-11-27T17:13:51.281321-08:00,read,key_363,2.67,false,false,0
2025-11-27T17:13:51.292465-08:00,read,key_909,1.76,false,false,0
2025-11-27T17:13:51.303492-08:00,read,key_721,1.43,false,false,0
2025-11-27T17:13:51.314647-08:00,read,key_914,1.68,false,false,0
2025-11-27T17:13:51.325866-08:00,read,key_113,1.63,false,false,0
2025-11-27T17:13:51.336994-08:00,read,key_632,1.43,false,false,0
2025-11-27T17:13:51.348119-08:00,read,key_382,3.12,false,false,0
2025-11-27T17:13:51.359185-08:00,read,key_316,1.81,false,false,0
2025-11-27T17:13:51.370341-08:00,read,key_39,1.69,false,false,0
2025-11-27T17:13:51.38151-08:00,read,key_815,1.59,false,false,0
2025-11-27T17:13:51.392623-08:00,read,key_633,1.45,false,false,0
2025-11-27T17:13:51.403511-08:00,read,key_515,1.53,false,false,0
2025-11-27T17:13:51.414505-08:00,read,key_14,2.50,false,false,0
2025-11-27T17:13:51.425382-08:00,read,key_153,1.77,false,false,0
2025-11-27T17:13:51.436061-08:00,read,key_302,1.72,false,false,0
2025-11-27T17:13:51.447188-08:00,read,key_379,1.53,false,false,0
2025-11-27T17:13:51.458771-08:00,read,key_239,2.33,false,false,0
2025-11-27T17:13:51.469908-08:00,read,key_485,1.67,false,false,0
2025-11-27T17:13:51.480976-08:00,read,key_830,1.36,false,false,0
2025-11-27T17:13:51.491632-08:00,read,key_206,2.46,false,false,0
2025-11-27T17:13:51.502015-08:00,read,key_582,1.51,false,false,0
2025-11-27T17:13:51.513176-08:00,read,key_185,1.52,false,false,0
2025-11-27T17:13:51.523785-08:00,read,key_366,2.10,false,false,0
2025-11-27T17:13:51.534893-08:00,read,key_900,1.32,false,false,0
2025-11-27T17:13:51.545751-08:00,read,key_785,1.45,false,false,0
2025-11-27T17:13:51.556978-08:00,read,key_692,2.79,false,false,0
2025-11-27T17:13:51.567989-08:00,read,key_734,1.50,false,false,0
2025-11-27T17:13:51.579124-08:00,read,key_363,1.37,false,false,0
2025-11-27T17:13:51.590251-08:00,read,key_664,3.17,false,false,0
2025-11-27T17:13:51.601355-08:00,read,key_113,1.68,false,false,0
2025-11-27T17:13:51.612479-08:00,read,key_77,1.54,false,false,0
2025-11-27T17:13:51.625852-08:00,read,key_719,2.09,false,false,0
2025-11-27T17:13:51.635183-08:00,read,key_918,1.65,false,false,0
2025-11-27T17:13:51.646415-08:00,read,key_410,1.93,false,false,0
2025-11-27T17:13:51.656917-08:00,read,key_360,3.05,false,false,0
2025-11-27T17:13:51.668067-08:00,read,key_992,1.62,false,false,0
2025-11-27T17:13:51.679177-08:00,read,key_24,1.54,false,false,0
2025-11-27T17:13:51.689841-08:00,read,key_789,2.84,false,false,0
2025-11-27T17:13:51.701107-08:00,read,key_136,2.05,false,false,0
2025-11-27T17:13:51.711865-08:00,read,key_913,1.42,false,false,0
2025-11-27T17:13:51.722078-08:00,read,key_215,3.10,false,false,0
2025-11-27T17:13:51.733486-08:00,read,key_165,2.40,false,false,0
2025-11-27T17:13:51.74453-08:00,read,key_790,1.42,false,false,0
2025-11-27T17:13:51.755772-08:00,read,key_796,1.82,false,false,0
2025-11-27T17:13:51.767074-08:00,read,key_311,1.91,false,false,0
2025-11-27T17:13:51.778227-08:00,read,key_691,2.01,false,false,0
2025-11-27T17:13:51.789429-08:00,read,key_430,2.83,false,false,0
2025-11-27T17:13:51.79981-08:00,read,key_218,2.38,false,false,0
2025-11-27T17:13:51.810892-08:00,read,key_812,1.37,false,false,0
2025-11-27T17:13:51.821035-08:00,read,key_259,1.60,false,false,0
2025-11-27T17:13:51.831796-08:00,read,key_618,1.91,false,false,0
2025-11-27T17:13:51.843006-08:00,read,key_107,1.11,false,false,0
2025-11-27T17:13:51.853534-08:00,read,key_915,1.83,false,false,0
2025-11-27T17:13:51.864689-08:00,read,key_220,2.03,false,false,0
2025-11-27T17:13:51.876341-08:00,read,key_517,1.87,false,false,0
2025-11-27T17:13:51.886791-08:00,read,key_90,1.60,false,false,0
2025-11-27T17:13:51.897873-08:00,read,key_332,1.44,false,false,0
2025-11-27T17:13:51.908631-08:00,read,key_310,2.04,false,false,0
2025-11-27T17:13:51.919762-08:00,read,key_766,1.46,false,false,0
2025-11-27T17:13:51.930909-08:00,read,key_137,1.65,false,false,0
2025-11-27T17:13:51.941567-08:00,read,key_585,2.85,false,false,0
2025-11-27T17:13:51.952615-08:00,read,key_18,1.73,false,false,0
2025-11-27T17:13:51.96299-08:00,read,key_579,1.76,false,false,0
2025-11-27T17:13:51.974204-08:00,read,key_815,2.33,false,false,0
2025-11-27T17:13:51.985293-08:00,read,key_238,1.58,false,false,0
2025-11-27T17:13:51.996431-08:00,read,key_582,1.49,false,false,0
2025-11-27T17:13:52.007562-08:00,read,key_37,3.00,false,false,0
2025-11-27T17:13:52.018567-08:00,read,key_103,1.70,false,false,0
2025-11-27T17:13:52.029727-08:00,read,key_352,1.45,false,false,0
2025-11-27T17:13:52.040492-08:00,read,key_415,2.90,false,false,0
2025-11-27T17:13:52.051553-08:00,read,key_683,1.35,false,false,0
2025-11-27T17:13:52.062715-08:00,read,key_165,1.46,false,false,0
2025-11-27T17:13:52.0758-08:00,read,key_695,1.91,false,false,0
2025-11-27T17:13:52.087331-08:00,read,key_491,2.27,false,false,0
2025-11-27T17:13:52.098122-08:00,read,key_540,1.88,false,false,0
2025-11-27T17:13:52.109429-08:00,read,key_959,1.83,false,false,0
2025-11-27T17:13:52.120159-08:00,read,key_102,1.39,false,false,0
2025-11-27T17:13:52.131305-08:00,read,key_785,2.58,false,false,0
2025-11-27T17:13:52.142438-08:00,read,key_177,1.33,false,false,0
2025-11-27T17:13:52.153455-08:00,read,key_141,1.48,false,false,0
2025-11-27T17:13:52.164597-08:00,read,key_201,2.02,false,false,0
2025-11-27T17:13:52.175951-08:00,read,key_304,2.16,false,false,0
2025-11-27T17:13:52.187031-08:00,read,key_165,1.36,false,false,0
2025-11-27T17:13:52.198217-08:00,read,key_288,1.67,false,false,0
2025-11-27T17:13:52.209441-08:00,read,key_438,1.76,false,false,0
2025-11-27T17:13:52.220189-08:00,read,key_222,1.37,false,false,0
2025-11-27T17:13:52.231348-08:00,read,key_235,2.00,false,false,0
2025-11-27T17:13:52.242583-08:00,read,key_158,1.75,false,false,0
2025-11-27T17:13:52.253557-08:00,read,key_670,2.21,false,false,0
2025-11-27T17:13:52.264765-08:00,read,key_619,2.04,false,false,0
2025-11-27T17:13:52.275971-08:00,read,key_118,1.84,false,false,0
2025-11-27T17:13:52.286796-08:00,read,key_797,1.48,false,false,0
2025-11-27T17:13:52.29798-08:00,read,key_594,1.81,false,false,0
2025-11-27T17:13:52.308415-08:00,read,key_252,3.03,false,false,0
2025-11-27T17:13:52.319508-08:00,read,key_855,1.73,false,false,0
2025-11-27T17:13:52.330672-08:00,read,key_730,1.73,true,false,16
2025-11-27T17:13:52.341551-08:00,read,key_619,2.21,false,false,0
2025-11-27T17:13:52.351978-08:00,read,key_94,2.12,false,false,0
2025-11-27T17:13:52.363119-08:00,read,key_173,1.63,false,false,0
2025-11-27T17:13:52.373684-08:00,read,key_361,2.91,false,false,0
2025-11-27T17:13:52.384792-08:00,read,key_994,1.42,false,false,0
2025-11-27T17:13:52.395151-08:00,read,key_397,2.50,false,false,0
2025-11-27T17:13:52.405686-08:00,read,key_153,0.79,false,false,0
2025-11-27T17:13:52.416618-08:00,read,key_131,2.37,false,false,0
2025-11-27T17:13:52.427741-08:00,read,key_122,1.62,false,false,0
2025-11-27T17:13:52.438221-08:00,read,key_311,1.58,false,false,0
2025-11-27T17:13:52.448645-08:00,read,key_770,2.55,false,false,0
2025-11-27T17:13:52.459732-08:00,read,key_596,1.74,false,false,0
2025-11-27T17:13:52.470402-08:00,read,key_750,1.37,false,false,0
2025-11-27T17:13:52.481622-08:00,read,key_795,3.28,false,false,0
2025-11-27T17:13:52.492484-08:00,read,key_89,1.65,false,false,0
2025-11-27T17:13:52.50347-08:00,read,key_351,1.51,false,false,0
2025-11-27T17:13:52.514627-08:00,read,key_25,2.52,false,false,0
2025-11-27T17:13:52.526321-08:00,read,key_864,2.44,false,false,0
2025-11-27T17:13:52.537422-08:00,read,key_858,1.80,false,false,0
2025-11-27T17:13:52.548696-08:00,read,key_404,3.93,false,false,0
2025-11-27T17:13:52.560393-08:00,read,key_251,1.84,false,false,0
2025-11-27T17:13:52.57153-08:00,read,key_268,1.74,false,false,0
2025-11-27T17:13:52.582232-08:00,read,key_655,4.21,false,false,0
2025-11-27T17:13:52.593696-08:00,read,key_748,2.69,false,false,0
2025-11-27T17:13:52.604771-08:00,read,key_787,1.73,false,false,0
2025-11-27T17:13:52.615982-08:00,read,key_221,3.41,false,false,0
2025-11-27T17:13:52.626761-08:00,read,key_682,1.63,false,false,0
2025-11-27T17:13:52.637792-08:00,read,key_117,1.91,false,false,0
2025-11-27T17:13:52.649127-08:00,read,key_49,3.62,false,false,0
2025-11-27T17:13:52.659518-08:00,read,key_19,1.69,false,false,0
2025-11-27T17:13:52.670239-08:00,read,key_567,1.96,false,false,0
2025-11-27T17:13:52.681396-08:00,read,key_519,3.38,false,false,0
2025-11-27T17:13:52.692071-08:00,read,key_377,2.78,false,false,0
2025-11-27T17:13:52.702984-08:00,read,key_82,1.63,false,false,0
2025-11-27T17:13:52.713543-08:00,read,key_492,2.07,false,false,0
2025-11-27T17:13:52.725974-08:00,read,key_93,1.82,false,false,0
2025-11-27T17:13:52.736869-08:00,read,key_758,1.96,false,false,0
2025-11-27T17:13:52.74803-08:00,read,key_93,3.41,false,false,0
2025-11-27T17:13:52.760124-08:00,read,key_452,2.11,false,false,0
2025-11-27T17:13:52.770598-08:00,read,key_689,1.58,false,false,0
2025-11-27T17:13:52.781843-08:00,read,key_637,3.37,false,false,0
2025-11-27T17:13:52.793661-08:00,read,key_613,2.55,false,false,0
2025-11-27T17:13:52.803878-08:00,read,key_635,1.65,false,false,0
2025-11-27T17:13:52.815011-08:00,read,key_471,1.72,false,false,0
2025-11-27T17:13:52.826113-08:00,read,key_525,1.54,false,false,0
2025-11-27T17:13:52.836809-08:00,read,key_486,1.48,false,false,0
2025-11-27T17:13:52.847969-08:00,read,key_221,1.84,false,false,0
2025-11-27T17:13:52.858916-08:00,read,key_907,2.19,false,false,0
2025-11-27T17:13:52.870055-08:00,read,key_379,1.82,false,false,0
2025-11-27T17:13:52.881206-08:00,read,key_820,2.10,false,false,0
2025-11-27T17:13:52.891541-08:00,read,key_603,1.95,false,false,0
2025-11-27T17:13:52.901903-08:00,read,key_760,1.19,false,false,0
2025-11-27T17:13:52.913111-08:00,read,key_792,0.82,false,false,0
2025-11-27T17:13:52.924515-08:00,read,key_477,0.93,false,false,0
2025-11-27T17:13:52.935858-08:00,read,key_868,0.85,false,false,0
2025-11-27T17:13:52.94722-08:00,read,key_875,0.71,false,false,0
2025-11-27T17:13:52.957504-08:00,read,key_264,0.89,false,false,0
2025-11-27T17:13:52.968627-08:00,read,key_237,1.14,false,false,0
2025-11-27T17:13:52.979771-08:00,read,key_19,1.11,false,false,0
2025-11-27T17:13:52.990931-08:00,read,key_266,1.00,false,false,0
2025-11-27T17:13:53.00204-08:00,read,key_424,0.74,false,false,0
2025-11-27T17:13:53.013153-08:00,read,key_640,1.47,false,false,0
2025-11-27T17:13:53.024243-08:00,read,key_817,1.34,false,false,0
2025-11-27T17:13:53.035354-08:00,read,key_487,1.29,false,false,0
2025-11-27T17:13:53.046442-08:00,read,key_683,1.02,false,false,0
2025-11-27T17:13:53.056594-08:00,read,key_100,1.69,false,false,0
2025-11-27T17:13:53.067649-08:00,read,key_110,1.45,false,false,0
2025-11-27T17:13:53.078739-08:00,read,key_229,1.35,false,false,0
2025-11-27T17:13:53.089813-08:00,read,key_362,1.60,false,false,0
2025-11-27T17:13:53.10091-08:00,read,key_23,1.54,false,false,0
2025-11-27T17:13:53.112022-08:00,read,key_777,1.18,false,false,0
2025-11-27T17:13:53.123092-08:00,read,key_546,1.45,false,false,0
2025-11-27T17:13:53.134205-08:00,read,key_210,1.52,false,false,0
2025-11-27T17:13:53.145367-08:00,read,key_583,0.94,false,false,0
2025-11-27T17:13:53.156506-08:00,read,key_811,1.46,false,false,0
2025-11-27T17:13:53.167557-08:00,read,key_834,1.50,false,false,0
2025-11-27T17:13:53.178659-08:00,read,key_767,1.40,false,false,0
2025-11-27T17:13:53.189817-08:00,read,key_384,2.50,false,false,0
2025-11-27T17:13:53.200914-08:00,read,key_114,1.72,false,false,0
2025-11-27T17:13:53.212029-08:00,read,key_181,1.43,false,false,0
2025-11-27T17:13:53.222906-08:00,read,key_427,1.67,false,false,0
2025-11-27T17:13:53.234138-08:00,read,key_800,1.85,false,false,0
2025-11-27T17:13:53.245254-08:00,read,key_836,1.86,false,false,0
2025-11-27T17:13:53.256416-08:00,read,key_230,2.05,false,false,0
2025-11-27T17:13:53.267785-08:00,read,key_266,2.34,false,false,0
2025-11-27T17:13:53.278875-08:00,read,key_631,1.63,false,false,0
2025-11-27T17:13:53.28973-08:00,read,key_391,2.19,false,false,0
2025-11-27T17:13:53.300992-08:00,read,key_838,1.75,false,false,0
2025-11-27T17:13:53.311379-08:00,read,key_637,1.56,false,false,0
2025-11-27T17:13:53.322581-08:00,read,key_578,1.85,false,false,0
2025-11-27T17:13:53.333426-08:00,read,key_469,3.15,false,false,0
2025-11-27T17:13:53.344399-08:00,read,key_966,1.57,false,false,0
2025-11-27T17:13:53.35518-08:00,read,key_638,1.48,false,false,0
2025-11-27T17:13:53.366726-08:00,read,key_637,2.06,false,false,0
2025-11-27T17:13:53.377926-08:00,read,key_683,1.62,false,false,0
2025-11-27T17:13:53.389091-08:00,read,key_420,2.75,false,false,0
2025-11-27T17:13:53.399655-08:00,read,key_21,3.57,false,false,0
2025-11-27T17:13:53.410679-08:00,read,key_312,1.50,false,false,0
2025-11-27T17:13:53.421155-08:00,read,key_103,1.81,false,false,0
2025-11-27T17:13:53.431978-08:00,read,key_982,2.36,true,false,5
2025-11-27T17:13:53.442863-08:00,read,key_811,1.73,false,false,0
2025-11-27T17:13:53.453994-08:00,read,key_77,1.42,false,false,0
2025-11-27T17:13:53.465167-08:00,read,key_201,2.94,false,false,0
2025-11-27T17:13:53.475367-08:00,read,key_233,2.07,false,false,0
2025-11-27T17:13:53.486518-08:00,read,key_400,1.50,false,false,0
2025-11-27T17:13:53.497724-08:00,read,key_732,2.59,true,false,13
2025-11-27T17:13:53.518482-08:00,read,key_434,1.70,false,false,0
2025-11-27T17:13:53.529261-08:00,read,key_311,1.87,false,false,0
2025-11-27T17:13:53.540489-08:00,read,key_368,2.68,true,false,6
2025-11-27T17:13:53.551293-08:00,read,key_108,1.75,false,false,0
2025-11-27T17:13:53.562431-08:00,read,key_626,1.45,false,false,0
2025-11-27T17:13:53.573473-08:00,read,key_125,2.57,false,false,0
2025-11-27T17:13:53.584578-08:00,read,key_671,1.85,false,false,0
2025-11-27T17:13:53.595737-08:00,read,key_579,1.47,false,false,0
2025-11-27T17:13:53.606923-08:00,read,key_414,2.72,false,false,0
2025-11-27T17:13:53.617966-08:00,read,key_155,1.67,false,false,0
2025-11-27T17:13:53.628322-08:00,read,key_662,1.56,false,false,0
2025-11-27T17:13:53.639518-08:00,read,key_969,1.85,false,false,0
2025-11-27T17:13:53.651727-08:00,read,key_857,1.66,true,false,35
2025-11-27T17:13:53.662828-08:00,read,key_661,1.56,false,false,0
2025-11-27T17:13:53.673368-08:00,read,key_334,2.86,false,false,0
2025-11-27T17:13:53.684556-08:00,read,key_206,1.73,false,false,0
2025-11-27T17:13:53.695693-08:00,read,key_986,1.59,false,false,0
2025-11-27T17:13:53.706846-08:00,read,key_897,2.76,false,false,0
2025-11-27T17:13:53.717992-08:00,read,key_483,1.74,true,false,14
2025-11-27T17:13:53.728461-08:00,read,key_892,1.48,false,false,0
2025-11-27T17:13:53.739768-08:00,read,key_590,1.96,false,false,0
2025-11-27T17:13:53.7513-08:00,read,key_689,1.94,false,false,0
2025-11-27T17:13:53.762451-08:00,read,key_429,1.49,false,false,0
2025-11-27T17:13:53.773638-08:00,read,key_228,2.81,false,false,0
2025-11-27T17:13:53.783936-08:00,read,key_256,2.22,false,false,0
2025-11-27T17:13:53.795079-08:00,read,key_277,1.62,false,false,0
2025-11-27T17:13:53.806352-08:00,read,key_711,2.95,false,false,0
2025-11-27T17:13:53.817178-08:00,read,key_9,2.06,false,false,0
2025-11-27T17:13:53.508132-08:00,write,key_857,311.20,true,false,35
2025-11-27T17:13:53.828308-08:00,read,key_7,1.31,false,false,0
2025-11-27T17:13:53.839475-08:00,read,key_136,2.92,false,false,0
2025-11-27T17:13:53.850503-08:00,read,key_235,2.04,false,false,0
2025-11-27T17:13:53.860741-08:00,read,key_188,1.80,false,false,0
2025-11-27T17:13:53.871892-08:00,read,key_246,1.37,false,false,0
2025-11-27T17:13:53.883065-08:00,read,key_433,1.76,false,false,0
2025-11-27T17:13:53.894171-08:00,read,key_850,1.81,false,false,0
2025-11-27T17:13:53.905293-08:00,read,key_860,1.60,false,false,0
2025-11-27T17:13:53.916472-08:00,read,key_960,1.28,false,false,0
2025-11-27T17:13:53.927556-08:00,read,key_161,1.39,false,false,0
2025-11-27T17:13:53.938678-08:00,read,key_264,1.69,false,false,0
2025-11-27T17:13:53.949814-08:00,read,key_420,1.03,false,false,0
2025-11-27T17:13:53.960941-08:00,read,key_515,1.44,false,false,0
2025-11-27T17:13:53.972043-08:00,read,key_46,1.54,false,false,0
2025-11-27T17:13:53.983118-08:00,read,key_292,1.27,true,false,2
2025-11-27T17:13:53.994214-08:00,read,key_476,1.46,false,false,0
2025-11-27T17:13:54.005302-08:00,read,key_847,1.18,false,false,0
2025-11-27T17:13:54.016423-08:00,read,key_214,0.93,false,false,0
2025-11-27T17:13:54.027516-08:00,read,key_818,1.34,false,false,0
2025-11-27T17:13:54.038618-08:00,read,key_604,1.26,false,false,0
2025-11-27T17:13:54.049704-08:00,read,key_200,1.51,false,false,0
2025-11-27T17:13:54.060781-08:00,read,key_912,1.38,false,false,0
2025-11-27T17:13:54.071858-08:00,read,key_906,1.83,false,false,0
2025-11-27T17:13:54.094055-08:00,read,key_665,1.63,true,false,27
2025-11-27T17:13:54.105132-08:00,read,key_78,1.31,false,false,0
2025-11-27T17:13:54.116224-08:00,read,key_417,1.08,false,false,0
2025-11-27T17:13:54.138245-08:00,read,key_597,1.64,false,false,0
2025-11-27T17:13:54.1498-08:00,read,key_854,2.71,false,false,0
2025-11-27T17:13:54.160878-08:00,read,key_313,1.46,false,false,0
2025-11-27T17:13:54.172015-08:00,read,key_145,1.69,false,false,0
2025-11-27T17:13:54.182746-08:00,read,key_254,2.73,false,false,0
2025-11-27T17:13:54.193456-08:00,read,key_663,1.91,false,false,0
2025-11-27T17:13:54.204621-08:00,read,key_477,1.55,false,false,0
2025-11-27T17:13:54.215767-08:00,read,key_999,2.94,false,false,0
2025-11-27T17:13:54.226851-08:00,read,key_876,1.40,false,false,0
2025-11-27T17:13:54.238036-08:00,read,key_41,1.57,true,false,19
2025-11-27T17:13:54.249123-08:00,read,key_425,3.28,false,false,0
2025-11-27T17:13:54.260036-08:00,read,key_543,1.52,false,false,0
2025-11-27T17:13:54.271212-08:00,read,key_224,1.87,false,false,0
2025-11-27T17:13:54.28246-08:00,read,key_152,2.60,false,false,0
2025-11-27T17:13:54.293524-08:00,read,key_900,1.47,false,false,0
2025-11-27T17:13:54.305081-08:00,read,key_71,1.89,false,false,0
2025-11-27T17:13:54.316655-08:00,read,key_843,2.54,false,false,0
2025-11-27T17:13:54.326797-08:00,read,key_581,1.79,false,false,0
2025-11-27T17:13:54.337917-08:00,read,key_137,1.50,false,false,0
2025-11-27T17:13:54.349117-08:00,read,key_471,2.57,false,false,0
2025-11-27T17:13:54.360277-08:00,read,key_528,1.38,false,false,0
2025-11-27T17:13:54.371447-08:00,read,key_367,1.85,false,false,0
2025-11-27T17:13:54.382606-08:00,read,key_677,2.78,false,false,0
2025-11-27T17:13:54.082936-08:00,write,key_688,304.46,true,false,36
2025-11-27T17:13:54.393517-08:00,read,key_354,1.43,false,false,0
2025-11-27T17:13:54.404396-08:00,read,key_241,1.63,false,false,0
2025-11-27T17:13:54.415543-08:00,read,key_304,2.73,false,false,0
2025-11-27T17:13:54.426672-08:00,read,key_638,1.63,false,false,0
2025-11-27T17:13:54.127326-08:00,write,key_442,304.80,true,false,36
2025-11-27T17:13:54.437427-08:00,read,key_581,1.70,false,false,0
2025-11-27T17:13:54.44857-08:00,read,key_316,3.08,false,false,0
2025-11-27T17:13:54.459697-08:00,read,key_589,1.71,false,false,0
2025-11-27T17:13:54.470227-08:00,read,key_338,1.66,false,false,0
2025-11-27T17:13:54.481367-08:00,read,key_316,1.91,false,false,0
2025-11-27T17:13:54.492786-08:00,read,key_223,1.95,false,false,0
2025-11-27T17:13:54.503904-08:00,read,key_491,1.52,false,false,0
2025-11-27T17:13:54.515089-08:00,read,key_304,3.23,false,false,0
2025-11-27T17:13:54.526081-08:00,read,key_33,1.39,false,false,0
2025-11-27T17:13:54.536298-08:00,read,key_47,1.45,false,false,0
2025-11-27T17:13:54.546566-08:00,read,key_866,1.43,false,false,0
2025-11-27T17:13:54.558141-08:00,read,key_436,2.92,false,false,0
2025-11-27T17:13:54.569166-08:00,read,key_908,1.43,false,false,0
2025-11-27T17:13:54.580321-08:00,read,key_606,1.66,false,false,0
2025-11-27T17:13:54.591307-08:00,read,key_490,2.72,false,false,0
2025-11-27T17:13:54.602214-08:00,read,key_771,1.61,false,false,0
2025-11-27T17:13:54.613383-08:00,read,key_679,1.96,false,false,0
2025-11-27T17:13:54.624782-08:00,read,key_797,2.57,false,false,0
2025-11-27T17:13:54.635528-08:00,read,key_219,1.54,false,false,0
2025-11-27T17:13:54.646467-08:00,read,key_790,1.78,false,false,0
2025-11-27T17:13:54.657638-08:00,read,key_632,2.70,false,false,0
2025-11-27T17:13:54.668056-08:00,read,key_560,1.56,false,false,0
2025-11-27T17:13:54.678452-08:00,read,key_196,1.40,false,false,0
2025-11-27T17:13:54.689637-08:00,read,key_175,3.81,false,false,0
2025-11-27T17:13:54.700892-08:00,read,key_294,2.01,false,false,0
2025-11-27T17:13:54.711274-08:00,read,key_508,1.63,false,false,0
2025-11-27T17:13:54.721927-08:00,read,key_420,3.76,false,false,0
2025-11-27T17:13:54.732557-08:00,read,key_995,2.45,false,false,0
2025-11-27T17:13:54.743635-08:00,read,key_829,1.38,false,false,0
2025-11-27T17:13:54.754045-08:00,read,key_572,1.70,false,false,0
2025-11-27T17:13:54.765173-08:00,read,key_469,1.73,false,false,0
2025-11-27T17:13:54.77633-08:00,read,key_798,2.79,false,false,0
2025-11-27T17:13:54.787416-08:00,read,key_654,1.67,false,false,0
2025-11-27T17:13:54.798698-08:00,read,key_729,1.65,false,false,0
2025-11-27T17:13:54.809497-08:00,read,key_612,1.09,false,false,0
2025-11-27T17:13:54.820779-08:00,read,key_115,0.95,false,false,0
2025-11-27T17:13:54.831932-08:00,read,key_724,1.15,false,false,0
2025-11-27T17:13:54.842773-08:00,read,key_724,0.97,false,false,0
2025-11-27T17:13:54.853932-08:00,read,key_77,0.74,false,false,0
2025-11-27T17:13:54.864409-08:00,read,key_43,0.75,false,false,0
2025-11-27T17:13:54.875575-08:00,read,key_110,0.66,false,false,0
2025-11-27T17:13:54.886714-08:00,read,key_387,0.75,false,false,0
2025-11-27T17:13:54.897916-08:00,read,key_797,0.64,false,false,0
2025-11-27T17:13:54.909171-08:00,read,key_242,0.80,false,false,0
2025-11-27T17:13:54.920157-08:00,read,key_632,1.79,false,false,0
2025-11-27T17:13:54.931366-08:00,read,key_481,0.98,false,false,0
2025-11-27T17:13:54.942625-08:00,read,key_703,0.77,false,false,0
2025-11-27T17:13:54.953455-08:00,read,key_593,0.79,false,false,0
2025-11-27T17:13:54.964659-08:00,read,key_739,1.82,false,false,0
2025-11-27T17:13:54.975175-08:00,read,key_105,1.72,false,false,0
2025-11-27T17:13:54.986303-08:00,read,key_379,1.42,false,false,0
2025-11-27T17:13:54.997553-08:00,read,key_798,1.60,false,false,0
2025-11-27T17:13:55.008231-08:00,read,key_464,2.51,false,false,0
2025-11-27T17:13:55.019335-08:00,read,key_697,1.65,false,false,0
2025-11-27T17:13:55.030497-08:00,read,key_903,2.19,false,false,0
2025-11-27T17:13:55.042212-08:00,read,key_963,2.24,false,false,0
2025-11-27T17:13:55.053376-08:00,read,key_933,1.61,false,false,0
2025-11-27T17:13:55.064153-08:00,read,key_838,1.62,false,false,0
2025-11-27T17:13:55.075499-08:00,read,key_984,2.46,false,false,0
2025-11-27T17:13:55.086611-08:00,read,key_972,2.00,false,false,0
2025-11-27T17:13:55.097747-08:00,read,key_374,2.32,false,false,0
2025-11-27T17:13:55.108912-08:00,read,key_234,1.66,false,false,0
2025-11-27T17:13:55.119647-08:00,read,key_695,1.70,false,false,0
2025-11-27T17:13:55.129996-08:00,read,key_841,1.63,false,false,0
2025-11-27T17:13:55.141227-08:00,read,key_859,2.65,false,false,0
2025-11-27T17:13:55.152368-08:00,read,key_761,1.74,false,false,0
2025-11-27T17:13:55.163547-08:00,read,key_857,1.94,true,false,35
2025-11-27T17:13:55.175518-08:00,read,key_28,2.12,false,false,0
2025-11-27T17:13:55.186739-08:00,read,key_772,2.01,false,false,0
2025-11-27T17:13:55.197411-08:00,read,key_996,1.74,false,false,0
2025-11-27T17:13:55.20869-08:00,read,key_750,2.11,false,false,0
2025-11-27T17:13:55.219837-08:00,read,key_691,1.56,false,false,0
2025-11-27T17:13:55.230006-08:00,read,key_181,1.82,false,false,0
2025-11-27T17:13:55.241178-08:00,read,key_102,2.57,false,false,0
2025-11-27T17:13:55.252288-08:00,read,key_544,1.59,false,false,0
2025-11-27T17:13:55.263235-08:00,read,key_788,1.41,false,false,0
2025-11-27T17:13:55.274392-08:00,read,key_318,3.07,false,false,0
2025-11-27T17:13:55.285497-08:00,read,key_930,1.31,false,false,0
2025-11-27T17:13:55.296669-08:00,read,key_254,1.88,false,false,0
2025-11-27T17:13:55.307216-08:00,read,key_602,2.50,false,false,0
2025-11-27T17:13:55.317779-08:00,read,key_483,1.53,true,false,14
2025-11-27T17:13:55.328939-08:00,read,key_20,1.48,false,false,0
2025-11-27T17:13:55.340138-08:00,read,key_472,3.22,false,false,0
2025-11-27T17:13:55.351337-08:00,read,key_387,1.67,false,false,0
2025-11-27T17:13:55.362556-08:00,read,key_671,2.01,false,false,0
2025-11-27T17:13:55.373724-08:00,read,key_728,2.56,false,false,0
2025-11-27T17:13:55.3848-08:00,read,key_496,1.57,false,false,0
2025-11-27T17:13:55.39598-08:00,read,key_692,1.66,false,false,0
2025-11-27T17:13:55.406865-08:00,read,key_241,2.01,false,false,0
2025-11-27T17:13:55.417507-08:00,read,key_424,1.47,false,false,0
2025-11-27T17:13:55.428688-08:00,read,key_79,1.76,false,false,0
2025-11-27T17:13:55.439251-08:00,read,key_540,2.61,false,false,0
2025-11-27T17:13:55.450132-08:00,read,key_834,1.14,false,false,0
2025-11-27T17:13:55.461408-08:00,read,key_594,1.01,false,false,0
2025-11-27T17:13:55.472646-08:00,read,key_695,0.79,false,false,0
2025-11-27T17:13:55.483753-08:00,read,key_660,2.30,false,false,0
2025-11-27T17:13:55.494912-08:00,read,key_410,1.49,false,false,0
2025-11-27T17:13:55.506114-08:00,read,key_492,1.60,false,false,0
2025-11-27T17:13:55.51783-08:00,read,key_366,2.17,false,false,0
2025-11-27T17:13:55.528048-08:00,read,key_136,1.44,false,false,0
2025-11-27T17:13:55.538968-08:00,read,key_700,1.37,false,false,0
2025-11-27T17:13:55.55043-08:00,read,key_573,2.39,false,false,0
2025-11-27T17:13:55.561479-08:00,read,key_905,1.81,false,false,0
2025-11-27T17:13:55.572645-08:00,read,key_261,1.52,false,false,0
2025-11-27T17:13:55.582872-08:00,read,key_681,3.21,false,false,0
2025-11-27T17:13:55.593857-08:00,read,key_119,1.59,false,false,0
2025-11-27T17:13:55.604994-08:00,read,key_660,1.43,false,false,0
2025-11-27T17:13:55.615457-08:00,read,key_1,2.89,false,false,0
2025-11-27T17:13:55.626469-08:00,read,key_171,1.76,false,false,0
2025-11-27T17:13:55.637597-08:00,read,key_4,1.44,false,false,0
2025-11-27T17:13:55.648743-08:00,read,key_107,3.01,false,false,0
2025-11-27T17:13:55.659529-08:00,read,key_71,1.45,false,false,0
2025-11-27T17:13:55.670637-08:00,read,key_445,1.40,false,false,0
2025-11-27T17:13:55.681735-08:00,read,key_962,2.58,false,false,0
2025-11-27T17:13:55.692889-08:00,read,key_142,1.83,false,false,0
2025-11-27T17:13:55.704056-08:00,read,key_160,1.48,false,false,0
2025-11-27T17:13:55.715238-08:00,read,key_997,2.93,false,false,0
2025-11-27T17:13:55.726281-08:00,read,key_178,1.88,false,false,0
2025-11-27T17:13:55.737464-08:00,read,key_631,1.60,false,false,0
2025-11-27T17:13:55.748259-08:00,read,key_626,1.98,false,false,0
2025-11-27T17:13:55.759417-08:00,read,key_57,1.55,false,false,0
2025-11-27T17:13:55.769734-08:00,read,key_690,1.65,false,false,0
2025-11-27T17:13:55.780848-08:00,read,key_360,1.60,false,false,0
2025-11-27T17:13:55.792085-08:00,read,key_816,2.04,false,false,0
2025-11-27T17:13:55.802622-08:00,read,key_404,1.60,false,false,0
2025-11-27T17:13:55.813849-08:00,read,key_961,1.67,false,false,0
2025-11-27T17:13:55.824863-08:00,read,key_133,2.44,false,false,0
2025-11-27T17:13:55.83598-08:00,read,key_633,1.49,false,false,0
2025-11-27T17:13:55.847202-08:00,read,key_226,1.90,false,false,0
2025-11-27T17:13:55.857691-08:00,read,key_694,2.96,false,false,0
2025-11-27T17:13:55.868799-08:00,read,key_518,2.84,false,false,0
2025-11-27T17:13:55.879373-08:00,read,key_567,1.57,false,false,0
2025-11-27T17:13:55.890651-08:00,read,key_851,2.52,false,false,0
2025-11-27T17:13:55.90113-08:00,read,key_471,1.29,false,false,0
2025-11-27T17:13:55.912263-08:00,read,key_392,1.53,false,false,0
2025-11-27T17:13:55.923095-08:00,read,key_134,2.00,false,false,0
2025-11-27T17:13:55.93349-08:00,read,key_611,1.45,false,false,0
2025-11-27T17:13:55.944916-08:00,read,key_385,1.65,false,false,0
2025-11-27T17:13:55.955119-08:00,read,key_285,2.06,false,false,0
2025-11-27T17:13:55.96637-08:00,read,key_590,3.48,false,false,0
2025-11-27T17:13:55.977333-08:00,read,key_374,1.75,false,false,0
2025-11-27T17:13:55.98848-08:00,read,key_820,2.78,false,false,0
2025-11-27T17:13:55.999576-08:00,read,key_582,2.73,false,false,0
2025-11-27T17:13:56.010662-08:00,read,key_182,1.44,false,false,0
2025-11-27T17:13:56.021817-08:00,read,key_865,1.67,false,false,0
2025-11-27T17:13:56.033476-08:00,read,key_306,2.56,false,false,0
2025-11-27T17:13:56.04455-08:00,read,key_374,1.49,false,false,0
2025-11-27T17:13:56.05531-08:00,read,key_38,1.86,false,false,0
2025-11-27T17:13:56.06614-08:00,read,key_402,2.98,false,false,0
2025-11-27T17:13:56.076576-08:00,read,key_139,1.87,false,false,0
2025-11-27T17:13:56.087749-08:00,read,key_300,2.30,false,false,0
2025-11-27T17:13:56.098601-08:00,read,key_529,2.87,false,false,0
2025-11-27T17:13:56.109705-08:00,read,key_799,1.71,false,false,0
2025-11-27T17:13:56.120225-08:00,read,key_290,1.54,false,false,0
2025-11-27T17:13:56.131395-08:00,read,key_296,2.25,false,false,0
2025-11-27T17:13:56.142636-08:00,read,key_87,1.79,false,false,0
2025-11-27T17:13:56.15377-08:00,read,key_127,1.59,false,false,0
2025-11-27T17:13:56.165021-08:00,read,key_89,3.34,false,false,0
2025-11-27T17:13:56.17613-08:00,read,key_394,1.62,false,false,0
2025-11-27T17:13:56.186913-08:00,read,key_660,1.71,false,false,0
2025-11-27T17:13:56.198082-08:00,read,key_611,2.05,false,false,0
2025-11-27T17:13:56.209353-08:00,read,key_225,1.79,false,false,0
2025-11-27T17:13:56.220526-08:00,read,key_371,1.43,false,false,0
2025-11-27T17:13:56.231738-08:00,read,key_8,3.12,false,false,0
2025-11-27T17:13:56.242809-08:00,read,key_269,1.86,false,false,0
2025-11-27T17:13:56.253941-08:00,read,key_542,1.59,false,false,0
2025-11-27T17:13:56.265138-08:00,read,key_816,2.48,false,false,0
2025-11-27T17:13:56.276902-08:00,read,key_430,1.94,false,false,0
2025-11-27T17:13:56.28801-08:00,read,key_978,1.51,false,false,0
2025-11-27T17:13:56.299151-08:00,read,key_184,2.38,false,false,0
2025-11-27T17:13:56.310295-08:00,read,key_190,1.80,false,false,0
2025-11-27T17:13:56.321466-08:00,read,key_673,1.87,false,false,0
2025-11-27T17:13:56.332263-08:00,read,key_911,2.34,false,false,0
2025-11-27T17:13:56.343377-08:00,read,key_673,1.46,false,false,0
2025-11-27T17:13:56.354627-08:00,read,key_734,1.63,false,false,0
2025-11-27T17:13:56.365876-08:00,read,key_250,2.38,false,false,0
2025-11-27T17:13:56.376982-08:00,read,key_685,1.46,false,false,0
2025-11-27T17:13:56.388146-08:00,read,key_262,2.02,false,false,0
2025-11-27T17:13:56.399367-08:00,read,key_541,2.96,false,false,0
2025-11-27T17:13:56.410413-08:00,read,key_829,1.46,false,false,0
2025-11-27T17:13:56.421573-08:00,read,key_637,1.57,false,false,0
2025-11-27T17:13:56.432761-08:00,read,key_863,2.77,false,false,0
2025-11-27T17:13:56.44364-08:00,read,key_730,1.36,true,false,16
2025-11-27T17:13:56.454763-08:00,read,key_207,1.95,false,false,0
2025-11-27T17:13:56.46591-08:00,read,key_482,2.46,false,false,0
2025-11-27T17:13:56.477023-08:00,read,key_716,1.42,false,false,0
2025-11-27T17:13:56.488221-08:00,read,key_428,1.94,false,false,0
2025-11-27T17:13:56.498849-08:00,read,key_232,2.26,false,false,0
2025-11-27T17:13:56.509866-08:00,read,key_829,1.54,false,false,0
2025-11-27T17:13:56.520307-08:00,read,key_84,1.51,false,false,0
2025-11-27T17:13:56.530739-08:00,read,key_36,1.54,false,false,0
2025-11-27T17:13:56.542205-08:00,read,key_852,1.79,false,false,0
2025-11-27T17:13:56.553331-08:00,read,key_10,1.78,false,false,0
2025-11-27T17:13:56.563498-08:00,read,key_633,1.73,false,false,0
2025-11-27T17:13:56.575316-08:00,read,key_819,2.10,false,false,0
2025-11-27T17:13:56.586428-08:00,read,key_314,1.71,true,false,12
2025-11-27T17:13:56.597604-08:00,read,key_568,1.92,false,false,0
2025-11-27T17:13:56.608815-08:00,read,key_700,2.50,false,false,0
2025-11-27T17:13:56.620045-08:00,read,key_16,2.63,false,false,0
2025-11-27T17:13:56.631159-08:00,read,key_468,1.84,false,false,0
2025-11-27T17:13:56.641919-08:00,read,key_765,2.66,false,false,0
2025-11-27T17:13:56.652967-08:00,read,key_262,1.82,false,false,0
2025-11-27T17:13:56.664104-08:00,read,key_682,1.96,false,false,0
2025-11-27T17:13:56.675433-08:00,read,key_148,1.84,false,false,0
2025-11-27T17:13:56.686573-08:00,read,key_240,1.46,false,false,0
2025-11-27T17:13:56.696822-08:00,read,key_791,1.52,false,false,0
2025-11-27T17:13:56.707953-08:00,read,key_531,2.87,false,false,0
2025-11-27T17:13:56.719011-08:00,read,key_788,1.44,false,false,0
2025-11-27T17:13:56.730145-08:00,read,key_491,1.78,false,false,0
2025-11-27T17:13:56.741372-08:00,read,key_781,3.07,false,false,0
2025-11-27T17:13:56.751965-08:00,read,key_386,1.46,false,false,0
2025-11-27T17:13:56.763185-08:00,read,key_842,1.72,false,false,0
2025-11-27T17:13:56.774077-08:00,read,key_149,2.19,false,false,0
2025-11-27T17:13:56.785219-08:00,read,key_6,1.74,false,false,0
2025-11-27T17:13:56.795356-08:00,read,key_314,1.38,true,false,12
2025-11-27T17:13:56.806633-08:00,read,key_7,2.42,false,false,0
2025-11-27T17:13:56.817048-08:00,read,key_630,2.58,false,false,0
2025-11-27T17:13:56.828689-08:00,read,key_772,1.95,false,false,0
2025-11-27T17:13:56.839949-08:00,read,key_467,3.26,false,false,0
2025-11-27T17:13:56.850983-08:00,read,key_811,1.48,false,false,0
2025-11-27T17:13:56.862193-08:00,read,key_756,1.88,false,false,0
2025-11-27T17:13:56.873363-08:00,read,key_707,3.61,false,false,0
2025-11-27T17:13:56.883959-08:00,read,key_15,1.85,false,false,0
2025-11-27T17:13:56.895176-08:00,read,key_470,1.45,false,false,0
2025-11-27T17:13:56.906354-08:00,read,key_760,1.62,false,false,0
2025-11-27T17:13:56.917018-08:00,read,key_78,1.70,false,false,0
2025-11-27T17:13:56.927959-08:00,read,key_980,1.68,false,false,0
2025-11-27T17:13:56.939168-08:00,read,key_407,1.90,false,false,0
2025-11-27T17:13:56.950258-08:00,read,key_139,1.92,false,false,0
2025-11-27T17:13:56.961322-08:00,read,key_13,2.09,true,false,30
2025-11-27T17:13:56.972478-08:00,read,key_452,1.58,false,false,0
2025-11-27T17:13:56.983653-08:00,read,key_247,1.87,false,false,0
2025-11-27T17:13:56.995129-08:00,read,key_257,2.36,false,false,0
2025-11-27T17:13:57.006314-08:00,read,key_147,1.71,false,false,0
2025-11-27T17:13:57.017207-08:00,read,key_638,2.03,false,false,0
2025-11-27T17:13:57.028517-08:00,read,key_367,2.89,false,false,0
2025-11-27T17:13:57.039199-08:00,read,key_336,1.53,false,false,0
2025-11-27T17:13:57.050428-08:00,read,key_414,1.77,false,false,0
2025-11-27T17:13:57.061337-08:00,read,key_881,2.89,false,false,0
2025-11-27T17:13:57.072328-08:00,read,key_606,1.54,false,false,0
2025-11-27T17:13:57.083516-08:00,read,key_233,1.79,false,false,0
2025-11-27T17:13:57.094756-08:00,read,key_119,3.09,false,false,0
2025-11-27T17:13:57.105812-08:00,read,key_786,1.56,false,false,0
2025-11-27T17:13:57.116359-08:00,read,key_176,1.71,false,false,0
2025-11-27T17:13:57.127523-08:00,read,key_165,2.80,false,false,0
2025-11-27T17:13:57.138599-08:00,read,key_394,1.41,false,false,0
2025-11-27T17:13:57.149255-08:00,read,key_10,1.52,false,false,0
2025-11-27T17:13:57.160444-08:00,read,key_466,1.95,false,false,0
2025-11-27T17:13:57.171706-08:00,read,key_789,2.01,false,false,0
2025-11-27T17:13:57.182835-08:00,read,key_512,1.84,false,false,0
2025-11-27T17:13:57.193969-08:00,read,key_35,2.82,false,false,0
2025-11-27T17:13:57.205211-08:00,read,key_524,1.29,false,false,0
2025-11-27T17:13:57.216362-08:00,read,key_857,1.50,true,false,35
2025-11-27T17:13:57.227304-08:00,read,key_675,1.81,false,false,0
2025-11-27T17:13:57.238031-08:00,read,key_257,2.68,false,false,0
2025-11-27T17:13:57.248379-08:00,read,key_577,1.77,false,false,0
2025-11-27T17:13:57.259255-08:00,read,key_866,1.84,false,false,0
2025-11-27T17:13:57.269619-08:00,read,key_873,2.79,false,false,0
2025-11-27T17:13:57.280661-08:00,read,key_916,1.47,false,false,0
2025-11-27T17:13:57.29105-08:00,read,key_814,1.41,false,false,0
2025-11-27T17:13:57.302287-08:00,read,key_375,1.44,false,false,0
2025-11-27T17:13:57.312795-08:00,read,key_189,2.45,false,false,0
2025-11-27T17:13:57.323352-08:00,read,key_409,1.82,true,false,22
2025-11-27T17:13:57.334244-08:00,read,key_680,1.47,false,false,0
2025-11-27T17:13:57.344936-08:00,read,key_584,2.91,false,false,0
2025-11-27T17:13:57.35605-08:00,read,key_227,1.60,false,false,0
2025-11-27T17:13:57.367184-08:00,read,key_118,1.80,false,false,0
2025-11-27T17:13:57.377977-08:00,read,key_850,2.47,false,false,0
2025-11-27T17:13:57.389039-08:00,read,key_238,1.48,false,false,0
2025-11-27T17:13:57.39945-08:00,read,key_472,1.62,false,false,0
2025-11-27T17:13:57.410728-08:00,read,key_528,2.37,false,false,0
2025-11-27T17:13:57.42185-08:00,read,key_11,1.59,false,false,0
2025-11-27T17:13:57.432922-08:00,read,key_591,1.44,false,false,0
2025-11-27T17:13:57.444075-08:00,read,key_829,2.78,false,false,0
2025-11-27T17:13:57.45524-08:00,read,key_488,1.99,false,false,0
2025-11-27T17:13:57.466198-08:00,read,key_175,1.54,false,false,0
2025-11-27T17:13:57.477421-08:00,read,key_840,2.74,false,false,0
2025-11-27T17:13:57.488531-08:00,read,key_217,2.08,false,false,0
2025-11-27T17:13:57.499288-08:00,read,key_843,1.60,false,false,0
2025-11-27T17:13:57.510457-08:00,read,key_3,1.83,false,false,0
2025-11-27T17:13:57.521608-08:00,read,key_625,1.69,false,false,0
2025-11-27T17:13:57.532667-08:00,read,key_246,2.15,false,false,0
2025-11-27T17:13:57.543786-08:00,read,key_19,1.81,false,false,0
2025-11-27T17:13:57.555267-08:00,read,key_131,1.68,false,false,0
2025-11-27T17:13:57.566505-08:00,read,key_36,1.69,false,false,0
2025-11-27T17:13:57.577639-08:00,read,key_608,2.75,false,false,0
2025-11-27T17:13:57.588151-08:00,read,key_516,2.60,false,false,0
2025-11-27T17:13:57.59931-08:00,read,key_252,2.23,false,false,0
2025-11-27T17:13:57.60947-08:00,read,key_719,1.54,false,false,0
2025-11-27T17:13:57.621313-08:00,read,key_437,1.71,false,false,0
2025-11-27T17:13:57.632428-08:00,read,key_679,1.47,false,false,0
2025-11-27T17:13:57.643618-08:00,read,key_817,2.63,false,false,0
2025-11-27T17:13:57.654739-08:00,read,key_898,1.98,false,false,0
2025-11-27T17:13:57.665263-08:00,read,key_180,1.56,false,false,0
2025-11-27T17:13:57.676918-08:00,read,key_5,1.90,false,false,0
2025-11-27T17:13:57.688323-08:00,read,key_130,2.01,false,false,0
2025-11-27T17:13:57.699497-08:00,read,key_333,1.60,false,false,0
2025-11-27T17:13:57.710672-08:00,read,key_134,2.12,false,false,0
2025-11-27T17:13:57.721784-08:00,read,key_850,1.77,false,false,0
2025-11-27T17:13:57.732216-08:00,read,key_207,1.57,false,false,0
2025-11-27T17:13:57.743367-08:00,read,key_460,2.28,true,false,17
2025-11-27T17:13:57.754809-08:00,read,key_497,2.12,false,false,0
2025-11-27T17:13:57.76596-08:00,read,key_216,1.93,false,false,0
2025-11-27T17:13:57.777154-08:00,read,key_117,2.74,false,false,0
2025-11-27T17:13:57.788441-08:00,read,key_505,1.83,false,false,0
2025-11-27T17:13:57.799587-08:00,read,key_390,1.67,false,false,0
2025-11-27T17:13:57.810783-08:00,read,key_631,3.12,false,false,0
2025-11-27T17:13:57.821784-08:00,read,key_739,1.68,false,false,0
2025-11-27T17:13:57.832909-08:00,read,key_764,1.41,false,false,0
2025-11-27T17:13:57.844073-08:00,read,key_828,2.92,false,false,0
2025-11-27T17:13:57.855349-08:00,read,key_767,1.65,false,false,0
2025-11-27T17:13:57.865531-08:00,read,key_401,1.92,false,false,0
2025-11-27T17:13:57.876653-08:00,read,key_904,1.43,false,false,0
2025-11-27T17:13:57.899143-08:00,read,key_214,1.68,false,false,0
2025-11-27T17:13:57.922013-08:00,read,key_315,2.18,false,false,0
2025-11-27T17:13:57.933138-08:00,read,key_540,1.15,false,false,0
2025-11-27T17:13:57.94431-08:00,read,key_419,2.56,false,false,0
2025-11-27T17:13:57.955515-08:00,read,key_109,1.51,false,false,0
2025-11-27T17:13:57.966209-08:00,read,key_51,1.52,false,false,0
2025-11-27T17:13:57.977385-08:00,read,key_684,1.49,false,false,0
2025-11-27T17:13:57.988566-08:00,read,key_193,2.18,true,false,7
2025-11-27T17:13:57.998805-08:00,read,key_681,1.96,false,false,0
2025-11-27T17:13:58.009035-08:00,read,key_791,1.51,false,false,0
2025-11-27T17:13:58.019765-08:00,read,key_37,2.34,false,false,0
2025-11-27T17:13:58.030501-08:00,read,key_530,1.64,false,false,0
2025-11-27T17:13:58.040942-08:00,read,key_498,2.06,false,false,0
2025-11-27T17:13:58.052159-08:00,read,key_223,3.39,false,false,0
2025-11-27T17:13:58.063031-08:00,read,key_351,1.88,false,false,0
2025-11-27T17:13:58.073796-08:00,read,key_25,1.69,false,false,0
2025-11-27T17:13:58.084906-08:00,read,key_139,2.16,false,false,0
2025-11-27T17:13:58.096085-08:00,read,key_149,2.15,false,false,0
2025-11-27T17:13:58.107272-08:00,read,key_665,1.90,true,false,27
2025-11-27T17:13:58.118408-08:00,read,key_114,1.97,false,false,0
2025-11-27T17:13:58.129722-08:00,read,key_272,2.48,false,false,0
2025-11-27T17:13:58.140798-08:00,read,key_162,1.53,false,false,0
2025-11-27T17:13:58.151985-08:00,read,key_409,2.27,true,false,22
2025-11-27T17:13:58.163688-08:00,read,key_225,2.17,false,false,0
2025-11-27T17:13:58.174828-08:00,read,key_746,1.64,true,false,15
2025-11-27T17:13:58.186085-08:00,read,key_238,3.30,false,false,0
2025-11-27T17:13:57.887973-08:00,write,key_72,305.89,true,false,37
2025-11-27T17:13:58.196546-08:00,read,key_100,1.32,false,false,0
2025-11-27T17:13:58.20697-08:00,read,key_528,1.46,false,false,0
2025-11-27T17:13:57.910352-08:00,write,key_86,307.25,true,false,37
2025-11-27T17:13:58.217466-08:00,read,key_180,1.13,false,false,0
2025-11-27T17:13:58.22864-08:00,read,key_616,2.88,false,false,0
2025-11-27T17:13:58.23887-08:00,read,key_462,1.41,false,false,0
2025-11-27T17:13:58.249431-08:00,read,key_639,1.43,false,false,0
2025-11-27T17:13:58.260655-08:00,read,key_136,1.56,false,false,0
2025-11-27T17:13:58.271827-08:00,read,key_45,2.04,false,false,0
2025-11-27T17:13:58.282986-08:00,read,key_379,1.85,false,false,0
2025-11-27T17:13:58.294181-08:00,read,key_489,2.59,false,false,0
2025-11-27T17:13:58.305293-08:00,read,key_661,1.45,false,false,0
2025-11-27T17:13:58.315938-08:00,read,key_158,1.81,false,false,0
2025-11-27T17:13:58.327109-08:00,read,key_545,2.72,false,false,0
2025-11-27T17:13:58.338397-08:00,read,key_336,1.88,false,false,0
2025-11-27T17:13:58.349037-08:00,read,key_446,1.49,false,false,0
2025-11-27T17:13:58.359553-08:00,read,key_516,1.72,false,false,0
2025-11-27T17:13:58.370939-08:00,read,key_117,2.22,false,false,0
2025-11-27T17:13:58.382154-08:00,read,key_232,1.58,false,false,0
