timestamp,type,key,latency_ms,success,is_stale,version
2025-11-27T17:16:06.557628-08:00,read,key_315,3.43,true,false,906
2025-11-27T17:16:06.491588-08:00,write,key_310,310.51,true,false,917
2025-11-27T17:16:06.802093-08:00,read,key_573,6.57,true,false,617
2025-11-27T17:16:06.502336-08:00,write,key_940,306.36,true,false,918
2025-11-27T17:16:06.513407-08:00,write,key_949,308.06,true,false,917
2025-11-27T17:16:06.821472-08:00,read,key_292,1.15,true,false,145
2025-11-27T17:16:06.524488-08:00,write,key_945,307.97,true,false,918
2025-11-27T17:16:06.535532-08:00,write,key_948,307.39,true,false,917
2025-11-27T17:16:06.546574-08:00,write,key_316,312.61,true,false,919
2025-11-27T17:16:06.56854-08:00,write,key_313,309.21,true,false,917
2025-11-27T17:16:06.579612-08:00,write,key_947,308.03,true,false,919
2025-11-27T17:16:06.590648-08:00,write,key_947,306.98,true,false,917
2025-11-27T17:16:06.601718-08:00,write,key_297,307.72,true,false,918
2025-11-27T17:16:06.808702-08:00,write,key_295,303.43,true,false,920
2025-11-27T17:16:06.808715-08:00,write,key_319,306.38,true,false,920
2025-11-27T17:16:06.822622-08:00,write,key_294,309.59,true,false,919
2025-11-27T17:16:06.832458-08:00,write,key_294,304.79,true,false,921
2025-11-27T17:16:06.842924-08:00,write,key_943,305.10,true,false,920
2025-11-27T17:16:06.859188-08:00,write,key_710,311.19,true,false,920
2025-11-27T17:16:06.877768-08:00,write,key_297,310.26,true,false,921
2025-11-27T17:16:06.887642-08:00,write,key_310,303.84,true,false,922
2025-11-27T17:16:06.897624-08:00,write,key_946,308.60,true,false,923
2025-11-27T17:16:06.90944-08:00,write,key_573,307.88,true,false,921
2025-11-27T17:16:07.112126-08:00,write,key_213,305.70,true,false,921
2025-11-27T17:16:07.115092-08:00,write,key_311,306.95,true,false,922
2025-11-27T17:16:07.132213-08:00,write,key_946,310.47,true,false,924
2025-11-27T17:16:07.137244-08:00,write,key_292,305.45,true,false,925
2025-11-27T17:16:07.148023-08:00,write,key_297,303.85,true,false,924
2025-11-27T17:16:07.170377-08:00,write,key_716,308.37,true,false,922
2025-11-27T17:16:07.191474-08:00,write,key_133,304.84,true,false,926
2025-11-27T17:16:07.188024-08:00,write,key_299,308.30,true,false,925
2025-11-27T17:16:07.206221-08:00,write,key_714,310.60,true,false,927
2025-11-27T17:16:07.217313-08:00,write,key_949,305.24,true,false,926
2025-11-27T17:16:07.522549-08:00,read,key_297,2.69,true,false,924
2025-11-27T17:16:07.422037-08:00,write,key_969,312.67,true,false,927
2025-11-27T17:16:07.41782-08:00,write,key_710,318.19,true,false,928
2025-11-27T17:16:07.442686-08:00,write,key_131,309.47,true,false,928
2025-11-27T17:16:07.442692-08:00,write,key_715,309.50,true,false,929
2025-11-27T17:16:07.752187-08:00,read,key_946,0.94,true,false,924
2025-11-27T17:16:07.451871-08:00,write,key_316,305.91,true,false,926
2025-11-27T17:16:07.47875-08:00,write,key_575,307.06,true,false,928
2025-11-27T17:16:07.496324-08:00,write,key_579,307.75,true,false,929
2025-11-27T17:16:07.496307-08:00,write,key_211,307.78,true,false,927
2025-11-27T17:16:07.516818-08:00,write,key_968,316.65,true,false,930
2025-11-27T17:16:07.525242-08:00,write,key_577,311.21,true,false,928
2025-11-27T17:16:07.73601-08:00,write,key_130,307.57,true,false,931
2025-11-27T17:16:07.734701-08:00,write,key_571,308.93,true,false,931
2025-11-27T17:16:07.752154-08:00,write,key_298,305.17,true,false,930
2025-11-27T17:16:07.753125-08:00,write,key_654,305.76,true,false,930
2025-11-27T17:16:07.757774-08:00,write,key_134,304.69,true,false,931
2025-11-27T17:16:07.785809-08:00,write,key_67,309.84,true,false,930
2025-11-27T17:16:07.804067-08:00,write,key_212,321.71,true,false,933
2025-11-27T17:16:07.804087-08:00,write,key_577,321.71,true,false,932
2025-11-27T17:16:08.125777-08:00,read,key_318,0.74,true,false,889
2025-11-27T17:16:07.833465-08:00,write,key_36,304.03,true,false,931
2025-11-27T17:16:07.836444-08:00,write,key_659,302.60,true,false,931
2025-11-27T17:16:08.04358-08:00,write,key_69,307.38,true,false,934
2025-11-27T17:16:08.043632-08:00,write,key_949,310.53,true,false,934
2025-11-27T17:16:08.057323-08:00,write,key_963,304.32,true,false,935
2025-11-27T17:16:08.058885-08:00,write,key_62,304.20,true,false,935
2025-11-27T17:16:08.062462-08:00,write,key_210,309.34,true,false,936
2025-11-27T17:16:08.095647-08:00,write,key_213,310.95,true,false,936
2025-11-27T17:16:08.126521-08:00,write,key_962,305.48,true,false,934
2025-11-27T17:16:08.125788-08:00,write,key_214,306.35,true,false,934
2025-11-27T17:16:08.432001-08:00,read,key_965,1.07,false,false,0
2025-11-27T17:16:08.139041-08:00,write,key_652,305.59,true,false,935
2025-11-27T17:16:08.444625-08:00,read,key_573,0.91,true,false,921
2025-11-27T17:16:08.137492-08:00,write,key_280,309.91,true,false,937
2025-11-27T17:16:08.350956-08:00,write,key_67,305.51,true,false,935
2025-11-27T17:16:08.354156-08:00,write,key_63,305.14,true,false,938
2025-11-27T17:16:08.361637-08:00,write,key_64,307.28,true,false,936
2025-11-27T17:16:08.363084-08:00,write,key_289,305.87,true,false,939
2025-11-27T17:16:08.371797-08:00,write,key_578,307.52,true,false,937
2025-11-27T17:16:08.406601-08:00,write,key_450,311.94,true,false,940
2025-11-27T17:16:08.433074-08:00,write,key_458,305.50,true,false,937
2025-11-27T17:16:08.432132-08:00,write,key_519,310.87,true,false,938
2025-11-27T17:16:08.742997-08:00,read,key_311,1.06,true,false,922
2025-11-27T17:16:08.445541-08:00,write,key_67,307.78,true,false,938
2025-11-27T17:16:08.447401-08:00,write,key_962,307.46,true,false,941
2025-11-27T17:16:08.656469-08:00,write,key_216,307.17,true,false,939
2025-11-27T17:16:08.659292-08:00,write,key_214,304.35,true,false,942
2025-11-27T17:16:08.668917-08:00,write,key_454,304.45,true,false,940
2025-11-27T17:16:08.66895-08:00,write,key_575,304.48,true,false,940
2025-11-27T17:16:08.679314-08:00,write,key_949,305.96,true,false,940
2025-11-27T17:16:08.718542-08:00,write,key_39,310.62,true,false,941
2025-11-27T17:16:08.738571-08:00,write,key_965,304.94,true,false,942
2025-11-27T17:16:08.74406-08:00,write,key_137,304.68,true,false,941
2025-11-27T17:16:08.754855-08:00,write,key_37,306.34,true,false,942
2025-11-27T17:16:08.753322-08:00,write,key_67,308.95,true,false,942
2025-11-27T17:16:08.963634-08:00,write,key_967,307.00,true,false,943
2025-11-27T17:16:08.96364-08:00,write,key_137,307.01,true,false,943
2025-11-27T17:16:08.973422-08:00,write,key_717,305.85,true,false,943
2025-11-27T17:16:08.97336-08:00,write,key_965,305.97,true,false,944
2025-11-27T17:16:08.985271-08:00,write,key_256,305.63,true,false,943
2025-11-27T17:16:09.029166-08:00,write,key_314,308.01,true,false,943
2025-11-27T17:16:09.043525-08:00,write,key_36,310.39,true,false,944
2025-11-27T17:16:09.048741-08:00,write,key_963,305.20,true,false,944
2025-11-27T17:16:09.061189-08:00,write,key_575,308.08,true,false,944
2025-11-27T17:16:09.062264-08:00,write,key_893,310.02,true,false,945
2025-11-27T17:16:09.270636-08:00,write,key_295,308.81,true,false,946
2025-11-27T17:16:09.270642-08:00,write,key_516,308.81,true,false,946
2025-11-27T17:16:09.279273-08:00,write,key_128,305.32,true,false,945
2025-11-27T17:16:09.279328-08:00,write,key_312,305.27,true,false,945
2025-11-27T17:16:09.290899-08:00,write,key_310,305.88,true,false,946
2025-11-27T17:16:09.337175-08:00,write,key_998,313.09,true,false,947
2025-11-27T17:16:09.353935-08:00,write,key_36,304.43,true,false,946
2025-11-27T17:16:09.353914-08:00,write,key_519,312.47,true,false,947
2025-11-27T17:16:09.36927-08:00,write,key_34,307.60,true,false,948
2025-11-27T17:16:09.372279-08:00,write,key_217,304.60,true,false,949
2025-11-27T17:16:09.676879-08:00,read,key_401,1.69,true,false,788
2025-11-27T17:16:09.579443-08:00,write,key_958,305.67,true,false,947
2025-11-27T17:16:09.579446-08:00,write,key_711,305.68,true,false,950
2025-11-27T17:16:09.584587-08:00,write,key_314,303.59,true,false,948
2025-11-27T17:16:09.584597-08:00,write,key_287,306.88,true,false,951
2025-11-27T17:16:09.596775-08:00,write,key_579,310.04,true,false,952
2025-11-27T17:16:09.658365-08:00,write,key_310,304.76,true,false,953
2025-11-27T17:16:09.650268-08:00,write,key_954,312.86,true,false,949
2025-11-27T17:16:09.666378-08:00,write,key_710,306.33,true,false,948
2025-11-27T17:16:09.676866-08:00,write,key_407,307.63,true,false,954
2025-11-27T17:16:09.678565-08:00,write,key_962,305.93,true,false,955
2025-11-27T17:16:09.984488-08:00,read,key_436,0.96,true,false,859
2025-11-27T17:16:09.88512-08:00,write,key_371,306.03,true,false,956
2025-11-27T17:16:09.885113-08:00,write,key_318,306.05,true,false,951
2025-11-27T17:16:09.888175-08:00,write,key_407,306.02,true,false,951
2025-11-27T17:16:09.891475-08:00,write,key_511,304.39,true,false,957
2025-11-27T17:16:09.906812-08:00,write,key_945,308.13,true,false,953
2025-11-27T17:16:09.963127-08:00,write,key_607,311.17,true,false,958
2025-11-27T17:16:09.96312-08:00,write,key_669,311.22,true,false,954
2025-11-27T17:16:09.972708-08:00,write,key_857,305.30,true,false,956
2025-11-27T17:16:09.985465-08:00,write,key_84,304.00,true,false,956
2025-11-27T17:16:09.984492-08:00,write,key_858,305.00,true,false,957
2025-11-27T17:16:10.191151-08:00,write,key_302,305.68,true,false,959
2025-11-27T17:16:10.191157-08:00,write,key_968,305.81,true,false,958
2025-11-27T17:16:10.194188-08:00,write,key_374,304.19,true,false,957
2025-11-27T17:16:10.195857-08:00,write,key_35,304.01,true,false,959
2025-11-27T17:16:10.214933-08:00,write,key_336,310.64,true,false,959
2025-11-27T17:16:10.274297-08:00,write,key_87,310.57,true,false,960
2025-11-27T17:16:10.274337-08:00,write,key_577,310.54,true,false,960
2025-11-27T17:16:10.278004-08:00,write,key_571,306.88,true,false,961
2025-11-27T17:16:10.289462-08:00,write,key_954,311.78,true,false,963
2025-11-27T17:16:10.289488-08:00,write,key_314,311.75,true,false,962
2025-11-27T17:16:10.498373-08:00,write,key_887,304.91,true,false,960
2025-11-27T17:16:10.49986-08:00,write,key_522,303.44,true,false,961
2025-11-27T17:16:10.496826-08:00,write,key_308,306.54,true,false,964
2025-11-27T17:16:10.496963-08:00,write,key_524,306.59,true,false,960
2025-11-27T17:16:10.803551-08:00,read,key_513,2.63,true,false,796
2025-11-27T17:16:10.803292-08:00,read,key_31,6.07,true,false,851
2025-11-27T17:16:10.525566-08:00,write,key_604,308.83,true,false,961
2025-11-27T17:16:10.834395-08:00,read,key_993,0.83,true,false,477
2025-11-27T17:16:10.835226-08:00,read,key_60,2.44,true,false,869
2025-11-27T17:16:10.584876-08:00,write,key_309,308.51,true,false,965
2025-11-27T17:16:10.584862-08:00,write,key_439,308.64,true,false,962
2025-11-27T17:16:10.584878-08:00,write,key_36,308.70,true,false,966
2025-11-27T17:16:10.893503-08:00,read,key_955,1.97,true,false,703
2025-11-27T17:16:10.601235-08:00,write,key_312,307.24,true,false,965
2025-11-27T17:16:10.601235-08:00,write,key_218,308.91,true,false,964
2025-11-27T17:16:10.803364-08:00,write,key_34,307.36,true,false,965
2025-11-27T17:16:10.803286-08:00,write,key_945,311.89,true,false,968
2025-11-27T17:16:10.806184-08:00,write,key_960,310.36,true,false,967
2025-11-27T17:16:10.809363-08:00,write,key_666,307.22,true,false,967
2025-11-27T17:16:10.837671-08:00,write,key_377,307.14,true,false,965
2025-11-27T17:16:10.893575-08:00,write,key_519,307.90,true,false,968
2025-11-27T17:16:10.893384-08:00,write,key_253,308.15,true,false,967
2025-11-27T17:16:10.895478-08:00,write,key_69,309.17,true,false,969
2025-11-27T17:16:10.908476-08:00,write,key_88,303.64,true,false,967
2025-11-27T17:16:10.910144-08:00,write,key_782,305.85,true,false,970
2025-11-27T17:16:11.110723-08:00,write,key_572,309.58,true,false,968
2025-11-27T17:16:11.116578-08:00,write,key_517,303.74,true,false,971
2025-11-27T17:16:11.115171-08:00,write,key_699,307.35,true,false,969
2025-11-27T17:16:11.116544-08:00,write,key_660,306.68,true,false,969
2025-11-27T17:16:11.144808-08:00,write,key_941,306.31,true,false,970
2025-11-27T17:16:11.204644-08:00,write,key_35,313.60,true,false,974
2025-11-27T17:16:11.201469-08:00,write,key_313,316.78,true,false,973
2025-11-27T17:16:11.201531-08:00,write,key_716,316.72,true,false,972
2025-11-27T17:16:11.215994-08:00,write,key_135,305.46,true,false,971
2025-11-27T17:16:11.212113-08:00,write,key_575,313.09,true,false,970
2025-11-27T17:16:11.420315-08:00,write,key_851,306.84,true,false,972
2025-11-27T17:16:11.420303-08:00,write,key_284,306.88,true,false,975
2025-11-27T17:16:11.423226-08:00,write,key_81,306.66,true,false,976
2025-11-27T17:16:11.422524-08:00,write,key_258,308.71,true,false,977
2025-11-27T17:16:11.451157-08:00,write,key_954,307.58,true,false,973
2025-11-27T17:16:11.518251-08:00,write,key_717,311.07,true,false,975
2025-11-27T17:16:11.521452-08:00,write,key_331,307.87,true,false,975
2025-11-27T17:16:11.518246-08:00,write,key_41,311.09,true,false,975
2025-11-27T17:16:11.518246-08:00,write,key_715,315.93,true,false,976
2025-11-27T17:16:11.525202-08:00,write,key_669,309.08,true,false,976
2025-11-27T17:16:11.727182-08:00,write,key_289,312.21,true,false,977
2025-11-27T17:16:11.72989-08:00,write,key_158,309.89,true,false,978
2025-11-27T17:16:11.731232-08:00,write,key_668,311.81,true,false,978
2025-11-27T17:16:11.727158-08:00,write,key_515,315.91,true,false,978
2025-11-27T17:16:12.043064-08:00,read,key_677,2.27,true,false,702
2025-11-27T17:16:11.758734-08:00,write,key_131,307.79,true,false,978
2025-11-27T17:16:11.834274-08:00,write,key_447,310.09,true,false,979
2025-11-27T17:16:11.829321-08:00,write,key_570,315.06,true,false,981
2025-11-27T17:16:11.829322-08:00,write,key_38,315.25,true,false,979
2025-11-27T17:16:11.829328-08:00,write,key_291,315.25,true,false,980
2025-11-27T17:16:11.834173-08:00,write,key_436,310.44,true,false,979
2025-11-27T17:16:12.039775-08:00,write,key_660,314.04,true,false,982
2025-11-27T17:16:12.043042-08:00,write,key_334,310.99,true,false,983
2025-11-27T17:16:12.039389-08:00,write,key_34,315.17,true,false,979
2025-11-27T17:16:12.045338-08:00,write,key_380,309.26,true,false,984
2025-11-27T17:16:12.066521-08:00,write,key_137,306.30,true,false,980
2025-11-27T17:16:12.144379-08:00,write,key_562,311.34,true,false,982
2025-11-27T17:16:12.14436-08:00,write,key_127,311.36,true,false,983
2025-11-27T17:16:12.144569-08:00,write,key_571,311.56,true,false,985
2025-11-27T17:16:12.144607-08:00,write,key_680,312.41,true,false,982
2025-11-27T17:16:12.144569-08:00,write,key_405,312.71,true,false,982
2025-11-27T17:16:12.455718-08:00,read,key_665,3.72,true,false,27
2025-11-27T17:16:12.457017-08:00,read,key_315,3.33,true,false,906
2025-11-27T17:16:12.354594-08:00,write,key_655,312.74,true,false,985
2025-11-27T17:16:12.354023-08:00,write,key_376,313.32,true,false,986
2025-11-27T17:16:12.353814-08:00,write,key_457,313.55,true,false,985
2025-11-27T17:16:12.354557-08:00,write,key_157,312.81,true,false,986
2025-11-27T17:16:12.372815-08:00,write,key_678,306.57,true,false,985
2025-11-27T17:16:12.45711-08:00,write,key_401,310.84,true,false,986
2025-11-27T17:16:12.457275-08:00,write,key_718,310.68,true,false,987
2025-11-27T17:16:12.456121-08:00,write,key_881,311.88,true,false,987
2025-11-27T17:16:12.460351-08:00,write,key_183,307.68,true,false,988
2025-11-27T17:16:12.459441-08:00,write,key_391,311.00,true,false,987
2025-11-27T17:16:12.667337-08:00,write,key_86,307.98,true,false,989
2025-11-27T17:16:12.667338-08:00,write,key_391,308.24,true,false,988
2025-11-27T17:16:12.667355-08:00,write,key_443,308.27,true,false,987
2025-11-27T17:16:12.667361-08:00,write,key_603,308.28,true,false,989
2025-11-27T17:16:12.679378-08:00,write,key_571,303.21,true,false,988
2025-11-27T17:16:12.767999-08:00,write,key_695,311.84,true,false,989
2025-11-27T17:16:12.767949-08:00,write,key_609,311.90,true,false,990
2025-11-27T17:16:12.767947-08:00,write,key_694,311.91,true,false,989
2025-11-27T17:16:12.770441-08:00,write,key_987,309.42,true,false,990
2025-11-27T17:16:12.768029-08:00,write,key_210,311.86,true,false,990
2025-11-27T17:16:12.975578-08:00,write,key_569,309.55,true,false,990
2025-11-27T17:16:12.975325-08:00,write,key_887,309.84,true,false,992
2025-11-27T17:16:12.982587-08:00,write,key_72,303.73,true,false,992
2025-11-27T17:16:12.97562-08:00,write,key_126,311.60,true,false,991
2025-11-27T17:16:12.975638-08:00,write,key_573,311.63,true,false,991
2025-11-27T17:16:13.286314-08:00,read,key_678,3.02,true,false,985
2025-11-27T17:16:13.079842-08:00,write,key_882,307.80,true,false,992
2025-11-27T17:16:13.079848-08:00,write,key_292,307.84,true,false,993
2025-11-27T17:16:13.079835-08:00,write,key_964,307.92,true,false,993
2025-11-27T17:16:13.079885-08:00,write,key_493,307.95,true,false,991
2025-11-27T17:16:13.07986-08:00,write,key_523,308.07,true,false,993
2025-11-27T17:16:13.289336-08:00,write,key_311,304.18,true,false,994
2025-11-27T17:16:13.28726-08:00,write,key_447,306.28,true,false,994
2025-11-27T17:16:13.287216-08:00,write,key_309,306.45,true,false,993
2025-11-27T17:16:13.285159-08:00,write,key_715,308.53,true,false,994
2025-11-27T17:16:13.285128-08:00,write,key_336,308.62,true,false,994
2025-11-27T17:16:13.387926-08:00,write,key_856,308.75,true,false,995
2025-11-27T17:16:13.387642-08:00,write,key_567,309.05,true,false,995
2025-11-27T17:16:13.387749-08:00,write,key_565,308.97,true,false,994
2025-11-27T17:16:13.387832-08:00,write,key_193,308.94,true,false,996
2025-11-27T17:16:13.387683-08:00,write,key_29,309.14,true,false,995
2025-11-27T17:16:13.696763-08:00,read,key_522,1.17,true,false,961
2025-11-27T17:16:13.696822-08:00,read,key_677,2.59,true,false,702
2025-11-27T17:16:13.593511-08:00,write,key_32,312.27,true,false,995
2025-11-27T17:16:13.593688-08:00,write,key_784,314.07,true,false,997
2025-11-27T17:16:13.593744-08:00,write,key_965,314.16,true,false,998
2025-11-27T17:16:13.593537-08:00,write,key_89,314.48,true,false,996
2025-11-27T17:16:13.593662-08:00,write,key_433,314.48,true,false,996
2025-11-27T17:16:13.697931-08:00,write,key_446,308.25,true,false,998
2025-11-27T17:16:13.696686-08:00,write,key_664,309.52,true,false,999
2025-11-27T17:16:13.699413-08:00,write,key_288,306.80,true,false,998
2025-11-27T17:16:13.696712-08:00,write,key_453,310.04,true,false,997
2025-11-27T17:16:13.696675-08:00,write,key_184,310.64,true,false,997
2025-11-27T17:16:14.007311-08:00,read,key_98,3.81,true,false,46
2025-11-27T17:16:13.908136-08:00,write,key_556,309.64,true,false,1000
2025-11-27T17:16:13.905784-08:00,write,key_203,312.00,true,false,999
2025-11-27T17:16:13.908016-08:00,write,key_931,309.80,true,false,999
2025-11-27T17:16:13.907901-08:00,write,key_383,310.01,true,false,1000
2025-11-27T17:16:13.907752-08:00,write,key_992,310.29,true,false,1000
2025-11-27T17:16:14.006749-08:00,write,key_403,311.00,true,false,1000
2025-11-27T17:16:14.00621-08:00,write,key_331,311.55,true,false,1002
2025-11-27T17:16:14.006181-08:00,write,key_492,311.60,true,false,1001
2025-11-27T17:16:14.011118-08:00,write,key_458,307.64,true,false,1001
2025-11-27T17:16:14.006197-08:00,write,key_72,314.35,true,false,1001
2025-11-27T17:16:14.317777-08:00,read,key_568,3.90,true,false,441
2025-11-27T17:16:14.218033-08:00,write,key_945,309.30,true,false,1001
2025-11-27T17:16:14.217903-08:00,write,key_998,309.44,true,false,1003
2025-11-27T17:16:14.217777-08:00,write,key_401,309.59,true,false,1002
2025-11-27T17:16:14.217809-08:00,write,key_282,309.58,true,false,1003
2025-11-27T17:16:14.217772-08:00,write,key_932,309.65,true,false,1004
2025-11-27T17:16:14.527339-08:00,read,key_217,1.90,true,false,949
2025-11-27T17:16:14.527417-08:00,read,key_198,1.85,true,false,192
2025-11-27T17:16:14.318753-08:00,write,key_214,310.08,true,false,1006
2025-11-27T17:16:14.317754-08:00,write,key_858,311.09,true,false,1003
2025-11-27T17:16:14.321677-08:00,write,key_378,307.23,true,false,1007
2025-11-27T17:16:14.320541-08:00,write,key_672,308.46,true,false,1003
2025-11-27T17:16:14.317745-08:00,write,key_930,311.32,true,false,1005
2025-11-27T17:16:14.527331-08:00,write,key_434,309.28,true,false,1008
2025-11-27T17:16:14.529238-08:00,write,key_80,307.50,true,false,1005
2025-11-27T17:16:14.527382-08:00,write,key_653,309.39,true,false,1005
2025-11-27T17:16:14.52736-08:00,write,key_291,309.51,true,false,1006
2025-11-27T17:16:14.529263-08:00,write,key_31,307.63,true,false,1006
2025-11-27T17:16:14.836766-08:00,read,key_510,6.01,true,false,900
2025-11-27T17:16:14.6289-08:00,write,key_95,308.87,true,false,1009
2025-11-27T17:16:14.628994-08:00,write,key_96,308.82,true,false,1008
2025-11-27T17:16:14.628842-08:00,write,key_405,308.98,true,false,1008
2025-11-27T17:16:14.937806-08:00,read,key_283,3.82,true,false,873
2025-11-27T17:16:14.629065-08:00,write,key_386,312.98,true,false,1009
2025-11-27T17:16:14.941627-08:00,read,key_193,1.45,true,false,996
2025-11-27T17:16:14.628828-08:00,write,key_439,316.59,true,false,1010
2025-11-27T17:16:14.836606-08:00,write,key_150,313.54,true,false,1011
2025-11-27T17:16:14.83689-08:00,write,key_449,313.29,true,false,1011
2025-11-27T17:16:14.842783-08:00,write,key_35,307.44,true,false,1009
2025-11-27T17:16:14.836739-08:00,write,key_435,314.45,true,false,1009
2025-11-27T17:16:14.836863-08:00,write,key_697,314.32,true,false,1010
2025-11-27T17:16:15.151182-08:00,read,key_385,3.58,false,false,0
2025-11-27T17:16:14.93777-08:00,write,key_334,313.14,true,false,1012
2025-11-27T17:16:14.94308-08:00,write,key_434,307.86,true,false,1010
2025-11-27T17:16:14.942043-08:00,write,key_135,308.91,true,false,1012
2025-11-27T17:16:14.937817-08:00,write,key_338,313.16,true,false,1011
2025-11-27T17:16:14.945414-08:00,write,key_151,309.68,true,false,1013
2025-11-27T17:16:15.150178-08:00,write,key_280,310.82,true,false,1014
2025-11-27T17:16:15.150219-08:00,write,key_947,310.79,true,false,1015
2025-11-27T17:16:15.150144-08:00,write,key_963,310.87,true,false,1012
2025-11-27T17:16:15.151183-08:00,write,key_41,310.08,true,false,1012
2025-11-27T17:16:15.154769-08:00,write,key_63,306.57,true,false,1013
2025-11-27T17:16:15.250947-08:00,write,key_215,310.18,true,false,1014
2025-11-27T17:16:15.255094-08:00,write,key_30,306.72,true,false,1018
2025-11-27T17:16:15.250977-08:00,write,key_198,310.84,true,false,1013
2025-11-27T17:16:15.250934-08:00,write,key_47,313.39,true,false,1016
2025-11-27T17:16:15.250913-08:00,write,key_409,314.30,true,false,1017
2025-11-27T17:16:15.461005-08:00,write,key_656,310.62,true,false,1017
2025-11-27T17:16:15.461262-08:00,write,key_22,310.50,true,false,1018
2025-11-27T17:16:15.461008-08:00,write,key_91,310.80,true,false,1016
2025-11-27T17:16:15.461334-08:00,write,key_933,310.53,true,false,1019
2025-11-27T17:16:15.460995-08:00,write,key_295,310.89,true,false,1016
2025-11-27T17:16:15.564324-08:00,write,key_516,308.90,true,false,1020
2025-11-27T17:16:15.561809-08:00,write,key_405,313.18,true,false,1019
2025-11-27T17:16:15.561129-08:00,write,key_714,313.87,true,false,1019
2025-11-27T17:16:15.56521-08:00,write,key_381,310.65,true,false,1019
2025-11-27T17:16:15.561813-08:00,write,key_39,314.54,true,false,1019
2025-11-27T17:16:15.771801-08:00,write,key_856,308.36,true,false,1022
2025-11-27T17:16:15.771884-08:00,write,key_386,312.95,true,false,1021
2025-11-27T17:16:15.771625-08:00,write,key_940,313.28,true,false,1023
2025-11-27T17:16:15.771755-08:00,write,key_805,313.18,true,false,1021
2025-11-27T17:16:15.771855-08:00,write,key_601,313.32,true,false,1020
2025-11-27T17:16:16.085173-08:00,read,key_458,5.18,true,false,1001
2025-11-27T17:16:16.090353-08:00,read,key_564,1.57,true,false,669
2025-11-27T17:16:15.873217-08:00,write,key_994,307.38,true,false,1021
2025-11-27T17:16:15.874999-08:00,write,key_933,305.62,true,false,1022
2025-11-27T17:16:15.876346-08:00,write,key_407,309.02,true,false,1024
2025-11-27T17:16:15.87586-08:00,write,key_477,309.53,true,false,1024
2025-11-27T17:16:15.874988-08:00,write,key_963,316.94,true,false,1023
2025-11-27T17:16:16.084898-08:00,write,key_497,308.45,true,false,1025
2025-11-27T17:16:16.08016-08:00,write,key_712,315.31,true,false,1024
2025-11-27T17:16:16.08493-08:00,write,key_85,310.57,true,false,1024
2025-11-27T17:16:16.084836-08:00,write,key_766,311.51,true,false,1025
2025-11-27T17:16:16.091921-08:00,write,key_160,308.33,true,false,1026
2025-11-27T17:16:16.396347-08:00,read,key_190,4.67,true,false,725
2025-11-27T17:16:16.401018-08:00,read,key_167,0.88,true,false,777
2025-11-27T17:16:16.18061-08:00,write,key_312,312.74,true,false,1026
2025-11-27T17:16:16.185359-08:00,write,key_375,308.03,true,false,1025
2025-11-27T17:16:16.185387-08:00,write,key_400,308.02,true,false,1028
2025-11-27T17:16:16.1806-08:00,write,key_588,312.86,true,false,1027
2025-11-27T17:16:16.191991-08:00,write,key_510,307.48,true,false,1029
2025-11-27T17:16:16.39547-08:00,write,key_36,308.64,true,false,1026
2025-11-27T17:16:16.395492-08:00,write,key_713,308.66,true,false,1027
2025-11-27T17:16:16.393355-08:00,write,key_55,315.24,true,false,1030
2025-11-27T17:16:16.40025-08:00,write,key_513,309.07,true,false,1031
2025-11-27T17:16:16.401899-08:00,write,key_28,308.27,true,false,1028
2025-11-27T17:16:16.493383-08:00,write,key_571,309.67,true,false,1030
2025-11-27T17:16:16.493352-08:00,write,key_562,311.95,true,false,1032
2025-11-27T17:16:16.49947-08:00,write,key_165,310.84,true,false,1030
2025-11-27T17:16:16.493402-08:00,write,key_36,316.94,true,false,1031
2025-11-27T17:16:16.49346-08:00,write,key_805,316.92,true,false,1030
2025-11-27T17:16:16.70415-08:00,write,key_83,307.37,true,false,1032
2025-11-27T17:16:16.710162-08:00,write,key_607,307.57,true,false,1033
2025-11-27T17:16:16.708596-08:00,write,key_562,309.16,true,false,1033
2025-11-27T17:16:16.709318-08:00,write,key_697,308.46,true,false,1032
2025-11-27T17:16:16.704114-08:00,write,key_672,313.90,true,false,1032
2025-11-27T17:16:16.803052-08:00,write,key_949,309.61,true,false,1033
2025-11-27T17:16:16.805295-08:00,write,key_552,307.41,true,false,1034
2025-11-27T17:16:16.810338-08:00,write,key_439,307.00,true,false,1034
2025-11-27T17:16:16.810311-08:00,write,key_183,310.08,true,false,1035
2025-11-27T17:16:16.810374-08:00,write,key_717,310.87,true,false,1036
2025-11-27T17:16:17.017774-08:00,write,key_194,307.40,true,false,1037
2025-11-27T17:16:17.017732-08:00,write,key_859,307.46,true,false,1035
2025-11-27T17:16:17.018007-08:00,write,key_198,307.87,true,false,1038
2025-11-27T17:16:17.017754-08:00,write,key_882,308.89,true,false,1034
2025-11-27T17:16:17.011522-08:00,write,key_672,315.14,true,false,1037
2025-11-27T17:16:17.1127-08:00,write,key_485,307.01,true,false,1035
2025-11-27T17:16:17.112658-08:00,write,key_766,307.07,true,false,1039
2025-11-27T17:16:17.419726-08:00,read,key_84,1.80,true,false,956
2025-11-27T17:16:17.117331-08:00,write,key_484,304.87,true,false,1036
2025-11-27T17:16:17.12039-08:00,write,key_139,306.67,true,false,1040
2025-11-27T17:16:17.121235-08:00,write,key_710,305.86,true,false,1039
2025-11-27T17:16:17.326639-08:00,write,key_517,303.77,true,false,1040
2025-11-27T17:16:17.325871-08:00,write,key_961,304.55,true,false,1042
2025-11-27T17:16:17.325177-08:00,write,key_47,305.28,true,false,1041
2025-11-27T17:16:17.325191-08:00,write,key_440,305.29,true,false,1041
2025-11-27T17:16:17.326655-08:00,write,key_302,308.21,true,false,1039
2025-11-27T17:16:17.427057-08:00,write,key_995,303.63,true,false,1041
2025-11-27T17:16:17.421527-08:00,write,key_284,311.39,true,false,1044
2025-11-27T17:16:17.422197-08:00,write,key_567,310.74,true,false,1041
2025-11-27T17:16:17.419712-08:00,write,key_563,313.24,true,false,1043
2025-11-27T17:16:17.427088-08:00,write,key_200,306.36,true,false,1042
2025-11-27T17:16:17.630449-08:00,write,key_712,315.72,true,false,1043
2025-11-27T17:16:17.630418-08:00,write,key_153,315.82,true,false,1043
2025-11-27T17:16:17.634862-08:00,write,key_557,311.43,true,false,1043
2025-11-27T17:16:17.63048-08:00,write,key_337,317.99,true,false,1045
2025-11-27T17:16:17.630408-08:00,write,key_30,318.73,true,false,1046
2025-11-27T17:16:17.732934-08:00,write,key_376,313.30,true,false,1045
2025-11-27T17:16:17.732917-08:00,write,key_570,313.53,true,false,1046
2025-11-27T17:16:17.73295-08:00,write,key_149,314.03,true,false,1045
2025-11-27T17:16:17.73069-08:00,write,key_199,319.34,true,false,1045
2025-11-27T17:16:18.046445-08:00,read,key_138,4.57,false,false,0
2025-11-27T17:16:17.733447-08:00,write,key_482,317.63,true,false,1047
2025-11-27T17:16:17.948472-08:00,write,key_693,306.16,true,false,1048
2025-11-27T17:16:17.946288-08:00,write,key_658,308.40,true,false,1047
2025-11-27T17:16:17.946171-08:00,write,key_132,308.67,true,false,1047
2025-11-27T17:16:17.949138-08:00,write,key_983,308.58,true,false,1048
2025-11-27T17:16:17.946236-08:00,write,key_510,311.49,true,false,1047
2025-11-27T17:16:18.254685-08:00,read,key_34,5.61,true,false,979
2025-11-27T17:16:18.046977-08:00,write,key_483,308.12,true,false,1048
2025-11-27T17:16:18.051013-08:00,write,key_33,306.43,true,false,1049
2025-11-27T17:16:18.046239-08:00,write,key_678,311.22,true,false,1048
2025-11-27T17:16:18.050027-08:00,write,key_998,308.20,true,false,1049
2025-11-27T17:16:18.357453-08:00,read,key_629,1.68,true,false,579
2025-11-27T17:16:18.051069-08:00,write,key_89,308.08,true,false,1049
2025-11-27T17:16:18.25772-08:00,write,key_565,305.78,true,false,1050
2025-11-27T17:16:18.254634-08:00,write,key_311,311.14,true,false,1050
2025-11-27T17:16:18.254835-08:00,write,key_37,311.00,true,false,1049
2025-11-27T17:16:18.257723-08:00,write,key_300,309.26,true,false,1050
2025-11-27T17:16:18.260293-08:00,write,key_449,308.08,true,false,1051
2025-11-27T17:16:18.355106-08:00,write,key_152,313.32,true,false,1050
2025-11-27T17:16:18.359133-08:00,write,key_464,309.31,true,false,1051
2025-11-27T17:16:18.359143-08:00,write,key_560,309.84,true,false,1052
2025-11-27T17:16:18.358227-08:00,write,key_409,311.00,true,false,1051
2025-11-27T17:16:18.357441-08:00,write,key_960,312.71,true,false,1050
2025-11-27T17:16:18.5635-08:00,write,key_968,313.43,true,false,1052
2025-11-27T17:16:18.565827-08:00,write,key_467,311.12,true,false,1053
2025-11-27T17:16:18.566983-08:00,write,key_567,309.94,true,false,1052
2025-11-27T17:16:18.565772-08:00,write,key_313,311.21,true,false,1053
2025-11-27T17:16:18.568369-08:00,write,key_287,308.62,true,false,1053
2025-11-27T17:16:18.668428-08:00,write,key_658,309.07,true,false,1054
2025-11-27T17:16:18.668976-08:00,write,key_438,308.54,true,false,1055
2025-11-27T17:16:18.67015-08:00,write,key_168,308.76,true,false,1054
2025-11-27T17:16:18.668442-08:00,write,key_33,312.62,true,false,1055
2025-11-27T17:16:18.669219-08:00,write,key_313,312.92,true,false,1056
2025-11-27T17:16:18.876946-08:00,write,key_608,308.53,true,false,1057
2025-11-27T17:16:18.876949-08:00,write,key_165,308.56,true,false,1058
2025-11-27T17:16:18.876979-08:00,write,key_70,308.56,true,false,1055
2025-11-27T17:16:18.876924-08:00,write,key_300,308.88,true,false,1054
2025-11-27T17:16:18.876988-08:00,write,key_188,308.84,true,false,1054
2025-11-27T17:16:19.185538-08:00,read,key_461,2.71,true,false,910
2025-11-27T17:16:19.185504-08:00,read,key_465,6.38,true,false,806
2025-11-27T17:16:18.978905-08:00,write,key_941,310.42,true,false,1059
2025-11-27T17:16:18.981056-08:00,write,key_132,308.28,true,false,1057
2025-11-27T17:16:18.977497-08:00,write,key_871,311.84,true,false,1057
2025-11-27T17:16:18.977513-08:00,write,key_409,311.99,true,false,1057
2025-11-27T17:16:18.982139-08:00,write,key_441,311.56,true,false,1060
2025-11-27T17:16:19.185825-08:00,write,key_390,322.13,true,false,1059
2025-11-27T17:16:19.185478-08:00,write,key_602,322.49,true,false,1060
2025-11-27T17:16:19.188259-08:00,write,key_62,319.74,true,false,1061
2025-11-27T17:16:19.191884-08:00,write,key_369,316.16,true,false,1061
2025-11-27T17:16:19.185795-08:00,write,key_469,322.25,true,false,1059
2025-11-27T17:16:19.2937-08:00,write,key_37,318.20,true,false,1062
2025-11-27T17:16:19.289318-08:00,write,key_60,322.59,true,false,1061
2025-11-27T17:16:19.289502-08:00,write,key_193,322.42,true,false,1062
2025-11-27T17:16:19.289329-08:00,write,key_164,322.64,true,false,1061
2025-11-27T17:16:19.289331-08:00,write,key_989,322.77,true,false,1061
2025-11-27T17:16:19.611897-08:00,read,key_371,1.95,true,false,956
2025-11-27T17:16:19.613849-08:00,read,key_555,3.22,true,false,146
2025-11-27T17:16:19.507954-08:00,write,key_510,308.16,true,false,1063
2025-11-27T17:16:19.507963-08:00,write,key_955,308.22,true,false,1063
2025-11-27T17:16:19.508045-08:00,write,key_147,308.38,true,false,1062
2025-11-27T17:16:19.508036-08:00,write,key_20,308.49,true,false,1063
2025-11-27T17:16:19.50799-08:00,write,key_965,308.96,true,false,1062
2025-11-27T17:16:19.816176-08:00,read,key_491,4.17,true,false,596
2025-11-27T17:16:19.611914-08:00,write,key_498,307.26,true,false,1064
2025-11-27T17:16:19.611907-08:00,write,key_578,307.30,true,false,1063
2025-11-27T17:16:19.611964-08:00,write,key_181,308.98,true,false,1064
2025-11-27T17:16:19.612094-08:00,write,key_691,309.78,true,false,1064
2025-11-27T17:16:19.617068-08:00,write,key_309,306.56,true,false,1064
2025-11-27T17:16:19.820353-08:00,write,key_852,308.07,true,false,1065
2025-11-27T17:16:19.816419-08:00,write,key_952,312.04,true,false,1065
2025-11-27T17:16:19.81611-08:00,write,key_848,312.43,true,false,1066
2025-11-27T17:16:19.816943-08:00,write,key_628,311.84,true,false,1065
2025-11-27T17:16:19.816521-08:00,write,key_314,312.50,true,false,1065
2025-11-27T17:16:20.128778-08:00,read,key_284,4.44,true,false,1044
2025-11-27T17:16:20.128423-08:00,read,key_142,4.84,true,false,721
2025-11-27T17:16:19.919177-08:00,write,key_848,313.70,true,false,1067
2025-11-27T17:16:19.920939-08:00,write,key_586,313.25,true,false,1066
2025-11-27T17:16:19.921871-08:00,write,key_422,312.32,true,false,1066
2025-11-27T17:16:19.923629-08:00,write,key_143,310.57,true,false,1067
2025-11-27T17:16:19.919207-08:00,write,key_61,315.03,true,false,1066
2025-11-27T17:16:20.129018-08:00,write,key_945,315.06,true,false,1067
2025-11-27T17:16:20.133261-08:00,write,key_675,310.83,true,false,1068
2025-11-27T17:16:20.133221-08:00,write,key_404,310.89,true,false,1067
2025-11-27T17:16:20.128538-08:00,write,key_195,315.61,true,false,1068
2025-11-27T17:16:20.128459-08:00,write,key_586,315.84,true,false,1068
2025-11-27T17:16:20.234228-08:00,write,key_30,310.36,true,false,1069
2025-11-27T17:16:20.234189-08:00,write,key_31,310.42,true,false,1069
2025-11-27T17:16:20.234195-08:00,write,key_97,311.24,true,false,1070
2025-11-27T17:16:20.234191-08:00,write,key_563,312.45,true,false,1069
2025-11-27T17:16:20.232873-08:00,write,key_39,317.96,true,false,1068
2025-11-27T17:16:20.444295-08:00,write,key_427,309.07,true,false,1071
2025-11-27T17:16:20.444105-08:00,write,key_551,309.27,true,false,1071
2025-11-27T17:16:20.444142-08:00,write,key_875,309.24,true,false,1069
2025-11-27T17:16:20.444084-08:00,write,key_155,309.33,true,false,1070
2025-11-27T17:16:20.444075-08:00,write,key_971,309.36,true,false,1071
2025-11-27T17:16:20.753378-08:00,read,key_578,2.33,true,false,1063
2025-11-27T17:16:20.544585-08:00,write,key_711,309.50,true,false,1071
2025-11-27T17:16:20.545433-08:00,write,key_947,308.66,true,false,1072
2025-11-27T17:16:20.544601-08:00,write,key_664,309.59,true,false,1072
2025-11-27T17:16:20.854089-08:00,read,key_474,1.23,true,false,141
2025-11-27T17:16:20.546633-08:00,write,key_940,311.77,true,false,1073
2025-11-27T17:16:20.550825-08:00,write,key_970,307.61,true,false,1072
2025-11-27T17:16:20.753406-08:00,write,key_465,315.37,true,false,1073
2025-11-27T17:16:20.753431-08:00,write,key_691,315.37,true,false,1074
2025-11-27T17:16:20.755708-08:00,write,key_468,313.12,true,false,1074
2025-11-27T17:16:20.753365-08:00,write,key_148,315.55,true,false,1072
2025-11-27T17:16:20.753374-08:00,write,key_337,315.58,true,false,1073
2025-11-27T17:16:20.854085-08:00,write,key_145,307.74,true,false,1075
2025-11-27T17:16:20.854183-08:00,write,key_358,307.66,true,false,1073
2025-11-27T17:16:20.858434-08:00,write,key_161,311.31,true,false,1075
2025-11-27T17:16:20.858401-08:00,write,key_168,311.36,true,false,1074
2025-11-27T17:16:20.855322-08:00,write,key_953,314.46,true,false,1075
2025-11-27T17:16:21.068777-08:00,write,key_715,307.21,true,false,1076
2025-11-27T17:16:21.068801-08:00,write,key_574,307.21,true,false,1077
2025-11-27T17:16:21.068911-08:00,write,key_764,307.14,true,false,1076
2025-11-27T17:16:21.068828-08:00,write,key_49,307.23,true,false,1075
2025-11-27T17:16:21.068944-08:00,write,key_300,307.36,true,false,1076
2025-11-27T17:16:21.376296-08:00,read,key_667,2.00,true,false,861
2025-11-27T17:16:21.16184-08:00,write,key_305,309.58,true,false,1078
2025-11-27T17:16:21.161823-08:00,write,key_655,309.61,true,false,1076
2025-11-27T17:16:21.16974-08:00,write,key_26,306.54,true,false,1078
2025-11-27T17:16:21.169761-08:00,write,key_409,306.53,true,false,1077
2025-11-27T17:16:21.169775-08:00,write,key_941,308.09,true,false,1077
2025-11-27T17:16:21.376054-08:00,write,key_409,307.50,true,false,1079
2025-11-27T17:16:21.376007-08:00,write,key_142,307.86,true,false,1079
2025-11-27T17:16:21.375987-08:00,write,key_993,307.93,true,false,1080
2025-11-27T17:16:21.376049-08:00,write,key_761,307.97,true,false,1078
2025-11-27T17:16:21.378296-08:00,write,key_572,307.74,true,false,1079
2025-11-27T17:16:21.471428-08:00,write,key_678,312.25,true,false,1079
2025-11-27T17:16:21.471422-08:00,write,key_359,312.27,true,false,1080
2025-11-27T17:16:21.47629-08:00,write,key_95,307.41,true,false,1080
2025-11-27T17:16:21.476274-08:00,write,key_31,307.68,true,false,1079
2025-11-27T17:16:21.477865-08:00,write,key_187,306.42,true,false,1080
2025-11-27T17:16:21.684019-08:00,write,key_973,310.99,true,false,1081
2025-11-27T17:16:21.683553-08:00,write,key_626,311.48,true,false,1081
2025-11-27T17:16:21.683858-08:00,write,key_135,311.17,true,false,1082
2025-11-27T17:16:21.683911-08:00,write,key_494,318.08,true,false,1081
2025-11-27T17:16:21.686036-08:00,write,key_135,317.61,true,false,1083
2025-11-27T17:16:21.783679-08:00,write,key_858,308.76,true,false,1081
2025-11-27T17:16:21.783949-08:00,write,key_885,308.50,true,false,1081
2025-11-27T17:16:21.783689-08:00,write,key_761,308.77,true,false,1082
2025-11-27T17:16:21.78428-08:00,write,key_600,308.19,true,false,1082
2025-11-27T17:16:21.783699-08:00,write,key_850,312.08,true,false,1084
2025-11-27T17:16:21.995012-08:00,write,key_958,307.53,true,false,1083
2025-11-27T17:16:21.99503-08:00,write,key_950,307.54,true,false,1085
2025-11-27T17:16:21.995026-08:00,write,key_71,307.58,true,false,1083
2025-11-27T17:16:22.001992-08:00,write,key_354,305.51,true,false,1086
2025-11-27T17:16:22.003644-08:00,write,key_891,304.91,true,false,1084
2025-11-27T17:16:22.092444-08:00,write,key_96,310.27,true,false,1086
2025-11-27T17:16:22.095775-08:00,write,key_580,307.04,true,false,1085
2025-11-27T17:16:22.092454-08:00,write,key_974,310.41,true,false,1085
2025-11-27T17:16:22.092467-08:00,write,key_972,310.59,true,false,1085
2025-11-27T17:16:22.092435-08:00,write,key_586,310.66,true,false,1085
2025-11-27T17:16:22.3075-08:00,write,key_39,305.77,true,false,1087
2025-11-27T17:16:22.302562-08:00,write,key_660,310.90,true,false,1088
2025-11-27T17:16:22.3026-08:00,write,key_48,311.06,true,false,1086
2025-11-27T17:16:22.302539-08:00,write,key_367,313.98,true,false,1087
2025-11-27T17:16:22.308547-08:00,write,key_880,308.07,true,false,1089
2025-11-27T17:16:22.403094-08:00,write,key_473,308.49,true,false,1087
2025-11-27T17:16:22.402854-08:00,write,key_635,308.75,true,false,1087
2025-11-27T17:16:22.711596-08:00,read,key_963,2.30,true,false,1023
2025-11-27T17:16:22.403054-08:00,write,key_32,310.85,true,false,1088
2025-11-27T17:16:22.402814-08:00,write,key_581,313.77,true,false,1091
2025-11-27T17:16:22.40271-08:00,write,key_843,315.59,true,false,1090
2025-11-27T17:16:22.613454-08:00,write,key_142,307.87,true,false,1092
2025-11-27T17:16:22.616617-08:00,write,key_896,304.73,true,false,1093
2025-11-27T17:16:22.613654-08:00,write,key_651,307.95,true,false,1090
2025-11-27T17:16:22.61327-08:00,write,key_122,310.60,true,false,1092
2025-11-27T17:16:22.616518-08:00,write,key_898,307.41,true,false,1090
2025-11-27T17:16:22.716585-08:00,write,key_699,304.28,true,false,1093
2025-11-27T17:16:22.713903-08:00,write,key_971,306.97,true,false,1092
2025-11-27T17:16:22.711585-08:00,write,key_952,309.32,true,false,1092
2025-11-27T17:16:23.020866-08:00,read,key_957,0.63,true,false,893
2025-11-27T17:16:22.713895-08:00,write,key_603,307.83,true,false,1094
2025-11-27T17:16:22.7183-08:00,write,key_955,309.33,true,false,1093
2025-11-27T17:16:22.923924-08:00,write,key_19,305.30,true,false,1095
2025-11-27T17:16:22.921343-08:00,write,key_902,307.88,true,false,1094
2025-11-27T17:16:22.921326-08:00,write,key_768,307.96,true,false,1094
2025-11-27T17:16:22.923865-08:00,write,key_712,311.53,true,false,1096
2025-11-27T17:16:22.9216-08:00,write,key_366,313.93,true,false,1095
2025-11-27T17:16:23.235527-08:00,read,key_463,2.96,true,false,725
2025-11-27T17:16:23.020859-08:00,write,key_448,320.92,true,false,1095
2025-11-27T17:16:23.021725-08:00,write,key_574,320.05,true,false,1097
2025-11-27T17:16:23.02763-08:00,write,key_71,314.16,true,false,1098
2025-11-27T17:16:23.020904-08:00,write,key_847,320.94,true,false,1096
2025-11-27T17:16:23.021502-08:00,write,key_138,320.35,true,false,1095
2025-11-27T17:16:23.229218-08:00,write,key_716,307.69,true,false,1099
2025-11-27T17:16:23.229223-08:00,write,key_577,307.69,true,false,1097
2025-11-27T17:16:23.229285-08:00,write,key_404,307.63,true,false,1096
2025-11-27T17:16:23.536911-08:00,read,key_949,1.59,true,false,1033
2025-11-27T17:16:23.235388-08:00,write,key_300,307.72,true,false,1099
2025-11-27T17:16:23.238493-08:00,write,key_507,306.79,true,false,1100
2025-11-27T17:16:23.341789-08:00,write,key_602,304.47,true,false,1101
2025-11-27T17:16:23.34185-08:00,write,key_42,304.42,true,false,1100
2025-11-27T17:16:23.341826-08:00,write,key_285,304.44,true,false,1101
2025-11-27T17:16:23.341772-08:00,write,key_184,304.59,true,false,1099
2025-11-27T17:16:23.341837-08:00,write,key_719,309.69,true,false,1102
2025-11-27T17:16:23.538501-08:00,write,key_714,310.88,true,false,1102
2025-11-27T17:16:23.536907-08:00,write,key_144,312.58,true,false,1103
2025-11-27T17:16:23.545284-08:00,write,key_400,306.87,true,false,1101
2025-11-27T17:16:23.536908-08:00,write,key_462,315.28,true,false,1104
2025-11-27T17:16:23.543107-08:00,write,key_69,309.26,true,false,1103
2025-11-27T17:16:23.646356-08:00,write,key_464,311.56,true,false,1104
2025-11-27T17:16:23.64626-08:00,write,key_471,311.66,true,false,1102
2025-11-27T17:16:23.646265-08:00,write,key_308,311.73,true,false,1103
2025-11-27T17:16:23.651531-08:00,write,key_133,306.89,true,false,1105
2025-11-27T17:16:23.646267-08:00,write,key_282,312.16,true,false,1104
2025-11-27T17:16:23.957916-08:00,read,key_899,2.94,true,false,705
2025-11-27T17:16:23.95842-08:00,read,key_38,2.47,true,false,979
2025-11-27T17:16:23.852361-08:00,write,key_464,310.00,true,false,1105
2025-11-27T17:16:23.852153-08:00,write,key_181,310.21,true,false,1105
2025-11-27T17:16:23.849378-08:00,write,key_851,313.06,true,false,1107
2025-11-27T17:16:23.849481-08:00,write,key_37,312.98,true,false,1106
2025-11-27T17:16:23.852188-08:00,write,key_369,310.32,true,false,1105
2025-11-27T17:16:24.16236-08:00,read,key_997,3.65,true,false,465
2025-11-27T17:16:23.960886-08:00,write,key_390,306.97,true,false,1106
2025-11-27T17:16:23.957993-08:00,write,key_841,309.92,true,false,1108
2025-11-27T17:16:23.957909-08:00,write,key_959,310.12,true,false,1106
2025-11-27T17:16:23.958414-08:00,write,key_182,309.71,true,false,1107
2025-11-27T17:16:23.960858-08:00,write,key_134,307.74,true,false,1106
2025-11-27T17:16:24.162363-08:00,write,key_659,313.98,true,false,1108
2025-11-27T17:16:24.162458-08:00,write,key_284,313.95,true,false,1109
2025-11-27T17:16:24.166009-08:00,write,key_716,310.41,true,false,1109
2025-11-27T17:16:24.162439-08:00,write,key_425,314.07,true,false,1108
2025-11-27T17:16:24.162502-08:00,write,key_134,314.33,true,false,1110
2025-11-27T17:16:24.476509-08:00,read,key_960,2.45,true,false,1050
2025-11-27T17:16:24.267909-08:00,write,key_997,309.18,true,false,1109
2025-11-27T17:16:24.268593-08:00,write,key_718,308.54,true,false,1111
2025-11-27T17:16:24.267851-08:00,write,key_35,309.33,true,false,1111
2025-11-27T17:16:24.268027-08:00,write,key_430,309.21,true,false,1112
2025-11-27T17:16:24.268123-08:00,write,key_26,309.23,true,false,1110
2025-11-27T17:16:24.476407-08:00,write,key_408,310.08,true,false,1113
2025-11-27T17:16:24.476826-08:00,write,key_308,309.69,true,false,1113
2025-11-27T17:16:24.476338-08:00,write,key_625,310.20,true,false,1114
2025-11-27T17:16:24.47641-08:00,write,key_943,310.66,true,false,1111
2025-11-27T17:16:24.478959-08:00,write,key_975,308.15,true,false,1115
2025-11-27T17:16:24.577176-08:00,write,key_558,312.84,true,false,1117
2025-11-27T17:16:24.577092-08:00,write,key_892,314.91,true,false,1113
2025-11-27T17:16:24.577128-08:00,write,key_425,315.12,true,false,1116
2025-11-27T17:16:24.577353-08:00,write,key_254,314.89,true,false,1114
2025-11-27T17:16:24.577237-08:00,write,key_217,315.07,true,false,1113
2025-11-27T17:16:24.786506-08:00,write,key_849,311.47,true,false,1118
2025-11-27T17:16:24.787067-08:00,write,key_98,313.70,true,false,1120
2025-11-27T17:16:24.786531-08:00,write,key_999,314.24,true,false,1116
2025-11-27T17:16:24.786489-08:00,write,key_167,314.29,true,false,1119
2025-11-27T17:16:24.787101-08:00,write,key_39,313.87,true,false,1118
2025-11-27T17:16:24.892-08:00,write,key_97,309.83,true,false,1121
2025-11-27T17:16:24.892239-08:00,write,key_35,309.59,true,false,1118
2025-11-27T17:16:24.892243-08:00,write,key_713,309.61,true,false,1118
2025-11-27T17:16:24.892301-08:00,write,key_998,309.66,true,false,1118
2025-11-27T17:16:24.890015-08:00,write,key_714,312.56,true,false,1121
2025-11-27T17:16:25.201951-08:00,read,key_947,2.66,true,false,1072
2025-11-27T17:16:25.100964-08:00,write,key_259,309.80,true,false,1121
2025-11-27T17:16:25.100769-08:00,write,key_890,310.10,true,false,1122
2025-11-27T17:16:25.098022-08:00,write,key_33,312.86,true,false,1121
2025-11-27T17:16:25.410865-08:00,read,key_847,1.90,true,false,1096
2025-11-27T17:16:25.100779-08:00,write,key_35,313.16,true,false,1123
2025-11-27T17:16:25.100769-08:00,write,key_157,313.56,true,false,1122
2025-11-27T17:16:25.204616-08:00,write,key_463,304.65,true,false,1124
2025-11-27T17:16:25.201847-08:00,write,key_142,307.58,true,false,1123
2025-11-27T17:16:25.201828-08:00,write,key_410,307.63,true,false,1122
2025-11-27T17:16:25.202574-08:00,write,key_143,307.75,true,false,1123
2025-11-27T17:16:25.201826-08:00,write,key_966,308.88,true,false,1122
2025-11-27T17:16:25.509454-08:00,read,key_944,2.17,true,false,914
2025-11-27T17:16:25.410765-08:00,write,key_961,306.32,true,false,1124
2025-11-27T17:16:25.413933-08:00,write,key_951,305.35,true,false,1125
2025-11-27T17:16:25.410876-08:00,write,key_146,308.43,true,false,1125
2025-11-27T17:16:25.41433-08:00,write,key_713,305.02,true,false,1124
2025-11-27T17:16:25.41277-08:00,write,key_36,308.54,true,false,1125
2025-11-27T17:16:25.510699-08:00,write,key_668,308.01,true,false,1125
2025-11-27T17:16:25.509267-08:00,write,key_446,309.46,true,false,1126
2025-11-27T17:16:25.511623-08:00,write,key_552,307.13,true,false,1126
2025-11-27T17:16:25.510321-08:00,write,key_553,308.44,true,false,1125
2025-11-27T17:16:25.509427-08:00,write,key_575,309.41,true,false,1126
2025-11-27T17:16:25.721302-08:00,write,key_978,312.81,true,false,1128
2025-11-27T17:16:25.717083-08:00,write,key_769,317.06,true,false,1127
2025-11-27T17:16:25.719348-08:00,write,key_92,314.83,true,false,1126
2025-11-27T17:16:25.719276-08:00,write,key_555,314.93,true,false,1127
2025-11-27T17:16:25.719297-08:00,write,key_776,315.01,true,false,1128
2025-11-27T17:16:26.034328-08:00,read,key_258,2.71,true,false,977
2025-11-27T17:16:25.818834-08:00,write,key_159,311.76,true,false,1127
2025-11-27T17:16:25.818719-08:00,write,key_624,315.59,true,false,1128
2025-11-27T17:16:25.818761-08:00,write,key_250,315.57,true,false,1127
2025-11-27T17:16:25.818753-08:00,write,key_628,316.30,true,false,1127
2025-11-27T17:16:25.818704-08:00,write,key_846,316.46,true,false,1129
2025-11-27T17:16:26.135052-08:00,read,key_300,2.46,true,false,1099
2025-11-27T17:16:26.034356-08:00,write,key_872,318.72,true,false,1129
2025-11-27T17:16:26.034136-08:00,write,key_37,318.96,true,false,1129
2025-11-27T17:16:26.03411-08:00,write,key_60,319.09,true,false,1130
2025-11-27T17:16:26.034173-08:00,write,key_75,319.05,true,false,1130
2025-11-27T17:16:26.037038-08:00,write,key_63,316.22,true,false,1131
2025-11-27T17:16:26.137514-08:00,write,key_95,317.95,true,false,1130
2025-11-27T17:16:26.134328-08:00,write,key_428,321.15,true,false,1132
2025-11-27T17:16:26.134311-08:00,write,key_180,321.30,true,false,1131
2025-11-27T17:16:26.135162-08:00,write,key_502,320.52,true,false,1130
2025-11-27T17:16:26.130596-08:00,write,key_634,325.16,true,false,1132
2025-11-27T17:16:26.455468-08:00,read,key_663,3.88,false,false,0
2025-11-27T17:16:26.353199-08:00,write,key_60,305.98,true,false,1132
2025-11-27T17:16:26.353249-08:00,write,key_54,305.93,true,false,1132
2025-11-27T17:16:26.353218-08:00,write,key_959,305.99,true,false,1134
2025-11-27T17:16:26.353078-08:00,write,key_376,306.13,true,false,1132
2025-11-27T17:16:26.35309-08:00,write,key_436,306.23,true,false,1133
2025-11-27T17:16:26.659199-08:00,read,key_93,3.72,true,false,256
2025-11-27T17:16:26.455605-08:00,write,key_574,311.65,true,false,1133
2025-11-27T17:16:26.455678-08:00,write,key_107,311.59,true,false,1133
2025-11-27T17:16:26.459351-08:00,write,key_942,307.94,true,false,1133
2025-11-27T17:16:26.45575-08:00,write,key_255,311.56,true,false,1136
2025-11-27T17:16:26.455462-08:00,write,key_876,311.92,true,false,1135
2025-11-27T17:16:26.767303-08:00,read,key_137,2.51,true,false,980
2025-11-27T17:16:26.659203-08:00,write,key_554,324.53,true,false,1137
2025-11-27T17:16:26.659318-08:00,write,key_235,324.42,true,false,1136
2025-11-27T17:16:26.662919-08:00,write,key_71,320.83,true,false,1137
2025-11-27T17:16:26.659173-08:00,write,key_305,324.59,true,false,1135
2025-11-27T17:16:26.659177-08:00,write,key_239,324.61,true,false,1135
2025-11-27T17:16:26.983784-08:00,read,key_643,0.80,true,false,585
2025-11-27T17:16:26.769818-08:00,write,key_465,317.26,true,false,1138
2025-11-27T17:16:26.76725-08:00,write,key_406,319.83,true,false,1137
2025-11-27T17:16:26.767262-08:00,write,key_90,319.83,true,false,1137
2025-11-27T17:16:26.767382-08:00,write,key_974,319.77,true,false,1139
2025-11-27T17:16:26.767286-08:00,write,key_941,320.13,true,false,1138
2025-11-27T17:16:27.087078-08:00,read,key_39,5.93,true,false,1142
2025-11-27T17:16:26.984583-08:00,write,key_857,309.35,true,false,1138
2025-11-27T17:16:26.983734-08:00,write,key_167,310.22,true,false,1138
2025-11-27T17:16:26.983743-08:00,write,key_95,310.26,true,false,1140
2025-11-27T17:16:26.98376-08:00,write,key_662,310.28,true,false,1139
2025-11-27T17:16:26.983734-08:00,write,key_353,310.33,true,false,1139
2025-11-27T17:16:27.087149-08:00,write,key_769,308.11,true,false,1140
2025-11-27T17:16:27.087071-08:00,write,key_660,308.19,true,false,1141
2025-11-27T17:16:27.087408-08:00,write,key_696,307.87,true,false,1140
2025-11-27T17:16:27.087092-08:00,write,key_39,308.19,true,false,1142
2025-11-27T17:16:27.093008-08:00,write,key_455,307.28,true,false,1141
2025-11-27T17:16:27.293995-08:00,write,key_462,307.43,true,false,1141
2025-11-27T17:16:27.29406-08:00,write,key_467,307.37,true,false,1143
2025-11-27T17:16:27.293933-08:00,write,key_166,307.50,true,false,1141
2025-11-27T17:16:27.294036-08:00,write,key_356,307.42,true,false,1141
2025-11-27T17:16:27.293949-08:00,write,key_943,307.55,true,false,1142
2025-11-27T17:16:27.395258-08:00,write,key_835,307.54,true,false,1143
2025-11-27T17:16:27.395275-08:00,write,key_428,307.55,true,false,1143
2025-11-27T17:16:27.395253-08:00,write,key_93,307.59,true,false,1144
2025-11-27T17:16:27.400289-08:00,write,key_462,305.67,true,false,1144
2025-11-27T17:16:27.395277-08:00,write,key_97,313.39,true,false,1143
2025-11-27T17:16:27.601493-08:00,write,key_954,308.72,true,false,1145
2025-11-27T17:16:27.601456-08:00,write,key_367,310.57,true,false,1147
2025-11-27T17:16:27.601421-08:00,write,key_947,311.20,true,false,1145
2025-11-27T17:16:27.601428-08:00,write,key_331,311.20,true,false,1144
2025-11-27T17:16:27.601422-08:00,write,key_352,311.24,true,false,1146
2025-11-27T17:16:27.7028-08:00,write,key_31,307.56,true,false,1145
2025-11-27T17:16:27.702816-08:00,write,key_285,307.56,true,false,1146
2025-11-27T17:16:27.705953-08:00,write,key_461,307.09,true,false,1145
2025-11-27T17:16:27.702839-08:00,write,key_473,310.59,true,false,1148
2025-11-27T17:16:27.708668-08:00,write,key_367,304.81,true,false,1149
2025-11-27T17:16:27.910211-08:00,write,key_468,309.20,true,false,1148
2025-11-27T17:16:27.912022-08:00,write,key_430,307.39,true,false,1149
2025-11-27T17:16:27.912653-08:00,write,key_213,306.78,true,false,1148
2025-11-27T17:16:27.912621-08:00,write,key_159,306.93,true,false,1149
2025-11-27T17:16:27.912614-08:00,write,key_251,308.27,true,false,1150
2025-11-27T17:16:28.219542-08:00,read,key_716,2.59,true,false,1109
2025-11-27T17:16:28.21941-08:00,read,key_33,4.19,true,false,1121
2025-11-27T17:16:28.010361-08:00,write,key_896,308.17,true,false,1151
2025-11-27T17:16:28.013422-08:00,write,key_480,308.14,true,false,1150
2025-11-27T17:16:28.013036-08:00,write,key_139,308.57,true,false,1152
2025-11-27T17:16:28.013472-08:00,write,key_622,308.21,true,false,1150
2025-11-27T17:16:28.010368-08:00,write,key_32,311.40,true,false,1150
2025-11-27T17:16:28.318529-08:00,read,key_301,7.76,false,false,0
2025-11-27T17:16:28.219424-08:00,write,key_897,309.25,true,false,1152
2025-11-27T17:16:28.220886-08:00,write,key_872,310.02,true,false,1151
2025-11-27T17:16:28.219416-08:00,write,key_978,314.68,true,false,1151
2025-11-27T17:16:28.222137-08:00,write,key_78,313.26,true,false,1153
2025-11-27T17:16:28.223605-08:00,write,key_44,311.81,true,false,1153
2025-11-27T17:16:28.321605-08:00,write,key_435,313.93,true,false,1154
2025-11-27T17:16:28.321759-08:00,write,key_94,313.79,true,false,1155
2025-11-27T17:16:28.326289-08:00,write,key_251,309.34,true,false,1154
2025-11-27T17:16:28.321556-08:00,write,key_875,315.38,true,false,1153
2025-11-27T17:16:28.321673-08:00,write,key_807,316.30,true,false,1154
2025-11-27T17:16:28.535406-08:00,write,key_425,312.94,true,false,1158
2025-11-27T17:16:28.530904-08:00,write,key_401,317.44,true,false,1154
2025-11-27T17:16:28.534095-08:00,write,key_67,314.32,true,false,1156
2025-11-27T17:16:28.528683-08:00,write,key_797,320.24,true,false,1157
2025-11-27T17:16:28.53539-08:00,write,key_36,313.55,true,false,1159
2025-11-27T17:16:28.635546-08:00,write,key_27,313.50,true,false,1156
2025-11-27T17:16:28.637967-08:00,write,key_75,312.05,true,false,1156
2025-11-27T17:16:28.635538-08:00,write,key_476,315.27,true,false,1156
2025-11-27T17:16:28.636931-08:00,write,key_374,314.59,true,false,1157
2025-11-27T17:16:28.635627-08:00,write,key_333,316.11,true,false,1156
2025-11-27T17:16:28.84834-08:00,write,key_31,309.22,true,false,1160
2025-11-27T17:16:28.84841-08:00,write,key_352,309.85,true,false,1160
2025-11-27T17:16:28.848939-08:00,write,key_429,309.37,true,false,1160
2025-11-27T17:16:28.848919-08:00,write,key_57,318.64,true,false,1162
2025-11-27T17:16:28.848367-08:00,write,key_433,319.20,true,false,1161
2025-11-27T17:16:29.167553-08:00,read,key_257,1.11,true,false,871
2025-11-27T17:16:28.949048-08:00,write,key_404,310.38,true,false,1161
2025-11-27T17:16:28.951513-08:00,write,key_337,307.97,true,false,1163
2025-11-27T17:16:28.951732-08:00,write,key_421,307.86,true,false,1162
2025-11-27T17:16:28.950014-08:00,write,key_307,312.03,true,false,1164
2025-11-27T17:16:28.950809-08:00,write,key_21,314.40,true,false,1165
2025-11-27T17:16:29.158305-08:00,write,key_551,311.52,true,false,1166
2025-11-27T17:16:29.15826-08:00,write,key_558,312.48,true,false,1163
2025-11-27T17:16:29.157556-08:00,write,key_711,313.22,true,false,1166
2025-11-27T17:16:29.167567-08:00,write,key_529,307.56,true,false,1163
2025-11-27T17:16:29.168663-08:00,write,key_350,306.49,true,false,1163
2025-11-27T17:16:29.259592-08:00,write,key_159,311.58,true,false,1166
2025-11-27T17:16:29.265214-08:00,write,key_978,306.94,true,false,1166
2025-11-27T17:16:29.259431-08:00,write,key_555,315.97,true,false,1167
2025-11-27T17:16:29.25948-08:00,write,key_94,315.93,true,false,1168
2025-11-27T17:16:29.262039-08:00,write,key_522,313.43,true,false,1167
2025-11-27T17:16:29.575404-08:00,read,key_623,1.33,true,false,902
2025-11-27T17:16:29.475148-08:00,write,key_36,307.24,true,false,1170
2025-11-27T17:16:29.47077-08:00,write,key_625,312.19,true,false,1169
2025-11-27T17:16:29.470734-08:00,write,key_100,313.47,true,false,1167
2025-11-27T17:16:29.469821-08:00,write,key_851,314.43,true,false,1167
2025-11-27T17:16:29.475124-08:00,write,key_359,309.20,true,false,1167
2025-11-27T17:16:29.575467-08:00,write,key_380,308.32,true,false,1170
2025-11-27T17:16:29.571175-08:00,write,key_962,312.62,true,false,1169
2025-11-27T17:16:29.572148-08:00,write,key_404,311.67,true,false,1171
2025-11-27T17:16:29.575401-08:00,write,key_876,308.44,true,false,1170
2025-11-27T17:16:29.88379-08:00,read,key_133,1.53,true,false,1105
2025-11-27T17:16:29.883834-08:00,read,key_947,1.49,true,false,1145
2025-11-27T17:16:29.883812-08:00,read,key_965,1.56,true,false,1062
2025-11-27T17:16:29.576737-08:00,write,key_577,309.27,true,false,1169
2025-11-27T17:16:29.885326-08:00,read,key_250,2.63,true,false,1127
2025-11-27T17:16:29.784317-08:00,write,key_450,310.94,true,false,1172
2025-11-27T17:16:29.784199-08:00,write,key_551,311.17,true,false,1172
2025-11-27T17:16:29.784249-08:00,write,key_522,311.15,true,false,1171
2025-11-27T17:16:29.782392-08:00,write,key_662,313.10,true,false,1171
2025-11-27T17:16:29.782955-08:00,write,key_690,312.91,true,false,1171
2025-11-27T17:16:29.883782-08:00,write,key_504,312.09,true,false,1173
2025-11-27T17:16:29.885378-08:00,write,key_24,310.51,true,false,1172
2025-11-27T17:16:29.885323-08:00,write,key_244,310.59,true,false,1172
2025-11-27T17:16:29.886009-08:00,write,key_259,309.91,true,false,1173
2025-11-27T17:16:29.887963-08:00,write,key_942,308.04,true,false,1172
2025-11-27T17:16:30.195907-08:00,read,key_20,3.83,true,false,1063
2025-11-27T17:16:30.095364-08:00,write,key_960,309.08,true,false,1173
2025-11-27T17:16:30.095861-08:00,write,key_985,309.46,true,false,1174
2025-11-27T17:16:30.095394-08:00,write,key_871,309.95,true,false,1175
2025-11-27T17:16:30.095484-08:00,write,key_468,310.07,true,false,1174
2025-11-27T17:16:30.095253-08:00,write,key_470,314.81,true,false,1176
2025-11-27T17:16:30.410065-08:00,read,key_284,0.92,true,false,1109
2025-11-27T17:16:30.19588-08:00,write,key_699,308.37,true,false,1175
2025-11-27T17:16:30.195914-08:00,write,key_476,308.35,true,false,1174
2025-11-27T17:16:30.195868-08:00,write,key_408,320.15,true,false,1177
2025-11-27T17:16:30.199737-08:00,write,key_302,316.49,true,false,1175
2025-11-27T17:16:30.195995-08:00,write,key_903,320.29,true,false,1174
2025-11-27T17:16:30.405549-08:00,write,key_700,312.85,true,false,1177
2025-11-27T17:16:30.410986-08:00,write,key_953,307.43,true,false,1178
2025-11-27T17:16:30.405319-08:00,write,key_123,313.10,true,false,1178
2025-11-27T17:16:30.405337-08:00,write,key_482,313.13,true,false,1177
2025-11-27T17:16:30.404444-08:00,write,key_351,314.08,true,false,1177
2025-11-27T17:16:30.516278-08:00,write,key_166,303.92,true,false,1180
2025-11-27T17:16:30.51601-08:00,write,key_439,304.26,true,false,1179
2025-11-27T17:16:30.504256-08:00,write,key_258,316.07,true,false,1178
2025-11-27T17:16:30.504255-08:00,write,key_714,316.16,true,false,1179
2025-11-27T17:16:30.516219-08:00,write,key_376,304.45,true,false,1179
2025-11-27T17:16:30.820669-08:00,read,key_687,4.41,true,false,411
2025-11-27T17:16:30.820409-08:00,read,key_162,4.69,true,false,788
2025-11-27T17:16:30.825103-08:00,read,key_259,1.40,true,false,1173
2025-11-27T17:16:30.718401-08:00,write,key_240,310.86,true,false,1181
2025-11-27T17:16:30.718416-08:00,write,key_509,310.87,true,false,1179
2025-11-27T17:16:30.718411-08:00,write,key_459,310.88,true,false,1180
2025-11-27T17:16:30.718461-08:00,write,key_808,313.75,true,false,1180
2025-11-27T17:16:30.71852-08:00,write,key_152,313.72,true,false,1180
2025-11-27T17:16:30.820326-08:00,write,key_875,314.91,true,false,1182
2025-11-27T17:16:30.825086-08:00,write,key_434,310.18,true,false,1181
2025-11-27T17:16:30.820201-08:00,write,key_876,315.08,true,false,1181
2025-11-27T17:16:30.826502-08:00,write,key_90,308.82,true,false,1182
2025-11-27T17:16:30.820266-08:00,write,key_355,315.13,true,false,1181
2025-11-27T17:16:31.032205-08:00,write,key_162,312.93,true,false,1184
2025-11-27T17:16:31.032233-08:00,write,key_579,312.92,true,false,1183
2025-11-27T17:16:31.029285-08:00,write,key_305,315.88,true,false,1182
2025-11-27T17:16:31.029262-08:00,write,key_965,315.90,true,false,1183
2025-11-27T17:16:31.029289-08:00,write,key_377,315.91,true,false,1183
2025-11-27T17:16:31.345161-08:00,read,key_874,5.59,true,false,430
2025-11-27T17:16:31.13528-08:00,write,key_623,309.98,true,false,1183
2025-11-27T17:16:31.135231-08:00,write,key_333,310.15,true,false,1184
2025-11-27T17:16:31.135392-08:00,write,key_454,310.00,true,false,1185
2025-11-27T17:16:31.135319-08:00,write,key_802,310.14,true,false,1184
2025-11-27T17:16:31.44539-08:00,read,key_700,1.88,true,false,1177
2025-11-27T17:16:31.445451-08:00,read,key_157,3.66,true,false,1122
2025-11-27T17:16:31.135262-08:00,write,key_72,313.95,true,false,1184
2025-11-27T17:16:31.350757-08:00,write,key_623,304.10,true,false,1187
2025-11-27T17:16:31.345156-08:00,write,key_38,309.71,true,false,1185
2025-11-27T17:16:31.345147-08:00,write,key_625,309.72,true,false,1186
2025-11-27T17:16:31.345196-08:00,write,key_479,309.70,true,false,1185
2025-11-27T17:16:31.345134-08:00,write,key_712,309.78,true,false,1186
2025-11-27T17:16:31.445381-08:00,write,key_714,309.63,true,false,1186
2025-11-27T17:16:31.449207-08:00,write,key_451,305.87,true,false,1187
2025-11-27T17:16:31.449108-08:00,write,key_456,306.73,true,false,1187
2025-11-27T17:16:31.447275-08:00,write,key_793,308.64,true,false,1187
2025-11-27T17:16:31.445258-08:00,write,key_437,311.08,true,false,1188
2025-11-27T17:16:31.756337-08:00,read,key_983,6.59,true,false,1048
2025-11-27T17:16:31.654912-08:00,write,key_22,320.88,true,false,1188
2025-11-27T17:16:31.654862-08:00,write,key_38,320.95,true,false,1188
2025-11-27T17:16:31.654895-08:00,write,key_978,320.93,true,false,1189
2025-11-27T17:16:31.654859-08:00,write,key_451,321.00,true,false,1189
2025-11-27T17:16:31.654861-08:00,write,key_803,321.02,true,false,1190
2025-11-27T17:16:31.975874-08:00,read,key_353,0.48,true,false,1139
2025-11-27T17:16:31.975853-08:00,read,key_300,0.64,true,false,1099
2025-11-27T17:16:31.755839-08:00,write,key_287,312.94,true,false,1192
2025-11-27T17:16:31.755076-08:00,write,key_479,328.00,true,false,1190
2025-11-27T17:16:31.755014-08:00,write,key_459,328.90,true,false,1191
2025-11-27T17:16:31.755911-08:00,write,key_872,328.01,true,false,1190
2025-11-27T17:16:31.762931-08:00,write,key_252,321.35,true,false,1193
2025-11-27T17:16:31.975818-08:00,write,key_257,304.63,true,false,1194
2025-11-27T17:16:31.975792-08:00,write,key_76,305.06,true,false,1194
2025-11-27T17:16:31.975803-08:00,write,key_944,305.09,true,false,1191
2025-11-27T17:16:31.976497-08:00,write,key_480,307.30,true,false,1196
2025-11-27T17:16:31.976352-08:00,write,key_472,307.50,true,false,1195
2025-11-27T17:16:32.06878-08:00,write,key_728,309.78,true,false,1193
2025-11-27T17:16:32.083074-08:00,write,key_994,304.95,true,false,1194
2025-11-27T17:16:32.388023-08:00,read,key_136,3.86,false,false,0
2025-11-27T17:16:32.083916-08:00,write,key_487,308.01,true,false,1194
2025-11-27T17:16:32.083918-08:00,write,key_336,310.66,true,false,1195
2025-11-27T17:16:32.08428-08:00,write,key_877,310.30,true,false,1197
2025-11-27T17:16:32.28089-08:00,write,key_476,306.32,true,false,1198
2025-11-27T17:16:32.280447-08:00,write,key_23,306.79,true,false,1197
2025-11-27T17:16:32.280847-08:00,write,key_551,306.43,true,false,1197
2025-11-27T17:16:32.283846-08:00,write,key_714,307.72,true,false,1198
2025-11-27T17:16:32.283791-08:00,write,key_793,307.79,true,false,1199
2025-11-27T17:16:32.591575-08:00,read,key_404,1.02,true,false,1171
2025-11-27T17:16:32.378567-08:00,write,key_870,313.30,true,false,1197
2025-11-27T17:16:32.691868-08:00,read,key_95,3.49,true,false,1140
2025-11-27T17:16:32.39192-08:00,write,key_972,304.85,true,false,1198
2025-11-27T17:16:32.391884-08:00,write,key_471,304.89,true,false,1198
2025-11-27T17:16:32.696774-08:00,read,key_154,2.37,true,false,778
2025-11-27T17:16:32.394575-08:00,write,key_331,306.18,true,false,1200
2025-11-27T17:16:32.394579-08:00,write,key_198,306.19,true,false,1199
2025-11-27T17:16:32.587272-08:00,write,key_454,311.39,true,false,1200
2025-11-27T17:16:32.587232-08:00,write,key_976,311.49,true,false,1201
2025-11-27T17:16:32.591562-08:00,write,key_961,308.51,true,false,1202
2025-11-27T17:16:32.587209-08:00,write,key_511,312.89,true,false,1201
2025-11-27T17:16:32.592597-08:00,write,key_574,307.52,true,false,1200
2025-11-27T17:16:32.695357-08:00,write,key_160,305.39,true,false,1203
2025-11-27T17:16:32.696766-08:00,write,key_792,304.05,true,false,1200
2025-11-27T17:16:33.000743-08:00,read,key_862,1.86,true,false,318
2025-11-27T17:16:32.700755-08:00,write,key_796,302.50,true,false,1201
2025-11-27T17:16:32.700766-08:00,write,key_704,302.64,true,false,1201
2025-11-27T17:16:32.69915-08:00,write,key_859,304.40,true,false,1204
2025-11-27T17:16:32.900066-08:00,write,key_527,309.79,true,false,1203
2025-11-27T17:16:32.90011-08:00,write,key_242,310.53,true,false,1205
2025-11-27T17:16:32.900098-08:00,write,key_54,310.54,true,false,1203
2025-11-27T17:16:32.898662-08:00,write,key_572,312.00,true,false,1203
2025-11-27T17:16:32.898723-08:00,write,key_899,311.96,true,false,1205
2025-11-27T17:16:33.209856-08:00,read,key_46,1.80,true,false,875
2025-11-27T17:16:33.003406-08:00,write,key_36,305.92,true,false,1206
2025-11-27T17:16:33.000813-08:00,write,key_355,308.58,true,false,1204
2025-11-27T17:16:33.003541-08:00,write,key_454,305.91,true,false,1205
2025-11-27T17:16:33.003248-08:00,write,key_44,310.00,true,false,1206
2025-11-27T17:16:33.002604-08:00,write,key_124,310.66,true,false,1205
2025-11-27T17:16:33.210635-08:00,write,key_802,308.35,true,false,1207
2025-11-27T17:16:33.21066-08:00,write,key_876,308.33,true,false,1206
2025-11-27T17:16:33.210682-08:00,write,key_792,308.36,true,false,1206
2025-11-27T17:16:33.211658-08:00,write,key_401,307.43,true,false,1207
2025-11-27T17:16:33.210636-08:00,write,key_309,308.50,true,false,1207
2025-11-27T17:16:33.518988-08:00,read,key_879,3.46,true,false,377
2025-11-27T17:16:33.522452-08:00,read,key_138,2.80,true,false,1095
2025-11-27T17:16:33.309442-08:00,write,key_855,316.18,true,false,1207
2025-11-27T17:16:33.309389-08:00,write,key_244,316.24,true,false,1209
2025-11-27T17:16:33.309328-08:00,write,key_301,316.72,true,false,1208
2025-11-27T17:16:33.313261-08:00,write,key_702,312.81,true,false,1207
2025-11-27T17:16:33.313256-08:00,write,key_25,312.83,true,false,1208
2025-11-27T17:16:33.519035-08:00,write,key_223,306.71,true,false,1210
2025-11-27T17:16:33.518979-08:00,write,key_438,306.78,true,false,1209
2025-11-27T17:16:33.519084-08:00,write,key_457,306.70,true,false,1208
2025-11-27T17:16:33.519132-08:00,write,key_71,308.58,true,false,1211
2025-11-27T17:16:33.525254-08:00,write,key_163,309.74,true,false,1210
2025-11-27T17:16:33.626064-08:00,write,key_551,305.90,true,false,1212
2025-11-27T17:16:33.626048-08:00,write,key_122,306.70,true,false,1210
2025-11-27T17:16:33.625621-08:00,write,key_958,307.21,true,false,1211
2025-11-27T17:16:33.62562-08:00,write,key_957,307.44,true,false,1210
2025-11-27T17:16:33.626078-08:00,write,key_27,309.21,true,false,1212
2025-11-27T17:16:33.935283-08:00,read,key_96,0.91,true,false,1086
2025-11-27T17:16:33.825747-08:00,write,key_716,323.03,true,false,1211
2025-11-27T17:16:33.827713-08:00,write,key_46,321.20,true,false,1212
2025-11-27T17:16:33.834987-08:00,write,key_907,314.05,true,false,1213
2025-11-27T17:16:33.825785-08:00,write,key_570,323.30,true,false,1211
2025-11-27T17:16:33.825755-08:00,write,key_944,323.39,true,false,1212
2025-11-27T17:16:33.933055-08:00,write,key_462,329.09,true,false,1213
2025-11-27T17:16:33.932823-08:00,write,key_402,329.34,true,false,1213
2025-11-27T17:16:33.932745-08:00,write,key_300,329.44,true,false,1214
2025-11-27T17:16:33.93196-08:00,write,key_245,330.28,true,false,1213
2025-11-27T17:16:33.936196-08:00,write,key_120,326.07,true,false,1214
2025-11-27T17:16:34.148907-08:00,write,key_159,306.12,true,false,1215
2025-11-27T17:16:34.149028-08:00,write,key_717,306.02,true,false,1214
2025-11-27T17:16:34.149079-08:00,write,key_574,306.00,true,false,1214
2025-11-27T17:16:34.148776-08:00,write,key_147,306.37,true,false,1215
2025-11-27T17:16:34.149145-08:00,write,key_165,306.09,true,false,1215
2025-11-27T17:16:34.26216-08:00,write,key_571,305.37,true,false,1217
2025-11-27T17:16:34.26218-08:00,write,key_697,305.37,true,false,1216
2025-11-27T17:16:34.262261-08:00,write,key_708,305.29,true,false,1216
2025-11-27T17:16:34.262143-08:00,write,key_37,305.45,true,false,1215
2025-11-27T17:16:34.262234-08:00,write,key_33,305.37,true,false,1216
2025-11-27T17:16:34.455047-08:00,write,key_485,312.19,true,false,1219
2025-11-27T17:16:34.455021-08:00,write,key_152,312.22,true,false,1217
2025-11-27T17:16:34.455144-08:00,write,key_457,312.11,true,false,1218
2025-11-27T17:16:34.455227-08:00,write,key_957,312.04,true,false,1218
2025-11-27T17:16:34.455075-08:00,write,key_970,312.22,true,false,1216
2025-11-27T17:16:34.767237-08:00,read,key_909,1.71,true,false,802
2025-11-27T17:16:34.567552-08:00,write,key_554,304.22,true,false,1219
2025-11-27T17:16:34.567595-08:00,write,key_572,304.25,true,false,1220
2025-11-27T17:16:34.567589-08:00,write,key_484,304.84,true,false,1220
2025-11-27T17:16:34.567532-08:00,write,key_20,306.56,true,false,1218
2025-11-27T17:16:34.567547-08:00,write,key_190,307.89,true,false,1218
2025-11-27T17:16:34.875431-08:00,read,key_518,0.67,true,false,736
2025-11-27T17:16:34.768945-08:00,write,key_716,307.81,true,false,1222
2025-11-27T17:16:34.767248-08:00,write,key_305,309.52,true,false,1221
2025-11-27T17:16:34.767286-08:00,write,key_555,309.50,true,false,1221
2025-11-27T17:16:34.76726-08:00,write,key_852,309.53,true,false,1220
2025-11-27T17:16:34.767246-08:00,write,key_438,309.60,true,false,1221
2025-11-27T17:16:34.872429-08:00,write,key_239,307.38,true,false,1222
2025-11-27T17:16:34.871837-08:00,write,key_451,307.99,true,false,1221
2025-11-27T17:16:34.871771-08:00,write,key_157,308.11,true,false,1222
2025-11-27T17:16:34.874087-08:00,write,key_960,305.82,true,false,1223
2025-11-27T17:16:34.876098-08:00,write,key_712,308.37,true,false,1224
2025-11-27T17:16:35.076757-08:00,write,key_719,311.48,true,false,1225
2025-11-27T17:16:35.076759-08:00,write,key_167,311.48,true,false,1225
2025-11-27T17:16:35.076788-08:00,write,key_470,311.51,true,false,1223
2025-11-27T17:16:35.076786-08:00,write,key_284,311.58,true,false,1223
2025-11-27T17:16:35.076844-08:00,write,key_130,311.53,true,false,1224
2025-11-27T17:16:35.388365-08:00,read,key_287,3.63,true,false,1192
2025-11-27T17:16:35.179811-08:00,write,key_55,311.51,true,false,1225
2025-11-27T17:16:35.17988-08:00,write,key_459,311.53,true,false,1226
2025-11-27T17:16:35.179818-08:00,write,key_482,311.70,true,false,1226
2025-11-27T17:16:35.1799-08:00,write,key_943,312.02,true,false,1226
2025-11-27T17:16:35.184468-08:00,write,key_250,307.57,true,false,1225
2025-11-27T17:16:35.392003-08:00,write,key_464,304.12,true,false,1226
2025-11-27T17:16:35.388239-08:00,write,key_470,307.89,true,false,1227
2025-11-27T17:16:35.388372-08:00,write,key_357,307.79,true,false,1228
2025-11-27T17:16:35.388239-08:00,write,key_459,308.27,true,false,1227
2025-11-27T17:16:35.388292-08:00,write,key_709,308.41,true,false,1228
2025-11-27T17:16:35.492031-08:00,write,key_75,309.24,true,false,1229
2025-11-27T17:16:35.491517-08:00,write,key_112,309.91,true,false,1227
2025-11-27T17:16:35.491403-08:00,write,key_457,311.33,true,false,1230
2025-11-27T17:16:35.491912-08:00,write,key_283,310.85,true,false,1227
2025-11-27T17:16:35.491319-08:00,write,key_715,311.66,true,false,1229
2025-11-27T17:16:35.696117-08:00,write,key_70,310.09,true,false,1229
2025-11-27T17:16:35.696694-08:00,write,key_117,309.56,true,false,1231
2025-11-27T17:16:35.69651-08:00,write,key_233,309.99,true,false,1230
2025-11-27T17:16:35.696124-08:00,write,key_711,311.57,true,false,1231
2025-11-27T17:16:35.696159-08:00,write,key_120,312.39,true,false,1232
2025-11-27T17:16:35.802732-08:00,write,key_453,307.26,true,false,1233
2025-11-27T17:16:35.802978-08:00,write,key_358,307.03,true,false,1234
2025-11-27T17:16:35.802762-08:00,write,key_34,307.28,true,false,1232
2025-11-27T17:16:36.109991-08:00,read,key_35,1.97,true,false,1123
2025-11-27T17:16:35.801425-08:00,write,key_488,310.65,true,false,1232
2025-11-27T17:16:35.801271-08:00,write,key_710,310.84,true,false,1231
2025-11-27T17:16:36.00855-08:00,write,key_357,311.96,true,false,1233
2025-11-27T17:16:36.006208-08:00,write,key_70,314.31,true,false,1234
2025-11-27T17:16:36.007694-08:00,write,key_468,315.04,true,false,1237
2025-11-27T17:16:36.006245-08:00,write,key_907,316.49,true,false,1235
2025-11-27T17:16:36.006494-08:00,write,key_29,316.37,true,false,1236
2025-11-27T17:16:36.112068-08:00,write,key_254,310.92,true,false,1238
2025-11-27T17:16:36.110033-08:00,write,key_471,313.60,true,false,1235
2025-11-27T17:16:36.110002-08:00,write,key_39,314.61,true,false,1238
2025-11-27T17:16:36.112107-08:00,write,key_529,312.74,true,false,1237
2025-11-27T17:16:36.111964-08:00,write,key_117,314.60,true,false,1236
2025-11-27T17:16:36.32286-08:00,write,key_979,310.91,true,false,1238
2025-11-27T17:16:36.322727-08:00,write,key_120,311.06,true,false,1238
2025-11-27T17:16:36.322733-08:00,write,key_714,311.06,true,false,1240
2025-11-27T17:16:36.320512-08:00,write,key_74,313.79,true,false,1238
2025-11-27T17:16:36.320504-08:00,write,key_193,313.86,true,false,1239
2025-11-27T17:16:36.633772-08:00,read,key_713,2.72,true,false,1124
2025-11-27T17:16:36.423624-08:00,write,key_557,311.79,true,false,1239
2025-11-27T17:16:36.422999-08:00,write,key_459,312.42,true,false,1239
2025-11-27T17:16:36.424846-08:00,write,key_875,310.58,true,false,1239
2025-11-27T17:16:36.424612-08:00,write,key_283,310.82,true,false,1239
2025-11-27T17:16:36.426558-08:00,write,key_627,308.88,true,false,1240
2025-11-27T17:16:36.633778-08:00,write,key_212,310.35,true,false,1241
2025-11-27T17:16:36.633791-08:00,write,key_708,310.37,true,false,1241
2025-11-27T17:16:36.634363-08:00,write,key_916,309.85,true,false,1241
2025-11-27T17:16:36.634301-08:00,write,key_902,310.17,true,false,1242
2025-11-27T17:16:36.636489-08:00,write,key_255,308.07,true,false,1241
2025-11-27T17:16:36.735431-08:00,write,key_284,311.43,true,false,1244
2025-11-27T17:16:36.735429-08:00,write,key_123,311.48,true,false,1243
2025-11-27T17:16:36.73541-08:00,write,key_463,311.51,true,false,1243
2025-11-27T17:16:36.735409-08:00,write,key_196,311.81,true,false,1242
2025-11-27T17:16:36.73542-08:00,write,key_963,311.84,true,false,1242
2025-11-27T17:16:37.046858-08:00,read,key_520,4.76,true,false,775
2025-11-27T17:16:37.0469-08:00,read,key_897,6.50,true,false,1152
2025-11-27T17:16:36.944209-08:00,write,key_577,310.46,true,false,1245
2025-11-27T17:16:36.944131-08:00,write,key_472,310.55,true,false,1243
2025-11-27T17:16:36.944559-08:00,write,key_13,310.23,true,false,1244
2025-11-27T17:16:36.944469-08:00,write,key_713,310.33,true,false,1244
2025-11-27T17:16:36.944157-08:00,write,key_557,310.66,true,false,1245
2025-11-27T17:16:37.046914-08:00,write,key_124,313.36,true,false,1245
2025-11-27T17:16:37.047215-08:00,write,key_34,313.07,true,false,1246
2025-11-27T17:16:37.053403-08:00,write,key_713,308.59,true,false,1246
2025-11-27T17:16:37.05162-08:00,write,key_529,311.06,true,false,1248
2025-11-27T17:16:37.047259-08:00,write,key_621,315.49,true,false,1247
2025-11-27T17:16:37.254678-08:00,write,key_850,314.19,true,false,1246
2025-11-27T17:16:37.254794-08:00,write,key_973,314.07,true,false,1246
2025-11-27T17:16:37.25478-08:00,write,key_956,314.13,true,false,1249
2025-11-27T17:16:37.254665-08:00,write,key_858,314.24,true,false,1249
2025-11-27T17:16:37.254816-08:00,write,key_486,314.13,true,false,1247
2025-11-27T17:16:37.362749-08:00,write,key_136,314.74,true,false,1249
2025-11-27T17:16:37.361985-08:00,write,key_704,315.52,true,false,1249
2025-11-27T17:16:37.360269-08:00,write,key_802,317.27,true,false,1249
2025-11-27T17:16:37.362678-08:00,write,key_285,314.96,true,false,1250
2025-11-27T17:16:37.360282-08:00,write,key_12,317.39,true,false,1251
2025-11-27T17:16:37.568947-08:00,write,key_857,312.35,true,false,1252
2025-11-27T17:16:37.568862-08:00,write,key_351,312.69,true,false,1250
2025-11-27T17:16:37.568906-08:00,write,key_45,314.16,true,false,1251
2025-11-27T17:16:37.568921-08:00,write,key_51,314.42,true,false,1250
2025-11-27T17:16:37.568904-08:00,write,key_578,314.54,true,false,1253
2025-11-27T17:16:37.677504-08:00,write,key_42,306.95,true,false,1252
2025-11-27T17:16:37.677668-08:00,write,key_219,308.21,true,false,1253
2025-11-27T17:16:37.677493-08:00,write,key_462,308.49,true,false,1252
2025-11-27T17:16:37.677539-08:00,write,key_155,308.54,true,false,1254
2025-11-27T17:16:37.677636-08:00,write,key_99,310.65,true,false,1254
2025-11-27T17:16:37.88155-08:00,write,key_479,310.44,true,false,1254
2025-11-27T17:16:37.883063-08:00,write,key_41,308.93,true,false,1255
2025-11-27T17:16:37.883441-08:00,write,key_70,308.56,true,false,1254
2025-11-27T17:16:37.881294-08:00,write,key_974,310.78,true,false,1254
2025-11-27T17:16:37.883335-08:00,write,key_850,310.15,true,false,1255
2025-11-27T17:16:38.193484-08:00,read,key_502,2.41,true,false,1130
2025-11-27T17:16:37.98588-08:00,write,key_867,308.12,true,false,1256
2025-11-27T17:16:37.984458-08:00,write,key_536,309.56,true,false,1256
2025-11-27T17:16:37.986104-08:00,write,key_490,307.93,true,false,1255
2025-11-27T17:16:37.986124-08:00,write,key_520,311.01,true,false,1257
2025-11-27T17:16:38.294022-08:00,read,key_142,4.64,true,false,1123
2025-11-27T17:16:37.988287-08:00,write,key_558,310.55,true,false,1258
2025-11-27T17:16:38.191993-08:00,write,key_902,311.22,true,false,1256
2025-11-27T17:16:38.191996-08:00,write,key_181,311.26,true,false,1260
2025-11-27T17:16:38.192069-08:00,write,key_351,311.26,true,false,1256
2025-11-27T17:16:38.195894-08:00,write,key_855,310.40,true,false,1261
2025-11-27T17:16:38.191987-08:00,write,key_694,317.75,true,false,1259
2025-11-27T17:16:38.50973-08:00,read,key_754,1.02,true,false,391
2025-11-27T17:16:38.294032-08:00,write,key_698,307.16,true,false,1259
2025-11-27T17:16:38.297137-08:00,write,key_115,309.00,true,false,1264
2025-11-27T17:16:38.294018-08:00,write,key_945,312.18,true,false,1262
2025-11-27T17:16:38.298836-08:00,write,key_79,310.05,true,false,1261
2025-11-27T17:16:38.298665-08:00,write,key_139,310.25,true,false,1263
2025-11-27T17:16:38.503248-08:00,write,key_558,309.40,true,false,1262
2025-11-27T17:16:38.503326-08:00,write,key_464,310.87,true,false,1263
2025-11-27T17:16:38.503217-08:00,write,key_947,312.07,true,false,1262
2025-11-27T17:16:38.510755-08:00,write,key_286,306.12,true,false,1265
2025-11-27T17:16:38.506291-08:00,write,key_0,312.38,true,false,1264
2025-11-27T17:16:38.601189-08:00,write,key_35,307.80,true,false,1262
2025-11-27T17:16:38.608913-08:00,write,key_956,303.81,true,false,1265
2025-11-27T17:16:38.608881-08:00,write,key_351,303.90,true,false,1266
2025-11-27T17:16:38.606197-08:00,write,key_578,306.64,true,false,1265
2025-11-27T17:16:38.912837-08:00,read,key_754,1.74,true,false,391
2025-11-27T17:16:38.606139-08:00,write,key_532,308.97,true,false,1265
2025-11-27T17:16:38.815284-08:00,write,key_974,307.14,true,false,1266
2025-11-27T17:16:38.814193-08:00,write,key_524,312.20,true,false,1268
2025-11-27T17:16:38.816878-08:00,write,key_33,309.53,true,false,1266
2025-11-27T17:16:38.812653-08:00,write,key_627,313.82,true,false,1267
2025-11-27T17:16:38.818667-08:00,write,key_79,307.85,true,false,1269
2025-11-27T17:16:38.908991-08:00,write,key_942,310.94,true,false,1267
2025-11-27T17:16:38.912727-08:00,write,key_254,307.21,true,false,1267
2025-11-27T17:16:38.915106-08:00,write,key_892,305.27,true,false,1267
2025-11-27T17:16:38.914604-08:00,write,key_716,306.80,true,false,1271
2025-11-27T17:16:38.91278-08:00,write,key_509,308.62,true,false,1270
2025-11-27T17:16:39.220369-08:00,read,key_42,4.58,true,false,1252
2025-11-27T17:16:39.122431-08:00,write,key_288,311.41,true,false,1272
2025-11-27T17:16:39.126391-08:00,write,key_436,307.46,true,false,1270
2025-11-27T17:16:39.126472-08:00,write,key_956,308.20,true,false,1272
2025-11-27T17:16:39.126402-08:00,write,key_516,308.28,true,false,1273
2025-11-27T17:16:39.126512-08:00,write,key_964,308.24,true,false,1273
2025-11-27T17:16:39.219934-08:00,write,key_38,310.16,true,false,1272
2025-11-27T17:16:39.219927-08:00,write,key_459,310.18,true,false,1272
2025-11-27T17:16:39.224957-08:00,write,key_878,309.31,true,false,1274
2025-11-27T17:16:39.2214-08:00,write,key_158,312.92,true,false,1274
2025-11-27T17:16:39.221399-08:00,write,key_452,312.94,true,false,1275
2025-11-27T17:16:39.433835-08:00,write,key_9,308.28,true,false,1275
2025-11-27T17:16:39.434749-08:00,write,key_309,307.39,true,false,1277
2025-11-27T17:16:39.434682-08:00,write,key_251,309.32,true,false,1276
2025-11-27T17:16:39.434673-08:00,write,key_706,309.35,true,false,1276
2025-11-27T17:16:39.742133-08:00,read,key_521,2.45,true,false,886
2025-11-27T17:16:39.433843-08:00,write,key_237,310.85,true,false,1276
2025-11-27T17:16:39.530101-08:00,write,key_764,312.89,true,false,1274
2025-11-27T17:16:39.534267-08:00,write,key_675,308.79,true,false,1276
2025-11-27T17:16:39.534333-08:00,write,key_52,308.78,true,false,1277
2025-11-27T17:16:39.534316-08:00,write,key_198,308.81,true,false,1277
2025-11-27T17:16:39.530091-08:00,write,key_858,313.05,true,false,1275
2025-11-27T17:16:39.744017-08:00,write,key_252,310.18,true,false,1278
2025-11-27T17:16:39.744-08:00,write,key_168,310.23,true,false,1278
2025-11-27T17:16:39.742117-08:00,write,key_496,312.13,true,false,1278
2025-11-27T17:16:39.744686-08:00,write,key_892,310.48,true,false,1279
2025-11-27T17:16:39.744584-08:00,write,key_873,312.85,true,false,1279
2025-11-27T17:16:39.84305-08:00,write,key_7,314.16,true,false,1278
2025-11-27T17:16:39.843118-08:00,write,key_436,314.24,true,false,1282
2025-11-27T17:16:39.843133-08:00,write,key_713,315.09,true,false,1278
2025-11-27T17:16:39.84299-08:00,write,key_538,318.69,true,false,1280
2025-11-27T17:16:39.843109-08:00,write,key_877,318.59,true,false,1281
2025-11-27T17:16:40.054248-08:00,write,key_218,314.59,true,false,1280
2025-11-27T17:16:40.055163-08:00,write,key_73,314.27,true,false,1284
2025-11-27T17:16:40.054192-08:00,write,key_99,315.27,true,false,1283
2025-11-27T17:16:40.057432-08:00,write,key_870,312.36,true,false,1283
2025-11-27T17:16:40.054222-08:00,write,key_35,315.81,false,false,0
2025-11-27T17:16:40.157212-08:00,write,key_754,311.08,true,false,1284
2025-11-27T17:16:40.157349-08:00,write,key_526,310.95,true,false,1285
2025-11-27T17:16:40.161677-08:00,write,key_35,306.63,true,false,1285
2025-11-27T17:16:40.158225-08:00,write,key_77,317.39,true,false,1286
2025-11-27T17:16:40.161698-08:00,write,key_4,314.78,true,false,1286
2025-11-27T17:16:40.369431-08:00,write,key_359,308.27,true,false,1287
2025-11-27T17:16:40.369459-08:00,write,key_356,308.30,true,false,1287
2025-11-27T17:16:40.368832-08:00,write,key_954,309.91,true,false,1286
2025-11-27T17:16:40.369789-08:00,write,key_284,308.98,true,false,1287
2025-11-27T17:16:40.37003-08:00,write,key_917,308.75,true,false,1285
2025-11-27T17:16:40.468292-08:00,write,key_895,311.66,true,false,1287
2025-11-27T17:16:40.468306-08:00,write,key_432,311.66,true,false,1288
2025-11-27T17:16:40.468292-08:00,write,key_859,311.73,true,false,1288
2025-11-27T17:16:40.476472-08:00,write,key_751,306.23,true,false,1289
2025-11-27T17:16:40.475613-08:00,write,key_526,307.12,true,false,1289
2025-11-27T17:16:40.678755-08:00,write,key_230,309.25,true,false,1290
2025-11-27T17:16:40.67876-08:00,write,key_6,309.25,true,false,1290
2025-11-27T17:16:40.677752-08:00,write,key_857,310.27,true,false,1288
2025-11-27T17:16:40.678774-08:00,write,key_978,312.30,true,false,1292
2025-11-27T17:16:40.677701-08:00,write,key_505,314.42,true,false,1291
2025-11-27T17:16:40.779961-08:00,write,key_527,309.09,true,false,1290
2025-11-27T17:16:40.7827-08:00,write,key_255,310.44,true,false,1293
2025-11-27T17:16:40.782724-08:00,write,key_765,310.51,true,false,1292
2025-11-27T17:16:40.780023-08:00,write,key_114,316.17,true,false,1290
2025-11-27T17:16:40.779967-08:00,write,key_628,316.23,true,false,1291
2025-11-27T17:16:40.988003-08:00,write,key_135,315.88,true,false,1293
2025-11-27T17:16:40.992116-08:00,write,key_28,311.77,true,false,1294
2025-11-27T17:16:40.988015-08:00,write,key_709,315.87,true,false,1293
2025-11-27T17:16:40.988007-08:00,write,key_899,315.89,true,false,1294
2025-11-27T17:16:40.991073-08:00,write,key_167,312.84,true,false,1294
2025-11-27T17:16:41.096192-08:00,write,key_759,308.32,true,false,1294
2025-11-27T17:16:41.08906-08:00,write,key_457,315.52,true,false,1295
2025-11-27T17:16:41.093141-08:00,write,key_79,311.45,true,false,1294
2025-11-27T17:16:41.096189-08:00,write,key_98,308.41,true,false,1295
2025-11-27T17:16:41.093233-08:00,write,key_256,311.47,true,false,1295
2025-11-27T17:16:41.404583-08:00,read,key_954,3.40,true,false,1286
2025-11-27T17:16:41.303885-08:00,write,key_710,321.75,true,false,1295
2025-11-27T17:16:41.303907-08:00,write,key_809,321.74,true,false,1296
2025-11-27T17:16:41.303897-08:00,write,key_72,321.75,true,false,1296
2025-11-27T17:16:41.303882-08:00,write,key_905,321.77,true,false,1297
2025-11-27T17:16:41.303912-08:00,write,key_156,321.77,true,false,1296
2025-11-27T17:16:41.404575-08:00,write,key_455,307.04,true,false,1296
2025-11-27T17:16:41.404508-08:00,write,key_472,307.11,true,false,1297
2025-11-27T17:16:41.404699-08:00,write,key_136,306.98,true,false,1296
2025-11-27T17:16:41.407988-08:00,write,key_257,310.21,true,false,1297
2025-11-27T17:16:41.404592-08:00,write,key_486,313.62,true,false,1298
2025-11-27T17:16:41.625632-08:00,write,key_169,304.44,true,false,1299
2025-11-27T17:16:41.625641-08:00,write,key_137,304.56,true,false,1300
2025-11-27T17:16:41.62568-08:00,write,key_164,304.60,true,false,1298
2025-11-27T17:16:41.625642-08:00,write,key_74,304.69,true,false,1300
2025-11-27T17:16:41.625649-08:00,write,key_737,304.69,true,false,1299
2025-11-27T17:16:41.930272-08:00,read,key_75,3.82,true,false,1229
2025-11-27T17:16:41.711671-08:00,write,key_694,314.82,true,false,1298
2025-11-27T17:16:41.711614-08:00,write,key_217,314.92,true,false,1302
2025-11-27T17:16:41.718204-08:00,write,key_800,308.34,true,false,1303
2025-11-27T17:16:41.711634-08:00,write,key_955,315.14,true,false,1301
2025-11-27T17:16:41.718191-08:00,write,key_710,308.61,true,false,1304
2025-11-27T17:16:42.026772-08:00,read,key_452,2.03,true,false,1275
2025-11-27T17:16:41.930076-08:00,write,key_504,306.02,true,false,1305
2025-11-27T17:16:41.930192-08:00,write,key_755,305.91,true,false,1301
2025-11-27T17:16:42.236101-08:00,read,key_90,1.10,true,false,1182
2025-11-27T17:16:41.934094-08:00,write,key_670,306.63,true,false,1305
2025-11-27T17:16:41.930337-08:00,write,key_166,311.98,true,false,1306
2025-11-27T17:16:41.930331-08:00,write,key_169,312.17,true,false,1307
2025-11-27T17:16:42.028802-08:00,write,key_584,312.84,true,false,1307
2025-11-27T17:16:42.026541-08:00,write,key_469,315.13,true,false,1306
2025-11-27T17:16:42.026492-08:00,write,key_35,315.18,true,false,1308
2025-11-27T17:16:42.02653-08:00,write,key_456,315.17,true,false,1305
2025-11-27T17:16:42.026797-08:00,write,key_23,314.85,true,false,1305
2025-11-27T17:16:42.236092-08:00,write,key_73,307.49,true,false,1309
2025-11-27T17:16:42.237203-08:00,write,key_710,306.39,true,false,1306
2025-11-27T17:16:42.240723-08:00,write,key_461,302.95,true,false,1310
2025-11-27T17:16:42.242313-08:00,write,key_79,303.72,true,false,1308
2025-11-27T17:16:42.242494-08:00,write,key_754,303.55,true,false,1308
2025-11-27T17:16:42.341694-08:00,write,key_472,310.66,true,false,1310
2025-11-27T17:16:42.341642-08:00,write,key_957,310.73,true,false,1311
2025-11-27T17:16:42.341664-08:00,write,key_124,310.76,true,false,1309
2025-11-27T17:16:42.341694-08:00,write,key_871,310.75,true,false,1309
2025-11-27T17:16:42.341671-08:00,write,key_259,310.83,true,false,1312
2025-11-27T17:16:42.543581-08:00,write,key_556,307.38,true,false,1311
2025-11-27T17:16:42.546039-08:00,write,key_73,304.94,true,false,1314
2025-11-27T17:16:42.543673-08:00,write,key_572,307.32,true,false,1313
2025-11-27T17:16:42.543587-08:00,write,key_712,307.49,true,false,1313
2025-11-27T17:16:42.546029-08:00,write,key_289,307.87,true,false,1315
2025-11-27T17:16:42.652365-08:00,write,key_871,304.85,true,false,1313
2025-11-27T17:16:42.65235-08:00,write,key_869,305.86,true,false,1316
2025-11-27T17:16:42.652435-08:00,write,key_74,305.80,true,false,1316
2025-11-27T17:16:42.652421-08:00,write,key_211,305.85,true,false,1317
2025-11-27T17:16:42.652493-08:00,write,key_258,308.82,true,false,1318
2025-11-27T17:16:42.851001-08:00,write,key_905,310.58,true,false,1319
2025-11-27T17:16:42.851053-08:00,write,key_76,310.55,true,false,1319
2025-11-27T17:16:42.850959-08:00,write,key_716,311.14,true,false,1315
2025-11-27T17:16:42.851072-08:00,write,key_70,311.04,true,false,1316
2025-11-27T17:16:42.853896-08:00,write,key_929,309.17,true,false,1317
2025-11-27T17:16:43.161581-08:00,read,key_642,4.75,true,false,344
2025-11-27T17:16:43.166334-08:00,read,key_66,1.01,true,false,187
2025-11-27T17:16:42.95823-08:00,write,key_218,309.95,true,false,1318
2025-11-27T17:16:42.958207-08:00,write,key_28,310.00,true,false,1318
2025-11-27T17:16:42.961313-08:00,write,key_708,306.93,true,false,1321
2025-11-27T17:16:42.958263-08:00,write,key_33,310.02,true,false,1320
2025-11-27T17:16:42.957219-08:00,write,key_768,311.07,true,false,1320
2025-11-27T17:16:43.161602-08:00,write,key_944,314.54,true,false,1322
2025-11-27T17:16:43.167349-08:00,write,key_876,308.81,true,false,1320
2025-11-27T17:16:43.163063-08:00,write,key_39,313.13,true,false,1322
2025-11-27T17:16:43.162097-08:00,write,key_536,314.11,true,false,1321
2025-11-27T17:16:43.162105-08:00,write,key_76,314.15,true,false,1320
2025-11-27T17:16:43.476146-08:00,read,key_461,1.90,true,false,1310
2025-11-27T17:16:43.268202-08:00,write,key_699,308.87,true,false,1322
2025-11-27T17:16:43.26818-08:00,write,key_577,308.93,true,false,1323
2025-11-27T17:16:43.268239-08:00,write,key_481,308.96,true,false,1324
2025-11-27T17:16:43.268279-08:00,write,key_159,309.46,true,false,1324
2025-11-27T17:16:43.268281-08:00,write,key_856,309.56,true,false,1323
2025-11-27T17:16:43.476203-08:00,write,key_459,309.80,true,false,1323
2025-11-27T17:16:43.476252-08:00,write,key_949,309.76,true,false,1324
2025-11-27T17:16:43.476158-08:00,write,key_578,309.85,true,false,1325
2025-11-27T17:16:43.478046-08:00,write,key_77,308.03,true,false,1323
2025-11-27T17:16:43.476186-08:00,write,key_769,310.07,true,false,1325
2025-11-27T17:16:43.577068-08:00,write,key_861,306.18,true,false,1326
2025-11-27T17:16:43.577193-08:00,write,key_254,306.07,true,false,1325
2025-11-27T17:16:43.577103-08:00,write,key_970,308.49,true,false,1325
2025-11-27T17:16:43.577736-08:00,write,key_871,307.87,true,false,1327
2025-11-27T17:16:43.577839-08:00,write,key_805,310.00,true,false,1326
2025-11-27T17:16:43.786007-08:00,write,key_118,308.23,true,false,1328
2025-11-27T17:16:43.786006-08:00,write,key_787,308.41,true,false,1328
2025-11-27T17:16:43.786251-08:00,write,key_281,308.65,true,false,1329
2025-11-27T17:16:43.786001-08:00,write,key_135,309.55,true,false,1326
2025-11-27T17:16:43.786075-08:00,write,key_125,309.74,true,false,1326
2025-11-27T17:16:44.094898-08:00,read,key_710,3.40,true,false,1306
2025-11-27T17:16:44.095547-08:00,read,key_78,2.83,true,false,1153
2025-11-27T17:16:44.098304-08:00,read,key_139,0.78,true,false,1263
2025-11-27T17:16:43.883262-08:00,write,key_3,310.45,true,false,1329
2025-11-27T17:16:43.883247-08:00,write,key_989,310.48,true,false,1327
2025-11-27T17:16:43.887836-08:00,write,key_254,308.31,true,false,1328
2025-11-27T17:16:43.885599-08:00,write,key_558,310.56,true,false,1330
2025-11-27T17:16:43.885588-08:00,write,key_30,314.90,true,false,1331
2025-11-27T17:16:44.098374-08:00,write,key_571,314.94,true,false,1332
2025-11-27T17:16:44.09424-08:00,write,key_99,319.11,true,false,1330
2025-11-27T17:16:44.095813-08:00,write,key_970,317.66,true,false,1331
2025-11-27T17:16:44.094417-08:00,write,key_573,319.33,true,false,1330
2025-11-27T17:16:44.099089-08:00,write,key_201,314.76,true,false,1330
2025-11-27T17:16:44.413741-08:00,read,key_874,2.93,true,false,430
2025-11-27T17:16:44.193725-08:00,write,key_949,311.30,true,false,1332
2025-11-27T17:16:44.200489-08:00,write,key_351,304.56,true,false,1333
2025-11-27T17:16:44.193713-08:00,write,key_579,311.38,true,false,1331
2025-11-27T17:16:44.196157-08:00,write,key_906,312.44,true,false,1333
2025-11-27T17:16:44.196141-08:00,write,key_8,312.46,true,false,1332
2025-11-27T17:16:44.416676-08:00,write,key_94,304.00,true,false,1334
2025-11-27T17:16:44.413347-08:00,write,key_702,307.35,true,false,1333
2025-11-27T17:16:44.413325-08:00,write,key_907,307.42,true,false,1333
2025-11-27T17:16:44.413465-08:00,write,key_79,307.34,true,false,1334
2025-11-27T17:16:44.413846-08:00,write,key_904,307.02,true,false,1333
2025-11-27T17:16:44.505089-08:00,write,key_36,309.88,true,false,1334
2025-11-27T17:16:44.505025-08:00,write,key_407,311.80,true,false,1335
2025-11-27T17:16:44.50504-08:00,write,key_283,311.81,true,false,1335
2025-11-27T17:16:44.508596-08:00,write,key_641,308.91,true,false,1337
2025-11-27T17:16:44.508593-08:00,write,key_611,308.97,true,false,1336
2025-11-27T17:16:44.72067-08:00,write,key_26,307.37,true,false,1338
2025-11-27T17:16:44.720805-08:00,write,key_456,307.25,true,false,1338
2025-11-27T17:16:44.720859-08:00,write,key_361,308.44,true,false,1339
2025-11-27T17:16:44.720736-08:00,write,key_95,308.58,true,false,1339
2025-11-27T17:16:44.720692-08:00,write,key_166,309.47,true,false,1340
2025-11-27T17:16:44.8175-08:00,write,key_715,309.85,true,false,1339
2025-11-27T17:16:44.817562-08:00,write,key_927,309.80,true,false,1339
2025-11-27T17:16:44.815009-08:00,write,key_962,312.36,true,false,1338
2025-11-27T17:16:44.816851-08:00,write,key_436,310.53,true,false,1338
2025-11-27T17:16:44.816824-08:00,write,key_234,310.59,true,false,1338
2025-11-27T17:16:45.12738-08:00,read,key_259,1.81,true,false,1312
2025-11-27T17:16:45.029313-08:00,write,key_139,308.20,true,false,1341
2025-11-27T17:16:45.028051-08:00,write,key_983,309.49,true,false,1339
2025-11-27T17:16:45.029295-08:00,write,key_439,308.30,true,false,1341
2025-11-27T17:16:45.030158-08:00,write,key_705,307.66,true,false,1342
2025-11-27T17:16:45.028037-08:00,write,key_219,309.81,true,false,1341
2025-11-27T17:16:45.12736-08:00,write,key_433,315.95,true,false,1341
2025-11-27T17:16:45.129193-08:00,write,key_963,314.20,true,false,1345
2025-11-27T17:16:45.127412-08:00,write,key_34,316.07,true,false,1343
2025-11-27T17:16:45.127351-08:00,write,key_579,316.35,true,false,1344
2025-11-27T17:16:45.127366-08:00,write,key_469,316.78,true,false,1342
2025-11-27T17:16:45.443312-08:00,read,key_472,3.10,true,false,1310
2025-11-27T17:16:45.337813-08:00,write,key_995,313.44,true,false,1344
2025-11-27T17:16:45.337537-08:00,write,key_208,313.73,true,false,1346
2025-11-27T17:16:45.33759-08:00,write,key_78,318.11,true,false,1343
2025-11-27T17:16:45.337839-08:00,write,key_409,319.34,true,false,1347
2025-11-27T17:16:45.337511-08:00,write,key_626,319.99,true,false,1343
2025-11-27T17:16:45.443483-08:00,write,key_678,307.95,true,false,1346
2025-11-27T17:16:45.443386-08:00,write,key_759,308.93,true,false,1346
2025-11-27T17:16:45.444145-08:00,write,key_232,311.13,true,false,1348
2025-11-27T17:16:45.443693-08:00,write,key_969,314.68,true,false,1347
2025-11-27T17:16:45.446412-08:00,write,key_907,312.70,true,false,1348
2025-11-27T17:16:45.657174-08:00,write,key_457,305.72,true,false,1349
2025-11-27T17:16:45.657495-08:00,write,key_69,305.46,true,false,1349
2025-11-27T17:16:45.655698-08:00,write,key_727,307.27,true,false,1348
2025-11-27T17:16:45.65126-08:00,write,key_769,311.92,true,false,1349
2025-11-27T17:16:45.651257-08:00,write,key_876,311.95,true,false,1348
2025-11-27T17:16:45.963202-08:00,read,key_487,4.35,true,false,1194
2025-11-27T17:16:45.962968-08:00,read,key_557,5.79,true,false,1245
2025-11-27T17:16:45.755269-08:00,write,key_908,306.57,true,false,1349
2025-11-27T17:16:45.752309-08:00,write,key_39,309.57,true,false,1350
2025-11-27T17:16:45.751432-08:00,write,key_508,310.46,true,false,1349
2025-11-27T17:16:45.758375-08:00,write,key_679,308.22,true,false,1350
2025-11-27T17:16:45.759107-08:00,write,key_160,307.95,true,false,1351
2025-11-27T17:16:45.962897-08:00,write,key_906,309.35,true,false,1350
2025-11-27T17:16:45.962947-08:00,write,key_755,309.33,true,false,1352
2025-11-27T17:16:45.96318-08:00,write,key_28,309.11,true,false,1350
2025-11-27T17:16:45.967552-08:00,write,key_452,307.62,true,false,1352
2025-11-27T17:16:45.968755-08:00,write,key_981,307.51,true,false,1351
2025-11-27T17:16:46.272277-08:00,read,key_343,5.14,true,false,555
2025-11-27T17:16:46.275169-08:00,read,key_576,3.24,true,false,673
2025-11-27T17:16:46.061871-08:00,write,key_704,313.71,true,false,1352
2025-11-27T17:16:46.061843-08:00,write,key_4,313.75,true,false,1353
2025-11-27T17:16:46.061889-08:00,write,key_752,315.42,true,false,1353
2025-11-27T17:16:46.06705-08:00,write,key_943,310.31,true,false,1355
2025-11-27T17:16:46.066596-08:00,write,key_253,311.68,true,false,1354
2025-11-27T17:16:46.272286-08:00,write,key_201,313.98,true,false,1353
2025-11-27T17:16:46.277416-08:00,write,key_161,308.89,true,false,1353
2025-11-27T17:16:46.272245-08:00,write,key_813,314.50,true,false,1357
2025-11-27T17:16:46.276261-08:00,write,key_755,310.55,true,false,1356
2025-11-27T17:16:46.278412-08:00,write,key_136,309.38,true,false,1358
2025-11-27T17:16:46.378273-08:00,write,key_906,309.47,true,false,1358
2025-11-27T17:16:46.375587-08:00,write,key_701,312.17,true,false,1356
2025-11-27T17:16:46.375579-08:00,write,key_275,312.22,true,false,1356
2025-11-27T17:16:46.377309-08:00,write,key_455,310.58,true,false,1356
2025-11-27T17:16:46.377357-08:00,write,key_923,310.53,true,false,1359
2025-11-27T17:16:46.586268-08:00,write,key_458,312.13,true,false,1359
2025-11-27T17:16:46.586809-08:00,write,key_483,312.29,true,false,1359
2025-11-27T17:16:46.586752-08:00,write,key_624,312.44,true,false,1359
2025-11-27T17:16:46.586298-08:00,write,key_455,314.60,true,false,1360
2025-11-27T17:16:46.587786-08:00,write,key_85,313.21,true,false,1361
2025-11-27T17:16:46.900891-08:00,read,key_252,3.58,true,false,1278
2025-11-27T17:16:46.687738-08:00,write,key_905,312.58,true,false,1360
2025-11-27T17:16:46.687884-08:00,write,key_940,312.80,true,false,1360
2025-11-27T17:16:46.687758-08:00,write,key_850,312.95,true,false,1360
2025-11-27T17:16:46.687886-08:00,write,key_37,312.93,true,false,1362
2025-11-27T17:16:47.000322-08:00,read,key_941,2.61,true,false,1138
2025-11-27T17:16:46.687793-08:00,write,key_254,316.81,true,false,1361
2025-11-27T17:16:47.004595-08:00,read,key_850,0.64,true,false,1360
2025-11-27T17:16:46.904475-08:00,write,key_476,305.74,true,false,1362
2025-11-27T17:16:46.899095-08:00,write,key_873,311.14,true,false,1364
2025-11-27T17:16:46.899186-08:00,write,key_486,311.08,true,false,1362
2025-11-27T17:16:46.898395-08:00,write,key_857,311.87,true,false,1363
2025-11-27T17:16:46.900996-08:00,write,key_74,309.32,true,false,1363
2025-11-27T17:16:47.210209-08:00,read,key_213,7.43,true,false,1148
2025-11-27T17:16:47.000816-08:00,write,key_259,312.06,true,false,1364
2025-11-27T17:16:47.00293-08:00,write,key_89,309.96,true,false,1364
2025-11-27T17:16:47.000699-08:00,write,key_466,312.24,true,false,1365
2025-11-27T17:16:47.000684-08:00,write,key_814,312.27,true,false,1363
2025-11-27T17:16:47.005239-08:00,write,key_149,307.78,true,false,1364
2025-11-27T17:16:47.210257-08:00,write,key_765,311.27,true,false,1365
2025-11-27T17:16:47.210262-08:00,write,key_875,312.06,true,false,1366
2025-11-27T17:16:47.210312-08:00,write,key_709,313.06,true,false,1365
2025-11-27T17:16:47.210229-08:00,write,key_630,313.21,true,false,1366
2025-11-27T17:16:47.21764-08:00,write,key_465,309.54,true,false,1367
2025-11-27T17:16:47.312948-08:00,write,key_112,312.82,true,false,1366
2025-11-27T17:16:47.312875-08:00,write,key_876,312.89,true,false,1366
2025-11-27T17:16:47.312931-08:00,write,key_84,312.87,true,false,1368
2025-11-27T17:16:47.312891-08:00,write,key_408,313.02,true,false,1366
2025-11-27T17:16:47.313012-08:00,write,key_461,315.21,true,false,1369
2025-11-27T17:16:47.521531-08:00,write,key_232,315.64,true,false,1368
2025-11-27T17:16:47.527179-08:00,write,key_974,309.99,true,false,1368
2025-11-27T17:16:47.522324-08:00,write,key_600,315.32,true,false,1368
2025-11-27T17:16:47.523363-08:00,write,key_944,314.31,true,false,1369
2025-11-27T17:16:47.523438-08:00,write,key_284,316.78,true,false,1369
2025-11-27T17:16:47.840214-08:00,read,key_816,1.99,false,false,0
2025-11-27T17:16:47.62591-08:00,write,key_138,313.32,true,false,1369
2025-11-27T17:16:47.625763-08:00,write,key_976,314.54,true,false,1371
2025-11-27T17:16:47.628223-08:00,write,key_110,312.08,true,false,1370
2025-11-27T17:16:47.625763-08:00,write,key_166,315.20,true,false,1370
2025-11-27T17:16:47.625797-08:00,write,key_462,315.33,true,false,1370
2025-11-27T17:16:47.83717-08:00,write,key_280,314.60,true,false,1371
2025-11-27T17:16:47.842206-08:00,write,key_115,309.58,true,false,1372
2025-11-27T17:16:47.837643-08:00,write,key_466,314.18,true,false,1372
2025-11-27T17:16:47.837276-08:00,write,key_949,314.55,true,false,1372
2025-11-27T17:16:47.837673-08:00,write,key_369,314.31,true,false,1371
2025-11-27T17:16:48.151773-08:00,read,key_577,2.73,true,false,1323
2025-11-27T17:16:47.940295-08:00,write,key_714,313.68,true,false,1372
2025-11-27T17:16:47.940298-08:00,write,key_252,313.69,true,false,1374
2025-11-27T17:16:47.940959-08:00,write,key_615,313.09,true,false,1375
2025-11-27T17:16:47.941122-08:00,write,key_546,312.95,true,false,1373
2025-11-27T17:16:47.939227-08:00,write,key_400,314.91,true,false,1373
2025-11-27T17:16:48.151826-08:00,write,key_118,311.01,true,false,1376
2025-11-27T17:16:48.151821-08:00,write,key_115,311.04,true,false,1375
2025-11-27T17:16:48.151978-08:00,write,key_2,310.93,true,false,1374
2025-11-27T17:16:48.154499-08:00,write,key_758,308.47,true,false,1374
2025-11-27T17:16:48.151783-08:00,write,key_450,314.58,true,false,1373
2025-11-27T17:16:48.253985-08:00,write,key_870,311.84,true,false,1377
2025-11-27T17:16:48.254065-08:00,write,key_763,311.78,true,false,1376
2025-11-27T17:16:48.254128-08:00,write,key_478,311.91,true,false,1376
2025-11-27T17:16:48.254049-08:00,write,key_118,312.03,true,false,1376
2025-11-27T17:16:48.253974-08:00,write,key_804,312.11,true,false,1377
2025-11-27T17:16:48.565845-08:00,read,key_200,3.93,true,false,1042
2025-11-27T17:16:48.569777-08:00,read,key_72,2.40,true,false,1296
2025-11-27T17:16:48.462963-08:00,write,key_713,314.67,true,false,1378
2025-11-27T17:16:48.462838-08:00,write,key_851,314.82,true,false,1379
2025-11-27T17:16:48.462853-08:00,write,key_713,316.59,true,false,1379
2025-11-27T17:16:48.777653-08:00,read,key_469,2.21,true,false,1342
2025-11-27T17:16:48.46636-08:00,write,key_952,313.66,true,false,1380
2025-11-27T17:16:48.462908-08:00,write,key_250,317.33,true,false,1378
2025-11-27T17:16:48.565826-08:00,write,key_719,309.86,true,false,1381
2025-11-27T17:16:48.566074-08:00,write,key_909,309.61,true,false,1378
2025-11-27T17:16:48.566037-08:00,write,key_324,309.65,true,false,1378
2025-11-27T17:16:48.566085-08:00,write,key_856,309.61,true,false,1378
2025-11-27T17:16:48.572181-08:00,write,key_88,305.82,true,false,1381
2025-11-27T17:16:48.779442-08:00,write,key_830,307.79,true,false,1382
2025-11-27T17:16:48.77763-08:00,write,key_367,309.60,true,false,1381
2025-11-27T17:16:48.780233-08:00,write,key_859,307.04,true,false,1383
2025-11-27T17:16:48.780019-08:00,write,key_910,307.33,true,false,1381
2025-11-27T17:16:48.779893-08:00,write,key_717,307.52,true,false,1381
2025-11-27T17:16:48.875681-08:00,write,key_405,309.39,true,false,1382
2025-11-27T17:16:48.87568-08:00,write,key_354,309.40,true,false,1382
2025-11-27T17:16:48.877993-08:00,write,key_358,309.77,true,false,1383
2025-11-27T17:16:48.87568-08:00,write,key_507,312.10,true,false,1384
2025-11-27T17:16:48.875689-08:00,write,key_467,312.83,true,false,1382
2025-11-27T17:16:49.08723-08:00,write,key_981,306.05,true,false,1384
2025-11-27T17:16:49.087264-08:00,write,key_506,306.03,true,false,1385
2025-11-27T17:16:49.087413-08:00,write,key_853,308.57,true,false,1385
2025-11-27T17:16:49.087349-08:00,write,key_721,308.66,true,false,1387
2025-11-27T17:16:49.087228-08:00,write,key_95,308.78,true,false,1386
2025-11-27T17:16:49.187775-08:00,write,key_858,305.86,true,false,1385
2025-11-27T17:16:49.185073-08:00,write,key_73,308.57,true,false,1384
2025-11-27T17:16:49.187757-08:00,write,key_878,305.88,true,false,1385
2025-11-27T17:16:49.185065-08:00,write,key_131,309.38,true,false,1388
2025-11-27T17:16:49.188527-08:00,write,key_726,307.59,true,false,1386
2025-11-27T17:16:49.396006-08:00,write,key_834,306.71,true,false,1388
2025-11-27T17:16:49.39598-08:00,write,key_853,306.75,true,false,1388
2025-11-27T17:16:49.39329-08:00,write,key_874,309.47,true,false,1389
2025-11-27T17:16:49.396004-08:00,write,key_118,306.86,true,false,1389
2025-11-27T17:16:49.393282-08:00,write,key_230,309.63,true,false,1388
2025-11-27T17:16:49.493631-08:00,write,key_974,309.86,true,false,1390
2025-11-27T17:16:49.493642-08:00,write,key_879,309.87,true,false,1389
2025-11-27T17:16:49.496112-08:00,write,key_610,307.75,true,false,1390
2025-11-27T17:16:49.494445-08:00,write,key_489,310.02,true,false,1390
2025-11-27T17:16:49.493658-08:00,write,key_239,310.90,true,false,1389
2025-11-27T17:16:49.702717-08:00,write,key_167,312.03,true,false,1391
2025-11-27T17:16:49.702756-08:00,write,key_676,312.06,true,false,1392
2025-11-27T17:16:49.702855-08:00,write,key_677,312.01,true,false,1390
2025-11-27T17:16:49.702726-08:00,write,key_166,312.15,true,false,1391
2025-11-27T17:16:49.702907-08:00,write,key_449,312.02,true,false,1393
2025-11-27T17:16:49.804456-08:00,write,key_360,309.62,true,false,1394
2025-11-27T17:16:49.803491-08:00,write,key_115,310.74,true,false,1392
2025-11-27T17:16:49.803511-08:00,write,key_257,310.75,true,false,1391
2025-11-27T17:16:49.804561-08:00,write,key_877,309.81,true,false,1395
2025-11-27T17:16:49.803857-08:00,write,key_212,312.09,true,false,1392
2025-11-27T17:16:50.014871-08:00,write,key_713,316.43,true,false,1395
2025-11-27T17:16:50.014741-08:00,write,key_207,317.00,true,false,1396
2025-11-27T17:16:50.014925-08:00,write,key_927,316.92,true,false,1394
2025-11-27T17:16:50.01486-08:00,write,key_287,318.70,true,false,1397
2025-11-27T17:16:50.014807-08:00,write,key_30,318.80,true,false,1396
2025-11-27T17:16:50.333598-08:00,read,key_359,2.91,true,false,1287
2025-11-27T17:16:50.114365-08:00,write,key_878,312.98,true,false,1396
2025-11-27T17:16:50.114226-08:00,write,key_136,313.13,true,false,1396
2025-11-27T17:16:50.114072-08:00,write,key_216,313.30,true,false,1398
2025-11-27T17:16:50.114254-08:00,write,key_36,313.15,true,false,1396
2025-11-27T17:16:50.11594-08:00,write,key_33,311.48,true,false,1397
2025-11-27T17:16:50.333553-08:00,write,key_52,304.74,true,false,1398
2025-11-27T17:16:50.33174-08:00,write,key_451,306.59,true,false,1398
2025-11-27T17:16:50.331303-08:00,write,key_70,307.47,true,false,1399
2025-11-27T17:16:50.331837-08:00,write,key_808,307.00,true,false,1398
2025-11-27T17:16:50.638291-08:00,read,key_991,3.74,true,false,319
2025-11-27T17:16:50.336508-08:00,write,key_164,307.27,true,false,1400
2025-11-27T17:16:50.643774-08:00,read,key_859,0.76,true,false,1383
2025-11-27T17:16:50.427347-08:00,write,key_504,308.94,true,false,1399
2025-11-27T17:16:50.42742-08:00,write,key_468,308.94,true,false,1399
2025-11-27T17:16:50.427365-08:00,write,key_555,309.20,true,false,1400
2025-11-27T17:16:50.427347-08:00,write,key_456,309.35,true,false,1399
2025-11-27T17:16:50.427396-08:00,write,key_818,314.86,false,false,0
2025-11-27T17:16:50.638323-08:00,write,key_887,306.01,true,false,1400
2025-11-27T17:16:50.638773-08:00,write,key_459,305.73,true,false,1401
2025-11-27T17:16:50.638829-08:00,write,key_95,306.31,true,false,1401
2025-11-27T17:16:50.64203-08:00,write,key_758,305.31,true,false,1401
2025-11-27T17:16:50.644532-08:00,write,key_796,305.80,true,false,1402
2025-11-27T17:16:50.736354-08:00,write,key_479,309.59,true,false,1402
2025-11-27T17:16:50.736556-08:00,write,key_818,309.41,true,false,1402
2025-11-27T17:16:50.736283-08:00,write,key_873,309.70,true,false,1401
2025-11-27T17:16:50.736694-08:00,write,key_448,309.32,true,false,1403
2025-11-27T17:16:51.045966-08:00,read,key_906,1.27,true,false,1358
2025-11-27T17:16:50.742255-08:00,write,key_851,305.78,true,false,1403
2025-11-27T17:16:50.947339-08:00,write,key_207,305.82,true,false,1404
2025-11-27T17:16:50.944499-08:00,write,key_180,308.68,true,false,1404
2025-11-27T17:16:50.945138-08:00,write,key_232,308.06,true,false,1405
2025-11-27T17:16:50.944328-08:00,write,key_187,308.93,true,false,1404
2025-11-27T17:16:50.950326-08:00,write,key_83,306.50,true,false,1405
2025-11-27T17:16:51.046006-08:00,write,key_465,306.11,true,false,1404
2025-11-27T17:16:51.045937-08:00,write,key_30,306.19,true,false,1405
2025-11-27T17:16:51.045983-08:00,write,key_718,306.18,true,false,1405
2025-11-27T17:16:51.048034-08:00,write,key_30,306.24,true,false,1407
2025-11-27T17:16:51.047238-08:00,write,key_709,307.04,true,false,1406
2025-11-27T17:16:51.352156-08:00,read,key_32,7.19,true,false,1150
2025-11-27T17:16:51.253254-08:00,write,key_231,305.90,true,false,1408
2025-11-27T17:16:51.253174-08:00,write,key_164,306.38,true,false,1407
2025-11-27T17:16:51.253162-08:00,write,key_506,306.59,true,false,1406
2025-11-27T17:16:51.25319-08:00,write,key_814,309.12,true,false,1406
2025-11-27T17:16:51.256821-08:00,write,key_620,305.50,true,false,1407
2025-11-27T17:16:51.352115-08:00,write,key_610,308.19,true,false,1408
2025-11-27T17:16:51.352122-08:00,write,key_318,308.62,true,false,1409
2025-11-27T17:16:51.354271-08:00,write,key_96,307.53,true,false,1409
2025-11-27T17:16:51.354272-08:00,write,key_401,311.53,true,false,1410
2025-11-27T17:16:51.359352-08:00,write,key_90,307.80,true,false,1411
2025-11-27T17:16:51.559155-08:00,write,key_235,309.85,true,false,1412
2025-11-27T17:16:51.562321-08:00,write,key_877,306.70,true,false,1412
2025-11-27T17:16:51.559553-08:00,write,key_505,309.45,true,false,1410
2025-11-27T17:16:51.559749-08:00,write,key_579,310.96,true,false,1411
2025-11-27T17:16:51.562302-08:00,write,key_207,309.32,true,false,1412
2025-11-27T17:16:51.8707-08:00,read,key_484,1.76,true,false,1220
2025-11-27T17:16:51.660743-08:00,write,key_180,306.34,true,false,1413
2025-11-27T17:16:51.660305-08:00,write,key_980,306.78,true,false,1410
2025-11-27T17:16:51.665801-08:00,write,key_454,304.37,true,false,1412
2025-11-27T17:16:51.667151-08:00,write,key_857,305.13,true,false,1413
2025-11-27T17:16:51.6618-08:00,write,key_573,310.58,true,false,1414
2025-11-27T17:16:51.869032-08:00,write,key_577,305.35,true,false,1415
2025-11-27T17:16:51.87162-08:00,write,key_130,303.02,true,false,1416
2025-11-27T17:16:51.869016-08:00,write,key_33,305.67,true,false,1413
2025-11-27T17:16:51.869003-08:00,write,key_466,305.70,true,false,1415
2025-11-27T17:16:51.872464-08:00,write,key_97,305.90,true,false,1417
2025-11-27T17:16:51.967079-08:00,write,key_461,305.21,true,false,1414
2025-11-27T17:16:51.967083-08:00,write,key_21,305.23,true,false,1414
2025-11-27T17:16:51.970171-08:00,write,key_858,302.15,true,false,1416
2025-11-27T17:16:52.272288-08:00,read,key_470,3.12,true,false,1227
2025-11-27T17:16:51.972278-08:00,write,key_619,304.75,true,false,1415
2025-11-27T17:16:51.972376-08:00,write,key_88,304.68,true,false,1418
2025-11-27T17:16:52.174381-08:00,write,key_753,309.41,true,false,1419
2025-11-27T17:16:52.174635-08:00,write,key_475,309.16,true,false,1417
2025-11-27T17:16:52.174702-08:00,write,key_161,309.10,true,false,1419
2025-11-27T17:16:52.174682-08:00,write,key_286,309.13,true,false,1420
2025-11-27T17:16:52.178359-08:00,write,key_280,309.35,true,false,1421
2025-11-27T17:16:52.275411-08:00,write,key_645,311.33,true,false,1423
2025-11-27T17:16:52.277028-08:00,write,key_74,309.75,true,false,1424
2025-11-27T17:16:52.27231-08:00,write,key_117,314.48,true,false,1422
2025-11-27T17:16:52.277052-08:00,write,key_477,310.17,true,false,1419
2025-11-27T17:16:52.272318-08:00,write,key_956,314.94,true,false,1418
2025-11-27T17:16:52.58675-08:00,read,key_579,4.06,true,false,1411
2025-11-27T17:16:52.590854-08:00,read,key_375,3.41,true,false,1025
2025-11-27T17:16:52.483802-08:00,write,key_705,308.50,true,false,1421
2025-11-27T17:16:52.483806-08:00,write,key_719,308.50,true,false,1421
2025-11-27T17:16:52.483789-08:00,write,key_118,308.75,true,false,1425
2025-11-27T17:16:52.483795-08:00,write,key_456,309.14,true,false,1426
2025-11-27T17:16:52.487707-08:00,write,key_99,305.54,true,false,1427
2025-11-27T17:16:52.586774-08:00,write,key_238,312.06,true,false,1425
2025-11-27T17:16:52.587256-08:00,write,key_955,312.08,true,false,1425
2025-11-27T17:16:52.586783-08:00,write,key_130,312.71,true,false,1428
2025-11-27T17:16:52.594264-08:00,write,key_33,305.95,true,false,1425
2025-11-27T17:16:52.587215-08:00,write,key_73,313.01,true,false,1427
2025-11-27T17:16:52.792532-08:00,write,key_466,309.71,true,false,1430
2025-11-27T17:16:52.793246-08:00,write,key_875,309.00,true,false,1429
2025-11-27T17:16:52.792927-08:00,write,key_806,309.33,true,false,1429
2025-11-27T17:16:52.792305-08:00,write,key_24,309.98,true,false,1428
2025-11-27T17:16:52.792306-08:00,write,key_814,309.99,true,false,1429
2025-11-27T17:16:52.899336-08:00,write,key_746,311.16,true,false,1431
2025-11-27T17:16:52.899489-08:00,write,key_216,311.02,true,false,1430
2025-11-27T17:16:52.900212-08:00,write,key_459,310.37,true,false,1433
2025-11-27T17:16:52.898838-08:00,write,key_460,311.83,true,false,1432
2025-11-27T17:16:52.900222-08:00,write,key_850,310.48,true,false,1429
2025-11-27T17:16:53.210575-08:00,read,key_254,2.63,true,false,1361
2025-11-27T17:16:53.102277-08:00,write,key_767,308.78,true,false,1431
2025-11-27T17:16:53.102244-08:00,write,key_147,308.82,true,false,1431
2025-11-27T17:16:53.10224-08:00,write,key_136,308.84,true,false,1431
2025-11-27T17:16:53.102297-08:00,write,key_120,308.83,true,false,1434
2025-11-27T17:16:53.102251-08:00,write,key_576,309.12,true,false,1434
2025-11-27T17:16:53.41112-08:00,read,key_905,3.20,true,false,1360
2025-11-27T17:16:53.414323-08:00,read,key_613,0.92,true,false,732
2025-11-27T17:16:53.210496-08:00,write,key_752,308.37,true,false,1435
2025-11-27T17:16:53.210699-08:00,write,key_538,308.28,true,false,1434
2025-11-27T17:16:53.210499-08:00,write,key_239,309.42,true,false,1434
2025-11-27T17:16:53.213211-08:00,write,key_878,306.71,true,false,1435
2025-11-27T17:16:53.210664-08:00,write,key_878,309.33,true,false,1435
2025-11-27T17:16:53.411366-08:00,write,key_107,311.76,true,false,1435
2025-11-27T17:16:53.415242-08:00,write,key_851,308.34,true,false,1436
2025-11-27T17:16:53.411081-08:00,write,key_658,312.57,true,false,1438
2025-11-27T17:16:53.411054-08:00,write,key_7,312.82,true,false,1436
2025-11-27T17:16:53.411055-08:00,write,key_768,312.91,true,false,1437
2025-11-27T17:16:53.723961-08:00,read,key_489,4.37,true,false,1390
2025-11-27T17:16:53.519992-08:00,write,key_252,313.52,true,false,1440
2025-11-27T17:16:53.519916-08:00,write,key_106,313.62,true,false,1437
2025-11-27T17:16:53.51897-08:00,write,key_740,314.57,true,false,1439
2025-11-27T17:16:53.519919-08:00,write,key_917,313.64,true,false,1436
2025-11-27T17:16:53.518862-08:00,write,key_881,314.74,true,false,1436
2025-11-27T17:16:53.728335-08:00,write,key_571,304.67,true,false,1442
2025-11-27T17:16:53.723867-08:00,write,key_715,309.14,true,false,1439
2025-11-27T17:16:53.723649-08:00,write,key_456,309.38,true,false,1439
2025-11-27T17:16:53.723127-08:00,write,key_304,309.92,true,false,1441
2025-11-27T17:16:53.723582-08:00,write,key_750,309.47,true,false,1439
2025-11-27T17:16:53.833595-08:00,write,key_570,305.72,true,false,1442
2025-11-27T17:16:53.833552-08:00,write,key_858,305.79,true,false,1444
2025-11-27T17:16:53.833529-08:00,write,key_251,305.95,true,false,1441
2025-11-27T17:16:53.83354-08:00,write,key_757,305.99,true,false,1443
2025-11-27T17:16:53.833506-08:00,write,key_79,309.58,true,false,1441
2025-11-27T17:16:54.033049-08:00,write,key_71,310.42,true,false,1444
2025-11-27T17:16:54.033004-08:00,write,key_231,310.60,true,false,1445
2025-11-27T17:16:54.03304-08:00,write,key_574,310.60,true,false,1445
2025-11-27T17:16:54.033025-08:00,write,key_857,310.69,true,false,1443
2025-11-27T17:16:54.033-08:00,write,key_234,310.80,true,false,1443
2025-11-27T17:16:54.343473-08:00,read,key_208,3.60,true,false,1346
2025-11-27T17:16:54.139339-08:00,write,key_207,311.77,true,false,1445
2025-11-27T17:16:54.139317-08:00,write,key_975,311.81,true,false,1445
2025-11-27T17:16:54.139472-08:00,write,key_209,311.68,true,false,1446
2025-11-27T17:16:54.139527-08:00,write,key_256,311.66,true,false,1446
2025-11-27T17:16:54.143087-08:00,write,key_974,308.25,true,false,1445
2025-11-27T17:16:54.451145-08:00,read,key_255,3.24,true,false,1293
2025-11-27T17:16:54.347079-08:00,write,key_451,313.62,true,false,1446
2025-11-27T17:16:54.343714-08:00,write,key_188,316.98,true,false,1448
2025-11-27T17:16:54.343796-08:00,write,key_456,317.47,true,false,1449
2025-11-27T17:16:54.343604-08:00,write,key_234,317.79,true,false,1447
2025-11-27T17:16:54.34363-08:00,write,key_184,320.28,true,false,1447
2025-11-27T17:16:54.660701-08:00,read,key_711,3.29,true,false,1231
2025-11-27T17:16:54.451113-08:00,write,key_800,308.87,true,false,1447
2025-11-27T17:16:54.451184-08:00,write,key_230,311.09,true,false,1448
2025-11-27T17:16:54.451329-08:00,write,key_616,310.97,true,false,1451
2025-11-27T17:16:54.762273-08:00,read,key_79,0.94,true,false,1441
2025-11-27T17:16:54.451127-08:00,write,key_908,314.42,true,false,1450
2025-11-27T17:16:54.454386-08:00,write,key_96,312.16,true,false,1450
2025-11-27T17:16:54.661262-08:00,write,key_886,307.84,true,false,1450
2025-11-27T17:16:54.660696-08:00,write,key_450,308.42,true,false,1451
2025-11-27T17:16:54.663909-08:00,write,key_722,305.21,true,false,1450
2025-11-27T17:16:54.663996-08:00,write,key_544,305.14,true,false,1451
2025-11-27T17:16:54.661391-08:00,write,key_556,311.38,true,false,1452
2025-11-27T17:16:54.972773-08:00,read,key_58,2.42,true,false,480
2025-11-27T17:16:54.762297-08:00,write,key_557,309.76,true,false,1452
2025-11-27T17:16:54.759978-08:00,write,key_7,312.22,true,false,1453
2025-11-27T17:16:54.763217-08:00,write,key_456,309.57,true,false,1452
2025-11-27T17:16:54.766546-08:00,write,key_927,308.83,true,false,1452
2025-11-27T17:16:54.765545-08:00,write,key_595,309.84,true,false,1454
2025-11-27T17:16:54.969135-08:00,write,key_755,314.88,true,false,1454
2025-11-27T17:16:54.969111-08:00,write,key_952,314.91,true,false,1453
2025-11-27T17:16:54.969104-08:00,write,key_970,314.93,true,false,1453
2025-11-27T17:16:54.975194-08:00,write,key_97,308.86,true,false,1455
2025-11-27T17:16:54.969114-08:00,write,key_355,315.03,true,false,1454
2025-11-27T17:16:55.075369-08:00,write,key_882,309.22,true,false,1455
2025-11-27T17:16:55.072055-08:00,write,key_284,312.55,true,false,1455
2025-11-27T17:16:55.075384-08:00,write,key_219,309.23,true,false,1456
2025-11-27T17:16:55.072195-08:00,write,key_701,312.46,true,false,1456
2025-11-27T17:16:55.072781-08:00,write,key_543,311.95,true,false,1455
2025-11-27T17:16:55.284025-08:00,write,key_461,312.72,true,false,1457
2025-11-27T17:16:55.284017-08:00,write,key_75,314.54,true,false,1456
2025-11-27T17:16:55.284145-08:00,write,key_854,316.28,true,false,1457
2025-11-27T17:16:55.284045-08:00,write,key_984,316.40,true,false,1457
2025-11-27T17:16:55.284141-08:00,write,key_165,316.35,true,false,1458
2025-11-27T17:16:55.600488-08:00,read,key_384,3.27,true,false,830
2025-11-27T17:16:55.384603-08:00,write,key_507,311.28,true,false,1458
2025-11-27T17:16:55.384652-08:00,write,key_462,315.33,true,false,1458
2025-11-27T17:16:55.384728-08:00,write,key_131,315.26,true,false,1459
2025-11-27T17:16:55.38461-08:00,write,key_881,315.40,true,false,1459
2025-11-27T17:16:55.384591-08:00,write,key_95,315.50,true,false,1458
2025-11-27T17:16:55.699985-08:00,read,key_53,1.98,true,false,750
2025-11-27T17:16:55.59674-08:00,write,key_94,310.09,true,false,1460
2025-11-27T17:16:55.600438-08:00,write,key_909,307.14,true,false,1460
2025-11-27T17:16:55.598558-08:00,write,key_571,309.15,true,false,1459
2025-11-27T17:16:55.600424-08:00,write,key_706,307.45,true,false,1460
2025-11-27T17:16:55.603763-08:00,write,key_904,307.16,true,false,1461
2025-11-27T17:16:55.701966-08:00,write,key_855,307.01,true,false,1461
2025-11-27T17:16:55.695879-08:00,write,key_557,313.09,true,false,1461
2025-11-27T17:16:55.700006-08:00,write,key_744,308.97,true,false,1460
2025-11-27T17:16:55.699985-08:00,write,key_460,311.59,true,false,1461
2025-11-27T17:16:55.70009-08:00,write,key_801,312.29,true,false,1462
2025-11-27T17:16:55.907701-08:00,write,key_82,305.35,true,false,1461
2025-11-27T17:16:55.907868-08:00,write,key_78,309.42,true,false,1464
2025-11-27T17:16:55.907572-08:00,write,key_807,309.73,true,false,1463
2025-11-27T17:16:55.910918-08:00,write,key_506,308.88,true,false,1465
2025-11-27T17:16:55.906828-08:00,write,key_909,312.97,true,false,1463
2025-11-27T17:16:56.00897-08:00,write,key_805,310.82,true,false,1462
2025-11-27T17:16:56.008984-08:00,write,key_978,310.83,true,false,1463
2025-11-27T17:16:56.011576-08:00,write,key_854,308.52,true,false,1463
2025-11-27T17:16:56.012372-08:00,write,key_161,308.17,true,false,1466
2025-11-27T17:16:56.008976-08:00,write,key_807,312.24,true,false,1462
2025-11-27T17:16:56.217295-08:00,write,key_810,308.03,true,false,1467
2025-11-27T17:16:56.213052-08:00,write,key_611,312.30,true,false,1467
2025-11-27T17:16:56.217284-08:00,write,key_90,308.08,true,false,1465
2025-11-27T17:16:56.219792-08:00,write,key_58,305.59,true,false,1466
2025-11-27T17:16:56.21979-08:00,write,key_905,309.63,true,false,1466
2025-11-27T17:16:56.525373-08:00,read,key_953,4.05,true,false,1178
2025-11-27T17:16:56.529418-08:00,read,key_33,3.40,true,false,1425
2025-11-27T17:16:56.321216-08:00,write,key_718,323.07,true,false,1468
2025-11-27T17:16:56.31979-08:00,write,key_202,324.50,true,false,1468
2025-11-27T17:16:56.319809-08:00,write,key_940,324.49,true,false,1467
2025-11-27T17:16:56.320092-08:00,write,key_245,324.23,true,false,1468
2025-11-27T17:16:56.320542-08:00,write,key_810,323.80,true,false,1467
2025-11-27T17:16:56.525352-08:00,write,key_715,312.05,true,false,1469
2025-11-27T17:16:56.529427-08:00,write,key_152,308.00,true,false,1469
2025-11-27T17:16:56.525324-08:00,write,key_500,312.12,true,false,1469
2025-11-27T17:16:56.525363-08:00,write,key_90,312.09,true,false,1468
2025-11-27T17:16:56.532816-08:00,write,key_378,304.64,true,false,1470
2025-11-27T17:16:56.837421-08:00,read,key_139,3.77,true,false,1341
2025-11-27T17:16:56.644296-08:00,write,key_657,306.39,true,false,1471
2025-11-27T17:16:56.644339-08:00,write,key_78,306.42,true,false,1472
2025-11-27T17:16:56.644281-08:00,write,key_236,306.48,true,false,1469
2025-11-27T17:16:56.644283-08:00,write,key_968,306.64,true,false,1471
2025-11-27T17:16:56.644315-08:00,write,key_878,306.84,true,false,1470
2025-11-27T17:16:56.95068-08:00,read,key_208,2.66,true,false,1346
2025-11-27T17:16:56.95075-08:00,read,key_878,2.60,true,false,1470
2025-11-27T17:16:56.841198-08:00,write,key_478,309.17,true,false,1471
2025-11-27T17:16:56.837399-08:00,write,key_704,312.97,true,false,1473
2025-11-27T17:16:56.837438-08:00,write,key_954,312.96,true,false,1472
2025-11-27T17:16:56.837447-08:00,write,key_352,312.97,true,false,1473
2025-11-27T17:16:56.837453-08:00,write,key_77,312.98,true,false,1473
2025-11-27T17:16:57.150369-08:00,read,key_480,1.99,true,false,1196
2025-11-27T17:16:56.953348-08:00,write,key_574,304.67,true,false,1473
2025-11-27T17:16:56.950753-08:00,write,key_714,307.28,true,false,1474
2025-11-27T17:16:56.951148-08:00,write,key_327,306.90,true,false,1474
2025-11-27T17:16:56.950916-08:00,write,key_79,307.14,true,false,1474
2025-11-27T17:16:56.953339-08:00,write,key_286,306.94,true,false,1475
2025-11-27T17:16:57.150369-08:00,write,key_804,315.46,true,false,1476
2025-11-27T17:16:57.150396-08:00,write,key_707,315.62,true,false,1474
2025-11-27T17:16:57.150418-08:00,write,key_710,315.60,true,false,1476
2025-11-27T17:16:57.152363-08:00,write,key_119,313.70,true,false,1477
2025-11-27T17:16:57.150428-08:00,write,key_450,315.66,true,false,1474
2025-11-27T17:16:57.46601-08:00,read,key_2,3.89,true,false,1374
2025-11-27T17:16:57.258033-08:00,write,key_135,304.98,true,false,1476
2025-11-27T17:16:57.258055-08:00,write,key_200,306.93,true,false,1476
2025-11-27T17:16:57.258039-08:00,write,key_453,307.53,true,false,1478
2025-11-27T17:16:57.260273-08:00,write,key_76,306.45,true,false,1478
2025-11-27T17:16:57.258015-08:00,write,key_160,308.74,true,false,1477
2025-11-27T17:16:57.565562-08:00,read,key_139,1.78,true,false,1341
2025-11-27T17:16:57.469907-08:00,write,key_873,307.12,true,false,1479
2025-11-27T17:16:57.466014-08:00,write,key_699,311.03,true,false,1479
2025-11-27T17:16:57.466085-08:00,write,key_204,310.97,true,false,1479
2025-11-27T17:16:57.466054-08:00,write,key_975,311.05,true,false,1478
2025-11-27T17:16:57.465832-08:00,write,key_322,311.30,true,false,1478
2025-11-27T17:16:57.777027-08:00,read,key_804,1.83,true,false,1476
2025-11-27T17:16:57.566715-08:00,write,key_37,314.10,true,false,1479
2025-11-27T17:16:57.567341-08:00,write,key_872,313.58,true,false,1481
2025-11-27T17:16:57.563017-08:00,write,key_59,318.23,true,false,1479
2025-11-27T17:16:57.566752-08:00,write,key_28,316.05,true,false,1480
2025-11-27T17:16:57.564986-08:00,write,key_708,317.83,true,false,1480
2025-11-27T17:16:57.882812-08:00,read,key_473,4.24,true,false,1148
2025-11-27T17:16:57.887058-08:00,read,key_453,0.74,true,false,1478
2025-11-27T17:16:57.777126-08:00,write,key_256,316.08,true,false,1482
2025-11-27T17:16:57.77705-08:00,write,key_93,316.16,true,false,1480
2025-11-27T17:16:57.778862-08:00,write,key_716,314.35,true,false,1482
2025-11-27T17:16:57.777038-08:00,write,key_484,316.26,true,false,1481
2025-11-27T17:16:57.777099-08:00,write,key_132,316.25,true,false,1481
2025-11-27T17:16:57.880912-08:00,write,key_463,313.92,true,false,1483
2025-11-27T17:16:57.887797-08:00,write,key_466,307.10,true,false,1484
2025-11-27T17:16:57.880817-08:00,write,key_903,314.08,true,false,1483
2025-11-27T17:16:57.882797-08:00,write,key_886,312.16,true,false,1482
2025-11-27T17:16:57.881241-08:00,write,key_255,313.77,true,false,1482
2025-11-27T17:16:58.194829-08:00,read,key_286,5.59,true,false,1475
2025-11-27T17:16:58.093209-08:00,write,key_251,311.43,true,false,1483
2025-11-27T17:16:58.093296-08:00,write,key_161,316.34,true,false,1485
2025-11-27T17:16:58.093205-08:00,write,key_870,316.74,true,false,1485
2025-11-27T17:16:58.093345-08:00,write,key_246,316.65,true,false,1483
2025-11-27T17:16:58.093201-08:00,write,key_474,319.10,true,false,1484
2025-11-27T17:16:58.195003-08:00,write,key_558,309.97,true,false,1486
2025-11-27T17:16:58.194953-08:00,write,key_500,310.04,true,false,1487
2025-11-27T17:16:58.194896-08:00,write,key_929,310.28,true,false,1485
2025-11-27T17:16:58.194898-08:00,write,key_9,311.49,true,false,1486
2025-11-27T17:16:58.200419-08:00,write,key_415,310.14,true,false,1488
2025-11-27T17:16:58.409635-08:00,write,key_30,307.00,true,false,1486
2025-11-27T17:16:58.404641-08:00,write,key_36,312.01,true,false,1490
2025-11-27T17:16:58.409992-08:00,write,key_995,306.71,true,false,1489
2025-11-27T17:16:58.409937-08:00,write,key_855,307.46,true,false,1487
2025-11-27T17:16:58.716695-08:00,read,key_85,2.66,true,false,1361
2025-11-27T17:16:58.412294-08:00,write,key_202,307.83,true,false,1488
2025-11-27T17:16:58.505171-08:00,write,key_196,313.08,true,false,1488
2025-11-27T17:16:58.510556-08:00,write,key_535,307.71,true,false,1489
2025-11-27T17:16:58.504967-08:00,write,key_541,313.31,true,false,1492
2025-11-27T17:16:58.506386-08:00,write,key_876,311.94,true,false,1491
2025-11-27T17:16:58.504991-08:00,write,key_719,313.36,true,false,1489
2025-11-27T17:16:58.720119-08:00,write,key_452,307.21,true,false,1494
2025-11-27T17:16:58.719359-08:00,write,key_454,307.98,true,false,1493
2025-11-27T17:16:58.716632-08:00,write,key_467,310.71,true,false,1491
2025-11-27T17:16:58.717394-08:00,write,key_853,309.96,true,false,1491
2025-11-27T17:16:58.716641-08:00,write,key_923,310.77,true,false,1493
2025-11-27T17:16:58.818318-08:00,write,key_652,314.47,true,false,1495
2025-11-27T17:16:58.818258-08:00,write,key_139,314.54,true,false,1493
2025-11-27T17:16:58.818249-08:00,write,key_756,314.56,true,false,1496
2025-11-27T17:16:58.818342-08:00,write,key_807,314.47,true,false,1493
2025-11-27T17:16:58.818277-08:00,write,key_464,314.61,true,false,1497
2025-11-27T17:16:59.027332-08:00,write,key_984,310.80,true,false,1498
2025-11-27T17:16:59.027338-08:00,write,key_600,310.82,true,false,1496
2025-11-27T17:16:59.027352-08:00,write,key_32,310.82,true,false,1498
2025-11-27T17:16:59.027409-08:00,write,key_591,310.82,true,false,1499
2025-11-27T17:16:59.027338-08:00,write,key_256,310.90,true,false,1495
2025-11-27T17:16:59.132809-08:00,write,key_160,309.60,true,false,1498
2025-11-27T17:16:59.132791-08:00,write,key_958,309.62,true,false,1498
2025-11-27T17:16:59.132884-08:00,write,key_851,309.54,true,false,1500
2025-11-27T17:16:59.132812-08:00,write,key_570,309.66,true,false,1499
2025-11-27T17:16:59.132782-08:00,write,key_614,309.76,true,false,1499
2025-11-27T17:16:59.442406-08:00,read,key_469,3.70,true,false,1342
2025-11-27T17:16:59.44611-08:00,read,key_928,3.72,true,false,810
2025-11-27T17:16:59.338127-08:00,write,key_88,314.80,true,false,1501
2025-11-27T17:16:59.338222-08:00,write,key_943,314.71,true,false,1500
2025-11-27T17:16:59.338158-08:00,write,key_450,314.79,true,false,1502
2025-11-27T17:16:59.338233-08:00,write,key_718,314.74,true,false,1501
2025-11-27T17:16:59.338165-08:00,write,key_150,314.84,true,false,1501
2025-11-27T17:16:59.442534-08:00,write,key_361,313.79,true,false,1503
2025-11-27T17:16:59.442407-08:00,write,key_465,314.82,true,false,1503
2025-11-27T17:16:59.442417-08:00,write,key_469,315.70,true,false,1504
2025-11-27T17:16:59.449833-08:00,write,key_457,308.43,true,false,1501
2025-11-27T17:16:59.442467-08:00,write,key_131,315.80,true,false,1505
2025-11-27T17:16:59.65293-08:00,write,key_755,307.76,true,false,1506
2025-11-27T17:16:59.653003-08:00,write,key_750,307.70,true,false,1503
2025-11-27T17:16:59.652964-08:00,write,key_298,307.78,true,false,1507
2025-11-27T17:16:59.652939-08:00,write,key_813,308.84,true,false,1503
2025-11-27T17:16:59.652926-08:00,write,key_574,308.87,true,false,1506
2025-11-27T17:16:59.960691-08:00,read,key_296,3.97,false,false,0
2025-11-27T17:16:59.961771-08:00,read,key_329,4.53,true,false,683
2025-11-27T17:16:59.964659-08:00,read,key_467,1.66,true,false,1491
2025-11-27T17:16:59.966316-08:00,read,key_377,1.82,true,false,1183
2025-11-27T17:16:59.757221-08:00,write,key_951,308.47,true,false,1506
2025-11-27T17:16:59.756329-08:00,write,key_7,309.37,true,false,1508
2025-11-27T17:16:59.758258-08:00,write,key_281,307.51,true,false,1508
2025-11-27T17:16:59.758115-08:00,write,key_343,308.66,true,false,1506
2025-11-27T17:16:59.75826-08:00,write,key_35,308.53,true,false,1509
2025-11-27T17:17:00.066774-08:00,read,key_470,1.42,true,false,1227
2025-11-27T17:17:00.068198-08:00,read,key_347,0.74,true,false,858
2025-11-27T17:16:59.96179-08:00,write,key_564,315.18,true,false,1508
2025-11-27T17:16:59.960738-08:00,write,key_284,318.87,true,false,1508
2025-11-27T17:16:59.9663-08:00,write,key_253,313.32,true,false,1510
2025-11-27T17:16:59.968134-08:00,write,key_700,311.56,true,false,1510
2025-11-27T17:16:59.960702-08:00,write,key_495,319.01,true,false,1509
2025-11-27T17:17:00.065762-08:00,write,key_933,328.52,true,false,1511
2025-11-27T17:17:00.066783-08:00,write,key_74,327.50,true,false,1510
2025-11-27T17:17:00.065695-08:00,write,key_565,328.59,true,false,1511
2025-11-27T17:17:00.068937-08:00,write,key_659,325.36,true,false,1510
2025-11-27T17:17:00.065687-08:00,write,key_573,329.00,true,false,1510
2025-11-27T17:17:00.279694-08:00,write,key_454,313.18,true,false,1511
2025-11-27T17:17:00.27962-08:00,write,key_959,313.31,true,false,1512
2025-11-27T17:17:00.279611-08:00,write,key_118,313.34,true,false,1512
2025-11-27T17:17:00.276967-08:00,write,key_805,316.01,true,false,1511
2025-11-27T17:17:00.279703-08:00,write,key_551,313.57,true,false,1512
2025-11-27T17:17:00.394287-08:00,write,key_238,307.05,true,false,1514
2025-11-27T17:17:00.394679-08:00,write,key_560,306.66,true,false,1512
2025-11-27T17:17:00.394281-08:00,write,key_56,307.11,true,false,1513
2025-11-27T17:17:00.394281-08:00,write,key_850,307.54,true,false,1514
2025-11-27T17:17:00.394294-08:00,write,key_472,307.93,true,false,1513
2025-11-27T17:17:00.592945-08:00,write,key_165,310.89,true,false,1515
2025-11-27T17:17:00.592922-08:00,write,key_476,311.91,true,false,1513
2025-11-27T17:17:00.592875-08:00,write,key_92,315.09,true,false,1514
2025-11-27T17:17:00.904827-08:00,read,key_507,3.17,true,false,1458
2025-11-27T17:17:00.593268-08:00,write,key_71,315.58,false,false,0
2025-11-27T17:17:00.592975-08:00,write,key_0,316.59,true,false,1515
2025-11-27T17:17:00.907964-08:00,read,key_958,3.72,true,false,1498
2025-11-27T17:17:00.70134-08:00,write,key_979,309.02,true,false,1517
2025-11-27T17:17:00.70134-08:00,write,key_282,309.03,true,false,1515
2025-11-27T17:17:00.701384-08:00,write,key_354,312.01,true,false,1519
2025-11-27T17:17:00.701819-08:00,write,key_71,313.53,true,false,1518
2025-11-27T17:17:00.702216-08:00,write,key_562,314.02,true,false,1520
2025-11-27T17:17:00.903838-08:00,write,key_134,307.15,true,false,1517
2025-11-27T17:17:00.908844-08:00,write,key_253,308.57,true,false,1518
2025-11-27T17:17:00.909558-08:00,write,key_476,307.88,true,false,1522
2025-11-27T17:17:00.907997-08:00,write,key_967,309.47,true,false,1521
2025-11-27T17:17:00.911682-08:00,write,key_467,307.90,true,false,1519
2025-11-27T17:17:01.01036-08:00,write,key_481,306.52,true,false,1521
2025-11-27T17:17:01.016234-08:00,write,key_111,304.20,true,false,1521
2025-11-27T17:17:01.010366-08:00,write,key_251,310.07,true,false,1523
2025-11-27T17:17:01.015341-08:00,write,key_254,305.12,true,false,1522
2025-11-27T17:17:01.013394-08:00,write,key_974,307.13,true,false,1521
2025-11-27T17:17:01.217461-08:00,write,key_814,309.82,true,false,1524
2025-11-27T17:17:01.219576-08:00,write,key_30,307.72,true,false,1524
2025-11-27T17:17:01.217431-08:00,write,key_75,309.96,true,false,1523
2025-11-27T17:17:01.217411-08:00,write,key_391,310.00,true,false,1523
2025-11-27T17:17:01.210985-08:00,write,key_814,316.59,true,false,1521
2025-11-27T17:17:01.527387-08:00,read,key_756,1.78,true,false,1496
2025-11-27T17:17:01.52917-08:00,read,key_133,1.03,true,false,1105
2025-11-27T17:17:01.320434-08:00,write,key_252,321.15,true,false,1525
2025-11-27T17:17:01.316876-08:00,write,key_469,324.72,true,false,1525
2025-11-27T17:17:01.320454-08:00,write,key_541,321.16,true,false,1524
2025-11-27T17:17:01.320433-08:00,write,key_163,321.21,true,false,1526
2025-11-27T17:17:01.320518-08:00,write,key_111,321.20,true,false,1526
2025-11-27T17:17:01.527569-08:00,write,key_876,312.17,true,false,1525
2025-11-27T17:17:01.527291-08:00,write,key_564,312.52,true,false,1528
2025-11-27T17:17:01.527279-08:00,write,key_284,313.08,true,false,1527
2025-11-27T17:17:01.527405-08:00,write,key_139,313.34,true,false,1525
2025-11-27T17:17:01.530203-08:00,write,key_884,310.71,true,false,1527
2025-11-27T17:17:01.641714-08:00,write,key_135,309.81,true,false,1530
2025-11-27T17:17:01.641586-08:00,write,key_876,309.96,true,false,1528
2025-11-27T17:17:01.641607-08:00,write,key_851,309.97,true,false,1527
2025-11-27T17:17:01.641588-08:00,write,key_859,310.00,true,false,1528
2025-11-27T17:17:01.641634-08:00,write,key_118,310.01,true,false,1529
2025-11-27T17:17:01.840352-08:00,write,key_526,310.00,true,false,1529
2025-11-27T17:17:01.839809-08:00,write,key_710,310.56,true,false,1529
2025-11-27T17:17:01.839737-08:00,write,key_756,310.67,true,false,1532
2025-11-27T17:17:01.840736-08:00,write,key_412,309.69,true,false,1531
2025-11-27T17:17:01.840908-08:00,write,key_526,309.57,true,false,1531
2025-11-27T17:17:02.150363-08:00,read,key_851,1.85,true,false,1527
2025-11-27T17:17:01.951569-08:00,write,key_874,308.49,true,false,1531
2025-11-27T17:17:01.951545-08:00,write,key_38,308.52,true,false,1532
2025-11-27T17:17:01.95152-08:00,write,key_614,308.60,true,false,1531
2025-11-27T17:17:01.95158-08:00,write,key_207,308.73,true,false,1533
2025-11-27T17:17:01.951639-08:00,write,key_258,310.54,true,false,1533
2025-11-27T17:17:02.260305-08:00,read,key_954,3.93,true,false,1472
2025-11-27T17:17:02.152216-08:00,write,key_468,314.35,true,false,1534
2025-11-27T17:17:02.150476-08:00,write,key_166,316.21,true,false,1536
2025-11-27T17:17:02.150426-08:00,write,key_283,316.50,true,false,1534
2025-11-27T17:17:02.150398-08:00,write,key_811,316.62,true,false,1534
2025-11-27T17:17:02.150354-08:00,write,key_710,316.69,true,false,1535
2025-11-27T17:17:02.46657-08:00,read,key_932,3.53,true,false,1004
2025-11-27T17:17:02.466924-08:00,read,key_232,4.34,true,false,1405
2025-11-27T17:17:02.260055-08:00,write,key_963,307.69,true,false,1537
2025-11-27T17:17:02.260061-08:00,write,key_390,307.69,true,false,1537
2025-11-27T17:17:02.262178-08:00,write,key_53,308.89,true,false,1535
2025-11-27T17:17:02.264235-08:00,write,key_86,306.86,true,false,1535
2025-11-27T17:17:02.26012-08:00,write,key_809,311.14,true,false,1534
2025-11-27T17:17:02.571254-08:00,read,key_163,3.15,true,false,1526
2025-11-27T17:17:02.467045-08:00,write,key_477,310.96,true,false,1538
2025-11-27T17:17:02.467012-08:00,write,key_698,311.04,true,false,1538
2025-11-27T17:17:02.470101-08:00,write,key_257,308.16,true,false,1539
2025-11-27T17:17:02.466685-08:00,write,key_284,311.69,true,false,1537
2025-11-27T17:17:02.471267-08:00,write,key_938,307.22,true,false,1537
2025-11-27T17:17:02.778049-08:00,read,key_153,3.50,true,false,1043
2025-11-27T17:17:02.778483-08:00,read,key_168,5.57,true,false,1278
2025-11-27T17:17:02.567742-08:00,write,key_462,309.85,true,false,1538
2025-11-27T17:17:02.567747-08:00,write,key_232,309.87,true,false,1538
2025-11-27T17:17:02.574404-08:00,write,key_803,305.98,true,false,1540
2025-11-27T17:17:02.571064-08:00,write,key_696,309.42,true,false,1540
2025-11-27T17:17:02.57109-08:00,write,key_483,309.68,true,false,1539
2025-11-27T17:17:02.880385-08:00,read,key_395,3.44,true,false,750
2025-11-27T17:17:02.778257-08:00,write,key_501,304.74,true,false,1540
2025-11-27T17:17:02.778005-08:00,write,key_503,305.16,true,false,1540
2025-11-27T17:17:02.778372-08:00,write,key_371,304.93,true,false,1541
2025-11-27T17:17:02.781552-08:00,write,key_905,304.44,true,false,1540
2025-11-27T17:17:03.085988-08:00,read,key_819,0.58,false,false,0
2025-11-27T17:17:02.784059-08:00,write,key_649,304.06,true,false,1541
2025-11-27T17:17:02.880765-08:00,write,key_719,306.69,true,false,1542
2025-11-27T17:17:02.877587-08:00,write,key_398,309.89,true,false,1542
2025-11-27T17:17:02.877609-08:00,write,key_902,309.91,true,false,1541
2025-11-27T17:17:02.880484-08:00,write,key_94,307.12,true,false,1541
2025-11-27T17:17:03.187455-08:00,read,key_574,5.55,true,false,1506
2025-11-27T17:17:02.88383-08:00,write,key_879,310.40,true,false,1543
2025-11-27T17:17:03.187478-08:00,read,key_872,8.84,true,false,1481
2025-11-27T17:17:03.083164-08:00,write,key_473,317.29,true,false,1542
2025-11-27T17:17:03.083298-08:00,write,key_474,317.20,true,false,1543
2025-11-27T17:17:03.083-08:00,write,key_79,317.57,true,false,1544
2025-11-27T17:17:03.086566-08:00,write,key_353,314.21,true,false,1544
2025-11-27T17:17:03.088121-08:00,write,key_164,313.02,true,false,1543
2025-11-27T17:17:03.187519-08:00,write,key_111,312.94,true,false,1544
2025-11-27T17:17:03.194227-08:00,write,key_162,306.26,true,false,1545
2025-11-27T17:17:03.196319-08:00,write,key_460,304.19,true,false,1546
2025-11-27T17:17:03.187598-08:00,write,key_133,312.94,true,false,1545
2025-11-27T17:17:03.193008-08:00,write,key_441,307.57,true,false,1544
2025-11-27T17:17:03.400772-08:00,write,key_713,307.77,true,false,1547
2025-11-27T17:17:03.400566-08:00,write,key_618,307.99,true,false,1545
2025-11-27T17:17:03.400451-08:00,write,key_405,308.11,true,false,1545
2025-11-27T17:17:03.40049-08:00,write,key_879,308.13,true,false,1546
2025-11-27T17:17:03.70854-08:00,read,key_708,1.76,true,false,1480
2025-11-27T17:17:03.401139-08:00,write,key_455,309.18,true,false,1548
2025-11-27T17:17:03.500459-08:00,write,key_236,309.35,true,false,1547
2025-11-27T17:17:03.500578-08:00,write,key_304,309.24,true,false,1549
2025-11-27T17:17:03.50048-08:00,write,key_235,309.35,true,false,1547
2025-11-27T17:17:03.500532-08:00,write,key_565,309.35,true,false,1547
2025-11-27T17:17:03.500505-08:00,write,key_353,309.41,true,false,1547
2025-11-27T17:17:03.80981-08:00,read,key_38,2.11,true,false,1532
2025-11-27T17:17:03.708553-08:00,write,key_460,310.73,true,false,1549
2025-11-27T17:17:03.708559-08:00,write,key_138,310.79,true,false,1550
2025-11-27T17:17:03.710312-08:00,write,key_567,309.30,true,false,1551
2025-11-27T17:17:03.710307-08:00,write,key_1,309.33,true,false,1550
2025-11-27T17:17:03.708615-08:00,write,key_555,311.21,true,false,1550
2025-11-27T17:17:04.019816-08:00,read,key_843,0.98,true,false,1090
2025-11-27T17:17:03.809879-08:00,write,key_986,320.84,true,false,1552
2025-11-27T17:17:03.811921-08:00,write,key_469,318.82,true,false,1553
2025-11-27T17:17:03.809913-08:00,write,key_507,321.31,true,false,1551
2025-11-27T17:17:03.809811-08:00,write,key_32,321.50,true,false,1550
2025-11-27T17:17:03.809829-08:00,write,key_501,321.54,true,false,1551
2025-11-27T17:17:04.131308-08:00,read,key_201,2.66,true,false,1353
2025-11-27T17:17:04.019604-08:00,write,key_88,310.92,true,false,1553
2025-11-27T17:17:04.019635-08:00,write,key_258,311.04,true,false,1554
2025-11-27T17:17:04.019349-08:00,write,key_565,311.38,true,false,1552
2025-11-27T17:17:04.020794-08:00,write,key_134,309.95,true,false,1554
2025-11-27T17:17:04.019279-08:00,write,key_280,311.84,true,false,1552
2025-11-27T17:17:04.131222-08:00,write,key_452,306.08,true,false,1555
2025-11-27T17:17:04.130718-08:00,write,key_752,306.59,true,false,1554
2025-11-27T17:17:04.13397-08:00,write,key_877,304.35,true,false,1554
2025-11-27T17:17:04.437297-08:00,read,key_203,3.17,true,false,999
2025-11-27T17:17:04.130739-08:00,write,key_503,310.60,true,false,1556
2025-11-27T17:17:04.131361-08:00,write,key_36,310.69,true,false,1555
2025-11-27T17:17:04.330674-08:00,write,key_807,313.84,true,false,1555
2025-11-27T17:17:04.33072-08:00,write,key_961,313.88,true,false,1557
2025-11-27T17:17:04.330527-08:00,write,key_137,314.08,true,false,1558
2025-11-27T17:17:04.330744-08:00,write,key_419,316.29,true,false,1556
2025-11-27T17:17:04.331112-08:00,write,key_504,315.97,true,false,1557
2025-11-27T17:17:04.437307-08:00,write,key_132,308.94,true,false,1557
2025-11-27T17:17:04.440468-08:00,write,key_138,305.80,true,false,1558
2025-11-27T17:17:04.438322-08:00,write,key_322,311.01,true,false,1559
2025-11-27T17:17:04.44134-08:00,write,key_496,308.01,true,false,1559
2025-11-27T17:17:04.442045-08:00,write,key_879,308.33,true,false,1558
2025-11-27T17:17:04.647081-08:00,write,key_462,310.78,true,false,1559
2025-11-27T17:17:04.647036-08:00,write,key_445,310.85,true,false,1560
2025-11-27T17:17:04.644517-08:00,write,key_113,313.42,true,false,1561
2025-11-27T17:17:04.644592-08:00,write,key_91,313.61,true,false,1559
2025-11-27T17:17:04.644599-08:00,write,key_808,314.40,true,false,1560
2025-11-27T17:17:04.749333-08:00,write,key_509,306.68,true,false,1560
2025-11-27T17:17:04.746245-08:00,write,key_413,310.59,true,false,1560
2025-11-27T17:17:04.746266-08:00,write,key_61,311.05,true,false,1561
2025-11-27T17:17:04.750376-08:00,write,key_462,309.25,true,false,1562
2025-11-27T17:17:04.749343-08:00,write,key_54,312.80,true,false,1561
2025-11-27T17:17:04.958201-08:00,write,key_97,308.65,true,false,1562
2025-11-27T17:17:04.957884-08:00,write,key_73,308.99,true,false,1563
2025-11-27T17:17:04.958998-08:00,write,key_801,309.99,true,false,1565
2025-11-27T17:17:04.957856-08:00,write,key_77,311.14,true,false,1564
2025-11-27T17:17:04.95793-08:00,write,key_371,311.11,true,false,1563
2025-11-27T17:17:05.266865-08:00,read,key_357,4.10,true,false,1233
2025-11-27T17:17:05.269037-08:00,read,key_352,3.67,true,false,1473
2025-11-27T17:17:05.056834-08:00,write,key_373,312.73,true,false,1563
2025-11-27T17:17:05.062141-08:00,write,key_473,307.43,true,false,1563
2025-11-27T17:17:05.057313-08:00,write,key_233,312.42,true,false,1564
2025-11-27T17:17:05.056007-08:00,write,key_207,314.02,true,false,1562
2025-11-27T17:17:05.059619-08:00,write,key_258,310.67,true,false,1563
2025-11-27T17:17:05.27271-08:00,write,key_938,304.80,true,false,1566
2025-11-27T17:17:05.266853-08:00,write,key_879,310.68,true,false,1566
2025-11-27T17:17:05.268989-08:00,write,key_717,308.59,true,false,1568
2025-11-27T17:17:05.270967-08:00,write,key_461,306.66,true,false,1566
2025-11-27T17:17:05.268996-08:00,write,key_955,309.80,true,false,1567
2025-11-27T17:17:05.369564-08:00,write,key_903,310.57,true,false,1566
2025-11-27T17:17:05.36956-08:00,write,key_599,310.58,true,false,1569
2025-11-27T17:17:05.370282-08:00,write,key_968,309.87,true,false,1567
2025-11-27T17:17:05.37002-08:00,write,key_90,310.38,true,false,1566
2025-11-27T17:17:05.369728-08:00,write,key_755,313.25,true,false,1567
2025-11-27T17:17:05.577569-08:00,write,key_564,309.09,true,false,1570
2025-11-27T17:17:05.578794-08:00,write,key_806,307.89,true,false,1572
2025-11-27T17:17:05.577506-08:00,write,key_502,309.19,true,false,1569
2025-11-27T17:17:05.577619-08:00,write,key_960,309.10,true,false,1571
2025-11-27T17:17:05.577527-08:00,write,key_474,309.20,true,false,1570
2025-11-27T17:17:05.886695-08:00,read,key_308,3.63,true,false,1113
2025-11-27T17:17:05.682972-08:00,write,key_555,309.10,true,false,1570
2025-11-27T17:17:05.680128-08:00,write,key_769,312.67,true,false,1573
2025-11-27T17:17:05.680147-08:00,write,key_79,313.57,true,false,1571
2025-11-27T17:17:05.680397-08:00,write,key_151,313.45,true,false,1572
2025-11-27T17:17:05.680134-08:00,write,key_808,313.72,true,false,1570
2025-11-27T17:17:05.993849-08:00,read,key_808,6.53,true,false,1570
2025-11-27T17:17:05.886661-08:00,write,key_458,313.40,true,false,1574
2025-11-27T17:17:05.88672-08:00,write,key_447,313.35,true,false,1573
2025-11-27T17:17:05.886718-08:00,write,key_478,313.38,true,false,1574
2025-11-27T17:17:05.886682-08:00,write,key_94,313.44,true,false,1573
2025-11-27T17:17:05.890333-08:00,write,key_469,309.81,true,false,1573
2025-11-27T17:17:06.200064-08:00,read,key_871,2.87,true,false,1327
2025-11-27T17:17:05.992084-08:00,write,key_153,308.55,true,false,1575
2025-11-27T17:17:05.993724-08:00,write,key_39,307.89,true,false,1574
2025-11-27T17:17:05.992791-08:00,write,key_186,308.85,true,false,1574
2025-11-27T17:17:06.000386-08:00,write,key_239,303.69,true,false,1575
2025-11-27T17:17:05.993845-08:00,write,key_2,310.28,true,false,1575
2025-11-27T17:17:06.200092-08:00,write,key_204,310.94,true,false,1576
2025-11-27T17:17:06.200113-08:00,write,key_557,311.21,true,false,1576
2025-11-27T17:17:06.20294-08:00,write,key_32,308.42,true,false,1577
2025-11-27T17:17:06.20007-08:00,write,key_710,311.39,true,false,1576
2025-11-27T17:17:06.200135-08:00,write,key_163,311.89,true,false,1575
2025-11-27T17:17:06.301611-08:00,write,key_555,314.42,true,false,1577
2025-11-27T17:17:06.30064-08:00,write,key_442,315.77,true,false,1577
2025-11-27T17:17:06.30408-08:00,write,key_907,312.40,true,false,1576
2025-11-27T17:17:06.304123-08:00,write,key_286,312.36,true,false,1578
2025-11-27T17:17:06.301641-08:00,write,key_814,315.70,true,false,1578
