timestamp,type,key,latency_ms,success,is_stale,version
2025-11-27T16:11:58.898131-08:00,read,key_369,3.78,true,false,4252
2025-11-27T16:11:58.908926-08:00,read,key_364,1.73,true,false,1301
2025-11-27T16:11:58.919998-08:00,read,key_369,0.81,true,false,4252
2025-11-27T16:11:58.931053-08:00,read,key_365,2.10,true,false,4431
2025-11-27T16:11:58.942111-08:00,read,key_363,1.72,true,false,3465
2025-11-27T16:11:58.953168-08:00,read,key_368,0.89,true,false,4389
2025-11-27T16:11:58.964231-08:00,read,key_363,1.31,true,false,3465
2025-11-27T16:11:58.975301-08:00,read,key_360,1.73,true,false,1255
2025-11-27T16:11:58.98636-08:00,read,key_366,1.45,true,false,2032
2025-11-27T16:11:58.997424-08:00,read,key_363,1.74,true,false,3465
2025-11-27T16:11:59.008523-08:00,read,key_360,1.80,true,false,1255
2025-11-27T16:11:59.019625-08:00,read,key_363,1.32,true,false,3465
2025-11-27T16:11:59.030476-08:00,read,key_367,1.48,true,false,3776
2025-11-27T16:11:59.040872-08:00,read,key_345,2.40,true,false,4210
2025-11-27T16:11:59.051993-08:00,read,key_368,1.72,true,false,4389
2025-11-27T16:11:59.063129-08:00,read,key_110,1.76,true,false,4500
2025-11-27T16:11:59.074236-08:00,read,key_81,1.96,true,false,2358
2025-11-27T16:11:59.085477-08:00,read,key_237,4.80,true,false,4274
2025-11-27T16:11:59.095899-08:00,read,key_98,1.75,true,false,4348
2025-11-27T16:11:59.107007-08:00,read,key_342,1.00,true,false,4449
2025-11-27T16:11:59.117419-08:00,read,key_88,2.17,true,false,2264
2025-11-27T16:11:59.128553-08:00,read,key_238,0.97,true,false,4036
2025-11-27T16:11:59.138777-08:00,read,key_90,0.94,true,false,2915
2025-11-27T16:11:59.149879-08:00,read,key_111,2.50,true,false,4187
2025-11-27T16:11:59.160864-08:00,read,key_81,0.88,true,false,2358
2025-11-27T16:11:59.171937-08:00,read,key_118,0.74,true,false,4300
2025-11-27T16:11:59.182982-08:00,read,key_88,0.81,true,false,2264
2025-11-27T16:11:59.194036-08:00,read,key_89,0.98,true,false,902
2025-11-27T16:11:59.205082-08:00,read,key_910,1.22,true,false,918
2025-11-27T16:11:59.216132-08:00,read,key_684,1.39,true,false,2443
2025-11-27T16:11:59.227214-08:00,read,key_89,1.15,true,false,902
2025-11-27T16:11:59.238287-08:00,read,key_347,2.25,true,false,3747
2025-11-27T16:11:59.2493-08:00,read,key_348,1.36,true,false,4367
2025-11-27T16:11:59.260347-08:00,read,key_90,1.43,true,false,2915
2025-11-27T16:11:59.271389-08:00,read,key_89,1.52,true,false,902
2025-11-27T16:11:59.282465-08:00,read,key_233,1.53,true,false,3947
2025-11-27T16:11:59.293547-08:00,read,key_481,1.52,false,false,0
2025-11-27T16:11:59.304616-08:00,read,key_233,1.55,true,false,3947
2025-11-27T16:11:59.315676-08:00,read,key_684,1.53,true,false,2443
2025-11-27T16:11:59.326739-08:00,read,key_486,1.51,false,false,0
2025-11-27T16:11:59.337802-08:00,read,key_486,1.59,false,false,0
2025-11-27T16:11:59.348849-08:00,read,key_368,1.59,true,false,4389
2025-11-27T16:11:59.358961-08:00,read,key_687,1.78,true,false,4314
2025-11-27T16:11:59.370015-08:00,read,key_347,1.14,true,false,3747
2025-11-27T16:11:59.38108-08:00,read,key_90,1.11,true,false,2915
2025-11-27T16:11:59.392148-08:00,read,key_114,1.60,true,false,4406
2025-11-27T16:11:59.403195-08:00,read,key_484,1.65,false,false,0
2025-11-27T16:11:59.414274-08:00,read,key_302,1.34,true,false,3212
2025-11-27T16:11:59.425365-08:00,read,key_119,1.75,true,false,4478
2025-11-27T16:11:59.436415-08:00,read,key_84,1.29,true,false,4475
2025-11-27T16:11:59.447534-08:00,read,key_366,1.56,true,false,2032
2025-11-27T16:11:59.458247-08:00,read,key_84,2.31,true,false,4475
2025-11-27T16:11:59.469433-08:00,read,key_301,1.82,true,false,3353
2025-11-27T16:11:59.480061-08:00,read,key_365,1.80,true,false,4431
2025-11-27T16:11:59.491157-08:00,read,key_910,2.04,true,false,918
2025-11-27T16:11:59.501389-08:00,read,key_235,2.00,true,false,4067
2025-11-27T16:11:59.51254-08:00,read,key_87,1.54,true,false,2354
2025-11-27T16:11:59.523645-08:00,read,key_363,1.74,true,false,3465
2025-11-27T16:11:59.534894-08:00,read,key_483,2.12,false,false,0
2025-11-27T16:11:59.546-08:00,read,key_688,1.41,true,false,3170
2025-11-27T16:11:59.557062-08:00,read,key_893,1.49,true,false,4323
2025-11-27T16:11:59.568217-08:00,read,key_688,1.89,true,false,3170
2025-11-27T16:11:59.578621-08:00,read,key_793,1.62,true,false,4446
2025-11-27T16:11:59.588845-08:00,read,key_919,1.32,true,false,2364
2025-11-27T16:11:59.599977-08:00,read,key_467,2.39,true,false,2627
2025-11-27T16:11:59.611057-08:00,read,key_913,1.37,true,false,2283
2025-11-27T16:11:59.622187-08:00,read,key_798,1.88,true,false,4416
2025-11-27T16:11:59.633381-08:00,read,key_235,2.23,true,false,4067
2025-11-27T16:11:59.644574-08:00,read,key_112,1.65,true,false,4135
2025-11-27T16:11:59.655698-08:00,read,key_84,1.78,true,false,4475
2025-11-27T16:11:59.666698-08:00,read,key_236,1.09,true,false,3856
2025-11-27T16:11:59.677817-08:00,read,key_239,1.93,true,false,3864
2025-11-27T16:11:59.688973-08:00,read,key_896,1.67,true,false,3682
2025-11-27T16:11:59.700082-08:00,read,key_349,2.31,true,false,4486
2025-11-27T16:11:59.711316-08:00,read,key_910,1.71,true,false,918
2025-11-27T16:11:59.722454-08:00,read,key_968,1.65,true,false,3199
2025-11-27T16:11:59.733585-08:00,read,key_98,2.24,true,false,4348
2025-11-27T16:11:59.744651-08:00,read,key_680,1.85,true,false,2773
2025-11-27T16:11:59.755669-08:00,read,key_305,1.60,true,false,3175
2025-11-27T16:11:59.766786-08:00,read,key_469,2.15,true,false,2676
2025-11-27T16:11:59.777505-08:00,read,key_469,1.94,true,false,2676
2025-11-27T16:11:59.788328-08:00,read,key_483,1.68,false,false,0
2025-11-27T16:11:59.799444-08:00,read,key_119,1.72,true,false,4478
2025-11-27T16:11:59.810642-08:00,read,key_813,2.06,true,false,4255
2025-11-27T16:11:59.821302-08:00,read,key_681,1.81,true,false,3325
2025-11-27T16:11:59.832455-08:00,read,key_360,2.38,true,false,1255
2025-11-27T16:11:59.842614-08:00,read,key_810,2.19,true,false,3082
2025-11-27T16:11:59.852911-08:00,read,key_360,1.72,true,false,1255
2025-11-27T16:11:59.864013-08:00,read,key_86,1.19,true,false,2131
2025-11-27T16:11:59.875125-08:00,read,key_681,2.96,true,false,3325
2025-11-27T16:11:59.88623-08:00,read,key_390,1.68,true,false,4468
2025-11-27T16:11:59.897349-08:00,read,key_994,1.69,true,false,4221
2025-11-27T16:11:59.9085-08:00,read,key_84,2.31,true,false,4475
2025-11-27T16:11:59.919647-08:00,read,key_405,1.36,true,false,2497
2025-11-27T16:11:59.930778-08:00,read,key_86,1.88,true,false,2131
2025-11-27T16:11:59.941844-08:00,read,key_916,0.87,true,false,1558
2025-11-27T16:11:59.95295-08:00,read,key_81,0.87,true,false,2358
2025-11-27T16:11:59.963676-08:00,read,key_307,0.95,true,false,2010
2025-11-27T16:11:59.974784-08:00,read,key_971,2.23,true,false,3149
2025-11-27T16:11:59.986056-08:00,read,key_911,2.03,true,false,909
2025-11-27T16:11:59.997203-08:00,read,key_89,2.07,true,false,902
2025-11-27T16:12:00.019304-08:00,read,key_232,0.99,true,false,4413
2025-11-27T16:12:00.03035-08:00,read,key_892,0.82,true,false,4207
2025-11-27T16:12:00.041428-08:00,read,key_466,2.36,true,false,2646
2025-11-27T16:12:00.052508-08:00,read,key_577,1.04,true,false,2412
2025-11-27T16:12:00.063576-08:00,read,key_996,1.19,true,false,4407
2025-11-27T16:12:00.07465-08:00,read,key_394,1.20,true,false,4227
2025-11-27T16:12:00.085735-08:00,read,key_114,1.14,true,false,4406
2025-11-27T16:12:00.096808-08:00,read,key_83,1.33,true,false,1839
2025-11-27T16:12:00.107888-08:00,read,key_997,1.65,true,false,4030
2025-11-27T16:12:00.118941-08:00,read,key_238,1.14,true,false,4036
2025-11-27T16:12:00.130012-08:00,read,key_967,1.36,true,false,3713
2025-11-27T16:12:00.141066-08:00,read,key_367,1.46,true,false,3776
2025-11-27T16:12:00.152134-08:00,read,key_360,1.61,true,false,1255
2025-11-27T16:12:00.163231-08:00,read,key_119,1.95,true,false,4478
2025-11-27T16:12:00.17429-08:00,read,key_94,1.68,true,false,3835
2025-11-27T16:12:00.18539-08:00,read,key_655,1.22,true,false,2135
2025-11-27T16:12:00.196252-08:00,read,key_515,1.24,true,false,2136
2025-11-27T16:12:00.207315-08:00,read,key_90,1.62,true,false,2915
2025-11-27T16:12:00.218402-08:00,read,key_368,1.52,true,false,4389
2025-11-27T16:12:00.229475-08:00,read,key_684,1.19,true,false,2443
2025-11-27T16:12:00.240002-08:00,read,key_398,1.71,true,false,4426
2025-11-27T16:12:00.251071-08:00,read,key_784,1.22,true,false,2561
2025-11-27T16:12:00.262151-08:00,read,key_98,1.11,true,false,4348
2025-11-27T16:12:00.273226-08:00,read,key_308,1.10,true,false,3229
2025-11-27T16:12:00.284117-08:00,read,key_87,1.14,true,false,2354
2025-11-27T16:12:00.295182-08:00,read,key_304,1.08,true,false,1160
2025-11-27T16:12:00.306239-08:00,read,key_406,1.42,true,false,2806
2025-11-27T16:12:00.008238-08:00,write,key_999,307.16,true,false,4512
2025-11-27T16:12:00.316389-08:00,read,key_810,1.38,true,false,3082
2025-11-27T16:12:00.32745-08:00,read,key_481,1.42,false,false,0
2025-11-27T16:12:00.338188-08:00,read,key_570,1.42,true,false,3873
2025-11-27T16:12:00.349244-08:00,read,key_391,1.60,true,false,4157
2025-11-27T16:12:00.360292-08:00,read,key_561,1.45,true,false,3762
2025-11-27T16:12:00.371351-08:00,read,key_575,1.37,true,false,3792
2025-11-27T16:12:00.382386-08:00,read,key_364,1.46,true,false,1301
2025-11-27T16:12:00.393417-08:00,read,key_567,1.50,true,false,3668
2025-11-27T16:12:00.404478-08:00,read,key_684,1.33,true,false,2443
2025-11-27T16:12:00.41554-08:00,read,key_653,1.57,true,false,4222
2025-11-27T16:12:00.425817-08:00,read,key_113,2.07,true,false,4487
2025-11-27T16:12:00.437005-08:00,read,key_769,1.72,true,false,4142
2025-11-27T16:12:00.448125-08:00,read,key_361,1.62,true,false,3813
2025-11-27T16:12:00.459249-08:00,read,key_347,2.21,true,false,3747
2025-11-27T16:12:00.470379-08:00,read,key_654,1.82,true,false,1841
2025-11-27T16:12:00.481547-08:00,read,key_83,1.64,true,false,1839
2025-11-27T16:12:00.492518-08:00,read,key_89,2.45,true,false,902
2025-11-27T16:12:00.503118-08:00,read,key_663,1.62,true,false,2864
2025-11-27T16:12:00.514289-08:00,read,key_87,1.55,true,false,2354
2025-11-27T16:12:00.524973-08:00,read,key_917,2.33,true,false,1086
2025-11-27T16:12:00.536114-08:00,read,key_114,1.69,true,false,4406
2025-11-27T16:12:00.547178-08:00,read,key_89,0.86,true,false,902
2025-11-27T16:12:00.558274-08:00,read,key_345,1.08,true,false,4210
2025-11-27T16:12:00.569473-08:00,read,key_686,1.74,true,false,1996
2025-11-27T16:12:00.580566-08:00,read,key_238,1.51,true,false,4036
2025-11-27T16:12:00.590762-08:00,read,key_968,1.72,true,false,3199
2025-11-27T16:12:00.60169-08:00,read,key_484,0.81,false,false,0
2025-11-27T16:12:00.612774-08:00,read,key_466,0.86,true,false,2646
2025-11-27T16:12:00.623888-08:00,read,key_463,1.65,true,false,4459
2025-11-27T16:12:00.634371-08:00,read,key_764,2.46,true,false,4093
2025-11-27T16:12:00.64555-08:00,read,key_388,1.77,true,false,4371
2025-11-27T16:12:00.65665-08:00,read,key_812,1.58,true,false,2921
2025-11-27T16:12:00.666875-08:00,read,key_684,3.12,true,false,2443
2025-11-27T16:12:00.67785-08:00,read,key_667,1.10,true,false,633
2025-11-27T16:12:00.688913-08:00,read,key_789,1.12,true,false,867
2025-11-27T16:12:00.699974-08:00,read,key_664,1.12,true,false,2629
2025-11-27T16:12:00.711017-08:00,read,key_999,0.63,true,false,4512
2025-11-27T16:12:00.722057-08:00,read,key_538,0.73,true,false,4267
2025-11-27T16:12:00.733107-08:00,read,key_119,0.93,true,false,4478
2025-11-27T16:12:00.744182-08:00,read,key_236,0.94,true,false,3856
2025-11-27T16:12:00.755251-08:00,read,key_685,1.19,true,false,2119
2025-11-27T16:12:00.766309-08:00,read,key_5,1.20,true,false,2513
2025-11-27T16:12:00.777353-08:00,read,key_368,1.32,true,false,4389
2025-11-27T16:12:00.788415-08:00,read,key_680,1.23,true,false,2773
2025-11-27T16:12:00.799481-08:00,read,key_397,1.62,true,false,4072
2025-11-27T16:12:00.810514-08:00,read,key_701,1.47,true,false,2067
2025-11-27T16:12:00.821555-08:00,read,key_369,1.45,true,false,4252
2025-11-27T16:12:00.832595-08:00,read,key_393,1.41,true,false,4483
2025-11-27T16:12:00.843639-08:00,read,key_536,1.61,false,false,0
2025-11-27T16:12:00.854707-08:00,read,key_303,1.44,true,false,1744
2025-11-27T16:12:00.865753-08:00,read,key_961,1.61,true,false,3521
2025-11-27T16:12:00.876806-08:00,read,key_763,1.69,true,false,2351
2025-11-27T16:12:00.887863-08:00,read,key_401,1.83,true,false,2800
2025-11-27T16:12:00.898925-08:00,read,key_973,1.66,true,false,4384
2025-11-27T16:12:00.908999-08:00,read,key_998,1.37,true,false,3914
2025-11-27T16:12:00.920043-08:00,read,key_769,1.49,true,false,4142
2025-11-27T16:12:00.931152-08:00,read,key_769,1.06,true,false,4142
2025-11-27T16:12:00.94178-08:00,read,key_523,1.71,true,false,1989
2025-11-27T16:12:00.952133-08:00,read,key_82,1.35,true,false,954
2025-11-27T16:12:00.963199-08:00,read,key_742,1.57,true,false,914
2025-11-27T16:12:00.974356-08:00,read,key_653,1.85,true,false,4222
2025-11-27T16:12:00.985502-08:00,read,key_85,1.48,true,false,3632
2025-11-27T16:12:00.996644-08:00,read,key_764,1.57,true,false,4093
2025-11-27T16:12:01.00777-08:00,read,key_117,1.73,true,false,4415
2025-11-27T16:12:01.019031-08:00,read,key_89,1.67,true,false,902
2025-11-27T16:12:01.030174-08:00,read,key_655,1.68,true,false,2135
2025-11-27T16:12:01.041311-08:00,read,key_231,2.39,true,false,4062
2025-11-27T16:12:01.05246-08:00,read,key_86,1.75,true,false,2131
2025-11-27T16:12:01.063612-08:00,read,key_229,1.78,true,false,792
2025-11-27T16:12:01.074769-08:00,read,key_634,2.43,true,false,4073
2025-11-27T16:12:01.085926-08:00,read,key_971,1.79,true,false,3149
2025-11-27T16:12:01.097056-08:00,read,key_303,2.06,true,false,1744
2025-11-27T16:12:01.108167-08:00,read,key_709,2.09,true,false,2889
2025-11-27T16:12:01.118744-08:00,read,key_347,1.99,true,false,3747
2025-11-27T16:12:01.129882-08:00,read,key_226,1.58,true,false,1746
2025-11-27T16:12:01.140278-08:00,read,key_744,1.99,true,false,1224
2025-11-27T16:12:01.151528-08:00,read,key_768,2.04,true,false,4022
2025-11-27T16:12:01.16262-08:00,read,key_227,1.59,true,false,4085
2025-11-27T16:12:01.172904-08:00,read,key_366,0.84,true,false,2032
2025-11-27T16:12:01.184089-08:00,read,key_709,2.25,true,false,2889
2025-11-27T16:12:01.195083-08:00,read,key_572,1.58,true,false,3581
2025-11-27T16:12:01.205603-08:00,read,key_406,1.57,true,false,2806
2025-11-27T16:12:01.216713-08:00,read,key_762,1.52,true,false,1117
2025-11-27T16:12:01.226929-08:00,read,key_966,1.94,true,false,3585
2025-11-27T16:12:01.237529-08:00,read,key_82,0.88,true,false,954
2025-11-27T16:12:01.24862-08:00,read,key_117,1.94,true,false,4415
2025-11-27T16:12:01.259834-08:00,read,key_913,2.85,true,false,2283
2025-11-27T16:12:01.270868-08:00,read,key_99,1.80,true,false,3752
2025-11-27T16:12:01.28199-08:00,read,key_278,2.26,true,false,1097
2025-11-27T16:12:01.292583-08:00,read,key_563,2.42,true,false,3763
2025-11-27T16:12:01.303637-08:00,read,key_271,1.13,false,false,0
2025-11-27T16:12:01.314736-08:00,read,key_271,1.34,false,false,0
2025-11-27T16:12:01.32565-08:00,read,key_662,2.70,true,false,2654
2025-11-27T16:12:01.336371-08:00,read,key_437,2.13,true,false,4390
2025-11-27T16:12:01.347535-08:00,read,key_960,1.73,true,false,4127
2025-11-27T16:12:01.358633-08:00,read,key_655,2.36,true,false,2135
2025-11-27T16:12:01.369722-08:00,read,key_687,1.66,true,false,4314
2025-11-27T16:12:01.38085-08:00,read,key_683,1.23,true,false,3210
2025-11-27T16:12:01.391946-08:00,read,key_301,1.14,true,false,3353
2025-11-27T16:12:01.403054-08:00,read,key_683,1.63,true,false,3210
2025-11-27T16:12:01.414196-08:00,read,key_226,1.58,true,false,1746
2025-11-27T16:12:01.425214-08:00,read,key_394,2.31,true,false,4227
2025-11-27T16:12:01.436052-08:00,read,key_438,1.64,true,false,426
2025-11-27T16:12:01.446594-08:00,read,key_349,1.64,true,false,4486
2025-11-27T16:12:01.457322-08:00,read,key_908,1.60,true,false,2331
2025-11-27T16:12:01.468704-08:00,read,key_982,1.66,true,false,3349
2025-11-27T16:12:01.479824-08:00,read,key_462,1.64,true,false,4385
2025-11-27T16:12:01.49097-08:00,read,key_569,1.95,true,false,2259
2025-11-27T16:12:01.502187-08:00,read,key_142,1.93,true,false,1304
2025-11-27T16:12:01.513321-08:00,read,key_565,1.51,true,false,3619
2025-11-27T16:12:01.524391-08:00,read,key_971,1.90,true,false,3149
2025-11-27T16:12:01.535557-08:00,read,key_4,1.53,true,false,3316
2025-11-27T16:12:01.546708-08:00,read,key_798,1.70,true,false,4416
2025-11-27T16:12:01.557836-08:00,read,key_786,2.38,true,false,1236
2025-11-27T16:12:01.568921-08:00,read,key_687,1.71,true,false,4314
2025-11-27T16:12:01.579247-08:00,read,key_768,0.96,true,false,4022
2025-11-27T16:12:01.589842-08:00,read,key_569,1.54,true,false,2259
2025-11-27T16:12:01.60114-08:00,read,key_2,2.02,true,false,2449
2025-11-27T16:12:01.612216-08:00,read,key_460,0.89,true,false,2612
2025-11-27T16:12:01.622931-08:00,read,key_303,0.63,true,false,1744
2025-11-27T16:12:01.633164-08:00,read,key_6,1.81,true,false,2414
2025-11-27T16:12:01.644264-08:00,read,key_874,0.70,true,false,2457
2025-11-27T16:12:01.654941-08:00,read,key_686,0.60,true,false,1996
2025-11-27T16:12:01.666-08:00,read,key_2,0.56,true,false,2449
2025-11-27T16:12:01.677145-08:00,read,key_485,0.84,true,false,1511
2025-11-27T16:12:01.688255-08:00,read,key_789,0.68,true,false,867
2025-11-27T16:12:01.69937-08:00,read,key_465,0.80,true,false,4386
2025-11-27T16:12:01.710627-08:00,read,key_396,0.95,true,false,3399
2025-11-27T16:12:01.72172-08:00,read,key_977,1.91,true,false,4369
2025-11-27T16:12:01.732704-08:00,read,key_342,2.13,true,false,4449
2025-11-27T16:12:01.743836-08:00,read,key_87,1.53,true,false,2354
2025-11-27T16:12:01.754964-08:00,read,key_436,1.60,true,false,4309
2025-11-27T16:12:01.765173-08:00,read,key_465,1.50,true,false,4386
2025-11-27T16:12:01.775959-08:00,read,key_389,2.02,true,false,3817
2025-11-27T16:12:01.78692-08:00,read,key_687,2.27,true,false,4314
2025-11-27T16:12:01.798019-08:00,read,key_88,1.51,true,false,2264
2025-11-27T16:12:01.808926-08:00,read,key_688,1.81,true,false,3170
2025-11-27T16:12:01.819675-08:00,read,key_996,1.32,true,false,4407
2025-11-27T16:12:01.830771-08:00,read,key_327,1.33,true,false,4262
2025-11-27T16:12:01.841875-08:00,read,key_559,1.72,true,false,3422
2025-11-27T16:12:01.853048-08:00,read,key_899,1.88,true,false,3624
2025-11-27T16:12:01.864118-08:00,read,key_790,0.87,true,false,4346
2025-11-27T16:12:01.874927-08:00,read,key_784,2.47,true,false,2561
2025-11-27T16:12:01.885984-08:00,read,key_80,0.87,true,false,3214
2025-11-27T16:12:01.896481-08:00,read,key_37,1.66,true,false,3536
2025-11-27T16:12:01.906778-08:00,read,key_870,1.75,true,false,3972
2025-11-27T16:12:01.917604-08:00,read,key_51,2.16,true,false,4224
2025-11-27T16:12:01.928744-08:00,read,key_657,1.58,true,false,2226
2025-11-27T16:12:01.939871-08:00,read,key_761,1.67,true,false,2199
2025-11-27T16:12:01.951047-08:00,read,key_304,2.16,true,false,1160
2025-11-27T16:12:01.961484-08:00,read,key_364,1.65,true,false,1301
2025-11-27T16:12:01.971853-08:00,read,key_971,1.68,true,false,3149
2025-11-27T16:12:01.982969-08:00,read,key_272,2.62,true,false,4035
2025-11-27T16:12:01.99411-08:00,read,key_843,1.68,true,false,505
2025-11-27T16:12:02.005224-08:00,read,key_368,1.76,true,false,4389
2025-11-27T16:12:02.016382-08:00,read,key_995,1.77,true,false,4501
2025-11-27T16:12:02.027546-08:00,read,key_786,1.68,true,false,1236
2025-11-27T16:12:02.038692-08:00,read,key_895,1.68,true,false,3091
2025-11-27T16:12:02.049572-08:00,read,key_960,1.86,true,false,4127
2025-11-27T16:12:02.060816-08:00,read,key_681,1.70,true,false,3325
2025-11-27T16:12:02.071833-08:00,read,key_684,1.56,true,false,2443
2025-11-27T16:12:02.082978-08:00,read,key_385,2.18,true,false,4507
2025-11-27T16:12:02.093453-08:00,read,key_115,2.08,true,false,4355
2025-11-27T16:12:02.10463-08:00,read,key_31,1.61,true,false,4208
2025-11-27T16:12:02.114718-08:00,read,key_349,1.70,true,false,4486
2025-11-27T16:12:02.126112-08:00,read,key_221,2.18,true,false,1006
2025-11-27T16:12:02.137217-08:00,read,key_236,1.62,true,false,3856
2025-11-27T16:12:02.147979-08:00,read,key_564,1.59,true,false,2550
2025-11-27T16:12:02.158752-08:00,read,key_905,2.99,true,false,4329
2025-11-27T16:12:02.16978-08:00,read,key_242,1.74,true,false,3597
2025-11-27T16:12:02.180276-08:00,read,key_960,1.56,true,false,4127
2025-11-27T16:12:02.191405-08:00,read,key_810,2.22,true,false,3082
2025-11-27T16:12:02.202612-08:00,read,key_895,1.53,true,false,3091
2025-11-27T16:12:02.213704-08:00,read,key_517,1.69,true,false,4156
2025-11-27T16:12:02.224873-08:00,read,key_536,3.40,false,false,0
2025-11-27T16:12:02.235843-08:00,read,key_84,2.73,true,false,4475
2025-11-27T16:12:02.246072-08:00,read,key_669,1.68,true,false,2841
2025-11-27T16:12:02.257171-08:00,read,key_469,2.04,true,false,2676
2025-11-27T16:12:02.268286-08:00,read,key_366,0.74,true,false,2032
2025-11-27T16:12:02.279373-08:00,read,key_378,0.74,true,false,2139
2025-11-27T16:12:02.290458-08:00,read,key_760,1.18,true,false,3528
2025-11-27T16:12:02.301531-08:00,read,key_782,1.27,true,false,2468
2025-11-27T16:12:02.312544-08:00,read,key_994,1.14,true,false,4221
2025-11-27T16:12:02.323613-08:00,read,key_88,1.07,true,false,2264
2025-11-27T16:12:02.333756-08:00,read,key_688,1.15,true,false,3170
2025-11-27T16:12:02.344815-08:00,read,key_32,1.01,true,false,1555
2025-11-27T16:12:02.355891-08:00,read,key_3,1.26,true,false,2575
2025-11-27T16:12:02.366957-08:00,read,key_89,1.39,true,false,902
2025-11-27T16:12:02.378016-08:00,read,key_220,1.15,true,false,2062
2025-11-27T16:12:02.389065-08:00,read,key_733,1.22,true,false,286
2025-11-27T16:12:02.400146-08:00,read,key_90,1.32,true,false,2915
2025-11-27T16:12:02.41121-08:00,read,key_637,1.08,true,false,3711
2025-11-27T16:12:02.422284-08:00,read,key_680,1.27,true,false,2773
2025-11-27T16:12:02.433355-08:00,read,key_974,1.31,true,false,4181
2025-11-27T16:12:02.444427-08:00,read,key_395,1.10,true,false,2598
2025-11-27T16:12:02.455258-08:00,read,key_539,0.95,false,false,0
2025-11-27T16:12:02.466337-08:00,read,key_781,1.03,true,false,4368
2025-11-27T16:12:02.47739-08:00,read,key_401,1.11,true,false,2800
2025-11-27T16:12:02.488472-08:00,read,key_904,1.27,true,false,4381
2025-11-27T16:12:02.499549-08:00,read,key_732,1.19,true,false,141
2025-11-27T16:12:02.510617-08:00,read,key_646,1.13,true,false,3720
2025-11-27T16:12:02.521687-08:00,read,key_247,1.12,true,false,4288
2025-11-27T16:12:02.532752-08:00,read,key_87,1.74,true,false,2354
2025-11-27T16:12:02.543815-08:00,read,key_468,1.63,true,false,4469
2025-11-27T16:12:02.554878-08:00,read,key_367,1.62,true,false,3776
2025-11-27T16:12:02.565931-08:00,read,key_559,1.51,true,false,3422
2025-11-27T16:12:02.57699-08:00,read,key_237,1.52,true,false,4274
2025-11-27T16:12:02.588058-08:00,read,key_642,1.32,true,false,3647
2025-11-27T16:12:02.599117-08:00,read,key_383,1.67,true,false,241
2025-11-27T16:12:02.610296-08:00,read,key_553,1.60,true,false,3059
2025-11-27T16:12:02.621439-08:00,read,key_99,1.87,true,false,3752
2025-11-27T16:12:02.632629-08:00,read,key_523,1.64,true,false,1989
2025-11-27T16:12:02.643321-08:00,read,key_537,2.83,true,false,4437
2025-11-27T16:12:02.654327-08:00,read,key_913,0.78,true,false,2283
2025-11-27T16:12:02.664987-08:00,read,key_247,1.17,true,true,4283
2025-11-27T16:12:02.676183-08:00,read,key_787,0.84,true,false,4122
2025-11-27T16:12:02.687387-08:00,read,key_240,1.77,true,false,4211
2025-11-27T16:12:02.698478-08:00,read,key_272,1.44,true,false,4035
2025-11-27T16:12:02.708976-08:00,read,key_657,2.34,true,false,2226
2025-11-27T16:12:02.720069-08:00,read,key_383,1.69,true,false,241
2025-11-27T16:12:02.73119-08:00,read,key_781,1.47,true,false,4368
2025-11-27T16:12:02.742338-08:00,read,key_271,1.69,false,false,0
2025-11-27T16:12:02.753032-08:00,read,key_895,1.80,true,false,3091
2025-11-27T16:12:02.764158-08:00,read,key_551,1.46,true,false,2898
2025-11-27T16:12:02.77529-08:00,read,key_998,1.55,true,false,3914
2025-11-27T16:12:02.786458-08:00,read,key_811,1.77,true,false,4396
2025-11-27T16:12:02.797671-08:00,read,key_982,1.94,true,false,3349
2025-11-27T16:12:02.808217-08:00,read,key_118,1.58,true,false,4300
2025-11-27T16:12:02.819287-08:00,read,key_764,1.23,true,false,4093
2025-11-27T16:12:02.830343-08:00,read,key_37,0.81,true,false,3536
2025-11-27T16:12:02.841414-08:00,read,key_407,1.28,true,false,2858
2025-11-27T16:12:02.852475-08:00,read,key_871,1.32,true,false,4299
2025-11-27T16:12:02.86355-08:00,read,key_609,1.13,true,false,2220
2025-11-27T16:12:02.874625-08:00,read,key_871,1.15,true,false,4299
2025-11-27T16:12:02.885709-08:00,read,key_6,1.26,true,false,2414
2025-11-27T16:12:02.907114-08:00,read,key_983,2.54,true,false,2555
2025-11-27T16:12:02.918144-08:00,read,key_274,1.48,false,false,0
2025-11-27T16:12:02.929239-08:00,read,key_684,1.55,true,false,2443
2025-11-27T16:12:02.939575-08:00,read,key_465,1.51,true,false,4386
2025-11-27T16:12:02.950682-08:00,read,key_896,1.46,true,false,3682
2025-11-27T16:12:02.961776-08:00,read,key_92,1.91,true,false,3360
2025-11-27T16:12:02.972854-08:00,read,key_630,0.92,true,false,3815
2025-11-27T16:12:02.983547-08:00,read,key_512,0.91,true,false,3219
2025-11-27T16:12:02.994644-08:00,read,key_704,0.79,true,false,3827
2025-11-27T16:12:03.005729-08:00,read,key_735,0.88,true,false,143
2025-11-27T16:12:03.016786-08:00,read,key_88,0.85,true,false,2264
2025-11-27T16:12:03.027859-08:00,read,key_767,0.88,true,false,4463
2025-11-27T16:12:03.038958-08:00,read,key_6,1.03,true,false,2414
2025-11-27T16:12:03.050056-08:00,read,key_538,1.00,true,false,4267
2025-11-27T16:12:03.061101-08:00,read,key_653,0.74,true,false,4222
2025-11-27T16:12:03.072172-08:00,read,key_225,0.95,true,false,119
2025-11-27T16:12:03.083223-08:00,read,key_463,1.06,true,false,4459
2025-11-27T16:12:03.094277-08:00,read,key_703,0.84,true,false,476
2025-11-27T16:12:03.105343-08:00,read,key_638,1.21,true,false,4034
2025-11-27T16:12:03.116386-08:00,read,key_733,1.02,true,false,286
2025-11-27T16:12:03.127435-08:00,read,key_1,1.00,true,false,3506
2025-11-27T16:12:03.138505-08:00,read,key_75,1.41,true,false,4261
2025-11-27T16:12:03.14957-08:00,read,key_381,1.41,true,false,1177
2025-11-27T16:12:03.160631-08:00,read,key_810,1.40,true,false,3082
2025-11-27T16:12:03.171681-08:00,read,key_393,1.48,true,false,4483
2025-11-27T16:12:03.182745-08:00,read,key_516,1.36,true,false,2514
2025-11-27T16:12:03.193838-08:00,read,key_536,1.48,false,false,0
2025-11-27T16:12:02.896837-08:00,write,key_77,308.18,true,false,4513
2025-11-27T16:12:03.204921-08:00,read,key_98,0.70,true,false,4348
2025-11-27T16:12:03.215992-08:00,read,key_85,1.54,true,false,3632
2025-11-27T16:12:03.227066-08:00,read,key_131,1.52,true,false,4106
2025-11-27T16:12:03.238136-08:00,read,key_960,1.65,true,false,4127
2025-11-27T16:12:03.249197-08:00,read,key_786,1.57,true,false,1236
2025-11-27T16:12:03.260261-08:00,read,key_843,1.79,true,false,505
2025-11-27T16:12:03.271339-08:00,read,key_879,1.51,true,false,4231
2025-11-27T16:12:03.282397-08:00,read,key_840,1.39,true,false,614
2025-11-27T16:12:03.293447-08:00,read,key_345,3.86,true,false,4210
2025-11-27T16:12:03.304273-08:00,read,key_650,2.21,true,false,2420
2025-11-27T16:12:03.315308-08:00,read,key_360,1.91,true,false,1255
2025-11-27T16:12:03.326378-08:00,read,key_987,1.29,true,false,2519
2025-11-27T16:12:03.337469-08:00,read,key_982,1.47,true,false,3349
2025-11-27T16:12:03.348517-08:00,read,key_577,1.48,true,false,2412
2025-11-27T16:12:03.370671-08:00,read,key_767,1.72,true,false,4463
2025-11-27T16:12:03.381724-08:00,read,key_846,1.48,true,false,1397
2025-11-27T16:12:03.392787-08:00,read,key_225,1.52,true,false,119
2025-11-27T16:12:03.403871-08:00,read,key_107,1.53,true,false,1418
2025-11-27T16:12:03.414939-08:00,read,key_897,1.21,true,false,3704
2025-11-27T16:12:03.426008-08:00,read,key_100,1.60,true,false,4360
2025-11-27T16:12:03.437069-08:00,read,key_228,1.57,true,false,3669
2025-11-27T16:12:03.448128-08:00,read,key_658,1.30,true,false,2101
2025-11-27T16:12:03.45919-08:00,read,key_109,3.03,true,false,1103
2025-11-27T16:12:03.469405-08:00,read,key_348,1.19,true,false,4367
2025-11-27T16:12:03.479926-08:00,read,key_138,1.33,true,false,4109
2025-11-27T16:12:03.490996-08:00,read,key_765,1.91,true,false,1910
2025-11-27T16:12:03.502047-08:00,read,key_892,1.47,true,false,4207
2025-11-27T16:12:03.51309-08:00,read,key_558,1.02,true,false,3411
2025-11-27T16:12:03.524144-08:00,read,key_973,1.72,true,false,4384
2025-11-27T16:12:03.535222-08:00,read,key_896,1.36,true,false,3682
2025-11-27T16:12:03.545716-08:00,read,key_91,1.17,true,false,3895
2025-11-27T16:12:03.556789-08:00,read,key_523,1.33,true,false,1989
2025-11-27T16:12:03.567851-08:00,read,key_552,1.42,true,false,3147
2025-11-27T16:12:03.578946-08:00,read,key_688,1.38,true,false,3170
2025-11-27T16:12:03.590014-08:00,read,key_760,1.39,true,false,3528
2025-11-27T16:12:03.601084-08:00,read,key_540,1.55,true,false,4295
2025-11-27T16:12:03.612154-08:00,read,key_637,1.85,true,false,3711
2025-11-27T16:12:03.6232-08:00,read,key_340,1.12,true,false,4271
2025-11-27T16:12:03.634274-08:00,read,key_952,1.69,true,false,3558
2025-11-27T16:12:03.645345-08:00,read,key_705,1.54,true,false,3774
2025-11-27T16:12:03.656401-08:00,read,key_88,1.19,true,false,2264
2025-11-27T16:12:03.359587-08:00,write,key_814,307.76,true,false,4514
2025-11-27T16:12:03.667327-08:00,read,key_897,1.28,true,false,3704
2025-11-27T16:12:03.678383-08:00,read,key_707,1.43,true,false,2885
2025-11-27T16:12:03.689452-08:00,read,key_878,1.23,true,false,4440
2025-11-27T16:12:03.700514-08:00,read,key_740,1.23,true,false,1235
2025-11-27T16:12:03.711637-08:00,read,key_708,1.79,true,false,2725
2025-11-27T16:12:03.722702-08:00,read,key_999,1.23,true,false,4512
2025-11-27T16:12:03.733818-08:00,read,key_380,1.12,true,false,4059
2025-11-27T16:12:03.744886-08:00,read,key_680,0.75,true,false,2773
2025-11-27T16:12:03.755948-08:00,read,key_896,0.92,true,false,3682
2025-11-27T16:12:03.767023-08:00,read,key_275,0.94,true,false,2336
2025-11-27T16:12:03.778093-08:00,read,key_569,0.85,true,false,2259
2025-11-27T16:12:03.789154-08:00,read,key_460,1.34,true,false,2612
2025-11-27T16:12:03.800236-08:00,read,key_528,1.10,true,false,2065
2025-11-27T16:12:03.811347-08:00,read,key_993,0.87,true,false,4108
2025-11-27T16:12:03.822397-08:00,read,key_477,0.77,true,false,4144
2025-11-27T16:12:03.833491-08:00,read,key_983,0.85,true,false,2555
2025-11-27T16:12:03.844563-08:00,read,key_952,0.66,true,false,3558
2025-11-27T16:12:03.854947-08:00,read,key_303,1.02,true,false,1744
2025-11-27T16:12:03.865539-08:00,read,key_787,0.79,true,false,4122
2025-11-27T16:12:03.875742-08:00,read,key_481,0.49,false,false,0
2025-11-27T16:12:03.886831-08:00,read,key_572,0.45,true,false,3581
2025-11-27T16:12:03.897882-08:00,read,key_274,0.44,false,false,0
2025-11-27T16:12:03.9081-08:00,read,key_957,0.44,true,false,4289
2025-11-27T16:12:03.918976-08:00,read,key_362,0.38,true,false,4203
2025-11-27T16:12:03.930004-08:00,read,key_686,0.58,true,false,1996
2025-11-27T16:12:03.941027-08:00,read,key_685,0.56,true,false,2119
2025-11-27T16:12:03.952108-08:00,read,key_2,0.65,true,false,2449
2025-11-27T16:12:03.963184-08:00,read,key_965,0.64,true,false,3593
2025-11-27T16:12:03.974253-08:00,read,key_467,0.82,true,false,2627
2025-11-27T16:12:03.984826-08:00,read,key_572,0.73,true,false,3581
2025-11-27T16:12:03.995925-08:00,read,key_55,0.65,true,false,4466
2025-11-27T16:12:04.00699-08:00,read,key_639,0.63,true,false,3215
2025-11-27T16:12:04.018037-08:00,read,key_680,0.60,true,false,2773
2025-11-27T16:12:04.029103-08:00,read,key_404,0.65,true,false,2653
2025-11-27T16:12:04.040161-08:00,read,key_367,0.71,true,false,3776
2025-11-27T16:12:04.051238-08:00,read,key_782,0.62,true,false,2468
2025-11-27T16:12:04.062326-08:00,read,key_978,0.66,true,false,3014
2025-11-27T16:12:04.07339-08:00,read,key_486,2.01,false,false,0
2025-11-27T16:12:04.084037-08:00,read,key_89,1.76,true,false,902
2025-11-27T16:12:04.095087-08:00,read,key_273,1.41,true,false,1548
2025-11-27T16:12:04.106135-08:00,read,key_137,1.42,true,false,4243
2025-11-27T16:12:04.117184-08:00,read,key_387,1.60,true,false,619
2025-11-27T16:12:04.12731-08:00,read,key_133,1.27,true,false,4425
2025-11-27T16:12:04.13818-08:00,read,key_81,1.07,true,false,2358
2025-11-27T16:12:04.149218-08:00,read,key_891,1.37,true,false,4024
2025-11-27T16:12:04.160291-08:00,read,key_748,1.57,true,false,1223
2025-11-27T16:12:04.171361-08:00,read,key_697,1.49,true,false,4454
2025-11-27T16:12:04.182424-08:00,read,key_368,1.83,true,false,4389
2025-11-27T16:12:04.193501-08:00,read,key_965,0.91,true,false,3593
2025-11-27T16:12:04.20376-08:00,read,key_737,0.92,false,false,0
2025-11-27T16:12:04.215232-08:00,read,key_691,1.04,true,false,4473
2025-11-27T16:12:04.226278-08:00,read,key_549,2.70,true,false,4197
2025-11-27T16:12:04.237256-08:00,read,key_349,1.83,true,false,4486
2025-11-27T16:12:04.248314-08:00,read,key_964,1.44,true,false,4239
2025-11-27T16:12:04.259376-08:00,read,key_524,1.39,true,false,3502
2025-11-27T16:12:04.270488-08:00,read,key_967,1.98,true,false,3713
2025-11-27T16:12:04.281551-08:00,read,key_391,1.11,true,false,4157
2025-11-27T16:12:04.292615-08:00,read,key_984,1.30,true,false,3157
2025-11-27T16:12:04.303662-08:00,read,key_687,1.23,true,false,4314
2025-11-27T16:12:04.314717-08:00,read,key_908,1.04,true,false,2331
2025-11-27T16:12:04.325783-08:00,read,key_139,1.49,true,false,4158
2025-11-27T16:12:04.33684-08:00,read,key_368,1.70,true,false,4389
2025-11-27T16:12:04.347933-08:00,read,key_342,1.37,true,false,4449
2025-11-27T16:12:04.358076-08:00,read,key_50,1.51,true,false,4470
2025-11-27T16:12:04.369145-08:00,read,key_606,1.41,false,false,0
2025-11-27T16:12:04.379293-08:00,read,key_60,1.69,true,false,1074
2025-11-27T16:12:04.390363-08:00,read,key_962,1.35,true,false,3980
2025-11-27T16:12:04.401453-08:00,read,key_144,1.25,true,false,1325
2025-11-27T16:12:04.412517-08:00,read,key_544,1.38,true,false,2867
2025-11-27T16:12:04.42359-08:00,read,key_276,1.08,true,false,1243
2025-11-27T16:12:04.434147-08:00,read,key_785,1.45,true,false,3946
2025-11-27T16:12:04.445237-08:00,read,key_103,1.45,true,false,1546
2025-11-27T16:12:04.456298-08:00,read,key_849,1.33,true,false,3766
2025-11-27T16:12:04.466866-08:00,read,key_56,1.30,true,false,4069
2025-11-27T16:12:04.477924-08:00,read,key_749,1.42,true,false,326
2025-11-27T16:12:04.488982-08:00,read,key_374,1.59,true,false,2262
2025-11-27T16:12:04.500041-08:00,read,key_990,2.94,true,false,4510
2025-11-27T16:12:04.510994-08:00,read,key_567,1.53,true,false,3668
2025-11-27T16:12:04.52208-08:00,read,key_993,2.33,true,false,4108
2025-11-27T16:12:04.532692-08:00,read,key_224,1.77,true,false,3750
2025-11-27T16:12:04.543756-08:00,read,key_338,1.20,true,false,4492
2025-11-27T16:12:04.554874-08:00,read,key_878,1.23,true,false,4440
2025-11-27T16:12:04.565954-08:00,read,key_704,1.39,true,false,3827
2025-11-27T16:12:04.577036-08:00,read,key_784,1.42,true,false,2561
2025-11-27T16:12:04.588109-08:00,read,key_689,1.19,true,false,4292
2025-11-27T16:12:04.59918-08:00,read,key_105,1.24,true,false,2527
2025-11-27T16:12:04.610255-08:00,read,key_460,1.37,true,false,2612
2025-11-27T16:12:04.621309-08:00,read,key_767,1.13,true,false,4463
2025-11-27T16:12:04.632369-08:00,read,key_34,1.36,true,false,4497
2025-11-27T16:12:04.642792-08:00,read,key_799,1.16,true,false,2377
2025-11-27T16:12:04.653863-08:00,read,key_895,1.15,true,false,3091
2025-11-27T16:12:04.664261-08:00,read,key_147,1.46,true,false,900
2025-11-27T16:12:04.675336-08:00,read,key_844,1.10,true,false,3549
2025-11-27T16:12:04.686404-08:00,read,key_437,1.08,true,false,4390
2025-11-27T16:12:04.697449-08:00,read,key_904,1.25,true,false,4381
2025-11-27T16:12:04.70851-08:00,read,key_489,1.15,true,false,4235
2025-11-27T16:12:04.719602-08:00,read,key_144,1.82,true,false,1325
2025-11-27T16:12:04.730649-08:00,read,key_245,1.27,true,false,2835
2025-11-27T16:12:04.741694-08:00,read,key_106,1.05,true,false,578
2025-11-27T16:12:04.751982-08:00,read,key_398,0.97,true,false,4426
2025-11-27T16:12:04.763063-08:00,read,key_221,1.14,true,false,1006
2025-11-27T16:12:04.774125-08:00,read,key_88,0.91,true,false,2264
2025-11-27T16:12:04.785108-08:00,read,key_483,0.94,false,false,0
2025-11-27T16:12:04.796156-08:00,read,key_783,1.05,true,false,1801
2025-11-27T16:12:04.807218-08:00,read,key_343,1.15,true,false,4408
2025-11-27T16:12:04.818037-08:00,read,key_766,1.17,true,false,4296
2025-11-27T16:12:04.828423-08:00,read,key_977,1.42,true,false,4369
2025-11-27T16:12:04.839481-08:00,read,key_964,1.48,true,false,4239
2025-11-27T16:12:04.850989-08:00,read,key_67,2.56,true,false,3335
2025-11-27T16:12:04.86198-08:00,read,key_974,1.87,true,false,4181
2025-11-27T16:12:04.873062-08:00,read,key_915,2.32,true,false,2206
2025-11-27T16:12:04.884093-08:00,read,key_695,1.44,true,false,4129
2025-11-27T16:12:04.895168-08:00,read,key_451,1.47,true,false,24
2025-11-27T16:12:04.906246-08:00,read,key_346,1.47,true,false,4103
2025-11-27T16:12:04.917109-08:00,read,key_82,1.59,true,false,954
2025-11-27T16:12:04.928175-08:00,read,key_683,1.72,true,false,3210
2025-11-27T16:12:04.939245-08:00,read,key_37,1.37,true,false,3536
2025-11-27T16:12:04.950317-08:00,read,key_683,1.35,true,false,3210
2025-11-27T16:12:04.961387-08:00,read,key_83,1.35,true,false,1839
2025-11-27T16:12:04.972452-08:00,read,key_221,1.61,true,false,1006
2025-11-27T16:12:04.983544-08:00,read,key_664,1.73,true,false,2629
2025-11-27T16:12:04.994602-08:00,read,key_223,1.66,true,false,4151
2025-11-27T16:12:05.005669-08:00,read,key_107,1.44,true,false,1418
2025-11-27T16:12:05.016166-08:00,read,key_91,0.86,true,false,3895
2025-11-27T16:12:05.027268-08:00,read,key_647,0.75,true,false,3723
2025-11-27T16:12:05.038167-08:00,read,key_558,0.84,true,false,3411
2025-11-27T16:12:05.049157-08:00,read,key_766,0.64,true,false,4296
2025-11-27T16:12:05.060185-08:00,read,key_890,0.61,true,false,4397
2025-11-27T16:12:05.071065-08:00,read,key_92,0.55,true,false,3360
2025-11-27T16:12:05.082188-08:00,read,key_542,0.67,true,false,2545
2025-11-27T16:12:05.093311-08:00,read,key_899,1.04,true,false,3624
2025-11-27T16:12:05.104449-08:00,read,key_334,0.83,true,false,2739
2025-11-27T16:12:05.115104-08:00,read,key_966,0.86,true,false,3585
2025-11-27T16:12:05.125389-08:00,read,key_765,1.97,true,false,1910
2025-11-27T16:12:05.136532-08:00,read,key_965,1.83,true,false,3593
2025-11-27T16:12:05.146925-08:00,read,key_2,1.86,true,false,2449
2025-11-27T16:12:05.158022-08:00,read,key_216,2.47,true,false,1997
2025-11-27T16:12:05.168778-08:00,read,key_0,1.75,true,false,2390
2025-11-27T16:12:05.179836-08:00,read,key_478,1.56,true,false,3919
2025-11-27T16:12:05.190509-08:00,read,key_93,2.06,true,false,4336
2025-11-27T16:12:05.200955-08:00,read,key_90,2.13,true,false,2915
2025-11-27T16:12:05.212052-08:00,read,key_246,1.59,true,false,1219
2025-11-27T16:12:05.223177-08:00,read,key_325,1.78,true,false,4451
2025-11-27T16:12:05.233834-08:00,read,key_707,2.56,true,false,2885
2025-11-27T16:12:05.244921-08:00,read,key_675,1.68,true,false,3436
2025-11-27T16:12:05.25609-08:00,read,key_400,1.84,false,false,0
2025-11-27T16:12:05.267227-08:00,read,key_330,2.09,true,false,2914
2025-11-27T16:12:05.278265-08:00,read,key_649,1.65,true,false,3850
2025-11-27T16:12:05.289434-08:00,read,key_53,1.94,true,false,4273
2025-11-27T16:12:05.300496-08:00,read,key_395,1.18,true,false,2598
2025-11-27T16:12:05.311604-08:00,read,key_4,1.16,true,false,3316
2025-11-27T16:12:05.32267-08:00,read,key_842,1.64,true,false,1723
2025-11-27T16:12:05.33379-08:00,read,key_681,2.73,true,false,3325
2025-11-27T16:12:05.344806-08:00,read,key_56,1.87,true,false,4069
2025-11-27T16:12:05.35592-08:00,read,key_82,1.32,true,false,954
2025-11-27T16:12:05.367099-08:00,read,key_842,1.87,true,false,1723
2025-11-27T16:12:05.378263-08:00,read,key_972,1.59,true,false,4458
2025-11-27T16:12:05.389391-08:00,read,key_246,1.42,true,false,1219
2025-11-27T16:12:05.400625-08:00,read,key_659,1.72,true,false,2373
2025-11-27T16:12:05.411809-08:00,read,key_765,1.85,true,false,1910
2025-11-27T16:12:05.422924-08:00,read,key_648,1.16,true,false,83
2025-11-27T16:12:05.434089-08:00,read,key_378,1.42,true,false,2139
2025-11-27T16:12:05.445254-08:00,read,key_637,1.62,true,false,3711
2025-11-27T16:12:05.456383-08:00,read,key_969,1.93,true,false,4007
2025-11-27T16:12:05.4677-08:00,read,key_289,1.67,true,false,544
2025-11-27T16:12:05.478827-08:00,read,key_87,1.49,true,false,2354
2025-11-27T16:12:05.489955-08:00,read,key_534,1.84,false,false,0
2025-11-27T16:12:05.501214-08:00,read,key_244,1.59,false,false,0
2025-11-27T16:12:05.512342-08:00,read,key_683,1.54,true,false,3210
2025-11-27T16:12:05.523461-08:00,read,key_399,1.83,true,false,3915
2025-11-27T16:12:05.534548-08:00,read,key_90,0.82,true,false,2915
2025-11-27T16:12:05.545702-08:00,read,key_876,1.53,true,false,4504
2025-11-27T16:12:05.556667-08:00,read,key_994,2.24,true,false,4221
2025-11-27T16:12:05.567685-08:00,read,key_103,1.75,true,false,1546
2025-11-27T16:12:05.578639-08:00,read,key_64,0.80,true,false,4012
2025-11-27T16:12:05.589959-08:00,read,key_392,2.21,true,false,3352
2025-11-27T16:12:05.601074-08:00,read,key_342,1.94,true,false,4449
2025-11-27T16:12:05.61128-08:00,read,key_977,0.78,true,false,4369
2025-11-27T16:12:05.622361-08:00,read,key_320,0.86,true,false,3991
2025-11-27T16:12:05.633065-08:00,read,key_314,1.18,true,false,4354
2025-11-27T16:12:05.643826-08:00,read,key_810,1.72,true,false,3082
2025-11-27T16:12:05.654929-08:00,read,key_993,1.02,true,false,4108
2025-11-27T16:12:05.665064-08:00,read,key_843,2.03,true,false,505
2025-11-27T16:12:05.675988-08:00,read,key_566,1.38,true,false,3688
2025-11-27T16:12:05.687128-08:00,read,key_246,1.74,true,false,1219
2025-11-27T16:12:05.698272-08:00,read,key_217,2.07,true,false,4445
2025-11-27T16:12:05.709261-08:00,read,key_686,1.92,true,false,1996
2025-11-27T16:12:05.720082-08:00,read,key_977,1.64,true,false,4369
2025-11-27T16:12:05.730696-08:00,read,key_90,1.63,true,false,2915
2025-11-27T16:12:05.741532-08:00,read,key_682,2.24,true,false,4461
2025-11-27T16:12:05.752652-08:00,read,key_280,1.60,false,false,0
2025-11-27T16:12:05.763757-08:00,read,key_90,1.80,true,false,2915
2025-11-27T16:12:05.774689-08:00,read,key_894,2.41,true,false,4281
2025-11-27T16:12:05.785331-08:00,read,key_466,1.69,true,false,2646
2025-11-27T16:12:05.796442-08:00,read,key_547,1.60,true,false,4393
2025-11-27T16:12:05.80759-08:00,read,key_133,1.91,true,false,4425
2025-11-27T16:12:05.818782-08:00,read,key_761,1.73,true,false,2199
2025-11-27T16:12:05.829931-08:00,read,key_366,1.58,true,false,2032
2025-11-27T16:12:05.840918-08:00,read,key_0,2.23,true,false,2390
2025-11-27T16:12:05.85146-08:00,read,key_423,1.69,true,false,4057
2025-11-27T16:12:05.861861-08:00,read,key_508,0.75,false,false,0
2025-11-27T16:12:05.872939-08:00,read,key_85,0.96,true,false,3632
2025-11-27T16:12:05.884034-08:00,read,key_998,1.03,true,false,3914
2025-11-27T16:12:05.895144-08:00,read,key_382,1.79,true,false,4310
2025-11-27T16:12:05.906257-08:00,read,key_130,1.83,true,false,4307
2025-11-27T16:12:05.917162-08:00,read,key_348,0.96,true,false,4367
2025-11-27T16:12:05.928241-08:00,read,key_675,0.97,true,false,3436
2025-11-27T16:12:05.939375-08:00,read,key_90,0.96,true,false,2915
2025-11-27T16:12:05.950468-08:00,read,key_675,0.97,true,false,3436
2025-11-27T16:12:05.961537-08:00,read,key_247,0.97,true,false,4288
2025-11-27T16:12:05.972426-08:00,read,key_828,0.98,true,false,3923
2025-11-27T16:12:05.982889-08:00,read,key_525,2.39,true,false,3180
2025-11-27T16:12:05.993886-08:00,read,key_448,0.92,true,false,3191
2025-11-27T16:12:06.004969-08:00,read,key_227,0.99,true,false,4085
2025-11-27T16:12:06.015257-08:00,read,key_101,1.65,true,false,1583
2025-11-27T16:12:06.025828-08:00,read,key_87,1.73,true,false,2354
2025-11-27T16:12:06.036424-08:00,read,key_345,1.74,true,false,4210
2025-11-27T16:12:06.047566-08:00,read,key_37,2.09,true,false,3536
2025-11-27T16:12:06.058128-08:00,read,key_788,1.81,true,false,1890
2025-11-27T16:12:06.069268-08:00,read,key_93,1.69,true,false,4336
2025-11-27T16:12:06.08039-08:00,read,key_876,1.83,true,false,4504
2025-11-27T16:12:06.091517-08:00,read,key_512,1.67,true,false,3219
2025-11-27T16:12:06.102629-08:00,read,key_684,0.99,true,false,2443
2025-11-27T16:12:06.113776-08:00,read,key_148,1.81,true,false,4169
2025-11-27T16:12:06.124947-08:00,read,key_245,1.74,true,false,2835
2025-11-27T16:12:06.135633-08:00,read,key_460,1.06,true,false,2612
2025-11-27T16:12:06.146777-08:00,read,key_890,2.17,true,false,4397
2025-11-27T16:12:06.157941-08:00,read,key_210,2.27,true,false,1082
2025-11-27T16:12:06.168221-08:00,read,key_203,1.66,true,false,3491
2025-11-27T16:12:06.179037-08:00,read,key_636,1.21,true,false,3837
2025-11-27T16:12:06.189591-08:00,read,key_461,2.14,true,false,3296
2025-11-27T16:12:06.200083-08:00,read,key_685,1.79,true,false,2119
2025-11-27T16:12:06.211234-08:00,read,key_951,1.68,true,false,4320
2025-11-27T16:12:06.222375-08:00,read,key_375,1.94,true,false,1432
2025-11-27T16:12:06.233547-08:00,read,key_241,1.70,true,false,721
2025-11-27T16:12:06.24469-08:00,read,key_819,1.19,true,false,3427
2025-11-27T16:12:06.25584-08:00,read,key_902,2.09,true,false,3582
2025-11-27T16:12:06.266568-08:00,read,key_90,1.64,true,false,2915
2025-11-27T16:12:06.277702-08:00,read,key_465,1.75,true,false,4386
2025-11-27T16:12:06.288157-08:00,read,key_311,2.45,true,false,2729
2025-11-27T16:12:06.299384-08:00,read,key_516,1.64,true,false,2514
2025-11-27T16:12:06.310514-08:00,read,key_897,1.56,true,false,3704
2025-11-27T16:12:06.321407-08:00,read,key_892,0.89,true,false,4207
2025-11-27T16:12:06.332158-08:00,read,key_483,0.79,false,false,0
2025-11-27T16:12:06.34273-08:00,read,key_631,1.73,true,false,3924
2025-11-27T16:12:06.353827-08:00,read,key_218,0.80,true,false,4472
2025-11-27T16:12:06.364923-08:00,read,key_780,1.29,true,false,3440
2025-11-27T16:12:06.376088-08:00,read,key_956,1.36,true,false,4421
2025-11-27T16:12:06.387226-08:00,read,key_467,1.94,true,false,2627
2025-11-27T16:12:06.398496-08:00,read,key_349,1.70,true,false,4486
2025-11-27T16:12:06.409678-08:00,read,key_702,1.65,true,false,2355
2025-11-27T16:12:06.420871-08:00,read,key_51,2.36,true,false,4224
2025-11-27T16:12:06.432036-08:00,read,key_459,2.17,true,false,1751
2025-11-27T16:12:06.44241-08:00,read,key_640,1.96,true,false,3498
2025-11-27T16:12:06.452609-08:00,read,key_609,1.77,true,false,2220
2025-11-27T16:12:06.463739-08:00,read,key_604,2.23,true,false,1182
2025-11-27T16:12:06.474131-08:00,read,key_208,1.67,true,false,2019
2025-11-27T16:12:06.48522-08:00,read,key_900,1.55,true,false,3475
2025-11-27T16:12:06.496301-08:00,read,key_794,1.09,true,false,3910
2025-11-27T16:12:06.506547-08:00,read,key_874,0.96,true,false,2457
2025-11-27T16:12:06.517267-08:00,read,key_985,1.72,true,false,2937
2025-11-27T16:12:06.528397-08:00,read,key_313,1.66,true,false,2713
2025-11-27T16:12:06.539528-08:00,read,key_140,0.97,true,false,3072
2025-11-27T16:12:06.550669-08:00,read,key_132,1.69,true,false,4356
2025-11-27T16:12:06.561824-08:00,read,key_915,1.84,true,false,2206
2025-11-27T16:12:06.573072-08:00,read,key_579,1.78,true,false,4258
2025-11-27T16:12:06.583348-08:00,read,key_784,1.62,true,false,2561
2025-11-27T16:12:06.594033-08:00,read,key_51,1.73,true,false,4224
2025-11-27T16:12:06.6051-08:00,read,key_698,2.66,true,false,4298
2025-11-27T16:12:06.615214-08:00,read,key_788,0.76,true,false,1890
2025-11-27T16:12:06.626069-08:00,read,key_681,0.77,true,false,3325
2025-11-27T16:12:06.636943-08:00,read,key_463,0.99,true,false,4459
2025-11-27T16:12:06.648041-08:00,read,key_682,1.06,true,false,4461
2025-11-27T16:12:06.658219-08:00,read,key_483,0.99,false,false,0
2025-11-27T16:12:06.668523-08:00,read,key_387,1.20,true,false,619
2025-11-27T16:12:06.679585-08:00,read,key_781,2.14,true,false,4368
2025-11-27T16:12:06.690726-08:00,read,key_747,1.77,true,false,1749
2025-11-27T16:12:06.701058-08:00,read,key_957,1.74,true,false,4289
2025-11-27T16:12:06.712169-08:00,read,key_650,2.03,true,false,2420
2025-11-27T16:12:06.723288-08:00,read,key_340,1.73,true,false,4271
2025-11-27T16:12:06.734446-08:00,read,key_217,1.98,true,false,4445
2025-11-27T16:12:06.745546-08:00,read,key_874,2.65,true,false,2457
2025-11-27T16:12:06.756682-08:00,read,key_174,1.73,true,false,3977
2025-11-27T16:12:06.767615-08:00,read,key_640,1.57,true,false,3498
2025-11-27T16:12:06.778703-08:00,read,key_802,0.92,true,false,2573
2025-11-27T16:12:06.789784-08:00,read,key_509,3.01,true,false,1382
2025-11-27T16:12:06.800764-08:00,read,key_956,1.57,true,false,4421
2025-11-27T16:12:06.811242-08:00,read,key_344,1.27,true,false,3787
2025-11-27T16:12:06.833498-08:00,read,key_327,1.26,true,false,4262
2025-11-27T16:12:06.844585-08:00,read,key_8,1.64,true,false,3611
2025-11-27T16:12:06.855763-08:00,read,key_788,1.91,true,false,1890
2025-11-27T16:12:06.866491-08:00,read,key_950,1.62,true,false,3043
2025-11-27T16:12:06.877582-08:00,read,key_900,0.82,true,false,3475
2025-11-27T16:12:06.88872-08:00,read,key_977,2.00,true,false,4369
2025-11-27T16:12:06.89983-08:00,read,key_769,1.68,true,false,4142
2025-11-27T16:12:06.910983-08:00,read,key_647,2.28,true,false,3723
2025-11-27T16:12:06.922117-08:00,read,key_241,1.96,true,false,721
2025-11-27T16:12:06.933263-08:00,read,key_767,1.73,true,false,4463
2025-11-27T16:12:06.944394-08:00,read,key_695,1.86,true,false,4129
2025-11-27T16:12:06.955651-08:00,read,key_9,1.60,true,false,2451
2025-11-27T16:12:06.966775-08:00,read,key_4,1.69,true,false,3316
2025-11-27T16:12:06.977909-08:00,read,key_384,1.69,true,false,167
2025-11-27T16:12:06.989154-08:00,read,key_2,1.86,true,false,2449
2025-11-27T16:12:07.00029-08:00,read,key_562,2.07,true,false,3265
2025-11-27T16:12:07.011403-08:00,read,key_92,2.14,true,false,3360
2025-11-27T16:12:07.022615-08:00,read,key_975,1.66,true,false,1565
2025-11-27T16:12:07.033459-08:00,read,key_748,2.28,true,false,1223
2025-11-27T16:12:07.044044-08:00,read,key_246,2.18,true,false,1219
2025-11-27T16:12:07.055186-08:00,read,key_275,1.78,true,false,2336
2025-11-27T16:12:07.066307-08:00,read,key_503,1.64,true,false,3249
2025-11-27T16:12:07.076856-08:00,read,key_343,1.74,true,false,4408
2025-11-27T16:12:07.088008-08:00,read,key_626,1.97,true,false,4155
2025-11-27T16:12:07.099162-08:00,read,key_218,1.76,true,false,4472
2025-11-27T16:12:07.110265-08:00,read,key_564,1.01,true,false,2550
2025-11-27T16:12:07.120558-08:00,read,key_951,2.28,true,false,4320
2025-11-27T16:12:06.82237-08:00,write,key_568,307.48,true,false,4515
2025-11-27T16:12:07.130874-08:00,read,key_561,1.50,true,false,3762
2025-11-27T16:12:07.141236-08:00,read,key_468,0.91,true,false,4469
2025-11-27T16:12:07.152251-08:00,read,key_58,1.65,true,false,4082
2025-11-27T16:12:07.163443-08:00,read,key_545,1.65,true,false,2255
2025-11-27T16:12:07.174532-08:00,read,key_99,1.31,true,false,3752
2025-11-27T16:12:07.185644-08:00,read,key_50,0.94,true,false,4470
2025-11-27T16:12:07.196829-08:00,read,key_345,1.51,true,false,4210
2025-11-27T16:12:07.207224-08:00,read,key_788,1.48,true,false,1890
2025-11-27T16:12:07.21835-08:00,read,key_518,2.32,true,false,3114
2025-11-27T16:12:07.229518-08:00,read,key_301,2.07,true,false,3353
2025-11-27T16:12:07.240032-08:00,read,key_782,1.79,true,false,2468
2025-11-27T16:12:07.251122-08:00,read,key_737,1.31,false,false,0
2025-11-27T16:12:07.262176-08:00,read,key_997,1.30,true,false,4030
2025-11-27T16:12:07.273238-08:00,read,key_792,1.53,true,false,2512
2025-11-27T16:12:07.284299-08:00,read,key_952,1.63,true,false,3558
2025-11-27T16:12:07.294601-08:00,read,key_57,1.36,true,false,4456
2025-11-27T16:12:07.305781-08:00,read,key_967,2.15,true,false,3713
2025-11-27T16:12:07.316613-08:00,read,key_654,1.36,true,false,1841
2025-11-27T16:12:07.327645-08:00,read,key_344,2.72,true,false,3787
2025-11-27T16:12:07.338699-08:00,read,key_181,1.40,true,false,2367
2025-11-27T16:12:07.349818-08:00,read,key_337,1.92,false,false,0
2025-11-27T16:12:07.360093-08:00,read,key_142,2.09,true,false,1304
2025-11-27T16:12:07.370669-08:00,read,key_58,1.71,true,false,4082
2025-11-27T16:12:07.381371-08:00,read,key_464,2.13,true,false,2330
2025-11-27T16:12:07.392481-08:00,read,key_86,2.11,true,false,2131
2025-11-27T16:12:07.403573-08:00,read,key_203,1.73,true,false,3491
2025-11-27T16:12:07.414676-08:00,read,key_912,1.98,true,false,1294
2025-11-27T16:12:07.424903-08:00,read,key_654,2.01,true,false,1841
2025-11-27T16:12:07.436049-08:00,read,key_521,1.67,true,false,3408
2025-11-27T16:12:07.446317-08:00,read,key_653,1.63,true,false,4222
2025-11-27T16:12:07.457473-08:00,read,key_244,2.08,false,false,0
2025-11-27T16:12:07.4686-08:00,read,key_271,1.49,false,false,0
2025-11-27T16:12:07.479716-08:00,read,key_245,1.92,true,false,2835
2025-11-27T16:12:07.490215-08:00,read,key_815,2.18,true,false,2897
2025-11-27T16:12:07.501352-08:00,read,key_972,1.65,true,false,4458
2025-11-27T16:12:07.512482-08:00,read,key_974,1.75,true,false,4181
2025-11-27T16:12:07.523055-08:00,read,key_513,2.15,true,false,3257
2025-11-27T16:12:07.533482-08:00,read,key_626,1.51,true,false,4155
2025-11-27T16:12:07.54382-08:00,read,key_536,2.03,false,false,0
2025-11-27T16:12:07.554978-08:00,read,key_384,1.89,true,false,167
2025-11-27T16:12:07.566114-08:00,read,key_984,2.04,true,false,3157
2025-11-27T16:12:07.577365-08:00,read,key_243,1.91,true,false,4331
2025-11-27T16:12:07.588518-08:00,read,key_61,1.71,true,false,4317
2025-11-27T16:12:07.599653-08:00,read,key_344,2.51,true,false,3787
2025-11-27T16:12:07.610927-08:00,read,key_97,1.94,true,false,2828
2025-11-27T16:12:07.621524-08:00,read,key_97,1.79,true,false,2828
2025-11-27T16:12:07.632684-08:00,read,key_103,2.06,true,false,1546
2025-11-27T16:12:07.64294-08:00,read,key_952,2.05,true,false,3558
2025-11-27T16:12:07.653755-08:00,read,key_274,1.64,false,false,0
2025-11-27T16:12:07.664832-08:00,read,key_4,1.70,true,false,3316
2025-11-27T16:12:07.675812-08:00,read,key_870,2.07,true,false,3972
2025-11-27T16:12:07.686103-08:00,read,key_810,1.76,true,false,3082
2025-11-27T16:12:07.696968-08:00,read,key_655,1.55,true,false,2135
2025-11-27T16:12:07.70802-08:00,read,key_307,2.12,true,false,2010
2025-11-27T16:12:07.719229-08:00,read,key_818,1.62,true,false,3312
2025-11-27T16:12:07.730377-08:00,read,key_913,1.55,true,false,2283
2025-11-27T16:12:07.741636-08:00,read,key_893,2.50,true,false,4323
2025-11-27T16:12:07.752734-08:00,read,key_340,1.86,true,false,4271
2025-11-27T16:12:07.763485-08:00,read,key_972,1.57,true,false,4458
2025-11-27T16:12:07.774616-08:00,read,key_320,2.79,true,false,3991
2025-11-27T16:12:07.785394-08:00,read,key_979,1.85,true,false,4251
2025-11-27T16:12:07.796566-08:00,read,key_650,1.73,true,false,2420
2025-11-27T16:12:07.80683-08:00,read,key_96,1.55,true,false,4433
2025-11-27T16:12:07.817944-08:00,read,key_562,1.31,true,false,3265
2025-11-27T16:12:07.829093-08:00,read,key_683,1.56,true,false,3210
2025-11-27T16:12:07.840171-08:00,read,key_81,0.64,true,false,2358
2025-11-27T16:12:07.851329-08:00,read,key_526,1.82,true,false,2989
2025-11-27T16:12:07.862473-08:00,read,key_11,1.66,true,false,2683
2025-11-27T16:12:07.873473-08:00,read,key_399,2.26,true,false,3915
2025-11-27T16:12:07.884522-08:00,read,key_456,0.82,true,false,2071
2025-11-27T16:12:07.895409-08:00,read,key_658,0.81,true,false,2101
2025-11-27T16:12:07.90636-08:00,read,key_898,1.80,true,false,3890
2025-11-27T16:12:07.917424-08:00,read,key_515,1.62,true,false,2136
2025-11-27T16:12:07.928583-08:00,read,key_697,1.60,true,false,4454
2025-11-27T16:12:07.939733-08:00,read,key_992,2.44,true,false,4489
2025-11-27T16:12:07.950942-08:00,read,key_689,1.84,true,false,4292
2025-11-27T16:12:07.962066-08:00,read,key_698,1.63,true,false,4298
2025-11-27T16:12:07.973209-08:00,read,key_247,1.37,true,false,4288
2025-11-27T16:12:07.984303-08:00,read,key_58,0.90,true,false,4082
2025-11-27T16:12:07.995393-08:00,read,key_890,0.84,true,false,4397
2025-11-27T16:12:08.006487-08:00,read,key_137,1.52,true,false,4243
2025-11-27T16:12:08.017604-08:00,read,key_648,1.73,true,false,83
2025-11-27T16:12:08.027942-08:00,read,key_765,1.19,true,false,1910
2025-11-27T16:12:08.03893-08:00,read,key_340,1.56,true,false,4271
2025-11-27T16:12:08.050031-08:00,read,key_244,0.77,false,false,0
2025-11-27T16:12:08.060654-08:00,read,key_688,1.62,true,false,3170
2025-11-27T16:12:08.082919-08:00,read,key_655,2.16,true,false,2135
2025-11-27T16:12:08.094047-08:00,read,key_893,1.92,true,false,4323
2025-11-27T16:12:08.104568-08:00,read,key_977,1.72,true,false,4369
2025-11-27T16:12:08.11493-08:00,read,key_59,2.59,true,false,3403
2025-11-27T16:12:08.125862-08:00,read,key_401,1.78,true,false,2800
2025-11-27T16:12:08.13701-08:00,read,key_130,1.64,true,false,4307
2025-11-27T16:12:08.147668-08:00,read,key_803,5.71,true,false,2058
2025-11-27T16:12:08.158412-08:00,read,key_893,1.69,true,false,4323
2025-11-27T16:12:08.169497-08:00,read,key_622,1.64,true,false,3537
2025-11-27T16:12:08.18043-08:00,read,key_444,2.48,true,false,3745
2025-11-27T16:12:08.191466-08:00,read,key_957,1.76,true,false,4289
2025-11-27T16:12:08.202136-08:00,read,key_873,2.57,true,false,2160
2025-11-27T16:12:08.213192-08:00,read,key_798,1.72,true,false,4416
2025-11-27T16:12:08.224343-08:00,read,key_894,1.75,true,false,4281
2025-11-27T16:12:08.234942-08:00,read,key_893,1.60,true,false,4323
2025-11-27T16:12:08.246111-08:00,read,key_366,1.85,true,false,2032
2025-11-27T16:12:08.256951-08:00,read,key_932,2.09,true,false,3239
2025-11-27T16:12:08.268087-08:00,read,key_823,1.70,true,false,4018
2025-11-27T16:12:08.279254-08:00,read,key_783,1.63,true,false,1801
2025-11-27T16:12:08.29049-08:00,read,key_467,1.39,true,false,2627
2025-11-27T16:12:08.301549-08:00,read,key_760,1.14,true,false,3528
2025-11-27T16:12:08.31268-08:00,read,key_53,1.05,true,false,4273
2025-11-27T16:12:08.323667-08:00,read,key_278,1.04,true,false,1097
2025-11-27T16:12:08.334773-08:00,read,key_135,1.20,true,false,4402
2025-11-27T16:12:08.345905-08:00,read,key_609,1.96,true,false,2220
2025-11-27T16:12:08.357024-08:00,read,key_485,1.60,true,false,1511
2025-11-27T16:12:08.368097-08:00,read,key_749,1.30,true,false,326
2025-11-27T16:12:08.071768-08:00,write,key_536,308.16,true,false,4516
2025-11-27T16:12:08.379166-08:00,read,key_367,1.22,true,false,3776
2025-11-27T16:12:08.390237-08:00,read,key_862,0.75,true,false,2924
2025-11-27T16:12:08.400423-08:00,read,key_473,0.81,true,false,4248
2025-11-27T16:12:08.411575-08:00,read,key_271,1.21,false,false,0
2025-11-27T16:12:08.422794-08:00,read,key_50,1.93,true,false,4470
2025-11-27T16:12:08.433918-08:00,read,key_651,1.68,true,false,1587
2025-11-27T16:12:08.444425-08:00,read,key_898,1.65,true,false,3890
2025-11-27T16:12:08.454913-08:00,read,key_788,2.25,true,false,1890
2025-11-27T16:12:08.466058-08:00,read,key_360,1.63,true,false,1255
2025-11-27T16:12:08.476817-08:00,read,key_342,1.65,true,false,4449
2025-11-27T16:12:08.499176-08:00,read,key_342,0.93,true,false,4449
2025-11-27T16:12:08.51025-08:00,read,key_7,1.40,true,false,3790
2025-11-27T16:12:08.521202-08:00,read,key_322,2.40,true,false,4327
2025-11-27T16:12:08.531538-08:00,read,key_696,1.97,true,false,4490
2025-11-27T16:12:08.542684-08:00,read,key_917,1.59,true,false,1086
2025-11-27T16:12:08.553799-08:00,read,key_870,1.11,true,false,3972
2025-11-27T16:12:08.565008-08:00,read,key_258,1.84,true,false,3097
2025-11-27T16:12:08.576189-08:00,read,key_258,1.60,true,false,3097
2025-11-27T16:12:08.587294-08:00,read,key_509,1.06,true,false,1382
2025-11-27T16:12:08.598408-08:00,read,key_769,0.81,true,false,4142
2025-11-27T16:12:08.608673-08:00,read,key_201,1.03,true,false,4457
2025-11-27T16:12:08.619877-08:00,read,key_530,3.03,true,false,3385
2025-11-27T16:12:08.630242-08:00,read,key_571,0.97,true,false,4495
2025-11-27T16:12:08.641338-08:00,read,key_761,1.61,true,false,2199
2025-11-27T16:12:08.65246-08:00,read,key_510,1.72,true,false,1716
2025-11-27T16:12:08.663723-08:00,read,key_817,1.90,true,false,3095
2025-11-27T16:12:08.674809-08:00,read,key_671,1.48,true,false,4409
2025-11-27T16:12:08.685933-08:00,read,key_180,2.26,true,false,4328
2025-11-27T16:12:08.697141-08:00,read,key_687,2.31,true,false,4314
2025-11-27T16:12:08.707605-08:00,read,key_982,1.56,true,false,3349
2025-11-27T16:12:08.718868-08:00,read,key_244,2.22,false,false,0
2025-11-27T16:12:08.730073-08:00,read,key_483,1.63,false,false,0
2025-11-27T16:12:08.740745-08:00,read,key_815,1.64,true,false,2897
2025-11-27T16:12:08.75096-08:00,read,key_911,1.78,true,false,909
2025-11-27T16:12:08.761716-08:00,read,key_398,2.51,true,false,4426
2025-11-27T16:12:08.772811-08:00,read,key_879,1.72,true,false,4231
2025-11-27T16:12:08.783988-08:00,read,key_368,1.70,true,false,4389
2025-11-27T16:12:08.794937-08:00,read,key_382,1.17,true,false,4310
2025-11-27T16:12:08.487989-08:00,write,key_275,315.72,true,false,4517
2025-11-27T16:12:08.805162-08:00,read,key_398,1.01,true,false,4426
2025-11-27T16:12:08.816282-08:00,read,key_346,1.12,true,false,4103
2025-11-27T16:12:08.826768-08:00,read,key_422,1.73,true,false,4494
2025-11-27T16:12:08.848754-08:00,read,key_812,1.79,true,false,2921
2025-11-27T16:12:08.859865-08:00,read,key_352,1.09,true,false,3860
2025-11-27T16:12:08.870456-08:00,read,key_348,1.70,true,false,4367
2025-11-27T16:12:08.881634-08:00,read,key_635,1.95,true,false,4204
2025-11-27T16:12:08.89281-08:00,read,key_362,1.69,true,false,4203
2025-11-27T16:12:08.904011-08:00,read,key_215,1.87,true,false,925
2025-11-27T16:12:08.925732-08:00,read,key_666,0.86,true,false,2540
2025-11-27T16:12:08.936836-08:00,read,key_276,1.96,true,false,1243
2025-11-27T16:12:08.947968-08:00,read,key_164,1.64,true,false,2836
2025-11-27T16:12:08.959107-08:00,read,key_972,2.01,true,false,4458
2025-11-27T16:12:08.970204-08:00,read,key_644,0.83,true,false,3545
2025-11-27T16:12:08.98129-08:00,read,key_80,0.82,true,false,3214
2025-11-27T16:12:08.992404-08:00,read,key_131,2.08,true,false,4106
2025-11-27T16:12:09.003576-08:00,read,key_450,1.58,true,false,1728
2025-11-27T16:12:09.014395-08:00,read,key_863,1.48,true,false,3931
2025-11-27T16:12:09.025549-08:00,read,key_794,2.35,true,false,3910
2025-11-27T16:12:09.036413-08:00,read,key_87,2.15,true,false,2354
2025-11-27T16:12:09.047506-08:00,read,key_477,1.61,true,false,4144
2025-11-27T16:12:09.058667-08:00,read,key_168,1.59,true,false,2727
2025-11-27T16:12:09.070054-08:00,read,key_50,1.91,true,false,4470
2025-11-27T16:12:09.081169-08:00,read,key_49,1.66,true,false,2190
2025-11-27T16:12:09.092302-08:00,read,key_996,2.45,true,false,4407
2025-11-27T16:12:09.103401-08:00,read,key_981,1.88,true,false,3345
2025-11-27T16:12:09.114497-08:00,read,key_303,1.57,true,false,1744
2025-11-27T16:12:09.125637-08:00,read,key_62,2.07,true,false,1021
2025-11-27T16:12:09.137016-08:00,read,key_376,1.72,true,false,1699
2025-11-27T16:12:09.14741-08:00,read,key_892,1.47,true,false,4207
2025-11-27T16:12:08.838018-08:00,write,key_102,310.88,true,false,4518
2025-11-27T16:12:09.158517-08:00,read,key_540,1.77,true,false,4295
2025-11-27T16:12:09.169809-08:00,read,key_846,1.76,true,false,1397
2025-11-27T16:12:09.180225-08:00,read,key_87,1.63,true,false,2354
2025-11-27T16:12:09.191349-08:00,read,key_247,1.97,true,false,4288
2025-11-27T16:12:09.202109-08:00,read,key_98,2.07,true,false,4348
2025-11-27T16:12:09.213209-08:00,read,key_485,0.87,true,false,1511
2025-11-27T16:12:08.915254-08:00,write,key_789,308.16,true,false,4518
2025-11-27T16:12:09.223397-08:00,read,key_373,1.36,true,false,2395
2025-11-27T16:12:09.233989-08:00,read,key_12,2.35,true,false,3861
2025-11-27T16:12:09.245137-08:00,read,key_225,1.69,true,false,119
2025-11-27T16:12:09.256301-08:00,read,key_573,1.59,true,false,4205
2025-11-27T16:12:09.266645-08:00,read,key_972,1.84,true,false,4458
2025-11-27T16:12:09.27781-08:00,read,key_775,1.87,true,false,3520
2025-11-27T16:12:09.288428-08:00,read,key_8,1.63,true,false,3611
2025-11-27T16:12:09.299565-08:00,read,key_393,1.73,true,false,4483
2025-11-27T16:12:09.310118-08:00,read,key_366,1.88,true,false,2032
2025-11-27T16:12:09.321266-08:00,read,key_767,1.52,true,false,4463
2025-11-27T16:12:09.331394-08:00,read,key_81,0.71,true,false,2358
2025-11-27T16:12:09.342488-08:00,read,key_46,0.98,true,false,2186
2025-11-27T16:12:09.35359-08:00,read,key_252,0.94,false,false,0
2025-11-27T16:12:09.364086-08:00,read,key_616,1.73,true,false,3564
2025-11-27T16:12:09.377361-08:00,read,key_466,1.78,true,false,2646
2025-11-27T16:12:09.388493-08:00,read,key_688,1.55,true,false,3170
2025-11-27T16:12:09.398874-08:00,read,key_200,1.99,true,false,3046
2025-11-27T16:12:09.409995-08:00,read,key_450,1.99,true,false,1728
2025-11-27T16:12:09.421169-08:00,read,key_130,2.04,true,false,4307
2025-11-27T16:12:09.432295-08:00,read,key_658,1.72,true,false,2101
2025-11-27T16:12:09.453324-08:00,read,key_345,1.60,true,false,4210
2025-11-27T16:12:09.46409-08:00,read,key_90,1.52,true,false,2915
2025-11-27T16:12:09.47524-08:00,read,key_40,1.57,true,false,2269
2025-11-27T16:12:09.486129-08:00,read,key_463,1.13,true,false,4459
2025-11-27T16:12:09.497275-08:00,read,key_670,1.25,true,false,3313
2025-11-27T16:12:09.507967-08:00,read,key_185,2.37,true,false,3855
2025-11-27T16:12:09.519088-08:00,read,key_813,1.62,true,false,4255
2025-11-27T16:12:09.530207-08:00,read,key_414,1.60,true,false,4335
2025-11-27T16:12:09.541343-08:00,read,key_789,2.29,true,false,4518
2025-11-27T16:12:09.552498-08:00,read,key_340,1.70,true,false,4271
2025-11-27T16:12:09.563604-08:00,read,key_555,1.55,true,false,3658
2025-11-27T16:12:09.574779-08:00,read,key_787,2.06,true,false,4122
2025-11-27T16:12:09.585138-08:00,read,key_462,1.64,true,false,4385
2025-11-27T16:12:09.596253-08:00,read,key_289,1.43,true,false,544
2025-11-27T16:12:09.60741-08:00,read,key_132,1.88,true,false,4356
2025-11-27T16:12:09.618218-08:00,read,key_982,1.48,true,false,3349
2025-11-27T16:12:09.629357-08:00,read,key_86,1.52,true,false,2131
2025-11-27T16:12:09.640178-08:00,read,key_196,2.15,true,false,4064
2025-11-27T16:12:09.651283-08:00,read,key_606,1.72,false,false,0
2025-11-27T16:12:09.662369-08:00,read,key_4,0.76,true,false,3316
2025-11-27T16:12:09.67346-08:00,read,key_962,1.15,true,false,3980
2025-11-27T16:12:09.684618-08:00,read,key_980,1.70,true,false,3333
2025-11-27T16:12:09.69572-08:00,read,key_179,1.68,true,false,2008
2025-11-27T16:12:09.706754-08:00,read,key_644,2.11,true,false,3545
2025-11-27T16:12:09.718016-08:00,read,key_914,1.75,true,false,1448
2025-11-27T16:12:09.728975-08:00,read,key_89,1.99,true,false,902
2025-11-27T16:12:09.739416-08:00,read,key_243,1.52,true,false,4331
2025-11-27T16:12:09.44263-08:00,write,key_740,304.42,true,false,4519
2025-11-27T16:12:09.749838-08:00,read,key_965,0.92,true,false,3593
2025-11-27T16:12:09.760959-08:00,read,key_529,1.42,true,false,1629
2025-11-27T16:12:09.771438-08:00,read,key_782,1.45,true,false,2468
2025-11-27T16:12:09.782623-08:00,read,key_789,1.68,true,false,4518
2025-11-27T16:12:09.79275-08:00,read,key_58,1.68,true,false,4082
2025-11-27T16:12:09.803898-08:00,read,key_107,1.68,true,false,1418
2025-11-27T16:12:09.81505-08:00,read,key_381,2.15,true,false,1177
2025-11-27T16:12:09.826178-08:00,read,key_890,1.85,true,false,4397
2025-11-27T16:12:09.837292-08:00,read,key_453,1.42,true,false,2442
2025-11-27T16:12:09.84819-08:00,read,key_747,2.15,true,false,1749
2025-11-27T16:12:09.859191-08:00,read,key_993,1.60,true,false,4108
2025-11-27T16:12:09.870327-08:00,read,key_616,1.66,true,false,3564
2025-11-27T16:12:09.881494-08:00,read,key_765,1.83,true,false,1910
2025-11-27T16:12:09.89236-08:00,read,key_623,1.61,true,false,4008
2025-11-27T16:12:09.903483-08:00,read,key_961,1.57,true,false,3521
2025-11-27T16:12:09.914327-08:00,read,key_987,2.13,true,false,2519
2025-11-27T16:12:09.925473-08:00,read,key_425,1.62,true,false,2759
2025-11-27T16:12:09.936134-08:00,read,key_210,1.67,true,false,1082
2025-11-27T16:12:09.946855-08:00,read,key_384,2.20,true,false,167
2025-11-27T16:12:09.957959-08:00,read,key_882,1.64,true,false,2429
2025-11-27T16:12:09.969111-08:00,read,key_248,1.64,true,false,2772
2025-11-27T16:12:09.990921-08:00,read,key_367,1.76,true,false,3776
2025-11-27T16:12:10.001683-08:00,read,key_656,1.49,true,false,4350
2025-11-27T16:12:10.012819-08:00,read,key_317,1.78,true,false,4304
2025-11-27T16:12:10.024005-08:00,read,key_906,1.87,true,false,3793
2025-11-27T16:12:10.035162-08:00,read,key_687,1.69,true,false,4314
2025-11-27T16:12:10.045489-08:00,read,key_883,0.79,true,false,2363
2025-11-27T16:12:10.056621-08:00,read,key_462,0.93,true,false,4385
2025-11-27T16:12:10.067759-08:00,read,key_676,1.46,true,false,4297
2025-11-27T16:12:10.078843-08:00,read,key_522,1.50,true,false,2374
2025-11-27T16:12:10.090054-08:00,read,key_205,1.87,true,false,2814
2025-11-27T16:12:10.101235-08:00,read,key_409,1.52,true,false,2425
2025-11-27T16:12:10.112569-08:00,read,key_604,2.04,true,false,1182
2025-11-27T16:12:10.123742-08:00,read,key_54,1.66,true,false,4362
2025-11-27T16:12:10.134893-08:00,read,key_242,1.63,true,false,3597
2025-11-27T16:12:10.145975-08:00,read,key_679,1.94,true,false,4388
2025-11-27T16:12:10.157089-08:00,read,key_958,0.80,true,false,4379
2025-11-27T16:12:10.168212-08:00,read,key_816,1.67,true,false,4209
2025-11-27T16:12:10.179343-08:00,read,key_276,2.42,true,false,1243
2025-11-27T16:12:10.190488-08:00,read,key_815,1.58,true,false,2897
2025-11-27T16:12:10.20121-08:00,read,key_233,1.60,true,false,3947
2025-11-27T16:12:10.21234-08:00,read,key_276,2.72,true,false,1243
2025-11-27T16:12:10.223019-08:00,read,key_566,1.81,true,false,3688
2025-11-27T16:12:10.233522-08:00,read,key_524,0.79,true,false,3502
2025-11-27T16:12:10.244598-08:00,read,key_983,0.76,true,false,2555
2025-11-27T16:12:10.25567-08:00,read,key_518,2.12,true,false,3114
2025-11-27T16:12:10.266698-08:00,read,key_377,0.81,true,false,2154
2025-11-27T16:12:10.277887-08:00,read,key_88,1.57,true,false,2264
2025-11-27T16:12:09.979736-08:00,write,key_30,305.85,true,false,4520
2025-11-27T16:12:10.288368-08:00,read,key_245,1.98,true,false,2835
2025-11-27T16:12:10.299473-08:00,read,key_764,1.54,true,false,4093
2025-11-27T16:12:10.310597-08:00,read,key_140,1.63,true,false,3072
2025-11-27T16:12:10.321757-08:00,read,key_96,2.02,true,false,4433
2025-11-27T16:12:10.332897-08:00,read,key_678,1.69,true,false,4088
2025-11-27T16:12:10.343411-08:00,read,key_276,1.48,true,false,1243
2025-11-27T16:12:10.354781-08:00,read,key_248,2.15,true,false,2772
2025-11-27T16:12:10.365337-08:00,read,key_370,1.60,true,false,2150
2025-11-27T16:12:10.376496-08:00,read,key_635,3.66,true,false,4204
2025-11-27T16:12:10.387464-08:00,read,key_89,2.00,true,false,902
2025-11-27T16:12:10.39864-08:00,read,key_812,1.67,true,false,2921
2025-11-27T16:12:10.409802-08:00,read,key_741,1.51,false,false,0
2025-11-27T16:12:10.421027-08:00,read,key_179,1.74,true,false,2008
2025-11-27T16:12:10.432152-08:00,read,key_604,1.68,true,false,1182
2025-11-27T16:12:10.442286-08:00,read,key_978,1.70,true,false,3014
2025-11-27T16:12:10.453443-08:00,read,key_109,2.18,true,false,1103
2025-11-27T16:12:10.464588-08:00,read,key_918,1.70,true,false,2249
2025-11-27T16:12:10.475685-08:00,read,key_963,1.75,true,false,3821
2025-11-27T16:12:10.486877-08:00,read,key_663,2.04,true,false,2864
2025-11-27T16:12:10.498042-08:00,read,key_384,1.76,true,false,167
2025-11-27T16:12:10.509171-08:00,read,key_100,1.61,true,false,4360
2025-11-27T16:12:10.520123-08:00,read,key_974,2.08,true,false,4181
2025-11-27T16:12:10.531277-08:00,read,key_142,1.66,true,false,1304
2025-11-27T16:12:10.54244-08:00,read,key_642,1.59,true,false,3647
2025-11-27T16:12:10.553645-08:00,read,key_797,1.93,true,false,1406
2025-11-27T16:12:10.564805-08:00,read,key_343,1.57,true,false,4408
2025-11-27T16:12:10.575972-08:00,read,key_26,1.77,true,false,3925
2025-11-27T16:12:10.586091-08:00,read,key_678,2.47,true,false,4088
2025-11-27T16:12:10.597226-08:00,read,key_220,1.71,true,false,2062
2025-11-27T16:12:10.608353-08:00,read,key_378,1.77,true,false,2139
2025-11-27T16:12:10.619839-08:00,read,key_809,2.78,true,false,4438
2025-11-27T16:12:10.630855-08:00,read,key_653,2.31,true,false,4222
2025-11-27T16:12:10.641367-08:00,read,key_670,1.76,true,false,3313
2025-11-27T16:12:10.65193-08:00,read,key_36,2.81,true,false,3361
2025-11-27T16:12:10.673667-08:00,read,key_634,1.16,true,false,4073
2025-11-27T16:12:10.683782-08:00,read,key_953,1.21,true,false,3236
2025-11-27T16:12:10.695039-08:00,read,key_132,1.95,true,false,4356
2025-11-27T16:12:10.705481-08:00,read,key_344,1.03,true,false,3787
2025-11-27T16:12:10.715666-08:00,read,key_819,2.08,true,false,3427
2025-11-27T16:12:10.726761-08:00,read,key_243,1.04,true,false,4331
2025-11-27T16:12:10.737946-08:00,read,key_270,1.72,false,false,0
2025-11-27T16:12:10.749061-08:00,read,key_421,1.66,true,false,2644
2025-11-27T16:12:10.760119-08:00,read,key_731,4.98,true,false,1752
2025-11-27T16:12:10.770849-08:00,read,key_272,0.84,true,false,4035
2025-11-27T16:12:10.781932-08:00,read,key_285,0.81,false,false,0
2025-11-27T16:12:10.793019-08:00,read,key_641,0.94,true,false,2948
2025-11-27T16:12:10.804141-08:00,read,key_184,0.79,true,false,3592
2025-11-27T16:12:10.814742-08:00,read,key_54,0.82,true,false,4362
2025-11-27T16:12:10.825892-08:00,read,key_792,2.32,true,false,2512
2025-11-27T16:12:10.837025-08:00,read,key_209,1.77,true,false,3531
2025-11-27T16:12:10.847394-08:00,read,key_176,0.76,true,false,4284
2025-11-27T16:12:10.857785-08:00,read,key_673,1.54,true,false,3393
2025-11-27T16:12:10.867909-08:00,read,key_87,1.57,true,false,2354
2025-11-27T16:12:10.8794-08:00,read,key_249,1.55,true,false,1096
2025-11-27T16:12:10.890513-08:00,read,key_973,1.53,true,false,4384
2025-11-27T16:12:10.901707-08:00,read,key_343,1.26,true,false,4408
2025-11-27T16:12:10.912811-08:00,read,key_785,0.93,true,false,3946
2025-11-27T16:12:10.923154-08:00,read,key_394,1.72,true,false,4227
2025-11-27T16:12:10.93349-08:00,read,key_674,1.97,true,false,4511
2025-11-27T16:12:10.943863-08:00,read,key_341,1.91,true,false,4087
2025-11-27T16:12:10.954991-08:00,read,key_686,1.34,true,false,1996
2025-11-27T16:12:10.966117-08:00,read,key_28,1.89,true,false,3847
2025-11-27T16:12:10.662531-08:00,write,key_991,306.50,true,false,4521
2025-11-27T16:12:10.977193-08:00,read,key_270,2.40,false,false,0
2025-11-27T16:12:10.988284-08:00,read,key_420,1.63,true,false,3140
2025-11-27T16:12:10.999362-08:00,read,key_409,0.93,true,false,2425
2025-11-27T16:12:11.01035-08:00,read,key_38,0.82,true,false,3160
2025-11-27T16:12:11.021472-08:00,read,key_788,1.73,true,false,1890
2025-11-27T16:12:11.032185-08:00,read,key_610,1.94,true,false,402
2025-11-27T16:12:11.042503-08:00,read,key_677,0.90,true,false,4491
2025-11-27T16:12:11.053402-08:00,read,key_526,1.46,true,false,2989
2025-11-27T16:12:11.064382-08:00,read,key_406,1.79,true,false,2806
2025-11-27T16:12:11.074552-08:00,read,key_348,2.12,true,false,4367
2025-11-27T16:12:11.085619-08:00,read,key_177,0.95,true,false,2268
2025-11-27T16:12:11.096822-08:00,read,key_793,1.67,true,false,4446
2025-11-27T16:12:11.107889-08:00,read,key_810,1.32,true,false,3082
2025-11-27T16:12:11.118305-08:00,read,key_63,1.69,true,false,1280
2025-11-27T16:12:11.129369-08:00,read,key_682,1.50,true,false,4461
2025-11-27T16:12:11.140583-08:00,read,key_80,2.23,true,false,3214
2025-11-27T16:12:11.151614-08:00,read,key_0,1.60,true,false,2390
2025-11-27T16:12:11.162727-08:00,read,key_572,1.00,true,false,3581
2025-11-27T16:12:11.17298-08:00,read,key_277,1.61,true,false,440
2025-11-27T16:12:11.184226-08:00,read,key_816,1.91,true,false,4209
2025-11-27T16:12:11.194665-08:00,read,key_190,1.61,true,false,2866
2025-11-27T16:12:11.205824-08:00,read,key_816,1.72,true,false,4209
2025-11-27T16:12:11.216686-08:00,read,key_563,2.04,true,false,3763
2025-11-27T16:12:11.227819-08:00,read,key_659,1.73,true,false,2373
2025-11-27T16:12:11.238449-08:00,read,key_394,1.77,true,false,4227
2025-11-27T16:12:11.248869-08:00,read,key_689,2.24,true,false,4292
2025-11-27T16:12:11.259138-08:00,read,key_680,1.81,true,false,2773
2025-11-27T16:12:11.270259-08:00,read,key_340,1.58,true,false,4271
2025-11-27T16:12:11.281391-08:00,read,key_622,1.62,true,false,3537
2025-11-27T16:12:11.292149-08:00,read,key_540,1.90,true,false,4295
2025-11-27T16:12:11.302772-08:00,read,key_650,1.98,true,false,2420
2025-11-27T16:12:11.313628-08:00,read,key_675,1.19,true,false,3436
2025-11-27T16:12:11.324757-08:00,read,key_251,1.66,true,false,3205
2025-11-27T16:12:11.33597-08:00,read,key_962,1.85,true,false,3980
2025-11-27T16:12:11.346263-08:00,read,key_897,1.90,true,false,3704
2025-11-27T16:12:11.357411-08:00,read,key_92,1.14,true,false,3360
2025-11-27T16:12:11.36858-08:00,read,key_108,1.65,true,false,4474
2025-11-27T16:12:11.379122-08:00,read,key_650,1.71,true,false,2420
2025-11-27T16:12:11.390194-08:00,read,key_558,2.31,true,false,3411
2025-11-27T16:12:11.401313-08:00,read,key_221,1.69,true,false,1006
2025-11-27T16:12:11.412398-08:00,read,key_569,0.78,true,false,2259
2025-11-27T16:12:11.43414-08:00,read,key_56,1.75,true,false,4069
2025-11-27T16:12:11.445268-08:00,read,key_320,2.10,true,false,3991
2025-11-27T16:12:11.45643-08:00,read,key_396,2.25,true,false,3399
2025-11-27T16:12:11.46757-08:00,read,key_201,1.63,true,false,4457
2025-11-27T16:12:11.47833-08:00,read,key_11,0.86,true,false,2683
2025-11-27T16:12:11.489204-08:00,read,key_344,2.29,true,false,3787
2025-11-27T16:12:11.500299-08:00,read,key_632,1.70,true,false,3999
2025-11-27T16:12:11.511419-08:00,read,key_172,1.01,true,false,4132
2025-11-27T16:12:11.522564-08:00,read,key_626,2.17,true,false,4155
2025-11-27T16:12:11.533774-08:00,read,key_558,1.67,true,false,3411
2025-11-27T16:12:11.544338-08:00,read,key_9,1.61,true,false,2451
2025-11-27T16:12:11.555425-08:00,read,key_10,1.94,true,false,2639
2025-11-27T16:12:11.566643-08:00,read,key_973,1.71,true,false,4384
2025-11-27T16:12:11.577852-08:00,read,key_892,1.61,true,false,4207
2025-11-27T16:12:11.588501-08:00,read,key_22,2.43,true,false,3633
2025-11-27T16:12:11.599099-08:00,read,key_257,1.72,true,false,3143
2025-11-27T16:12:11.609859-08:00,read,key_5,1.77,true,false,2513
2025-11-27T16:12:11.620975-08:00,read,key_977,0.82,true,false,4369
2025-11-27T16:12:11.632128-08:00,read,key_50,0.80,true,false,4470
2025-11-27T16:12:11.642242-08:00,read,key_687,1.01,true,false,4314
2025-11-27T16:12:11.65335-08:00,read,key_181,0.59,true,false,2367
2025-11-27T16:12:11.663956-08:00,read,key_630,0.57,true,false,3815
2025-11-27T16:12:11.675022-08:00,read,key_378,0.53,true,false,2139
2025-11-27T16:12:11.685723-08:00,read,key_283,0.52,false,false,0
2025-11-27T16:12:11.696848-08:00,read,key_983,0.85,true,false,2555
2025-11-27T16:12:11.707645-08:00,read,key_567,0.77,true,false,3668
2025-11-27T16:12:11.71779-08:00,read,key_373,0.70,true,false,2395
2025-11-27T16:12:11.423633-08:00,write,key_459,304.55,true,false,4522
2025-11-27T16:12:11.72817-08:00,read,key_950,0.77,true,false,3043
2025-11-27T16:12:11.738441-08:00,read,key_383,3.10,true,false,241
2025-11-27T16:12:11.749412-08:00,read,key_872,1.10,true,false,1427
2025-11-27T16:12:11.760525-08:00,read,key_972,1.55,true,false,4458
2025-11-27T16:12:11.771649-08:00,read,key_245,1.94,true,false,2835
2025-11-27T16:12:11.782803-08:00,read,key_659,1.91,true,false,2373
2025-11-27T16:12:11.793925-08:00,read,key_346,1.45,true,false,4103
2025-11-27T16:12:11.805087-08:00,read,key_567,2.35,true,false,3668
2025-11-27T16:12:11.816195-08:00,read,key_376,1.67,true,false,1699
2025-11-27T16:12:11.827286-08:00,read,key_814,1.59,true,false,4514
2025-11-27T16:12:11.837652-08:00,read,key_803,1.09,true,false,2058
2025-11-27T16:12:11.848274-08:00,read,key_25,1.02,true,false,4436
2025-11-27T16:12:11.859377-08:00,read,key_817,0.97,true,false,3095
2025-11-27T16:12:11.870232-08:00,read,key_340,1.03,true,false,4271
2025-11-27T16:12:11.881314-08:00,read,key_66,1.24,true,false,3939
2025-11-27T16:12:11.892461-08:00,read,key_628,1.68,true,false,4383
2025-11-27T16:12:11.903595-08:00,read,key_964,2.02,true,false,4239
2025-11-27T16:12:11.91394-08:00,read,key_387,1.65,true,false,619
2025-11-27T16:12:11.925088-08:00,read,key_371,1.73,true,false,2503
2025-11-27T16:12:11.935718-08:00,read,key_250,1.70,true,false,3607
2025-11-27T16:12:11.947012-08:00,read,key_855,1.90,true,false,1873
2025-11-27T16:12:11.957632-08:00,read,key_918,1.50,true,false,2249
2025-11-27T16:12:11.968774-08:00,read,key_683,1.81,true,false,3210
2025-11-27T16:12:11.978999-08:00,read,key_782,2.23,true,false,2468
2025-11-27T16:12:11.989483-08:00,read,key_998,1.55,true,false,3914
2025-11-27T16:12:12.000595-08:00,read,key_381,0.96,true,false,1177
2025-11-27T16:12:12.010922-08:00,read,key_792,1.75,true,false,2512
2025-11-27T16:12:12.022031-08:00,read,key_360,0.80,true,false,1255
2025-11-27T16:12:12.032725-08:00,read,key_602,1.67,true,false,3730
2025-11-27T16:12:12.043849-08:00,read,key_252,2.00,false,false,0
2025-11-27T16:12:12.054239-08:00,read,key_849,2.63,true,false,3766
2025-11-27T16:12:12.065271-08:00,read,key_368,1.64,true,false,4389
2025-11-27T16:12:12.076286-08:00,read,key_782,1.39,true,false,2468
2025-11-27T16:12:12.087407-08:00,read,key_242,0.97,true,false,3597
2025-11-27T16:12:12.098558-08:00,read,key_415,1.61,true,false,4246
2025-11-27T16:12:12.109667-08:00,read,key_991,1.66,true,false,4521
2025-11-27T16:12:12.120846-08:00,read,key_388,2.32,true,false,4371
2025-11-27T16:12:12.131898-08:00,read,key_349,1.88,true,false,4486
2025-11-27T16:12:12.143075-08:00,read,key_564,1.37,true,false,2550
2025-11-27T16:12:12.153601-08:00,read,key_362,2.23,true,false,4203
2025-11-27T16:12:12.164691-08:00,read,key_846,0.83,true,false,1397
2025-11-27T16:12:12.175278-08:00,read,key_790,1.65,true,false,4346
2025-11-27T16:12:12.186222-08:00,read,key_385,1.24,true,false,4507
2025-11-27T16:12:12.197326-08:00,read,key_99,1.79,true,false,3752
2025-11-27T16:12:12.208467-08:00,read,key_905,1.27,true,false,4329
2025-11-27T16:12:12.219202-08:00,read,key_50,2.00,true,false,4470
2025-11-27T16:12:12.230364-08:00,read,key_463,1.76,true,false,4459
2025-11-27T16:12:12.241091-08:00,read,key_235,1.80,true,false,4067
2025-11-27T16:12:12.252158-08:00,read,key_468,2.32,true,false,4469
2025-11-27T16:12:12.262824-08:00,read,key_876,1.94,true,false,4504
2025-11-27T16:12:12.273059-08:00,read,key_245,1.57,true,false,2835
2025-11-27T16:12:12.283258-08:00,read,key_464,1.67,true,false,2330
2025-11-27T16:12:12.294093-08:00,read,key_873,2.02,true,false,2160
2025-11-27T16:12:12.304438-08:00,read,key_90,1.76,true,false,2915
2025-11-27T16:12:12.315611-08:00,read,key_569,1.67,true,false,2259
2025-11-27T16:12:12.325916-08:00,read,key_320,1.66,true,false,3991
2025-11-27T16:12:12.33715-08:00,read,key_515,1.75,true,false,2136
2025-11-27T16:12:12.347809-08:00,read,key_5,1.70,true,false,2513
2025-11-27T16:12:12.358908-08:00,read,key_950,0.81,true,false,3043
2025-11-27T16:12:12.37-08:00,read,key_341,0.79,true,false,4087
2025-11-27T16:12:12.381075-08:00,read,key_783,1.35,true,false,1801
2025-11-27T16:12:12.392188-08:00,read,key_320,0.98,true,false,3991
2025-11-27T16:12:12.402753-08:00,read,key_185,2.04,true,false,3855
2025-11-27T16:12:12.412999-08:00,read,key_686,1.68,true,false,1996
2025-11-27T16:12:12.424092-08:00,read,key_981,1.65,true,false,3345
2025-11-27T16:12:12.435216-08:00,read,key_378,1.00,true,false,2139
2025-11-27T16:12:12.445917-08:00,read,key_211,1.03,false,false,0
2025-11-27T16:12:12.457013-08:00,read,key_647,0.95,true,false,3723
2025-11-27T16:12:12.46811-08:00,read,key_241,1.11,true,false,721
2025-11-27T16:12:12.478388-08:00,read,key_409,1.44,true,false,2425
2025-11-27T16:12:12.489533-08:00,read,key_737,1.59,false,false,0
2025-11-27T16:12:12.500635-08:00,read,key_791,2.17,true,false,926
2025-11-27T16:12:12.510915-08:00,read,key_616,1.84,true,false,3564
2025-11-27T16:12:12.52128-08:00,read,key_87,1.63,true,false,2354
2025-11-27T16:12:12.532424-08:00,read,key_796,1.95,true,false,4496
2025-11-27T16:12:12.543689-08:00,read,key_575,1.66,true,false,3792
2025-11-27T16:12:12.554854-08:00,read,key_1,1.67,true,false,3506
2025-11-27T16:12:12.566016-08:00,read,key_819,1.66,true,false,3427
2025-11-27T16:12:12.577273-08:00,read,key_763,1.88,true,false,2351
2025-11-27T16:12:12.58844-08:00,read,key_103,1.62,true,false,1546
2025-11-27T16:12:12.599346-08:00,read,key_139,1.65,true,false,4158
2025-11-27T16:12:12.610575-08:00,read,key_810,2.10,true,false,3082
2025-11-27T16:12:12.621697-08:00,read,key_749,1.50,true,false,326
2025-11-27T16:12:12.632715-08:00,read,key_618,2.12,true,false,1605
2025-11-27T16:12:12.643915-08:00,read,key_9,2.13,true,false,2451
2025-11-27T16:12:12.654239-08:00,read,key_270,1.57,false,false,0
2025-11-27T16:12:12.665358-08:00,read,key_373,0.72,true,false,2395
2025-11-27T16:12:12.676509-08:00,read,key_137,1.77,true,false,4243
2025-11-27T16:12:12.687629-08:00,read,key_748,1.72,true,false,1223
2025-11-27T16:12:12.698787-08:00,read,key_462,2.03,true,false,4385
2025-11-27T16:12:12.709971-08:00,read,key_0,2.04,true,false,2390
2025-11-27T16:12:12.721107-08:00,read,key_657,1.82,true,false,2226
2025-11-27T16:12:12.732242-08:00,read,key_745,2.15,true,false,994
2025-11-27T16:12:12.742969-08:00,read,key_179,0.89,true,false,2008
2025-11-27T16:12:12.753789-08:00,read,key_704,1.72,true,false,3827
2025-11-27T16:12:12.764899-08:00,read,key_344,1.25,true,false,3787
2025-11-27T16:12:12.775428-08:00,read,key_341,1.35,true,false,4087
2025-11-27T16:12:12.785853-08:00,read,key_523,0.97,true,false,1989
2025-11-27T16:12:12.796948-08:00,read,key_922,0.89,true,false,4401
2025-11-27T16:12:12.808038-08:00,read,key_241,1.03,true,false,721
2025-11-27T16:12:12.818866-08:00,read,key_684,0.91,true,false,2443
2025-11-27T16:12:12.830056-08:00,read,key_891,1.56,true,false,4024
2025-11-27T16:12:12.840434-08:00,read,key_172,2.27,true,false,4132
2025-11-27T16:12:12.851656-08:00,read,key_10,2.08,true,false,2639
2025-11-27T16:12:12.862332-08:00,read,key_644,1.58,true,false,3545
2025-11-27T16:12:12.872951-08:00,read,key_348,1.30,true,false,4367
2025-11-27T16:12:12.883317-08:00,read,key_709,1.39,true,false,2889
2025-11-27T16:12:12.894467-08:00,read,key_926,1.84,true,false,4403
2025-11-27T16:12:12.905638-08:00,read,key_754,1.67,true,false,4365
2025-11-27T16:12:12.916805-08:00,read,key_597,2.53,true,false,4306
2025-11-27T16:12:12.927914-08:00,read,key_596,1.72,true,false,4343
2025-11-27T16:12:12.939058-08:00,read,key_51,1.66,true,false,4224
2025-11-27T16:12:12.949509-08:00,read,key_50,2.38,true,false,4470
2025-11-27T16:12:12.960104-08:00,read,key_92,1.65,true,false,3360
2025-11-27T16:12:12.970728-08:00,read,key_676,1.84,true,false,4297
2025-11-27T16:12:12.981859-08:00,read,key_205,2.33,true,false,2814
2025-11-27T16:12:12.992356-08:00,read,key_695,1.96,true,false,4129
2025-11-27T16:12:13.003495-08:00,read,key_569,1.71,true,false,2259
2025-11-27T16:12:13.014078-08:00,read,key_74,1.92,true,false,4220
2025-11-27T16:12:13.025316-08:00,read,key_789,1.81,true,false,4518
2025-11-27T16:12:13.035496-08:00,read,key_465,0.75,true,false,4386
2025-11-27T16:12:13.046584-08:00,read,key_566,0.86,true,false,3688
2025-11-27T16:12:13.057107-08:00,read,key_732,0.90,true,false,141
2025-11-27T16:12:13.068211-08:00,read,key_818,1.07,true,false,3312
2025-11-27T16:12:13.079107-08:00,read,key_970,1.73,true,false,3533
2025-11-27T16:12:13.090272-08:00,read,key_716,2.21,true,false,269
2025-11-27T16:12:13.101259-08:00,read,key_383,1.17,true,false,241
2025-11-27T16:12:13.112366-08:00,read,key_889,1.32,true,false,2565
2025-11-27T16:12:13.123543-08:00,read,key_80,1.78,true,false,3214
2025-11-27T16:12:13.134705-08:00,read,key_183,1.46,true,false,4411
2025-11-27T16:12:13.145801-08:00,read,key_746,1.52,true,false,1903
2025-11-27T16:12:13.156942-08:00,read,key_61,2.08,true,false,4317
2025-11-27T16:12:13.168037-08:00,read,key_854,1.34,true,false,2295
2025-11-27T16:12:13.178807-08:00,read,key_957,1.17,true,false,4289
2025-11-27T16:12:13.189915-08:00,read,key_554,1.96,true,false,333
2025-11-27T16:12:13.200095-08:00,read,key_734,1.29,true,false,4011
2025-11-27T16:12:13.21121-08:00,read,key_677,1.43,true,false,4491
2025-11-27T16:12:13.22219-08:00,read,key_641,1.18,true,false,2948
2025-11-27T16:12:13.233258-08:00,read,key_669,0.89,true,false,2841
2025-11-27T16:12:13.24403-08:00,read,key_394,1.32,true,false,4227
2025-11-27T16:12:13.255037-08:00,read,key_461,1.98,true,false,3296
2025-11-27T16:12:13.266084-08:00,read,key_314,1.66,true,false,4354
2025-11-27T16:12:13.277187-08:00,read,key_349,1.39,true,false,4486
2025-11-27T16:12:13.288283-08:00,read,key_561,1.35,true,false,3762
2025-11-27T16:12:13.299427-08:00,read,key_642,1.44,true,false,3647
2025-11-27T16:12:13.310579-08:00,read,key_941,1.71,true,false,4349
2025-11-27T16:12:13.320898-08:00,read,key_912,1.41,true,false,1294
2025-11-27T16:12:13.332053-08:00,read,key_55,1.41,true,false,4466
2025-11-27T16:12:13.354072-08:00,read,key_378,0.90,true,false,2139
2025-11-27T16:12:13.365201-08:00,read,key_905,1.47,true,false,4329
2025-11-27T16:12:13.376224-08:00,read,key_983,1.99,true,false,2555
2025-11-27T16:12:13.387375-08:00,read,key_684,1.48,true,false,2443
2025-11-27T16:12:13.398209-08:00,read,key_878,1.40,true,false,4440
2025-11-27T16:12:13.409345-08:00,read,key_165,2.28,true,false,1654
2025-11-27T16:12:13.419849-08:00,read,key_730,1.45,true,false,3192
2025-11-27T16:12:13.430972-08:00,read,key_273,1.65,true,false,1548
2025-11-27T16:12:13.441771-08:00,read,key_58,1.96,true,false,4082
2025-11-27T16:12:13.452926-08:00,read,key_55,1.69,true,false,4466
2025-11-27T16:12:13.463152-08:00,read,key_39,1.31,true,false,4414
2025-11-27T16:12:13.474417-08:00,read,key_878,3.08,true,false,4440
2025-11-27T16:12:13.485423-08:00,read,key_899,2.77,true,false,3624
2025-11-27T16:12:13.496427-08:00,read,key_987,0.66,true,false,2519
2025-11-27T16:12:13.507006-08:00,read,key_231,1.44,true,false,4062
2025-11-27T16:12:13.51808-08:00,read,key_459,0.68,true,false,4522
2025-11-27T16:12:13.529241-08:00,read,key_599,1.77,true,false,4173
2025-11-27T16:12:13.540388-08:00,read,key_699,2.41,true,false,4430
2025-11-27T16:12:13.551409-08:00,read,key_532,1.99,true,false,4302
2025-11-27T16:12:13.561757-08:00,read,key_844,0.88,true,false,3549
2025-11-27T16:12:13.572878-08:00,read,key_982,0.86,true,false,3349
2025-11-27T16:12:13.584002-08:00,read,key_343,0.95,true,false,4408
2025-11-27T16:12:13.59519-08:00,read,key_578,1.79,true,false,3639
2025-11-27T16:12:13.606189-08:00,read,key_510,1.96,true,false,1716
2025-11-27T16:12:13.617455-08:00,read,key_818,1.81,true,false,3312
2025-11-27T16:12:13.628347-08:00,read,key_771,2.30,true,false,3830
2025-11-27T16:12:13.639501-08:00,read,key_540,1.83,true,false,4295
2025-11-27T16:12:13.342974-08:00,write,key_579,309.98,true,false,4523
2025-11-27T16:12:13.650387-08:00,read,key_620,3.17,true,false,4265
2025-11-27T16:12:13.661351-08:00,read,key_863,0.77,true,false,3931
2025-11-27T16:12:13.672453-08:00,read,key_743,0.88,true,false,595
2025-11-27T16:12:13.683162-08:00,read,key_979,2.90,true,false,4251
2025-11-27T16:12:13.694178-08:00,read,key_688,1.84,true,false,3170
2025-11-27T16:12:13.704567-08:00,read,key_249,1.68,true,false,1096
2025-11-27T16:12:13.714965-08:00,read,key_387,2.30,true,false,619
2025-11-27T16:12:13.726346-08:00,read,key_784,2.11,true,false,2561
2025-11-27T16:12:13.736779-08:00,read,key_37,1.59,true,false,3536
2025-11-27T16:12:13.747708-08:00,read,key_908,1.75,true,false,2331
2025-11-27T16:12:13.758689-08:00,read,key_373,2.12,true,false,2395
2025-11-27T16:12:13.769768-08:00,read,key_102,1.70,true,false,4518
2025-11-27T16:12:13.780953-08:00,read,key_185,1.87,true,false,3855
2025-11-27T16:12:13.792149-08:00,read,key_347,1.69,true,false,3747
2025-11-27T16:12:13.803259-08:00,read,key_656,1.68,true,false,4350
2025-11-27T16:12:13.814417-08:00,read,key_579,2.01,true,false,4523
2025-11-27T16:12:13.825621-08:00,read,key_93,1.73,true,false,4336
2025-11-27T16:12:13.836264-08:00,read,key_134,1.57,true,false,4399
2025-11-27T16:12:13.847154-08:00,read,key_255,2.13,true,false,3629
2025-11-27T16:12:13.858331-08:00,read,key_745,1.70,true,false,994
2025-11-27T16:12:13.869215-08:00,read,key_971,1.73,true,false,3149
2025-11-27T16:12:13.880112-08:00,read,key_22,2.29,true,false,3633
2025-11-27T16:12:13.890378-08:00,read,key_188,1.06,true,false,4400
2025-11-27T16:12:13.90148-08:00,read,key_453,1.78,true,false,2442
2025-11-27T16:12:13.912254-08:00,read,key_614,1.69,true,false,1737
2025-11-27T16:12:13.922549-08:00,read,key_521,2.12,true,false,3408
2025-11-27T16:12:13.933741-08:00,read,key_211,1.81,false,false,0
2025-11-27T16:12:13.944889-08:00,read,key_78,1.69,true,false,4481
2025-11-27T16:12:13.956047-08:00,read,key_224,2.30,true,false,3750
2025-11-27T16:12:13.967182-08:00,read,key_747,1.84,true,false,1749
2025-11-27T16:12:13.978315-08:00,read,key_942,1.64,true,false,4068
2025-11-27T16:12:13.989469-08:00,read,key_860,2.19,true,false,3732
2025-11-27T16:12:14.000192-08:00,read,key_374,1.58,true,false,2262
2025-11-27T16:12:14.010662-08:00,read,key_982,1.58,true,false,3349
2025-11-27T16:12:14.021405-08:00,read,key_572,2.02,true,false,3581
2025-11-27T16:12:14.032662-08:00,read,key_785,1.91,true,false,3946
2025-11-27T16:12:14.043741-08:00,read,key_84,0.93,true,false,4475
2025-11-27T16:12:14.054891-08:00,read,key_486,2.17,false,false,0
2025-11-27T16:12:14.066046-08:00,read,key_200,2.02,true,false,3046
2025-11-27T16:12:14.088152-08:00,read,key_547,2.97,true,false,4393
2025-11-27T16:12:14.099191-08:00,read,key_567,1.73,true,false,3668
2025-11-27T16:12:14.110372-08:00,read,key_278,1.72,true,false,1097
2025-11-27T16:12:14.121505-08:00,read,key_35,2.67,true,false,4480
2025-11-27T16:12:14.132614-08:00,read,key_785,1.64,true,false,3946
2025-11-27T16:12:14.143745-08:00,read,key_681,1.68,true,false,3325
2025-11-27T16:12:14.154883-08:00,read,key_228,2.34,true,false,3669
2025-11-27T16:12:14.166064-08:00,read,key_748,1.77,true,false,1223
2025-11-27T16:12:14.176393-08:00,read,key_559,1.89,true,false,3422
2025-11-27T16:12:14.186814-08:00,read,key_344,0.66,true,false,3787
2025-11-27T16:12:14.198036-08:00,read,key_33,1.11,true,false,4338
2025-11-27T16:12:14.209185-08:00,read,key_135,2.07,true,false,4402
2025-11-27T16:12:14.220332-08:00,read,key_606,2.10,false,false,0
2025-11-27T16:12:14.231305-08:00,read,key_609,2.32,true,false,2220
2025-11-27T16:12:14.241735-08:00,read,key_842,1.73,true,false,1723
2025-11-27T16:12:14.252184-08:00,read,key_725,1.67,false,false,0
2025-11-27T16:12:14.2633-08:00,read,key_768,2.41,true,false,4022
2025-11-27T16:12:14.273679-08:00,read,key_763,1.80,true,false,2351
2025-11-27T16:12:14.284103-08:00,read,key_137,0.92,true,false,4243
2025-11-27T16:12:14.295333-08:00,read,key_672,2.11,true,false,4361
2025-11-27T16:12:14.30648-08:00,read,key_164,1.49,true,false,2836
2025-11-27T16:12:14.317589-08:00,read,key_544,1.25,true,false,2867
2025-11-27T16:12:14.328698-08:00,read,key_775,1.22,true,false,3520
2025-11-27T16:12:14.33982-08:00,read,key_691,1.27,true,false,4473
2025-11-27T16:12:14.350893-08:00,read,key_644,1.10,true,false,3545
2025-11-27T16:12:14.362055-08:00,read,key_664,1.30,true,false,2629
2025-11-27T16:12:14.373133-08:00,read,key_174,1.13,true,false,3977
2025-11-27T16:12:14.077033-08:00,write,key_57,305.30,true,false,4524
2025-11-27T16:12:14.383292-08:00,read,key_547,1.14,true,false,4393
2025-11-27T16:12:14.394374-08:00,read,key_411,1.36,true,false,4313
2025-11-27T16:12:14.405488-08:00,read,key_870,1.54,true,false,3972
2025-11-27T16:12:14.415922-08:00,read,key_178,1.76,true,false,2263
2025-11-27T16:12:14.427086-08:00,read,key_59,1.65,true,false,3403
2025-11-27T16:12:14.438268-08:00,read,key_468,2.08,true,false,4469
2025-11-27T16:12:14.449426-08:00,read,key_812,1.61,true,false,2921
2025-11-27T16:12:14.46009-08:00,read,key_368,1.68,true,false,4389
2025-11-27T16:12:14.47093-08:00,read,key_185,2.14,true,false,3855
2025-11-27T16:12:14.482065-08:00,read,key_194,1.70,true,false,2979
2025-11-27T16:12:14.493241-08:00,read,key_503,1.66,true,false,3249
2025-11-27T16:12:14.504365-08:00,read,key_6,2.05,true,false,2414
2025-11-27T16:12:14.515517-08:00,read,key_224,1.61,true,false,3750
2025-11-27T16:12:14.526095-08:00,read,key_535,1.84,true,false,4428
2025-11-27T16:12:14.536487-08:00,read,key_843,2.18,true,false,505
2025-11-27T16:12:14.54674-08:00,read,key_894,1.67,true,false,4281
2025-11-27T16:12:14.557267-08:00,read,key_899,1.76,true,false,3624
2025-11-27T16:12:14.579687-08:00,read,key_620,1.96,true,false,4265
2025-11-27T16:12:14.590885-08:00,read,key_547,1.87,true,false,4393
2025-11-27T16:12:14.602004-08:00,read,key_4,1.99,true,false,3316
2025-11-27T16:12:14.612167-08:00,read,key_360,1.89,true,false,1255
2025-11-27T16:12:14.623308-08:00,read,key_485,1.06,true,false,1511
2025-11-27T16:12:14.634462-08:00,read,key_636,0.98,true,false,3837
2025-11-27T16:12:14.645081-08:00,read,key_687,2.06,true,false,4314
2025-11-27T16:12:14.656204-08:00,read,key_661,0.93,true,false,2563
2025-11-27T16:12:14.666716-08:00,read,key_481,0.81,false,false,0
2025-11-27T16:12:14.678097-08:00,read,key_86,2.04,true,false,2131
2025-11-27T16:12:14.688674-08:00,read,key_980,1.73,true,false,3333
2025-11-27T16:12:14.699817-08:00,read,key_653,1.71,true,false,4222
2025-11-27T16:12:14.710629-08:00,read,key_197,2.15,true,false,886
2025-11-27T16:12:14.721776-08:00,read,key_134,1.57,true,false,4399
2025-11-27T16:12:14.732932-08:00,read,key_83,1.65,true,false,1839
2025-11-27T16:12:14.744123-08:00,read,key_59,2.18,true,false,3403
2025-11-27T16:12:14.755261-08:00,read,key_815,1.71,true,false,2897
2025-11-27T16:12:14.766085-08:00,read,key_361,1.60,true,false,3813
2025-11-27T16:12:14.776891-08:00,read,key_539,2.01,false,false,0
2025-11-27T16:12:14.788072-08:00,read,key_547,1.63,true,false,4393
2025-11-27T16:12:14.799263-08:00,read,key_896,1.65,true,false,3682
2025-11-27T16:12:14.809869-08:00,read,key_52,2.21,true,false,4240
2025-11-27T16:12:14.82045-08:00,read,key_972,1.68,true,false,4458
2025-11-27T16:12:14.831621-08:00,read,key_50,1.79,true,false,4470
2025-11-27T16:12:14.841821-08:00,read,key_996,1.25,true,false,4407
2025-11-27T16:12:14.85301-08:00,read,key_649,1.83,true,false,3850
2025-11-27T16:12:14.864082-08:00,read,key_22,0.77,true,false,3633
2025-11-27T16:12:14.874342-08:00,read,key_676,1.87,true,false,4297
2025-11-27T16:12:14.568416-08:00,write,key_600,308.44,true,false,4525
2025-11-27T16:12:14.885591-08:00,read,key_210,1.73,true,false,1082
2025-11-27T16:12:14.896757-08:00,read,key_418,1.97,true,false,1899
2025-11-27T16:12:14.907865-08:00,read,key_916,1.84,true,false,1558
2025-11-27T16:12:14.918736-08:00,read,key_129,1.65,true,false,835
2025-11-27T16:12:14.929231-08:00,read,key_103,1.68,true,false,1546
2025-11-27T16:12:14.939809-08:00,read,key_367,1.00,true,false,3776
2025-11-27T16:12:14.950578-08:00,read,key_255,2.44,true,false,3629
2025-11-27T16:12:14.961683-08:00,read,key_710,1.70,true,false,3406
2025-11-27T16:12:14.972365-08:00,read,key_748,1.66,true,false,1223
2025-11-27T16:12:14.98354-08:00,read,key_193,3.25,true,false,2778
2025-11-27T16:12:14.994553-08:00,read,key_991,1.80,true,false,4521
2025-11-27T16:12:15.005748-08:00,read,key_606,1.96,false,false,0
2025-11-27T16:12:15.016936-08:00,read,key_641,2.13,true,false,2948
2025-11-27T16:12:15.028246-08:00,read,key_887,1.91,true,false,2341
2025-11-27T16:12:15.03939-08:00,read,key_136,1.62,true,false,4453
2025-11-27T16:12:15.050142-08:00,read,key_747,4.65,true,false,1749
2025-11-27T16:12:15.060988-08:00,read,key_913,0.66,true,false,2283
2025-11-27T16:12:15.072048-08:00,read,key_567,0.89,true,false,3668
2025-11-27T16:12:15.083205-08:00,read,key_920,0.78,true,false,4189
2025-11-27T16:12:15.094315-08:00,read,key_488,0.71,true,false,4160
2025-11-27T16:12:15.105426-08:00,read,key_745,0.47,true,false,994
2025-11-27T16:12:15.116535-08:00,read,key_93,0.66,true,false,4336
2025-11-27T16:12:15.127732-08:00,read,key_945,0.73,false,false,0
2025-11-27T16:12:15.138787-08:00,read,key_131,0.77,true,false,4106
2025-11-27T16:12:15.149913-08:00,read,key_365,0.78,true,false,4431
2025-11-27T16:12:15.161055-08:00,read,key_20,0.72,true,false,4291
2025-11-27T16:12:15.172187-08:00,read,key_974,0.78,true,false,4181
2025-11-27T16:12:15.183304-08:00,read,key_226,1.76,true,false,1746
2025-11-27T16:12:15.193697-08:00,read,key_904,1.64,true,false,4381
2025-11-27T16:12:15.204829-08:00,read,key_995,1.59,true,false,4501
2025-11-27T16:12:15.216004-08:00,read,key_463,2.00,true,false,4459
2025-11-27T16:12:15.226741-08:00,read,key_408,1.58,true,false,780
2025-11-27T16:12:15.237951-08:00,read,key_39,1.97,true,false,4414
2025-11-27T16:12:15.249102-08:00,read,key_13,1.94,true,false,3101
2025-11-27T16:12:15.260207-08:00,read,key_560,1.75,true,false,3599
2025-11-27T16:12:15.271219-08:00,read,key_324,1.68,true,false,4183
2025-11-27T16:12:15.282289-08:00,read,key_175,1.75,true,false,4161
2025-11-27T16:12:15.293409-08:00,read,key_257,1.75,true,false,3143
2025-11-27T16:12:15.304495-08:00,read,key_197,1.54,true,false,886
2025-11-27T16:12:15.315589-08:00,read,key_695,0.76,true,false,4129
2025-11-27T16:12:15.326456-08:00,read,key_640,0.91,true,false,3498
2025-11-27T16:12:15.337555-08:00,read,key_541,0.90,true,false,2817
2025-11-27T16:12:15.348686-08:00,read,key_744,2.66,true,false,1224
2025-11-27T16:12:15.359759-08:00,read,key_98,1.07,true,false,4348
2025-11-27T16:12:15.3699-08:00,read,key_601,0.91,true,false,2524
2025-11-27T16:12:15.381041-08:00,read,key_254,4.15,true,false,2952
2025-11-27T16:12:15.391682-08:00,read,key_697,1.73,true,false,4454
2025-11-27T16:12:15.402885-08:00,read,key_953,1.78,true,false,3236
2025-11-27T16:12:15.413437-08:00,read,key_798,1.89,true,false,4416
2025-11-27T16:12:15.424608-08:00,read,key_874,2.08,true,false,2457
2025-11-27T16:12:15.435757-08:00,read,key_634,1.51,true,false,4073
2025-11-27T16:12:15.446886-08:00,read,key_368,1.54,true,false,4389
2025-11-27T16:12:15.458009-08:00,read,key_18,0.83,true,false,2742
2025-11-27T16:12:15.469174-08:00,read,key_105,1.68,true,false,2527
2025-11-27T16:12:15.48004-08:00,read,key_866,1.12,true,false,2893
2025-11-27T16:12:15.490617-08:00,read,key_342,1.47,true,false,4449
2025-11-27T16:12:15.501754-08:00,read,key_844,1.60,true,false,3549
2025-11-27T16:12:15.512983-08:00,read,key_962,2.59,true,false,3980
2025-11-27T16:12:15.524052-08:00,read,key_320,1.04,true,false,3991
2025-11-27T16:12:15.535197-08:00,read,key_799,0.96,true,false,2377
2025-11-27T16:12:15.545939-08:00,read,key_823,1.94,true,false,4018
2025-11-27T16:12:15.556324-08:00,read,key_882,1.88,true,false,2429
2025-11-27T16:12:15.567516-08:00,read,key_482,1.74,false,false,0
2025-11-27T16:12:15.577811-08:00,read,key_790,1.55,true,false,4346
2025-11-27T16:12:15.588938-08:00,read,key_988,2.24,true,false,3044
2025-11-27T16:12:15.600123-08:00,read,key_816,1.85,true,false,4209
2025-11-27T16:12:15.611293-08:00,read,key_743,1.84,true,false,595
2025-11-27T16:12:15.622496-08:00,read,key_322,2.07,true,false,4327
2025-11-27T16:12:15.633685-08:00,read,key_249,1.55,true,false,1096
2025-11-27T16:12:15.644845-08:00,read,key_326,1.68,true,false,3679
2025-11-27T16:12:15.655502-08:00,read,key_639,2.35,true,false,3215
2025-11-27T16:12:15.666689-08:00,read,key_373,1.86,true,false,2395
2025-11-27T16:12:15.677077-08:00,read,key_537,1.24,true,false,4437
2025-11-27T16:12:15.688247-08:00,read,key_940,2.66,true,false,1334
2025-11-27T16:12:15.699341-08:00,read,key_29,1.61,true,false,3496
2025-11-27T16:12:15.710519-08:00,read,key_171,1.72,true,false,2057
2025-11-27T16:12:15.721022-08:00,read,key_789,1.74,true,false,4518
2025-11-27T16:12:15.732147-08:00,read,key_215,1.87,true,false,925
2025-11-27T16:12:15.75402-08:00,read,key_86,2.40,true,false,2131
2025-11-27T16:12:15.764705-08:00,read,key_195,1.68,true,false,2710
2025-11-27T16:12:15.774935-08:00,read,key_959,1.73,true,false,4405
2025-11-27T16:12:15.785086-08:00,read,key_198,1.64,true,false,2779
2025-11-27T16:12:15.796223-08:00,read,key_39,0.77,true,false,4414
2025-11-27T16:12:15.807321-08:00,read,key_871,0.77,true,false,4299
2025-11-27T16:12:15.818418-08:00,read,key_551,0.82,true,false,2898
2025-11-27T16:12:15.829348-08:00,read,key_198,0.95,true,false,2779
2025-11-27T16:12:15.840503-08:00,read,key_716,1.75,true,false,269
2025-11-27T16:12:15.851733-08:00,read,key_993,1.57,true,false,4108
2025-11-27T16:12:15.862348-08:00,read,key_485,2.17,true,false,1511
2025-11-27T16:12:15.873503-08:00,read,key_195,1.56,true,false,2710
2025-11-27T16:12:15.884666-08:00,read,key_450,1.53,true,false,1728
2025-11-27T16:12:15.895692-08:00,read,key_534,2.05,false,false,0
2025-11-27T16:12:15.90684-08:00,read,key_8,1.69,true,false,3611
2025-11-27T16:12:15.918004-08:00,read,key_958,1.74,true,false,4379
2025-11-27T16:12:15.92829-08:00,read,key_9,2.03,true,false,2451
2025-11-27T16:12:15.939249-08:00,read,key_743,1.80,true,false,595
2025-11-27T16:12:15.950397-08:00,read,key_568,1.67,true,false,4515
2025-11-27T16:12:15.961615-08:00,read,key_380,2.23,true,false,4059
2025-11-27T16:12:15.972742-08:00,read,key_53,1.56,true,false,4273
2025-11-27T16:12:15.98388-08:00,read,key_364,1.70,true,false,1301
2025-11-27T16:12:15.995131-08:00,read,key_908,2.13,true,false,2331
2025-11-27T16:12:16.005774-08:00,read,key_462,1.73,true,false,4385
2025-11-27T16:12:16.016924-08:00,read,key_744,1.76,true,false,1224
2025-11-27T16:12:16.028057-08:00,read,key_18,2.20,true,false,2742
2025-11-27T16:12:16.03904-08:00,read,key_855,1.64,true,false,1873
2025-11-27T16:12:15.742856-08:00,write,key_947,307.92,true,false,4526
2025-11-27T16:12:16.05016-08:00,read,key_872,0.96,true,false,1427
2025-11-27T16:12:16.061324-08:00,read,key_638,2.20,true,false,4034
2025-11-27T16:12:16.072507-08:00,read,key_865,1.73,true,false,2435
2025-11-27T16:12:16.083648-08:00,read,key_894,1.63,true,false,4281
2025-11-27T16:12:16.093912-08:00,read,key_7,2.61,true,false,3790
2025-11-27T16:12:16.105067-08:00,read,key_83,4.09,true,false,1839
2025-11-27T16:12:16.11598-08:00,read,key_601,1.92,true,false,2524
2025-11-27T16:12:16.127362-08:00,read,key_410,2.84,true,false,2767
2025-11-27T16:12:16.137695-08:00,read,key_614,1.95,true,false,1737
2025-11-27T16:12:16.148871-08:00,read,key_707,1.98,true,false,2885
2025-11-27T16:12:16.159756-08:00,read,key_955,1.89,true,false,2932
2025-11-27T16:12:16.171533-08:00,read,key_2,2.14,true,false,2449
2025-11-27T16:12:16.182424-08:00,read,key_365,1.62,true,false,4431
2025-11-27T16:12:16.193591-08:00,read,key_128,2.57,true,false,3418
2025-11-27T16:12:16.204703-08:00,read,key_184,1.92,true,false,3592
2025-11-27T16:12:16.215849-08:00,read,key_244,1.71,false,false,0
2025-11-27T16:12:16.226944-08:00,read,key_360,1.27,true,false,1255
2025-11-27T16:12:16.238122-08:00,read,key_87,2.05,true,false,2354
2025-11-27T16:12:16.248896-08:00,read,key_794,1.55,true,false,3910
2025-11-27T16:12:16.259995-08:00,read,key_513,1.99,true,false,3257
2025-11-27T16:12:16.271152-08:00,read,key_85,1.82,true,false,3632
2025-11-27T16:12:16.282281-08:00,read,key_560,1.86,true,false,3599
2025-11-27T16:12:16.293388-08:00,read,key_363,0.91,true,false,3465
2025-11-27T16:12:16.304497-08:00,read,key_213,0.76,true,false,4424
2025-11-27T16:12:16.315177-08:00,read,key_594,1.80,true,false,3906
2025-11-27T16:12:16.326367-08:00,read,key_889,2.40,true,false,2565
2025-11-27T16:12:16.337516-08:00,read,key_564,1.68,true,false,2550
2025-11-27T16:12:16.3487-08:00,read,key_493,1.54,true,false,2670
2025-11-27T16:12:16.359326-08:00,read,key_537,2.27,true,false,4437
2025-11-27T16:12:16.381494-08:00,read,key_221,0.81,true,false,1006
2025-11-27T16:12:16.392648-08:00,read,key_174,2.45,true,false,3977
2025-11-27T16:12:16.403122-08:00,read,key_509,1.92,true,false,1382
2025-11-27T16:12:16.414253-08:00,read,key_824,1.67,true,false,2663
2025-11-27T16:12:16.42452-08:00,read,key_780,1.64,true,false,3440
2025-11-27T16:12:16.43499-08:00,read,key_955,2.14,true,false,2932
2025-11-27T16:12:16.445559-08:00,read,key_241,1.71,true,false,721
2025-11-27T16:12:16.456707-08:00,read,key_868,1.71,true,false,4216
2025-11-27T16:12:16.467859-08:00,read,key_180,2.62,true,false,4328
2025-11-27T16:12:16.478932-08:00,read,key_879,1.67,true,false,4231
2025-11-27T16:12:16.490056-08:00,read,key_976,1.62,true,false,3604
2025-11-27T16:12:16.500681-08:00,read,key_439,2.10,true,false,4482
2025-11-27T16:12:16.510929-08:00,read,key_982,1.56,true,false,3349
2025-11-27T16:12:16.522141-08:00,read,key_42,2.00,true,false,2576
2025-11-27T16:12:16.533129-08:00,read,key_806,2.00,false,false,0
2025-11-27T16:12:16.544266-08:00,read,key_772,0.95,true,false,3933
2025-11-27T16:12:16.555423-08:00,read,key_796,1.92,true,false,4496
2025-11-27T16:12:16.566526-08:00,read,key_3,0.97,true,false,2575
2025-11-27T16:12:16.577643-08:00,read,key_876,0.94,true,false,4504
2025-11-27T16:12:16.588485-08:00,read,key_366,0.89,true,false,2032
2025-11-27T16:12:16.599639-08:00,read,key_22,2.34,true,false,3633
2025-11-27T16:12:16.610388-08:00,read,key_746,1.98,true,false,1903
2025-11-27T16:12:16.621568-08:00,read,key_244,1.51,false,false,0
2025-11-27T16:12:16.632716-08:00,read,key_843,2.45,true,false,505
2025-11-27T16:12:16.643658-08:00,read,key_211,0.78,false,false,0
2025-11-27T16:12:16.654783-08:00,read,key_866,0.79,true,false,2893
2025-11-27T16:12:16.665962-08:00,read,key_217,2.07,true,false,4445
2025-11-27T16:12:16.370425-08:00,write,key_951,306.40,true,false,4527
2025-11-27T16:12:16.676318-08:00,read,key_879,0.80,true,false,4231
2025-11-27T16:12:16.687404-08:00,read,key_618,1.55,true,false,1605
2025-11-27T16:12:16.698518-08:00,read,key_771,0.94,true,false,3830
2025-11-27T16:12:16.709218-08:00,read,key_1,1.83,true,false,3506
2025-11-27T16:12:16.720115-08:00,read,key_890,1.72,true,false,4397
2025-11-27T16:12:16.730675-08:00,read,key_319,0.87,true,false,2755
2025-11-27T16:12:16.741821-08:00,read,key_783,1.55,true,false,1801
2025-11-27T16:12:16.752494-08:00,read,key_561,1.72,true,false,3762
2025-11-27T16:12:16.763596-08:00,read,key_256,1.60,true,false,3488
2025-11-27T16:12:16.774357-08:00,read,key_464,2.19,true,false,2330
2025-11-27T16:12:16.785602-08:00,read,key_367,2.13,true,false,3776
2025-11-27T16:12:16.796726-08:00,read,key_335,1.73,true,false,1912
2025-11-27T16:12:16.807906-08:00,read,key_133,1.72,true,false,4425
2025-11-27T16:12:16.81815-08:00,read,key_865,1.33,true,false,2435
2025-11-27T16:12:16.829233-08:00,read,key_747,1.34,true,false,1749
2025-11-27T16:12:16.840392-08:00,read,key_817,1.21,true,false,3095
2025-11-27T16:12:16.850844-08:00,read,key_877,1.76,true,false,3979
2025-11-27T16:12:16.861531-08:00,read,key_137,1.73,true,false,4243
2025-11-27T16:12:16.871811-08:00,read,key_680,1.57,true,false,2773
2025-11-27T16:12:16.882362-08:00,read,key_298,2.05,true,false,4330
2025-11-27T16:12:16.893466-08:00,read,key_246,1.74,true,false,1219
2025-11-27T16:12:16.904061-08:00,read,key_798,1.64,true,false,4416
2025-11-27T16:12:16.91477-08:00,read,key_716,2.40,true,false,269
2025-11-27T16:12:16.925991-08:00,read,key_691,1.89,true,false,4473
2025-11-27T16:12:16.937045-08:00,read,key_876,0.80,true,false,4504
2025-11-27T16:12:16.948133-08:00,read,key_991,0.64,true,false,4521
2025-11-27T16:12:16.95926-08:00,read,key_743,0.84,true,false,595
2025-11-27T16:12:16.97043-08:00,read,key_450,1.70,true,false,1728
2025-11-27T16:12:16.981415-08:00,read,key_541,1.91,true,false,2817
2025-11-27T16:12:16.992477-08:00,read,key_319,1.66,true,false,2755
2025-11-27T16:12:17.002926-08:00,read,key_135,0.94,true,false,4402
2025-11-27T16:12:17.013485-08:00,read,key_666,1.99,true,false,2540
2025-11-27T16:12:17.023797-08:00,read,key_803,2.27,true,false,2058
2025-11-27T16:12:17.034613-08:00,read,key_5,1.85,true,false,2513
2025-11-27T16:12:17.045487-08:00,read,key_878,1.72,true,false,4440
2025-11-27T16:12:17.05673-08:00,read,key_137,1.86,true,false,4243
2025-11-27T16:12:17.067902-08:00,read,key_194,1.72,true,false,2979
2025-11-27T16:12:17.078671-08:00,read,key_579,1.99,true,false,4523
2025-11-27T16:12:17.089874-08:00,read,key_790,2.50,true,false,4346
2025-11-27T16:12:17.100922-08:00,read,key_893,1.63,true,false,4323
2025-11-27T16:12:17.112078-08:00,read,key_748,1.70,true,false,1223
2025-11-27T16:12:17.123234-08:00,read,key_803,1.96,true,false,2058
2025-11-27T16:12:17.134402-08:00,read,key_546,1.96,true,false,4363
2025-11-27T16:12:17.145512-08:00,read,key_746,1.76,true,false,1903
2025-11-27T16:12:17.15662-08:00,read,key_278,1.98,true,false,1097
2025-11-27T16:12:17.167803-08:00,read,key_963,1.75,true,false,3821
2025-11-27T16:12:17.178466-08:00,read,key_892,1.68,true,false,4207
2025-11-27T16:12:17.189581-08:00,read,key_543,0.88,true,false,4184
2025-11-27T16:12:17.200127-08:00,read,key_905,1.65,true,false,4329
2025-11-27T16:12:17.211331-08:00,read,key_566,1.70,true,false,3688
2025-11-27T16:12:17.221661-08:00,read,key_95,0.97,true,false,4387
2025-11-27T16:12:17.232791-08:00,read,key_28,0.86,true,false,3847
2025-11-27T16:12:17.243904-08:00,read,key_279,0.96,true,false,2236
2025-11-27T16:12:17.255141-08:00,read,key_989,2.01,true,false,2998
2025-11-27T16:12:17.266293-08:00,read,key_636,1.48,true,false,3837
2025-11-27T16:12:17.27663-08:00,read,key_278,1.78,true,false,1097
2025-11-27T16:12:17.287831-08:00,read,key_370,1.81,true,false,2150
2025-11-27T16:12:17.29844-08:00,read,key_466,1.28,true,false,2646
2025-11-27T16:12:17.309578-08:00,read,key_963,1.49,true,false,3821
2025-11-27T16:12:17.320206-08:00,read,key_194,2.16,true,false,2979
2025-11-27T16:12:17.331454-08:00,read,key_998,1.65,true,false,3914
2025-11-27T16:12:17.342613-08:00,read,key_215,1.50,true,false,925
2025-11-27T16:12:17.353769-08:00,read,key_72,1.94,true,false,4372
2025-11-27T16:12:17.364916-08:00,read,key_885,1.70,true,false,1781
2025-11-27T16:12:17.375611-08:00,read,key_718,1.62,true,false,2585
2025-11-27T16:12:17.386631-08:00,read,key_650,1.50,true,false,2420
2025-11-27T16:12:17.397418-08:00,read,key_183,1.83,true,false,4411
2025-11-27T16:12:17.408058-08:00,read,key_220,1.79,true,false,2062
2025-11-27T16:12:17.419211-08:00,read,key_984,1.77,true,false,3157
2025-11-27T16:12:17.429891-08:00,read,key_365,2.12,true,false,4431
2025-11-27T16:12:17.440367-08:00,read,key_567,1.84,true,false,3668
2025-11-27T16:12:17.451471-08:00,read,key_563,0.88,true,false,3763
2025-11-27T16:12:17.462059-08:00,read,key_613,1.85,true,false,1715
2025-11-27T16:12:17.472873-08:00,read,key_517,1.65,true,false,4156
2025-11-27T16:12:17.483265-08:00,read,key_318,1.76,true,false,4447
2025-11-27T16:12:17.493502-08:00,read,key_547,2.38,true,false,4393
2025-11-27T16:12:17.504706-08:00,read,key_612,2.40,true,false,695
2025-11-27T16:12:17.51495-08:00,read,key_52,1.55,true,false,4240
2025-11-27T16:12:17.526116-08:00,read,key_596,1.71,true,false,4343
2025-11-27T16:12:17.536877-08:00,read,key_604,2.32,true,false,1182
2025-11-27T16:12:17.54793-08:00,read,key_899,1.63,true,false,3624
2025-11-27T16:12:17.559026-08:00,read,key_828,0.89,true,false,3923
2025-11-27T16:12:17.569234-08:00,read,key_797,1.63,true,false,1406
2025-11-27T16:12:17.580362-08:00,read,key_333,1.42,true,false,1973
2025-11-27T16:12:17.591493-08:00,read,key_678,1.13,true,false,4088
2025-11-27T16:12:17.60267-08:00,read,key_877,2.36,true,false,3979
2025-11-27T16:12:17.613808-08:00,read,key_569,1.77,true,false,2259
2025-11-27T16:12:17.62498-08:00,read,key_712,1.85,true,false,3383
2025-11-27T16:12:17.6361-08:00,read,key_764,2.11,true,false,4093
2025-11-27T16:12:17.647244-08:00,read,key_872,1.72,true,false,1427
2025-11-27T16:12:17.658511-08:00,read,key_234,1.64,true,false,4198
2025-11-27T16:12:17.669702-08:00,read,key_337,2.23,false,false,0
2025-11-27T16:12:17.680755-08:00,read,key_734,0.76,true,false,4011
2025-11-27T16:12:17.691871-08:00,read,key_326,0.85,true,false,3679
2025-11-27T16:12:17.703043-08:00,read,key_740,1.27,true,false,4519
2025-11-27T16:12:17.714244-08:00,read,key_489,1.92,true,false,4235
2025-11-27T16:12:17.725442-08:00,read,key_654,1.86,true,false,1841
2025-11-27T16:12:17.736664-08:00,read,key_891,2.11,true,false,4024
2025-11-27T16:12:17.747584-08:00,read,key_889,1.72,true,false,2565
2025-11-27T16:12:17.758702-08:00,read,key_749,1.85,true,false,326
2025-11-27T16:12:17.769929-08:00,read,key_377,2.22,true,false,2154
2025-11-27T16:12:17.781068-08:00,read,key_886,1.84,true,false,2281
2025-11-27T16:12:17.792197-08:00,read,key_560,1.78,true,false,3599
2025-11-27T16:12:17.803439-08:00,read,key_590,1.67,true,false,2372
2025-11-27T16:12:17.81456-08:00,read,key_881,1.68,true,false,1905
2025-11-27T16:12:17.825142-08:00,read,key_140,1.65,true,false,3072
2025-11-27T16:12:17.836276-08:00,read,key_230,2.01,true,false,4404
2025-11-27T16:12:17.847446-08:00,read,key_637,1.69,true,false,3711
2025-11-27T16:12:17.857684-08:00,read,key_160,1.75,false,false,0
2025-11-27T16:12:17.868997-08:00,read,key_387,2.16,true,false,619
2025-11-27T16:12:17.880123-08:00,read,key_416,1.64,true,false,3912
2025-11-27T16:12:17.891276-08:00,read,key_241,1.57,true,false,721
2025-11-27T16:12:17.902459-08:00,read,key_707,2.19,true,false,2885
2025-11-27T16:12:17.913583-08:00,read,key_25,1.72,true,false,4436
2025-11-27T16:12:17.924751-08:00,read,key_304,1.83,true,false,1160
2025-11-27T16:12:17.935945-08:00,read,key_782,1.57,true,false,2468
2025-11-27T16:12:17.947149-08:00,read,key_122,1.04,true,false,511
2025-11-27T16:12:17.958255-08:00,read,key_559,1.18,true,false,3422
2025-11-27T16:12:17.969375-08:00,read,key_51,0.97,true,false,4224
2025-11-27T16:12:17.98061-08:00,read,key_386,1.62,true,false,3640
2025-11-27T16:12:17.991753-08:00,read,key_56,2.32,true,false,4069
2025-11-27T16:12:18.002951-08:00,read,key_55,1.76,true,false,4466
2025-11-27T16:12:18.025279-08:00,read,key_413,2.18,true,false,4471
2025-11-27T16:12:18.036459-08:00,read,key_415,1.68,true,false,4246
2025-11-27T16:12:18.047611-08:00,read,key_174,1.86,true,false,3977
2025-11-27T16:12:18.05842-08:00,read,key_841,2.58,true,false,564
2025-11-27T16:12:18.069597-08:00,read,key_918,2.09,true,false,2249
2025-11-27T16:12:18.080329-08:00,read,key_52,0.90,true,false,4240
2025-11-27T16:12:18.091434-08:00,read,key_874,0.85,true,false,2457
2025-11-27T16:12:18.102038-08:00,read,key_242,1.91,true,false,3597
2025-11-27T16:12:18.113218-08:00,read,key_255,1.36,true,false,3629
2025-11-27T16:12:18.12429-08:00,read,key_406,1.20,true,false,2806
2025-11-27T16:12:18.135556-08:00,read,key_102,1.74,true,false,4518
2025-11-27T16:12:18.146699-08:00,read,key_39,1.76,true,false,4414
2025-11-27T16:12:18.157907-08:00,read,key_740,2.81,true,false,4519
2025-11-27T16:12:18.168903-08:00,read,key_54,1.75,true,false,4362
2025-11-27T16:12:18.179382-08:00,read,key_949,1.55,true,false,4333
2025-11-27T16:12:18.190539-08:00,read,key_900,2.30,true,false,3475
2025-11-27T16:12:18.201657-08:00,read,key_889,1.70,true,false,2565
2025-11-27T16:12:18.212761-08:00,read,key_371,0.77,true,false,2503
2025-11-27T16:12:18.223995-08:00,read,key_665,2.36,true,false,2172
2025-11-27T16:12:18.235183-08:00,read,key_717,1.85,true,false,2464
2025-11-27T16:12:18.246386-08:00,read,key_87,1.67,true,false,2354
2025-11-27T16:12:18.257342-08:00,read,key_764,2.05,true,false,4093
2025-11-27T16:12:18.268067-08:00,read,key_814,1.71,true,false,4514
2025-11-27T16:12:18.279177-08:00,read,key_35,0.71,true,false,4480
2025-11-27T16:12:18.290334-08:00,read,key_6,2.10,true,false,2414
2025-11-27T16:12:18.301508-08:00,read,key_386,1.75,true,false,3640
2025-11-27T16:12:18.312681-08:00,read,key_925,1.67,false,false,0
2025-11-27T16:12:18.014056-08:00,write,key_438,306.71,true,false,4528
2025-11-27T16:12:18.323071-08:00,read,key_954,2.10,true,false,4488
2025-11-27T16:12:18.333494-08:00,read,key_88,1.91,true,false,2264
2025-11-27T16:12:18.355795-08:00,read,key_329,2.44,true,false,4303
2025-11-27T16:12:18.366908-08:00,read,key_239,1.45,true,false,3864
2025-11-27T16:12:18.378294-08:00,read,key_211,0.93,false,false,0
2025-11-27T16:12:18.388419-08:00,read,key_336,0.76,true,false,2700
2025-11-27T16:12:18.398752-08:00,read,key_488,1.97,true,false,4160
2025-11-27T16:12:18.409923-08:00,read,key_727,1.69,true,false,1817
2025-11-27T16:12:18.420438-08:00,read,key_793,1.69,true,false,4446
2025-11-27T16:12:18.430819-08:00,read,key_789,2.08,true,false,4518
2025-11-27T16:12:18.442027-08:00,read,key_295,2.04,true,false,380
2025-11-27T16:12:18.453209-08:00,read,key_94,1.67,true,false,3835
2025-11-27T16:12:18.464444-08:00,read,key_672,1.95,true,false,4361
2025-11-27T16:12:18.474773-08:00,read,key_572,1.70,true,false,3581
2025-11-27T16:12:18.48591-08:00,read,key_175,1.30,true,false,4161
2025-11-27T16:12:18.497017-08:00,read,key_414,1.09,true,false,4335
2025-11-27T16:12:18.508157-08:00,read,key_711,1.07,true,false,4031
2025-11-27T16:12:18.519231-08:00,read,key_299,1.85,true,false,4113
2025-11-27T16:12:18.529889-08:00,read,key_967,2.11,true,false,3713
2025-11-27T16:12:18.541322-08:00,read,key_552,1.62,true,false,3147
2025-11-27T16:12:18.552471-08:00,read,key_976,1.53,true,false,3604
2025-11-27T16:12:18.563633-08:00,read,key_558,3.38,true,false,3411
2025-11-27T16:12:18.574874-08:00,read,key_681,1.68,true,false,3325
2025-11-27T16:12:18.586059-08:00,read,key_749,1.56,true,false,326
2025-11-27T16:12:18.597202-08:00,read,key_881,2.00,true,false,1905
2025-11-27T16:12:18.607838-08:00,read,key_954,0.83,true,false,4488
2025-11-27T16:12:18.618971-08:00,read,key_887,1.77,true,false,2341
2025-11-27T16:12:18.63009-08:00,read,key_605,1.88,true,false,1863
2025-11-27T16:12:18.641298-08:00,read,key_364,1.63,true,false,1301
2025-11-27T16:12:18.344663-08:00,write,key_56,308.39,true,false,4529
2025-11-27T16:12:18.65215-08:00,read,key_366,0.99,true,false,2032
2025-11-27T16:12:18.66302-08:00,read,key_46,1.04,true,false,2186
2025-11-27T16:12:18.674212-08:00,read,key_973,1.25,true,false,4384
2025-11-27T16:12:18.685253-08:00,read,key_173,1.68,true,false,3328
2025-11-27T16:12:18.695693-08:00,read,key_338,2.00,true,false,4492
2025-11-27T16:12:18.706981-08:00,read,key_467,1.83,true,false,2627
2025-11-27T16:12:18.718133-08:00,read,key_782,1.70,true,false,2468
2025-11-27T16:12:18.72927-08:00,read,key_782,2.22,true,false,2468
2025-11-27T16:12:18.740446-08:00,read,key_615,1.84,true,false,839
2025-11-27T16:12:18.751588-08:00,read,key_190,1.69,true,false,2866
2025-11-27T16:12:18.762772-08:00,read,key_56,2.12,true,false,4529
2025-11-27T16:12:18.773442-08:00,read,key_619,1.79,false,false,0
2025-11-27T16:12:18.784599-08:00,read,key_976,1.76,true,false,3604
2025-11-27T16:12:18.795519-08:00,read,key_532,2.37,true,false,4302
2025-11-27T16:12:18.80647-08:00,read,key_676,2.38,true,false,4297
2025-11-27T16:12:18.817616-08:00,read,key_340,1.70,true,false,4271
2025-11-27T16:12:18.828739-08:00,read,key_243,2.86,true,false,4331
2025-11-27T16:12:18.839858-08:00,read,key_846,1.88,true,false,1397
2025-11-27T16:12:18.850737-08:00,read,key_743,1.79,true,false,595
2025-11-27T16:12:18.861872-08:00,read,key_225,1.50,true,false,119
2025-11-27T16:12:18.872449-08:00,read,key_33,2.14,true,false,4338
2025-11-27T16:12:18.883007-08:00,read,key_337,1.64,false,false,0
2025-11-27T16:12:18.893444-08:00,read,key_969,1.67,true,false,4007
2025-11-27T16:12:18.904618-08:00,read,key_203,2.19,true,false,3491
2025-11-27T16:12:18.915694-08:00,read,key_14,0.95,true,false,2760
2025-11-27T16:12:18.926859-08:00,read,key_27,1.67,true,false,3656
2025-11-27T16:12:18.937686-08:00,read,key_343,0.95,true,false,4408
2025-11-27T16:12:18.948035-08:00,read,key_988,1.99,true,false,3044
2025-11-27T16:12:18.959124-08:00,read,key_198,1.43,true,false,2779
2025-11-27T16:12:18.970209-08:00,read,key_474,0.99,true,false,3781
2025-11-27T16:12:18.981313-08:00,read,key_611,0.89,true,false,904
2025-11-27T16:12:18.992416-08:00,read,key_656,0.76,true,false,4350
2025-11-27T16:12:19.003518-08:00,read,key_680,0.98,true,false,2773
2025-11-27T16:12:19.01465-08:00,read,key_881,0.78,true,false,1905
2025-11-27T16:12:19.02586-08:00,read,key_858,1.76,true,false,1764
2025-11-27T16:12:19.036827-08:00,read,key_257,2.33,true,false,3143
2025-11-27T16:12:19.04796-08:00,read,key_775,1.67,true,false,3520
2025-11-27T16:12:19.059023-08:00,read,key_545,1.71,true,false,2255
2025-11-27T16:12:19.070203-08:00,read,key_897,2.63,true,false,3704
2025-11-27T16:12:19.080918-08:00,read,key_257,1.76,true,false,3143
2025-11-27T16:12:19.09206-08:00,read,key_494,1.67,true,false,3879
2025-11-27T16:12:19.102623-08:00,read,key_373,2.18,true,false,2395
2025-11-27T16:12:19.113483-08:00,read,key_681,1.82,true,false,3325
2025-11-27T16:12:19.124637-08:00,read,key_241,1.65,true,false,721
2025-11-27T16:12:19.1469-08:00,read,key_30,1.82,true,false,4520
2025-11-27T16:12:19.158046-08:00,read,key_137,1.59,true,false,4243
2025-11-27T16:12:19.169295-08:00,read,key_224,3.09,true,false,3750
2025-11-27T16:12:19.180305-08:00,read,key_481,1.02,false,false,0
2025-11-27T16:12:19.191356-08:00,read,key_766,1.62,true,false,4296
2025-11-27T16:12:19.202512-08:00,read,key_947,1.80,true,false,4526
2025-11-27T16:12:19.213737-08:00,read,key_90,1.84,true,false,2915
2025-11-27T16:12:19.224016-08:00,read,key_35,1.69,true,false,4480
2025-11-27T16:12:19.234423-08:00,read,key_186,2.58,true,false,4301
2025-11-27T16:12:19.245443-08:00,read,key_152,1.95,true,false,2258
2025-11-27T16:12:19.255943-08:00,read,key_259,1.62,true,false,3478
2025-11-27T16:12:19.267061-08:00,read,key_603,0.84,true,false,2068
2025-11-27T16:12:19.278171-08:00,read,key_317,0.97,true,false,4304
2025-11-27T16:12:19.289305-08:00,read,key_461,1.64,true,false,3296
2025-11-27T16:12:19.30044-08:00,read,key_344,1.72,true,false,3787
2025-11-27T16:12:19.31153-08:00,read,key_789,0.98,true,false,4518
2025-11-27T16:12:19.322221-08:00,read,key_643,1.26,true,false,3050
2025-11-27T16:12:19.333382-08:00,read,key_80,1.68,true,false,3214
2025-11-27T16:12:19.344571-08:00,read,key_866,1.58,true,false,2893
2025-11-27T16:12:19.355716-08:00,read,key_676,1.55,true,false,4297
2025-11-27T16:12:19.366905-08:00,read,key_991,2.27,true,false,4521
2025-11-27T16:12:19.378072-08:00,read,key_274,1.70,false,false,0
2025-11-27T16:12:19.388997-08:00,read,key_844,0.85,true,false,3549
2025-11-27T16:12:19.399478-08:00,read,key_95,1.74,true,false,4387
2025-11-27T16:12:19.409897-08:00,read,key_371,1.69,true,false,2503
2025-11-27T16:12:19.421061-08:00,read,key_371,1.70,true,false,2503
2025-11-27T16:12:19.432144-08:00,read,key_814,2.33,true,false,4514
2025-11-27T16:12:19.135793-08:00,write,key_276,307.44,true,false,4530
2025-11-27T16:12:19.442473-08:00,read,key_849,1.94,true,false,3766
2025-11-27T16:12:19.453595-08:00,read,key_447,1.55,true,false,3294
2025-11-27T16:12:19.464746-08:00,read,key_551,1.86,true,false,2898
2025-11-27T16:12:19.475963-08:00,read,key_34,1.92,true,false,4497
2025-11-27T16:12:19.486185-08:00,read,key_926,1.64,true,false,4403
2025-11-27T16:12:19.496849-08:00,read,key_610,1.74,true,false,402
2025-11-27T16:12:19.507497-08:00,read,key_558,2.12,true,false,3411
2025-11-27T16:12:19.5186-08:00,read,key_977,0.86,true,false,4369
2025-11-27T16:12:19.529684-08:00,read,key_787,1.62,true,false,4122
2025-11-27T16:12:19.540862-08:00,read,key_953,2.30,true,false,3236
2025-11-27T16:12:19.551971-08:00,read,key_224,1.66,true,false,3750
2025-11-27T16:12:19.562829-08:00,read,key_986,1.51,true,false,3463
2025-11-27T16:12:19.574006-08:00,read,key_870,2.23,true,false,3972
2025-11-27T16:12:19.584811-08:00,read,key_775,2.22,true,false,3520
2025-11-27T16:12:19.59589-08:00,read,key_875,0.75,true,false,3618
2025-11-27T16:12:19.60654-08:00,read,key_270,0.92,false,false,0
2025-11-27T16:12:19.617284-08:00,read,key_279,1.87,true,false,2236
2025-11-27T16:12:19.628266-08:00,read,key_677,1.02,true,false,4491
2025-11-27T16:12:19.639424-08:00,read,key_102,1.98,true,false,4518
2025-11-27T16:12:19.650105-08:00,read,key_8,1.77,true,false,3611
2025-11-27T16:12:19.661261-08:00,read,key_513,1.54,true,false,3257
2025-11-27T16:12:19.67209-08:00,read,key_967,1.86,true,false,3713
2025-11-27T16:12:19.683224-08:00,read,key_845,1.89,true,false,3716
2025-11-27T16:12:19.69439-08:00,read,key_651,2.05,true,false,1587
2025-11-27T16:12:19.705465-08:00,read,key_788,3.51,true,false,1890
2025-11-27T16:12:19.71648-08:00,read,key_868,3.22,true,false,4216
2025-11-27T16:12:19.72753-08:00,read,key_563,2.96,true,false,3763
2025-11-27T16:12:19.738077-08:00,read,key_100,1.49,true,false,4360
2025-11-27T16:12:19.74928-08:00,read,key_271,2.82,false,false,0
2025-11-27T16:12:19.760137-08:00,read,key_851,2.09,true,false,3944
2025-11-27T16:12:19.771296-08:00,read,key_148,2.33,true,false,4169
2025-11-27T16:12:19.782481-08:00,read,key_896,1.84,true,false,3682
2025-11-27T16:12:19.793575-08:00,read,key_632,1.54,true,false,3999
2025-11-27T16:12:19.804757-08:00,read,key_458,1.55,true,false,4010
2025-11-27T16:12:19.815466-08:00,read,key_650,1.39,true,false,2420
2025-11-27T16:12:19.826555-08:00,read,key_109,1.41,true,false,1103
2025-11-27T16:12:19.837706-08:00,read,key_180,1.97,true,false,4328
2025-11-27T16:12:19.847805-08:00,read,key_639,1.47,true,false,3215
2025-11-27T16:12:19.858947-08:00,read,key_491,1.23,true,false,3826
2025-11-27T16:12:19.870064-08:00,read,key_840,2.30,true,false,614
2025-11-27T16:12:19.880522-08:00,read,key_883,2.19,true,false,2363
2025-11-27T16:12:19.891702-08:00,read,key_245,1.72,true,false,2835
2025-11-27T16:12:19.902866-08:00,read,key_345,1.72,true,false,4210
2025-11-27T16:12:19.913621-08:00,read,key_385,2.52,true,false,4507
2025-11-27T16:12:19.92471-08:00,read,key_780,1.67,true,false,3440
2025-11-27T16:12:19.935845-08:00,read,key_222,1.83,true,false,2222
2025-11-27T16:12:19.947029-08:00,read,key_139,2.02,true,false,4158
2025-11-27T16:12:19.957795-08:00,read,key_135,1.75,true,false,4402
2025-11-27T16:12:19.968666-08:00,read,key_662,1.73,true,false,2654
2025-11-27T16:12:19.978997-08:00,read,key_501,1.96,true,false,1371
2025-11-27T16:12:19.989257-08:00,read,key_675,1.88,true,false,3436
2025-11-27T16:12:20.000126-08:00,read,key_31,1.80,true,false,4208
2025-11-27T16:12:20.011142-08:00,read,key_986,2.17,true,false,3463
2025-11-27T16:12:20.022404-08:00,read,key_788,2.07,true,false,1890
2025-11-27T16:12:20.033141-08:00,read,key_248,1.72,true,false,2772
2025-11-27T16:12:20.04385-08:00,read,key_890,1.76,true,false,4397
2025-11-27T16:12:20.054989-08:00,read,key_1,2.01,true,false,3506
2025-11-27T16:12:20.065576-08:00,read,key_375,1.68,true,false,1432
2025-11-27T16:12:20.076727-08:00,read,key_674,1.93,true,false,4511
2025-11-27T16:12:20.09909-08:00,read,key_787,1.77,true,false,4122
2025-11-27T16:12:20.110172-08:00,read,key_781,1.74,true,false,4368
2025-11-27T16:12:20.120411-08:00,read,key_50,1.90,true,false,4470
2025-11-27T16:12:20.130766-08:00,read,key_460,1.64,true,false,2612
2025-11-27T16:12:20.141923-08:00,read,key_12,1.43,true,false,3861
2025-11-27T16:12:20.15269-08:00,read,key_677,1.83,true,false,4491
2025-11-27T16:12:20.162873-08:00,read,key_26,1.75,true,false,3925
2025-11-27T16:12:20.174037-08:00,read,key_239,2.03,true,false,3864
2025-11-27T16:12:20.185234-08:00,read,key_149,2.79,true,false,1326
2025-11-27T16:12:20.196418-08:00,read,key_434,1.71,true,false,4099
2025-11-27T16:12:20.206618-08:00,read,key_971,1.49,true,false,3149
2025-11-27T16:12:20.217768-08:00,read,key_247,2.36,true,false,4288
2025-11-27T16:12:20.228879-08:00,read,key_319,1.43,true,false,2755
2025-11-27T16:12:20.240048-08:00,read,key_588,1.74,true,false,3623
2025-11-27T16:12:20.250802-08:00,read,key_963,2.27,true,false,3821
2025-11-27T16:12:20.262006-08:00,read,key_256,1.89,true,false,3488
2025-11-27T16:12:20.273034-08:00,read,key_617,1.72,true,false,713
2025-11-27T16:12:20.284242-08:00,read,key_377,2.31,true,false,2154
2025-11-27T16:12:20.295431-08:00,read,key_761,1.61,true,false,2199
2025-11-27T16:12:20.306577-08:00,read,key_747,1.68,true,false,1749
2025-11-27T16:12:20.317722-08:00,read,key_19,2.42,true,false,3033
2025-11-27T16:12:20.328028-08:00,read,key_601,2.07,true,false,2524
2025-11-27T16:12:20.339197-08:00,read,key_136,1.65,true,false,4453
2025-11-27T16:12:20.350263-08:00,read,key_819,1.97,true,false,3427
2025-11-27T16:12:20.361491-08:00,read,key_246,1.73,true,false,1219
2025-11-27T16:12:20.372214-08:00,read,key_988,1.96,true,false,3044
2025-11-27T16:12:20.383373-08:00,read,key_810,1.94,true,false,3082
2025-11-27T16:12:20.393742-08:00,read,key_83,1.26,true,false,1839
2025-11-27T16:12:20.087858-08:00,write,key_508,310.33,true,false,4531
2025-11-27T16:12:20.404575-08:00,read,key_93,1.15,true,false,4336
2025-11-27T16:12:20.415754-08:00,read,key_154,1.81,true,false,4016
2025-11-27T16:12:20.426856-08:00,read,key_490,1.24,true,false,3366
2025-11-27T16:12:20.437929-08:00,read,key_897,1.17,true,false,3704
2025-11-27T16:12:20.448981-08:00,read,key_516,1.30,true,false,2514
2025-11-27T16:12:20.460108-08:00,read,key_894,1.23,true,false,4281
2025-11-27T16:12:20.471163-08:00,read,key_581,1.04,true,false,3490
2025-11-27T16:12:20.482274-08:00,read,key_688,1.24,true,false,3170
2025-11-27T16:12:20.492401-08:00,read,key_335,1.02,true,false,1912
2025-11-27T16:12:20.503526-08:00,read,key_931,1.41,true,false,3727
2025-11-27T16:12:20.51454-08:00,read,key_815,1.75,true,false,2897
2025-11-27T16:12:20.525656-08:00,read,key_322,1.58,true,false,4327
2025-11-27T16:12:20.536352-08:00,read,key_414,1.69,true,false,4335
2025-11-27T16:12:20.547421-08:00,read,key_879,1.18,true,false,4231
2025-11-27T16:12:20.557665-08:00,read,key_524,1.48,true,false,3502
2025-11-27T16:12:20.568874-08:00,read,key_898,2.15,true,false,3890
2025-11-27T16:12:20.579708-08:00,read,key_799,2.32,true,false,2377
2025-11-27T16:12:20.590845-08:00,read,key_710,3.86,true,false,3406
2025-11-27T16:12:20.601778-08:00,read,key_225,1.84,true,false,119
2025-11-27T16:12:20.61295-08:00,read,key_170,1.65,true,false,3416
2025-11-27T16:12:20.624116-08:00,read,key_787,2.35,true,false,4122
2025-11-27T16:12:20.635254-08:00,read,key_758,1.73,true,false,4263
2025-11-27T16:12:20.64641-08:00,read,key_569,1.78,true,false,2259
2025-11-27T16:12:20.657627-08:00,read,key_739,2.18,true,false,3556
2025-11-27T16:12:20.668777-08:00,read,key_229,1.69,true,false,792
2025-11-27T16:12:20.679532-08:00,read,key_812,1.49,true,false,2921
2025-11-27T16:12:20.691164-08:00,read,key_363,2.15,true,false,3465
2025-11-27T16:12:20.702143-08:00,read,key_632,1.84,true,false,3999
2025-11-27T16:12:20.712424-08:00,read,key_957,1.66,true,false,4289
2025-11-27T16:12:20.723548-08:00,read,key_151,2.53,true,false,3728
2025-11-27T16:12:20.734596-08:00,read,key_369,1.81,true,false,4252
2025-11-27T16:12:20.74578-08:00,read,key_270,1.85,false,false,0
2025-11-27T16:12:20.75611-08:00,read,key_804,2.28,true,false,4499
2025-11-27T16:12:20.767254-08:00,read,key_204,1.87,true,false,3652
2025-11-27T16:12:20.778233-08:00,read,key_905,1.81,true,false,4329
2025-11-27T16:12:20.789423-08:00,read,key_841,3.06,true,false,564
2025-11-27T16:12:20.800325-08:00,read,key_911,1.71,true,false,909
2025-11-27T16:12:20.811399-08:00,read,key_141,1.38,true,false,4153
2025-11-27T16:12:20.82256-08:00,read,key_369,1.99,true,false,4252
2025-11-27T16:12:20.844464-08:00,read,key_51,1.34,true,false,4224
2025-11-27T16:12:20.85549-08:00,read,key_996,2.22,true,false,4407
2025-11-27T16:12:20.866625-08:00,read,key_170,1.76,true,false,3416
2025-11-27T16:12:20.877782-08:00,read,key_360,1.60,true,false,1255
2025-11-27T16:12:20.888978-08:00,read,key_467,3.74,true,false,2627
2025-11-27T16:12:20.899899-08:00,read,key_346,1.66,true,false,4103
2025-11-27T16:12:20.910763-08:00,read,key_813,2.37,true,false,4255
2025-11-27T16:12:20.92168-08:00,read,key_776,2.62,true,false,3477
2025-11-27T16:12:20.932802-08:00,read,key_151,1.72,true,false,3728
2025-11-27T16:12:20.943997-08:00,read,key_685,1.99,true,false,2119
2025-11-27T16:12:20.95513-08:00,read,key_863,2.36,true,false,3931
2025-11-27T16:12:20.966263-08:00,read,key_103,1.66,true,false,1546
2025-11-27T16:12:20.977422-08:00,read,key_252,1.72,false,false,0
2025-11-27T16:12:20.988281-08:00,read,key_880,2.39,true,false,2322
2025-11-27T16:12:20.999372-08:00,read,key_870,1.98,true,false,3972
2025-11-27T16:12:21.010468-08:00,read,key_246,0.94,true,false,1219
2025-11-27T16:12:21.021662-08:00,read,key_697,2.35,true,false,4454
2025-11-27T16:12:21.032777-08:00,read,key_591,1.69,true,false,4477
2025-11-27T16:12:21.043965-08:00,read,key_798,1.57,true,false,4416
2025-11-27T16:12:21.055175-08:00,read,key_27,2.12,true,false,3656
2025-11-27T16:12:21.066233-08:00,read,key_195,0.79,true,false,2710
2025-11-27T16:12:21.076378-08:00,read,key_873,1.25,true,false,2160
2025-11-27T16:12:21.087125-08:00,read,key_876,1.38,true,false,4504
2025-11-27T16:12:21.108501-08:00,read,key_908,1.49,true,false,2331
2025-11-27T16:12:21.119711-08:00,read,key_412,2.22,true,false,4391
2025-11-27T16:12:21.130855-08:00,read,key_761,1.62,true,false,2199
2025-11-27T16:12:20.833331-08:00,write,key_323,307.09,true,false,4532
2025-11-27T16:12:21.141114-08:00,read,key_818,1.47,true,false,3312
2025-11-27T16:12:21.152369-08:00,read,key_321,2.18,true,false,4293
2025-11-27T16:12:21.163475-08:00,read,key_57,2.23,true,false,4524
2025-11-27T16:12:21.173861-08:00,read,key_56,1.79,true,false,4529
2025-11-27T16:12:21.18503-08:00,read,key_688,2.23,true,false,3170
2025-11-27T16:12:21.196196-08:00,read,key_720,2.15,true,false,945
2025-11-27T16:12:21.206864-08:00,read,key_59,1.91,true,false,3403
2025-11-27T16:12:21.218026-08:00,read,key_230,1.71,true,false,4404
2025-11-27T16:12:21.229187-08:00,read,key_239,1.99,true,false,3864
2025-11-27T16:12:21.239823-08:00,read,key_745,1.70,true,false,994
2025-11-27T16:12:21.250993-08:00,read,key_645,1.86,true,false,2985
2025-11-27T16:12:21.261389-08:00,read,key_673,3.21,true,false,3393
2025-11-27T16:12:21.272395-08:00,read,key_260,1.82,true,false,2532
2025-11-27T16:12:21.282953-08:00,read,key_90,1.72,true,false,2915
2025-11-27T16:12:21.294091-08:00,read,key_163,2.00,true,false,4505
2025-11-27T16:12:21.304851-08:00,read,key_746,1.73,true,false,1903
2025-11-27T16:12:21.315971-08:00,read,key_47,1.47,true,false,1908
2025-11-27T16:12:21.327185-08:00,read,key_372,2.31,true,false,3518
2025-11-27T16:12:21.338309-08:00,read,key_542,1.77,true,false,2545
2025-11-27T16:12:21.348642-08:00,read,key_182,1.80,true,false,4441
2025-11-27T16:12:21.35982-08:00,read,key_793,2.20,true,false,4446
2025-11-27T16:12:21.371044-08:00,read,key_232,1.96,true,false,4413
2025-11-27T16:12:21.382188-08:00,read,key_101,1.66,true,false,1583
2025-11-27T16:12:21.393358-08:00,read,key_945,2.04,false,false,0
2025-11-27T16:12:21.404516-08:00,read,key_603,1.61,true,false,2068
2025-11-27T16:12:21.098266-08:00,write,key_361,309.23,true,false,4532
2025-11-27T16:12:21.415533-08:00,read,key_847,1.56,true,false,3573
2025-11-27T16:12:21.426585-08:00,read,key_191,2.14,true,false,521
2025-11-27T16:12:21.437729-08:00,read,key_87,1.78,true,false,2354
2025-11-27T16:12:21.4489-08:00,read,key_912,1.99,true,false,1294
2025-11-27T16:12:21.460088-08:00,read,key_870,2.99,true,false,3972
2025-11-27T16:12:21.470632-08:00,read,key_247,2.44,true,false,4288
2025-11-27T16:12:21.481766-08:00,read,key_205,1.94,true,false,2814
2025-11-27T16:12:21.49232-08:00,read,key_368,2.04,true,false,4389
2025-11-27T16:12:21.503548-08:00,read,key_349,2.34,true,false,4486
2025-11-27T16:12:21.51458-08:00,read,key_990,1.87,true,false,4510
2025-11-27T16:12:21.52571-08:00,read,key_671,2.26,true,false,4409
2025-11-27T16:12:21.53688-08:00,read,key_412,1.77,true,false,4391
2025-11-27T16:12:21.548053-08:00,read,key_338,1.65,true,false,4492
2025-11-27T16:12:21.559214-08:00,read,key_806,2.30,false,false,0
2025-11-27T16:12:21.57033-08:00,read,key_255,1.54,true,false,3629
2025-11-27T16:12:21.581511-08:00,read,key_236,1.66,true,false,3856
2025-11-27T16:12:21.592697-08:00,read,key_534,2.47,false,false,0
2025-11-27T16:12:21.60374-08:00,read,key_676,1.66,true,false,4297
2025-11-27T16:12:21.614895-08:00,read,key_69,2.16,true,false,4063
2025-11-27T16:12:21.637376-08:00,read,key_872,0.66,true,false,1427
2025-11-27T16:12:21.647807-08:00,read,key_330,2.07,true,false,2914
2025-11-27T16:12:21.658954-08:00,read,key_189,0.79,true,false,4508
2025-11-27T16:12:21.670116-08:00,read,key_503,0.64,true,false,3249
2025-11-27T16:12:21.681254-08:00,read,key_749,0.68,true,false,326
2025-11-27T16:12:21.692474-08:00,read,key_974,0.89,true,false,4181
2025-11-27T16:12:21.703665-08:00,read,key_897,0.68,true,false,3704
2025-11-27T16:12:21.714881-08:00,read,key_382,0.92,true,false,4310
2025-11-27T16:12:21.737299-08:00,read,key_105,0.84,true,false,2527
2025-11-27T16:12:21.748479-08:00,read,key_128,2.85,true,false,3418
2025-11-27T16:12:21.759581-08:00,read,key_164,1.80,true,false,2836
2025-11-27T16:12:21.77025-08:00,read,key_173,1.60,true,false,3328
2025-11-27T16:12:21.781407-08:00,read,key_683,1.76,true,false,3210
2025-11-27T16:12:21.792522-08:00,read,key_719,1.16,false,false,0
2025-11-27T16:12:21.8036-08:00,read,key_326,1.68,true,false,3679
2025-11-27T16:12:21.814822-08:00,read,key_780,1.58,true,false,3440
2025-11-27T16:12:21.825632-08:00,read,key_96,1.44,true,false,4433
2025-11-27T16:12:21.836799-08:00,read,key_530,1.51,true,false,3385
2025-11-27T16:12:21.847012-08:00,read,key_927,1.65,true,false,4074
2025-11-27T16:12:21.858226-08:00,read,key_942,1.78,true,false,4068
2025-11-27T16:12:21.86928-08:00,read,key_84,1.86,true,false,4475
2025-11-27T16:12:21.880134-08:00,read,key_244,2.01,false,false,0
2025-11-27T16:12:21.891724-08:00,read,key_125,2.07,true,false,1430
2025-11-27T16:12:21.902872-08:00,read,key_787,1.98,true,false,4122
2025-11-27T16:12:21.914015-08:00,read,key_924,2.68,true,false,4282
2025-11-27T16:12:21.924196-08:00,read,key_247,1.60,true,false,4288
2025-11-27T16:12:21.626145-08:00,write,key_76,304.28,true,false,4533
2025-11-27T16:12:21.934797-08:00,read,key_301,2.25,true,false,3353
2025-11-27T16:12:21.945923-08:00,read,key_30,1.62,true,false,4520
2025-11-27T16:12:21.957083-08:00,read,key_50,2.44,true,false,4470
2025-11-27T16:12:21.967531-08:00,read,key_852,1.78,true,false,2410
2025-11-27T16:12:21.978672-08:00,read,key_70,1.60,true,false,4084
2025-11-27T16:12:21.989867-08:00,read,key_563,2.35,true,false,3763
2025-11-27T16:12:22.001002-08:00,read,key_819,1.69,true,false,3427
2025-11-27T16:12:22.012158-08:00,read,key_347,2.03,true,false,3747
2025-11-27T16:12:22.023246-08:00,read,key_135,2.05,true,false,4402
2025-11-27T16:12:21.726135-08:00,write,key_646,305.65,true,false,4533
2025-11-27T16:12:22.033549-08:00,read,key_478,1.68,true,false,3919
2025-11-27T16:12:22.043884-08:00,read,key_925,1.64,false,false,0
2025-11-27T16:12:22.05504-08:00,read,key_53,2.12,true,false,4273
2025-11-27T16:12:22.066174-08:00,read,key_762,1.76,true,false,1117
2025-11-27T16:12:22.077316-08:00,read,key_233,1.81,true,false,3947
2025-11-27T16:12:22.088488-08:00,read,key_754,2.23,true,false,4365
2025-11-27T16:12:22.098976-08:00,read,key_72,2.07,true,false,4372
2025-11-27T16:12:22.110252-08:00,read,key_412,3.55,true,false,4391
2025-11-27T16:12:22.121801-08:00,read,key_876,1.48,true,false,4504
2025-11-27T16:12:22.132978-08:00,read,key_229,1.64,true,false,792
2025-11-27T16:12:22.144056-08:00,read,key_597,1.32,true,false,4306
2025-11-27T16:12:22.155003-08:00,read,key_605,1.59,true,false,1863
2025-11-27T16:12:22.1661-08:00,read,key_234,1.52,true,false,4198
2025-11-27T16:12:22.17727-08:00,read,key_679,1.91,true,false,4388
2025-11-27T16:12:22.187741-08:00,read,key_52,2.54,true,false,4240
2025-11-27T16:12:22.198873-08:00,read,key_41,2.01,true,false,2528
2025-11-27T16:12:22.209454-08:00,read,key_867,1.55,true,false,4020
2025-11-27T16:12:22.220387-08:00,read,key_243,2.96,true,false,4331
2025-11-27T16:12:22.231151-08:00,read,key_540,1.61,true,false,4295
2025-11-27T16:12:22.242305-08:00,read,key_516,1.64,true,false,2514
2025-11-27T16:12:22.253454-08:00,read,key_204,2.01,true,false,3652
2025-11-27T16:12:22.26438-08:00,read,key_637,1.98,true,false,3711
2025-11-27T16:12:22.274999-08:00,read,key_899,1.72,true,false,3624
2025-11-27T16:12:22.286225-08:00,read,key_354,2.23,true,false,2471
2025-11-27T16:12:22.297356-08:00,read,key_191,1.76,true,false,521
2025-11-27T16:12:22.308511-08:00,read,key_322,1.65,true,false,4327
2025-11-27T16:12:22.31966-08:00,read,key_132,2.06,true,false,4356
2025-11-27T16:12:22.330741-08:00,read,key_90,1.81,true,false,2915
2025-11-27T16:12:22.341905-08:00,read,key_710,1.60,true,false,3406
2025-11-27T16:12:22.353135-08:00,read,key_235,2.70,true,false,4067
2025-11-27T16:12:22.364222-08:00,read,key_743,1.83,true,false,595
2025-11-27T16:12:22.375461-08:00,read,key_220,2.06,true,false,2062
2025-11-27T16:12:22.386558-08:00,read,key_544,2.64,true,false,2867
2025-11-27T16:12:22.397664-08:00,read,key_388,1.90,true,false,4371
2025-11-27T16:12:22.408676-08:00,read,key_209,1.88,true,false,3531
2025-11-27T16:12:22.418937-08:00,read,key_349,3.04,true,false,4486
2025-11-27T16:12:22.429927-08:00,read,key_667,1.60,true,false,633
2025-11-27T16:12:22.441067-08:00,read,key_362,1.64,true,false,4203
2025-11-27T16:12:22.452603-08:00,read,key_793,2.78,true,false,4446
2025-11-27T16:12:22.463635-08:00,read,key_98,1.66,true,false,4348
2025-11-27T16:12:22.473906-08:00,read,key_556,1.72,true,false,3703
2025-11-27T16:12:22.484391-08:00,read,key_940,1.82,true,false,1334
2025-11-27T16:12:22.495631-08:00,read,key_560,1.01,true,false,3599
2025-11-27T16:12:22.506569-08:00,read,key_349,2.34,true,false,4486
2025-11-27T16:12:22.517308-08:00,read,key_908,1.84,true,false,2331
2025-11-27T16:12:22.528501-08:00,read,key_297,2.07,true,false,3857
2025-11-27T16:12:22.539182-08:00,read,key_823,1.97,true,false,4018
2025-11-27T16:12:22.550351-08:00,read,key_18,1.89,true,false,2742
2025-11-27T16:12:22.561523-08:00,read,key_894,1.84,true,false,4281
2025-11-27T16:12:22.572683-08:00,read,key_768,1.97,true,false,4022
2025-11-27T16:12:22.583824-08:00,read,key_110,2.22,true,false,4500
2025-11-27T16:12:22.595083-08:00,read,key_236,1.84,true,false,3856
2025-11-27T16:12:22.606228-08:00,read,key_562,1.67,true,false,3265
2025-11-27T16:12:22.617366-08:00,read,key_674,2.70,true,false,4511
2025-11-27T16:12:22.628953-08:00,read,key_278,2.09,true,false,1097
2025-11-27T16:12:22.640237-08:00,read,key_807,1.80,true,false,3278
2025-11-27T16:12:22.651476-08:00,read,key_242,3.76,true,false,3597
2025-11-27T16:12:22.662379-08:00,read,key_332,0.76,false,false,0
2025-11-27T16:12:22.673585-08:00,read,key_815,0.94,true,false,2897
2025-11-27T16:12:22.684809-08:00,read,key_39,2.74,true,false,4414
2025-11-27T16:12:22.695908-08:00,read,key_272,2.02,true,false,4035
2025-11-27T16:12:22.706824-08:00,read,key_209,2.45,true,false,3531
2025-11-27T16:12:22.717946-08:00,read,key_768,2.49,true,false,4022
2025-11-27T16:12:22.729132-08:00,read,key_872,1.78,true,false,1427
2025-11-27T16:12:22.740365-08:00,read,key_814,3.68,true,false,4514
2025-11-27T16:12:22.751397-08:00,read,key_892,2.01,true,false,4207
2025-11-27T16:12:22.762588-08:00,read,key_308,1.52,true,false,3229
2025-11-27T16:12:22.773718-08:00,read,key_769,3.70,true,false,4142
2025-11-27T16:12:22.784764-08:00,read,key_48,4.37,true,false,1315
2025-11-27T16:12:22.79532-08:00,read,key_89,1.41,true,false,902
2025-11-27T16:12:22.806461-08:00,read,key_296,2.43,true,false,4502
2025-11-27T16:12:22.817486-08:00,read,key_255,2.28,true,false,3629
2025-11-27T16:12:22.828526-08:00,read,key_304,1.59,true,false,1160
2025-11-27T16:12:22.839561-08:00,read,key_88,1.04,true,false,2264
2025-11-27T16:12:22.850732-08:00,read,key_519,1.68,true,false,2411
2025-11-27T16:12:22.8608-08:00,read,key_99,1.76,true,false,3752
2025-11-27T16:12:22.871856-08:00,read,key_135,1.43,true,false,4402
2025-11-27T16:12:22.882884-08:00,read,key_181,1.33,true,false,2367
2025-11-27T16:12:22.893811-08:00,read,key_531,1.33,true,false,2865
2025-11-27T16:12:22.904349-08:00,read,key_671,1.81,true,false,4409
2025-11-27T16:12:22.915491-08:00,read,key_742,2.10,true,false,914
2025-11-27T16:12:22.926665-08:00,read,key_554,1.44,true,false,333
2025-11-27T16:12:22.936887-08:00,read,key_25,1.58,true,false,4436
2025-11-27T16:12:22.948077-08:00,read,key_745,2.30,true,false,994
2025-11-27T16:12:22.959248-08:00,read,key_568,1.82,true,false,4515
2025-11-27T16:12:22.969636-08:00,read,key_667,2.33,true,false,633
2025-11-27T16:12:22.98068-08:00,read,key_989,3.45,true,false,2998
2025-11-27T16:12:22.991678-08:00,read,key_794,2.04,true,false,3910
2025-11-27T16:12:23.00286-08:00,read,key_735,1.75,true,false,143
2025-11-27T16:12:23.014012-08:00,read,key_55,2.26,true,false,4466
2025-11-27T16:12:23.025156-08:00,read,key_217,1.94,true,false,4445
2025-11-27T16:12:23.036097-08:00,read,key_784,1.89,true,false,2561
2025-11-27T16:12:23.04727-08:00,read,key_562,2.30,true,false,3265
2025-11-27T16:12:23.058124-08:00,read,key_535,2.24,true,false,4428
2025-11-27T16:12:23.069221-08:00,read,key_954,1.78,true,false,4488
2025-11-27T16:12:23.079782-08:00,read,key_782,1.94,true,false,2468
2025-11-27T16:12:23.090962-08:00,read,key_813,1.59,true,false,4255
2025-11-27T16:12:23.102101-08:00,read,key_541,1.62,true,false,2817
2025-11-27T16:12:23.113253-08:00,read,key_457,2.63,true,false,4070
2025-11-27T16:12:23.124453-08:00,read,key_743,1.77,true,false,595
2025-11-27T16:12:23.135606-08:00,read,key_70,1.65,true,false,4084
2025-11-27T16:12:23.146801-08:00,read,key_780,2.56,true,false,3440
2025-11-27T16:12:23.157792-08:00,read,key_896,2.12,true,false,3682
2025-11-27T16:12:23.168962-08:00,read,key_429,1.92,true,false,2637
2025-11-27T16:12:23.180136-08:00,read,key_731,2.22,true,false,1752
2025-11-27T16:12:23.191372-08:00,read,key_906,1.60,true,false,3793
2025-11-27T16:12:23.202501-08:00,read,key_229,1.75,true,false,792
2025-11-27T16:12:23.213045-08:00,read,key_0,2.17,true,false,2390
2025-11-27T16:12:23.224207-08:00,read,key_970,1.64,true,false,3533
2025-11-27T16:12:23.235351-08:00,read,key_663,2.54,true,false,2864
2025-11-27T16:12:23.246263-08:00,read,key_896,2.06,true,false,3682
2025-11-27T16:12:23.257486-08:00,read,key_33,2.04,true,false,4338
2025-11-27T16:12:23.26864-08:00,read,key_439,1.65,true,false,4482
2025-11-27T16:12:23.279754-08:00,read,key_273,1.86,true,false,1548
2025-11-27T16:12:23.290916-08:00,read,key_4,1.97,true,false,3316
2025-11-27T16:12:23.30205-08:00,read,key_10,1.15,true,false,2639
2025-11-27T16:12:23.313175-08:00,read,key_259,1.75,true,false,3478
2025-11-27T16:12:23.324301-08:00,read,key_138,1.43,true,false,4109
2025-11-27T16:12:23.335461-08:00,read,key_160,1.80,false,false,0
2025-11-27T16:12:23.34665-08:00,read,key_844,2.10,true,false,3549
2025-11-27T16:12:23.357808-08:00,read,key_428,1.46,true,false,4100
2025-11-27T16:12:23.36894-08:00,read,key_799,1.98,true,false,2377
2025-11-27T16:12:23.379484-08:00,read,key_663,2.18,true,false,2864
2025-11-27T16:12:23.390582-08:00,read,key_442,3.34,true,false,3276
2025-11-27T16:12:23.401589-08:00,read,key_123,1.70,true,false,2161
2025-11-27T16:12:23.412008-08:00,read,key_655,2.30,true,false,2135
2025-11-27T16:12:23.423044-08:00,read,key_43,1.53,true,false,3584
2025-11-27T16:12:23.433921-08:00,read,key_542,1.60,true,false,2545
2025-11-27T16:12:23.445168-08:00,read,key_316,2.04,true,false,4359
2025-11-27T16:12:23.456307-08:00,read,key_49,1.41,true,false,2190
2025-11-27T16:12:23.466774-08:00,read,key_609,1.26,true,false,2220
2025-11-27T16:12:23.477895-08:00,read,key_203,1.90,true,false,3491
2025-11-27T16:12:23.489081-08:00,read,key_767,1.72,true,false,4463
2025-11-27T16:12:23.50024-08:00,read,key_989,1.91,true,false,2998
2025-11-27T16:12:23.510836-08:00,read,key_414,2.51,true,false,4335
2025-11-27T16:12:23.522195-08:00,read,key_949,2.06,true,false,4333
2025-11-27T16:12:23.532954-08:00,read,key_165,1.84,true,false,1654
2025-11-27T16:12:23.544135-08:00,read,key_89,3.14,true,false,902
2025-11-27T16:12:23.554805-08:00,read,key_339,1.69,true,false,3899
2025-11-27T16:12:23.565966-08:00,read,key_885,1.63,true,false,1781
2025-11-27T16:12:23.576557-08:00,read,key_208,1.94,true,false,2019
2025-11-27T16:12:23.587358-08:00,read,key_734,1.97,true,false,4011
2025-11-27T16:12:23.598428-08:00,read,key_876,1.62,true,false,4504
2025-11-27T16:12:23.609611-08:00,read,key_946,2.09,true,false,1961
2025-11-27T16:12:23.620787-08:00,read,key_611,2.45,true,false,904
2025-11-27T16:12:23.631911-08:00,read,key_985,1.75,true,false,2937
2025-11-27T16:12:23.643066-08:00,read,key_445,3.62,true,false,1060
2025-11-27T16:12:23.65396-08:00,read,key_321,1.76,true,false,4293
2025-11-27T16:12:23.664292-08:00,read,key_147,1.73,true,false,900
2025-11-27T16:12:23.674762-08:00,read,key_512,1.51,true,false,3219
2025-11-27T16:12:23.685901-08:00,read,key_872,1.08,true,false,1427
2025-11-27T16:12:23.697114-08:00,read,key_301,1.70,true,false,3353
2025-11-27T16:12:23.707467-08:00,read,key_635,2.11,true,false,4204
2025-11-27T16:12:23.718603-08:00,read,key_780,2.14,true,false,3440
2025-11-27T16:12:23.728816-08:00,read,key_506,1.79,true,false,973
2025-11-27T16:12:23.739956-08:00,read,key_41,1.68,true,false,2528
2025-11-27T16:12:23.751108-08:00,read,key_872,2.15,true,false,1427
2025-11-27T16:12:23.76218-08:00,read,key_640,2.00,true,false,3498
2025-11-27T16:12:23.773426-08:00,read,key_789,1.69,true,false,4518
2025-11-27T16:12:23.78457-08:00,read,key_108,2.66,true,false,4474
2025-11-27T16:12:23.795233-08:00,read,key_364,1.95,true,false,1301
2025-11-27T16:12:23.806332-08:00,read,key_600,1.22,true,false,4525
2025-11-27T16:12:23.817509-08:00,read,key_111,1.98,true,false,4187
2025-11-27T16:12:23.828686-08:00,read,key_876,1.18,true,false,4504
2025-11-27T16:12:23.839821-08:00,read,key_785,1.24,true,false,3946
2025-11-27T16:12:23.850925-08:00,read,key_196,1.20,true,false,4064
2025-11-27T16:12:23.862059-08:00,read,key_823,1.14,true,false,4018
2025-11-27T16:12:23.873152-08:00,read,key_451,1.82,true,false,24
2025-11-27T16:12:23.884304-08:00,read,key_819,1.55,true,false,3427
2025-11-27T16:12:23.895397-08:00,read,key_32,1.19,true,false,1555
2025-11-27T16:12:23.906537-08:00,read,key_12,1.15,true,false,3861
2025-11-27T16:12:23.917774-08:00,read,key_807,2.06,true,false,3278
2025-11-27T16:12:23.928912-08:00,read,key_611,1.63,true,false,904
2025-11-27T16:12:23.939508-08:00,read,key_151,1.56,true,false,3728
2025-11-27T16:12:23.950266-08:00,read,key_554,2.16,true,false,333
2025-11-27T16:12:23.961478-08:00,read,key_355,1.93,true,false,4420
2025-11-27T16:12:23.971821-08:00,read,key_349,1.46,true,false,4486
2025-11-27T16:12:23.982684-08:00,read,key_48,2.29,true,false,1315
2025-11-27T16:12:23.992923-08:00,read,key_968,2.04,true,false,3199
2025-11-27T16:12:24.004079-08:00,read,key_534,1.62,false,false,0
2025-11-27T16:12:24.014767-08:00,read,key_206,1.90,true,false,3657
2025-11-27T16:12:24.025961-08:00,read,key_372,1.89,true,false,3518
2025-11-27T16:12:24.036902-08:00,read,key_84,1.82,true,false,4475
2025-11-27T16:12:24.048057-08:00,read,key_369,3.13,true,false,4252
2025-11-27T16:12:24.059072-08:00,read,key_562,2.23,true,false,3265
2025-11-27T16:12:24.070211-08:00,read,key_133,1.70,true,false,4425
2025-11-27T16:12:24.081342-08:00,read,key_799,4.59,true,false,2377
2025-11-27T16:12:24.092226-08:00,read,key_803,1.87,true,false,2058
2025-11-27T16:12:24.102521-08:00,read,key_197,2.06,true,false,886
2025-11-27T16:12:24.113599-08:00,read,key_291,1.91,true,false,4223
2025-11-27T16:12:24.124865-08:00,read,key_444,2.31,true,false,3745
2025-11-27T16:12:24.146619-08:00,read,key_384,1.74,true,false,167
2025-11-27T16:12:24.157444-08:00,read,key_892,2.09,true,false,4207
2025-11-27T16:12:24.168594-08:00,read,key_89,1.59,true,false,902
2025-11-27T16:12:24.179625-08:00,read,key_992,1.62,true,false,4489
2025-11-27T16:12:24.190237-08:00,read,key_481,1.43,false,false,0
2025-11-27T16:12:24.201109-08:00,read,key_746,1.19,true,false,1903
2025-11-27T16:12:24.212288-08:00,read,key_845,0.69,true,false,3716
2025-11-27T16:12:24.222727-08:00,read,key_203,0.83,true,false,3491
2025-11-27T16:12:24.233809-08:00,read,key_879,0.84,true,false,4231
2025-11-27T16:12:24.244932-08:00,read,key_507,2.54,true,false,1175
2025-11-27T16:12:24.255994-08:00,read,key_653,1.17,true,false,4222
2025-11-27T16:12:24.267072-08:00,read,key_947,1.39,true,false,4526
2025-11-27T16:12:24.278233-08:00,read,key_679,1.50,true,false,4388
2025-11-27T16:12:24.289413-08:00,read,key_292,1.43,true,false,4196
2025-11-27T16:12:24.300609-08:00,read,key_72,1.95,true,false,4372
2025-11-27T16:12:24.31174-08:00,read,key_71,1.53,true,false,4448
2025-11-27T16:12:24.322642-08:00,read,key_848,2.55,false,false,0
2025-11-27T16:12:24.333492-08:00,read,key_862,1.76,true,false,2924
2025-11-27T16:12:24.344656-08:00,read,key_972,1.70,true,false,4458
2025-11-27T16:12:24.355909-08:00,read,key_908,2.44,true,false,2331
2025-11-27T16:12:24.366114-08:00,read,key_775,1.96,true,false,3520
2025-11-27T16:12:24.377272-08:00,read,key_505,2.02,true,false,1214
2025-11-27T16:12:24.387843-08:00,read,key_8,2.43,true,false,3611
2025-11-27T16:12:24.398668-08:00,read,key_207,1.59,true,false,4417
2025-11-27T16:12:24.408926-08:00,read,key_976,1.95,true,false,3604
2025-11-27T16:12:24.420132-08:00,read,key_780,2.08,true,false,3440
2025-11-27T16:12:24.431225-08:00,read,key_390,1.66,true,false,4468
2025-11-27T16:12:24.135472-08:00,write,key_73,306.03,true,false,4534
2025-11-27T16:12:24.44153-08:00,read,key_480,1.18,true,false,3693
2025-11-27T16:12:24.452654-08:00,read,key_564,2.55,true,false,2550
2025-11-27T16:12:24.464188-08:00,read,key_849,1.82,true,false,3766
2025-11-27T16:12:24.475293-08:00,read,key_963,1.52,true,false,3821
2025-11-27T16:12:24.486418-08:00,read,key_863,2.13,true,false,3931
2025-11-27T16:12:24.497542-08:00,read,key_43,2.10,true,false,3584
2025-11-27T16:12:24.508711-08:00,read,key_890,1.76,true,false,4397
2025-11-27T16:12:24.51933-08:00,read,key_441,2.05,true,false,4013
2025-11-27T16:12:24.530506-08:00,read,key_950,1.97,true,false,3043
2025-11-27T16:12:24.541189-08:00,read,key_290,1.75,true,false,3806
2025-11-27T16:12:24.552429-08:00,read,key_182,2.68,true,false,4441
2025-11-27T16:12:24.562711-08:00,read,key_903,1.99,true,false,4244
2025-11-27T16:12:24.573845-08:00,read,key_982,1.55,true,false,3349
2025-11-27T16:12:24.585005-08:00,read,key_988,1.68,true,false,3044
2025-11-27T16:12:24.596204-08:00,read,key_685,2.06,true,false,2119
2025-11-27T16:12:24.607384-08:00,read,key_252,1.95,false,false,0
2025-11-27T16:12:24.618086-08:00,read,key_0,2.01,true,false,2390
2025-11-27T16:12:24.629274-08:00,read,key_965,2.20,true,false,3593
2025-11-27T16:12:24.640422-08:00,read,key_709,1.67,true,false,2889
2025-11-27T16:12:24.650887-08:00,read,key_240,1.79,true,false,4211
2025-11-27T16:12:24.662028-08:00,read,key_985,3.09,true,false,2937
2025-11-27T16:12:24.672922-08:00,read,key_60,1.63,true,false,1074
2025-11-27T16:12:24.683281-08:00,read,key_813,1.61,true,false,4255
2025-11-27T16:12:24.694367-08:00,read,key_878,1.94,true,false,4440
2025-11-27T16:12:24.705417-08:00,read,key_180,1.96,true,false,4328
2025-11-27T16:12:24.71623-08:00,read,key_4,1.53,true,false,3316
2025-11-27T16:12:24.727389-08:00,read,key_738,2.27,true,false,2875
2025-11-27T16:12:24.738685-08:00,read,key_991,2.29,true,false,4521
2025-11-27T16:12:24.749141-08:00,read,key_231,1.80,true,false,4062
2025-11-27T16:12:24.760285-08:00,read,key_925,2.09,false,false,0
2025-11-27T16:12:24.770969-08:00,read,key_347,1.51,true,false,3747
2025-11-27T16:12:24.782148-08:00,read,key_370,1.87,true,false,2150
2025-11-27T16:12:24.793277-08:00,read,key_172,2.18,true,false,4132
2025-11-27T16:12:24.804017-08:00,read,key_902,1.77,true,false,3582
2025-11-27T16:12:24.814394-08:00,read,key_964,1.58,true,false,4239
2025-11-27T16:12:24.825551-08:00,read,key_315,1.98,true,false,2549
2025-11-27T16:12:24.836793-08:00,read,key_982,2.30,true,false,3349
2025-11-27T16:12:24.84792-08:00,read,key_894,1.94,true,false,4281
2025-11-27T16:12:24.870113-08:00,read,key_432,1.98,true,false,3904
2025-11-27T16:12:24.881268-08:00,read,key_99,1.75,true,false,3752
2025-11-27T16:12:24.89191-08:00,read,key_846,3.32,true,false,1397
2025-11-27T16:12:24.902283-08:00,read,key_384,1.59,true,false,167
2025-11-27T16:12:24.913422-08:00,read,key_358,1.73,true,false,3089
2025-11-27T16:12:24.923925-08:00,read,key_975,1.62,true,false,1565
2025-11-27T16:12:24.93514-08:00,read,key_612,2.14,true,false,695
2025-11-27T16:12:24.945652-08:00,read,key_668,1.81,true,false,2536
2025-11-27T16:12:24.956338-08:00,read,key_274,1.75,false,false,0
2025-11-27T16:12:24.967491-08:00,read,key_798,2.24,true,false,4416
2025-11-27T16:12:24.977797-08:00,read,key_661,1.67,true,false,2563
2025-11-27T16:12:24.988977-08:00,read,key_162,1.56,true,false,4110
2025-11-27T16:12:25.000148-08:00,read,key_980,2.58,true,false,3333
2025-11-27T16:12:25.011222-08:00,read,key_594,1.88,true,false,3906
2025-11-27T16:12:25.022931-08:00,read,key_254,1.92,true,false,2952
2025-11-27T16:12:25.033678-08:00,read,key_251,2.31,true,false,3205
2025-11-27T16:12:25.044454-08:00,read,key_638,2.18,true,false,4034
2025-11-27T16:12:25.0556-08:00,read,key_864,1.76,true,false,4260
2025-11-27T16:12:25.066658-08:00,read,key_362,3.01,true,false,4203
2025-11-27T16:12:25.077711-08:00,read,key_932,1.71,true,false,3239
2025-11-27T16:12:25.08786-08:00,read,key_34,1.63,true,false,4497
2025-11-27T16:12:25.099016-08:00,read,key_413,4.25,true,false,4471
2025-11-27T16:12:25.109729-08:00,read,key_639,1.05,true,false,3215
2025-11-27T16:12:25.120161-08:00,read,key_886,0.71,true,false,2281
2025-11-27T16:12:25.131296-08:00,read,key_848,0.66,false,false,0
2025-11-27T16:12:25.142425-08:00,read,key_234,0.83,true,false,4198
2025-11-27T16:12:25.153525-08:00,read,key_49,0.84,true,false,2190
2025-11-27T16:12:24.859082-08:00,write,key_54,305.32,true,false,4535
2025-11-27T16:12:25.164412-08:00,read,key_232,0.57,true,false,4413
2025-11-27T16:12:25.17507-08:00,read,key_856,0.88,true,false,2279
2025-11-27T16:12:25.186226-08:00,read,key_99,0.88,true,false,3752
2025-11-27T16:12:25.197458-08:00,read,key_787,0.70,true,false,4122
2025-11-27T16:12:25.208629-08:00,read,key_402,0.96,true,false,2973
2025-11-27T16:12:25.219829-08:00,read,key_329,0.81,true,false,4303
2025-11-27T16:12:25.230999-08:00,read,key_646,1.86,true,false,4533
2025-11-27T16:12:25.242177-08:00,read,key_49,2.21,true,false,2190
2025-11-27T16:12:25.252462-08:00,read,key_659,1.76,true,false,2373
2025-11-27T16:12:25.263624-08:00,read,key_657,1.80,true,false,2226
2025-11-27T16:12:25.27485-08:00,read,key_152,2.09,true,false,2258
2025-11-27T16:12:25.286559-08:00,read,key_664,2.57,true,false,2629
2025-11-27T16:12:25.29702-08:00,read,key_735,3.22,true,false,143
2025-11-27T16:12:25.308116-08:00,read,key_905,1.34,true,false,4329
2025-11-27T16:12:25.319216-08:00,read,key_362,1.82,true,false,4203
2025-11-27T16:12:25.330286-08:00,read,key_232,1.68,true,false,4413
2025-11-27T16:12:25.341447-08:00,read,key_686,1.44,true,false,1996
2025-11-27T16:12:25.352531-08:00,read,key_367,1.28,true,false,3776
2025-11-27T16:12:25.363617-08:00,read,key_163,1.46,true,false,4505
2025-11-27T16:12:25.374804-08:00,read,key_271,2.11,false,false,0
2025-11-27T16:12:25.385947-08:00,read,key_321,1.35,true,false,4293
2025-11-27T16:12:25.397113-08:00,read,key_552,1.37,true,false,3147
2025-11-27T16:12:25.408157-08:00,read,key_338,1.30,true,false,4492
2025-11-27T16:12:25.419277-08:00,read,key_721,1.68,true,false,4193
2025-11-27T16:12:25.430421-08:00,read,key_680,1.28,true,false,2773
2025-11-27T16:12:25.441604-08:00,read,key_737,1.20,false,false,0
2025-11-27T16:12:25.452703-08:00,read,key_366,1.44,true,false,2032
2025-11-27T16:12:25.463523-08:00,read,key_544,1.67,true,false,2867
2025-11-27T16:12:25.474741-08:00,read,key_370,1.68,true,false,2150
2025-11-27T16:12:25.485896-08:00,read,key_29,1.64,true,false,3496
2025-11-27T16:12:25.497099-08:00,read,key_43,2.29,true,false,3584
2025-11-27T16:12:25.507755-08:00,read,key_595,1.76,true,false,4464
2025-11-27T16:12:25.518275-08:00,read,key_57,1.81,true,false,4524
2025-11-27T16:12:25.528794-08:00,read,key_964,2.01,true,false,4239
2025-11-27T16:12:25.540012-08:00,read,key_907,1.93,true,false,1769
2025-11-27T16:12:25.55117-08:00,read,key_752,1.61,true,false,4450
2025-11-27T16:12:25.561807-08:00,read,key_577,1.89,true,false,2412
2025-11-27T16:12:25.573057-08:00,read,key_197,1.82,true,false,886
2025-11-27T16:12:25.583817-08:00,read,key_863,1.71,true,false,3931
2025-11-27T16:12:25.594969-08:00,read,key_785,1.78,true,false,3946
2025-11-27T16:12:25.605626-08:00,read,key_858,1.67,true,false,1764
2025-11-27T16:12:25.616545-08:00,read,key_83,1.66,true,false,1839
2025-11-27T16:12:25.627365-08:00,read,key_453,1.70,true,false,2442
2025-11-27T16:12:25.6386-08:00,read,key_563,1.58,true,false,3763
2025-11-27T16:12:25.649713-08:00,read,key_538,1.24,true,false,4267
2025-11-27T16:12:25.66065-08:00,read,key_329,2.16,true,false,4303
2025-11-27T16:12:25.671912-08:00,read,key_81,2.11,true,false,2358
2025-11-27T16:12:25.682876-08:00,read,key_729,1.69,true,false,508
2025-11-27T16:12:25.694005-08:00,read,key_429,2.34,true,false,2637
2025-11-27T16:12:25.705144-08:00,read,key_333,2.06,true,false,1973
2025-11-27T16:12:25.716318-08:00,read,key_749,1.73,true,false,326
2025-11-27T16:12:25.7275-08:00,read,key_202,2.77,true,false,3209
2025-11-27T16:12:25.73822-08:00,read,key_678,1.87,true,false,4088
2025-11-27T16:12:25.749372-08:00,read,key_130,1.71,true,false,4307
2025-11-27T16:12:25.760498-08:00,read,key_904,3.14,true,false,4381
2025-11-27T16:12:25.771697-08:00,read,key_956,1.75,true,false,4421
2025-11-27T16:12:25.78294-08:00,read,key_688,1.92,true,false,3170
2025-11-27T16:12:25.7941-08:00,read,key_313,2.29,true,false,2713
2025-11-27T16:12:25.805236-08:00,read,key_561,1.62,true,false,3762
2025-11-27T16:12:25.816448-08:00,read,key_993,1.62,true,false,4108
2025-11-27T16:12:25.827627-08:00,read,key_137,2.24,true,false,4243
2025-11-27T16:12:25.838747-08:00,read,key_792,1.79,true,false,2512
2025-11-27T16:12:25.84993-08:00,read,key_476,1.65,true,false,4394
2025-11-27T16:12:25.860924-08:00,read,key_439,2.23,true,false,4482
2025-11-27T16:12:25.872071-08:00,read,key_896,2.08,true,false,3682
2025-11-27T16:12:25.883232-08:00,read,key_594,1.72,true,false,3906
2025-11-27T16:12:25.893498-08:00,read,key_177,3.73,true,false,2268
2025-11-27T16:12:25.904459-08:00,read,key_447,1.95,true,false,3294
2025-11-27T16:12:25.915627-08:00,read,key_888,1.70,true,false,3722
2025-11-27T16:12:25.926773-08:00,read,key_642,2.28,true,false,3647
2025-11-27T16:12:25.937936-08:00,read,key_87,1.92,true,false,2354
2025-11-27T16:12:25.948849-08:00,read,key_369,1.56,true,false,4252
2025-11-27T16:12:25.959937-08:00,read,key_768,2.19,true,false,4022
2025-11-27T16:12:25.970815-08:00,read,key_740,1.40,true,false,4519
2025-11-27T16:12:25.982-08:00,read,key_975,1.77,true,false,1565
2025-11-27T16:12:25.99252-08:00,read,key_10,1.47,true,false,2639
2025-11-27T16:12:26.003599-08:00,read,key_115,1.32,true,false,4355
2025-11-27T16:12:26.014756-08:00,read,key_52,1.74,true,false,4240
2025-11-27T16:12:26.025902-08:00,read,key_836,2.64,true,false,4347
2025-11-27T16:12:26.036255-08:00,read,key_795,1.99,true,false,85
2025-11-27T16:12:26.047443-08:00,read,key_144,1.85,true,false,1325
2025-11-27T16:12:26.058626-08:00,read,key_745,2.17,true,false,994
2025-11-27T16:12:26.0694-08:00,read,key_294,1.75,true,false,3066
2025-11-27T16:12:26.080495-08:00,read,key_44,1.56,true,false,3552
2025-11-27T16:12:26.091661-08:00,read,key_182,1.74,true,false,4441
2025-11-27T16:12:26.102916-08:00,read,key_206,1.43,true,false,3657
2025-11-27T16:12:26.113961-08:00,read,key_334,1.53,true,false,2739
2025-11-27T16:12:26.125067-08:00,read,key_968,1.46,true,false,3199
2025-11-27T16:12:26.136267-08:00,read,key_683,1.39,true,false,3210
2025-11-27T16:12:26.147354-08:00,read,key_165,1.09,true,false,1654
2025-11-27T16:12:26.158357-08:00,read,key_482,1.75,false,false,0
2025-11-27T16:12:26.169379-08:00,read,key_948,1.94,true,false,1158
2025-11-27T16:12:26.180473-08:00,read,key_192,1.56,true,false,2658
2025-11-27T16:12:26.191618-08:00,read,key_165,2.28,true,false,1654
2025-11-27T16:12:26.202658-08:00,read,key_245,1.57,true,false,2835
2025-11-27T16:12:26.213843-08:00,read,key_750,1.70,true,false,4339
2025-11-27T16:12:26.224838-08:00,read,key_15,2.78,true,false,3413
2025-11-27T16:12:26.23585-08:00,read,key_789,1.50,true,false,4518
2025-11-27T16:12:26.246515-08:00,read,key_559,1.69,true,false,3422
2025-11-27T16:12:26.257702-08:00,read,key_369,1.32,true,false,4252
2025-11-27T16:12:26.268808-08:00,read,key_843,0.97,true,false,505
2025-11-27T16:12:26.279947-08:00,read,key_186,1.71,true,false,4301
2025-11-27T16:12:26.290892-08:00,read,key_503,1.23,true,false,3249
2025-11-27T16:12:26.301975-08:00,read,key_376,2.24,true,false,1699
2025-11-27T16:12:26.312481-08:00,read,key_384,0.91,true,false,167
2025-11-27T16:12:26.323168-08:00,read,key_567,0.92,true,false,3668
2025-11-27T16:12:26.334316-08:00,read,key_815,2.08,true,false,2897
2025-11-27T16:12:26.345512-08:00,read,key_868,1.63,true,false,4216
2025-11-27T16:12:26.356634-08:00,read,key_773,1.01,true,false,3812
2025-11-27T16:12:26.367789-08:00,read,key_746,0.97,true,false,1903
2025-11-27T16:12:26.378889-08:00,read,key_792,1.38,true,false,2512
2025-11-27T16:12:26.390098-08:00,read,key_823,2.03,true,false,4018
2025-11-27T16:12:26.401161-08:00,read,key_984,1.44,true,false,3157
2025-11-27T16:12:26.412386-08:00,read,key_180,1.78,true,false,4328
2025-11-27T16:12:26.423474-08:00,read,key_666,2.19,true,false,2540
2025-11-27T16:12:26.434608-08:00,read,key_369,1.62,true,false,4252
2025-11-27T16:12:26.444906-08:00,read,key_154,1.75,true,false,4016
2025-11-27T16:12:26.456088-08:00,read,key_913,1.97,true,false,2283
2025-11-27T16:12:26.466851-08:00,read,key_59,1.74,true,false,3403
2025-11-27T16:12:26.477464-08:00,read,key_12,1.61,true,false,3861
2025-11-27T16:12:26.488561-08:00,read,key_24,3.09,true,false,3538
2025-11-27T16:12:26.498809-08:00,read,key_546,1.99,true,false,4363
2025-11-27T16:12:26.509919-08:00,read,key_487,1.57,true,false,3302
2025-11-27T16:12:26.521079-08:00,read,key_197,2.04,true,false,886
2025-11-27T16:12:26.532267-08:00,read,key_724,1.98,true,false,4055
2025-11-27T16:12:26.543411-08:00,read,key_875,1.66,true,false,3618
2025-11-27T16:12:26.55456-08:00,read,key_297,2.20,true,false,3857
2025-11-27T16:12:26.565671-08:00,read,key_107,1.18,true,false,1418
2025-11-27T16:12:26.576234-08:00,read,key_609,1.07,true,false,2220
2025-11-27T16:12:26.587399-08:00,read,key_741,2.05,false,false,0
2025-11-27T16:12:26.598204-08:00,read,key_223,1.76,true,false,4151
2025-11-27T16:12:26.608659-08:00,read,key_3,1.60,true,false,2575
2025-11-27T16:12:26.618773-08:00,read,key_199,0.78,true,false,3027
2025-11-27T16:12:26.629503-08:00,read,key_871,0.99,true,false,4299
2025-11-27T16:12:26.640596-08:00,read,key_671,0.84,true,false,4409
2025-11-27T16:12:26.65175-08:00,read,key_960,1.58,true,false,4127
2025-11-27T16:12:26.66285-08:00,read,key_39,2.67,true,false,4414
2025-11-27T16:12:26.673884-08:00,read,key_867,0.79,true,false,4020
2025-11-27T16:12:26.685006-08:00,read,key_163,1.75,true,false,4505
2025-11-27T16:12:26.696125-08:00,read,key_56,1.28,true,false,4529
2025-11-27T16:12:26.706913-08:00,read,key_372,1.75,true,false,3518
2025-11-27T16:12:26.718089-08:00,read,key_344,1.66,true,false,3787
2025-11-27T16:12:26.728651-08:00,read,key_773,2.09,true,false,3812
2025-11-27T16:12:26.739551-08:00,read,key_744,1.77,true,false,1224
2025-11-27T16:12:26.750568-08:00,read,key_551,2.02,true,false,2898
2025-11-27T16:12:26.76129-08:00,read,key_780,1.96,true,false,3440
2025-11-27T16:12:26.772021-08:00,read,key_937,2.08,true,false,1206
2025-11-27T16:12:26.783028-08:00,read,key_340,2.47,true,false,4271
2025-11-27T16:12:26.794148-08:00,read,key_634,1.99,true,false,4073
2025-11-27T16:12:26.805351-08:00,read,key_743,1.62,true,false,595
2025-11-27T16:12:26.815835-08:00,read,key_950,1.48,true,false,3043
2025-11-27T16:12:26.826995-08:00,read,key_642,1.60,true,false,3647
2025-11-27T16:12:26.838228-08:00,read,key_420,1.81,true,false,3140
2025-11-27T16:12:26.849367-08:00,read,key_192,1.90,true,false,2658
2025-11-27T16:12:26.86052-08:00,read,key_110,2.34,true,false,4500
2025-11-27T16:12:26.871699-08:00,read,key_80,1.82,true,false,3214
2025-11-27T16:12:26.88286-08:00,read,key_775,1.54,true,false,3520
2025-11-27T16:12:26.893528-08:00,read,key_166,2.00,true,false,3917
2025-11-27T16:12:26.904813-08:00,read,key_891,1.71,true,false,4024
2025-11-27T16:12:26.915984-08:00,read,key_158,1.71,true,false,2583
2025-11-27T16:12:26.926387-08:00,read,key_322,1.58,true,false,4327
2025-11-27T16:12:26.93762-08:00,read,key_907,1.75,true,false,1769
2025-11-27T16:12:26.948774-08:00,read,key_225,1.60,true,false,119
2025-11-27T16:12:26.959872-08:00,read,key_319,1.28,true,false,2755
2025-11-27T16:12:26.971038-08:00,read,key_25,1.05,true,false,4436
2025-11-27T16:12:26.981979-08:00,read,key_673,1.81,true,false,3393
2025-11-27T16:12:26.99314-08:00,read,key_551,2.09,true,false,2898
2025-11-27T16:12:27.004292-08:00,read,key_660,0.78,true,false,2422
2025-11-27T16:12:27.015447-08:00,read,key_867,1.82,true,false,4020
2025-11-27T16:12:27.026542-08:00,read,key_647,1.03,true,false,3723
2025-11-27T16:12:27.037691-08:00,read,key_243,1.76,true,false,4331
2025-11-27T16:12:27.048835-08:00,read,key_977,1.76,true,false,4369
2025-11-27T16:12:27.059761-08:00,read,key_537,1.04,true,false,4437
2025-11-27T16:12:27.070918-08:00,read,key_772,1.32,true,false,3933
2025-11-27T16:12:27.082059-08:00,read,key_991,1.18,true,false,4521
2025-11-27T16:12:27.093171-08:00,read,key_873,1.19,true,false,2160
2025-11-27T16:12:27.104305-08:00,read,key_6,1.16,true,false,2414
2025-11-27T16:12:27.115407-08:00,read,key_894,1.15,true,false,4281
2025-11-27T16:12:27.126204-08:00,read,key_17,1.23,true,false,3279
2025-11-27T16:12:27.137358-08:00,read,key_978,1.06,true,false,3014
2025-11-27T16:12:27.148487-08:00,read,key_488,1.73,true,false,4160
2025-11-27T16:12:27.159654-08:00,read,key_365,2.32,true,false,4431
2025-11-27T16:12:27.170812-08:00,read,key_654,1.77,true,false,1841
2025-11-27T16:12:27.181944-08:00,read,key_364,1.74,true,false,1301
2025-11-27T16:12:27.19255-08:00,read,key_720,2.24,true,false,945
2025-11-27T16:12:27.202754-08:00,read,key_653,1.89,true,false,4222
2025-11-27T16:12:27.213873-08:00,read,key_411,1.73,true,false,4313
2025-11-27T16:12:27.224967-08:00,read,key_131,0.99,true,false,4106
2025-11-27T16:12:27.236162-08:00,read,key_168,2.10,true,false,2727
2025-11-27T16:12:27.258455-08:00,read,key_236,1.28,true,false,3856
2025-11-27T16:12:27.269-08:00,read,key_636,1.42,true,false,3837
2025-11-27T16:12:27.280217-08:00,read,key_40,1.64,true,false,2269
2025-11-27T16:12:27.291506-08:00,read,key_118,2.44,true,false,4300
2025-11-27T16:12:27.302035-08:00,read,key_886,1.67,true,false,2281
2025-11-27T16:12:27.313119-08:00,read,key_479,1.34,true,false,4279
2025-11-27T16:12:27.324203-08:00,read,key_305,2.10,true,false,3175
2025-11-27T16:12:27.335126-08:00,read,key_270,0.99,false,false,0
2025-11-27T16:12:27.346266-08:00,read,key_369,1.70,true,false,4252
2025-11-27T16:12:27.357403-08:00,read,key_772,1.81,true,false,3933
2025-11-27T16:12:27.368604-08:00,read,key_106,1.79,true,false,578
2025-11-27T16:12:27.379243-08:00,read,key_480,1.54,true,false,3693
2025-11-27T16:12:27.390392-08:00,read,key_183,2.32,true,false,4411
2025-11-27T16:12:27.401533-08:00,read,key_13,1.72,true,false,3101
2025-11-27T16:12:27.412693-08:00,read,key_78,1.71,true,false,4481
2025-11-27T16:12:27.422915-08:00,read,key_409,2.05,true,false,2425
2025-11-27T16:12:27.433696-08:00,read,key_182,1.93,true,false,4441
2025-11-27T16:12:27.444851-08:00,read,key_566,0.99,true,false,3688
2025-11-27T16:12:27.456086-08:00,read,key_172,1.97,true,false,4132
2025-11-27T16:12:27.467272-08:00,read,key_785,1.77,true,false,3946
2025-11-27T16:12:27.478342-08:00,read,key_191,0.87,true,false,521
2025-11-27T16:12:27.48954-08:00,read,key_874,2.16,true,false,2457
2025-11-27T16:12:27.500273-08:00,read,key_342,2.13,true,false,4449
2025-11-27T16:12:27.511425-08:00,read,key_453,1.19,true,false,2442
2025-11-27T16:12:27.522615-08:00,read,key_357,2.38,true,false,115
2025-11-27T16:12:27.533561-08:00,read,key_856,1.83,true,false,2279
2025-11-27T16:12:27.544345-08:00,read,key_684,1.65,true,false,2443
2025-11-27T16:12:27.555487-08:00,read,key_244,2.29,false,false,0
2025-11-27T16:12:27.247397-08:00,write,key_320,310.56,true,false,4536
2025-11-27T16:12:27.566647-08:00,read,key_196,1.75,true,false,4064
2025-11-27T16:12:27.577799-08:00,read,key_975,1.80,true,false,1565
2025-11-27T16:12:27.588665-08:00,read,key_688,1.85,true,false,3170
2025-11-27T16:12:27.598902-08:00,read,key_455,2.06,true,false,4081
2025-11-27T16:12:27.60916-08:00,read,key_901,0.76,true,false,2529
2025-11-27T16:12:27.620298-08:00,read,key_986,1.81,true,false,3463
2025-11-27T16:12:27.630704-08:00,read,key_87,2.06,true,false,2354
2025-11-27T16:12:27.641849-08:00,read,key_480,0.95,true,false,3693
2025-11-27T16:12:27.652964-08:00,read,key_919,1.54,true,false,2364
2025-11-27T16:12:27.664203-08:00,read,key_612,2.37,true,false,695
2025-11-27T16:12:27.675343-08:00,read,key_343,1.71,true,false,4408
2025-11-27T16:12:27.686494-08:00,read,key_783,1.60,true,false,1801
2025-11-27T16:12:27.697244-08:00,read,key_298,2.23,true,false,4330
2025-11-27T16:12:27.708103-08:00,read,key_138,2.37,true,false,4109
2025-11-27T16:12:27.719207-08:00,read,key_379,1.71,true,false,2570
2025-11-27T16:12:27.730122-08:00,read,key_893,2.44,true,false,4323
2025-11-27T16:12:27.741218-08:00,read,key_34,1.23,true,false,4497
2025-11-27T16:12:27.751986-08:00,read,key_231,1.63,true,false,4062
2025-11-27T16:12:27.762872-08:00,read,key_630,1.14,true,false,3815
2025-11-27T16:12:27.774117-08:00,read,key_99,1.63,true,false,3752
2025-11-27T16:12:27.785238-08:00,read,key_897,0.86,true,false,3704
2025-11-27T16:12:27.796167-08:00,read,key_766,2.16,true,false,4296
2025-11-27T16:12:27.8073-08:00,read,key_973,1.90,true,false,4384
2025-11-27T16:12:27.817823-08:00,read,key_336,1.48,true,false,2700
2025-11-27T16:12:27.829047-08:00,read,key_813,2.82,true,false,4255
2025-11-27T16:12:27.840007-08:00,read,key_248,1.74,true,false,2772
2025-11-27T16:12:27.851149-08:00,read,key_787,1.62,true,false,4122
2025-11-27T16:12:27.86229-08:00,read,key_347,2.26,true,false,3747
2025-11-27T16:12:27.873461-08:00,read,key_886,1.78,true,false,2281
2025-11-27T16:12:27.884554-08:00,read,key_613,1.39,true,false,1715
2025-11-27T16:12:27.895699-08:00,read,key_853,3.25,true,false,2207
2025-11-27T16:12:27.906439-08:00,read,key_783,1.65,true,false,1801
2025-11-27T16:12:27.917616-08:00,read,key_730,1.76,true,false,3192
2025-11-27T16:12:27.928502-08:00,read,key_88,2.23,true,false,2264
2025-11-27T16:12:27.939639-08:00,read,key_104,1.64,true,false,2557
2025-11-27T16:12:27.950209-08:00,read,key_196,1.69,true,false,4064
2025-11-27T16:12:27.961319-08:00,read,key_985,0.94,true,false,2937
2025-11-27T16:12:27.972448-08:00,read,key_209,1.66,true,false,3531
2025-11-27T16:12:27.983554-08:00,read,key_506,1.60,true,false,973
2025-11-27T16:12:27.99483-08:00,read,key_906,1.97,true,false,3793
2025-11-27T16:12:28.006016-08:00,read,key_137,1.61,true,false,4243
2025-11-27T16:12:28.017169-08:00,read,key_909,1.63,true,false,2474
2025-11-27T16:12:28.028414-08:00,read,key_130,1.90,true,false,4307
2025-11-27T16:12:28.0498-08:00,read,key_953,1.71,true,false,3236
2025-11-27T16:12:28.061045-08:00,read,key_761,2.31,true,false,2199
2025-11-27T16:12:28.071338-08:00,read,key_480,1.67,true,false,3693
2025-11-27T16:12:28.082483-08:00,read,key_996,1.65,true,false,4407
2025-11-27T16:12:28.093539-08:00,read,key_292,2.12,true,false,4196
2025-11-27T16:12:28.104518-08:00,read,key_246,1.63,true,false,1219
2025-11-27T16:12:28.115653-08:00,read,key_213,1.88,true,false,4424
2025-11-27T16:12:28.126298-08:00,read,key_338,2.06,true,false,4492
2025-11-27T16:12:28.136715-08:00,read,key_428,1.91,true,false,4100
2025-11-27T16:12:28.147818-08:00,read,key_93,0.78,true,false,4336
2025-11-27T16:12:28.158483-08:00,read,key_93,1.71,true,false,4336
2025-11-27T16:12:28.169646-08:00,read,key_791,1.96,true,false,926
2025-11-27T16:12:28.180749-08:00,read,key_651,0.93,true,false,1587
2025-11-27T16:12:28.19186-08:00,read,key_743,1.06,true,false,595
2025-11-27T16:12:28.203051-08:00,read,key_368,1.46,true,false,4389
2025-11-27T16:12:28.214213-08:00,read,key_633,1.63,true,false,4116
2025-11-27T16:12:28.225383-08:00,read,key_599,1.71,true,false,4173
2025-11-27T16:12:28.236635-08:00,read,key_769,1.82,true,false,4142
2025-11-27T16:12:28.247335-08:00,read,key_6,1.69,true,false,2414
2025-11-27T16:12:28.258492-08:00,read,key_15,1.96,true,false,3413
2025-11-27T16:12:28.268775-08:00,read,key_82,2.12,true,false,954
2025-11-27T16:12:28.279899-08:00,read,key_488,0.99,true,false,4160
2025-11-27T16:12:28.290676-08:00,read,key_810,0.96,true,false,3082
2025-11-27T16:12:28.30198-08:00,read,key_530,2.18,true,false,3385
2025-11-27T16:12:28.313165-08:00,read,key_530,1.79,true,false,3385
2025-11-27T16:12:28.324319-08:00,read,key_388,1.96,true,false,4371
2025-11-27T16:12:28.335486-08:00,read,key_189,1.85,true,false,4508
2025-11-27T16:12:28.346332-08:00,read,key_952,1.60,true,false,3558
2025-11-27T16:12:28.039397-08:00,write,key_952,308.73,true,false,4537
2025-11-27T16:12:28.357482-08:00,read,key_600,2.05,true,false,4525
2025-11-27T16:12:28.367735-08:00,read,key_223,2.33,true,false,4151
2025-11-27T16:12:28.378369-08:00,read,key_346,0.71,true,false,4103
2025-11-27T16:12:28.389556-08:00,read,key_192,1.64,true,false,2658
2025-11-27T16:12:28.400141-08:00,read,key_560,1.96,true,false,3599
2025-11-27T16:12:28.411325-08:00,read,key_375,1.69,true,false,1432
2025-11-27T16:12:28.422435-08:00,read,key_796,0.99,true,false,4496
2025-11-27T16:12:28.433299-08:00,read,key_197,2.05,true,false,886
2025-11-27T16:12:28.443634-08:00,read,key_400,1.55,false,false,0
2025-11-27T16:12:28.454513-08:00,read,key_813,0.84,true,false,4255
2025-11-27T16:12:28.465186-08:00,read,key_786,2.26,true,false,1236
2025-11-27T16:12:28.476302-08:00,read,key_414,1.67,true,false,4335
2025-11-27T16:12:28.486609-08:00,read,key_258,0.84,true,false,3097
2025-11-27T16:12:28.496795-08:00,read,key_791,1.70,true,false,926
2025-11-27T16:12:28.508085-08:00,read,key_962,2.39,true,false,3980
2025-11-27T16:12:28.518708-08:00,read,key_170,1.72,true,false,3416
2025-11-27T16:12:28.529852-08:00,read,key_874,1.64,true,false,2457
2025-11-27T16:12:28.540394-08:00,read,key_73,2.23,true,false,4534
2025-11-27T16:12:28.550816-08:00,read,key_40,2.27,true,false,2269
2025-11-27T16:12:28.561916-08:00,read,key_595,1.82,true,false,4464
2025-11-27T16:12:28.5731-08:00,read,key_343,2.09,true,false,4408
2025-11-27T16:12:28.584294-08:00,read,key_648,1.88,true,false,83
2025-11-27T16:12:28.59545-08:00,read,key_790,1.64,true,false,4346
2025-11-27T16:12:28.606185-08:00,read,key_536,1.20,true,false,4516
2025-11-27T16:12:28.617286-08:00,read,key_430,1.04,true,false,4308
2025-11-27T16:12:28.627971-08:00,read,key_756,1.66,true,false,4226
2025-11-27T16:12:28.639083-08:00,read,key_688,2.71,true,false,3170
2025-11-27T16:12:28.650175-08:00,read,key_794,1.62,true,false,3910
2025-11-27T16:12:28.661333-08:00,read,key_516,1.69,true,false,2514
2025-11-27T16:12:28.672484-08:00,read,key_864,2.20,true,false,4260
2025-11-27T16:12:28.683405-08:00,read,key_59,1.87,true,false,3403
2025-11-27T16:12:28.69456-08:00,read,key_849,1.65,true,false,3766
2025-11-27T16:12:28.70502-08:00,read,key_611,2.19,true,false,904
2025-11-27T16:12:28.715962-08:00,read,key_81,2.01,true,false,2358
2025-11-27T16:12:28.727155-08:00,read,key_144,1.57,true,false,1325
2025-11-27T16:12:28.73838-08:00,read,key_942,2.26,true,false,4068
2025-11-27T16:12:28.749209-08:00,read,key_465,1.80,true,false,4386
2025-11-27T16:12:28.759743-08:00,read,key_80,0.93,true,false,3214
2025-11-27T16:12:28.770873-08:00,read,key_551,1.65,true,false,2898
2025-11-27T16:12:28.782018-08:00,read,key_84,1.74,true,false,4475
2025-11-27T16:12:28.793199-08:00,read,key_488,1.76,true,false,4160
2025-11-27T16:12:28.803834-08:00,read,key_413,1.62,true,false,4471
2025-11-27T16:12:28.815065-08:00,read,key_270,2.06,false,false,0
2025-11-27T16:12:28.826209-08:00,read,key_965,1.75,true,false,3593
2025-11-27T16:12:28.836393-08:00,read,key_773,1.15,true,false,3812
2025-11-27T16:12:28.847711-08:00,read,key_825,1.90,true,false,4280
2025-11-27T16:12:28.858181-08:00,read,key_781,1.63,true,false,4368
2025-11-27T16:12:28.869301-08:00,read,key_884,0.98,true,false,2562
2025-11-27T16:12:28.879996-08:00,read,key_188,2.58,true,false,4400
2025-11-27T16:12:28.890959-08:00,read,key_82,1.70,true,false,954
2025-11-27T16:12:28.902084-08:00,read,key_439,1.65,true,false,4482
2025-11-27T16:12:28.91327-08:00,read,key_745,2.34,true,false,994
2025-11-27T16:12:28.923678-08:00,read,key_945,1.96,false,false,0
2025-11-27T16:12:28.934876-08:00,read,key_969,1.67,true,false,4007
2025-11-27T16:12:28.946144-08:00,read,key_735,2.15,true,false,143
2025-11-27T16:12:28.96845-08:00,read,key_223,1.65,true,false,4151
2025-11-27T16:12:28.979344-08:00,read,key_669,2.14,true,false,2841
2025-11-27T16:12:28.99055-08:00,read,key_241,1.72,true,false,721
2025-11-27T16:12:29.001725-08:00,read,key_947,1.55,true,false,4526
2025-11-27T16:12:29.012863-08:00,read,key_321,0.93,true,false,4293
2025-11-27T16:12:29.023711-08:00,read,key_902,1.56,true,false,3582
2025-11-27T16:12:29.0349-08:00,read,key_190,1.74,true,false,2866
2025-11-27T16:12:29.045632-08:00,read,key_238,2.04,true,false,4036
2025-11-27T16:12:29.056825-08:00,read,key_984,1.64,true,false,3157
2025-11-27T16:12:29.068009-08:00,read,key_378,1.62,true,false,2139
2025-11-27T16:12:29.079133-08:00,read,key_787,2.37,true,false,4122
2025-11-27T16:12:29.090278-08:00,read,key_754,1.72,true,false,4365
2025-11-27T16:12:29.101003-08:00,read,key_964,1.78,true,false,4239
2025-11-27T16:12:29.112226-08:00,read,key_98,2.00,true,false,4348
2025-11-27T16:12:29.122626-08:00,read,key_86,2.73,true,false,2131
2025-11-27T16:12:29.133699-08:00,read,key_453,1.89,true,false,2442
2025-11-27T16:12:29.144837-08:00,read,key_468,2.14,true,false,4469
2025-11-27T16:12:29.155905-08:00,read,key_427,0.78,true,false,4476
2025-11-27T16:12:29.167084-08:00,read,key_8,1.93,true,false,3611
2025-11-27T16:12:29.177805-08:00,read,key_265,2.22,true,false,4286
2025-11-27T16:12:29.189013-08:00,read,key_45,1.84,true,false,2584
2025-11-27T16:12:29.200233-08:00,read,key_147,2.80,true,false,900
2025-11-27T16:12:29.21086-08:00,read,key_109,1.30,true,false,1103
2025-11-27T16:12:29.221925-08:00,read,key_405,0.61,true,false,2497
2025-11-27T16:12:29.233129-08:00,read,key_756,1.20,true,false,4226
2025-11-27T16:12:29.244105-08:00,read,key_150,1.70,true,false,3350
2025-11-27T16:12:29.255229-08:00,read,key_759,1.12,true,false,4429
2025-11-27T16:12:28.957272-08:00,write,key_174,307.81,true,false,4538
2025-11-27T16:12:29.265401-08:00,read,key_537,1.60,true,false,4437
2025-11-27T16:12:29.276534-08:00,read,key_771,1.12,true,false,3830
2025-11-27T16:12:29.287446-08:00,read,key_825,0.99,true,false,4280
2025-11-27T16:12:29.297992-08:00,read,key_351,0.95,true,false,2299
2025-11-27T16:12:29.309145-08:00,read,key_109,1.69,true,false,1103
2025-11-27T16:12:29.320296-08:00,read,key_738,1.72,true,false,2875
2025-11-27T16:12:29.33146-08:00,read,key_144,1.82,true,false,1325
2025-11-27T16:12:29.342672-08:00,read,key_484,2.68,false,false,0
2025-11-27T16:12:29.35301-08:00,read,key_981,2.02,true,false,3345
2025-11-27T16:12:29.363215-08:00,read,key_269,1.75,true,false,4435
2025-11-27T16:12:29.374409-08:00,read,key_609,1.77,true,false,2220
2025-11-27T16:12:29.385582-08:00,read,key_342,1.61,true,false,4449
2025-11-27T16:12:29.396293-08:00,read,key_325,1.72,true,false,4451
2025-11-27T16:12:29.407602-08:00,read,key_240,1.79,true,false,4211
2025-11-27T16:12:29.418299-08:00,read,key_202,2.62,true,false,3209
2025-11-27T16:12:29.429409-08:00,read,key_179,1.87,true,false,2008
2025-11-27T16:12:29.440172-08:00,read,key_905,1.73,true,false,4329
2025-11-27T16:12:29.45136-08:00,read,key_980,2.53,true,false,3333
2025-11-27T16:12:29.461681-08:00,read,key_790,1.71,true,false,4346
2025-11-27T16:12:29.472473-08:00,read,key_280,1.71,false,false,0
2025-11-27T16:12:29.482913-08:00,read,key_413,2.00,true,false,4471
2025-11-27T16:12:29.494086-08:00,read,key_966,2.04,true,false,3585
2025-11-27T16:12:29.505238-08:00,read,key_865,1.79,true,false,2435
2025-11-27T16:12:29.51642-08:00,read,key_801,2.03,true,false,2496
2025-11-27T16:12:29.527752-08:00,read,key_400,1.73,false,false,0
2025-11-27T16:12:29.538916-08:00,read,key_136,1.76,true,false,4453
2025-11-27T16:12:29.550078-08:00,read,key_987,2.22,true,false,2519
2025-11-27T16:12:29.561203-08:00,read,key_137,1.71,true,false,4243
2025-11-27T16:12:29.572368-08:00,read,key_858,1.68,true,false,1764
2025-11-27T16:12:29.583048-08:00,read,key_895,2.11,true,false,3091
2025-11-27T16:12:29.593716-08:00,read,key_822,0.84,false,false,0
2025-11-27T16:12:29.604064-08:00,read,key_862,0.78,true,false,2924
2025-11-27T16:12:29.61518-08:00,read,key_523,0.93,true,false,1989
2025-11-27T16:12:29.625953-08:00,read,key_6,1.68,true,false,2414
2025-11-27T16:12:29.637099-08:00,read,key_309,1.89,true,false,2323
2025-11-27T16:12:29.647642-08:00,read,key_189,1.64,true,false,4508
2025-11-27T16:12:29.658726-08:00,read,key_753,2.18,true,false,4242
2025-11-27T16:12:29.669867-08:00,read,key_430,1.66,true,false,4308
2025-11-27T16:12:29.680176-08:00,read,key_768,1.62,true,false,4022
2025-11-27T16:12:29.69136-08:00,read,key_771,1.95,true,false,3830
2025-11-27T16:12:29.702552-08:00,read,key_967,1.70,true,false,3713
2025-11-27T16:12:29.7137-08:00,read,key_633,1.75,true,false,4116
2025-11-27T16:12:29.724906-08:00,read,key_842,2.06,true,false,1723
2025-11-27T16:12:29.736153-08:00,read,key_605,2.50,true,false,1863
2025-11-27T16:12:29.747309-08:00,read,key_533,3.12,false,false,0
2025-11-27T16:12:29.758402-08:00,read,key_133,1.91,true,false,4425
2025-11-27T16:12:29.769529-08:00,read,key_761,1.01,true,false,2199
2025-11-27T16:12:29.780698-08:00,read,key_658,1.36,true,false,2101
2025-11-27T16:12:29.791136-08:00,read,key_182,2.13,true,false,4441
2025-11-27T16:12:29.802302-08:00,read,key_891,1.66,true,false,4024
2025-11-27T16:12:29.812599-08:00,read,key_974,1.70,true,false,4181
2025-11-27T16:12:29.823749-08:00,read,key_346,0.98,true,false,4103
2025-11-27T16:12:29.834837-08:00,read,key_903,0.82,true,false,4244
2025-11-27T16:12:29.845949-08:00,read,key_104,1.25,true,false,2557
2025-11-27T16:12:29.857088-08:00,read,key_369,2.13,true,false,4252
2025-11-27T16:12:29.868267-08:00,read,key_819,1.85,true,false,3427
2025-11-27T16:12:29.879425-08:00,read,key_69,2.51,true,false,4063
2025-11-27T16:12:29.89043-08:00,read,key_858,0.91,true,false,1764
2025-11-27T16:12:29.912321-08:00,read,key_788,2.02,true,false,1890
2025-11-27T16:12:29.923113-08:00,read,key_759,2.05,true,false,4429
2025-11-27T16:12:29.933553-08:00,read,key_957,1.78,true,false,4289
2025-11-27T16:12:29.944535-08:00,read,key_934,1.68,true,false,3938
2025-11-27T16:12:29.955688-08:00,read,key_961,2.19,true,false,3521
2025-11-27T16:12:29.96654-08:00,read,key_617,1.59,true,false,713
2025-11-27T16:12:29.977647-08:00,read,key_706,0.89,true,false,1938
2025-11-27T16:12:29.988819-08:00,read,key_483,2.03,false,false,0
2025-11-27T16:12:29.999923-08:00,read,key_343,1.85,true,false,4408
2025-11-27T16:12:30.010146-08:00,read,key_652,1.69,true,false,4465
2025-11-27T16:12:30.021325-08:00,read,key_983,2.11,true,false,2555
2025-11-27T16:12:30.031918-08:00,read,key_224,1.65,true,false,3750
2025-11-27T16:12:30.043063-08:00,read,key_639,0.76,true,false,3215
2025-11-27T16:12:30.053555-08:00,read,key_560,2.17,true,false,3599
2025-11-27T16:12:30.064596-08:00,read,key_832,0.84,true,false,4423
2025-11-27T16:12:30.074932-08:00,read,key_546,0.96,true,false,4363
2025-11-27T16:12:30.085113-08:00,read,key_949,1.04,true,false,4333
2025-11-27T16:12:30.096172-08:00,read,key_615,2.25,true,false,839
2025-11-27T16:12:30.10687-08:00,read,key_385,1.63,true,false,4507
2025-11-27T16:12:30.11803-08:00,read,key_948,1.24,true,false,1158
2025-11-27T16:12:30.129033-08:00,read,key_153,2.11,true,false,3894
2025-11-27T16:12:30.139938-08:00,read,key_183,1.81,true,false,4411
2025-11-27T16:12:30.151099-08:00,read,key_58,1.56,true,false,4082
2025-11-27T16:12:30.162204-08:00,read,key_747,2.43,true,false,1749
2025-11-27T16:12:30.173325-08:00,read,key_329,1.72,true,false,4303
2025-11-27T16:12:30.184449-08:00,read,key_756,1.75,true,false,4226
2025-11-27T16:12:30.195662-08:00,read,key_759,2.08,true,false,4429
2025-11-27T16:12:30.206783-08:00,read,key_812,1.74,true,false,2921
2025-11-27T16:12:29.901547-08:00,write,key_342,311.52,true,false,4539
2025-11-27T16:12:30.21744-08:00,read,key_875,1.45,true,false,3618
2025-11-27T16:12:30.228999-08:00,read,key_440,2.68,true,false,2505
2025-11-27T16:12:30.239983-08:00,read,key_503,1.61,true,false,3249
2025-11-27T16:12:30.251078-08:00,read,key_44,1.72,true,false,3552
2025-11-27T16:12:30.261539-08:00,read,key_187,1.81,true,false,4382
2025-11-27T16:12:30.272745-08:00,read,key_974,1.55,true,false,4181
2025-11-27T16:12:30.283952-08:00,read,key_436,1.11,true,false,4309
2025-11-27T16:12:30.295074-08:00,read,key_820,1.35,true,false,2730
2025-11-27T16:12:30.305315-08:00,read,key_569,1.77,true,false,2259
2025-11-27T16:12:30.315866-08:00,read,key_236,1.49,true,false,3856
2025-11-27T16:12:30.326922-08:00,read,key_678,1.26,true,false,4088
2025-11-27T16:12:30.338108-08:00,read,key_240,1.49,true,false,4211
2025-11-27T16:12:30.349267-08:00,read,key_596,0.78,true,false,4343
2025-11-27T16:12:30.360445-08:00,read,key_448,3.15,true,false,3191
2025-11-27T16:12:30.370899-08:00,read,key_336,1.04,true,false,2700
2025-11-27T16:12:30.382136-08:00,read,key_14,1.57,true,false,2760
2025-11-27T16:12:30.39322-08:00,read,key_895,0.72,true,false,3091
2025-11-27T16:12:30.403896-08:00,read,key_972,1.01,true,false,4458
2025-11-27T16:12:30.41506-08:00,read,key_229,1.50,true,false,792
2025-11-27T16:12:30.425568-08:00,read,key_747,1.31,true,false,1749
2025-11-27T16:12:30.436095-08:00,read,key_230,1.76,true,false,4404
2025-11-27T16:12:30.447215-08:00,read,key_452,1.45,true,false,3467
2025-11-27T16:12:30.457673-08:00,read,key_163,1.73,true,false,4505
2025-11-27T16:12:30.467882-08:00,read,key_228,2.07,true,false,3669
2025-11-27T16:12:30.479071-08:00,read,key_522,1.74,true,false,2374
2025-11-27T16:12:30.490259-08:00,read,key_376,1.75,true,false,1699
2025-11-27T16:12:30.501446-08:00,read,key_956,2.24,true,false,4421
2025-11-27T16:12:30.512582-08:00,read,key_25,1.75,true,false,4436
2025-11-27T16:12:30.523032-08:00,read,key_196,1.57,true,false,4064
2025-11-27T16:12:30.534287-08:00,read,key_735,2.09,true,false,143
2025-11-27T16:12:30.545436-08:00,read,key_653,1.76,true,false,4222
2025-11-27T16:12:30.555782-08:00,read,key_413,1.70,true,false,4471
2025-11-27T16:12:30.566808-08:00,read,key_91,2.02,true,false,3895
2025-11-27T16:12:30.577991-08:00,read,key_508,1.76,true,false,4531
2025-11-27T16:12:30.58916-08:00,read,key_28,1.60,true,false,3847
2025-11-27T16:12:30.600319-08:00,read,key_22,2.56,true,false,3633
2025-11-27T16:12:30.611402-08:00,read,key_745,0.85,true,false,994
2025-11-27T16:12:30.62215-08:00,read,key_967,1.61,true,false,3713
2025-11-27T16:12:30.633351-08:00,read,key_39,2.23,true,false,4414
2025-11-27T16:12:30.644171-08:00,read,key_863,1.72,true,false,3931
2025-11-27T16:12:30.655274-08:00,read,key_903,0.77,true,false,4244
2025-11-27T16:12:30.666501-08:00,read,key_225,3.57,true,false,119
2025-11-27T16:12:30.67749-08:00,read,key_897,1.74,true,false,3704
2025-11-27T16:12:30.688594-08:00,read,key_902,0.75,true,false,3582
2025-11-27T16:12:30.69973-08:00,read,key_762,2.81,true,false,1117
2025-11-27T16:12:30.710744-08:00,read,key_864,1.92,true,false,4260
2025-11-27T16:12:30.721763-08:00,read,key_781,1.73,true,false,4368
2025-11-27T16:12:30.732061-08:00,read,key_565,2.07,true,false,3619
2025-11-27T16:12:30.743178-08:00,read,key_328,0.83,true,false,4247
2025-11-27T16:12:30.754411-08:00,read,key_5,1.66,true,false,2513
2025-11-27T16:12:30.765608-08:00,read,key_617,2.29,true,false,713
2025-11-27T16:12:30.77611-08:00,read,key_442,1.79,true,false,3276
2025-11-27T16:12:30.788833-08:00,read,key_486,1.97,false,false,0
2025-11-27T16:12:30.800074-08:00,read,key_895,2.09,true,false,3091
2025-11-27T16:12:30.810409-08:00,read,key_741,1.70,false,false,0
2025-11-27T16:12:30.821606-08:00,read,key_19,1.15,true,false,3033
2025-11-27T16:12:30.83274-08:00,read,key_596,2.17,true,false,4343
2025-11-27T16:12:30.84383-08:00,read,key_519,1.11,true,false,2411
2025-11-27T16:12:30.854981-08:00,read,key_107,1.01,true,false,1418
2025-11-27T16:12:30.86609-08:00,read,key_316,1.26,true,false,4359
2025-11-27T16:12:30.87718-08:00,read,key_854,0.58,true,false,2295
2025-11-27T16:12:30.888273-08:00,read,key_842,0.53,true,false,1723
2025-11-27T16:12:30.89946-08:00,read,key_132,3.46,true,false,4356
2025-11-27T16:12:30.909683-08:00,read,key_668,1.53,true,false,2536
2025-11-27T16:12:30.920543-08:00,read,key_325,1.72,true,false,4451
2025-11-27T16:12:30.931111-08:00,read,key_775,1.64,true,false,3520
2025-11-27T16:12:30.941544-08:00,read,key_746,1.69,true,false,1903
2025-11-27T16:12:30.952699-08:00,read,key_88,1.84,true,false,2264
2025-11-27T16:12:30.963089-08:00,read,key_855,1.89,true,false,1873
2025-11-27T16:12:30.974281-08:00,read,key_727,2.04,true,false,1817
2025-11-27T16:12:30.984991-08:00,read,key_742,1.55,true,false,914
2025-11-27T16:12:30.996139-08:00,read,key_876,1.98,true,false,4504
2025-11-27T16:12:31.00726-08:00,read,key_811,0.82,true,false,4396
2025-11-27T16:12:31.017915-08:00,read,key_964,0.78,true,false,4239
2025-11-27T16:12:31.02902-08:00,read,key_204,0.88,true,false,3652
2025-11-27T16:12:31.040317-08:00,read,key_92,1.73,true,false,3360
2025-11-27T16:12:31.051445-08:00,read,key_757,2.11,true,false,2346
2025-11-27T16:12:31.062617-08:00,read,key_501,1.60,true,false,1371
2025-11-27T16:12:31.073891-08:00,read,key_674,1.87,true,false,4511
2025-11-27T16:12:31.085059-08:00,read,key_553,1.63,true,false,3059
2025-11-27T16:12:31.096219-08:00,read,key_899,2.11,true,false,3624
2025-11-27T16:12:31.107056-08:00,read,key_615,1.84,true,false,839
2025-11-27T16:12:31.11821-08:00,read,key_135,1.86,true,false,4402
2025-11-27T16:12:31.129383-08:00,read,key_238,2.04,true,false,4036
2025-11-27T16:12:31.140562-08:00,read,key_870,1.65,true,false,3972
2025-11-27T16:12:31.151709-08:00,read,key_362,1.60,true,false,4203
2025-11-27T16:12:31.162878-08:00,read,key_510,1.96,true,false,1716
2025-11-27T16:12:31.174038-08:00,read,key_6,1.92,true,false,2414
2025-11-27T16:12:31.185203-08:00,read,key_82,1.78,true,false,954
2025-11-27T16:12:31.196363-08:00,read,key_663,1.77,true,false,2864
2025-11-27T16:12:31.207551-08:00,read,key_471,1.83,true,false,4104
2025-11-27T16:12:31.218738-08:00,read,key_349,1.44,true,false,4486
2025-11-27T16:12:31.22993-08:00,read,key_592,2.08,true,false,4322
2025-11-27T16:12:31.241024-08:00,read,key_103,0.97,true,false,1546
2025-11-27T16:12:31.251797-08:00,read,key_689,1.51,true,false,4292
2025-11-27T16:12:31.262948-08:00,read,key_763,1.85,true,false,2351
2025-11-27T16:12:31.273628-08:00,read,key_553,1.42,true,false,3059
2025-11-27T16:12:31.284796-08:00,read,key_391,1.53,true,false,4157
2025-11-27T16:12:31.295756-08:00,read,key_866,2.30,true,false,2893
2025-11-27T16:12:31.306071-08:00,read,key_406,1.59,true,false,2806
2025-11-27T16:12:31.317231-08:00,read,key_277,1.72,true,false,440
2025-11-27T16:12:31.328398-08:00,read,key_483,2.00,false,false,0
2025-11-27T16:12:31.339625-08:00,read,key_320,1.75,true,false,4536
2025-11-27T16:12:31.350794-08:00,read,key_734,1.59,true,false,4011
2025-11-27T16:12:31.362444-08:00,read,key_455,1.90,true,false,4081
2025-11-27T16:12:31.37377-08:00,read,key_819,1.71,true,false,3427
2025-11-27T16:12:31.384868-08:00,read,key_51,1.77,true,false,4224
2025-11-27T16:12:31.396017-08:00,read,key_524,1.97,true,false,3502
2025-11-27T16:12:31.407214-08:00,read,key_38,1.89,true,false,3160
2025-11-27T16:12:31.417577-08:00,read,key_291,1.72,true,false,4223
2025-11-27T16:12:31.428421-08:00,read,key_560,0.86,true,false,3599
2025-11-27T16:12:31.439566-08:00,read,key_567,1.68,true,false,3668
2025-11-27T16:12:31.450264-08:00,read,key_790,1.62,true,false,4346
2025-11-27T16:12:31.460802-08:00,read,key_438,2.22,true,false,4528
2025-11-27T16:12:31.471971-08:00,read,key_794,1.58,true,false,3910
2025-11-27T16:12:31.483114-08:00,read,key_189,1.62,true,false,4508
2025-11-27T16:12:31.494246-08:00,read,key_858,2.14,true,false,1764
2025-11-27T16:12:31.505454-08:00,read,key_312,1.65,true,false,933
2025-11-27T16:12:31.516594-08:00,read,key_591,1.76,true,false,4477
2025-11-27T16:12:31.527522-08:00,read,key_49,1.81,true,false,2190
2025-11-27T16:12:31.538672-08:00,read,key_275,1.74,true,false,4517
2025-11-27T16:12:31.549804-08:00,read,key_818,1.69,true,false,3312
2025-11-27T16:12:31.560969-08:00,read,key_341,2.29,true,false,4087
2025-11-27T16:12:31.572103-08:00,read,key_617,1.78,true,false,713
2025-11-27T16:12:31.58328-08:00,read,key_337,1.77,false,false,0
2025-11-27T16:12:31.593574-08:00,read,key_783,2.24,true,false,1801
2025-11-27T16:12:31.604684-08:00,read,key_290,1.53,true,false,3806
2025-11-27T16:12:31.615453-08:00,read,key_150,1.59,true,false,3350
2025-11-27T16:12:31.6264-08:00,read,key_446,1.39,true,false,3274
2025-11-27T16:12:31.63753-08:00,read,key_652,0.77,true,false,4465
2025-11-27T16:12:31.648631-08:00,read,key_168,0.97,true,false,2727
2025-11-27T16:12:31.659543-08:00,read,key_222,0.48,true,false,2222
2025-11-27T16:12:31.670468-08:00,read,key_770,0.46,true,false,3267
2025-11-27T16:12:31.681567-08:00,read,key_243,0.45,true,false,4331
2025-11-27T16:12:31.692685-08:00,read,key_773,0.61,true,false,3812
2025-11-27T16:12:31.703227-08:00,read,key_538,0.53,true,false,4267
2025-11-27T16:12:31.713661-08:00,read,key_776,0.57,true,false,3477
2025-11-27T16:12:31.724834-08:00,read,key_263,0.92,true,false,4105
2025-11-27T16:12:31.735518-08:00,read,key_147,0.69,true,false,900
2025-11-27T16:12:31.757773-08:00,read,key_393,2.42,true,false,4483
2025-11-27T16:12:31.768961-08:00,read,key_104,1.78,true,false,2557
2025-11-27T16:12:31.779307-08:00,read,key_635,1.47,true,false,4204
2025-11-27T16:12:31.790458-08:00,read,key_516,1.60,true,false,2514
2025-11-27T16:12:31.801767-08:00,read,key_45,1.83,true,false,2584
2025-11-27T16:12:31.812824-08:00,read,key_979,1.34,true,false,4251
2025-11-27T16:12:31.823744-08:00,read,key_481,1.70,false,false,0
2025-11-27T16:12:31.834857-08:00,read,key_419,2.26,true,false,3695
2025-11-27T16:12:31.845944-08:00,read,key_801,1.31,true,false,2496
2025-11-27T16:12:31.856365-08:00,read,key_990,1.70,true,false,4510
2025-11-27T16:12:31.86652-08:00,read,key_164,2.36,true,false,2836
2025-11-27T16:12:31.877083-08:00,read,key_198,1.68,true,false,2779
2025-11-27T16:12:31.887747-08:00,read,key_468,1.31,true,false,4469
2025-11-27T16:12:31.898913-08:00,read,key_503,4.13,true,false,3249
2025-11-27T16:12:31.909828-08:00,read,key_248,1.91,true,false,2772
2025-11-27T16:12:31.920214-08:00,read,key_683,1.69,true,false,3210
2025-11-27T16:12:31.930948-08:00,read,key_730,1.65,true,false,3192
2025-11-27T16:12:31.942202-08:00,read,key_734,1.88,true,false,4011
2025-11-27T16:12:31.953335-08:00,read,key_344,1.67,true,false,3787
2025-11-27T16:12:31.964473-08:00,read,key_821,1.65,true,false,2671
2025-11-27T16:12:31.975722-08:00,read,key_469,1.70,true,false,2676
2025-11-27T16:12:31.986782-08:00,read,key_673,0.79,true,false,3393
2025-11-27T16:12:31.997157-08:00,read,key_501,0.82,true,false,1371
2025-11-27T16:12:32.007528-08:00,read,key_596,1.14,true,false,4343
2025-11-27T16:12:32.018182-08:00,read,key_472,1.31,true,false,4493
2025-11-27T16:12:32.029293-08:00,read,key_644,1.10,true,false,3545
2025-11-27T16:12:32.040376-08:00,read,key_839,1.24,true,false,4256
2025-11-27T16:12:31.746647-08:00,write,key_421,302.17,true,false,4540
2025-11-27T16:12:32.061693-08:00,read,key_488,1.16,true,false,4160
2025-11-27T16:12:32.072765-08:00,read,key_13,1.21,true,false,3101
2025-11-27T16:12:32.083893-08:00,read,key_735,1.30,true,false,143
2025-11-27T16:12:32.09498-08:00,read,key_87,1.28,true,false,2354
2025-11-27T16:12:32.106059-08:00,read,key_867,1.09,true,false,4020
2025-11-27T16:12:32.117129-08:00,read,key_230,1.32,true,false,4404
2025-11-27T16:12:32.128208-08:00,read,key_895,1.27,true,false,3091
2025-11-27T16:12:32.13927-08:00,read,key_505,1.28,true,false,1214
2025-11-27T16:12:32.150372-08:00,read,key_7,1.22,true,false,3790
2025-11-27T16:12:32.161448-08:00,read,key_274,1.29,false,false,0
2025-11-27T16:12:32.172507-08:00,read,key_764,1.26,true,false,4093
2025-11-27T16:12:32.183586-08:00,read,key_239,1.20,true,false,3864
2025-11-27T16:12:32.194656-08:00,read,key_976,0.89,true,false,3604
2025-11-27T16:12:32.205726-08:00,read,key_614,0.98,true,false,1737
2025-11-27T16:12:32.216806-08:00,read,key_663,1.25,true,false,2864
2025-11-27T16:12:32.227867-08:00,read,key_543,1.22,true,false,4184
2025-11-27T16:12:32.23857-08:00,read,key_835,1.27,true,false,4485
2025-11-27T16:12:32.249667-08:00,read,key_606,1.17,false,false,0
2025-11-27T16:12:32.26073-08:00,read,key_749,1.01,true,false,326
2025-11-27T16:12:32.271904-08:00,read,key_73,1.19,true,false,4534
2025-11-27T16:12:32.283197-08:00,read,key_861,1.38,true,false,769
2025-11-27T16:12:32.294219-08:00,read,key_293,0.98,true,false,4200
2025-11-27T16:12:32.305204-08:00,read,key_341,0.99,true,false,4087
2025-11-27T16:12:32.316329-08:00,read,key_201,1.03,true,false,4457
2025-11-27T16:12:32.327505-08:00,read,key_744,1.45,true,false,1224
2025-11-27T16:12:32.337911-08:00,read,key_946,1.08,true,false,1961
2025-11-27T16:12:32.348794-08:00,read,key_140,2.20,true,false,3072
2025-11-27T16:12:32.050624-08:00,write,key_469,303.70,true,false,4541
2025-11-27T16:12:32.359431-08:00,read,key_275,0.88,true,false,4517
2025-11-27T16:12:32.370575-08:00,read,key_812,1.40,true,false,2921
2025-11-27T16:12:32.38167-08:00,read,key_616,1.15,true,false,3564
2025-11-27T16:12:32.392805-08:00,read,key_640,1.17,true,false,3498
2025-11-27T16:12:32.403327-08:00,read,key_173,1.79,true,false,3328
2025-11-27T16:12:32.414437-08:00,read,key_569,0.61,true,false,2259
2025-11-27T16:12:32.425472-08:00,read,key_478,0.81,true,false,3919
2025-11-27T16:12:32.436234-08:00,read,key_379,2.22,true,false,2570
2025-11-27T16:12:32.447378-08:00,read,key_51,1.59,true,false,4224
2025-11-27T16:12:32.45862-08:00,read,key_39,1.60,true,false,4414
2025-11-27T16:12:32.469496-08:00,read,key_169,2.04,true,false,4432
2025-11-27T16:12:32.480412-08:00,read,key_312,1.27,true,false,933
2025-11-27T16:12:32.490565-08:00,read,key_852,0.88,true,false,2410
2025-11-27T16:12:32.501707-08:00,read,key_733,1.63,true,false,286
2025-11-27T16:12:32.51295-08:00,read,key_965,1.94,true,false,3593
2025-11-27T16:12:32.524122-08:00,read,key_48,1.70,true,false,1315
2025-11-27T16:12:32.534854-08:00,read,key_892,2.23,true,false,4207
2025-11-27T16:12:32.545945-08:00,read,key_950,1.22,true,false,3043
2025-11-27T16:12:32.556297-08:00,read,key_655,1.64,true,false,2135
2025-11-27T16:12:32.567441-08:00,read,key_528,1.51,true,false,2065
2025-11-27T16:12:32.578404-08:00,read,key_781,2.74,true,false,4368
2025-11-27T16:12:32.589411-08:00,read,key_980,2.47,true,false,3333
2025-11-27T16:12:32.600653-08:00,read,key_311,1.91,true,false,2729
2025-11-27T16:12:32.610761-08:00,read,key_367,0.84,true,false,3776
2025-11-27T16:12:32.62173-08:00,read,key_951,0.83,true,false,4527
2025-11-27T16:12:32.632836-08:00,read,key_535,0.87,true,false,4428
2025-11-27T16:12:32.643933-08:00,read,key_192,2.14,true,false,2658
2025-11-27T16:12:32.655099-08:00,read,key_758,1.97,true,false,4263
2025-11-27T16:12:32.665769-08:00,read,key_346,0.60,true,false,4103
2025-11-27T16:12:32.676872-08:00,read,key_190,1.68,true,false,2866
2025-11-27T16:12:32.687981-08:00,read,key_810,1.51,true,false,3082
2025-11-27T16:12:32.699156-08:00,read,key_51,1.82,true,false,4224
2025-11-27T16:12:32.710064-08:00,read,key_412,2.19,true,false,4391
2025-11-27T16:12:32.721222-08:00,read,key_429,1.55,true,false,2637
2025-11-27T16:12:32.731905-08:00,read,key_785,1.68,true,false,3946
2025-11-27T16:12:32.742251-08:00,read,key_38,1.78,true,false,3160
2025-11-27T16:12:32.753425-08:00,read,key_787,1.36,true,false,4122
2025-11-27T16:12:32.763939-08:00,read,key_140,1.63,true,false,3072
2025-11-27T16:12:32.774547-08:00,read,key_885,1.63,true,false,1781
2025-11-27T16:12:32.785529-08:00,read,key_192,2.19,true,false,2658
2025-11-27T16:12:32.796666-08:00,read,key_671,1.55,true,false,4409
2025-11-27T16:12:32.807191-08:00,read,key_984,1.67,true,false,3157
2025-11-27T16:12:32.818242-08:00,read,key_437,2.44,true,false,4390
2025-11-27T16:12:32.829084-08:00,read,key_810,1.72,true,false,3082
2025-11-27T16:12:32.840263-08:00,read,key_781,1.70,true,false,4368
2025-11-27T16:12:32.850941-08:00,read,key_327,2.04,true,false,4262
2025-11-27T16:12:32.862091-08:00,read,key_39,1.70,true,false,4414
2025-11-27T16:12:32.872853-08:00,read,key_781,1.73,true,false,4368
2025-11-27T16:12:32.884034-08:00,read,key_721,2.18,true,false,4193
2025-11-27T16:12:32.895202-08:00,read,key_430,1.61,true,false,4308
2025-11-27T16:12:32.90636-08:00,read,key_957,1.69,true,false,4289
2025-11-27T16:12:32.917554-08:00,read,key_232,1.60,true,false,4413
2025-11-27T16:12:32.928711-08:00,read,key_870,1.57,true,false,3972
2025-11-27T16:12:32.939864-08:00,read,key_472,0.96,true,false,4493
2025-11-27T16:12:32.951029-08:00,read,key_101,2.60,true,false,1583
2025-11-27T16:12:32.961488-08:00,read,key_385,0.89,true,false,4507
2025-11-27T16:12:32.972639-08:00,read,key_38,1.95,true,false,3160
2025-11-27T16:12:32.983206-08:00,read,key_673,2.14,true,false,3393
2025-11-27T16:12:32.993948-08:00,read,key_106,1.82,true,false,578
2025-11-27T16:12:33.005117-08:00,read,key_979,1.56,true,false,4251
2025-11-27T16:12:33.016372-08:00,read,key_961,2.02,true,false,3521
2025-11-27T16:12:33.02753-08:00,read,key_238,1.59,true,false,4036
2025-11-27T16:12:33.03817-08:00,read,key_941,1.86,true,false,4349
2025-11-27T16:12:33.049329-08:00,read,key_630,2.26,true,false,3815
2025-11-27T16:12:33.060524-08:00,read,key_207,1.73,true,false,4417
2025-11-27T16:12:33.071655-08:00,read,key_923,1.55,true,false,4272
2025-11-27T16:12:33.082695-08:00,read,key_16,2.33,true,false,3889
2025-11-27T16:12:33.093844-08:00,read,key_870,1.72,true,false,3972
2025-11-27T16:12:33.105003-08:00,read,key_479,1.68,true,false,4279
2025-11-27T16:12:33.115682-08:00,read,key_159,1.80,true,false,3373
2025-11-27T16:12:33.126861-08:00,read,key_684,1.57,true,false,2443
2025-11-27T16:12:33.137292-08:00,read,key_505,1.75,true,false,1214
2025-11-27T16:12:33.148483-08:00,read,key_442,1.70,true,false,3276
2025-11-27T16:12:33.159666-08:00,read,key_376,1.78,true,false,1699
2025-11-27T16:12:33.170856-08:00,read,key_819,1.75,true,false,3427
2025-11-27T16:12:33.18196-08:00,read,key_996,2.16,true,false,4407
2025-11-27T16:12:33.193144-08:00,read,key_741,2.01,false,false,0
2025-11-27T16:12:33.204403-08:00,read,key_201,1.92,true,false,4457
2025-11-27T16:12:33.215599-08:00,read,key_135,2.00,true,false,4402
2025-11-27T16:12:33.226386-08:00,read,key_594,1.71,true,false,3906
2025-11-27T16:12:33.237099-08:00,read,key_140,1.92,true,false,3072
2025-11-27T16:12:33.248315-08:00,read,key_819,2.36,true,false,3427
2025-11-27T16:12:33.258583-08:00,read,key_181,1.60,true,false,2367
2025-11-27T16:12:33.269692-08:00,read,key_631,1.73,true,false,3924
2025-11-27T16:12:33.280856-08:00,read,key_111,1.63,true,false,4187
2025-11-27T16:12:33.292032-08:00,read,key_646,1.60,true,false,4533
2025-11-27T16:12:33.303201-08:00,read,key_561,1.51,true,false,3762
2025-11-27T16:12:33.313594-08:00,read,key_236,1.09,true,false,3856
2025-11-27T16:12:33.324708-08:00,read,key_667,0.92,true,false,633
2025-11-27T16:12:33.335993-08:00,read,key_796,1.91,true,false,4496
2025-11-27T16:12:33.347087-08:00,read,key_810,1.78,true,false,3082
2025-11-27T16:12:33.358271-08:00,read,key_782,1.36,true,false,2468
2025-11-27T16:12:33.369202-08:00,read,key_481,1.77,false,false,0
2025-11-27T16:12:33.380192-08:00,read,key_605,2.48,true,false,1863
2025-11-27T16:12:33.390768-08:00,read,key_642,1.78,true,false,3647
2025-11-27T16:12:33.401936-08:00,read,key_648,3.14,true,false,83
2025-11-27T16:12:33.41301-08:00,read,key_904,2.40,true,false,4381
2025-11-27T16:12:33.424154-08:00,read,key_165,1.74,true,false,1654
2025-11-27T16:12:33.435263-08:00,read,key_680,0.83,true,false,2773
2025-11-27T16:12:33.446089-08:00,read,key_410,0.96,true,false,2767
2025-11-27T16:12:33.457189-08:00,read,key_224,0.89,true,false,3750
2025-11-27T16:12:33.467953-08:00,read,key_45,1.77,true,false,2584
2025-11-27T16:12:33.478283-08:00,read,key_782,1.96,true,false,2468
2025-11-27T16:12:33.489429-08:00,read,key_360,2.14,true,false,1255
2025-11-27T16:12:33.500138-08:00,read,key_632,1.46,true,false,3999
2025-11-27T16:12:33.510369-08:00,read,key_384,1.72,true,false,167
2025-11-27T16:12:33.521607-08:00,read,key_346,2.17,true,false,4103
2025-11-27T16:12:33.532776-08:00,read,key_277,1.70,true,false,440
2025-11-27T16:12:33.543935-08:00,read,key_4,2.40,true,false,3316
2025-11-27T16:12:33.555031-08:00,read,key_817,0.70,true,false,3095
2025-11-27T16:12:33.566134-08:00,read,key_11,0.79,true,false,2683
2025-11-27T16:12:33.577228-08:00,read,key_867,0.91,true,false,4020
2025-11-27T16:12:33.588327-08:00,read,key_233,0.81,true,false,3947
2025-11-27T16:12:33.599704-08:00,read,key_48,1.18,true,false,1315
2025-11-27T16:12:33.610791-08:00,read,key_509,0.97,true,false,1382
2025-11-27T16:12:33.621578-08:00,read,key_117,1.03,true,false,4415
2025-11-27T16:12:33.632678-08:00,read,key_747,0.89,true,false,1749
2025-11-27T16:12:33.643777-08:00,read,key_647,0.83,true,false,3723
2025-11-27T16:12:33.654884-08:00,read,key_755,0.79,true,false,4460
2025-11-27T16:12:33.665983-08:00,read,key_639,0.91,true,false,3215
2025-11-27T16:12:33.676255-08:00,read,key_274,1.81,false,false,0
2025-11-27T16:12:33.687314-08:00,read,key_742,0.80,true,false,914
2025-11-27T16:12:33.698449-08:00,read,key_557,0.43,false,false,0
2025-11-27T16:12:33.709601-08:00,read,key_894,0.83,true,false,4281
2025-11-27T16:12:33.720732-08:00,read,key_874,2.35,true,false,2457
2025-11-27T16:12:33.731831-08:00,read,key_834,1.57,true,false,4439
2025-11-27T16:12:33.742316-08:00,read,key_222,1.72,true,false,2222
2025-11-27T16:12:33.753487-08:00,read,key_977,1.85,true,false,4369
2025-11-27T16:12:33.764604-08:00,read,key_274,1.35,false,false,0
2025-11-27T16:12:33.77579-08:00,read,key_344,1.72,true,false,3787
2025-11-27T16:12:33.786866-08:00,read,key_21,2.15,true,false,3801
2025-11-27T16:12:33.797431-08:00,read,key_326,1.53,true,false,3679
2025-11-27T16:12:33.808599-08:00,read,key_136,1.64,true,false,4453
2025-11-27T16:12:33.819769-08:00,read,key_364,1.82,true,false,1301
2025-11-27T16:12:33.830991-08:00,read,key_170,1.56,true,false,3416
2025-11-27T16:12:33.842154-08:00,read,key_314,1.73,true,false,4354
2025-11-27T16:12:33.853294-08:00,read,key_868,1.35,true,false,4216
2025-11-27T16:12:33.864453-08:00,read,key_505,1.81,true,false,1214
2025-11-27T16:12:33.874685-08:00,read,key_456,1.30,true,false,2071
2025-11-27T16:12:33.885878-08:00,read,key_154,2.00,true,false,4016
2025-11-27T16:12:33.897057-08:00,read,key_160,1.69,false,false,0
2025-11-27T16:12:33.907524-08:00,read,key_47,1.67,true,false,1908
2025-11-27T16:12:33.918526-08:00,read,key_134,1.91,true,false,4399
2025-11-27T16:12:33.929676-08:00,read,key_437,1.69,true,false,4390
2025-11-27T16:12:33.940147-08:00,read,key_156,1.60,true,false,4042
2025-11-27T16:12:33.951255-08:00,read,key_6,2.34,true,false,2414
2025-11-27T16:12:33.962335-08:00,read,key_341,0.87,true,false,4087
2025-11-27T16:12:33.972587-08:00,read,key_52,1.67,true,false,4240
2025-11-27T16:12:33.98333-08:00,read,key_371,1.14,true,false,2503
2025-11-27T16:12:33.994581-08:00,read,key_0,1.88,true,false,2390
2025-11-27T16:12:34.005747-08:00,read,key_857,2.02,true,false,3969
2025-11-27T16:12:34.016895-08:00,read,key_607,2.01,true,false,2111
2025-11-27T16:12:34.027464-08:00,read,key_246,1.60,true,false,1219
2025-11-27T16:12:34.038076-08:00,read,key_961,1.85,true,false,3521
2025-11-27T16:12:34.048945-08:00,read,key_523,1.93,true,false,1989
2025-11-27T16:12:34.06023-08:00,read,key_975,1.80,true,false,1565
2025-11-27T16:12:34.071386-08:00,read,key_546,1.59,true,false,4363
2025-11-27T16:12:34.082403-08:00,read,key_643,2.53,true,false,3050
2025-11-27T16:12:34.093633-08:00,read,key_33,1.65,true,false,4338
2025-11-27T16:12:34.104404-08:00,read,key_18,1.60,true,false,2742
2025-11-27T16:12:34.115563-08:00,read,key_998,2.43,true,false,3914
2025-11-27T16:12:34.125903-08:00,read,key_722,2.26,true,false,4098
2025-11-27T16:12:34.136998-08:00,read,key_44,2.04,true,false,3552
2025-11-27T16:12:34.148173-08:00,read,key_969,2.24,true,false,4007
2025-11-27T16:12:34.158355-08:00,read,key_549,2.12,true,false,4197
2025-11-27T16:12:34.169523-08:00,read,key_888,1.67,true,false,3722
2025-11-27T16:12:34.179697-08:00,read,key_841,1.72,true,false,564
2025-11-27T16:12:34.190034-08:00,read,key_760,1.84,true,false,3528
2025-11-27T16:12:34.201204-08:00,read,key_264,0.91,true,false,4398
2025-11-27T16:12:34.21233-08:00,read,key_394,0.86,true,false,4227
2025-11-27T16:12:34.223272-08:00,read,key_180,0.87,true,false,4328
2025-11-27T16:12:34.234427-08:00,read,key_964,1.79,true,false,4239
2025-11-27T16:12:34.245547-08:00,read,key_815,1.07,true,false,2897
2025-11-27T16:12:34.256163-08:00,read,key_395,1.17,true,false,2598
2025-11-27T16:12:34.266817-08:00,read,key_227,1.29,true,false,4085
2025-11-27T16:12:34.27795-08:00,read,key_860,1.41,true,false,3732
2025-11-27T16:12:34.289156-08:00,read,key_8,2.94,true,false,3611
2025-11-27T16:12:34.300231-08:00,read,key_323,1.77,true,false,4532
2025-11-27T16:12:34.310777-08:00,read,key_677,1.52,true,false,4491
2025-11-27T16:12:34.321933-08:00,read,key_331,2.47,true,false,3902
2025-11-27T16:12:34.333157-08:00,read,key_36,1.90,true,false,3361
2025-11-27T16:12:34.34432-08:00,read,key_247,1.71,true,false,4288
2025-11-27T16:12:34.355524-08:00,read,key_636,2.93,true,false,3837
2025-11-27T16:12:34.366648-08:00,read,key_3,1.73,true,false,2575
2025-11-27T16:12:34.377819-08:00,read,key_156,1.73,true,false,4042
2025-11-27T16:12:34.38903-08:00,read,key_932,2.11,true,false,3239
2025-11-27T16:12:34.400183-08:00,read,key_193,1.74,true,false,2778
2025-11-27T16:12:34.410796-08:00,read,key_348,1.79,true,false,4367
2025-11-27T16:12:34.421922-08:00,read,key_906,0.92,true,false,3793
2025-11-27T16:12:34.432666-08:00,read,key_168,1.84,true,false,2727
2025-11-27T16:12:34.443473-08:00,read,key_353,0.90,false,false,0
2025-11-27T16:12:34.454364-08:00,read,key_7,1.92,true,false,3790
2025-11-27T16:12:34.465647-08:00,read,key_967,1.93,true,false,3713
2025-11-27T16:12:34.4763-08:00,read,key_834,1.57,true,false,4439
2025-11-27T16:12:34.487447-08:00,read,key_948,1.80,true,false,1158
2025-11-27T16:12:34.4986-08:00,read,key_810,2.16,true,false,3082
2025-11-27T16:12:34.509755-08:00,read,key_834,1.72,true,false,4439
2025-11-27T16:12:34.519951-08:00,read,key_962,0.83,true,false,3980
2025-11-27T16:12:34.531118-08:00,read,key_514,2.00,true,false,3230
2025-11-27T16:12:34.541761-08:00,read,key_74,1.65,true,false,4220
2025-11-27T16:12:34.552924-08:00,read,key_654,1.68,true,false,1841
2025-11-27T16:12:34.564078-08:00,read,key_456,2.18,true,false,2071
2025-11-27T16:12:34.575253-08:00,read,key_258,1.72,true,false,3097
2025-11-27T16:12:34.586366-08:00,read,key_571,0.89,true,false,4495
2025-11-27T16:12:34.597105-08:00,read,key_114,2.08,true,false,4406
2025-11-27T16:12:34.608213-08:00,read,key_467,0.80,true,false,2627
2025-11-27T16:12:34.618537-08:00,read,key_865,1.69,true,false,2435
2025-11-27T16:12:34.62893-08:00,read,key_840,2.27,true,false,614
2025-11-27T16:12:34.639854-08:00,read,key_272,1.11,true,false,4035
2025-11-27T16:12:34.650184-08:00,read,key_2,1.67,true,false,2449
2025-11-27T16:12:34.661334-08:00,read,key_612,1.85,true,false,695
2025-11-27T16:12:34.672465-08:00,read,key_678,1.27,true,false,4088
2025-11-27T16:12:34.683598-08:00,read,key_102,0.93,true,false,4518
2025-11-27T16:12:34.694769-08:00,read,key_966,2.09,true,false,3585
2025-11-27T16:12:34.705773-08:00,read,key_203,2.10,true,false,3491
2025-11-27T16:12:34.716957-08:00,read,key_510,1.55,true,false,1716
2025-11-27T16:12:34.728091-08:00,read,key_204,2.21,true,false,3652
2025-11-27T16:12:34.739256-08:00,read,key_29,1.89,true,false,3496
2025-11-27T16:12:34.75044-08:00,read,key_795,1.58,true,false,85
2025-11-27T16:12:34.761596-08:00,read,key_851,2.13,true,false,3944
2025-11-27T16:12:34.772746-08:00,read,key_637,1.55,true,false,3711
2025-11-27T16:12:34.783908-08:00,read,key_845,1.69,true,false,3716
2025-11-27T16:12:34.795042-08:00,read,key_315,2.00,true,false,2549
2025-11-27T16:12:34.805309-08:00,read,key_381,1.53,true,false,1177
2025-11-27T16:12:34.81646-08:00,read,key_666,1.62,true,false,2540
2025-11-27T16:12:34.827621-08:00,read,key_735,2.64,true,false,143
2025-11-27T16:12:34.838733-08:00,read,key_755,1.60,true,false,4460
2025-11-27T16:12:34.849828-08:00,read,key_117,0.74,true,false,4415
2025-11-27T16:12:34.861047-08:00,read,key_24,2.39,true,false,3538
2025-11-27T16:12:34.87159-08:00,read,key_647,1.95,true,false,3723
2025-11-27T16:12:34.88278-08:00,read,key_679,1.58,true,false,4388
2025-11-27T16:12:34.893949-08:00,read,key_735,2.24,true,false,143
2025-11-27T16:12:34.904942-08:00,read,key_864,3.20,true,false,4260
2025-11-27T16:12:34.915422-08:00,read,key_372,1.77,true,false,3518
2025-11-27T16:12:34.926587-08:00,read,key_157,1.11,true,false,2275
2025-11-27T16:12:34.937796-08:00,read,key_897,1.72,true,false,3704
2025-11-27T16:12:34.949029-08:00,read,key_736,1.69,true,false,2334
2025-11-27T16:12:34.960287-08:00,read,key_242,2.15,true,false,3597
2025-11-27T16:12:34.971481-08:00,read,key_876,1.59,true,false,4504
2025-11-27T16:12:34.982072-08:00,read,key_507,1.61,true,false,1175
2025-11-27T16:12:34.992676-08:00,read,key_812,1.87,true,false,2921
2025-11-27T16:12:35.003875-08:00,read,key_375,1.71,true,false,1432
2025-11-27T16:12:35.026505-08:00,read,key_205,2.20,true,false,2814
2025-11-27T16:12:35.036806-08:00,read,key_344,1.75,true,false,3787
2025-11-27T16:12:35.047565-08:00,read,key_143,1.86,true,false,2660
2025-11-27T16:12:35.05868-08:00,read,key_55,1.87,true,false,4466
2025-11-27T16:12:35.06983-08:00,read,key_957,0.96,true,false,4289
2025-11-27T16:12:35.080186-08:00,read,key_125,1.86,true,false,1430
2025-11-27T16:12:35.091317-08:00,read,key_384,1.89,true,false,167
2025-11-27T16:12:35.102768-08:00,read,key_53,1.68,true,false,4273
2025-11-27T16:12:35.113949-08:00,read,key_658,1.69,true,false,2101
2025-11-27T16:12:35.125212-08:00,read,key_547,2.16,true,false,4393
2025-11-27T16:12:35.136316-08:00,read,key_74,0.90,true,false,4220
2025-11-27T16:12:35.14707-08:00,read,key_759,0.90,true,false,4429
2025-11-27T16:12:35.157342-08:00,read,key_848,6.15,false,false,0
2025-11-27T16:12:35.168137-08:00,read,key_504,1.58,true,false,2011
2025-11-27T16:12:35.178459-08:00,read,key_76,0.47,true,false,4533
2025-11-27T16:12:35.189124-08:00,read,key_636,0.48,true,false,3837
2025-11-27T16:12:35.200055-08:00,read,key_559,0.69,true,false,3422
2025-11-27T16:12:35.211163-08:00,read,key_575,0.51,true,false,3792
2025-11-27T16:12:35.222212-08:00,read,key_718,0.56,true,false,2585
2025-11-27T16:12:35.233028-08:00,read,key_555,0.59,true,false,3658
2025-11-27T16:12:35.244218-08:00,read,key_455,0.74,true,false,4081
2025-11-27T16:12:35.255356-08:00,read,key_373,0.78,true,false,2395
2025-11-27T16:12:35.266292-08:00,read,key_232,0.82,true,false,4413
2025-11-27T16:12:35.277416-08:00,read,key_327,2.18,true,false,4262
2025-11-27T16:12:35.288583-08:00,read,key_2,2.00,true,false,2449
2025-11-27T16:12:35.298818-08:00,read,key_30,1.80,true,false,4520
2025-11-27T16:12:35.309954-08:00,read,key_866,1.04,true,false,2893
2025-11-27T16:12:35.321136-08:00,read,key_648,1.68,true,false,83
2025-11-27T16:12:35.015551-08:00,write,key_719,309.11,true,false,4542
2025-11-27T16:12:35.332116-08:00,read,key_743,2.24,true,false,595
2025-11-27T16:12:35.343239-08:00,read,key_443,1.65,false,false,0
2025-11-27T16:12:35.354385-08:00,read,key_996,1.72,true,false,4407
2025-11-27T16:12:35.365607-08:00,read,key_968,2.26,true,false,3199
2025-11-27T16:12:35.376956-08:00,read,key_322,1.81,true,false,4327
2025-11-27T16:12:35.388014-08:00,read,key_346,1.69,true,false,4103
2025-11-27T16:12:35.399335-08:00,read,key_875,2.01,true,false,3618
2025-11-27T16:12:35.410547-08:00,read,key_358,1.82,true,false,3089
2025-11-27T16:12:35.421711-08:00,read,key_317,1.79,true,false,4304
2025-11-27T16:12:35.432562-08:00,read,key_326,2.09,true,false,3679
2025-11-27T16:12:35.443736-08:00,read,key_335,1.60,true,false,1912
2025-11-27T16:12:35.454694-08:00,read,key_661,1.88,true,false,2563
2025-11-27T16:12:35.465637-08:00,read,key_891,1.10,true,false,4024
2025-11-27T16:12:35.476394-08:00,read,key_863,1.59,true,false,3931
2025-11-27T16:12:35.487504-08:00,read,key_852,0.95,true,false,2410
2025-11-27T16:12:35.498706-08:00,read,key_204,2.20,true,false,3652
2025-11-27T16:12:35.509841-08:00,read,key_163,0.85,true,false,4505
2025-11-27T16:12:35.520189-08:00,read,key_683,1.64,true,false,3210
2025-11-27T16:12:35.531375-08:00,read,key_193,2.04,true,false,2778
2025-11-27T16:12:35.542511-08:00,read,key_650,1.02,true,false,2420
2025-11-27T16:12:35.55364-08:00,read,key_27,1.32,true,false,3656
2025-11-27T16:12:35.564855-08:00,read,key_371,2.08,true,false,2503
2025-11-27T16:12:35.575984-08:00,read,key_618,1.63,true,false,1605
2025-11-27T16:12:35.586848-08:00,read,key_609,1.70,true,false,2220
2025-11-27T16:12:35.598007-08:00,read,key_150,2.06,true,false,3350
2025-11-27T16:12:35.608414-08:00,read,key_138,1.78,true,false,4109
2025-11-27T16:12:35.61961-08:00,read,key_511,1.92,true,false,3963
2025-11-27T16:12:35.629861-08:00,read,key_165,3.26,true,false,1654
2025-11-27T16:12:35.640886-08:00,read,key_48,1.67,true,false,1315
2025-11-27T16:12:35.652023-08:00,read,key_49,1.60,true,false,2190
2025-11-27T16:12:35.663237-08:00,read,key_878,2.12,true,false,4440
2025-11-27T16:12:35.673724-08:00,read,key_533,1.81,false,false,0
2025-11-27T16:12:35.68412-08:00,read,key_44,0.78,true,false,3552
2025-11-27T16:12:35.695331-08:00,read,key_997,1.97,true,false,4030
2025-11-27T16:12:35.706495-08:00,read,key_889,2.30,true,false,2565
2025-11-27T16:12:35.717404-08:00,read,key_814,1.69,true,false,4514
2025-11-27T16:12:35.728642-08:00,read,key_674,2.15,true,false,4511
2025-11-27T16:12:35.73975-08:00,read,key_959,0.95,true,false,4405
2025-11-27T16:12:35.749937-08:00,read,key_643,1.70,true,false,3050
2025-11-27T16:12:35.760553-08:00,read,key_787,1.68,true,false,4122
2025-11-27T16:12:35.770863-08:00,read,key_875,1.03,true,false,3618
2025-11-27T16:12:35.782091-08:00,read,key_48,3.52,true,false,1315
2025-11-27T16:12:35.793106-08:00,read,key_296,1.64,true,false,4502
2025-11-27T16:12:35.803982-08:00,read,key_94,2.08,true,false,3835
2025-11-27T16:12:35.814845-08:00,read,key_53,0.95,true,false,4273
2025-11-27T16:12:35.825792-08:00,read,key_191,1.76,true,false,521
2025-11-27T16:12:35.835921-08:00,read,key_147,1.15,true,false,900
2025-11-27T16:12:35.846899-08:00,read,key_340,2.09,true,false,4271
2025-11-27T16:12:35.857972-08:00,read,key_745,1.28,true,false,994
2025-11-27T16:12:35.86894-08:00,read,key_27,2.20,true,false,3656
2025-11-27T16:12:35.880075-08:00,read,key_749,1.82,true,false,326
2025-11-27T16:12:35.890704-08:00,read,key_863,1.59,true,false,3931
2025-11-27T16:12:35.901864-08:00,read,key_459,1.95,true,false,4522
2025-11-27T16:12:35.912545-08:00,read,key_27,1.99,true,false,3656
2025-11-27T16:12:35.923609-08:00,read,key_347,1.58,true,false,3747
2025-11-27T16:12:35.933835-08:00,read,key_966,1.71,true,false,3585
2025-11-27T16:12:35.944871-08:00,read,key_503,2.37,true,false,3249
2025-11-27T16:12:35.956022-08:00,read,key_91,1.75,true,false,3895
2025-11-27T16:12:35.967182-08:00,read,key_568,1.72,true,false,4515
2025-11-27T16:12:35.977741-08:00,read,key_149,2.04,true,false,1326
2025-11-27T16:12:35.987999-08:00,read,key_790,1.71,true,false,4346
2025-11-27T16:12:35.998266-08:00,read,key_238,1.79,true,false,4036
2025-11-27T16:12:36.009337-08:00,read,key_631,1.84,true,false,3924
2025-11-27T16:12:36.020566-08:00,read,key_522,1.87,true,false,2374
2025-11-27T16:12:36.03158-08:00,read,key_891,1.66,true,false,4024
2025-11-27T16:12:36.042732-08:00,read,key_92,2.26,true,false,3360
2025-11-27T16:12:36.053857-08:00,read,key_579,1.27,true,false,4523
2025-11-27T16:12:36.064839-08:00,read,key_420,1.19,true,false,3140
2025-11-27T16:12:36.076203-08:00,read,key_455,1.65,true,false,4081
2025-11-27T16:12:36.087223-08:00,read,key_372,0.81,true,false,3518
2025-11-27T16:12:36.098326-08:00,read,key_83,0.91,true,false,1839
2025-11-27T16:12:36.109565-08:00,read,key_204,2.11,true,false,3652
2025-11-27T16:12:36.120277-08:00,read,key_228,2.09,true,false,3669
2025-11-27T16:12:36.142713-08:00,read,key_967,2.09,true,false,3713
2025-11-27T16:12:36.153858-08:00,read,key_798,1.77,true,false,4416
2025-11-27T16:12:36.164098-08:00,read,key_960,0.90,true,false,4127
2025-11-27T16:12:36.175225-08:00,read,key_742,1.26,true,false,914
2025-11-27T16:12:36.186407-08:00,read,key_761,1.94,true,false,2199
2025-11-27T16:12:36.196892-08:00,read,key_992,0.89,true,false,4489
2025-11-27T16:12:36.208044-08:00,read,key_243,2.08,true,false,4331
2025-11-27T16:12:36.219353-08:00,read,key_206,1.91,true,false,3657
2025-11-27T16:12:36.229742-08:00,read,key_560,1.62,true,false,3599
2025-11-27T16:12:36.240022-08:00,read,key_462,2.37,true,false,4385
2025-11-27T16:12:36.251216-08:00,read,key_657,2.08,true,false,2226
2025-11-27T16:12:36.261854-08:00,read,key_627,1.60,true,false,3932
2025-11-27T16:12:36.272706-08:00,read,key_72,1.65,true,false,4372
2025-11-27T16:12:36.283776-08:00,read,key_340,1.74,true,false,4271
2025-11-27T16:12:36.294922-08:00,read,key_189,1.72,true,false,4508
2025-11-27T16:12:36.306063-08:00,read,key_745,1.59,true,false,994
2025-11-27T16:12:36.317118-08:00,read,key_755,0.93,true,false,4460
2025-11-27T16:12:36.328318-08:00,read,key_759,1.84,true,false,4429
2025-11-27T16:12:36.339271-08:00,read,key_28,1.81,true,false,3847
2025-11-27T16:12:36.349664-08:00,read,key_236,2.02,true,false,3856
2025-11-27T16:12:36.359969-08:00,read,key_517,1.68,true,false,4156
2025-11-27T16:12:36.371144-08:00,read,key_747,1.76,true,false,1749
2025-11-27T16:12:36.382309-08:00,read,key_889,2.94,true,false,2565
2025-11-27T16:12:36.393281-08:00,read,key_877,1.76,true,false,3979
2025-11-27T16:12:36.404425-08:00,read,key_831,1.62,true,false,4054
2025-11-27T16:12:36.415568-08:00,read,key_205,1.06,true,false,2814
2025-11-27T16:12:36.426454-08:00,read,key_855,1.88,true,false,1873
2025-11-27T16:12:36.131438-08:00,write,key_819,306.92,true,false,4543
2025-11-27T16:12:36.437557-08:00,read,key_126,0.81,true,false,8
2025-11-27T16:12:36.448752-08:00,read,key_335,1.99,true,false,1912
2025-11-27T16:12:36.459902-08:00,read,key_167,1.70,false,false,0
2025-11-27T16:12:36.471075-08:00,read,key_772,1.72,true,false,3933
2025-11-27T16:12:36.482249-08:00,read,key_812,2.09,true,false,2921
2025-11-27T16:12:36.493429-08:00,read,key_514,1.59,true,false,3230
2025-11-27T16:12:36.504534-08:00,read,key_754,0.82,true,false,4365
2025-11-27T16:12:36.515675-08:00,read,key_526,2.20,true,false,2989
2025-11-27T16:12:36.526834-08:00,read,key_152,1.50,true,false,2258
2025-11-27T16:12:36.537963-08:00,read,key_741,0.99,false,false,0
2025-11-27T16:12:36.548461-08:00,read,key_798,2.50,true,false,4416
2025-11-27T16:12:36.559589-08:00,read,key_660,1.68,true,false,2422
2025-11-27T16:12:36.570586-08:00,read,key_878,1.59,true,false,4440
2025-11-27T16:12:36.581074-08:00,read,key_870,2.27,true,false,3972
2025-11-27T16:12:36.592232-08:00,read,key_488,1.78,true,false,4160
2025-11-27T16:12:36.603334-08:00,read,key_894,1.07,true,false,4281
2025-11-27T16:12:36.614225-08:00,read,key_990,2.11,true,false,4510
2025-11-27T16:12:36.625384-08:00,read,key_553,1.82,true,false,3059
2025-11-27T16:12:36.635728-08:00,read,key_156,1.64,true,false,4042
2025-11-27T16:12:36.646942-08:00,read,key_325,2.31,true,false,4451
2025-11-27T16:12:36.658117-08:00,read,key_346,1.75,true,false,4103
2025-11-27T16:12:36.668698-08:00,read,key_752,1.27,true,false,4450
2025-11-27T16:12:36.679475-08:00,read,key_742,1.37,true,false,914
2025-11-27T16:12:36.690721-08:00,read,key_590,1.29,true,false,2372
2025-11-27T16:12:36.701872-08:00,read,key_814,1.67,true,false,4514
2025-11-27T16:12:36.712504-08:00,read,key_968,1.67,true,false,3199
2025-11-27T16:12:36.723655-08:00,read,key_876,0.81,true,false,4504
2025-11-27T16:12:36.734788-08:00,read,key_388,0.78,true,false,4371
2025-11-27T16:12:36.745658-08:00,read,key_957,1.31,true,false,4289
2025-11-27T16:12:36.756779-08:00,read,key_87,0.95,true,false,2354
2025-11-27T16:12:36.76794-08:00,read,key_782,1.65,true,false,2468
2025-11-27T16:12:36.778803-08:00,read,key_754,1.71,true,false,4365
2025-11-27T16:12:36.790007-08:00,read,key_411,2.07,true,false,4313
2025-11-27T16:12:36.801164-08:00,read,key_183,1.76,true,false,4411
2025-11-27T16:12:36.812314-08:00,read,key_295,2.03,true,false,380
2025-11-27T16:12:36.82389-08:00,read,key_89,2.35,true,false,902
2025-11-27T16:12:36.834925-08:00,read,key_163,0.81,true,false,4505
2025-11-27T16:12:36.846089-08:00,read,key_896,2.08,true,false,3682
2025-11-27T16:12:36.85721-08:00,read,key_684,0.92,true,false,2443
2025-11-27T16:12:36.868353-08:00,read,key_870,1.70,true,false,3972
2025-11-27T16:12:36.87956-08:00,read,key_483,2.17,false,false,0
2025-11-27T16:12:36.89071-08:00,read,key_3,1.08,true,false,2575
2025-11-27T16:12:36.901116-08:00,read,key_849,0.94,true,false,3766
2025-11-27T16:12:36.912304-08:00,read,key_557,2.00,false,false,0
2025-11-27T16:12:36.923479-08:00,read,key_989,1.66,true,false,2998
2025-11-27T16:12:36.934484-08:00,read,key_130,1.57,true,false,4307
2025-11-27T16:12:36.94567-08:00,read,key_995,2.16,true,false,4501
2025-11-27T16:12:36.956357-08:00,read,key_565,1.84,true,false,3619
2025-11-27T16:12:36.967496-08:00,read,key_510,1.28,true,false,1716
2025-11-27T16:12:36.978425-08:00,read,key_313,1.80,true,false,2713
2025-11-27T16:12:36.9896-08:00,read,key_781,1.55,true,false,4368
2025-11-27T16:12:37.000783-08:00,read,key_908,1.72,true,false,2331
2025-11-27T16:12:37.011986-08:00,read,key_339,2.09,true,false,3899
2025-11-27T16:12:37.023108-08:00,read,key_178,1.59,true,false,2263
2025-11-27T16:12:37.034293-08:00,read,key_220,1.66,true,false,2062
2025-11-27T16:12:37.045503-08:00,read,key_277,2.06,true,false,440
2025-11-27T16:12:37.056647-08:00,read,key_344,1.61,true,false,3787
2025-11-27T16:12:37.067828-08:00,read,key_560,1.65,true,false,3599
2025-11-27T16:12:37.079063-08:00,read,key_465,2.15,true,false,4386
2025-11-27T16:12:37.089968-08:00,read,key_77,1.69,true,false,4513
2025-11-27T16:12:37.100642-08:00,read,key_543,1.69,true,false,4184
2025-11-27T16:12:37.111043-08:00,read,key_328,2.24,true,false,4247
2025-11-27T16:12:37.122222-08:00,read,key_194,1.84,true,false,2979
2025-11-27T16:12:37.132709-08:00,read,key_380,1.65,true,false,4059
2025-11-27T16:12:37.143905-08:00,read,key_743,1.89,true,false,595
2025-11-27T16:12:37.154641-08:00,read,key_988,1.65,true,false,3044
2025-11-27T16:12:37.164924-08:00,read,key_195,0.80,true,false,2710
2025-11-27T16:12:37.175175-08:00,read,key_999,1.57,true,false,4512
2025-11-27T16:12:37.185969-08:00,read,key_270,1.02,false,false,0
2025-11-27T16:12:37.197103-08:00,read,key_650,1.27,true,false,2420
2025-11-27T16:12:37.208217-08:00,read,key_967,1.12,true,false,3713
2025-11-27T16:12:37.218551-08:00,read,key_98,1.91,true,false,4348
2025-11-27T16:12:37.229652-08:00,read,key_814,1.64,true,false,4514
2025-11-27T16:12:37.240801-08:00,read,key_871,1.71,true,false,4299
2025-11-27T16:12:37.251994-08:00,read,key_741,2.26,false,false,0
2025-11-27T16:12:37.263198-08:00,read,key_735,1.68,true,false,143
2025-11-27T16:12:37.274343-08:00,read,key_277,1.61,true,false,440
2025-11-27T16:12:37.285482-08:00,read,key_205,1.67,true,false,2814
2025-11-27T16:12:37.296687-08:00,read,key_984,1.69,true,false,3157
2025-11-27T16:12:37.307966-08:00,read,key_559,1.98,true,false,3422
2025-11-27T16:12:37.319254-08:00,read,key_865,2.16,true,false,2435
2025-11-27T16:12:37.330352-08:00,read,key_48,0.89,true,false,1315
2025-11-27T16:12:37.341013-08:00,read,key_870,1.82,true,false,3972
2025-11-27T16:12:37.352161-08:00,read,key_97,0.81,true,false,2828
2025-11-27T16:12:37.363389-08:00,read,key_333,1.67,true,false,1973
2025-11-27T16:12:37.374506-08:00,read,key_787,1.06,true,false,4122
2025-11-27T16:12:37.385728-08:00,read,key_316,1.85,true,false,4359
2025-11-27T16:12:37.396704-08:00,read,key_505,1.57,true,false,1214
2025-11-27T16:12:37.407886-08:00,read,key_51,4.07,true,false,4224
2025-11-27T16:12:37.418805-08:00,read,key_46,1.88,true,false,2186
2025-11-27T16:12:37.429951-08:00,read,key_653,1.72,true,false,4222
2025-11-27T16:12:37.440156-08:00,read,key_760,1.83,true,false,3528
2025-11-27T16:12:37.451354-08:00,read,key_671,2.04,true,false,4409
2025-11-27T16:12:37.461767-08:00,read,key_205,1.99,true,false,2814
2025-11-27T16:12:37.472681-08:00,read,key_327,1.54,true,false,4262
2025-11-27T16:12:37.483471-08:00,read,key_469,2.08,true,false,4541
2025-11-27T16:12:37.493753-08:00,read,key_660,1.72,true,false,2422
2025-11-27T16:12:37.504871-08:00,read,key_593,1.35,true,false,3468
2025-11-27T16:12:37.516015-08:00,read,key_279,2.14,true,false,2236
2025-11-27T16:12:37.526946-08:00,read,key_721,1.68,true,false,4193
2025-11-27T16:12:37.538129-08:00,read,key_332,1.58,false,false,0
2025-11-27T16:12:37.548541-08:00,read,key_349,2.15,true,false,4486
2025-11-27T16:12:37.559755-08:00,read,key_592,1.84,true,false,4322
2025-11-27T16:12:37.570363-08:00,read,key_636,1.57,true,false,3837
2025-11-27T16:12:37.580872-08:00,read,key_908,1.67,true,false,2331
2025-11-27T16:12:37.59208-08:00,read,key_322,2.08,true,false,4327
2025-11-27T16:12:37.603184-08:00,read,key_136,1.55,true,false,4453
2025-11-27T16:12:37.613507-08:00,read,key_933,1.58,true,false,2434
2025-11-27T16:12:37.623972-08:00,read,key_510,2.43,true,false,1716
2025-11-27T16:12:37.634647-08:00,read,key_930,1.60,true,false,3779
2025-11-27T16:12:37.645565-08:00,read,key_500,1.17,true,false,1138
2025-11-27T16:12:37.656735-08:00,read,key_832,2.06,true,false,4423
2025-11-27T16:12:37.666978-08:00,read,key_681,1.92,true,false,3325
2025-11-27T16:12:37.677641-08:00,read,key_791,0.98,true,false,926
2025-11-27T16:12:37.688772-08:00,read,key_3,0.79,true,false,2575
2025-11-27T16:12:37.699673-08:00,read,key_53,1.60,true,false,4273
2025-11-27T16:12:37.710784-08:00,read,key_749,1.22,true,false,326
2025-11-27T16:12:37.721968-08:00,read,key_463,1.94,true,false,4459
2025-11-27T16:12:37.733174-08:00,read,key_892,1.84,true,false,4207
2025-11-27T16:12:37.744284-08:00,read,key_537,1.70,true,false,4437
2025-11-27T16:12:37.754901-08:00,read,key_12,2.09,true,false,3861
2025-11-27T16:12:37.766122-08:00,read,key_764,1.61,true,false,4093
2025-11-27T16:12:37.776674-08:00,read,key_747,1.68,true,false,1749
2025-11-27T16:12:37.786882-08:00,read,key_51,2.01,true,false,4224
2025-11-27T16:12:37.798398-08:00,read,key_898,2.33,true,false,3890
2025-11-27T16:12:37.808698-08:00,read,key_453,1.70,true,false,2442
2025-11-27T16:12:37.819875-08:00,read,key_90,1.67,true,false,2915
2025-11-27T16:12:37.830711-08:00,read,key_516,2.13,true,false,2514
2025-11-27T16:12:37.841865-08:00,read,key_318,1.69,true,false,4447
2025-11-27T16:12:37.853001-08:00,read,key_631,1.66,true,false,3924
2025-11-27T16:12:37.864165-08:00,read,key_673,3.02,true,false,3393
2025-11-27T16:12:37.874541-08:00,read,key_207,1.72,true,false,4417
2025-11-27T16:12:37.885784-08:00,read,key_531,1.71,true,false,2865
2025-11-27T16:12:37.896541-08:00,read,key_48,1.98,true,false,1315
2025-11-27T16:12:37.918768-08:00,read,key_615,0.84,true,false,839
2025-11-27T16:12:37.929118-08:00,read,key_723,2.19,true,false,1245
2025-11-27T16:12:37.939642-08:00,read,key_596,0.97,true,false,4343
2025-11-27T16:12:37.950164-08:00,read,key_127,1.53,true,false,837
2025-11-27T16:12:37.960517-08:00,read,key_278,1.53,true,false,1097
2025-11-27T16:12:37.971757-08:00,read,key_761,2.01,true,false,2199
2025-11-27T16:12:37.982111-08:00,read,key_768,0.77,true,false,4022
2025-11-27T16:12:37.993306-08:00,read,key_457,1.72,true,false,4070
2025-11-27T16:12:38.004533-08:00,read,key_551,2.02,true,false,2898
2025-11-27T16:12:38.015698-08:00,read,key_347,1.78,true,false,3747
2025-11-27T16:12:38.026836-08:00,read,key_198,1.82,true,false,2779
2025-11-27T16:12:38.038043-08:00,read,key_655,2.22,true,false,2135
2025-11-27T16:12:38.048631-08:00,read,key_860,1.80,true,false,3732
2025-11-27T16:12:38.059823-08:00,read,key_720,1.64,true,false,945
2025-11-27T16:12:38.070969-08:00,read,key_887,2.67,true,false,2341
2025-11-27T16:12:38.081493-08:00,read,key_962,1.89,true,false,3980
2025-11-27T16:12:38.09267-08:00,read,key_937,1.74,true,false,1206
2025-11-27T16:12:38.103836-08:00,read,key_733,2.55,true,false,286
2025-11-27T16:12:38.125759-08:00,read,key_749,1.03,true,false,326
2025-11-27T16:12:38.136964-08:00,read,key_961,2.21,true,false,3521
2025-11-27T16:12:38.148095-08:00,read,key_999,1.62,true,false,4512
2025-11-27T16:12:38.159229-08:00,read,key_872,1.67,true,false,1427
2025-11-27T16:12:38.169994-08:00,read,key_41,2.25,true,false,2528
2025-11-27T16:12:38.180848-08:00,read,key_657,1.56,true,false,2226
2025-11-27T16:12:38.191981-08:00,read,key_610,1.70,true,false,402
2025-11-27T16:12:38.20247-08:00,read,key_541,1.86,true,false,2817
2025-11-27T16:12:37.907654-08:00,write,key_642,304.39,true,false,4544
2025-11-27T16:12:38.212695-08:00,read,key_240,1.51,true,false,4211
2025-11-27T16:12:38.223678-08:00,read,key_163,1.50,true,false,4505
2025-11-27T16:12:38.234823-08:00,read,key_247,1.69,true,false,4288
2025-11-27T16:12:38.246004-08:00,read,key_237,2.03,true,false,4274
2025-11-27T16:12:38.257187-08:00,read,key_819,1.62,true,false,4543
2025-11-27T16:12:38.268353-08:00,read,key_228,2.39,true,false,3669
2025-11-27T16:12:38.279476-08:00,read,key_593,2.21,true,false,3468
2025-11-27T16:12:38.290646-08:00,read,key_396,1.66,true,false,3399
2025-11-27T16:12:38.301807-08:00,read,key_199,2.15,true,false,3027
2025-11-27T16:12:38.313002-08:00,read,key_105,1.63,true,false,2527
2025-11-27T16:12:38.324145-08:00,read,key_106,1.48,true,false,578
2025-11-27T16:12:38.335302-08:00,read,key_673,0.91,true,false,3393
2025-11-27T16:12:38.34645-08:00,read,key_184,1.74,true,false,3592
2025-11-27T16:12:38.36752-08:00,read,key_621,2.31,true,false,3757
2025-11-27T16:12:38.377988-08:00,read,key_48,2.02,true,false,1315
2025-11-27T16:12:38.389106-08:00,read,key_446,0.88,true,false,3274
2025-11-27T16:12:38.400177-08:00,read,key_946,2.15,true,false,1961
2025-11-27T16:12:38.411527-08:00,read,key_84,2.01,true,false,4475
2025-11-27T16:12:38.114987-08:00,write,key_449,305.94,true,false,4544
2025-11-27T16:12:38.421731-08:00,read,key_246,0.80,true,false,1219
2025-11-27T16:12:38.432823-08:00,read,key_852,1.80,true,false,2410
2025-11-27T16:12:38.44333-08:00,read,key_636,1.95,true,false,3837
2025-11-27T16:12:38.45453-08:00,read,key_631,1.83,true,false,3924
2025-11-27T16:12:38.465041-08:00,read,key_643,1.83,true,false,3050
2025-11-27T16:12:38.476263-08:00,read,key_41,2.56,true,false,2528
2025-11-27T16:12:38.487126-08:00,read,key_550,2.65,true,false,3447
2025-11-27T16:12:38.498158-08:00,read,key_248,0.52,true,false,2772
2025-11-27T16:12:38.509256-08:00,read,key_181,0.54,true,false,2367
2025-11-27T16:12:38.520401-08:00,read,key_961,0.58,true,false,3521
2025-11-27T16:12:38.531446-08:00,read,key_683,0.48,true,false,3210
2025-11-27T16:12:38.542581-08:00,read,key_988,0.73,true,false,3044
2025-11-27T16:12:38.553732-08:00,read,key_147,1.28,true,false,900
2025-11-27T16:12:38.564557-08:00,read,key_391,1.56,true,false,4157
2025-11-27T16:12:38.575697-08:00,read,key_47,2.00,true,false,1908
2025-11-27T16:12:38.586854-08:00,read,key_886,1.59,true,false,2281
2025-11-27T16:12:38.59707-08:00,read,key_605,1.44,true,false,1863
2025-11-27T16:12:38.608262-08:00,read,key_741,1.82,false,false,0
2025-11-27T16:12:38.619452-08:00,read,key_135,1.50,true,false,4402
2025-11-27T16:12:38.630552-08:00,read,key_872,1.07,true,false,1427
2025-11-27T16:12:38.641426-08:00,read,key_170,2.08,true,false,3416
2025-11-27T16:12:38.652571-08:00,read,key_974,1.79,true,false,4181
2025-11-27T16:12:38.357098-08:00,write,key_755,305.43,true,false,4545
2025-11-27T16:12:38.66272-08:00,read,key_172,1.38,true,false,4132
2025-11-27T16:12:38.673889-08:00,read,key_429,2.34,true,false,2637
2025-11-27T16:12:38.684269-08:00,read,key_482,1.78,false,false,0
2025-11-27T16:12:38.695451-08:00,read,key_15,1.63,true,false,3413
2025-11-27T16:12:38.706634-08:00,read,key_616,2.53,true,false,3564
2025-11-27T16:12:38.717704-08:00,read,key_774,1.66,true,false,3653
2025-11-27T16:12:38.728892-08:00,read,key_146,1.58,true,false,3136
2025-11-27T16:12:38.740035-08:00,read,key_901,2.11,true,false,2529
2025-11-27T16:12:38.751197-08:00,read,key_569,1.78,true,false,2259
2025-11-27T16:12:38.762407-08:00,read,key_854,1.63,true,false,2295
2025-11-27T16:12:38.773506-08:00,read,key_329,2.18,true,false,4303
2025-11-27T16:12:38.784652-08:00,read,key_414,2.32,true,false,4335
2025-11-27T16:12:38.795793-08:00,read,key_386,1.54,true,false,3640
2025-11-27T16:12:38.806946-08:00,read,key_532,2.41,true,false,4302
2025-11-27T16:12:38.818064-08:00,read,key_138,1.56,true,false,4109
2025-11-27T16:12:38.829198-08:00,read,key_246,1.46,true,false,1219
2025-11-27T16:12:38.839994-08:00,read,key_966,2.53,true,false,3585
2025-11-27T16:12:38.851158-08:00,read,key_859,1.82,true,false,3758
2025-11-27T16:12:38.862305-08:00,read,key_977,1.64,true,false,4369
2025-11-27T16:12:38.87307-08:00,read,key_769,3.32,true,false,4142
2025-11-27T16:12:38.884332-08:00,read,key_371,3.32,true,false,2503
2025-11-27T16:12:38.895262-08:00,read,key_10,0.89,true,false,2639
2025-11-27T16:12:38.906601-08:00,read,key_37,1.97,true,false,3536
2025-11-27T16:12:38.917776-08:00,read,key_907,1.42,true,false,1769
2025-11-27T16:12:38.928928-08:00,read,key_340,1.59,true,false,4271
2025-11-27T16:12:38.939307-08:00,read,key_518,1.94,true,false,3114
2025-11-27T16:12:38.949967-08:00,read,key_380,1.98,true,false,4059
2025-11-27T16:12:38.960276-08:00,read,key_274,1.64,false,false,0
2025-11-27T16:12:38.971459-08:00,read,key_794,2.44,true,false,3910
2025-11-27T16:12:38.982587-08:00,read,key_341,1.64,true,false,4087
2025-11-27T16:12:38.993791-08:00,read,key_200,1.68,true,false,3046
2025-11-27T16:12:39.004966-08:00,read,key_748,2.17,true,false,1223
2025-11-27T16:12:39.015334-08:00,read,key_10,1.75,true,false,2639
2025-11-27T16:12:39.026432-08:00,read,key_604,1.62,true,false,1182
2025-11-27T16:12:39.037264-08:00,read,key_428,2.00,true,false,4100
2025-11-27T16:12:39.04853-08:00,read,key_273,1.70,true,false,1548
2025-11-27T16:12:39.058866-08:00,read,key_488,1.69,true,false,4160
2025-11-27T16:12:39.070065-08:00,read,key_594,3.26,true,false,3906
2025-11-27T16:12:39.081119-08:00,read,key_153,2.13,true,false,3894
2025-11-27T16:12:39.092272-08:00,read,key_346,1.61,true,false,4103
2025-11-27T16:12:39.102419-08:00,read,key_781,1.35,true,false,4368
2025-11-27T16:12:39.112924-08:00,read,key_617,2.11,true,false,713
2025-11-27T16:12:39.124071-08:00,read,key_908,1.50,true,false,2331
2025-11-27T16:12:39.135253-08:00,read,key_483,1.60,false,false,0
2025-11-27T16:12:39.147141-08:00,read,key_54,2.31,true,false,4535
2025-11-27T16:12:39.158278-08:00,read,key_74,1.86,true,false,4220
2025-11-27T16:12:39.169464-08:00,read,key_33,1.68,true,false,4338
2025-11-27T16:12:39.180722-08:00,read,key_741,2.01,false,false,0
2025-11-27T16:12:39.190893-08:00,read,key_365,0.90,true,false,4431
2025-11-27T16:12:39.201976-08:00,read,key_122,0.94,true,false,511
2025-11-27T16:12:39.213173-08:00,read,key_785,1.89,true,false,3946
2025-11-27T16:12:39.22428-08:00,read,key_295,0.84,true,false,380
2025-11-27T16:12:39.235488-08:00,read,key_816,4.33,true,false,4209
2025-11-27T16:12:39.24582-08:00,read,key_185,2.26,true,false,3855
2025-11-27T16:12:39.256406-08:00,read,key_122,1.70,true,false,511
2025-11-27T16:12:39.267405-08:00,read,key_680,1.21,true,false,2773
2025-11-27T16:12:39.278497-08:00,read,key_295,1.87,true,false,380
2025-11-27T16:12:39.289422-08:00,read,key_240,1.40,true,false,4211
2025-11-27T16:12:39.300516-08:00,read,key_793,1.10,true,false,4446
2025-11-27T16:12:39.312238-08:00,read,key_83,1.15,true,false,1839
2025-11-27T16:12:39.323298-08:00,read,key_819,0.87,true,false,4543
2025-11-27T16:12:39.33447-08:00,read,key_849,0.93,true,false,3766
2025-11-27T16:12:39.345549-08:00,read,key_956,0.92,true,false,4421
2025-11-27T16:12:39.356629-08:00,read,key_568,0.88,true,false,4515
2025-11-27T16:12:39.367742-08:00,read,key_521,0.85,true,false,3408
2025-11-27T16:12:39.378822-08:00,read,key_874,0.81,true,false,2457
2025-11-27T16:12:39.389895-08:00,read,key_760,0.72,true,false,3528
2025-11-27T16:12:39.400957-08:00,read,key_42,0.67,true,false,2576
2025-11-27T16:12:39.412021-08:00,read,key_867,0.73,true,false,4020
2025-11-27T16:12:39.423074-08:00,read,key_755,0.80,true,false,4545
2025-11-27T16:12:39.434176-08:00,read,key_897,0.85,true,false,3704
2025-11-27T16:12:39.445308-08:00,read,key_246,0.94,true,false,1219
2025-11-27T16:12:39.456397-08:00,read,key_806,1.10,false,false,0
2025-11-27T16:12:39.467455-08:00,read,key_967,1.27,true,false,3713
2025-11-27T16:12:39.478541-08:00,read,key_511,0.96,true,false,3963
2025-11-27T16:12:39.489656-08:00,read,key_141,1.13,true,false,4153
2025-11-27T16:12:39.499755-08:00,read,key_93,1.11,true,false,4336
2025-11-27T16:12:39.510013-08:00,read,key_863,0.98,true,false,3931
2025-11-27T16:12:39.521095-08:00,read,key_639,1.18,true,false,3215
2025-11-27T16:12:39.532161-08:00,read,key_874,1.54,true,false,2457
2025-11-27T16:12:39.54323-08:00,read,key_169,1.53,true,false,4432
2025-11-27T16:12:39.554327-08:00,read,key_793,1.39,true,false,4446
2025-11-27T16:12:39.56538-08:00,read,key_673,1.47,true,false,3393
2025-11-27T16:12:39.576451-08:00,read,key_71,1.54,true,false,4448
2025-11-27T16:12:39.587534-08:00,read,key_119,1.52,true,false,4478
2025-11-27T16:12:39.598617-08:00,read,key_37,1.44,true,false,3536
2025-11-27T16:12:39.60979-08:00,read,key_182,1.47,true,false,4441
2025-11-27T16:12:39.620992-08:00,read,key_781,1.81,true,false,4368
2025-11-27T16:12:39.632131-08:00,read,key_9,1.78,true,false,2451
2025-11-27T16:12:39.643373-08:00,read,key_899,1.92,true,false,3624
2025-11-27T16:12:39.654545-08:00,read,key_657,1.55,true,false,2226
2025-11-27T16:12:39.665759-08:00,read,key_132,2.00,true,false,4356
2025-11-27T16:12:39.677249-08:00,read,key_734,1.77,true,false,4011
2025-11-27T16:12:39.688387-08:00,read,key_963,1.84,true,false,3821
2025-11-27T16:12:39.699603-08:00,read,key_681,2.83,true,false,3325
2025-11-27T16:12:39.710496-08:00,read,key_203,1.83,true,false,3491
2025-11-27T16:12:39.721638-08:00,read,key_508,1.56,true,false,4531
2025-11-27T16:12:39.732875-08:00,read,key_590,2.37,true,false,2372
2025-11-27T16:12:39.744107-08:00,read,key_373,1.93,true,false,2395
2025-11-27T16:12:39.754769-08:00,read,key_639,1.64,true,false,3215
2025-11-27T16:12:39.765986-08:00,read,key_549,2.16,true,false,4197
2025-11-27T16:12:39.777124-08:00,read,key_951,1.75,true,false,4527
2025-11-27T16:12:39.787795-08:00,read,key_734,2.00,true,false,4011
2025-11-27T16:12:39.798523-08:00,read,key_676,1.01,true,false,4297
2025-11-27T16:12:39.809811-08:00,read,key_689,1.82,true,false,4292
2025-11-27T16:12:39.820924-08:00,read,key_482,1.14,false,false,0
2025-11-27T16:12:39.832101-08:00,read,key_940,2.45,true,false,1334
2025-11-27T16:12:39.843223-08:00,read,key_199,1.64,true,false,3027
2025-11-27T16:12:39.853776-08:00,read,key_329,1.80,true,false,4303
2025-11-27T16:12:39.864899-08:00,read,key_462,1.40,true,false,4385
2025-11-27T16:12:39.876067-08:00,read,key_542,2.25,true,false,2545
2025-11-27T16:12:39.887115-08:00,read,key_149,0.90,true,false,1326
2025-11-27T16:12:39.898386-08:00,read,key_666,2.11,true,false,2540
2025-11-27T16:12:39.909642-08:00,read,key_104,3.67,true,false,2557
2025-11-27T16:12:39.920457-08:00,read,key_306,1.28,true,false,3631
2025-11-27T16:12:39.931573-08:00,read,key_252,1.67,false,false,0
2025-11-27T16:12:39.953353-08:00,read,key_323,1.77,true,false,4532
2025-11-27T16:12:39.964358-08:00,read,key_150,2.13,true,false,3350
2025-11-27T16:12:39.975465-08:00,read,key_109,1.34,true,false,1103
2025-11-27T16:12:39.986623-08:00,read,key_18,1.66,true,false,2742
2025-11-27T16:12:39.997316-08:00,read,key_338,2.22,true,false,4492
2025-11-27T16:12:40.008503-08:00,read,key_221,1.72,true,false,1006
2025-11-27T16:12:40.019047-08:00,read,key_887,1.63,true,false,2341
2025-11-27T16:12:40.030196-08:00,read,key_48,1.89,true,false,1315
2025-11-27T16:12:40.041404-08:00,read,key_683,2.02,true,false,3210
2025-11-27T16:12:40.051794-08:00,read,key_930,1.24,true,false,3779
2025-11-27T16:12:40.062109-08:00,read,key_186,1.46,true,false,4301
2025-11-27T16:12:40.072914-08:00,read,key_818,2.09,true,false,3312
2025-11-27T16:12:40.084068-08:00,read,key_348,1.67,true,false,4367
2025-11-27T16:12:40.095246-08:00,read,key_962,1.81,true,false,3980
2025-11-27T16:12:40.106562-08:00,read,key_163,1.96,true,false,4505
2025-11-27T16:12:40.117668-08:00,read,key_192,0.86,true,false,2658
2025-11-27T16:12:40.128873-08:00,read,key_480,1.20,true,false,3693
2025-11-27T16:12:40.139973-08:00,read,key_344,0.63,true,false,3787
2025-11-27T16:12:40.15113-08:00,read,key_14,1.03,true,false,2760
2025-11-27T16:12:40.162317-08:00,read,key_424,2.22,true,false,3188
2025-11-27T16:12:40.173354-08:00,read,key_542,1.87,true,false,2545
2025-11-27T16:12:40.18463-08:00,read,key_347,1.65,true,false,3747
2025-11-27T16:12:40.195783-08:00,read,key_73,2.04,true,false,4534
2025-11-27T16:12:40.206914-08:00,read,key_597,1.93,true,false,4306
2025-11-27T16:12:40.218128-08:00,read,key_170,1.69,true,false,3416
2025-11-27T16:12:40.22837-08:00,read,key_275,1.90,true,false,4517
2025-11-27T16:12:40.239461-08:00,read,key_783,0.87,true,false,1801
2025-11-27T16:12:39.942126-08:00,write,key_525,302.85,true,false,4546
2025-11-27T16:12:40.250185-08:00,read,key_962,1.67,true,false,3980
2025-11-27T16:12:40.261305-08:00,read,key_202,0.99,true,false,3209
2025-11-27T16:12:40.272533-08:00,read,key_615,1.85,true,false,839
2025-11-27T16:12:40.283755-08:00,read,key_382,2.50,true,false,4310
2025-11-27T16:12:40.294808-08:00,read,key_415,2.30,true,false,4246
2025-11-27T16:12:40.306064-08:00,read,key_166,1.30,true,false,3917
2025-11-27T16:12:40.328421-08:00,read,key_816,2.42,true,false,4209
2025-11-27T16:12:40.33902-08:00,read,key_602,1.85,true,false,3730
2025-11-27T16:12:40.350172-08:00,read,key_480,1.68,true,false,3693
2025-11-27T16:12:40.361335-08:00,read,key_75,2.06,true,false,4261
2025-11-27T16:12:40.37267-08:00,read,key_573,2.16,true,false,4205
2025-11-27T16:12:40.3834-08:00,read,key_1,1.84,true,false,3506
2025-11-27T16:12:40.394536-08:00,read,key_961,0.95,true,false,3521
2025-11-27T16:12:40.405774-08:00,read,key_986,1.65,true,false,3463
2025-11-27T16:12:40.416876-08:00,read,key_15,0.87,true,false,3413
2025-11-27T16:12:40.428044-08:00,read,key_816,1.64,true,false,4209
2025-11-27T16:12:40.439223-08:00,read,key_502,1.78,true,false,2191
2025-11-27T16:12:40.450387-08:00,read,key_489,1.95,true,false,4235
2025-11-27T16:12:40.461529-08:00,read,key_90,2.36,true,false,2915
2025-11-27T16:12:40.472636-08:00,read,key_899,1.76,true,false,3624
2025-11-27T16:12:40.483797-08:00,read,key_180,4.47,true,false,4328
2025-11-27T16:12:40.494475-08:00,read,key_979,1.89,true,false,4251
2025-11-27T16:12:40.505651-08:00,read,key_654,1.93,true,false,1841
2025-11-27T16:12:40.516803-08:00,read,key_2,1.57,true,false,2449
2025-11-27T16:12:40.527967-08:00,read,key_535,2.11,true,false,4428
2025-11-27T16:12:40.539127-08:00,read,key_165,1.81,true,false,1654
2025-11-27T16:12:40.550315-08:00,read,key_116,1.77,true,false,4202
2025-11-27T16:12:40.561525-08:00,read,key_372,1.86,true,false,3518
2025-11-27T16:12:40.572337-08:00,read,key_636,1.62,true,false,3837
2025-11-27T16:12:40.58349-08:00,read,key_658,1.63,true,false,2101
2025-11-27T16:12:40.594703-08:00,read,key_272,2.06,true,false,4035
2025-11-27T16:12:40.605888-08:00,read,key_652,1.71,true,false,4465
2025-11-27T16:12:40.617065-08:00,read,key_346,2.08,true,false,4103
2025-11-27T16:12:40.317096-08:00,write,key_334,304.35,true,false,4547
2025-11-27T16:12:40.628002-08:00,read,key_997,1.96,true,false,4030
2025-11-27T16:12:40.639227-08:00,read,key_346,1.60,true,false,4103
2025-11-27T16:12:40.650346-08:00,read,key_79,2.05,true,false,4066
2025-11-27T16:12:40.661485-08:00,read,key_188,2.23,true,false,4400
2025-11-27T16:12:40.672587-08:00,read,key_946,0.98,true,false,1961
2025-11-27T16:12:40.683728-08:00,read,key_637,1.28,true,false,3711
2025-11-27T16:12:40.694866-08:00,read,key_826,0.85,true,false,3070
2025-11-27T16:12:40.706026-08:00,read,key_488,1.83,true,false,4160
2025-11-27T16:12:40.716339-08:00,read,key_634,1.82,true,false,4073
2025-11-27T16:12:40.727463-08:00,read,key_173,0.90,true,false,3328
2025-11-27T16:12:40.73866-08:00,read,key_194,1.87,true,false,2979
2025-11-27T16:12:40.748818-08:00,read,key_753,1.77,true,false,4242
2025-11-27T16:12:40.759992-08:00,read,key_347,2.14,true,false,3747
2025-11-27T16:12:40.770346-08:00,read,key_799,1.68,true,false,2377
2025-11-27T16:12:40.781541-08:00,read,key_329,1.81,true,false,4303
2025-11-27T16:12:40.792668-08:00,read,key_113,2.20,true,false,4487
2025-11-27T16:12:40.802991-08:00,read,key_608,1.75,true,false,2306
2025-11-27T16:12:40.814156-08:00,read,key_108,1.64,true,false,4474
2025-11-27T16:12:40.824608-08:00,read,key_762,2.09,true,false,1117
2025-11-27T16:12:40.835745-08:00,read,key_772,0.78,true,false,3933
2025-11-27T16:12:40.846942-08:00,read,key_17,1.50,true,false,3279
2025-11-27T16:12:40.858108-08:00,read,key_198,2.04,true,false,2779
2025-11-27T16:12:40.869266-08:00,read,key_655,1.78,true,false,2135
2025-11-27T16:12:40.88044-08:00,read,key_263,0.84,true,false,4105
2025-11-27T16:12:40.891551-08:00,read,key_636,2.11,true,false,3837
2025-11-27T16:12:40.902712-08:00,read,key_164,1.68,true,false,2836
2025-11-27T16:12:40.913698-08:00,read,key_669,1.78,true,false,2841
2025-11-27T16:12:40.924837-08:00,read,key_898,1.25,true,false,3890
2025-11-27T16:12:40.935649-08:00,read,key_180,1.70,true,false,4328
2025-11-27T16:12:40.945772-08:00,read,key_202,1.08,true,false,3209
2025-11-27T16:12:40.956897-08:00,read,key_262,2.10,true,false,3071
2025-11-27T16:12:40.967371-08:00,read,key_332,1.96,false,false,0
2025-11-27T16:12:40.978459-08:00,read,key_615,0.84,true,false,839
2025-11-27T16:12:40.989986-08:00,read,key_309,1.76,true,false,2323
2025-11-27T16:12:41.001099-08:00,read,key_326,0.92,true,false,3679
2025-11-27T16:12:41.012239-08:00,read,key_117,0.88,true,false,4415
2025-11-27T16:12:41.023365-08:00,read,key_15,1.01,true,false,3413
2025-11-27T16:12:41.034211-08:00,read,key_594,1.83,true,false,3906
2025-11-27T16:12:41.045379-08:00,read,key_46,1.64,true,false,2186
2025-11-27T16:12:41.055653-08:00,read,key_764,1.87,true,false,4093
2025-11-27T16:12:41.066856-08:00,read,key_383,1.75,true,false,241
2025-11-27T16:12:41.078034-08:00,read,key_898,1.64,true,false,3890
2025-11-27T16:12:41.089156-08:00,read,key_275,1.06,true,false,4517
2025-11-27T16:12:41.100306-08:00,read,key_315,0.89,true,false,2549
2025-11-27T16:12:41.111113-08:00,read,key_113,1.62,true,false,4487
2025-11-27T16:12:41.122316-08:00,read,key_453,2.39,true,false,2442
2025-11-27T16:12:41.133454-08:00,read,key_938,1.66,false,false,0
2025-11-27T16:12:41.14463-08:00,read,key_687,1.47,true,false,4314
2025-11-27T16:12:41.155787-08:00,read,key_501,2.41,true,false,1371
2025-11-27T16:12:41.166954-08:00,read,key_76,1.72,true,false,4533
2025-11-27T16:12:41.177127-08:00,read,key_790,1.75,true,false,4346
2025-11-27T16:12:41.188312-08:00,read,key_511,2.16,true,false,3963
2025-11-27T16:12:41.199521-08:00,read,key_290,1.42,true,false,3806
2025-11-27T16:12:41.210114-08:00,read,key_664,1.79,true,false,2629
2025-11-27T16:12:41.221283-08:00,read,key_973,2.19,true,false,4384
2025-11-27T16:12:41.231615-08:00,read,key_122,2.28,true,false,511
2025-11-27T16:12:41.242741-08:00,read,key_740,2.09,true,false,4519
2025-11-27T16:12:41.253555-08:00,read,key_728,1.83,true,false,4089
2025-11-27T16:12:41.264348-08:00,read,key_415,2.55,true,false,4246
2025-11-27T16:12:41.275446-08:00,read,key_952,1.61,true,false,4537
2025-11-27T16:12:41.286018-08:00,read,key_207,1.91,true,false,4417
2025-11-27T16:12:41.296397-08:00,read,key_615,2.36,true,false,839
2025-11-27T16:12:41.306803-08:00,read,key_426,1.59,true,false,3365
2025-11-27T16:12:41.317962-08:00,read,key_23,1.35,true,false,3751
2025-11-27T16:12:41.329203-08:00,read,key_115,2.27,true,false,4355
2025-11-27T16:12:41.340247-08:00,read,key_523,1.71,true,false,1989
2025-11-27T16:12:41.351445-08:00,read,key_107,1.73,true,false,1418
2025-11-27T16:12:41.362652-08:00,read,key_419,1.98,true,false,3695
2025-11-27T16:12:41.373632-08:00,read,key_321,1.90,true,false,4293
2025-11-27T16:12:41.384766-08:00,read,key_958,1.71,true,false,4379
2025-11-27T16:12:41.39593-08:00,read,key_205,2.21,true,false,2814
2025-11-27T16:12:41.406763-08:00,read,key_945,1.66,false,false,0
2025-11-27T16:12:41.417943-08:00,read,key_534,1.67,false,false,0
2025-11-27T16:12:41.428712-08:00,read,key_18,2.00,true,false,2742
2025-11-27T16:12:41.43998-08:00,read,key_566,1.59,true,false,3688
2025-11-27T16:12:41.451054-08:00,read,key_226,1.76,true,false,1746
2025-11-27T16:12:41.462218-08:00,read,key_507,1.89,true,false,1175
2025-11-27T16:12:41.473353-08:00,read,key_888,1.69,true,false,3722
2025-11-27T16:12:41.483709-08:00,read,key_18,1.64,true,false,2742
2025-11-27T16:12:41.49502-08:00,read,key_423,3.18,true,false,4057
2025-11-27T16:12:41.506027-08:00,read,key_154,0.72,true,false,4016
2025-11-27T16:12:41.517158-08:00,read,key_29,0.63,true,false,3496
2025-11-27T16:12:41.527488-08:00,read,key_569,2.35,true,false,2259
2025-11-27T16:12:41.538605-08:00,read,key_904,1.13,true,false,4381
2025-11-27T16:12:41.54975-08:00,read,key_610,0.79,true,false,402
2025-11-27T16:12:41.560236-08:00,read,key_9,2.09,true,false,2451
2025-11-27T16:12:41.571368-08:00,read,key_396,0.81,true,false,3399
2025-11-27T16:12:41.581636-08:00,read,key_766,1.82,true,false,4296
2025-11-27T16:12:41.592767-08:00,read,key_763,1.84,true,false,2351
2025-11-27T16:12:41.603674-08:00,read,key_617,0.84,true,false,713
2025-11-27T16:12:41.614231-08:00,read,key_126,1.60,true,false,8
2025-11-27T16:12:41.625375-08:00,read,key_279,1.97,true,false,2236
2025-11-27T16:12:41.636496-08:00,read,key_41,0.75,true,false,2528
2025-11-27T16:12:41.647623-08:00,read,key_22,0.84,true,false,3633
2025-11-27T16:12:41.657983-08:00,read,key_913,2.16,true,false,2283
2025-11-27T16:12:41.66879-08:00,read,key_153,0.61,true,false,3894
2025-11-27T16:12:41.679895-08:00,read,key_847,0.60,true,false,3573
2025-11-27T16:12:41.691009-08:00,read,key_638,0.49,true,false,4034
2025-11-27T16:12:41.702195-08:00,read,key_849,0.60,true,false,3766
2025-11-27T16:12:41.713361-08:00,read,key_644,0.70,true,false,3545
2025-11-27T16:12:41.724069-08:00,read,key_364,0.62,true,false,1301
2025-11-27T16:12:41.735254-08:00,read,key_735,0.83,true,false,143
2025-11-27T16:12:41.746375-08:00,read,key_483,0.66,false,false,0
2025-11-27T16:12:41.757494-08:00,read,key_770,0.66,true,false,3267
2025-11-27T16:12:41.768675-08:00,read,key_966,0.81,true,false,3585
2025-11-27T16:12:41.779808-08:00,read,key_817,0.99,true,false,3095
2025-11-27T16:12:41.790209-08:00,read,key_652,0.72,true,false,4465
2025-11-27T16:12:41.801289-08:00,read,key_54,1.74,true,false,4535
2025-11-27T16:12:41.812456-08:00,read,key_222,1.56,true,false,2222
2025-11-27T16:12:41.822943-08:00,read,key_530,1.39,true,false,3385
2025-11-27T16:12:41.834163-08:00,read,key_733,2.27,true,false,286
2025-11-27T16:12:41.84529-08:00,read,key_228,1.45,true,false,3669
2025-11-27T16:12:41.85631-08:00,read,key_149,1.28,true,false,1326
2025-11-27T16:12:41.867958-08:00,read,key_652,2.22,true,false,4465
2025-11-27T16:12:41.879069-08:00,read,key_790,0.97,true,false,4346
2025-11-27T16:12:41.89023-08:00,read,key_179,1.65,true,false,2008
2025-11-27T16:12:41.90146-08:00,read,key_12,2.18,true,false,3861
2025-11-27T16:12:41.912567-08:00,read,key_757,3.69,true,false,2346
2025-11-27T16:12:41.923543-08:00,read,key_989,1.85,true,false,2998
2025-11-27T16:12:41.933767-08:00,read,key_919,1.83,true,false,2364
2025-11-27T16:12:41.944968-08:00,read,key_854,1.67,true,false,2295
2025-11-27T16:12:41.956208-08:00,read,key_621,1.92,true,false,3757
2025-11-27T16:12:41.96717-08:00,read,key_653,1.63,true,false,4222
2025-11-27T16:12:41.978034-08:00,read,key_872,1.01,true,false,1427
2025-11-27T16:12:41.989244-08:00,read,key_984,1.60,true,false,3157
2025-11-27T16:12:42.000332-08:00,read,key_650,2.53,true,false,2420
2025-11-27T16:12:42.011455-08:00,read,key_565,1.66,true,false,3619
2025-11-27T16:12:42.022553-08:00,read,key_765,1.81,true,false,1910
2025-11-27T16:12:42.033149-08:00,read,key_499,2.17,true,false,3446
2025-11-27T16:12:42.044274-08:00,read,key_463,1.80,true,false,4459
2025-11-27T16:12:42.055415-08:00,read,key_116,1.52,true,false,4202
2025-11-27T16:12:42.066088-08:00,read,key_49,2.44,true,false,2190
2025-11-27T16:12:42.07692-08:00,read,key_998,1.74,true,false,3914
2025-11-27T16:12:42.087275-08:00,read,key_844,1.68,true,false,3549
2025-11-27T16:12:42.098402-08:00,read,key_892,1.67,true,false,4207
2025-11-27T16:12:42.10955-08:00,read,key_96,0.81,true,false,4433
2025-11-27T16:12:42.120702-08:00,read,key_784,0.84,true,false,2561
2025-11-27T16:12:42.1314-08:00,read,key_921,0.82,true,false,4377
2025-11-27T16:12:42.142638-08:00,read,key_639,1.70,true,false,3215
2025-11-27T16:12:42.153313-08:00,read,key_906,1.63,true,false,3793
2025-11-27T16:12:42.164367-08:00,read,key_546,1.94,true,false,4363
2025-11-27T16:12:42.175647-08:00,read,key_967,1.75,true,false,3713
2025-11-27T16:12:42.186414-08:00,read,key_867,1.62,true,false,4020
2025-11-27T16:12:42.197542-08:00,read,key_663,1.69,true,false,2864
2025-11-27T16:12:42.208461-08:00,read,key_202,1.69,true,false,3209
2025-11-27T16:12:42.219592-08:00,read,key_998,1.67,true,false,3914
2025-11-27T16:12:42.230763-08:00,read,key_655,2.12,true,false,2135
2025-11-27T16:12:42.241936-08:00,read,key_323,1.31,true,false,4532
2025-11-27T16:12:42.253052-08:00,read,key_185,1.34,true,false,3855
2025-11-27T16:12:42.264262-08:00,read,key_675,2.00,true,false,3436
2025-11-27T16:12:42.27481-08:00,read,key_799,1.73,true,false,2377
2025-11-27T16:12:42.285977-08:00,read,key_413,1.91,true,false,4471
2025-11-27T16:12:42.2971-08:00,read,key_566,0.87,true,false,3688
2025-11-27T16:12:42.30822-08:00,read,key_138,0.77,true,false,4109
2025-11-27T16:12:42.319345-08:00,read,key_46,1.43,true,false,2186
2025-11-27T16:12:42.330464-08:00,read,key_834,1.72,true,false,4439
2025-11-27T16:12:42.341629-08:00,read,key_82,1.62,true,false,954
2025-11-27T16:12:42.352798-08:00,read,key_812,1.63,true,false,2921
2025-11-27T16:12:42.363932-08:00,read,key_856,1.84,true,false,2279
2025-11-27T16:12:42.374897-08:00,read,key_854,1.49,true,false,2295
2025-11-27T16:12:42.386072-08:00,read,key_273,1.42,true,false,1548
2025-11-27T16:12:42.397016-08:00,read,key_137,2.25,true,false,4243
2025-11-27T16:12:42.408159-08:00,read,key_160,1.50,false,false,0
2025-11-27T16:12:42.41935-08:00,read,key_38,2.44,true,false,3160
2025-11-27T16:12:42.42986-08:00,read,key_670,1.84,true,false,3313
2025-11-27T16:12:42.441014-08:00,read,key_138,1.57,true,false,4109
2025-11-27T16:12:42.452254-08:00,read,key_381,1.67,true,false,1177
2025-11-27T16:12:42.46319-08:00,read,key_156,1.81,true,false,4042
2025-11-27T16:12:42.473885-08:00,read,key_829,1.47,true,false,2981
2025-11-27T16:12:42.485065-08:00,read,key_799,1.63,true,false,2377
2025-11-27T16:12:42.496216-08:00,read,key_176,2.30,true,false,4284
2025-11-27T16:12:42.50685-08:00,read,key_844,1.74,true,false,3549
2025-11-27T16:12:42.518016-08:00,read,key_616,1.62,true,false,3564
2025-11-27T16:12:42.529229-08:00,read,key_685,2.19,true,false,2119
2025-11-27T16:12:42.540409-08:00,read,key_601,1.01,true,false,2524
2025-11-27T16:12:42.551504-08:00,read,key_561,0.89,true,false,3762
2025-11-27T16:12:42.56231-08:00,read,key_751,1.13,true,false,4498
2025-11-27T16:12:42.573502-08:00,read,key_346,1.31,true,false,4103
2025-11-27T16:12:42.584725-08:00,read,key_548,1.81,true,false,4316
2025-11-27T16:12:42.595032-08:00,read,key_151,2.27,true,false,3728
2025-11-27T16:12:42.606087-08:00,read,key_49,1.71,true,false,2190
2025-11-27T16:12:42.617374-08:00,read,key_784,1.87,true,false,2561
2025-11-27T16:12:42.628547-08:00,read,key_237,2.97,true,false,4274
2025-11-27T16:12:42.639145-08:00,read,key_854,1.69,true,false,2295
2025-11-27T16:12:42.650303-08:00,read,key_486,1.51,false,false,0
2025-11-27T16:12:42.661433-08:00,read,key_655,1.38,true,false,2135
2025-11-27T16:12:42.672393-08:00,read,key_992,1.82,true,false,4489
2025-11-27T16:12:42.683528-08:00,read,key_199,1.13,true,false,3027
2025-11-27T16:12:42.694682-08:00,read,key_788,2.24,true,false,1890
2025-11-27T16:12:42.705864-08:00,read,key_889,1.97,true,false,2565
2025-11-27T16:12:42.71636-08:00,read,key_336,1.65,true,false,2700
2025-11-27T16:12:42.727027-08:00,read,key_790,1.88,true,false,4346
2025-11-27T16:12:42.738253-08:00,read,key_659,1.81,true,false,2373
2025-11-27T16:12:42.749437-08:00,read,key_383,1.76,true,false,241
2025-11-27T16:12:42.760588-08:00,read,key_347,2.30,true,false,3747
2025-11-27T16:12:42.771748-08:00,read,key_89,1.63,true,false,902
2025-11-27T16:12:42.782867-08:00,read,key_654,2.07,true,false,1841
2025-11-27T16:12:42.794017-08:00,read,key_329,2.38,true,false,4303
2025-11-27T16:12:42.805107-08:00,read,key_139,2.03,true,false,4158
2025-11-27T16:12:42.816283-08:00,read,key_418,1.84,true,false,1899
2025-11-27T16:12:42.826907-08:00,read,key_193,2.10,true,false,2778
2025-11-27T16:12:42.838075-08:00,read,key_938,1.65,false,false,0
2025-11-27T16:12:42.849224-08:00,read,key_935,1.65,true,false,3519
2025-11-27T16:12:42.860411-08:00,read,key_607,2.19,true,false,2111
2025-11-27T16:12:42.870808-08:00,read,key_208,1.73,true,false,2019
2025-11-27T16:12:42.882012-08:00,read,key_344,1.60,true,false,3787
2025-11-27T16:12:42.893206-08:00,read,key_428,2.22,true,false,4100
2025-11-27T16:12:42.904327-08:00,read,key_49,1.74,true,false,2190
2025-11-27T16:12:42.914551-08:00,read,key_539,2.28,false,false,0
2025-11-27T16:12:42.925642-08:00,read,key_244,1.92,false,false,0
2025-11-27T16:12:42.936884-08:00,read,key_123,1.80,true,false,2161
2025-11-27T16:12:42.948051-08:00,read,key_13,1.62,true,false,3101
2025-11-27T16:12:42.95924-08:00,read,key_773,2.23,true,false,3812
2025-11-27T16:12:42.969583-08:00,read,key_898,1.82,true,false,3890
2025-11-27T16:12:42.980746-08:00,read,key_464,1.56,true,false,2330
2025-11-27T16:12:42.991909-08:00,read,key_849,2.06,true,false,3766
2025-11-27T16:12:43.003109-08:00,read,key_381,1.71,true,false,1177
2025-11-27T16:12:43.01426-08:00,read,key_882,1.74,true,false,2429
2025-11-27T16:12:43.025088-08:00,read,key_501,1.98,true,false,1371
2025-11-27T16:12:43.036451-08:00,read,key_877,2.22,true,false,3979
2025-11-27T16:12:43.046803-08:00,read,key_969,1.65,true,false,4007
2025-11-27T16:12:43.057004-08:00,read,key_101,1.82,true,false,1583
2025-11-27T16:12:43.067879-08:00,read,key_172,2.11,true,false,4132
2025-11-27T16:12:43.078994-08:00,read,key_136,1.78,true,false,4453
2025-11-27T16:12:43.090164-08:00,read,key_750,3.56,true,false,4339
2025-11-27T16:12:43.101198-08:00,read,key_9,1.93,true,false,2451
2025-11-27T16:12:43.112294-08:00,read,key_562,1.52,true,false,3265
2025-11-27T16:12:43.122492-08:00,read,key_340,1.76,true,false,4271
2025-11-27T16:12:43.13331-08:00,read,key_778,1.56,true,false,4026
2025-11-27T16:12:43.143942-08:00,read,key_99,1.09,true,false,3752
2025-11-27T16:12:43.154475-08:00,read,key_655,1.08,true,false,2135
2025-11-27T16:12:43.165686-08:00,read,key_139,1.03,true,false,4158
2025-11-27T16:12:43.176883-08:00,read,key_974,1.80,true,false,4181
2025-11-27T16:12:43.187451-08:00,read,key_422,1.62,true,false,4494
2025-11-27T16:12:43.198592-08:00,read,key_35,0.89,true,false,4480
2025-11-27T16:12:43.2097-08:00,read,key_923,0.81,true,false,4272
2025-11-27T16:12:43.220677-08:00,read,key_175,0.82,true,false,4161
2025-11-27T16:12:43.230912-08:00,read,key_238,1.81,true,false,4036
2025-11-27T16:12:43.242132-08:00,read,key_944,2.10,true,false,4358
2025-11-27T16:12:43.253245-08:00,read,key_667,0.89,true,false,633
2025-11-27T16:12:43.264408-08:00,read,key_130,1.83,true,false,4307
2025-11-27T16:12:43.275655-08:00,read,key_653,1.87,true,false,4222
2025-11-27T16:12:43.28689-08:00,read,key_193,2.23,true,false,2778
2025-11-27T16:12:43.297666-08:00,read,key_960,1.11,true,false,4127
2025-11-27T16:12:43.308827-08:00,read,key_907,1.84,true,false,1769
2025-11-27T16:12:43.319347-08:00,read,key_834,1.60,true,false,4439
2025-11-27T16:12:43.330524-08:00,read,key_640,2.01,true,false,3498
2025-11-27T16:12:43.341775-08:00,read,key_689,1.85,true,false,4292
2025-11-27T16:12:43.352463-08:00,read,key_741,1.65,false,false,0
2025-11-27T16:12:43.363618-08:00,read,key_346,2.04,true,false,4103
2025-11-27T16:12:43.374787-08:00,read,key_292,2.36,true,false,4196
2025-11-27T16:12:43.385676-08:00,read,key_635,1.62,true,false,4204
2025-11-27T16:12:43.396861-08:00,read,key_35,1.95,true,false,4480
2025-11-27T16:12:43.40802-08:00,read,key_874,1.64,true,false,2457
2025-11-27T16:12:43.418975-08:00,read,key_817,1.67,true,false,3095
2025-11-27T16:12:43.430149-08:00,read,key_870,1.80,true,false,3972
2025-11-27T16:12:43.441355-08:00,read,key_888,1.70,true,false,3722
2025-11-27T16:12:43.452534-08:00,read,key_826,1.62,true,false,3070
2025-11-27T16:12:43.463693-08:00,read,key_199,2.27,true,false,3027
2025-11-27T16:12:43.474787-08:00,read,key_747,0.85,true,false,1749
2025-11-27T16:12:43.485862-08:00,read,key_612,1.05,true,false,695
2025-11-27T16:12:43.497023-08:00,read,key_346,1.43,true,false,4103
2025-11-27T16:12:43.507474-08:00,read,key_196,1.66,true,false,4064
2025-11-27T16:12:43.518705-08:00,read,key_697,1.25,true,false,4454
2025-11-27T16:12:43.529837-08:00,read,key_848,1.46,false,false,0
2025-11-27T16:12:43.541065-08:00,read,key_615,1.69,true,false,839
2025-11-27T16:12:43.552233-08:00,read,key_894,1.85,true,false,4281
2025-11-27T16:12:43.563461-08:00,read,key_771,2.09,true,false,3830
2025-11-27T16:12:43.574651-08:00,read,key_86,1.64,true,false,2131
2025-11-27T16:12:43.585826-08:00,read,key_39,5.26,true,false,4414
2025-11-27T16:12:43.599212-08:00,read,key_857,2.61,true,false,3969
2025-11-27T16:12:43.61032-08:00,read,key_23,1.78,true,false,3751
2025-11-27T16:12:43.621476-08:00,read,key_54,1.44,true,false,4535
2025-11-27T16:12:43.632386-08:00,read,key_43,1.36,true,false,3584
2025-11-27T16:12:43.64345-08:00,read,key_204,0.78,true,false,3652
2025-11-27T16:12:43.654533-08:00,read,key_876,1.05,true,false,4504
2025-11-27T16:12:43.6656-08:00,read,key_344,0.78,true,false,3787
2025-11-27T16:12:43.675995-08:00,read,key_765,0.91,true,false,1910
2025-11-27T16:12:43.687131-08:00,read,key_340,0.98,true,false,4271
2025-11-27T16:12:43.698219-08:00,read,key_479,1.01,true,false,4279
2025-11-27T16:12:43.709322-08:00,read,key_15,0.90,true,false,3413
2025-11-27T16:12:43.720392-08:00,read,key_938,0.67,false,false,0
2025-11-27T16:12:43.731467-08:00,read,key_327,0.77,true,false,4262
2025-11-27T16:12:43.742549-08:00,read,key_173,0.81,true,false,3328
2025-11-27T16:12:43.75362-08:00,read,key_96,0.70,true,false,4433
2025-11-27T16:12:43.764373-08:00,read,key_370,0.81,true,false,2150
2025-11-27T16:12:43.775431-08:00,read,key_82,0.61,true,false,954
2025-11-27T16:12:43.786501-08:00,read,key_506,0.65,true,false,973
2025-11-27T16:12:43.79758-08:00,read,key_511,0.86,true,false,3963
2025-11-27T16:12:43.808208-08:00,read,key_991,0.68,true,false,4521
2025-11-27T16:12:43.819272-08:00,read,key_970,0.68,true,false,3533
2025-11-27T16:12:43.83036-08:00,read,key_531,0.81,true,false,2865
2025-11-27T16:12:43.841436-08:00,read,key_635,0.73,true,false,4204
2025-11-27T16:12:43.852505-08:00,read,key_679,0.78,true,false,4388
2025-11-27T16:12:43.863563-08:00,read,key_643,0.78,true,false,3050
2025-11-27T16:12:43.874676-08:00,read,key_193,0.73,true,false,2778
2025-11-27T16:12:43.885761-08:00,read,key_777,0.84,true,false,3614
2025-11-27T16:12:43.896857-08:00,read,key_64,0.84,true,false,4012
2025-11-27T16:12:43.907936-08:00,read,key_639,0.90,true,false,3215
2025-11-27T16:12:43.919021-08:00,read,key_813,0.74,true,false,4255
2025-11-27T16:12:43.930104-08:00,read,key_915,0.83,true,false,2206
2025-11-27T16:12:43.941165-08:00,read,key_320,0.93,true,false,4536
2025-11-27T16:12:43.952253-08:00,read,key_327,0.80,true,false,4262
2025-11-27T16:12:43.963337-08:00,read,key_585,0.78,true,false,2642
2025-11-27T16:12:43.974416-08:00,read,key_568,0.77,true,false,4515
2025-11-27T16:12:43.985488-08:00,read,key_311,0.72,true,false,2729
2025-11-27T16:12:43.996556-08:00,read,key_883,0.68,true,false,2363
2025-11-27T16:12:44.007616-08:00,read,key_488,0.69,true,false,4160
2025-11-27T16:12:44.018691-08:00,read,key_612,0.79,true,false,695
2025-11-27T16:12:44.029765-08:00,read,key_273,0.80,true,false,1548
2025-11-27T16:12:44.040864-08:00,read,key_502,1.00,true,false,2191
2025-11-27T16:12:44.051937-08:00,read,key_997,1.04,true,false,4030
2025-11-27T16:12:44.062971-08:00,read,key_433,1.27,true,false,3803
2025-11-27T16:12:44.073673-08:00,read,key_635,1.15,true,false,4204
2025-11-27T16:12:44.084736-08:00,read,key_968,1.27,true,false,3199
2025-11-27T16:12:44.095806-08:00,read,key_44,1.39,true,false,3552
2025-11-27T16:12:44.10686-08:00,read,key_10,1.33,true,false,2639
2025-11-27T16:12:44.117929-08:00,read,key_950,1.01,true,false,3043
2025-11-27T16:12:44.129005-08:00,read,key_15,1.17,true,false,3413
2025-11-27T16:12:44.140103-08:00,read,key_987,1.21,true,false,2519
2025-11-27T16:12:44.151118-08:00,read,key_950,1.26,true,false,3043
2025-11-27T16:12:44.162198-08:00,read,key_39,1.14,true,false,4414
2025-11-27T16:12:44.173276-08:00,read,key_174,1.57,true,false,4538
2025-11-27T16:12:44.184323-08:00,read,key_7,1.67,true,false,3790
2025-11-27T16:12:44.195448-08:00,read,key_968,1.56,true,false,3199
2025-11-27T16:12:44.206532-08:00,read,key_818,0.75,true,false,3312
2025-11-27T16:12:44.21718-08:00,read,key_381,0.56,true,false,1177
2025-11-27T16:12:44.22833-08:00,read,key_462,0.52,true,false,4385
2025-11-27T16:12:44.239416-08:00,read,key_815,1.39,true,false,2897
2025-11-27T16:12:44.250131-08:00,read,key_763,1.70,true,false,2351
2025-11-27T16:12:44.260605-08:00,read,key_86,1.53,true,false,2131
2025-11-27T16:12:44.271705-08:00,read,key_813,2.87,true,false,4255
2025-11-27T16:12:44.282429-08:00,read,key_901,1.50,true,false,2529
2025-11-27T16:12:44.292848-08:00,read,key_610,1.33,true,false,402
2025-11-27T16:12:44.30394-08:00,read,key_162,1.49,true,false,4110
2025-11-27T16:12:44.315049-08:00,read,key_874,1.17,true,false,2457
2025-11-27T16:12:44.336509-08:00,read,key_148,2.00,true,false,4169
2025-11-27T16:12:44.347631-08:00,read,key_749,1.77,true,false,326
2025-11-27T16:12:44.358723-08:00,read,key_163,1.22,true,false,4505
2025-11-27T16:12:44.36981-08:00,read,key_965,1.18,true,false,3593
2025-11-27T16:12:44.380923-08:00,read,key_537,1.34,true,false,4437
2025-11-27T16:12:44.391987-08:00,read,key_104,1.35,true,false,2557
2025-11-27T16:12:44.403073-08:00,read,key_876,1.27,true,false,4504
2025-11-27T16:12:44.414134-08:00,read,key_248,1.28,true,false,2772
2025-11-27T16:12:44.425167-08:00,read,key_648,1.18,true,false,83
2025-11-27T16:12:44.436231-08:00,read,key_113,1.08,true,false,4487
2025-11-27T16:12:44.44729-08:00,read,key_415,1.19,true,false,4246
2025-11-27T16:12:44.458382-08:00,read,key_325,1.17,true,false,4451
2025-11-27T16:12:44.469427-08:00,read,key_30,0.83,true,false,4520
2025-11-27T16:12:44.48048-08:00,read,key_231,1.29,true,false,4062
2025-11-27T16:12:44.491575-08:00,read,key_18,1.26,true,false,2742
2025-11-27T16:12:44.50267-08:00,read,key_118,1.27,true,false,4300
2025-11-27T16:12:44.524829-08:00,read,key_146,3.04,true,false,3136
2025-11-27T16:12:44.535785-08:00,read,key_163,0.92,true,false,4505
2025-11-27T16:12:44.546877-08:00,read,key_181,1.26,true,false,2367
2025-11-27T16:12:44.558004-08:00,read,key_633,1.07,true,false,4116
2025-11-27T16:12:44.569162-08:00,read,key_192,1.07,true,false,2658
2025-11-27T16:12:44.580344-08:00,read,key_225,1.15,true,false,119
2025-11-27T16:12:44.591553-08:00,read,key_56,3.11,true,false,4529
2025-11-27T16:12:44.602488-08:00,read,key_380,1.07,true,false,4059
2025-11-27T16:12:44.613767-08:00,read,key_728,1.11,true,false,4089
2025-11-27T16:12:44.624926-08:00,read,key_36,1.26,true,false,3361
2025-11-27T16:12:44.325338-08:00,write,key_55,305.77,true,false,4548
2025-11-27T16:12:44.635258-08:00,read,key_62,1.51,true,false,1021
2025-11-27T16:12:44.64632-08:00,read,key_222,0.98,true,false,2222
2025-11-27T16:12:44.657416-08:00,read,key_293,1.15,true,false,4200
2025-11-27T16:12:44.668493-08:00,read,key_241,1.19,true,false,721
2025-11-27T16:12:44.67958-08:00,read,key_955,1.15,true,false,2932
2025-11-27T16:12:44.690663-08:00,read,key_897,1.04,true,false,3704
2025-11-27T16:12:44.701774-08:00,read,key_980,1.05,true,false,3333
2025-11-27T16:12:44.712901-08:00,read,key_605,1.18,true,false,1863
2025-11-27T16:12:44.723974-08:00,read,key_296,1.03,true,false,4502
2025-11-27T16:12:44.735052-08:00,read,key_795,1.35,true,false,85
2025-11-27T16:12:44.746125-08:00,read,key_232,1.09,true,false,4413
2025-11-27T16:12:44.75689-08:00,read,key_906,1.40,true,false,3793
2025-11-27T16:12:44.76796-08:00,read,key_687,1.56,true,false,4314
2025-11-27T16:12:44.779027-08:00,read,key_592,1.26,true,false,4322
2025-11-27T16:12:44.790084-08:00,read,key_45,1.33,true,false,2584
2025-11-27T16:12:44.801169-08:00,read,key_648,1.31,true,false,83
2025-11-27T16:12:44.812264-08:00,read,key_47,1.25,true,false,1908
2025-11-27T16:12:44.513743-08:00,write,key_757,306.90,true,false,4549
2025-11-27T16:12:44.822573-08:00,read,key_972,1.02,true,false,4458
2025-11-27T16:12:44.833676-08:00,read,key_135,1.11,true,false,4402
2025-11-27T16:12:44.844824-08:00,read,key_813,0.99,true,false,4255
2025-11-27T16:12:44.855841-08:00,read,key_696,1.58,true,false,4490
2025-11-27T16:12:44.866913-08:00,read,key_684,1.55,true,false,2443
2025-11-27T16:12:44.878092-08:00,read,key_179,1.52,true,false,2008
2025-11-27T16:12:44.889309-08:00,read,key_140,1.69,true,false,3072
2025-11-27T16:12:44.900379-08:00,read,key_317,1.39,true,false,4304
2025-11-27T16:12:44.91154-08:00,read,key_159,1.35,true,false,3373
2025-11-27T16:12:44.922733-08:00,read,key_607,1.63,true,false,2111
2025-11-27T16:12:44.93384-08:00,read,key_603,1.25,true,false,2068
2025-11-27T16:12:44.944618-08:00,read,key_614,1.65,true,false,1737
2025-11-27T16:12:44.955839-08:00,read,key_786,1.81,true,false,1236
2025-11-27T16:12:44.966969-08:00,read,key_520,1.72,true,false,2489
2025-11-27T16:12:44.977973-08:00,read,key_978,1.91,true,false,3014
2025-11-27T16:12:44.988779-08:00,read,key_958,2.04,true,false,4379
2025-11-27T16:12:44.99995-08:00,read,key_682,1.87,true,false,4461
2025-11-27T16:12:45.011172-08:00,read,key_126,2.02,true,false,8
2025-11-27T16:12:45.022396-08:00,read,key_688,1.32,true,false,3170
2025-11-27T16:12:45.033576-08:00,read,key_896,1.32,true,false,3682
2025-11-27T16:12:45.044672-08:00,read,key_519,1.62,true,false,2411
2025-11-27T16:12:45.055811-08:00,read,key_466,1.03,true,false,2646
2025-11-27T16:12:45.066577-08:00,read,key_518,1.02,true,false,3114
2025-11-27T16:12:45.077657-08:00,read,key_161,1.15,true,false,4376
2025-11-27T16:12:45.088741-08:00,read,key_658,1.49,true,false,2101
2025-11-27T16:12:45.099839-08:00,read,key_78,1.49,true,false,4481
2025-11-27T16:12:45.111038-08:00,read,key_843,0.87,true,false,505
2025-11-27T16:12:45.122161-08:00,read,key_333,1.96,true,false,1973
2025-11-27T16:12:45.133319-08:00,read,key_897,1.58,true,false,3704
2025-11-27T16:12:45.144494-08:00,read,key_129,1.96,true,false,835
2025-11-27T16:12:45.155639-08:00,read,key_865,0.82,true,false,2435
2025-11-27T16:12:45.166758-08:00,read,key_879,0.83,true,false,4231
2025-11-27T16:12:45.178014-08:00,read,key_192,1.61,true,false,2658
2025-11-27T16:12:45.189171-08:00,read,key_146,1.09,true,false,3136
2025-11-27T16:12:45.200366-08:00,read,key_768,1.14,true,false,4022
2025-11-27T16:12:45.211528-08:00,read,key_466,1.87,true,false,2646
2025-11-27T16:12:45.222704-08:00,read,key_640,0.65,true,false,3498
2025-11-27T16:12:45.233831-08:00,read,key_173,0.73,true,false,3328
2025-11-27T16:12:45.244862-08:00,read,key_595,0.96,true,false,4464
2025-11-27T16:12:45.256144-08:00,read,key_220,0.83,true,false,2062
2025-11-27T16:12:45.266913-08:00,read,key_326,0.79,true,false,3679
2025-11-27T16:12:45.278128-08:00,read,key_521,0.82,true,false,3408
2025-11-27T16:12:45.289276-08:00,read,key_586,0.72,true,false,3343
2025-11-27T16:12:45.30036-08:00,read,key_630,0.79,true,false,3815
2025-11-27T16:12:45.311052-08:00,read,key_17,0.93,true,false,3279
2025-11-27T16:12:45.32222-08:00,read,key_130,0.78,true,false,4307
2025-11-27T16:12:45.333401-08:00,read,key_22,1.48,true,false,3633
2025-11-27T16:12:45.344118-08:00,read,key_173,1.63,true,false,3328
2025-11-27T16:12:45.355222-08:00,read,key_593,1.25,true,false,3468
2025-11-27T16:12:45.366357-08:00,read,key_813,1.27,true,false,4255
2025-11-27T16:12:45.377266-08:00,read,key_845,3.02,true,false,3716
2025-11-27T16:12:45.387782-08:00,read,key_424,1.60,true,false,3188
2025-11-27T16:12:45.398302-08:00,read,key_761,0.91,true,false,2199
2025-11-27T16:12:45.408588-08:00,read,key_983,1.01,true,false,2555
2025-11-27T16:12:45.419709-08:00,read,key_991,0.96,true,false,4521
2025-11-27T16:12:45.430664-08:00,read,key_942,1.18,true,false,4068
2025-11-27T16:12:45.441871-08:00,read,key_305,1.52,true,false,3175
2025-11-27T16:12:45.453168-08:00,read,key_872,1.66,true,false,1427
2025-11-27T16:12:45.464316-08:00,read,key_723,1.65,true,false,1245
2025-11-27T16:12:45.475234-08:00,read,key_176,2.25,true,false,4284
2025-11-27T16:12:45.485755-08:00,read,key_460,2.19,true,false,2612
2025-11-27T16:12:45.496891-08:00,read,key_171,1.61,true,false,2057
2025-11-27T16:12:45.508047-08:00,read,key_669,1.71,true,false,2841
2025-11-27T16:12:45.519162-08:00,read,key_979,1.68,true,false,4251
2025-11-27T16:12:45.52945-08:00,read,key_817,1.61,true,false,3095
2025-11-27T16:12:45.540637-08:00,read,key_907,2.10,true,false,1769
2025-11-27T16:12:45.551723-08:00,read,key_167,2.73,false,false,0
2025-11-27T16:12:45.562796-08:00,read,key_341,1.83,true,false,4087
2025-11-27T16:12:45.573112-08:00,read,key_958,1.81,true,false,4379
2025-11-27T16:12:45.583306-08:00,read,key_954,3.30,true,false,4488
2025-11-27T16:12:45.594558-08:00,read,key_243,2.02,true,false,4331
2025-11-27T16:12:45.605753-08:00,read,key_45,1.63,true,false,2584
2025-11-27T16:12:45.617087-08:00,read,key_962,2.36,true,false,3980
2025-11-27T16:12:45.628223-08:00,read,key_78,1.76,true,false,4481
2025-11-27T16:12:45.638755-08:00,read,key_487,1.75,true,false,3302
2025-11-27T16:12:45.65037-08:00,read,key_253,2.39,true,false,3064
2025-11-27T16:12:45.660573-08:00,read,key_633,1.81,true,false,4116
2025-11-27T16:12:45.671178-08:00,read,key_721,2.18,true,false,4193
2025-11-27T16:12:45.682277-08:00,read,key_879,0.98,true,false,4231
2025-11-27T16:12:45.693571-08:00,read,key_920,1.64,true,false,4189
2025-11-27T16:12:45.704716-08:00,read,key_158,1.61,true,false,2583
2025-11-27T16:12:45.715978-08:00,read,key_279,2.07,true,false,2236
2025-11-27T16:12:45.726597-08:00,read,key_641,2.07,true,false,2948
2025-11-27T16:12:45.737782-08:00,read,key_131,1.62,true,false,4106
2025-11-27T16:12:45.748965-08:00,read,key_161,3.01,true,false,4376
2025-11-27T16:12:45.760009-08:00,read,key_395,1.76,true,false,2598
2025-11-27T16:12:45.782235-08:00,read,key_988,2.47,true,false,3044
2025-11-27T16:12:45.79292-08:00,read,key_383,1.62,true,false,241
2025-11-27T16:12:45.804005-08:00,read,key_287,1.26,false,false,0
2025-11-27T16:12:45.815209-08:00,read,key_44,1.95,true,false,3552
2025-11-27T16:12:45.826397-08:00,read,key_877,1.81,true,false,3979
2025-11-27T16:12:45.837756-08:00,read,key_661,2.65,true,false,2563
2025-11-27T16:12:45.848592-08:00,read,key_963,1.67,true,false,3821
2025-11-27T16:12:45.859677-08:00,read,key_315,1.53,true,false,2549
2025-11-27T16:12:45.870858-08:00,read,key_535,1.44,true,false,4428
2025-11-27T16:12:45.881945-08:00,read,key_200,1.28,true,false,3046
2025-11-27T16:12:45.893139-08:00,read,key_595,2.16,true,false,4464
2025-11-27T16:12:45.904229-08:00,read,key_595,1.18,true,false,4464
2025-11-27T16:12:45.914626-08:00,read,key_332,0.69,false,false,0
2025-11-27T16:12:45.92568-08:00,read,key_546,0.94,true,false,4363
2025-11-27T16:12:45.936765-08:00,read,key_992,0.88,true,false,4489
2025-11-27T16:12:45.947812-08:00,read,key_925,2.23,false,false,0
2025-11-27T16:12:45.958818-08:00,read,key_659,1.52,true,false,2373
2025-11-27T16:12:45.969963-08:00,read,key_78,1.01,true,false,4481
2025-11-27T16:12:45.981054-08:00,read,key_49,1.00,true,false,2190
2025-11-27T16:12:45.992135-08:00,read,key_165,1.02,true,false,1654
2025-11-27T16:12:46.003232-08:00,read,key_503,0.86,true,false,3249
2025-11-27T16:12:46.014066-08:00,read,key_948,1.10,true,false,1158
2025-11-27T16:12:46.025153-08:00,read,key_651,0.76,true,false,1587
2025-11-27T16:12:46.036233-08:00,read,key_78,0.84,true,false,4481
2025-11-27T16:12:46.047304-08:00,read,key_819,0.84,true,false,4543
2025-11-27T16:12:46.058386-08:00,read,key_952,0.55,true,false,4537
2025-11-27T16:12:46.069458-08:00,read,key_545,0.81,true,false,2255
2025-11-27T16:12:45.771089-08:00,write,key_488,306.95,true,false,4550
2025-11-27T16:12:46.079818-08:00,read,key_746,0.69,true,false,1903
2025-11-27T16:12:46.090888-08:00,read,key_612,0.72,true,false,695
2025-11-27T16:12:46.102071-08:00,read,key_381,1.20,true,false,1177
2025-11-27T16:12:46.113291-08:00,read,key_204,1.27,true,false,3652
2025-11-27T16:12:46.124477-08:00,read,key_191,1.51,true,false,521
2025-11-27T16:12:46.135835-08:00,read,key_110,2.01,true,false,4500
2025-11-27T16:12:46.14703-08:00,read,key_653,0.99,true,false,4222
2025-11-27T16:12:46.158282-08:00,read,key_525,3.00,true,false,4546
2025-11-27T16:12:46.16933-08:00,read,key_59,1.61,true,false,3403
2025-11-27T16:12:46.180057-08:00,read,key_320,1.70,true,false,4536
2025-11-27T16:12:46.191299-08:00,read,key_234,5.17,true,false,4198
2025-11-27T16:12:46.202079-08:00,read,key_297,1.36,true,false,3857
2025-11-27T16:12:46.213214-08:00,read,key_81,2.24,true,false,2358
2025-11-27T16:12:46.22422-08:00,read,key_132,1.45,true,false,4356
2025-11-27T16:12:46.235317-08:00,read,key_473,1.49,true,false,4248
2025-11-27T16:12:46.24644-08:00,read,key_161,2.83,true,false,4376
2025-11-27T16:12:46.257264-08:00,read,key_829,0.98,true,false,2981
2025-11-27T16:12:46.268358-08:00,read,key_907,0.83,true,false,1769
2025-11-27T16:12:46.279452-08:00,read,key_484,0.81,false,false,0
2025-11-27T16:12:46.290544-08:00,read,key_279,1.38,true,false,2236
2025-11-27T16:12:46.301622-08:00,read,key_42,1.41,true,false,2576
2025-11-27T16:12:46.312727-08:00,read,key_318,1.35,true,false,4447
2025-11-27T16:12:46.323809-08:00,read,key_596,1.11,true,false,4343
2025-11-27T16:12:46.334876-08:00,read,key_611,1.08,true,false,904
2025-11-27T16:12:46.345987-08:00,read,key_105,1.07,true,false,2527
2025-11-27T16:12:46.357085-08:00,read,key_240,1.03,true,false,4211
2025-11-27T16:12:46.368149-08:00,read,key_182,1.07,true,false,4441
2025-11-27T16:12:46.379228-08:00,read,key_81,1.06,true,false,2358
2025-11-27T16:12:46.390377-08:00,read,key_270,0.97,false,false,0
2025-11-27T16:12:46.40153-08:00,read,key_445,0.58,true,false,1060
2025-11-27T16:12:46.412516-08:00,read,key_658,1.67,true,false,2101
2025-11-27T16:12:46.42286-08:00,read,key_483,1.46,false,false,0
2025-11-27T16:12:46.434048-08:00,read,key_224,1.59,true,false,3750
2025-11-27T16:12:46.445024-08:00,read,key_881,1.69,true,false,1905
2025-11-27T16:12:46.456086-08:00,read,key_153,2.22,true,false,3894
2025-11-27T16:12:46.467108-08:00,read,key_196,1.70,true,false,4064
2025-11-27T16:12:46.47828-08:00,read,key_898,1.63,true,false,3890
2025-11-27T16:12:46.48945-08:00,read,key_529,1.80,true,false,1629
2025-11-27T16:12:46.500616-08:00,read,key_533,1.56,false,false,0
2025-11-27T16:12:46.511785-08:00,read,key_652,1.63,true,false,4465
2025-11-27T16:12:46.523031-08:00,read,key_779,2.07,true,false,3659
2025-11-27T16:12:46.53376-08:00,read,key_173,1.64,true,false,3328
2025-11-27T16:12:46.544005-08:00,read,key_231,1.82,true,false,4062
2025-11-27T16:12:46.555207-08:00,read,key_460,2.09,true,false,2612
2025-11-27T16:12:46.566398-08:00,read,key_40,1.70,true,false,2269
2025-11-27T16:12:46.577004-08:00,read,key_487,1.58,true,false,3302
2025-11-27T16:12:46.587978-08:00,read,key_785,0.97,true,false,3946
2025-11-27T16:12:46.599194-08:00,read,key_321,2.21,true,false,4293
2025-11-27T16:12:46.61036-08:00,read,key_534,1.70,false,false,0
2025-11-27T16:12:46.621134-08:00,read,key_905,2.10,true,false,4329
2025-11-27T16:12:46.632405-08:00,read,key_137,1.80,true,false,4243
2025-11-27T16:12:46.643619-08:00,read,key_654,1.76,true,false,1841
2025-11-27T16:12:46.654846-08:00,read,key_887,2.10,true,false,2341
2025-11-27T16:12:46.665921-08:00,read,key_777,1.48,true,false,3614
2025-11-27T16:12:46.677014-08:00,read,key_421,1.21,true,false,4540
2025-11-27T16:12:46.68822-08:00,read,key_792,1.18,true,false,2512
2025-11-27T16:12:46.699407-08:00,read,key_860,1.11,true,false,3732
2025-11-27T16:12:46.710492-08:00,read,key_366,1.37,true,false,2032
2025-11-27T16:12:46.721652-08:00,read,key_317,1.25,true,false,4304
2025-11-27T16:12:46.732796-08:00,read,key_467,1.24,true,false,2627
2025-11-27T16:12:46.744062-08:00,read,key_736,1.57,true,false,2334
2025-11-27T16:12:46.754826-08:00,read,key_382,2.90,true,false,4310
2025-11-27T16:12:46.765914-08:00,read,key_192,1.63,true,false,2658
2025-11-27T16:12:46.776673-08:00,read,key_137,1.61,true,false,4243
2025-11-27T16:12:46.787655-08:00,read,key_652,1.72,true,false,4465
2025-11-27T16:12:46.798748-08:00,read,key_787,1.55,true,false,4122
2025-11-27T16:12:46.809832-08:00,read,key_753,1.63,true,false,4242
2025-11-27T16:12:46.820663-08:00,read,key_59,1.76,true,false,3403
2025-11-27T16:12:46.830907-08:00,read,key_146,1.55,true,false,3136
2025-11-27T16:12:46.841128-08:00,read,key_446,1.60,true,false,3274
2025-11-27T16:12:46.852333-08:00,read,key_795,1.45,true,false,85
2025-11-27T16:12:46.86356-08:00,read,key_613,1.63,true,false,1715
2025-11-27T16:12:46.874035-08:00,read,key_162,2.19,true,false,4110
2025-11-27T16:12:46.88433-08:00,read,key_131,1.68,true,false,4106
2025-11-27T16:12:46.895503-08:00,read,key_72,1.61,true,false,4372
2025-11-27T16:12:46.905988-08:00,read,key_969,0.77,true,false,4007
2025-11-27T16:12:46.917222-08:00,read,key_908,1.81,true,false,2331
2025-11-27T16:12:46.928441-08:00,read,key_676,3.36,true,false,4297
2025-11-27T16:12:46.93943-08:00,read,key_647,1.73,true,false,3723
2025-11-27T16:12:46.950352-08:00,read,key_647,2.12,true,false,3723
2025-11-27T16:12:46.960985-08:00,read,key_876,2.46,true,false,4504
2025-11-27T16:12:46.971195-08:00,read,key_679,1.63,true,false,4388
2025-11-27T16:12:46.982353-08:00,read,key_617,1.77,true,false,713
2025-11-27T16:12:46.993544-08:00,read,key_651,2.07,true,false,1587
2025-11-27T16:12:47.004645-08:00,read,key_877,1.80,true,false,3979
2025-11-27T16:12:47.015822-08:00,read,key_342,1.72,true,false,4539
2025-11-27T16:12:47.026973-08:00,read,key_594,1.94,true,false,3906
2025-11-27T16:12:47.038139-08:00,read,key_489,1.62,true,false,4235
2025-11-27T16:12:47.049331-08:00,read,key_976,1.73,true,false,3604
2025-11-27T16:12:47.060561-08:00,read,key_17,1.98,true,false,3279
2025-11-27T16:12:47.071778-08:00,read,key_644,1.83,true,false,3545
2025-11-27T16:12:47.083008-08:00,read,key_738,1.73,true,false,2875
2025-11-27T16:12:47.094212-08:00,read,key_127,2.02,true,false,837
2025-11-27T16:12:47.10546-08:00,read,key_813,1.65,true,false,4255
2025-11-27T16:12:47.116718-08:00,read,key_253,2.76,true,false,3064
2025-11-27T16:12:47.127787-08:00,read,key_124,1.92,true,false,4218
2025-11-27T16:12:47.138967-08:00,read,key_168,1.65,true,false,2727
2025-11-27T16:12:47.15014-08:00,read,key_982,2.29,true,false,3349
2025-11-27T16:12:47.160577-08:00,read,key_56,1.98,true,false,4529
2025-11-27T16:12:47.171812-08:00,read,key_678,1.84,true,false,4088
2025-11-27T16:12:47.183024-08:00,read,key_207,5.30,true,false,4417
2025-11-27T16:12:47.194603-08:00,read,key_908,2.97,true,false,2331
2025-11-27T16:12:47.205628-08:00,read,key_80,8.72,true,false,3214
2025-11-27T16:12:47.215953-08:00,read,key_504,1.38,true,false,2011
2025-11-27T16:12:47.228154-08:00,read,key_88,3.03,true,false,2264
2025-11-27T16:12:47.239356-08:00,read,key_892,12.99,true,false,4207
2025-11-27T16:12:47.25001-08:00,read,key_577,3.19,true,false,2412
2025-11-27T16:12:47.261061-08:00,read,key_420,3.28,true,false,3140
2025-11-27T16:12:47.271766-08:00,read,key_851,2.60,true,false,3944
2025-11-27T16:12:47.282842-08:00,read,key_987,1.78,true,false,2519
2025-11-27T16:12:47.293983-08:00,read,key_877,1.72,true,false,3979
2025-11-27T16:12:47.305145-08:00,read,key_236,1.91,true,false,3856
2025-11-27T16:12:47.316327-08:00,read,key_731,2.34,true,false,1752
2025-11-27T16:12:47.327472-08:00,read,key_471,1.81,true,false,4104
2025-11-27T16:12:47.338652-08:00,read,key_75,2.64,true,false,4261
2025-11-27T16:12:47.348965-08:00,read,key_870,4.55,true,false,3972
2025-11-27T16:12:47.371649-08:00,read,key_519,3.32,true,false,2411
2025-11-27T16:12:47.360243-08:00,read,key_680,14.97,true,false,2773
2025-11-27T16:12:47.382651-08:00,read,key_782,0.80,true,false,2468
2025-11-27T16:12:47.392987-08:00,read,key_192,1.14,true,false,2658
2025-11-27T16:12:47.404222-08:00,read,key_597,0.98,true,false,4306
2025-11-27T16:12:47.427313-08:00,read,key_970,3.56,true,false,3533
2025-11-27T16:12:47.414724-08:00,read,key_506,16.26,true,false,973
2025-11-27T16:12:47.43855-08:00,read,key_683,0.75,true,false,3210
2025-11-27T16:12:47.449563-08:00,read,key_999,1.06,true,false,4512
2025-11-27T16:12:47.460717-08:00,read,key_592,0.86,true,false,4322
2025-11-27T16:12:47.471895-08:00,read,key_758,2.21,true,false,4263
2025-11-27T16:12:47.483028-08:00,read,key_16,2.39,true,false,3889
2025-11-27T16:12:47.493597-08:00,read,key_333,1.79,true,false,1973
2025-11-27T16:12:47.504807-08:00,read,key_754,1.68,true,false,4365
2025-11-27T16:12:47.515983-08:00,read,key_10,2.32,true,false,2639
2025-11-27T16:12:47.527142-08:00,read,key_124,1.76,true,false,4218
2025-11-27T16:12:47.538298-08:00,read,key_998,1.85,true,false,3914
2025-11-27T16:12:47.549313-08:00,read,key_666,2.08,true,false,2540
2025-11-27T16:12:47.559697-08:00,read,key_92,1.74,true,false,3360
2025-11-27T16:12:47.570896-08:00,read,key_325,1.83,true,false,4451
2025-11-27T16:12:47.582065-08:00,read,key_849,1.87,true,false,3766
2025-11-27T16:12:47.593248-08:00,read,key_80,1.51,true,false,3214
2025-11-27T16:12:47.604433-08:00,read,key_135,1.39,true,false,4402
2025-11-27T16:12:47.614947-08:00,read,key_163,1.17,true,false,4505
2025-11-27T16:12:47.626128-08:00,read,key_508,1.84,true,false,4531
2025-11-27T16:12:47.63638-08:00,read,key_975,1.59,true,false,1565
2025-11-27T16:12:47.647529-08:00,read,key_972,1.94,true,false,4458
2025-11-27T16:12:47.658639-08:00,read,key_342,1.67,true,false,4539
2025-11-27T16:12:47.669804-08:00,read,key_104,1.27,true,false,2557
2025-11-27T16:12:47.681135-08:00,read,key_591,1.48,true,false,4477
2025-11-27T16:12:47.69238-08:00,read,key_435,1.85,true,false,4079
2025-11-27T16:12:47.703595-08:00,read,key_547,1.81,true,false,4393
2025-11-27T16:12:47.714619-08:00,read,key_288,2.14,true,false,632
2025-11-27T16:12:47.725799-08:00,read,key_164,1.85,true,false,2836
2025-11-27T16:12:47.737011-08:00,read,key_183,1.76,true,false,4411
2025-11-27T16:12:47.747537-08:00,read,key_633,2.17,true,false,4116
2025-11-27T16:12:47.75804-08:00,read,key_666,1.77,true,false,2540
2025-11-27T16:12:47.768581-08:00,read,key_477,1.96,true,false,4144
2025-11-27T16:12:47.779706-08:00,read,key_142,3.46,true,false,1304
2025-11-27T16:12:47.790519-08:00,read,key_433,3.51,true,false,3803
2025-11-27T16:12:47.801469-08:00,read,key_677,1.94,true,false,4491
2025-11-27T16:12:47.812342-08:00,read,key_638,5.64,true,false,4034
2025-11-27T16:12:47.823194-08:00,read,key_486,1.70,false,false,0
2025-11-27T16:12:47.833718-08:00,read,key_382,1.83,true,false,4310
2025-11-27T16:12:47.84488-08:00,read,key_40,1.65,true,false,2269
2025-11-27T16:12:47.855835-08:00,read,key_362,1.96,true,false,4203
2025-11-27T16:12:47.867058-08:00,read,key_101,1.99,true,false,1583
2025-11-27T16:12:47.878302-08:00,read,key_899,2.09,true,false,3624
2025-11-27T16:12:47.889374-08:00,read,key_343,1.40,true,false,4408
2025-11-27T16:12:47.900295-08:00,read,key_516,1.70,true,false,2514
2025-11-27T16:12:47.911446-08:00,read,key_580,1.12,true,false,3163
2025-11-27T16:12:47.92265-08:00,read,key_813,1.60,true,false,4255
2025-11-27T16:12:47.933827-08:00,read,key_527,1.18,true,false,2486
2025-11-27T16:12:47.945083-08:00,read,key_526,1.58,true,false,2989
2025-11-27T16:12:47.955324-08:00,read,key_9,0.80,true,false,2451
2025-11-27T16:12:47.965625-08:00,read,key_945,1.91,false,false,0
2025-11-27T16:12:47.976571-08:00,read,key_412,1.82,true,false,4391
2025-11-27T16:12:47.987725-08:00,read,key_679,2.11,true,false,4388
2025-11-27T16:12:47.998894-08:00,read,key_866,1.61,true,false,2893
2025-11-27T16:12:48.010126-08:00,read,key_874,1.56,true,false,2457
2025-11-27T16:12:48.021345-08:00,read,key_149,2.09,true,false,1326
2025-11-27T16:12:48.032062-08:00,read,key_523,2.16,true,false,1989
2025-11-27T16:12:48.043336-08:00,read,key_526,1.82,true,false,2989
2025-11-27T16:12:48.054555-08:00,read,key_546,1.93,true,false,4363
2025-11-27T16:12:48.065706-08:00,read,key_273,1.69,true,false,1548
2025-11-27T16:12:48.076879-08:00,read,key_84,1.76,true,false,4475
2025-11-27T16:12:48.088122-08:00,read,key_80,1.14,true,false,3214
2025-11-27T16:12:48.099308-08:00,read,key_48,1.13,true,false,1315
2025-11-27T16:12:48.110283-08:00,read,key_56,2.54,true,false,4529
2025-11-27T16:12:48.120553-08:00,read,key_655,1.74,true,false,2135
2025-11-27T16:12:48.131683-08:00,read,key_55,0.91,true,false,4548
2025-11-27T16:12:48.142061-08:00,read,key_527,1.83,true,false,2486
2025-11-27T16:12:48.152995-08:00,read,key_982,2.19,true,false,3349
2025-11-27T16:12:48.163371-08:00,read,key_670,1.66,true,false,3313
2025-11-27T16:12:48.174585-08:00,read,key_37,1.77,true,false,3536
2025-11-27T16:12:48.185874-08:00,read,key_76,2.35,true,false,4533
2025-11-27T16:12:48.196964-08:00,read,key_72,1.58,true,false,4372
2025-11-27T16:12:48.208178-08:00,read,key_282,1.52,false,false,0
2025-11-27T16:12:48.219162-08:00,read,key_343,2.27,true,false,4408
2025-11-27T16:12:48.230316-08:00,read,key_341,1.78,true,false,4087
2025-11-27T16:12:48.241495-08:00,read,key_674,1.88,true,false,4511
2025-11-27T16:12:48.252171-08:00,read,key_192,2.18,true,false,2658
2025-11-27T16:12:48.263375-08:00,read,key_466,1.57,true,false,2646
2025-11-27T16:12:48.27422-08:00,read,key_324,1.62,true,false,4183
2025-11-27T16:12:48.284615-08:00,read,key_4,2.31,true,false,3316
2025-11-27T16:12:48.295229-08:00,read,key_372,1.61,true,false,3518
2025-11-27T16:12:48.306409-08:00,read,key_209,1.63,true,false,3531
2025-11-27T16:12:48.317629-08:00,read,key_11,2.12,true,false,2683
2025-11-27T16:12:48.328377-08:00,read,key_328,0.94,true,false,4247
2025-11-27T16:12:48.339609-08:00,read,key_737,1.63,false,false,0
2025-11-27T16:12:48.350308-08:00,read,key_48,2.10,true,false,1315
2025-11-27T16:12:48.361004-08:00,read,key_967,1.79,true,false,3713
2025-11-27T16:12:48.372221-08:00,read,key_604,1.80,true,false,1182
2025-11-27T16:12:48.383379-08:00,read,key_435,2.47,true,false,4079
2025-11-27T16:12:48.393672-08:00,read,key_70,1.85,true,false,4084
2025-11-27T16:12:48.404458-08:00,read,key_869,1.63,true,false,4150
2025-11-27T16:12:48.415631-08:00,read,key_630,1.97,true,false,3815
2025-11-27T16:12:48.426332-08:00,read,key_580,2.17,true,false,3163
2025-11-27T16:12:48.4375-08:00,read,key_152,2.53,true,false,2258
2025-11-27T16:12:48.448647-08:00,read,key_970,1.54,true,false,3533
2025-11-27T16:12:48.459862-08:00,read,key_780,1.90,true,false,3440
2025-11-27T16:12:48.470495-08:00,read,key_585,1.78,true,false,2642
2025-11-27T16:12:48.481732-08:00,read,key_108,3.80,true,false,4474
2025-11-27T16:12:48.492753-08:00,read,key_163,1.75,true,false,4505
2025-11-27T16:12:48.504008-08:00,read,key_884,1.38,true,false,2562
2025-11-27T16:12:48.515215-08:00,read,key_268,1.53,true,false,2399
2025-11-27T16:12:48.526331-08:00,read,key_567,1.83,true,false,3668
2025-11-27T16:12:48.536721-08:00,read,key_974,1.94,true,false,4181
2025-11-27T16:12:48.547896-08:00,read,key_12,1.71,true,false,3861
2025-11-27T16:12:48.559101-08:00,read,key_310,1.23,true,false,2298
2025-11-27T16:12:48.569764-08:00,read,key_688,0.89,true,false,3170
2025-11-27T16:12:48.580433-08:00,read,key_211,1.64,false,false,0
2025-11-27T16:12:48.591661-08:00,read,key_774,2.00,true,false,3653
2025-11-27T16:12:48.601949-08:00,read,key_887,1.64,true,false,2341
2025-11-27T16:12:48.613127-08:00,read,key_34,1.77,true,false,4497
2025-11-27T16:12:48.623693-08:00,read,key_943,2.07,true,false,4305
2025-11-27T16:12:48.634684-08:00,read,key_539,1.65,false,false,0
2025-11-27T16:12:48.645867-08:00,read,key_89,1.60,true,false,902
2025-11-27T16:12:48.657149-08:00,read,key_788,2.45,true,false,1890
2025-11-27T16:12:48.668119-08:00,read,key_222,0.97,true,false,2222
2025-11-27T16:12:48.679213-08:00,read,key_368,1.67,true,false,4389
2025-11-27T16:12:48.690287-08:00,read,key_379,1.21,true,false,2570
2025-11-27T16:12:48.701375-08:00,read,key_749,1.39,true,false,326
2025-11-27T16:12:48.712494-08:00,read,key_922,1.49,true,false,4401
2025-11-27T16:12:48.72357-08:00,read,key_381,1.23,true,false,1177
2025-11-27T16:12:48.734658-08:00,read,key_963,1.31,true,false,3821
2025-11-27T16:12:48.745846-08:00,read,key_584,1.03,true,false,2881
2025-11-27T16:12:48.767885-08:00,read,key_778,1.19,true,false,4026
2025-11-27T16:12:48.778922-08:00,read,key_398,1.04,true,false,4426
2025-11-27T16:12:48.789905-08:00,read,key_738,1.22,true,false,2875
2025-11-27T16:12:48.801012-08:00,read,key_838,1.22,true,false,4392
2025-11-27T16:12:48.812113-08:00,read,key_249,1.56,true,false,1096
2025-11-27T16:12:48.823317-08:00,read,key_760,1.71,true,false,3528
2025-11-27T16:12:48.834428-08:00,read,key_427,1.89,true,false,4476
2025-11-27T16:12:48.845507-08:00,read,key_989,1.26,true,false,2998
2025-11-27T16:12:48.856615-08:00,read,key_12,0.99,true,false,3861
2025-11-27T16:12:48.86732-08:00,read,key_478,1.02,true,false,3919
2025-11-27T16:12:48.878195-08:00,read,key_313,1.12,true,false,2713
2025-11-27T16:12:48.889302-08:00,read,key_983,1.19,true,false,2555
2025-11-27T16:12:48.900393-08:00,read,key_530,1.86,true,false,3385
2025-11-27T16:12:48.911613-08:00,read,key_462,1.36,true,false,4385
2025-11-27T16:12:48.922101-08:00,read,key_379,1.63,true,false,2570
2025-11-27T16:12:48.933177-08:00,read,key_144,1.34,true,false,1325
2025-11-27T16:12:48.944245-08:00,read,key_549,1.48,true,false,4197
2025-11-27T16:12:48.95535-08:00,read,key_507,1.34,true,false,1175
2025-11-27T16:12:48.966424-08:00,read,key_659,1.49,true,false,2373
2025-11-27T16:12:48.977598-08:00,read,key_602,0.93,true,false,3730
2025-11-27T16:12:48.987716-08:00,read,key_733,1.33,true,false,286
2025-11-27T16:12:48.998813-08:00,read,key_758,1.58,true,false,4263
2025-11-27T16:12:49.010016-08:00,read,key_647,1.59,true,false,3723
2025-11-27T16:12:49.021064-08:00,read,key_40,1.40,true,false,2269
2025-11-27T16:12:49.032153-08:00,read,key_590,0.99,true,false,2372
2025-11-27T16:12:49.043247-08:00,read,key_795,1.00,true,false,85
2025-11-27T16:12:49.054436-08:00,read,key_132,1.63,true,false,4356
2025-11-27T16:12:48.756773-08:00,write,key_428,308.59,true,false,4551
2025-11-27T16:12:49.065235-08:00,read,key_187,0.79,true,false,4382
2025-11-27T16:12:49.076336-08:00,read,key_399,1.80,true,false,3915
2025-11-27T16:12:49.087598-08:00,read,key_630,1.57,true,false,3815
2025-11-27T16:12:49.098675-08:00,read,key_46,1.43,true,false,2186
2025-11-27T16:12:49.109738-08:00,read,key_721,1.60,true,false,4193
2025-11-27T16:12:49.120829-08:00,read,key_770,1.51,true,false,3267
2025-11-27T16:12:49.13201-08:00,read,key_891,1.29,true,false,4024
2025-11-27T16:12:49.143208-08:00,read,key_872,1.34,true,false,1427
2025-11-27T16:12:49.153945-08:00,read,key_165,1.53,true,false,1654
2025-11-27T16:12:49.165106-08:00,read,key_46,2.12,true,false,2186
2025-11-27T16:12:49.176197-08:00,read,key_338,1.67,true,false,4492
2025-11-27T16:12:49.186882-08:00,read,key_503,1.65,true,false,3249
2025-11-27T16:12:49.197919-08:00,read,key_812,1.84,true,false,2921
2025-11-27T16:12:49.209096-08:00,read,key_658,1.09,true,false,2101
2025-11-27T16:12:49.220269-08:00,read,key_501,2.31,true,false,1371
2025-11-27T16:12:49.231405-08:00,read,key_654,1.51,true,false,1841
2025-11-27T16:12:49.24257-08:00,read,key_160,1.60,false,false,0
2025-11-27T16:12:49.253783-08:00,read,key_818,2.34,true,false,3312
2025-11-27T16:12:49.264519-08:00,read,key_989,1.57,true,false,2998
2025-11-27T16:12:49.275702-08:00,read,key_661,1.88,true,false,2563
2025-11-27T16:12:49.286494-08:00,read,key_38,2.07,true,false,3160
2025-11-27T16:12:49.296908-08:00,read,key_606,1.60,false,false,0
2025-11-27T16:12:49.308062-08:00,read,key_578,1.56,true,false,3639
2025-11-27T16:12:49.318503-08:00,read,key_15,1.67,true,false,3413
2025-11-27T16:12:49.329857-08:00,read,key_1,1.75,true,false,3506
2025-11-27T16:12:49.341049-08:00,read,key_883,1.78,true,false,2363
2025-11-27T16:12:49.361614-08:00,read,key_816,1.79,true,false,4209
2025-11-27T16:12:49.372822-08:00,read,key_537,1.85,true,false,4437
2025-11-27T16:12:49.383738-08:00,read,key_881,1.87,true,false,1905
2025-11-27T16:12:49.39498-08:00,read,key_137,2.00,true,false,4243
2025-11-27T16:12:49.406129-08:00,read,key_549,1.53,true,false,4197
2025-11-27T16:12:49.416943-08:00,read,key_974,1.48,true,false,4181
2025-11-27T16:12:49.427586-08:00,read,key_141,1.95,true,false,4153
2025-11-27T16:12:49.437819-08:00,read,key_75,1.85,true,false,4261
2025-11-27T16:12:49.449062-08:00,read,key_24,1.97,true,false,3538
2025-11-27T16:12:49.460323-08:00,read,key_818,2.28,true,false,3312
2025-11-27T16:12:49.471035-08:00,read,key_592,1.61,true,false,4322
2025-11-27T16:12:49.482164-08:00,read,key_730,1.76,true,false,3192
2025-11-27T16:12:49.493353-08:00,read,key_942,2.10,true,false,4068
2025-11-27T16:12:49.504548-08:00,read,key_195,1.77,true,false,2710
2025-11-27T16:12:49.514843-08:00,read,key_525,1.69,true,false,4546
2025-11-27T16:12:49.525865-08:00,read,key_109,1.99,true,false,1103
2025-11-27T16:12:49.537121-08:00,read,key_659,1.88,true,false,2373
2025-11-27T16:12:49.548338-08:00,read,key_641,1.77,true,false,2948
2025-11-27T16:12:49.559516-08:00,read,key_749,2.09,true,false,326
2025-11-27T16:12:49.57073-08:00,read,key_381,1.78,true,false,1177
2025-11-27T16:12:49.582417-08:00,read,key_95,2.53,true,false,4387
2025-11-27T16:12:49.593243-08:00,read,key_75,1.90,true,false,4261
2025-11-27T16:12:49.604492-08:00,read,key_44,1.88,true,false,3552
2025-11-27T16:12:49.615698-08:00,read,key_332,1.95,false,false,0
2025-11-27T16:12:49.625923-08:00,read,key_904,2.34,true,false,4381
2025-11-27T16:12:49.637097-08:00,read,key_384,1.98,true,false,167
2025-11-27T16:12:49.648307-08:00,read,key_775,1.69,true,false,3520
2025-11-27T16:12:49.351251-08:00,write,key_72,306.33,true,false,4552
2025-11-27T16:12:49.658526-08:00,read,key_289,1.12,true,false,544
2025-11-27T16:12:49.669693-08:00,read,key_750,1.17,true,false,4339
2025-11-27T16:12:49.680039-08:00,read,key_642,1.83,true,false,4544
2025-11-27T16:12:49.691248-08:00,read,key_596,2.12,true,false,4343
2025-11-27T16:12:49.702456-08:00,read,key_229,1.67,true,false,792
2025-11-27T16:12:49.712846-08:00,read,key_10,1.74,true,false,2639
2025-11-27T16:12:49.72406-08:00,read,key_679,2.25,true,false,4388
2025-11-27T16:12:49.73529-08:00,read,key_489,1.82,true,false,4235
2025-11-27T16:12:49.746482-08:00,read,key_539,1.57,false,false,0
2025-11-27T16:12:49.757728-08:00,read,key_98,1.72,true,false,4348
2025-11-27T16:12:49.768613-08:00,read,key_511,0.92,true,false,3963
2025-11-27T16:12:49.779757-08:00,read,key_408,0.97,true,false,780
2025-11-27T16:12:49.790983-08:00,read,key_561,2.91,true,false,3762
2025-11-27T16:12:49.801676-08:00,read,key_237,0.98,true,false,4274
2025-11-27T16:12:49.812105-08:00,read,key_288,1.62,true,false,632
2025-11-27T16:12:49.823266-08:00,read,key_951,1.91,true,false,4527
2025-11-27T16:12:49.834366-08:00,read,key_44,1.16,true,false,3552
2025-11-27T16:12:49.845508-08:00,read,key_322,0.57,true,false,4327
2025-11-27T16:12:49.856639-08:00,read,key_485,0.75,true,false,1511
2025-11-27T16:12:49.867254-08:00,read,key_729,1.68,true,false,508
2025-11-27T16:12:49.878472-08:00,read,key_858,1.60,true,false,1764
2025-11-27T16:12:49.889076-08:00,read,key_384,2.52,true,false,167
2025-11-27T16:12:49.900252-08:00,read,key_979,1.93,true,false,4251
2025-11-27T16:12:49.910674-08:00,read,key_987,1.67,true,false,2519
2025-11-27T16:12:49.921934-08:00,read,key_982,1.86,true,false,3349
2025-11-27T16:12:49.932737-08:00,read,key_874,2.08,true,false,2457
2025-11-27T16:12:49.943946-08:00,read,key_671,1.82,true,false,4409
2025-11-27T16:12:49.967367-08:00,read,key_745,1.66,true,false,994
2025-11-27T16:12:49.955309-08:00,read,key_411,13.74,true,false,4313
2025-11-27T16:12:49.978467-08:00,read,key_734,0.85,true,false,4011
2025-11-27T16:12:50.000634-08:00,read,key_16,1.53,true,false,3889
2025-11-27T16:12:50.011723-08:00,read,key_424,1.72,true,false,3188
2025-11-27T16:12:50.022876-08:00,read,key_862,1.59,true,false,2924
2025-11-27T16:12:50.033959-08:00,read,key_745,1.22,true,false,994
2025-11-27T16:12:50.045051-08:00,read,key_169,1.43,true,false,4432
2025-11-27T16:12:50.055396-08:00,read,key_681,1.74,true,false,3325
2025-11-27T16:12:50.066483-08:00,read,key_974,1.13,true,false,4181
2025-11-27T16:12:50.077566-08:00,read,key_176,1.28,true,false,4284
2025-11-27T16:12:50.088642-08:00,read,key_7,2.02,true,false,3790
2025-11-27T16:12:50.099654-08:00,read,key_238,1.04,true,false,4036
2025-11-27T16:12:50.110739-08:00,read,key_102,1.38,true,false,4518
2025-11-27T16:12:50.121796-08:00,read,key_54,1.07,true,false,4535
2025-11-27T16:12:50.132878-08:00,read,key_973,0.94,true,false,4384
2025-11-27T16:12:50.143941-08:00,read,key_169,0.89,true,false,4432
2025-11-27T16:12:50.155023-08:00,read,key_728,0.84,true,false,4089
2025-11-27T16:12:50.166084-08:00,read,key_542,1.01,true,false,2545
2025-11-27T16:12:50.177148-08:00,read,key_942,0.88,true,false,4068
2025-11-27T16:12:50.188221-08:00,read,key_857,1.09,true,false,3969
2025-11-27T16:12:50.199296-08:00,read,key_485,1.07,true,false,1511
2025-11-27T16:12:50.209565-08:00,read,key_469,0.90,true,false,4541
2025-11-27T16:12:50.220675-08:00,read,key_968,1.03,true,false,3199
2025-11-27T16:12:50.231751-08:00,read,key_62,0.83,true,false,1021
2025-11-27T16:12:50.242815-08:00,read,key_957,1.14,true,false,4289
2025-11-27T16:12:50.253896-08:00,read,key_749,1.03,true,false,326
2025-11-27T16:12:50.264994-08:00,read,key_502,1.15,true,false,2191
2025-11-27T16:12:50.275923-08:00,read,key_660,0.95,true,false,2422
2025-11-27T16:12:50.287006-08:00,read,key_757,0.93,true,false,4549
2025-11-27T16:12:49.989553-08:00,write,key_540,309.19,true,false,4553
2025-11-27T16:12:50.29809-08:00,read,key_854,1.37,true,false,2295
2025-11-27T16:12:50.308962-08:00,read,key_608,1.00,true,false,2306
2025-11-27T16:12:50.320042-08:00,read,key_775,0.86,true,false,3520
2025-11-27T16:12:50.331137-08:00,read,key_737,1.04,false,false,0
2025-11-27T16:12:50.342281-08:00,read,key_971,0.89,true,false,3149
2025-11-27T16:12:50.353366-08:00,read,key_487,0.88,true,false,3302
2025-11-27T16:12:50.364463-08:00,read,key_431,0.86,true,false,4370
2025-11-27T16:12:50.375543-08:00,read,key_18,1.13,true,false,2742
2025-11-27T16:12:50.386605-08:00,read,key_440,1.29,true,false,2505
2025-11-27T16:12:50.397707-08:00,read,key_689,1.48,true,false,4292
2025-11-27T16:12:50.40881-08:00,read,key_876,1.66,true,false,4504
2025-11-27T16:12:50.419894-08:00,read,key_44,1.21,true,false,3552
2025-11-27T16:12:50.430615-08:00,read,key_643,1.73,true,false,3050
2025-11-27T16:12:50.441698-08:00,read,key_781,1.45,true,false,4368
2025-11-27T16:12:50.452794-08:00,read,key_459,1.03,true,false,4522
2025-11-27T16:12:50.463458-08:00,read,key_329,1.36,true,false,4303
2025-11-27T16:12:50.474519-08:00,read,key_51,1.83,true,false,4224
2025-11-27T16:12:50.485576-08:00,read,key_462,1.36,true,false,4385
2025-11-27T16:12:50.496644-08:00,read,key_483,1.55,false,false,0
2025-11-27T16:12:50.507703-08:00,read,key_865,1.35,true,false,2435
2025-11-27T16:12:50.518801-08:00,read,key_167,1.31,false,false,0
2025-11-27T16:12:50.529724-08:00,read,key_807,1.34,true,false,3278
2025-11-27T16:12:50.540804-08:00,read,key_870,1.28,true,false,3972
2025-11-27T16:12:50.55189-08:00,read,key_474,1.12,true,false,3781
2025-11-27T16:12:50.562901-08:00,read,key_6,0.88,true,false,2414
2025-11-27T16:12:50.57398-08:00,read,key_878,1.35,true,false,4440
2025-11-27T16:12:50.585072-08:00,read,key_765,1.22,true,false,1910
2025-11-27T16:12:50.596143-08:00,read,key_488,1.25,true,false,4550
2025-11-27T16:12:50.607242-08:00,read,key_192,0.99,true,false,2658
2025-11-27T16:12:50.618318-08:00,read,key_665,1.10,true,false,2172
2025-11-27T16:12:50.629401-08:00,read,key_231,2.60,true,false,4062
2025-11-27T16:12:50.640524-08:00,read,key_489,0.91,true,false,4235
2025-11-27T16:12:50.651666-08:00,read,key_788,0.72,true,false,1890
2025-11-27T16:12:50.662926-08:00,read,key_683,0.99,true,false,3210
2025-11-27T16:12:50.674091-08:00,read,key_30,1.85,true,false,4520
2025-11-27T16:12:50.685275-08:00,read,key_797,1.70,true,false,1406
2025-11-27T16:12:50.696264-08:00,read,key_986,2.11,true,false,3463
2025-11-27T16:12:50.707459-08:00,read,key_430,2.21,true,false,4308
2025-11-27T16:12:50.717773-08:00,read,key_576,1.41,true,false,3965
2025-11-27T16:12:50.728051-08:00,read,key_807,2.76,true,false,3278
2025-11-27T16:12:50.739208-08:00,read,key_485,1.57,true,false,1511
2025-11-27T16:12:50.74951-08:00,read,key_531,1.63,true,false,2865
2025-11-27T16:12:50.760293-08:00,read,key_855,1.91,true,false,1873
2025-11-27T16:12:50.771594-08:00,read,key_157,1.71,true,false,2275
2025-11-27T16:12:50.782789-08:00,read,key_757,3.88,true,false,4549
2025-11-27T16:12:50.793229-08:00,read,key_657,2.09,true,false,2226
2025-11-27T16:12:50.804319-08:00,read,key_599,1.76,true,false,4173
2025-11-27T16:12:50.815433-08:00,read,key_571,1.57,true,false,4495
2025-11-27T16:12:50.826524-08:00,read,key_594,1.32,true,false,3906
2025-11-27T16:12:50.837681-08:00,read,key_750,1.32,true,false,4339
2025-11-27T16:12:50.847989-08:00,read,key_578,1.58,true,false,3639
2025-11-27T16:12:50.859221-08:00,read,key_163,1.88,true,false,4505
2025-11-27T16:12:50.869805-08:00,read,key_774,2.38,true,false,3653
2025-11-27T16:12:50.880917-08:00,read,key_885,2.20,true,false,1781
2025-11-27T16:12:50.892746-08:00,read,key_56,1.11,true,false,4529
2025-11-27T16:12:50.902767-08:00,read,key_117,2.47,true,false,4415
2025-11-27T16:12:50.913631-08:00,read,key_651,1.67,true,false,1587
2025-11-27T16:12:50.924091-08:00,read,key_119,2.59,true,false,4478
2025-11-27T16:12:50.935234-08:00,read,key_18,1.77,true,false,2742
2025-11-27T16:12:50.945988-08:00,read,key_462,1.81,true,false,4385
2025-11-27T16:12:50.957167-08:00,read,key_838,1.68,true,false,4392
2025-11-27T16:12:50.968361-08:00,read,key_95,2.47,true,false,4387
2025-11-27T16:12:50.979506-08:00,read,key_378,1.88,true,false,2139
2025-11-27T16:12:50.99069-08:00,read,key_344,1.56,true,false,3787
2025-11-27T16:12:51.001953-08:00,read,key_165,1.65,true,false,1654
2025-11-27T16:12:51.01304-08:00,read,key_891,2.07,true,false,4024
2025-11-27T16:12:51.024134-08:00,read,key_55,1.34,true,false,4548
2025-11-27T16:12:51.034728-08:00,read,key_401,1.15,true,false,2800
2025-11-27T16:12:51.04581-08:00,read,key_99,1.09,true,false,3752
2025-11-27T16:12:51.056909-08:00,read,key_649,1.74,true,false,3850
2025-11-27T16:12:51.068012-08:00,read,key_461,2.09,true,false,3296
2025-11-27T16:12:51.079069-08:00,read,key_591,1.51,true,false,4477
2025-11-27T16:12:51.09017-08:00,read,key_196,1.70,true,false,4064
2025-11-27T16:12:51.101267-08:00,read,key_735,1.86,true,false,143
2025-11-27T16:12:51.112376-08:00,read,key_653,1.48,true,false,4222
2025-11-27T16:12:51.123481-08:00,read,key_187,1.50,true,false,4382
2025-11-27T16:12:51.134536-08:00,read,key_296,1.05,true,false,4502
2025-11-27T16:12:51.14567-08:00,read,key_33,1.38,true,false,4338
2025-11-27T16:12:51.156752-08:00,read,key_593,1.93,true,false,3468
2025-11-27T16:12:51.167817-08:00,read,key_962,1.06,true,false,3980
2025-11-27T16:12:51.17835-08:00,read,key_911,0.79,true,false,909
2025-11-27T16:12:51.189488-08:00,read,key_488,0.55,true,false,4550
2025-11-27T16:12:51.200676-08:00,read,key_488,0.58,true,false,4550
2025-11-27T16:12:51.211847-08:00,read,key_421,0.55,true,false,4540
2025-11-27T16:12:51.223027-08:00,read,key_489,0.52,true,false,4235
2025-11-27T16:12:51.233837-08:00,read,key_780,0.91,true,false,3440
2025-11-27T16:12:51.24505-08:00,read,key_476,0.70,true,false,4394
2025-11-27T16:12:51.255468-08:00,read,key_531,0.56,true,false,2865
2025-11-27T16:12:51.266097-08:00,read,key_862,0.64,true,false,2924
2025-11-27T16:12:51.277312-08:00,read,key_852,0.67,true,false,2410
2025-11-27T16:12:51.298005-08:00,read,key_897,0.48,true,false,3704
2025-11-27T16:12:51.308676-08:00,read,key_208,0.72,true,false,2019
2025-11-27T16:12:51.319905-08:00,read,key_418,0.60,true,false,1899
2025-11-27T16:12:51.330441-08:00,read,key_449,0.61,true,false,4544
2025-11-27T16:12:51.340959-08:00,read,key_894,0.53,true,false,4281
2025-11-27T16:12:51.351403-08:00,read,key_689,0.62,true,false,4292
2025-11-27T16:12:51.362617-08:00,read,key_299,1.80,true,false,4113
2025-11-27T16:12:51.37373-08:00,read,key_735,2.25,true,false,143
2025-11-27T16:12:51.384089-08:00,read,key_901,1.71,true,false,2529
2025-11-27T16:12:51.395246-08:00,read,key_741,1.45,false,false,0
2025-11-27T16:12:51.40639-08:00,read,key_618,2.03,true,false,1605
2025-11-27T16:12:51.417444-08:00,read,key_140,1.67,true,false,3072
2025-11-27T16:12:51.428623-08:00,read,key_887,1.68,true,false,2341
2025-11-27T16:12:51.439814-08:00,read,key_496,2.50,true,false,3115
2025-11-27T16:12:51.450544-08:00,read,key_56,1.92,true,false,4529
2025-11-27T16:12:51.461808-08:00,read,key_675,1.89,true,false,3436
2025-11-27T16:12:51.473024-08:00,read,key_45,2.29,true,false,2584
2025-11-27T16:12:51.483628-08:00,read,key_105,1.65,true,false,2527
2025-11-27T16:12:51.493953-08:00,read,key_92,1.68,true,false,3360
2025-11-27T16:12:51.504495-08:00,read,key_199,1.94,true,false,3027
2025-11-27T16:12:51.514796-08:00,read,key_770,2.33,true,false,3267
2025-11-27T16:12:51.525484-08:00,read,key_534,1.73,false,false,0
2025-11-27T16:12:51.536666-08:00,read,key_366,1.52,true,false,2032
2025-11-27T16:12:51.54709-08:00,read,key_869,2.24,true,false,4150
2025-11-27T16:12:51.558269-08:00,read,key_678,1.72,true,false,4088
2025-11-27T16:12:51.56945-08:00,read,key_56,1.58,true,false,4529
2025-11-27T16:12:51.580612-08:00,read,key_178,1.22,true,false,2263
2025-11-27T16:12:51.591824-08:00,read,key_377,1.38,true,false,2154
2025-11-27T16:12:51.287729-08:00,write,key_131,307.53,true,false,4554
2025-11-27T16:12:51.602876-08:00,read,key_501,1.72,true,false,1371
2025-11-27T16:12:51.614037-08:00,read,key_544,1.20,true,false,2867
2025-11-27T16:12:51.625255-08:00,read,key_450,1.87,true,false,1728
2025-11-27T16:12:51.635404-08:00,read,key_2,0.80,true,false,2449
2025-11-27T16:12:51.645815-08:00,read,key_890,0.69,true,false,4397
2025-11-27T16:12:51.656709-08:00,read,key_509,1.35,true,false,1382
2025-11-27T16:12:51.667832-08:00,read,key_860,0.59,true,false,3732
2025-11-27T16:12:51.678985-08:00,read,key_271,0.54,false,false,0
2025-11-27T16:12:51.690128-08:00,read,key_898,0.55,true,false,3890
2025-11-27T16:12:51.700473-08:00,read,key_30,0.58,true,false,4520
2025-11-27T16:12:51.711675-08:00,read,key_772,0.63,true,false,3933
2025-11-27T16:12:51.722112-08:00,read,key_989,0.67,true,false,2998
2025-11-27T16:12:51.733306-08:00,read,key_792,1.21,true,false,2512
2025-11-27T16:12:51.744491-08:00,read,key_319,1.23,true,false,2755
2025-11-27T16:12:51.755198-08:00,read,key_487,1.29,true,false,3302
2025-11-27T16:12:51.766479-08:00,read,key_435,1.41,true,false,4079
2025-11-27T16:12:51.78878-08:00,read,key_521,1.24,true,false,3408
2025-11-27T16:12:51.799313-08:00,read,key_270,1.94,false,false,0
2025-11-27T16:12:51.810572-08:00,read,key_345,1.76,true,false,4210
2025-11-27T16:12:51.820943-08:00,read,key_662,2.59,true,false,2654
2025-11-27T16:12:51.832019-08:00,read,key_888,1.62,true,false,3722
2025-11-27T16:12:51.842504-08:00,read,key_147,2.48,true,false,900
2025-11-27T16:12:51.853615-08:00,read,key_482,2.27,false,false,0
2025-11-27T16:12:51.864052-08:00,read,key_790,2.06,true,false,4346
2025-11-27T16:12:51.875222-08:00,read,key_75,1.69,true,false,4261
2025-11-27T16:12:51.886448-08:00,read,key_380,2.15,true,false,4059
2025-11-27T16:12:51.897252-08:00,read,key_982,2.23,true,false,3349
2025-11-27T16:12:51.908063-08:00,read,key_77,1.42,true,false,4513
2025-11-27T16:12:51.919298-08:00,read,key_195,1.99,true,false,2710
2025-11-27T16:12:51.930611-08:00,read,key_532,2.02,true,false,4302
2025-11-27T16:12:51.941833-08:00,read,key_966,1.74,true,false,3585
2025-11-27T16:12:51.95301-08:00,read,key_146,2.39,true,false,3136
2025-11-27T16:12:51.963794-08:00,read,key_872,1.68,true,false,1427
2025-11-27T16:12:51.974934-08:00,read,key_847,1.72,true,false,3573
2025-11-27T16:12:51.986155-08:00,read,key_24,2.28,true,false,3538
2025-11-27T16:12:51.997304-08:00,read,key_875,1.65,true,false,3618
2025-11-27T16:12:52.008498-08:00,read,key_318,1.70,true,false,4447
2025-11-27T16:12:52.019782-08:00,read,key_895,2.15,true,false,3091
2025-11-27T16:12:52.030225-08:00,read,key_242,1.64,true,false,3597
2025-11-27T16:12:52.041485-08:00,read,key_644,1.78,true,false,3545
2025-11-27T16:12:52.052653-08:00,read,key_23,1.93,true,false,3751
2025-11-27T16:12:52.063953-08:00,read,key_963,1.91,true,false,3821
2025-11-27T16:12:52.075154-08:00,read,key_13,1.88,true,false,3101
2025-11-27T16:12:51.777665-08:00,write,key_976,307.12,true,false,4555
2025-11-27T16:12:52.085374-08:00,read,key_142,2.36,true,false,1304
2025-11-27T16:12:52.096252-08:00,read,key_959,1.66,true,false,4405
2025-11-27T16:12:52.118159-08:00,read,key_908,1.72,true,false,2331
2025-11-27T16:12:52.129537-08:00,read,key_227,1.73,true,false,4085
2025-11-27T16:12:52.140753-08:00,read,key_414,1.59,true,false,4335
2025-11-27T16:12:52.151977-08:00,read,key_638,1.86,true,false,4034
2025-11-27T16:12:52.163256-08:00,read,key_744,1.85,true,false,1224
2025-11-27T16:12:52.17356-08:00,read,key_974,1.75,true,false,4181
2025-11-27T16:12:52.184709-08:00,read,key_676,3.43,true,false,4297
2025-11-27T16:12:52.195738-08:00,read,key_853,1.58,true,false,2207
2025-11-27T16:12:52.205959-08:00,read,key_487,1.55,true,false,3302
2025-11-27T16:12:52.217134-08:00,read,key_3,1.86,true,false,2575
2025-11-27T16:12:52.228365-08:00,read,key_603,2.18,true,false,2068
2025-11-27T16:12:52.239509-08:00,read,key_675,1.52,true,false,3436
2025-11-27T16:12:52.250661-08:00,read,key_789,2.85,true,false,4518
2025-11-27T16:12:52.261871-08:00,read,key_167,2.65,false,false,0
2025-11-27T16:12:52.27298-08:00,read,key_607,1.60,true,false,2111
2025-11-27T16:12:52.284093-08:00,read,key_470,0.86,true,false,4506
2025-11-27T16:12:52.294475-08:00,read,key_315,0.78,true,false,2549
2025-11-27T16:12:52.305164-08:00,read,key_978,1.54,true,false,3014
2025-11-27T16:12:52.3163-08:00,read,key_321,0.76,true,false,4293
2025-11-27T16:12:52.327558-08:00,read,key_103,2.01,true,false,1546
2025-11-27T16:12:52.338673-08:00,read,key_196,1.16,true,false,4064
2025-11-27T16:12:52.349803-08:00,read,key_1,1.62,true,false,3506
2025-11-27T16:12:52.360512-08:00,read,key_451,1.84,true,false,24
2025-11-27T16:12:52.371702-08:00,read,key_592,1.60,true,false,4322
2025-11-27T16:12:52.382842-08:00,read,key_419,3.51,true,false,3695
2025-11-27T16:12:52.393863-08:00,read,key_675,1.26,true,false,3436
2025-11-27T16:12:52.404996-08:00,read,key_736,1.60,true,false,2334
2025-11-27T16:12:52.106927-08:00,write,key_633,308.42,true,false,4556
2025-11-27T16:12:52.415321-08:00,read,key_562,1.65,true,false,3265
2025-11-27T16:12:52.426565-08:00,read,key_173,2.79,true,false,3328
2025-11-27T16:12:52.437599-08:00,read,key_989,1.23,true,false,2998
2025-11-27T16:12:52.44799-08:00,read,key_384,1.17,true,false,167
2025-11-27T16:12:52.458924-08:00,read,key_870,1.73,true,false,3972
2025-11-27T16:12:52.470134-08:00,read,key_818,1.45,true,false,3312
2025-11-27T16:12:52.480546-08:00,read,key_4,1.42,true,false,3316
2025-11-27T16:12:52.491789-08:00,read,key_318,1.31,true,false,4447
2025-11-27T16:12:52.502933-08:00,read,key_747,1.88,true,false,1749
2025-11-27T16:12:52.513808-08:00,read,key_315,1.66,true,false,2549
2025-11-27T16:12:52.525051-08:00,read,key_126,2.37,true,false,8
2025-11-27T16:12:52.536257-08:00,read,key_665,1.85,true,false,2172
2025-11-27T16:12:52.546514-08:00,read,key_721,1.35,true,false,4193
2025-11-27T16:12:52.557406-08:00,read,key_740,2.27,true,false,4519
2025-11-27T16:12:52.568553-08:00,read,key_153,1.76,true,false,3894
2025-11-27T16:12:52.57919-08:00,read,key_802,1.90,true,false,2573
2025-11-27T16:12:52.590291-08:00,read,key_739,1.87,true,false,3556
2025-11-27T16:12:52.601558-08:00,read,key_177,1.45,true,false,2268
2025-11-27T16:12:52.612788-08:00,read,key_815,1.58,true,false,2897
2025-11-27T16:12:52.624052-08:00,read,key_428,2.17,true,false,4551
2025-11-27T16:12:52.635225-08:00,read,key_755,1.80,true,false,4545
2025-11-27T16:12:52.646509-08:00,read,key_951,5.50,true,false,4527
2025-11-27T16:12:52.657546-08:00,read,key_99,3.89,true,false,3752
2025-11-27T16:12:52.668408-08:00,read,key_676,0.75,true,false,4297
2025-11-27T16:12:52.679545-08:00,read,key_873,0.66,true,false,2160
2025-11-27T16:12:52.690889-08:00,read,key_190,1.24,true,false,2866
2025-11-27T16:12:52.702013-08:00,read,key_502,1.34,true,false,2191
2025-11-27T16:12:52.713337-08:00,read,key_894,1.09,true,false,4281
2025-11-27T16:12:52.723839-08:00,read,key_81,1.80,true,false,2358
2025-11-27T16:12:52.734868-08:00,read,key_914,0.81,true,false,1448
2025-11-27T16:12:52.746012-08:00,read,key_962,1.58,true,false,3980
2025-11-27T16:12:52.757206-08:00,read,key_426,1.21,true,false,3365
2025-11-27T16:12:52.768402-08:00,read,key_782,1.29,true,false,2468
2025-11-27T16:12:52.779571-08:00,read,key_323,1.40,true,false,4532
2025-11-27T16:12:52.7907-08:00,read,key_858,1.14,true,false,1764
2025-11-27T16:12:52.801478-08:00,read,key_363,1.66,true,false,3465
2025-11-27T16:12:52.812733-08:00,read,key_503,1.61,true,false,3249
2025-11-27T16:12:52.823968-08:00,read,key_877,1.83,true,false,3979
2025-11-27T16:12:52.835156-08:00,read,key_503,1.54,true,false,3249
2025-11-27T16:12:52.846396-08:00,read,key_881,2.58,true,false,1905
2025-11-27T16:12:52.857488-08:00,read,key_864,1.68,true,false,4260
2025-11-27T16:12:52.87906-08:00,read,key_586,2.67,true,false,3343
2025-11-27T16:12:52.890211-08:00,read,key_857,1.75,true,false,3969
2025-11-27T16:12:52.901397-08:00,read,key_723,1.71,true,false,1245
2025-11-27T16:12:52.912573-08:00,read,key_581,1.11,true,false,3490
2025-11-27T16:12:52.922936-08:00,read,key_563,0.99,true,false,3763
2025-11-27T16:12:52.934121-08:00,read,key_983,1.05,true,false,2555
2025-11-27T16:12:52.945393-08:00,read,key_638,2.20,true,false,4034
2025-11-27T16:12:52.955927-08:00,read,key_147,1.72,true,false,900
2025-11-27T16:12:52.967089-08:00,read,key_661,1.60,true,false,2563
2025-11-27T16:12:52.978294-08:00,read,key_863,1.30,true,false,3931
2025-11-27T16:12:52.98952-08:00,read,key_149,1.56,true,false,1326
2025-11-27T16:12:53.000547-08:00,read,key_408,1.65,true,false,780
2025-11-27T16:12:53.011681-08:00,read,key_812,1.04,true,false,2921
2025-11-27T16:12:53.022667-08:00,read,key_758,1.88,true,false,4263
2025-11-27T16:12:53.033405-08:00,read,key_57,1.61,true,false,4524
2025-11-27T16:12:53.044555-08:00,read,key_424,2.12,true,false,3188
2025-11-27T16:12:53.055821-08:00,read,key_787,1.50,true,false,4122
2025-11-27T16:12:53.067013-08:00,read,key_427,1.61,true,false,4476
2025-11-27T16:12:53.077548-08:00,read,key_462,1.94,true,false,4385
2025-11-27T16:12:53.088744-08:00,read,key_476,1.61,true,false,4394
2025-11-27T16:12:53.099924-08:00,read,key_842,1.76,true,false,1723
2025-11-27T16:12:53.111104-08:00,read,key_340,2.29,true,false,4271
2025-11-27T16:12:53.12223-08:00,read,key_731,1.67,true,false,1752
2025-11-27T16:12:53.133325-08:00,read,key_568,1.62,true,false,4515
2025-11-27T16:12:53.144547-08:00,read,key_685,2.03,true,false,2119
2025-11-27T16:12:53.155793-08:00,read,key_900,1.80,true,false,3475
2025-11-27T16:12:53.167007-08:00,read,key_522,1.76,true,false,2374
2025-11-27T16:12:53.17784-08:00,read,key_418,1.83,true,false,1899
2025-11-27T16:12:52.868705-08:00,write,key_44,313.16,true,false,4557
2025-11-27T16:12:53.1888-08:00,read,key_652,1.51,true,false,4465
2025-11-27T16:12:53.200003-08:00,read,key_820,1.64,true,false,2730
2025-11-27T16:12:53.211293-08:00,read,key_422,1.90,true,false,4494
2025-11-27T16:12:53.222465-08:00,read,key_291,1.67,true,false,4223
2025-11-27T16:12:53.233073-08:00,read,key_784,1.65,true,false,2561
2025-11-27T16:12:53.243543-08:00,read,key_511,2.15,true,false,3963
2025-11-27T16:12:53.254783-08:00,read,key_787,1.66,true,false,4122
2025-11-27T16:12:53.265974-08:00,read,key_632,1.76,true,false,3999
2025-11-27T16:12:53.276636-08:00,read,key_364,1.65,true,false,1301
2025-11-27T16:12:53.287793-08:00,read,key_768,1.65,true,false,4022
2025-11-27T16:12:53.298786-08:00,read,key_958,1.49,true,false,4379
2025-11-27T16:12:53.310042-08:00,read,key_867,1.86,true,false,4020
2025-11-27T16:12:53.321202-08:00,read,key_977,1.81,true,false,4369
2025-11-27T16:12:53.331468-08:00,read,key_115,1.59,true,false,4355
2025-11-27T16:12:53.342057-08:00,read,key_199,2.15,true,false,3027
2025-11-27T16:12:53.352763-08:00,read,key_901,1.75,true,false,2529
2025-11-27T16:12:53.363461-08:00,read,key_488,1.68,true,false,4550
2025-11-27T16:12:53.374695-08:00,read,key_869,2.08,true,false,4150
2025-11-27T16:12:53.385842-08:00,read,key_225,1.61,true,false,119
2025-11-27T16:12:53.396693-08:00,read,key_187,1.75,true,false,4382
2025-11-27T16:12:53.407931-08:00,read,key_77,2.24,true,false,4513
2025-11-27T16:12:53.418392-08:00,read,key_428,1.55,true,false,4551
2025-11-27T16:12:53.429589-08:00,read,key_78,1.78,true,false,4481
2025-11-27T16:12:53.440158-08:00,read,key_612,1.70,true,false,695
2025-11-27T16:12:53.451385-08:00,read,key_531,1.77,true,false,2865
2025-11-27T16:12:53.462059-08:00,read,key_882,1.82,true,false,2429
2025-11-27T16:12:53.473176-08:00,read,key_682,2.21,true,false,4461
2025-11-27T16:12:53.483716-08:00,read,key_138,2.52,true,false,4109
2025-11-27T16:12:53.494877-08:00,read,key_775,1.64,true,false,3520
2025-11-27T16:12:53.506027-08:00,read,key_43,1.13,true,false,3584
2025-11-27T16:12:53.516291-08:00,read,key_181,0.96,true,false,2367
2025-11-27T16:12:53.527523-08:00,read,key_561,1.58,true,false,3762
2025-11-27T16:12:53.538664-08:00,read,key_942,1.51,true,false,4068
2025-11-27T16:12:53.549477-08:00,read,key_384,1.80,true,false,167
2025-11-27T16:12:53.560625-08:00,read,key_72,1.58,true,false,4552
2025-11-27T16:12:53.57179-08:00,read,key_174,1.59,true,false,4538
2025-11-27T16:12:53.582841-08:00,read,key_46,2.04,true,false,2186
2025-11-27T16:12:53.594089-08:00,read,key_183,1.87,true,false,4411
2025-11-27T16:12:53.605277-08:00,read,key_848,1.91,false,false,0
2025-11-27T16:12:53.615886-08:00,read,key_197,2.04,true,false,886
2025-11-27T16:12:53.626956-08:00,read,key_321,1.63,true,false,4293
2025-11-27T16:12:53.637956-08:00,read,key_671,1.72,true,false,4409
2025-11-27T16:12:53.649128-08:00,read,key_290,2.17,true,false,3806
2025-11-27T16:12:53.660277-08:00,read,key_640,1.81,true,false,3498
2025-11-27T16:12:53.671483-08:00,read,key_983,1.96,true,false,2555
2025-11-27T16:12:53.682511-08:00,read,key_426,1.74,true,false,3365
2025-11-27T16:12:53.693435-08:00,read,key_425,0.84,true,false,2759
2025-11-27T16:12:53.704637-08:00,read,key_841,0.81,true,false,564
2025-11-27T16:12:53.715981-08:00,read,key_135,2.18,true,false,4402
2025-11-27T16:12:53.72643-08:00,read,key_33,2.12,true,false,4338
2025-11-27T16:12:53.737626-08:00,read,key_237,1.66,true,false,4274
2025-11-27T16:12:53.748836-08:00,read,key_501,1.77,true,false,1371
2025-11-27T16:12:53.759983-08:00,read,key_881,1.89,true,false,1905
2025-11-27T16:12:53.771247-08:00,read,key_182,1.86,true,false,4441
2025-11-27T16:12:53.782506-08:00,read,key_850,2.07,true,false,3594
2025-11-27T16:12:53.793663-08:00,read,key_225,1.53,true,false,119
2025-11-27T16:12:53.804909-08:00,read,key_970,2.23,true,false,3533
2025-11-27T16:12:53.816128-08:00,read,key_563,1.61,true,false,3763
2025-11-27T16:12:53.827324-08:00,read,key_404,1.79,true,false,2653
2025-11-27T16:12:53.838531-08:00,read,key_890,2.02,true,false,4397
2025-11-27T16:12:53.849912-08:00,read,key_16,2.35,true,false,3889
2025-11-27T16:12:53.861099-08:00,read,key_107,1.91,true,false,1418
2025-11-27T16:12:53.872335-08:00,read,key_364,1.99,true,false,1301
2025-11-27T16:12:53.883498-08:00,read,key_220,1.58,true,false,2062
2025-11-27T16:12:53.894684-08:00,read,key_181,1.25,true,false,2367
2025-11-27T16:12:53.905505-08:00,read,key_657,1.38,true,false,2226
2025-11-27T16:12:53.916668-08:00,read,key_35,1.11,true,false,4480
2025-11-27T16:12:53.927425-08:00,read,key_977,1.01,true,false,4369
2025-11-27T16:12:53.937715-08:00,read,key_885,1.25,true,false,1781
2025-11-27T16:12:53.948914-08:00,read,key_525,1.04,true,false,4546
2025-11-27T16:12:53.960072-08:00,read,key_776,1.16,true,false,3477
2025-11-27T16:12:53.971277-08:00,read,key_507,1.25,true,false,1175
2025-11-27T16:12:53.982455-08:00,read,key_583,1.10,true,false,2782
2025-11-27T16:12:53.993691-08:00,read,key_385,1.08,true,false,4507
2025-11-27T16:12:54.004845-08:00,read,key_775,2.08,true,false,3520
2025-11-27T16:12:54.016012-08:00,read,key_727,1.13,true,false,1817
2025-11-27T16:12:54.026919-08:00,read,key_814,1.12,true,false,4514
2025-11-27T16:12:54.037913-08:00,read,key_12,2.21,true,false,3861
2025-11-27T16:12:54.049083-08:00,read,key_600,1.06,true,false,4525
2025-11-27T16:12:54.060229-08:00,read,key_871,1.12,true,false,4299
2025-11-27T16:12:54.071082-08:00,read,key_132,1.59,true,false,4356
2025-11-27T16:12:54.082231-08:00,read,key_274,1.05,false,false,0
2025-11-27T16:12:54.09356-08:00,read,key_435,1.22,true,false,4079
2025-11-27T16:12:54.104076-08:00,read,key_947,1.32,true,false,4526
2025-11-27T16:12:54.11538-08:00,read,key_600,1.32,true,false,4525
2025-11-27T16:12:54.126592-08:00,read,key_724,1.24,true,false,4055
2025-11-27T16:12:54.137156-08:00,read,key_932,1.66,true,false,3239
2025-11-27T16:12:54.148365-08:00,read,key_156,1.48,true,false,4042
2025-11-27T16:12:54.159521-08:00,read,key_160,1.08,false,false,0
2025-11-27T16:12:54.170744-08:00,read,key_198,1.92,true,false,2779
2025-11-27T16:12:54.192155-08:00,read,key_121,1.75,true,false,2266
2025-11-27T16:12:54.203348-08:00,read,key_6,1.04,true,false,2414
2025-11-27T16:12:54.214602-08:00,read,key_770,0.89,true,false,3267
2025-11-27T16:12:54.225839-08:00,read,key_107,0.77,true,false,1418
2025-11-27T16:12:54.236463-08:00,read,key_739,1.48,true,false,3556
2025-11-27T16:12:54.247017-08:00,read,key_273,0.81,true,false,1548
2025-11-27T16:12:54.258237-08:00,read,key_43,1.51,true,false,3584
2025-11-27T16:12:54.269402-08:00,read,key_249,2.33,true,false,1096
2025-11-27T16:12:54.280666-08:00,read,key_271,2.81,false,false,0
2025-11-27T16:12:54.291721-08:00,read,key_988,1.56,true,false,3044
2025-11-27T16:12:54.30198-08:00,read,key_322,0.90,true,false,4327
2025-11-27T16:12:54.313127-08:00,read,key_961,0.86,true,false,3521
2025-11-27T16:12:54.324432-08:00,read,key_984,1.67,true,false,3157
2025-11-27T16:12:54.335693-08:00,read,key_99,2.40,true,false,3752
2025-11-27T16:12:54.34683-08:00,read,key_765,1.74,true,false,1910
2025-11-27T16:12:54.358082-08:00,read,key_766,1.80,true,false,4296
2025-11-27T16:12:54.369327-08:00,read,key_609,2.10,true,false,2220
2025-11-27T16:12:54.380534-08:00,read,key_684,1.83,true,false,2443
2025-11-27T16:12:54.391786-08:00,read,key_595,2.04,true,false,4464
2025-11-27T16:12:54.402991-08:00,read,key_514,1.98,true,false,3230
2025-11-27T16:12:54.414205-08:00,read,key_599,1.76,true,false,4173
2025-11-27T16:12:54.425406-08:00,read,key_165,2.06,true,false,1654
2025-11-27T16:12:54.436612-08:00,read,key_678,1.68,true,false,4088
2025-11-27T16:12:54.44761-08:00,read,key_153,1.80,true,false,3894
2025-11-27T16:12:54.458827-08:00,read,key_30,1.95,true,false,4520
2025-11-27T16:12:54.469162-08:00,read,key_591,1.85,true,false,4477
2025-11-27T16:12:54.480038-08:00,read,key_91,1.82,true,false,3895
2025-11-27T16:12:54.181935-08:00,write,key_435,304.96,true,false,4558
2025-11-27T16:12:54.490634-08:00,read,key_850,1.50,true,false,3594
2025-11-27T16:12:54.501541-08:00,read,key_116,2.27,true,false,4202
2025-11-27T16:12:54.512672-08:00,read,key_793,1.81,true,false,4446
2025-11-27T16:12:54.523867-08:00,read,key_169,1.79,true,false,4432
2025-11-27T16:12:54.534544-08:00,read,key_102,2.72,true,false,4518
2025-11-27T16:12:54.545599-08:00,read,key_857,1.71,true,false,3969
2025-11-27T16:12:54.556825-08:00,read,key_18,1.73,true,false,2742
2025-11-27T16:12:54.568088-08:00,read,key_441,1.93,true,false,4013
2025-11-27T16:12:54.579272-08:00,read,key_486,1.66,false,false,0
2025-11-27T16:12:54.590451-08:00,read,key_743,1.73,true,false,595
2025-11-27T16:12:54.601702-08:00,read,key_904,1.66,true,false,4381
2025-11-27T16:12:54.612858-08:00,read,key_11,0.88,true,false,2683
2025-11-27T16:12:54.624036-08:00,read,key_28,1.05,true,false,3847
2025-11-27T16:12:54.63524-08:00,read,key_755,1.70,true,false,4545
2025-11-27T16:12:54.646348-08:00,read,key_921,1.22,true,false,4377
2025-11-27T16:12:54.657584-08:00,read,key_12,1.97,true,false,3861
2025-11-27T16:12:54.668912-08:00,read,key_483,1.70,false,false,0
2025-11-27T16:12:54.680164-08:00,read,key_766,1.86,true,false,4296
2025-11-27T16:12:54.690697-08:00,read,key_44,2.45,true,false,4557
2025-11-27T16:12:54.701849-08:00,read,key_865,1.56,true,false,2435
2025-11-27T16:12:54.712855-08:00,read,key_128,0.79,true,false,3418
2025-11-27T16:12:54.724059-08:00,read,key_861,2.07,true,false,769
2025-11-27T16:12:54.734995-08:00,read,key_234,2.14,true,false,4198
2025-11-27T16:12:54.746096-08:00,read,key_346,1.76,true,false,4103
2025-11-27T16:12:54.757315-08:00,read,key_876,1.27,true,false,4504
2025-11-27T16:12:54.768471-08:00,read,key_604,1.20,true,false,1182
2025-11-27T16:12:54.779624-08:00,read,key_997,1.13,true,false,4030
2025-11-27T16:12:54.790885-08:00,read,key_851,1.86,true,false,3944
2025-11-27T16:12:54.802014-08:00,read,key_524,1.58,true,false,3502
2025-11-27T16:12:54.813415-08:00,read,key_780,1.97,true,false,3440
2025-11-27T16:12:54.824666-08:00,read,key_408,1.49,true,false,780
2025-11-27T16:12:54.835852-08:00,read,key_416,1.71,true,false,3912
2025-11-27T16:12:54.846224-08:00,read,key_160,1.94,false,false,0
2025-11-27T16:12:54.857443-08:00,read,key_425,1.77,true,false,2759
2025-11-27T16:12:54.868627-08:00,read,key_800,1.87,true,false,2483
2025-11-27T16:12:54.879923-08:00,read,key_524,2.20,true,false,3502
2025-11-27T16:12:54.891056-08:00,read,key_239,1.61,true,false,3864
2025-11-27T16:12:54.902259-08:00,read,key_530,2.05,true,false,3385
2025-11-27T16:12:54.913434-08:00,read,key_595,1.68,true,false,4464
2025-11-27T16:12:54.924412-08:00,read,key_154,1.51,true,false,4016
2025-11-27T16:12:54.935609-08:00,read,key_323,1.89,true,false,4532
2025-11-27T16:12:54.946943-08:00,read,key_424,1.75,true,false,3188
2025-11-27T16:12:54.958176-08:00,read,key_87,1.70,true,false,2354
2025-11-27T16:12:54.969417-08:00,read,key_668,2.53,true,false,2536
2025-11-27T16:12:54.980526-08:00,read,key_765,1.56,true,false,1910
2025-11-27T16:12:54.990867-08:00,read,key_247,1.70,true,false,4288
2025-11-27T16:12:55.002049-08:00,read,key_662,3.30,true,false,2654
2025-11-27T16:12:55.013203-08:00,read,key_83,1.68,true,false,1839
2025-11-27T16:12:55.024417-08:00,read,key_813,1.87,true,false,4255
2025-11-27T16:12:55.035633-08:00,read,key_433,1.99,true,false,3803
2025-11-27T16:12:55.046896-08:00,read,key_522,1.66,true,false,2374
2025-11-27T16:12:55.058123-08:00,read,key_810,1.72,true,false,3082
2025-11-27T16:12:55.069206-08:00,read,key_864,1.96,true,false,4260
2025-11-27T16:12:55.080505-08:00,read,key_10,1.57,true,false,2639
2025-11-27T16:12:55.091345-08:00,read,key_749,1.71,true,false,326
2025-11-27T16:12:55.102505-08:00,read,key_188,2.15,true,false,4400
2025-11-27T16:12:55.113657-08:00,read,key_476,1.60,true,false,4394
2025-11-27T16:12:55.124858-08:00,read,key_988,1.84,true,false,3044
2025-11-27T16:12:55.136206-08:00,read,key_241,2.07,true,false,721
2025-11-27T16:12:55.147376-08:00,read,key_960,1.61,true,false,4127
2025-11-27T16:12:55.158577-08:00,read,key_632,2.00,true,false,3999
2025-11-27T16:12:55.169693-08:00,read,key_65,2.11,true,false,413
2025-11-27T16:12:55.180989-08:00,read,key_647,1.77,true,false,3723
2025-11-27T16:12:55.192171-08:00,read,key_83,1.92,true,false,1839
2025-11-27T16:12:55.203249-08:00,read,key_209,2.44,true,false,3531
2025-11-27T16:12:55.214373-08:00,read,key_869,1.76,true,false,4150
2025-11-27T16:12:55.225636-08:00,read,key_901,2.13,true,false,2529
2025-11-27T16:12:55.236961-08:00,read,key_518,2.47,true,false,3114
2025-11-27T16:12:55.248097-08:00,read,key_517,1.56,true,false,4156
2025-11-27T16:12:55.259322-08:00,read,key_326,3.79,true,false,3679
2025-11-27T16:12:55.270321-08:00,read,key_19,0.69,true,false,3033
2025-11-27T16:12:55.281616-08:00,read,key_971,0.86,true,false,3149
2025-11-27T16:12:55.292543-08:00,read,key_807,0.72,true,false,3278
2025-11-27T16:12:55.303721-08:00,read,key_639,0.83,true,false,3215
2025-11-27T16:12:55.31491-08:00,read,key_890,1.17,true,false,4397
2025-11-27T16:12:55.32608-08:00,read,key_318,0.77,true,false,4447
2025-11-27T16:12:55.337321-08:00,read,key_659,0.71,true,false,2373
2025-11-27T16:12:55.348474-08:00,read,key_734,0.69,true,false,4011
2025-11-27T16:12:55.35973-08:00,read,key_198,0.78,true,false,2779
2025-11-27T16:12:55.370955-08:00,read,key_745,0.89,true,false,994
2025-11-27T16:12:55.382147-08:00,read,key_126,0.73,true,false,8
2025-11-27T16:12:55.39345-08:00,read,key_959,0.93,true,false,4405
2025-11-27T16:12:55.404612-08:00,read,key_739,2.27,true,false,3556
2025-11-27T16:12:55.41574-08:00,read,key_510,2.42,true,false,1716
2025-11-27T16:12:55.426461-08:00,read,key_136,1.76,true,false,4453
2025-11-27T16:12:55.437644-08:00,read,key_370,1.43,true,false,2150
2025-11-27T16:12:55.448813-08:00,read,key_91,1.68,true,false,3895
2025-11-27T16:12:55.460017-08:00,read,key_342,1.68,true,false,4539
2025-11-27T16:12:55.471229-08:00,read,key_343,2.17,true,false,4408
2025-11-27T16:12:55.481898-08:00,read,key_924,1.94,true,false,4282
2025-11-27T16:12:55.493181-08:00,read,key_688,1.72,true,false,3170
2025-11-27T16:12:55.50369-08:00,read,key_16,1.61,true,false,3889
2025-11-27T16:12:55.514894-08:00,read,key_971,1.89,true,false,3149
2025-11-27T16:12:55.526138-08:00,read,key_344,1.96,true,false,3787
2025-11-27T16:12:55.537349-08:00,read,key_662,1.38,true,false,2654
2025-11-27T16:12:55.548569-08:00,read,key_974,3.00,true,false,4181
2025-11-27T16:12:55.559459-08:00,read,key_962,1.75,true,false,3980
2025-11-27T16:12:55.570706-08:00,read,key_775,1.81,true,false,3520
2025-11-27T16:12:55.581891-08:00,read,key_611,2.22,true,false,904
2025-11-27T16:12:55.593014-08:00,read,key_610,0.84,true,false,402
2025-11-27T16:12:55.603413-08:00,read,key_488,1.59,true,false,4550
2025-11-27T16:12:55.613786-08:00,read,key_233,1.22,true,false,3947
2025-11-27T16:12:55.624989-08:00,read,key_592,1.14,true,false,4322
2025-11-27T16:12:55.636206-08:00,read,key_238,1.88,true,false,4036
2025-11-27T16:12:55.647439-08:00,read,key_202,1.97,true,false,3209
2025-11-27T16:12:55.658412-08:00,read,key_853,1.61,true,false,2207
2025-11-27T16:12:55.669612-08:00,read,key_751,1.96,true,false,4498
2025-11-27T16:12:55.680489-08:00,read,key_771,1.32,true,false,3830
2025-11-27T16:12:55.691732-08:00,read,key_937,2.00,true,false,1206
2025-11-27T16:12:55.702954-08:00,read,key_56,1.92,true,false,4529
2025-11-27T16:12:55.713818-08:00,read,key_402,1.84,true,false,2973
2025-11-27T16:12:55.724024-08:00,read,key_948,1.70,true,false,1158
2025-11-27T16:12:55.735273-08:00,read,key_966,1.77,true,false,3585
2025-11-27T16:12:55.746025-08:00,read,key_675,1.94,true,false,3436
2025-11-27T16:12:55.757308-08:00,read,key_371,2.05,true,false,2503
2025-11-27T16:12:55.768516-08:00,read,key_964,1.74,true,false,4239
2025-11-27T16:12:55.780567-08:00,read,key_814,2.37,true,false,4514
2025-11-27T16:12:55.791158-08:00,read,key_862,1.58,true,false,2924
2025-11-27T16:12:55.80232-08:00,read,key_118,4.11,true,false,4300
2025-11-27T16:12:55.813259-08:00,read,key_671,2.42,true,false,4409
2025-11-27T16:12:55.823665-08:00,read,key_16,1.80,true,false,3889
2025-11-27T16:12:55.834862-08:00,read,key_257,1.64,true,false,3143
2025-11-27T16:12:55.846061-08:00,read,key_22,2.26,true,false,3633
2025-11-27T16:12:55.857252-08:00,read,key_122,2.19,true,false,511
2025-11-27T16:12:55.868375-08:00,read,key_155,0.85,true,false,2123
2025-11-27T16:12:55.879525-08:00,read,key_744,1.97,true,false,1224
2025-11-27T16:12:55.890742-08:00,read,key_539,1.50,false,false,0
2025-11-27T16:12:55.901968-08:00,read,key_665,1.90,true,false,2172
2025-11-27T16:12:55.912452-08:00,read,key_92,2.20,true,false,3360
2025-11-27T16:12:55.92368-08:00,read,key_374,1.60,true,false,2262
2025-11-27T16:12:55.934399-08:00,read,key_510,1.71,true,false,1716
2025-11-27T16:12:55.94538-08:00,read,key_860,2.14,true,false,3732
2025-11-27T16:12:55.956646-08:00,read,key_362,1.68,true,false,4203
2025-11-27T16:12:55.966888-08:00,read,key_962,1.77,true,false,3980
2025-11-27T16:12:55.978062-08:00,read,key_873,1.18,true,false,2160
2025-11-27T16:12:55.989281-08:00,read,key_862,1.06,true,false,2924
2025-11-27T16:12:56.000495-08:00,read,key_374,1.66,true,false,2262
2025-11-27T16:12:56.011671-08:00,read,key_347,2.11,true,false,3747
2025-11-27T16:12:56.022999-08:00,read,key_202,1.77,true,false,3209
2025-11-27T16:12:56.034256-08:00,read,key_555,2.00,true,false,3658
2025-11-27T16:12:56.045498-08:00,read,key_869,2.30,true,false,4150
2025-11-27T16:12:56.056671-08:00,read,key_466,1.67,true,false,2646
2025-11-27T16:12:56.06778-08:00,read,key_222,1.85,true,false,2222
2025-11-27T16:12:56.07897-08:00,read,key_429,2.44,true,false,2637
2025-11-27T16:12:56.090184-08:00,read,key_84,1.80,true,false,4475
2025-11-27T16:12:56.101344-08:00,read,key_428,1.75,true,false,4551
2025-11-27T16:12:56.112607-08:00,read,key_416,2.62,true,false,3912
2025-11-27T16:12:56.123717-08:00,read,key_871,1.72,true,false,4299
2025-11-27T16:12:56.134919-08:00,read,key_136,1.54,true,false,4453
2025-11-27T16:12:56.146227-08:00,read,key_217,2.33,true,false,4445
2025-11-27T16:12:56.157335-08:00,read,key_23,2.32,true,false,3751
2025-11-27T16:12:56.168455-08:00,read,key_519,1.66,true,false,2411
2025-11-27T16:12:56.179743-08:00,read,key_788,1.74,true,false,1890
2025-11-27T16:12:56.190895-08:00,read,key_372,1.52,true,false,3518
2025-11-27T16:12:56.202048-08:00,read,key_89,2.18,true,false,902
2025-11-27T16:12:56.213251-08:00,read,key_112,1.77,true,false,4135
2025-11-27T16:12:56.224488-08:00,read,key_47,1.70,true,false,1908
2025-11-27T16:12:56.235702-08:00,read,key_168,2.52,true,false,2727
2025-11-27T16:12:56.246739-08:00,read,key_975,1.58,true,false,1565
2025-11-27T16:12:56.25795-08:00,read,key_320,1.58,true,false,4536
2025-11-27T16:12:56.268736-08:00,read,key_36,2.44,true,false,3361
2025-11-27T16:12:56.279668-08:00,read,key_665,1.00,true,false,2172
2025-11-27T16:12:56.29094-08:00,read,key_19,1.68,true,false,3033
2025-11-27T16:12:56.302249-08:00,read,key_53,2.16,true,false,4273
2025-11-27T16:12:56.313505-08:00,read,key_163,2.01,true,false,4505
2025-11-27T16:12:56.324705-08:00,read,key_523,1.82,true,false,1989
2025-11-27T16:12:56.336018-08:00,read,key_409,2.19,true,false,2425
2025-11-27T16:12:56.347136-08:00,read,key_502,1.78,true,false,2191
2025-11-27T16:12:56.358353-08:00,read,key_543,1.93,true,false,4184
2025-11-27T16:12:56.368797-08:00,read,key_179,2.79,true,false,2008
2025-11-27T16:12:56.379919-08:00,read,key_168,1.54,true,false,2727
2025-11-27T16:12:56.39062-08:00,read,key_474,1.53,true,false,3781
2025-11-27T16:12:56.401812-08:00,read,key_426,2.14,true,false,3365
2025-11-27T16:12:56.413-08:00,read,key_159,2.11,true,false,3373
2025-11-27T16:12:56.424278-08:00,read,key_903,2.04,true,false,4244
2025-11-27T16:12:56.435577-08:00,read,key_977,2.32,true,false,4369
2025-11-27T16:12:56.446731-08:00,read,key_378,1.49,true,false,2139
2025-11-27T16:12:56.457949-08:00,read,key_130,1.49,true,false,4307
2025-11-27T16:12:56.469153-08:00,read,key_343,1.94,true,false,4408
2025-11-27T16:12:56.480431-08:00,read,key_109,1.83,true,false,1103
2025-11-27T16:12:56.491805-08:00,read,key_742,2.47,true,false,914
2025-11-27T16:12:56.502905-08:00,read,key_299,1.67,true,false,4113
2025-11-27T16:12:56.513735-08:00,read,key_401,1.89,true,false,2800
2025-11-27T16:12:56.524965-08:00,read,key_740,2.34,true,false,4519
2025-11-27T16:12:56.536177-08:00,read,key_291,1.83,true,false,4223
2025-11-27T16:12:56.547241-08:00,read,key_630,1.98,true,false,3815
2025-11-27T16:12:56.557737-08:00,read,key_502,3.38,true,false,2191
2025-11-27T16:12:56.56885-08:00,read,key_176,2.05,true,false,4284
2025-11-27T16:12:56.580142-08:00,read,key_908,1.85,true,false,2331
2025-11-27T16:12:56.591373-08:00,read,key_48,2.27,true,false,1315
2025-11-27T16:12:56.602536-08:00,read,key_205,1.68,true,false,2814
2025-11-27T16:12:56.613922-08:00,read,key_84,2.44,true,false,4475
2025-11-27T16:12:56.625122-08:00,read,key_142,2.30,true,false,1304
2025-11-27T16:12:56.636271-08:00,read,key_867,1.78,true,false,4020
2025-11-27T16:12:56.647492-08:00,read,key_149,1.69,true,false,1326
2025-11-27T16:12:56.658905-08:00,read,key_279,2.09,true,false,2236
2025-11-27T16:12:56.670151-08:00,read,key_188,1.84,true,false,4400
2025-11-27T16:12:56.681375-08:00,read,key_262,1.97,true,false,3071
2025-11-27T16:12:56.692542-08:00,read,key_908,1.11,true,false,2331
2025-11-27T16:12:56.703741-08:00,read,key_51,1.08,true,false,4224
2025-11-27T16:12:56.715026-08:00,read,key_739,2.19,true,false,3556
2025-11-27T16:12:56.726196-08:00,read,key_819,1.68,true,false,4543
2025-11-27T16:12:56.739468-08:00,read,key_226,7.39,true,false,1746
2025-11-27T16:12:56.750166-08:00,read,key_124,3.75,true,false,4218
2025-11-27T16:12:56.760564-08:00,read,key_930,1.68,true,false,3779
2025-11-27T16:12:56.771846-08:00,read,key_594,2.38,true,false,3906
2025-11-27T16:12:56.78304-08:00,read,key_226,1.78,true,false,1746
2025-11-27T16:12:56.794197-08:00,read,key_593,1.55,true,false,3468
2025-11-27T16:12:56.805385-08:00,read,key_717,1.66,true,false,2464
2025-11-27T16:12:56.815795-08:00,read,key_757,1.96,true,false,4549
2025-11-27T16:12:56.82694-08:00,read,key_548,1.61,true,false,4316
2025-11-27T16:12:56.837406-08:00,read,key_913,1.69,true,false,2283
2025-11-27T16:12:56.847924-08:00,read,key_753,2.14,true,false,4242
2025-11-27T16:12:56.859098-08:00,read,key_29,1.68,true,false,3496
2025-11-27T16:12:56.870355-08:00,read,key_131,2.02,true,false,4554
2025-11-27T16:12:56.881607-08:00,read,key_122,2.34,true,false,511
2025-11-27T16:12:56.892836-08:00,read,key_648,2.69,true,false,83
2025-11-27T16:12:56.903169-08:00,read,key_464,1.70,true,false,2330
2025-11-27T16:12:56.914216-08:00,read,key_117,2.09,true,false,4415
2025-11-27T16:12:56.92543-08:00,read,key_681,1.79,true,false,3325
2025-11-27T16:12:56.936594-08:00,read,key_871,1.73,true,false,4299
2025-11-27T16:12:56.947624-08:00,read,key_166,2.00,true,false,3917
2025-11-27T16:12:56.958804-08:00,read,key_416,1.14,true,false,3912
2025-11-27T16:12:56.970029-08:00,read,key_109,2.20,true,false,1103
2025-11-27T16:12:56.981093-08:00,read,key_236,3.25,true,false,3856
2025-11-27T16:12:56.992131-08:00,read,key_128,1.71,true,false,3418
2025-11-27T16:12:57.003373-08:00,read,key_751,1.87,true,false,4498
2025-11-27T16:12:57.013825-08:00,read,key_744,2.09,true,false,1224
2025-11-27T16:12:57.025092-08:00,read,key_418,1.95,true,false,1899
2025-11-27T16:12:57.036293-08:00,read,key_565,1.97,true,false,3619
2025-11-27T16:12:57.047348-08:00,read,key_866,2.39,true,false,2893
2025-11-27T16:12:57.057957-08:00,read,key_15,1.80,true,false,3413
2025-11-27T16:12:57.069128-08:00,read,key_436,1.06,true,false,4309
2025-11-27T16:12:57.080775-08:00,read,key_755,1.35,true,false,4545
2025-11-27T16:12:57.091794-08:00,read,key_618,1.10,true,false,1605
2025-11-27T16:12:57.102994-08:00,read,key_632,1.11,true,false,3999
2025-11-27T16:12:57.11358-08:00,read,key_101,1.44,true,false,1583
2025-11-27T16:12:57.124848-08:00,read,key_702,1.82,true,false,2355
2025-11-27T16:12:57.136032-08:00,read,key_549,1.24,true,false,4197
2025-11-27T16:12:57.147131-08:00,read,key_974,1.93,true,false,4181
2025-11-27T16:12:57.158357-08:00,read,key_384,1.71,true,false,167
2025-11-27T16:12:57.168934-08:00,read,key_539,1.63,false,false,0
2025-11-27T16:12:57.180151-08:00,read,key_420,2.63,true,false,3140
2025-11-27T16:12:57.190548-08:00,read,key_650,1.56,true,false,2420
2025-11-27T16:12:57.201765-08:00,read,key_818,1.15,true,false,3312
2025-11-27T16:12:57.213002-08:00,read,key_18,2.28,true,false,2742
2025-11-27T16:12:57.224155-08:00,read,key_988,0.89,true,false,3044
2025-11-27T16:12:57.235414-08:00,read,key_959,1.57,true,false,4405
2025-11-27T16:12:57.246591-08:00,read,key_203,1.54,true,false,3491
2025-11-27T16:12:57.257777-08:00,read,key_684,1.80,true,false,2443
2025-11-27T16:12:57.268994-08:00,read,key_86,2.01,true,false,2131
2025-11-27T16:12:57.280253-08:00,read,key_191,2.03,true,false,521
2025-11-27T16:12:57.29136-08:00,read,key_574,1.33,true,false,4004
2025-11-27T16:12:57.302522-08:00,read,key_890,1.88,true,false,4397
2025-11-27T16:12:57.313689-08:00,read,key_86,1.67,true,false,2131
2025-11-27T16:12:57.324844-08:00,read,key_877,1.56,true,false,3979
2025-11-27T16:12:57.336057-08:00,read,key_878,3.37,true,false,4440
2025-11-27T16:12:57.347058-08:00,read,key_951,1.87,true,false,4527
2025-11-27T16:12:57.358312-08:00,read,key_290,1.78,true,false,3806
2025-11-27T16:12:57.369427-08:00,read,key_147,1.09,true,false,900
2025-11-27T16:12:57.380715-08:00,read,key_612,1.67,true,false,695
2025-11-27T16:12:57.391928-08:00,read,key_167,1.66,false,false,0
2025-11-27T16:12:57.403172-08:00,read,key_440,2.10,true,false,2505
2025-11-27T16:12:57.41419-08:00,read,key_203,1.69,true,false,3491
2025-11-27T16:12:57.425373-08:00,read,key_64,1.59,true,false,4012
2025-11-27T16:12:57.43662-08:00,read,key_155,2.11,true,false,2123
2025-11-27T16:12:57.447193-08:00,read,key_911,1.49,true,false,909
2025-11-27T16:12:57.458412-08:00,read,key_636,1.77,true,false,3837
2025-11-27T16:12:57.469523-08:00,read,key_48,2.17,true,false,1315
2025-11-27T16:12:57.480565-08:00,read,key_723,1.49,true,false,1245
2025-11-27T16:12:57.491826-08:00,read,key_746,1.86,true,false,1903
2025-11-27T16:12:57.502672-08:00,read,key_389,2.41,true,false,3817
2025-11-27T16:12:57.513832-08:00,read,key_756,1.59,true,false,4226
2025-11-27T16:12:57.525022-08:00,read,key_312,1.65,true,false,933
2025-11-27T16:12:57.53568-08:00,read,key_211,2.85,false,false,0
2025-11-27T16:12:57.546802-08:00,read,key_38,1.44,true,false,3160
2025-11-27T16:12:57.557944-08:00,read,key_426,1.55,true,false,3365
2025-11-27T16:12:57.569158-08:00,read,key_40,2.74,true,false,2269
2025-11-27T16:12:57.580376-08:00,read,key_537,1.71,true,false,4437
2025-11-27T16:12:57.591225-08:00,read,key_124,1.90,true,false,4218
2025-11-27T16:12:57.601752-08:00,read,key_428,2.24,true,false,4551
2025-11-27T16:12:57.612438-08:00,read,key_402,2.01,true,false,2973
2025-11-27T16:12:57.623104-08:00,read,key_567,2.13,true,false,3668
2025-11-27T16:12:57.634085-08:00,read,key_46,2.41,true,false,2186
2025-11-27T16:12:57.645231-08:00,read,key_843,1.76,true,false,505
2025-11-27T16:12:57.656405-08:00,read,key_503,1.64,true,false,3249
2025-11-27T16:12:57.666951-08:00,read,key_543,0.94,true,false,4184
2025-11-27T16:12:57.677645-08:00,read,key_40,1.75,true,false,2269
2025-11-27T16:12:57.688578-08:00,read,key_987,1.47,true,false,2519
2025-11-27T16:12:57.699852-08:00,read,key_875,2.59,true,false,3618
2025-11-27T16:12:57.710949-08:00,read,key_768,1.58,true,false,4022
2025-11-27T16:12:57.721814-08:00,read,key_93,0.87,true,false,4336
2025-11-27T16:12:57.733001-08:00,read,key_242,2.18,true,false,3597
2025-11-27T16:12:57.744265-08:00,read,key_503,1.79,true,false,3249
2025-11-27T16:12:57.755459-08:00,read,key_247,1.57,true,false,4288
2025-11-27T16:12:57.766794-08:00,read,key_848,2.05,false,false,0
2025-11-27T16:12:57.777951-08:00,read,key_83,1.59,true,false,1839
2025-11-27T16:12:57.789135-08:00,read,key_111,1.54,true,false,4187
2025-11-27T16:12:57.799568-08:00,read,key_277,2.09,true,false,440
2025-11-27T16:12:57.81071-08:00,read,key_960,1.55,true,false,4127
2025-11-27T16:12:57.821318-08:00,read,key_159,1.65,true,false,3373
2025-11-27T16:12:57.832491-08:00,read,key_488,1.76,true,false,4550
2025-11-27T16:12:57.843094-08:00,read,key_98,1.73,true,false,4348
2025-11-27T16:12:57.854232-08:00,read,key_511,0.89,true,false,3963
2025-11-27T16:12:57.865441-08:00,read,key_803,2.35,true,false,2058
2025-11-27T16:12:57.876697-08:00,read,key_80,1.66,true,false,3214
2025-11-27T16:12:57.887905-08:00,read,key_616,1.74,true,false,3564
2025-11-27T16:12:57.89923-08:00,read,key_771,1.19,true,false,3830
2025-11-27T16:12:57.910538-08:00,read,key_90,1.81,true,false,2915
2025-11-27T16:12:57.921829-08:00,read,key_66,1.68,true,false,3939
2025-11-27T16:12:57.933086-08:00,read,key_15,2.07,true,false,3413
2025-11-27T16:12:57.943902-08:00,read,key_761,1.50,true,false,2199
2025-11-27T16:12:57.955137-08:00,read,key_978,1.63,true,false,3014
2025-11-27T16:12:57.966383-08:00,read,key_394,2.03,true,false,4227
2025-11-27T16:12:57.977449-08:00,read,key_889,1.59,true,false,2565
2025-11-27T16:12:57.988763-08:00,read,key_680,2.09,true,false,2773
2025-11-27T16:12:57.999201-08:00,read,key_388,2.19,true,false,4371
2025-11-27T16:12:58.010361-08:00,read,key_145,0.97,true,false,2674
2025-11-27T16:12:58.02167-08:00,read,key_168,1.80,true,false,2727
2025-11-27T16:12:58.032852-08:00,read,key_514,1.71,true,false,3230
2025-11-27T16:12:58.044072-08:00,read,key_645,1.82,true,false,2985
2025-11-27T16:12:58.055275-08:00,read,key_554,1.88,true,false,333
2025-11-27T16:12:58.066216-08:00,read,key_877,1.13,true,false,3979
2025-11-27T16:12:58.077399-08:00,read,key_412,1.74,true,false,4391
2025-11-27T16:12:58.088668-08:00,read,key_733,1.85,true,false,286
2025-11-27T16:12:58.099939-08:00,read,key_592,1.69,true,false,4322
2025-11-27T16:12:58.111161-08:00,read,key_659,1.77,true,false,2373
2025-11-27T16:12:58.122123-08:00,read,key_656,1.28,true,false,4350
2025-11-27T16:12:58.132727-08:00,read,key_816,1.92,true,false,4209
2025-11-27T16:12:58.143952-08:00,read,key_347,1.74,true,false,3747
2025-11-27T16:12:58.155148-08:00,read,key_845,1.14,true,false,3716
2025-11-27T16:12:58.166282-08:00,read,key_238,1.21,true,false,4036
2025-11-27T16:12:58.177443-08:00,read,key_594,1.77,true,false,3906
2025-11-27T16:12:58.188607-08:00,read,key_260,2.48,true,false,2532
2025-11-27T16:12:58.199731-08:00,read,key_130,2.36,true,false,4307
2025-11-27T16:12:58.210842-08:00,read,key_189,1.43,true,false,4508
2025-11-27T16:12:58.222154-08:00,read,key_810,2.28,true,false,3082
2025-11-27T16:12:58.233267-08:00,read,key_101,1.85,true,false,1583
2025-11-27T16:12:58.244413-08:00,read,key_130,1.63,true,false,4307
2025-11-27T16:12:58.255657-08:00,read,key_123,1.97,true,false,2161
2025-11-27T16:12:58.266909-08:00,read,key_345,1.66,true,false,4210
2025-11-27T16:12:58.278071-08:00,read,key_514,1.56,true,false,3230
2025-11-27T16:12:58.289293-08:00,read,key_787,1.79,true,false,4122
2025-11-27T16:12:58.300486-08:00,read,key_606,1.61,false,false,0
2025-11-27T16:12:58.311632-08:00,read,key_213,1.05,true,false,4424
2025-11-27T16:12:58.322207-08:00,read,key_128,2.12,true,false,3418
2025-11-27T16:12:58.333482-08:00,read,key_513,1.68,true,false,3257
2025-11-27T16:12:58.34468-08:00,read,key_103,1.81,true,false,1546
2025-11-27T16:12:58.355571-08:00,read,key_41,1.95,true,false,2528
2025-11-27T16:12:58.366761-08:00,read,key_207,1.78,true,false,4417
2025-11-27T16:12:58.377999-08:00,read,key_152,1.74,true,false,2258
2025-11-27T16:12:58.388477-08:00,read,key_785,1.93,true,false,3946
2025-11-27T16:12:58.399649-08:00,read,key_811,1.57,true,false,4396
2025-11-27T16:12:58.410864-08:00,read,key_545,1.46,true,false,2255
2025-11-27T16:12:58.422096-08:00,read,key_13,1.72,true,false,3101
2025-11-27T16:12:58.433251-08:00,read,key_204,0.79,true,false,3652
2025-11-27T16:12:58.444506-08:00,read,key_664,2.01,true,false,2629
2025-11-27T16:12:58.45567-08:00,read,key_321,1.55,true,false,4293
2025-11-27T16:12:58.466903-08:00,read,key_560,1.68,true,false,3599
2025-11-27T16:12:58.478108-08:00,read,key_762,2.95,true,false,1117
2025-11-27T16:12:58.489253-08:00,read,key_861,1.55,true,false,769
2025-11-27T16:12:58.500489-08:00,read,key_402,0.79,true,false,2973
2025-11-27T16:12:58.511699-08:00,read,key_294,1.09,true,false,3066
2025-11-27T16:12:58.522959-08:00,read,key_523,1.51,true,false,1989
2025-11-27T16:12:58.534542-08:00,read,key_683,1.59,true,false,3210
2025-11-27T16:12:58.545755-08:00,read,key_796,2.20,true,false,4496
2025-11-27T16:12:58.556969-08:00,read,key_852,1.86,true,false,2410
2025-11-27T16:12:58.568143-08:00,read,key_397,1.78,true,false,4072
2025-11-27T16:12:58.579345-08:00,read,key_722,2.61,true,false,4098
2025-11-27T16:12:58.590489-08:00,read,key_486,1.72,false,false,0
2025-11-27T16:12:58.601621-08:00,read,key_789,3.20,true,false,4518
2025-11-27T16:12:58.612709-08:00,read,key_155,1.92,true,false,2123
2025-11-27T16:12:58.62393-08:00,read,key_191,1.78,true,false,521
2025-11-27T16:12:58.635145-08:00,read,key_865,2.07,true,false,2435
2025-11-27T16:12:58.645861-08:00,read,key_161,1.82,true,false,4376
2025-11-27T16:12:58.657066-08:00,read,key_19,1.80,true,false,3033
2025-11-27T16:12:58.66827-08:00,read,key_468,2.00,true,false,4469
2025-11-27T16:12:58.67898-08:00,read,key_202,2.08,true,false,3209
2025-11-27T16:12:58.690117-08:00,read,key_650,1.10,true,false,2420
2025-11-27T16:12:58.701359-08:00,read,key_550,1.83,true,false,3447
2025-11-27T16:12:58.712846-08:00,read,key_39,1.87,true,false,4414
2025-11-27T16:12:58.724039-08:00,read,key_410,1.73,true,false,2767
2025-11-27T16:12:58.735238-08:00,read,key_848,2.33,false,false,0
2025-11-27T16:12:58.746406-08:00,read,key_159,1.62,true,false,3373
2025-11-27T16:12:58.757567-08:00,read,key_103,1.51,true,false,1546
2025-11-27T16:12:58.768711-08:00,read,key_267,1.87,true,false,4023
2025-11-27T16:12:58.779767-08:00,read,key_548,2.15,true,false,4316
2025-11-27T16:12:58.790937-08:00,read,key_108,1.56,true,false,4474
2025-11-27T16:12:58.802035-08:00,read,key_135,1.91,true,false,4402
2025-11-27T16:12:58.813122-08:00,read,key_140,1.74,true,false,3072
2025-11-27T16:12:58.824015-08:00,read,key_610,1.60,true,false,402
2025-11-27T16:12:58.835121-08:00,read,key_22,2.75,true,false,3633
2025-11-27T16:12:58.846205-08:00,read,key_148,1.72,true,false,4169
2025-11-27T16:12:58.856609-08:00,read,key_139,1.71,true,false,4158
2025-11-27T16:12:58.86701-08:00,read,key_54,2.08,true,false,4535
2025-11-27T16:12:58.878247-08:00,read,key_670,1.52,true,false,3313
2025-11-27T16:12:58.889463-08:00,read,key_656,1.95,true,false,4350
