timestamp,type,key,latency_ms,success,is_stale,version
2025-11-27T21:23:38.3819-08:00,read,key_695,6.13,true,false,989
2025-11-27T21:23:38.392426-08:00,read,key_974,2.86,true,false,1521
2025-11-27T21:23:38.403341-08:00,read,key_693,1.41,true,false,1048
2025-11-27T21:23:38.414418-08:00,read,key_978,1.26,true,false,1463
2025-11-27T21:23:38.425474-08:00,read,key_978,3.82,true,false,1463
2025-11-27T21:23:38.43633-08:00,read,key_977,1.28,true,false,821
2025-11-27T21:23:38.447372-08:00,read,key_690,3.86,true,false,1171
2025-11-27T21:23:38.458193-08:00,read,key_690,2.06,true,false,1171
2025-11-27T21:23:38.469246-08:00,read,key_978,3.80,true,false,1463
2025-11-27T21:23:38.480068-08:00,read,key_971,1.09,true,false,1092
2025-11-27T21:23:38.491133-08:00,read,key_105,1.78,true,false,864
2025-11-27T21:23:38.502199-08:00,read,key_974,1.52,true,false,1521
2025-11-27T21:23:38.513274-08:00,read,key_696,1.04,true,false,1540
2025-11-27T21:23:38.524322-08:00,read,key_692,1.87,true,false,515
2025-11-27T21:23:38.535385-08:00,read,key_100,1.84,true,false,1167
2025-11-27T21:23:38.546553-08:00,read,key_697,1.79,true,false,1216
2025-11-27T21:23:38.556842-08:00,read,key_972,1.45,true,false,1198
2025-11-27T21:23:38.567973-08:00,read,key_972,1.66,true,false,1198
2025-11-27T21:23:38.578289-08:00,read,key_257,1.39,true,false,1539
2025-11-27T21:23:38.5889-08:00,read,key_972,2.46,true,false,1198
2025-11-27T21:23:38.599895-08:00,read,key_104,1.97,true,false,860
2025-11-27T21:23:38.611022-08:00,read,key_106,2.40,true,false,1437
2025-11-27T21:23:38.622107-08:00,read,key_251,3.05,true,false,1523
2025-11-27T21:23:38.63304-08:00,read,key_252,1.69,true,false,1525
2025-11-27T21:23:38.644109-08:00,read,key_696,2.19,true,false,1540
2025-11-27T21:23:38.655147-08:00,read,key_100,1.26,true,false,1167
2025-11-27T21:23:38.665449-08:00,read,key_250,1.45,true,false,1378
2025-11-27T21:23:38.67652-08:00,read,key_102,1.00,true,false,770
2025-11-27T21:23:38.687613-08:00,read,key_252,0.96,true,false,1525
2025-11-27T21:23:38.698702-08:00,read,key_256,2.03,true,false,1495
2025-11-27T21:23:38.709837-08:00,read,key_103,1.96,true,false,776
2025-11-27T21:23:38.720957-08:00,read,key_695,1.41,true,false,989
2025-11-27T21:23:38.731381-08:00,read,key_100,1.96,true,false,1167
2025-11-27T21:23:38.742498-08:00,read,key_400,1.77,true,false,1373
2025-11-27T21:23:38.753312-08:00,read,key_488,1.78,true,false,1232
2025-11-27T21:23:38.764391-08:00,read,key_973,1.60,true,false,1246
2025-11-27T21:23:38.77548-08:00,read,key_258,1.41,true,false,1563
2025-11-27T21:23:38.797664-08:00,read,key_693,1.78,true,false,1048
2025-11-27T21:23:38.808724-08:00,read,key_109,1.57,true,false,132
2025-11-27T21:23:38.819823-08:00,read,key_251,1.82,true,false,1523
2025-11-27T21:23:38.830105-08:00,read,key_109,1.56,true,false,132
2025-11-27T21:23:38.840347-08:00,read,key_101,1.29,true,false,822
2025-11-27T21:23:38.851458-08:00,read,key_693,1.83,true,false,1048
2025-11-27T21:23:38.862589-08:00,read,key_482,3.60,true,false,1226
2025-11-27T21:23:38.873504-08:00,read,key_485,1.64,true,false,1219
2025-11-27T21:23:38.884597-08:00,read,key_259,1.76,true,false,1364
2025-11-27T21:23:38.895174-08:00,read,key_979,1.75,true,false,1579
2025-11-27T21:23:38.905646-08:00,read,key_401,1.43,true,false,1410
2025-11-27T21:23:38.916717-08:00,read,key_481,1.60,true,false,1521
2025-11-27T21:23:38.927813-08:00,read,key_146,1.54,true,false,1125
2025-11-27T21:23:38.937983-08:00,read,key_486,1.46,true,false,1362
2025-11-27T21:23:38.949134-08:00,read,key_971,1.56,true,false,1092
2025-11-27T21:23:38.959263-08:00,read,key_259,1.49,true,false,1364
2025-11-27T21:23:38.970332-08:00,read,key_146,0.98,true,false,1125
2025-11-27T21:23:38.981429-08:00,read,key_323,1.29,true,false,840
2025-11-27T21:23:38.992488-08:00,read,key_149,2.89,true,false,1364
2025-11-27T21:23:39.003455-08:00,read,key_977,1.55,true,false,821
2025-11-27T21:23:39.014335-08:00,read,key_698,1.05,true,false,1538
2025-11-27T21:23:39.024598-08:00,read,key_976,1.51,true,false,1371
2025-11-27T21:23:39.035671-08:00,read,key_112,1.73,true,false,1366
2025-11-27T21:23:39.046725-08:00,read,key_115,1.29,true,false,1392
2025-11-27T21:23:39.05778-08:00,read,key_489,1.51,true,false,1390
2025-11-27T21:23:39.068852-08:00,read,key_415,1.26,true,false,1488
2025-11-27T21:23:39.079939-08:00,read,key_405,1.02,true,false,1545
2025-11-27T21:23:39.091006-08:00,read,key_950,0.92,true,false,1085
2025-11-27T21:23:38.786551-08:00,write,key_979,314.38,true,false,1579
2025-11-27T21:23:39.101073-08:00,read,key_554,0.82,true,false,1219
2025-11-27T21:23:39.112114-08:00,read,key_104,0.95,true,false,860
2025-11-27T21:23:39.123166-08:00,read,key_403,0.93,true,false,1000
2025-11-27T21:23:39.134288-08:00,read,key_102,0.93,true,false,770
2025-11-27T21:23:39.145223-08:00,read,key_142,1.95,true,false,1123
2025-11-27T21:23:39.155442-08:00,read,key_141,1.85,true,false,656
2025-11-27T21:23:39.166572-08:00,read,key_256,2.10,true,false,1495
2025-11-27T21:23:39.177671-08:00,read,key_550,1.31,true,false,697
2025-11-27T21:23:39.18858-08:00,read,key_407,1.86,true,false,1335
2025-11-27T21:23:39.199679-08:00,read,key_693,1.85,true,false,1048
2025-11-27T21:23:39.210808-08:00,read,key_250,1.49,true,false,1378
2025-11-27T21:23:39.221875-08:00,read,key_327,1.49,true,false,1474
2025-11-27T21:23:39.232961-08:00,read,key_480,1.60,true,false,1196
2025-11-27T21:23:39.244052-08:00,read,key_970,1.54,true,false,1453
2025-11-27T21:23:39.255-08:00,read,key_170,1.45,true,false,852
2025-11-27T21:23:39.266127-08:00,read,key_52,1.77,true,false,1398
2025-11-27T21:23:39.276667-08:00,read,key_959,1.23,true,false,1512
2025-11-27T21:23:39.287467-08:00,read,key_170,1.36,true,false,852
2025-11-27T21:23:39.298192-08:00,read,key_323,1.43,true,false,840
2025-11-27T21:23:39.309302-08:00,read,key_179,1.68,true,false,834
2025-11-27T21:23:39.320357-08:00,read,key_413,1.74,true,false,1560
2025-11-27T21:23:39.331476-08:00,read,key_147,1.39,true,false,1431
2025-11-27T21:23:39.342582-08:00,read,key_250,1.64,true,false,1378
2025-11-27T21:23:39.353695-08:00,read,key_112,1.89,true,false,1366
2025-11-27T21:23:39.364809-08:00,read,key_179,1.60,true,false,834
2025-11-27T21:23:39.375411-08:00,read,key_8,1.48,true,false,1332
2025-11-27T21:23:39.386508-08:00,read,key_252,1.48,true,false,1525
2025-11-27T21:23:39.397607-08:00,read,key_110,1.52,true,false,1370
2025-11-27T21:23:39.408663-08:00,read,key_696,1.48,true,false,1540
2025-11-27T21:23:39.422366-08:00,read,key_501,2.05,true,false,1551
2025-11-27T21:23:39.433227-08:00,read,key_252,1.51,true,false,1525
2025-11-27T21:23:39.444303-08:00,read,key_540,1.21,true,false,839
2025-11-27T21:23:39.455416-08:00,read,key_503,1.29,true,false,1556
2025-11-27T21:23:39.466544-08:00,read,key_105,1.14,true,false,864
2025-11-27T21:23:39.477697-08:00,read,key_107,1.26,true,false,1435
2025-11-27T21:23:39.488752-08:00,read,key_692,0.71,true,false,515
2025-11-27T21:23:39.499848-08:00,read,key_65,1.41,false,false,0
2025-11-27T21:23:39.51093-08:00,read,key_405,1.27,true,false,1545
2025-11-27T21:23:39.521697-08:00,read,key_481,1.03,true,false,1521
2025-11-27T21:23:39.531745-08:00,read,key_100,1.39,true,false,1167
2025-11-27T21:23:39.542057-08:00,read,key_400,1.22,true,false,1373
2025-11-27T21:23:39.552965-08:00,read,key_105,1.56,true,false,864
2025-11-27T21:23:39.564008-08:00,read,key_51,1.36,true,false,1250
2025-11-27T21:23:39.575072-08:00,read,key_699,1.12,true,false,1479
2025-11-27T21:23:39.586113-08:00,read,key_104,1.25,true,false,860
2025-11-27T21:23:39.596654-08:00,read,key_404,1.43,true,false,1171
2025-11-27T21:23:39.607722-08:00,read,key_5,1.80,true,false,163
2025-11-27T21:23:39.618791-08:00,read,key_53,1.62,true,false,1535
2025-11-27T21:23:39.629069-08:00,read,key_101,1.09,true,false,822
2025-11-27T21:23:39.640137-08:00,read,key_400,1.64,true,false,1373
2025-11-27T21:23:39.651194-08:00,read,key_115,1.58,true,false,1392
2025-11-27T21:23:39.662252-08:00,read,key_142,1.23,true,false,1123
2025-11-27T21:23:39.672998-08:00,read,key_148,1.90,true,false,1072
2025-11-27T21:23:39.684055-08:00,read,key_170,1.51,true,false,852
2025-11-27T21:23:39.695124-08:00,read,key_502,1.47,true,false,1569
2025-11-27T21:23:39.706185-08:00,read,key_874,1.75,true,false,1531
2025-11-27T21:23:39.717243-08:00,read,key_35,1.47,true,false,1509
2025-11-27T21:23:39.728383-08:00,read,key_38,2.76,true,false,1532
2025-11-27T21:23:39.739556-08:00,read,key_277,2.05,true,false,154
2025-11-27T21:23:39.750652-08:00,read,key_115,1.98,true,false,1392
2025-11-27T21:23:39.761002-08:00,read,key_259,2.41,true,false,1364
2025-11-27T21:23:39.77175-08:00,read,key_501,2.61,true,false,1551
2025-11-27T21:23:39.782-08:00,read,key_23,1.86,true,false,1305
2025-11-27T21:23:39.793106-08:00,read,key_871,1.95,true,false,1327
2025-11-27T21:23:39.804348-08:00,read,key_35,2.33,true,false,1509
2025-11-27T21:23:39.815359-08:00,read,key_871,1.48,true,false,1327
2025-11-27T21:23:39.826214-08:00,read,key_418,1.64,false,false,0
2025-11-27T21:23:39.837029-08:00,read,key_321,2.56,true,false,504
2025-11-27T21:23:39.848161-08:00,read,key_957,1.47,true,false,1311
2025-11-27T21:23:39.859231-08:00,read,key_195,1.46,true,false,1068
2025-11-27T21:23:39.869772-08:00,read,key_106,1.61,true,false,1437
2025-11-27T21:23:39.880874-08:00,read,key_50,1.62,true,false,817
2025-11-27T21:23:39.891628-08:00,read,key_821,1.70,true,false,855
2025-11-27T21:23:39.902713-08:00,read,key_59,1.86,true,false,1479
2025-11-27T21:23:39.914477-08:00,read,key_973,2.48,true,false,1246
2025-11-27T21:23:39.925574-08:00,read,key_850,1.67,true,false,1514
2025-11-27T21:23:39.936654-08:00,read,key_698,1.61,true,false,1538
2025-11-27T21:23:39.947729-08:00,read,key_283,1.13,true,false,1534
2025-11-27T21:23:39.958797-08:00,read,key_406,1.29,true,false,1137
2025-11-27T21:23:39.969843-08:00,read,key_329,1.20,true,false,683
2025-11-27T21:23:39.980542-08:00,read,key_38,1.19,true,false,1532
2025-11-27T21:23:39.991619-08:00,read,key_178,1.41,false,false,0
2025-11-27T21:23:40.002681-08:00,read,key_586,1.64,true,false,1085
2025-11-27T21:23:40.013737-08:00,read,key_272,1.30,true,false,173
2025-11-27T21:23:40.024801-08:00,read,key_503,1.39,true,false,1556
2025-11-27T21:23:40.035669-08:00,read,key_53,1.70,true,false,1535
2025-11-27T21:23:40.046507-08:00,read,key_106,1.51,true,false,1437
2025-11-27T21:23:40.057599-08:00,read,key_483,1.77,true,false,1539
2025-11-27T21:23:40.068659-08:00,read,key_145,1.26,true,false,1075
2025-11-27T21:23:40.079728-08:00,read,key_498,1.07,true,false,1064
2025-11-27T21:23:40.090798-08:00,read,key_26,1.63,true,false,1338
2025-11-27T21:23:40.101859-08:00,read,key_170,1.65,true,false,852
2025-11-27T21:23:40.112929-08:00,read,key_102,1.21,true,false,770
2025-11-27T21:23:40.123992-08:00,read,key_502,1.46,true,false,1569
2025-11-27T21:23:40.135108-08:00,read,key_112,1.62,true,false,1366
2025-11-27T21:23:40.145434-08:00,read,key_887,2.91,true,false,1400
2025-11-27T21:23:40.156404-08:00,read,key_545,1.89,true,false,873
2025-11-27T21:23:40.167167-08:00,read,key_418,1.89,false,false,0
2025-11-27T21:23:40.178323-08:00,read,key_496,2.06,true,false,1559
2025-11-27T21:23:40.189484-08:00,read,key_956,1.94,true,false,1418
2025-11-27T21:23:40.200693-08:00,read,key_823,1.97,true,false,841
2025-11-27T21:23:40.211826-08:00,read,key_108,3.48,true,false,866
2025-11-27T21:23:40.222777-08:00,read,key_258,1.73,true,false,1563
2025-11-27T21:23:40.23376-08:00,read,key_149,1.80,true,false,1364
2025-11-27T21:23:40.244138-08:00,read,key_764,1.81,true,false,1274
2025-11-27T21:23:40.255545-08:00,read,key_889,2.49,true,false,633
2025-11-27T21:23:40.266603-08:00,read,key_506,1.75,true,false,1465
2025-11-27T21:23:40.277692-08:00,read,key_401,2.09,true,false,1410
2025-11-27T21:23:40.288033-08:00,read,key_199,2.32,true,false,1045
2025-11-27T21:23:40.298402-08:00,read,key_883,1.67,false,false,0
2025-11-27T21:23:40.309323-08:00,read,key_871,1.99,true,false,1327
2025-11-27T21:23:40.331186-08:00,read,key_416,3.66,true,false,891
2025-11-27T21:23:40.342083-08:00,read,key_103,1.56,true,false,776
2025-11-27T21:23:40.352475-08:00,read,key_287,1.90,true,false,1397
2025-11-27T21:23:40.363476-08:00,read,key_979,2.17,true,false,1579
2025-11-27T21:23:40.373949-08:00,read,key_486,1.24,true,false,1362
2025-11-27T21:23:40.385048-08:00,read,key_542,1.41,true,false,686
2025-11-27T21:23:40.395362-08:00,read,key_288,2.65,true,false,1272
2025-11-27T21:23:40.406383-08:00,read,key_887,1.03,true,false,1400
2025-11-27T21:23:40.417107-08:00,read,key_827,1.56,true,false,251
2025-11-27T21:23:40.428188-08:00,read,key_24,2.33,true,false,1428
2025-11-27T21:23:40.438709-08:00,read,key_68,1.58,true,false,759
2025-11-27T21:23:40.449072-08:00,read,key_769,1.20,true,false,1573
2025-11-27T21:23:40.460328-08:00,read,key_531,1.54,true,false,774
2025-11-27T21:23:40.47055-08:00,read,key_104,1.50,true,false,860
2025-11-27T21:23:40.481741-08:00,read,key_535,1.66,true,false,1489
2025-11-27T21:23:40.49209-08:00,read,key_103,1.53,true,false,776
2025-11-27T21:23:40.503203-08:00,read,key_53,1.24,true,false,1535
2025-11-27T21:23:40.514306-08:00,read,key_697,1.36,true,false,1216
2025-11-27T21:23:40.525439-08:00,read,key_107,4.12,true,false,1435
2025-11-27T21:23:40.535988-08:00,read,key_296,1.17,false,false,0
2025-11-27T21:23:40.546708-08:00,read,key_889,1.77,true,false,633
2025-11-27T21:23:40.557266-08:00,read,key_323,1.37,true,false,840
2025-11-27T21:23:40.568182-08:00,read,key_289,1.44,true,false,1315
2025-11-27T21:23:40.579354-08:00,read,key_57,2.24,true,false,1162
2025-11-27T21:23:40.589947-08:00,read,key_856,1.95,true,false,1378
2025-11-27T21:23:40.601062-08:00,read,key_545,1.59,true,false,873
2025-11-27T21:23:40.611273-08:00,read,key_142,3.02,true,false,1123
2025-11-27T21:23:40.62226-08:00,read,key_404,2.05,true,false,1171
2025-11-27T21:23:40.320431-08:00,write,key_959,311.16,true,false,1580
2025-11-27T21:23:40.632447-08:00,read,key_496,1.10,true,false,1559
2025-11-27T21:23:40.643171-08:00,read,key_880,1.72,true,false,1089
2025-11-27T21:23:40.654134-08:00,read,key_100,3.07,true,false,1167
2025-11-27T21:23:40.664637-08:00,read,key_465,1.54,true,false,1503
2025-11-27T21:23:40.675744-08:00,read,key_170,1.74,true,false,852
2025-11-27T21:23:40.686933-08:00,read,key_870,2.44,true,false,1485
2025-11-27T21:23:40.697948-08:00,read,key_244,1.62,true,false,1209
2025-11-27T21:23:40.709066-08:00,read,key_952,1.70,true,false,1453
2025-11-27T21:23:40.720301-08:00,read,key_505,1.23,true,false,1410
2025-11-27T21:23:40.731394-08:00,read,key_291,1.97,true,false,1006
2025-11-27T21:23:40.742377-08:00,read,key_274,1.74,true,false,613
2025-11-27T21:23:40.753453-08:00,read,key_760,1.64,true,false,852
2025-11-27T21:23:40.764532-08:00,read,key_495,1.70,true,false,1509
2025-11-27T21:23:40.775613-08:00,read,key_878,0.98,true,false,1470
2025-11-27T21:23:40.786492-08:00,read,key_69,1.56,true,false,1349
2025-11-27T21:23:40.796689-08:00,read,key_320,1.95,true,false,766
2025-11-27T21:23:40.807792-08:00,read,key_542,1.74,true,false,686
2025-11-27T21:23:40.818023-08:00,read,key_906,1.44,true,false,1358
2025-11-27T21:23:40.829021-08:00,read,key_907,1.34,true,false,1576
2025-11-27T21:23:40.840129-08:00,read,key_854,1.88,true,false,1463
2025-11-27T21:23:40.850422-08:00,read,key_299,1.59,true,false,925
2025-11-27T21:23:40.861532-08:00,read,key_403,2.29,true,false,1000
2025-11-27T21:23:40.872348-08:00,read,key_699,1.79,true,false,1479
2025-11-27T21:23:40.88335-08:00,read,key_346,1.51,true,false,626
2025-11-27T21:23:40.894469-08:00,read,key_193,1.91,true,false,1239
2025-11-27T21:23:40.904877-08:00,read,key_483,2.54,true,false,1539
2025-11-27T21:23:40.915989-08:00,read,key_63,1.47,true,false,1131
2025-11-27T21:23:40.927063-08:00,read,key_493,1.84,true,false,991
2025-11-27T21:23:40.937574-08:00,read,key_767,1.87,true,false,1431
2025-11-27T21:23:40.9485-08:00,read,key_29,1.51,true,false,1236
2025-11-27T21:23:40.958759-08:00,read,key_557,1.60,true,false,1576
2025-11-27T21:23:40.969884-08:00,read,key_381,1.91,true,false,1019
2025-11-27T21:23:40.980338-08:00,read,key_322,2.23,true,false,1559
2025-11-27T21:23:40.99141-08:00,read,key_959,1.91,true,false,1580
2025-11-27T21:23:41.002491-08:00,read,key_827,1.64,true,false,251
2025-11-27T21:23:41.013429-08:00,read,key_253,2.36,true,false,1518
2025-11-27T21:23:41.024532-08:00,read,key_411,1.54,true,false,259
2025-11-27T21:23:41.035632-08:00,read,key_301,1.64,true,false,1208
2025-11-27T21:23:41.04626-08:00,read,key_67,2.52,true,false,1156
2025-11-27T21:23:41.057317-08:00,read,key_973,1.56,true,false,1246
2025-11-27T21:23:41.068412-08:00,read,key_903,1.74,true,false,1566
2025-11-27T21:23:41.079549-08:00,read,key_401,2.39,true,false,1410
2025-11-27T21:23:41.090643-08:00,read,key_204,1.53,true,false,1576
2025-11-27T21:23:41.101721-08:00,read,key_490,2.01,true,false,1255
2025-11-27T21:23:41.112466-08:00,read,key_61,2.30,true,false,1561
2025-11-27T21:23:41.123461-08:00,read,key_504,1.79,true,false,1557
2025-11-27T21:23:41.134564-08:00,read,key_61,1.58,true,false,1561
2025-11-27T21:23:41.145449-08:00,read,key_974,2.72,true,false,1521
2025-11-27T21:23:41.156486-08:00,read,key_719,1.45,true,false,1542
2025-11-27T21:23:41.166988-08:00,read,key_197,1.51,false,false,0
2025-11-27T21:23:41.177548-08:00,read,key_200,1.25,true,false,1476
2025-11-27T21:23:41.188615-08:00,read,key_208,2.23,true,false,1346
2025-11-27T21:23:41.199237-08:00,read,key_534,1.47,false,false,0
2025-11-27T21:23:41.210383-08:00,read,key_468,1.40,true,false,1534
2025-11-27T21:23:41.220929-08:00,read,key_494,2.33,true,false,1081
2025-11-27T21:23:41.231988-08:00,read,key_379,1.40,true,false,531
2025-11-27T21:23:41.243091-08:00,read,key_551,1.50,true,false,1512
2025-11-27T21:23:41.2542-08:00,read,key_116,2.73,true,false,347
2025-11-27T21:23:41.265059-08:00,read,key_975,1.57,true,false,1478
2025-11-27T21:23:41.276189-08:00,read,key_951,2.09,true,false,1506
2025-11-27T21:23:41.287282-08:00,read,key_488,2.55,true,false,1232
2025-11-27T21:23:41.298356-08:00,read,key_766,1.87,true,false,1039
2025-11-27T21:23:41.308593-08:00,read,key_305,1.69,true,false,1221
2025-11-27T21:23:41.319673-08:00,read,key_788,1.48,true,false,424
2025-11-27T21:23:41.330086-08:00,read,key_105,1.48,true,false,864
2025-11-27T21:23:41.341171-08:00,read,key_507,1.03,true,false,1551
2025-11-27T21:23:41.352243-08:00,read,key_326,1.15,true,false,766
2025-11-27T21:23:41.363351-08:00,read,key_56,0.87,true,false,1513
2025-11-27T21:23:41.374436-08:00,read,key_388,1.36,false,false,0
2025-11-27T21:23:41.385503-08:00,read,key_483,1.32,true,false,1539
2025-11-27T21:23:41.396576-08:00,read,key_328,1.10,true,false,617
2025-11-27T21:23:41.407643-08:00,read,key_110,1.36,true,false,1370
2025-11-27T21:23:41.418703-08:00,read,key_33,1.77,true,false,1425
2025-11-27T21:23:41.429793-08:00,read,key_231,1.14,true,false,1445
2025-11-27T21:23:41.440926-08:00,read,key_198,1.83,true,false,1277
2025-11-27T21:23:41.452099-08:00,read,key_876,2.42,true,false,1528
2025-11-27T21:23:41.462589-08:00,read,key_251,2.44,true,false,1523
2025-11-27T21:23:41.47337-08:00,read,key_880,1.84,true,false,1089
2025-11-27T21:23:41.484545-08:00,read,key_403,2.15,true,false,1000
2025-11-27T21:23:41.494699-08:00,read,key_971,2.01,true,false,1092
2025-11-27T21:23:41.506214-08:00,read,key_546,2.42,true,false,1373
2025-11-27T21:23:41.517278-08:00,read,key_466,2.01,true,false,1484
2025-11-27T21:23:41.528428-08:00,read,key_761,1.83,true,false,1082
2025-11-27T21:23:41.539575-08:00,read,key_346,1.76,true,false,626
2025-11-27T21:23:41.549868-08:00,read,key_714,1.82,true,false,1474
2025-11-27T21:23:41.560979-08:00,read,key_905,1.43,true,false,1540
2025-11-27T21:23:41.571155-08:00,read,key_505,3.23,true,false,1410
2025-11-27T21:23:41.582198-08:00,read,key_696,1.37,true,false,1540
2025-11-27T21:23:41.592763-08:00,read,key_488,1.68,true,false,1232
2025-11-27T21:23:41.603945-08:00,read,key_104,2.98,true,false,860
2025-11-27T21:23:41.614884-08:00,read,key_5,1.73,true,false,163
2025-11-27T21:23:41.625443-08:00,read,key_206,1.97,true,false,912
2025-11-27T21:23:41.636539-08:00,read,key_258,2.25,true,false,1563
2025-11-27T21:23:41.647813-08:00,read,key_827,1.72,true,false,251
2025-11-27T21:23:41.658953-08:00,read,key_698,1.95,true,false,1538
2025-11-27T21:23:41.670043-08:00,read,key_242,1.96,true,false,1205
2025-11-27T21:23:41.681195-08:00,read,key_103,1.63,true,false,776
2025-11-27T21:23:41.692069-08:00,read,key_888,1.43,true,false,731
2025-11-27T21:23:41.703188-08:00,read,key_349,3.15,true,false,666
2025-11-27T21:23:41.713351-08:00,read,key_881,1.87,true,false,1459
2025-11-27T21:23:41.724449-08:00,read,key_906,1.44,true,false,1358
2025-11-27T21:23:41.735552-08:00,read,key_176,1.82,false,false,0
2025-11-27T21:23:41.745671-08:00,read,key_404,2.60,true,false,1171
2025-11-27T21:23:41.756383-08:00,read,key_247,1.59,false,false,0
2025-11-27T21:23:41.767073-08:00,read,key_23,1.34,true,false,1305
2025-11-27T21:23:41.778154-08:00,read,key_889,2.10,true,false,633
2025-11-27T21:23:41.788426-08:00,read,key_480,2.53,true,false,1196
2025-11-27T21:23:41.799466-08:00,read,key_66,1.35,true,false,187
2025-11-27T21:23:41.810621-08:00,read,key_62,2.56,true,false,1061
2025-11-27T21:23:41.821695-08:00,read,key_504,2.50,true,false,1557
2025-11-27T21:23:41.832777-08:00,read,key_489,1.95,true,false,1390
2025-11-27T21:23:41.843558-08:00,read,key_763,2.04,true,false,1376
2025-11-27T21:23:41.854693-08:00,read,key_23,3.34,true,false,1305
2025-11-27T21:23:41.865592-08:00,read,key_887,1.80,true,false,1400
2025-11-27T21:23:41.876702-08:00,read,key_454,1.76,true,false,1511
2025-11-27T21:23:41.88748-08:00,read,key_176,2.53,false,false,0
2025-11-27T21:23:41.89857-08:00,read,key_242,1.84,true,false,1205
2025-11-27T21:23:41.909691-08:00,read,key_713,1.77,true,false,1547
2025-11-27T21:23:41.920851-08:00,read,key_529,2.44,true,false,1248
2025-11-27T21:23:41.931876-08:00,read,key_203,1.73,true,false,999
2025-11-27T21:23:41.942968-08:00,read,key_697,1.71,true,false,1216
2025-11-27T21:23:41.954086-08:00,read,key_904,2.38,true,false,1461
2025-11-27T21:23:41.965158-08:00,read,key_105,1.48,true,false,864
2025-11-27T21:23:41.976254-08:00,read,key_488,1.76,true,false,1232
2025-11-27T21:23:41.987434-08:00,read,key_204,2.60,true,false,1576
2025-11-27T21:23:41.997881-08:00,read,key_852,1.67,true,false,1220
2025-11-27T21:23:42.008633-08:00,read,key_821,1.60,true,false,855
2025-11-27T21:23:42.019726-08:00,read,key_233,2.53,true,false,1564
2025-11-27T21:23:42.030797-08:00,read,key_407,2.12,true,false,1335
2025-11-27T21:23:42.041896-08:00,read,key_880,1.64,true,false,1089
2025-11-27T21:23:42.052983-08:00,read,key_374,2.14,true,false,1157
2025-11-27T21:23:42.064075-08:00,read,key_403,2.46,true,false,1000
2025-11-27T21:23:42.074977-08:00,read,key_241,1.88,true,false,570
2025-11-27T21:23:42.086081-08:00,read,key_408,1.98,true,false,1366
2025-11-27T21:23:42.096755-08:00,read,key_584,3.16,true,false,1307
2025-11-27T21:23:42.107044-08:00,read,key_978,1.79,true,false,1463
2025-11-27T21:23:42.117256-08:00,read,key_553,1.67,true,false,1125
2025-11-27T21:23:42.128236-08:00,read,key_408,2.33,true,false,1366
2025-11-27T21:23:42.13933-08:00,read,key_787,1.99,true,false,1328
2025-11-27T21:23:42.150438-08:00,read,key_208,1.72,true,false,1346
2025-11-27T21:23:42.161709-08:00,read,key_887,1.93,true,false,1400
2025-11-27T21:23:42.173139-08:00,read,key_141,1.89,true,false,656
2025-11-27T21:23:42.183881-08:00,read,key_557,1.50,true,false,1576
2025-11-27T21:23:42.194979-08:00,read,key_886,1.75,true,false,1482
2025-11-27T21:23:42.205906-08:00,read,key_877,2.10,true,false,1554
2025-11-27T21:23:42.217036-08:00,read,key_546,1.79,true,false,1373
2025-11-27T21:23:42.228138-08:00,read,key_506,2.02,true,false,1465
2025-11-27T21:23:42.239228-08:00,read,key_495,2.05,true,false,1509
2025-11-27T21:23:42.250341-08:00,read,key_411,2.06,true,false,259
2025-11-27T21:23:42.261418-08:00,read,key_558,2.38,true,false,1486
2025-11-27T21:23:42.272813-08:00,read,key_592,1.66,true,false,578
2025-11-27T21:23:42.283752-08:00,read,key_550,1.38,true,false,697
2025-11-27T21:23:42.294891-08:00,read,key_20,1.82,true,false,1218
2025-11-27T21:23:42.306287-08:00,read,key_118,2.21,true,false,1529
2025-11-27T21:23:42.317285-08:00,read,key_887,1.48,true,false,1400
2025-11-27T21:23:42.328383-08:00,read,key_506,2.02,true,false,1465
2025-11-27T21:23:42.339728-08:00,read,key_387,2.17,true,false,161
2025-11-27T21:23:42.350826-08:00,read,key_204,1.81,true,false,1576
2025-11-27T21:23:42.361991-08:00,read,key_406,2.83,true,false,1137
2025-11-27T21:23:42.372835-08:00,read,key_488,1.62,true,false,1232
2025-11-27T21:23:42.383764-08:00,read,key_984,1.64,true,false,1498
2025-11-27T21:23:42.394886-08:00,read,key_884,2.16,true,false,1527
2025-11-27T21:23:42.405971-08:00,read,key_65,1.51,false,false,0
2025-11-27T21:23:42.416647-08:00,read,key_884,1.54,true,false,1527
2025-11-27T21:23:42.427747-08:00,read,key_109,1.85,true,false,132
2025-11-27T21:23:42.438597-08:00,read,key_488,2.17,true,false,1232
2025-11-27T21:23:42.4497-08:00,read,key_113,1.63,true,false,1561
2025-11-27T21:23:42.460693-08:00,read,key_406,2.31,true,false,1137
2025-11-27T21:23:42.483015-08:00,read,key_341,1.58,true,false,620
2025-11-27T21:23:42.494115-08:00,read,key_828,1.77,true,false,851
2025-11-27T21:23:42.504835-08:00,read,key_282,2.53,true,false,1515
2025-11-27T21:23:42.515143-08:00,read,key_325,1.19,true,false,753
2025-11-27T21:23:42.52625-08:00,read,key_278,1.63,true,false,547
2025-11-27T21:23:42.537358-08:00,read,key_239,2.30,true,false,1575
2025-11-27T21:23:42.548289-08:00,read,key_762,1.46,true,false,682
2025-11-27T21:23:42.559383-08:00,read,key_463,1.46,true,false,1483
2025-11-27T21:23:42.570671-08:00,read,key_457,2.40,true,false,1501
2025-11-27T21:23:42.581346-08:00,read,key_69,2.47,true,false,1349
2025-11-27T21:23:42.592155-08:00,read,key_233,1.91,true,false,1564
2025-11-27T21:23:42.602384-08:00,read,key_888,1.67,true,false,731
2025-11-27T21:23:42.613425-08:00,read,key_973,3.06,true,false,1246
2025-11-27T21:23:42.624401-08:00,read,key_883,1.43,false,false,0
2025-11-27T21:23:42.635476-08:00,read,key_552,1.60,true,false,1126
2025-11-27T21:23:42.646901-08:00,read,key_277,1.86,true,false,154
2025-11-27T21:23:42.658025-08:00,read,key_552,1.43,true,false,1126
2025-11-27T21:23:42.679813-08:00,read,key_273,3.39,true,false,566
2025-11-27T21:23:42.694801-08:00,read,key_495,3.07,true,false,1509
2025-11-27T21:23:42.705801-08:00,read,key_463,1.80,true,false,1483
2025-11-27T21:23:42.716653-08:00,read,key_698,1.48,true,false,1538
2025-11-27T21:23:42.727766-08:00,read,key_109,2.35,true,false,132
2025-11-27T21:23:42.739171-08:00,read,key_903,2.22,true,false,1566
2025-11-27T21:23:42.749959-08:00,read,key_116,1.54,true,false,347
2025-11-27T21:23:42.761038-08:00,read,key_140,5.27,true,false,904
2025-11-27T21:23:42.771733-08:00,read,key_974,4.59,true,false,1521
2025-11-27T21:23:42.7825-08:00,read,key_787,2.35,true,false,1328
2025-11-27T21:23:42.471919-08:00,write,key_172,313.04,true,false,1581
2025-11-27T21:23:42.793739-08:00,read,key_383,1.52,true,false,1000
2025-11-27T21:23:42.804836-08:00,read,key_103,1.90,true,false,776
2025-11-27T21:23:42.815748-08:00,read,key_173,2.00,true,false,111
2025-11-27T21:23:42.826339-08:00,read,key_698,1.48,true,false,1538
2025-11-27T21:23:42.837576-08:00,read,key_249,1.87,false,false,0
2025-11-27T21:23:42.847963-08:00,read,key_761,1.49,true,false,1082
2025-11-27T21:23:42.858757-08:00,read,key_554,1.78,true,false,1219
2025-11-27T21:23:42.869911-08:00,read,key_978,1.96,true,false,1463
2025-11-27T21:23:42.881445-08:00,read,key_590,2.05,false,false,0
2025-11-27T21:23:42.892586-08:00,read,key_202,1.54,true,false,1488
2025-11-27T21:23:42.903782-08:00,read,key_714,2.76,true,false,1474
2025-11-27T21:23:42.914796-08:00,read,key_557,1.54,true,false,1576
2025-11-27T21:23:42.925917-08:00,read,key_683,1.81,true,false,700
2025-11-27T21:23:42.937061-08:00,read,key_710,2.75,true,false,1576
2025-11-27T21:23:42.948088-08:00,read,key_877,1.81,true,false,1554
2025-11-27T21:23:42.95917-08:00,read,key_108,1.58,true,false,866
2025-11-27T21:23:42.969609-08:00,read,key_208,2.00,true,false,1346
2025-11-27T21:23:42.669208-08:00,write,key_207,310.68,true,false,1581
2025-11-27T21:23:42.979699-08:00,read,key_246,1.50,true,false,1483
2025-11-27T21:23:42.990824-08:00,read,key_192,1.75,true,false,227
2025-11-27T21:23:43.00196-08:00,read,key_973,1.62,true,false,1246
2025-11-27T21:23:43.012247-08:00,read,key_189,1.82,false,false,0
2025-11-27T21:23:43.023339-08:00,read,key_885,1.25,true,false,1081
2025-11-27T21:23:43.03383-08:00,read,key_559,1.72,true,false,627
2025-11-27T21:23:43.044982-08:00,read,key_979,1.69,true,false,1579
2025-11-27T21:23:43.056125-08:00,read,key_248,1.76,true,false,879
2025-11-27T21:23:43.067205-08:00,read,key_767,1.74,true,false,1431
2025-11-27T21:23:43.07843-08:00,read,key_283,2.06,true,false,1534
2025-11-27T21:23:43.088961-08:00,read,key_110,1.48,true,false,1370
2025-11-27T21:23:43.099983-08:00,read,key_179,1.50,true,false,834
2025-11-27T21:23:43.111063-08:00,read,key_375,1.20,true,false,1025
2025-11-27T21:23:43.122048-08:00,read,key_488,2.49,true,false,1232
2025-11-27T21:23:43.133081-08:00,read,key_682,1.87,true,false,542
2025-11-27T21:23:43.144199-08:00,read,key_763,1.78,true,false,1376
2025-11-27T21:23:43.155163-08:00,read,key_402,2.53,true,false,1213
2025-11-27T21:23:43.166188-08:00,read,key_972,1.81,true,false,1198
2025-11-27T21:23:43.177309-08:00,read,key_983,1.62,true,false,1339
2025-11-27T21:23:43.188058-08:00,read,key_68,1.70,true,false,759
2025-11-27T21:23:43.199175-08:00,read,key_767,1.74,true,false,1431
2025-11-27T21:23:43.210263-08:00,read,key_243,1.49,true,false,588
2025-11-27T21:23:43.220717-08:00,read,key_885,3.06,true,false,1081
2025-11-27T21:23:43.231702-08:00,read,key_203,1.78,true,false,999
2025-11-27T21:23:43.242284-08:00,read,key_256,1.79,true,false,1495
2025-11-27T21:23:43.253407-08:00,read,key_712,3.09,true,false,1313
2025-11-27T21:23:43.264383-08:00,read,key_470,1.97,true,false,1227
2025-11-27T21:23:43.27548-08:00,read,key_712,1.52,true,false,1313
2025-11-27T21:23:43.286458-08:00,read,key_146,2.40,true,false,1125
2025-11-27T21:23:43.297538-08:00,read,key_288,1.99,true,false,1272
2025-11-27T21:23:43.308516-08:00,read,key_409,1.46,true,false,1347
2025-11-27T21:23:43.319602-08:00,read,key_288,1.79,true,false,1272
2025-11-27T21:23:43.330714-08:00,read,key_406,1.74,true,false,1137
2025-11-27T21:23:43.341816-08:00,read,key_712,2.05,true,false,1313
2025-11-27T21:23:43.352792-08:00,read,key_314,2.37,true,false,1065
2025-11-27T21:23:43.36343-08:00,read,key_782,1.94,true,false,970
2025-11-27T21:23:43.374519-08:00,read,key_480,1.45,true,false,1196
2025-11-27T21:23:43.385655-08:00,read,key_343,1.33,true,false,1506
2025-11-27T21:23:43.396652-08:00,read,key_234,2.34,true,false,1447
2025-11-27T21:23:43.407769-08:00,read,key_181,1.75,true,false,1260
2025-11-27T21:23:43.418839-08:00,read,key_314,1.94,true,false,1065
2025-11-27T21:23:43.430131-08:00,read,key_273,2.64,true,false,566
2025-11-27T21:23:43.441179-08:00,read,key_105,1.50,true,false,864
2025-11-27T21:23:43.452312-08:00,read,key_382,2.33,true,false,88
2025-11-27T21:23:43.463421-08:00,read,key_516,2.38,true,false,1273
2025-11-27T21:23:43.474154-08:00,read,key_233,1.70,true,false,1564
2025-11-27T21:23:43.48526-08:00,read,key_244,1.94,true,false,1209
2025-11-27T21:23:43.496211-08:00,read,key_451,2.35,true,false,1446
2025-11-27T21:23:43.507299-08:00,read,key_241,1.69,true,false,570
2025-11-27T21:23:43.51843-08:00,read,key_553,1.77,true,false,1125
2025-11-27T21:23:43.529086-08:00,read,key_986,2.62,true,false,1552
2025-11-27T21:23:43.539882-08:00,read,key_559,1.54,true,false,627
2025-11-27T21:23:43.550207-08:00,read,key_106,1.72,true,false,1437
2025-11-27T21:23:43.561325-08:00,read,key_279,2.75,true,false,632
2025-11-27T21:23:43.571815-08:00,read,key_517,2.17,true,false,1040
2025-11-27T21:23:43.582932-08:00,read,key_175,2.05,true,false,396
2025-11-27T21:23:43.593706-08:00,read,key_477,1.57,true,false,1538
2025-11-27T21:23:43.604178-08:00,read,key_764,2.38,true,false,1274
2025-11-27T21:23:43.614795-08:00,read,key_681,1.79,true,false,425
2025-11-27T21:23:43.625299-08:00,read,key_24,1.34,true,false,1428
2025-11-27T21:23:43.636413-08:00,read,key_505,2.58,true,false,1410
2025-11-27T21:23:43.6475-08:00,read,key_372,3.15,true,false,530
2025-11-27T21:23:43.669578-08:00,read,key_277,2.33,true,false,154
2025-11-27T21:23:43.680243-08:00,read,key_466,2.12,true,false,1484
2025-11-27T21:23:43.691352-08:00,read,key_354,1.55,true,false,1519
2025-11-27T21:23:43.701906-08:00,read,key_347,1.38,true,false,858
2025-11-27T21:23:43.712745-08:00,read,key_477,2.27,true,false,1538
2025-11-27T21:23:43.723891-08:00,read,key_6,1.50,true,false,1290
2025-11-27T21:23:43.734288-08:00,read,key_509,1.84,true,false,1560
2025-11-27T21:23:43.745398-08:00,read,key_887,2.48,true,false,1400
2025-11-27T21:23:43.75651-08:00,read,key_277,1.37,true,false,154
2025-11-27T21:23:43.767099-08:00,read,key_235,1.41,true,false,1547
2025-11-27T21:23:43.778217-08:00,read,key_710,1.91,true,false,1576
2025-11-27T21:23:43.789052-08:00,read,key_274,2.39,true,false,613
2025-11-27T21:23:43.799941-08:00,read,key_480,1.80,true,false,1196
2025-11-27T21:23:43.810998-08:00,read,key_208,2.24,true,false,1346
2025-11-27T21:23:43.822371-08:00,read,key_109,2.70,true,false,132
2025-11-27T21:23:43.833382-08:00,read,key_446,1.34,true,false,1126
2025-11-27T21:23:43.844488-08:00,read,key_447,2.09,true,false,1573
2025-11-27T21:23:43.855173-08:00,read,key_508,2.36,true,false,1349
2025-11-27T21:23:43.865624-08:00,read,key_888,1.41,true,false,731
2025-11-27T21:23:43.876764-08:00,read,key_850,1.65,true,false,1514
2025-11-27T21:23:43.887846-08:00,read,key_29,2.45,true,false,1236
2025-11-27T21:23:43.898897-08:00,read,key_196,1.55,true,false,1488
2025-11-27T21:23:43.910007-08:00,read,key_270,1.46,true,false,522
2025-11-27T21:23:43.921191-08:00,read,key_190,2.32,true,false,1218
2025-11-27T21:23:43.931599-08:00,read,key_155,1.40,true,false,1254
2025-11-27T21:23:43.942686-08:00,read,key_694,1.79,true,false,1298
2025-11-27T21:23:43.953823-08:00,read,key_187,1.94,true,false,1404
2025-11-27T21:23:43.658462-08:00,write,key_238,305.06,true,false,1582
2025-11-27T21:23:43.963933-08:00,read,key_286,1.26,true,false,1578
2025-11-27T21:23:43.97496-08:00,read,key_301,1.69,true,false,1208
2025-11-27T21:23:43.986028-08:00,read,key_493,1.98,true,false,991
2025-11-27T21:23:43.997168-08:00,read,key_369,2.20,true,false,1371
2025-11-27T21:23:44.00829-08:00,read,key_137,1.73,true,false,1558
2025-11-27T21:23:44.019142-08:00,read,key_559,1.59,true,false,627
2025-11-27T21:23:44.030014-08:00,read,key_761,2.12,true,false,1082
2025-11-27T21:23:44.041131-08:00,read,key_53,1.64,true,false,1535
2025-11-27T21:23:44.052243-08:00,read,key_106,1.73,true,false,1437
2025-11-27T21:23:44.062484-08:00,read,key_195,2.08,true,false,1068
2025-11-27T21:23:44.073578-08:00,read,key_62,1.90,true,false,1061
2025-11-27T21:23:44.084691-08:00,read,key_231,1.48,true,false,1445
2025-11-27T21:23:44.094834-08:00,read,key_36,1.98,true,false,1555
2025-11-27T21:23:44.105992-08:00,read,key_713,1.88,true,false,1547
2025-11-27T21:23:44.116893-08:00,read,key_130,1.35,true,false,1428
2025-11-27T21:23:44.127985-08:00,read,key_140,2.10,true,false,904
2025-11-27T21:23:44.138531-08:00,read,key_415,2.02,true,false,1488
2025-11-27T21:23:44.149648-08:00,read,key_718,1.63,true,false,1501
2025-11-27T21:23:44.160752-08:00,read,key_187,1.34,true,false,1404
2025-11-27T21:23:44.171705-08:00,read,key_271,2.57,false,false,0
2025-11-27T21:23:44.182816-08:00,read,key_385,1.92,false,false,0
2025-11-27T21:23:44.193928-08:00,read,key_443,1.34,true,false,987
2025-11-27T21:23:44.204561-08:00,read,key_710,2.50,true,false,1576
2025-11-27T21:23:44.21571-08:00,read,key_726,1.60,true,false,1386
2025-11-27T21:23:44.226763-08:00,read,key_687,1.40,true,false,411
2025-11-27T21:23:44.237084-08:00,read,key_720,2.30,true,false,905
2025-11-27T21:23:44.247328-08:00,read,key_63,1.51,true,false,1131
2025-11-27T21:23:44.258259-08:00,read,key_383,1.45,true,false,1000
2025-11-27T21:23:44.269412-08:00,read,key_118,2.56,true,false,1529
2025-11-27T21:23:44.28014-08:00,read,key_200,2.57,true,false,1476
2025-11-27T21:23:44.291211-08:00,read,key_170,1.36,true,false,852
2025-11-27T21:23:44.3023-08:00,read,key_232,1.70,true,false,1538
2025-11-27T21:23:44.312491-08:00,read,key_291,2.27,true,false,1006
2025-11-27T21:23:44.323656-08:00,read,key_1,1.52,true,false,1550
2025-11-27T21:23:44.333801-08:00,read,key_544,1.63,true,false,1451
2025-11-27T21:23:44.344985-08:00,read,key_989,1.59,true,false,1327
2025-11-27T21:23:44.355107-08:00,read,key_61,2.79,true,false,1561
2025-11-27T21:23:44.366062-08:00,read,key_477,1.51,true,false,1538
2025-11-27T21:23:44.377221-08:00,read,key_422,1.60,true,false,1066
2025-11-27T21:23:44.387682-08:00,read,key_689,2.29,true,false,719
2025-11-27T21:23:44.39859-08:00,read,key_199,1.69,true,false,1045
2025-11-27T21:23:44.409706-08:00,read,key_595,1.86,true,false,1454
2025-11-27T21:23:44.419893-08:00,read,key_604,1.42,true,false,961
2025-11-27T21:23:44.431011-08:00,read,key_504,1.81,true,false,1557
2025-11-27T21:23:44.44211-08:00,read,key_689,1.37,true,false,719
2025-11-27T21:23:44.45237-08:00,read,key_415,1.88,true,false,1488
2025-11-27T21:23:44.463035-08:00,read,key_183,2.50,true,false,1035
2025-11-27T21:23:44.474038-08:00,read,key_592,1.55,true,false,578
2025-11-27T21:23:44.485128-08:00,read,key_583,1.70,true,false,639
2025-11-27T21:23:44.496246-08:00,read,key_552,2.18,true,false,1126
2025-11-27T21:23:44.507265-08:00,read,key_984,1.41,true,false,1498
2025-11-27T21:23:44.5184-08:00,read,key_249,1.58,false,false,0
2025-11-27T21:23:44.529534-08:00,read,key_271,2.42,false,false,0
2025-11-27T21:23:44.540636-08:00,read,key_249,1.52,false,false,0
2025-11-27T21:23:44.550789-08:00,read,key_321,1.71,true,false,504
2025-11-27T21:23:44.561859-08:00,read,key_404,1.26,true,false,1171
2025-11-27T21:23:44.572977-08:00,read,key_305,1.64,true,false,1221
2025-11-27T21:23:44.584067-08:00,read,key_279,1.51,true,false,632
2025-11-27T21:23:44.595236-08:00,read,key_314,1.54,true,false,1065
2025-11-27T21:23:44.605568-08:00,read,key_714,1.50,true,false,1474
2025-11-27T21:23:44.616669-08:00,read,key_546,1.40,true,false,1373
2025-11-27T21:23:44.627212-08:00,read,key_116,1.41,true,false,347
2025-11-27T21:23:44.638143-08:00,read,key_981,1.13,true,false,1384
2025-11-27T21:23:44.648611-08:00,read,key_65,1.20,false,false,0
2025-11-27T21:23:44.659704-08:00,read,key_379,1.52,true,false,531
2025-11-27T21:23:44.670708-08:00,read,key_981,1.15,true,false,1384
2025-11-27T21:23:44.681777-08:00,read,key_173,1.06,true,false,111
2025-11-27T21:23:44.691865-08:00,read,key_533,1.58,true,false,571
2025-11-27T21:23:44.702953-08:00,read,key_427,1.39,true,false,1071
2025-11-27T21:23:44.714024-08:00,read,key_882,1.25,true,false,1455
2025-11-27T21:23:44.725122-08:00,read,key_352,1.31,true,false,1473
2025-11-27T21:23:44.736261-08:00,read,key_466,1.04,true,false,1484
2025-11-27T21:23:44.746661-08:00,read,key_152,1.41,true,false,1469
2025-11-27T21:23:44.757761-08:00,read,key_553,1.34,true,false,1125
2025-11-27T21:23:44.76886-08:00,read,key_987,1.41,true,false,990
2025-11-27T21:23:44.779194-08:00,read,key_805,0.94,true,false,1511
2025-11-27T21:23:44.789854-08:00,read,key_551,1.18,true,false,1512
2025-11-27T21:23:44.800938-08:00,read,key_694,1.22,true,false,1298
2025-11-27T21:23:44.811983-08:00,read,key_553,1.03,true,false,1125
2025-11-27T21:23:44.823072-08:00,read,key_138,1.39,true,false,1558
2025-11-27T21:23:44.8341-08:00,read,key_509,1.44,true,false,1560
2025-11-27T21:23:44.845181-08:00,read,key_249,1.48,false,false,0
2025-11-27T21:23:44.856083-08:00,read,key_515,1.44,true,false,978
2025-11-27T21:23:44.867145-08:00,read,key_156,1.15,true,false,1296
2025-11-27T21:23:44.878216-08:00,read,key_289,1.36,true,false,1315
2025-11-27T21:23:44.888365-08:00,read,key_205,1.04,true,false,715
2025-11-27T21:23:44.899474-08:00,read,key_786,1.21,true,false,748
2025-11-27T21:23:44.910546-08:00,read,key_468,1.51,true,false,1534
2025-11-27T21:23:44.921623-08:00,read,key_154,1.06,true,false,778
2025-11-27T21:23:44.932356-08:00,read,key_480,1.80,true,false,1196
2025-11-27T21:23:44.943537-08:00,read,key_434,1.51,true,false,1181
2025-11-27T21:23:44.954082-08:00,read,key_120,2.40,true,false,1434
2025-11-27T21:23:44.964285-08:00,read,key_680,1.80,true,false,982
2025-11-27T21:23:44.975218-08:00,read,key_590,1.86,false,false,0
2025-11-27T21:23:44.986378-08:00,read,key_176,3.94,false,false,0
2025-11-27T21:23:44.996728-08:00,read,key_385,1.31,false,false,0
2025-11-27T21:23:45.007835-08:00,read,key_106,1.57,true,false,1437
2025-11-27T21:23:45.018951-08:00,read,key_64,1.30,true,false,936
2025-11-27T21:23:45.029826-08:00,read,key_933,2.13,true,false,1511
2025-11-27T21:23:45.040888-08:00,read,key_312,1.85,true,false,1026
2025-11-27T21:23:45.051984-08:00,read,key_770,2.29,true,false,382
2025-11-27T21:23:45.063053-08:00,read,key_909,1.46,true,false,1463
2025-11-27T21:23:45.074176-08:00,read,key_489,1.74,true,false,1390
2025-11-27T21:23:45.085263-08:00,read,key_117,1.48,true,false,1422
2025-11-27T21:23:45.096353-08:00,read,key_184,1.17,true,false,1447
2025-11-27T21:23:45.107438-08:00,read,key_600,1.19,true,false,1496
2025-11-27T21:23:45.118537-08:00,read,key_553,1.61,true,false,1125
2025-11-27T21:23:45.129629-08:00,read,key_486,1.47,true,false,1362
2025-11-27T21:23:45.140724-08:00,read,key_307,1.47,true,false,1164
2025-11-27T21:23:45.151793-08:00,read,key_657,1.65,true,false,1471
2025-11-27T21:23:45.162883-08:00,read,key_694,1.28,true,false,1298
2025-11-27T21:23:45.173089-08:00,read,key_821,1.31,true,false,855
2025-11-27T21:23:45.184159-08:00,read,key_77,1.11,true,false,1564
2025-11-27T21:23:45.195236-08:00,read,key_182,0.92,true,false,1107
2025-11-27T21:23:45.206313-08:00,read,key_710,1.13,true,false,1576
2025-11-27T21:23:45.217388-08:00,read,key_595,1.25,true,false,1454
2025-11-27T21:23:45.228469-08:00,read,key_230,1.01,true,false,1448
2025-11-27T21:23:45.239542-08:00,read,key_9,1.05,true,false,1486
2025-11-27T21:23:45.250618-08:00,read,key_545,1.52,true,false,873
2025-11-27T21:23:45.261687-08:00,read,key_134,1.29,true,false,1554
2025-11-27T21:23:45.272787-08:00,read,key_130,1.53,true,false,1428
2025-11-27T21:23:45.283857-08:00,read,key_277,1.21,true,false,154
2025-11-27T21:23:45.29492-08:00,read,key_938,1.39,true,false,1566
2025-11-27T21:23:45.305119-08:00,read,key_714,1.15,true,false,1474
2025-11-27T21:23:45.316195-08:00,read,key_348,1.07,true,false,615
2025-11-27T21:23:45.327265-08:00,read,key_887,1.70,true,false,1400
2025-11-27T21:23:45.338331-08:00,read,key_138,1.30,true,false,1558
2025-11-27T21:23:45.349401-08:00,read,key_249,1.46,false,false,0
2025-11-27T21:23:45.360476-08:00,read,key_408,1.25,true,false,1366
2025-11-27T21:23:45.371457-08:00,read,key_61,1.41,true,false,1561
2025-11-27T21:23:45.382516-08:00,read,key_624,1.12,true,false,1359
2025-11-27T21:23:45.393591-08:00,read,key_368,1.32,true,false,6
2025-11-27T21:23:45.404699-08:00,read,key_507,2.50,true,false,1551
2025-11-27T21:23:45.415787-08:00,read,key_252,1.86,true,false,1525
2025-11-27T21:23:45.426902-08:00,read,key_533,2.02,true,false,571
2025-11-27T21:23:45.438038-08:00,read,key_446,1.50,true,false,1126
2025-11-27T21:23:45.449132-08:00,read,key_516,1.47,true,false,1273
2025-11-27T21:23:45.460237-08:00,read,key_316,1.36,true,false,926
2025-11-27T21:23:45.471388-08:00,read,key_889,1.34,true,false,633
2025-11-27T21:23:45.482454-08:00,read,key_955,1.15,true,false,1567
2025-11-27T21:23:45.493666-08:00,read,key_128,1.47,true,false,945
2025-11-27T21:23:45.504764-08:00,read,key_613,1.07,true,false,732
2025-11-27T21:23:45.515883-08:00,read,key_973,1.28,true,false,1246
2025-11-27T21:23:45.526963-08:00,read,key_146,1.73,true,false,1125
2025-11-27T21:23:45.538038-08:00,read,key_680,1.26,true,false,982
2025-11-27T21:23:45.548117-08:00,read,key_691,1.56,true,false,1074
2025-11-27T21:23:45.559188-08:00,read,key_306,1.47,true,false,607
2025-11-27T21:23:45.570281-08:00,read,key_239,1.52,true,false,1575
2025-11-27T21:23:45.581399-08:00,read,key_397,1.36,true,false,600
2025-11-27T21:23:45.592471-08:00,read,key_586,1.02,true,false,1085
2025-11-27T21:23:45.603553-08:00,read,key_520,1.65,true,false,1257
2025-11-27T21:23:45.614621-08:00,read,key_178,1.04,false,false,0
2025-11-27T21:23:45.625696-08:00,read,key_699,1.41,true,false,1479
2025-11-27T21:23:45.636763-08:00,read,key_135,1.16,true,false,1530
2025-11-27T21:23:45.64783-08:00,read,key_203,1.50,true,false,999
2025-11-27T21:23:45.658909-08:00,read,key_883,1.15,false,false,0
2025-11-27T21:23:45.669135-08:00,read,key_155,1.47,true,false,1254
2025-11-27T21:23:45.680097-08:00,read,key_504,1.84,true,false,1557
2025-11-27T21:23:45.701498-08:00,read,key_68,1.93,true,false,759
2025-11-27T21:23:45.712569-08:00,read,key_283,1.53,true,false,1534
2025-11-27T21:23:45.723644-08:00,read,key_450,1.26,true,false,1502
2025-11-27T21:23:45.734708-08:00,read,key_345,1.30,true,false,859
2025-11-27T21:23:45.746183-08:00,read,key_781,1.20,true,false,699
2025-11-27T21:23:45.757216-08:00,read,key_530,1.29,true,false,45
2025-11-27T21:23:45.768347-08:00,read,key_113,1.41,true,false,1561
2025-11-27T21:23:45.779457-08:00,read,key_309,1.36,true,false,1277
2025-11-27T21:23:45.789547-08:00,read,key_708,1.29,true,false,1480
2025-11-27T21:23:45.800639-08:00,read,key_744,1.22,true,false,1460
2025-11-27T21:23:45.811791-08:00,read,key_287,0.98,true,false,1397
2025-11-27T21:23:45.822914-08:00,read,key_255,1.81,true,false,1482
2025-11-27T21:23:45.833807-08:00,read,key_230,1.34,true,false,1448
2025-11-27T21:23:45.844732-08:00,read,key_511,1.78,true,false,1201
2025-11-27T21:23:45.85507-08:00,read,key_235,1.47,true,false,1547
2025-11-27T21:23:45.866171-08:00,read,key_241,1.55,true,false,570
2025-11-27T21:23:45.87738-08:00,read,key_854,1.42,true,false,1463
2025-11-27T21:23:45.889884-08:00,read,key_592,1.40,true,false,578
2025-11-27T21:23:45.900484-08:00,read,key_273,1.48,true,false,566
2025-11-27T21:23:45.911645-08:00,read,key_699,1.96,true,false,1479
2025-11-27T21:23:45.922613-08:00,read,key_288,2.18,true,false,1272
2025-11-27T21:23:45.933703-08:00,read,key_685,1.61,true,false,808
2025-11-27T21:23:45.944487-08:00,read,key_394,1.48,false,false,0
2025-11-27T21:23:45.955613-08:00,read,key_763,1.72,true,false,1376
2025-11-27T21:23:45.966509-08:00,read,key_699,2.50,true,false,1479
2025-11-27T21:23:45.977564-08:00,read,key_308,1.89,true,false,1113
2025-11-27T21:23:45.988469-08:00,read,key_539,1.88,true,false,187
2025-11-27T21:23:45.690341-08:00,write,key_117,306.57,true,false,1583
2025-11-27T21:23:45.998897-08:00,read,key_175,1.50,true,false,396
2025-11-27T21:23:46.009964-08:00,read,key_692,1.36,true,false,515
2025-11-27T21:23:46.02103-08:00,read,key_517,1.55,true,false,1040
2025-11-27T21:23:46.031655-08:00,read,key_129,1.06,true,false,875
2025-11-27T21:23:46.042115-08:00,read,key_358,1.21,true,false,1383
2025-11-27T21:23:46.052317-08:00,read,key_558,2.35,true,false,1486
2025-11-27T21:23:46.062494-08:00,read,key_908,2.11,true,false,1450
2025-11-27T21:23:46.073505-08:00,read,key_440,1.53,true,false,1041
2025-11-27T21:23:46.084629-08:00,read,key_733,1.59,true,false,264
2025-11-27T21:23:46.095812-08:00,read,key_4,2.40,true,false,1353
2025-11-27T21:23:46.106681-08:00,read,key_955,1.39,true,false,1567
2025-11-27T21:23:46.117168-08:00,read,key_315,0.96,true,false,906
2025-11-27T21:23:46.127507-08:00,read,key_764,2.11,true,false,1274
2025-11-27T21:23:46.137902-08:00,read,key_654,0.89,true,false,930
2025-11-27T21:23:46.148944-08:00,read,key_364,0.83,false,false,0
2025-11-27T21:23:46.160042-08:00,read,key_531,0.81,true,false,774
2025-11-27T21:23:46.17087-08:00,read,key_506,0.79,true,false,1465
2025-11-27T21:23:46.182152-08:00,read,key_535,0.69,true,false,1489
2025-11-27T21:23:46.193241-08:00,read,key_684,0.89,true,false,70
2025-11-27T21:23:46.203443-08:00,read,key_987,0.90,true,false,990
2025-11-27T21:23:46.214714-08:00,read,key_710,0.90,true,false,1576
2025-11-27T21:23:46.225827-08:00,read,key_680,0.76,true,false,982
2025-11-27T21:23:46.237008-08:00,read,key_555,0.85,true,false,1577
2025-11-27T21:23:46.248126-08:00,read,key_270,1.25,true,false,522
2025-11-27T21:23:46.259222-08:00,read,key_116,1.69,true,false,347
2025-11-27T21:23:46.270497-08:00,read,key_3,2.01,true,false,1329
2025-11-27T21:23:46.281651-08:00,read,key_717,2.22,true,false,1568
2025-11-27T21:23:46.291947-08:00,read,key_202,1.82,true,false,1488
2025-11-27T21:23:46.303046-08:00,read,key_766,2.37,true,false,1039
2025-11-27T21:23:46.314069-08:00,read,key_526,1.49,true,false,1531
2025-11-27T21:23:46.325202-08:00,read,key_202,2.27,true,false,1488
2025-11-27T21:23:46.357427-08:00,read,key_177,0.75,true,false,839
2025-11-27T21:23:46.336257-08:00,read,key_955,21.94,true,false,1567
2025-11-27T21:23:46.346859-08:00,read,key_70,11.33,true,false,1399
2025-11-27T21:23:46.368503-08:00,read,key_20,0.62,true,false,1218
2025-11-27T21:23:46.379567-08:00,read,key_171,0.61,false,false,0
2025-11-27T21:23:46.390625-08:00,read,key_403,0.67,true,false,1000
2025-11-27T21:23:46.401689-08:00,read,key_680,0.50,true,false,982
2025-11-27T21:23:46.412774-08:00,read,key_272,1.50,true,false,173
2025-11-27T21:23:46.423836-08:00,read,key_378,1.14,true,false,1470
2025-11-27T21:23:46.434377-08:00,read,key_688,0.90,true,false,853
2025-11-27T21:23:46.445452-08:00,read,key_100,1.17,true,false,1167
2025-11-27T21:23:46.455893-08:00,read,key_170,1.31,true,false,852
2025-11-27T21:23:46.466953-08:00,read,key_691,0.95,true,false,1074
2025-11-27T21:23:46.478027-08:00,read,key_22,1.11,true,false,1188
2025-11-27T21:23:46.488913-08:00,read,key_712,1.49,true,false,1313
2025-11-27T21:23:46.499989-08:00,read,key_176,1.07,false,false,0
2025-11-27T21:23:46.511039-08:00,read,key_435,1.64,true,false,1154
2025-11-27T21:23:46.522145-08:00,read,key_344,0.98,true,false,768
2025-11-27T21:23:46.533272-08:00,read,key_713,1.25,true,false,1547
2025-11-27T21:23:46.544356-08:00,read,key_509,1.56,true,false,1560
2025-11-27T21:23:46.555436-08:00,read,key_286,1.89,true,false,1578
2025-11-27T21:23:46.566607-08:00,read,key_937,1.67,true,false,632
2025-11-27T21:23:46.576854-08:00,read,key_132,1.53,true,false,1557
2025-11-27T21:23:46.587431-08:00,read,key_680,1.52,true,false,982
2025-11-27T21:23:46.598527-08:00,read,key_231,1.56,true,false,1445
2025-11-27T21:23:46.609613-08:00,read,key_721,1.44,true,false,1387
2025-11-27T21:23:46.620683-08:00,read,key_476,1.46,true,false,1522
2025-11-27T21:23:46.631756-08:00,read,key_146,1.12,true,false,1125
2025-11-27T21:23:46.642823-08:00,read,key_702,1.65,true,false,1333
2025-11-27T21:23:46.653903-08:00,read,key_131,1.39,true,false,1505
2025-11-27T21:23:46.665198-08:00,read,key_59,1.42,true,false,1479
2025-11-27T21:23:46.676315-08:00,read,key_531,1.31,true,false,774
2025-11-27T21:23:46.687503-08:00,read,key_76,2.30,true,false,1478
2025-11-27T21:23:46.698621-08:00,read,key_242,1.81,true,false,1205
2025-11-27T21:23:46.709304-08:00,read,key_51,1.48,true,false,1250
2025-11-27T21:23:46.72044-08:00,read,key_104,2.80,true,false,860
2025-11-27T21:23:46.731513-08:00,read,key_944,2.54,true,false,1369
2025-11-27T21:23:46.742576-08:00,read,key_643,1.77,true,false,585
2025-11-27T21:23:46.753532-08:00,read,key_512,1.94,true,false,841
2025-11-27T21:23:46.765406-08:00,read,key_60,1.61,true,false,1132
2025-11-27T21:23:46.776519-08:00,read,key_764,1.66,true,false,1274
2025-11-27T21:23:46.787756-08:00,read,key_681,2.63,true,false,425
2025-11-27T21:23:46.798432-08:00,read,key_987,1.42,true,false,990
2025-11-27T21:23:46.809561-08:00,read,key_400,1.90,true,false,1373
2025-11-27T21:23:46.820648-08:00,read,key_116,2.72,true,false,347
2025-11-27T21:23:46.831699-08:00,read,key_583,1.60,true,false,639
2025-11-27T21:23:46.842341-08:00,read,key_117,1.76,true,false,1583
2025-11-27T21:23:46.852464-08:00,read,key_425,1.61,true,false,1158
2025-11-27T21:23:46.863807-08:00,read,key_191,2.08,false,false,0
2025-11-27T21:23:46.874932-08:00,read,key_535,1.61,true,false,1489
2025-11-27T21:23:46.886029-08:00,read,key_712,1.67,true,false,1313
2025-11-27T21:23:46.896878-08:00,read,key_683,2.20,true,false,700
2025-11-27T21:23:46.907086-08:00,read,key_565,1.68,true,false,1552
2025-11-27T21:23:46.91826-08:00,read,key_853,1.82,true,false,1491
2025-11-27T21:23:46.929395-08:00,read,key_523,2.60,true,false,993
2025-11-27T21:23:46.94063-08:00,read,key_393,1.84,true,false,567
2025-11-27T21:23:46.951752-08:00,read,key_483,1.64,true,false,1539
2025-11-27T21:23:46.962805-08:00,read,key_685,3.14,true,false,808
2025-11-27T21:23:46.973796-08:00,read,key_368,1.62,true,false,6
2025-11-27T21:23:46.984963-08:00,read,key_528,1.65,true,false,152
2025-11-27T21:23:46.995191-08:00,read,key_26,2.93,true,false,1338
2025-11-27T21:23:47.006353-08:00,read,key_973,2.04,true,false,1246
2025-11-27T21:23:47.017498-08:00,read,key_537,1.63,false,false,0
2025-11-27T21:23:47.028772-08:00,read,key_566,2.74,true,false,915
2025-11-27T21:23:47.039785-08:00,read,key_376,1.63,true,false,1179
2025-11-27T21:23:47.050888-08:00,read,key_766,2.06,true,false,1039
2025-11-27T21:23:47.06121-08:00,read,key_506,2.13,true,false,1465
2025-11-27T21:23:47.071763-08:00,read,key_558,2.35,true,false,1486
2025-11-27T21:23:47.082841-08:00,read,key_54,1.58,true,false,1561
2025-11-27T21:23:47.094022-08:00,read,key_956,2.00,true,false,1418
2025-11-27T21:23:47.105415-08:00,read,key_483,1.63,true,false,1539
2025-11-27T21:23:47.116152-08:00,read,key_235,1.96,true,false,1547
2025-11-27T21:23:47.127337-08:00,read,key_536,1.60,true,false,1321
2025-11-27T21:23:47.137732-08:00,read,key_789,3.47,true,false,239
2025-11-27T21:23:47.148037-08:00,read,key_275,1.47,true,false,1356
2025-11-27T21:23:47.158821-08:00,read,key_715,1.43,true,false,1469
2025-11-27T21:23:47.169944-08:00,read,key_311,1.39,true,false,1050
2025-11-27T21:23:47.180668-08:00,read,key_369,2.06,true,false,1371
2025-11-27T21:23:47.191812-08:00,read,key_506,1.46,true,false,1465
2025-11-27T21:23:47.202965-08:00,read,key_306,1.57,true,false,607
2025-11-27T21:23:47.213817-08:00,read,key_682,2.62,true,false,542
2025-11-27T21:23:47.224849-08:00,read,key_803,1.66,true,false,1540
2025-11-27T21:23:47.23522-08:00,read,key_346,1.39,true,false,626
2025-11-27T21:23:47.246399-08:00,read,key_653,2.38,true,false,1005
2025-11-27T21:23:47.256954-08:00,read,key_813,1.41,true,false,1503
2025-11-27T21:23:47.268073-08:00,read,key_421,1.70,true,false,1162
2025-11-27T21:23:47.278232-08:00,read,key_118,1.75,true,false,1529
2025-11-27T21:23:47.2889-08:00,read,key_536,1.50,true,false,1321
2025-11-27T21:23:47.300015-08:00,read,key_324,1.55,true,false,1378
2025-11-27T21:23:47.31108-08:00,read,key_852,1.55,true,false,1220
2025-11-27T21:23:47.322695-08:00,read,key_209,1.88,true,false,1446
2025-11-27T21:23:47.3338-08:00,read,key_530,1.56,true,false,45
2025-11-27T21:23:47.344187-08:00,read,key_409,1.23,true,false,1347
2025-11-27T21:23:47.354765-08:00,read,key_73,2.04,true,false,1563
2025-11-27T21:23:47.365573-08:00,read,key_767,3.12,true,false,1431
2025-11-27T21:23:47.376521-08:00,read,key_773,1.61,true,false,324
2025-11-27T21:23:47.38766-08:00,read,key_529,2.66,true,false,1248
2025-11-27T21:23:47.39876-08:00,read,key_407,1.48,true,false,1335
2025-11-27T21:23:47.409878-08:00,read,key_28,1.70,true,false,1480
2025-11-27T21:23:47.421012-08:00,read,key_206,2.19,true,false,912
2025-11-27T21:23:47.432154-08:00,read,key_24,2.01,true,false,1428
2025-11-27T21:23:47.442755-08:00,read,key_526,1.66,true,false,1531
2025-11-27T21:23:47.453852-08:00,read,key_532,1.92,true,false,1265
2025-11-27T21:23:47.464049-08:00,read,key_354,2.21,true,false,1519
2025-11-27T21:23:47.475156-08:00,read,key_401,1.65,true,false,1410
2025-11-27T21:23:47.486278-08:00,read,key_474,1.78,true,false,1570
2025-11-27T21:23:47.497494-08:00,read,key_994,1.96,true,false,1194
2025-11-27T21:23:47.508661-08:00,read,key_531,1.81,true,false,774
2025-11-27T21:23:47.51925-08:00,read,key_697,1.26,true,false,1216
2025-11-27T21:23:47.530067-08:00,read,key_303,1.48,true,false,557
2025-11-27T21:23:47.541186-08:00,read,key_880,1.86,true,false,1089
2025-11-27T21:23:47.552332-08:00,read,key_437,4.09,true,false,1188
2025-11-27T21:23:47.563264-08:00,read,key_984,2.71,true,false,1498
2025-11-27T21:23:47.574315-08:00,read,key_358,1.98,true,false,1383
2025-11-27T21:23:47.584781-08:00,read,key_0,1.66,true,false,1515
2025-11-27T21:23:47.595841-08:00,read,key_935,2.21,false,false,0
2025-11-27T21:23:47.606715-08:00,read,key_241,2.30,true,false,570
2025-11-27T21:23:47.617291-08:00,read,key_656,1.38,true,false,1017
2025-11-27T21:23:47.628474-08:00,read,key_395,1.27,true,false,750
2025-11-27T21:23:47.639518-08:00,read,key_281,1.42,true,false,1508
2025-11-27T21:23:47.650657-08:00,read,key_185,1.29,false,false,0
2025-11-27T21:23:47.661784-08:00,read,key_23,1.58,true,false,1305
2025-11-27T21:23:47.67216-08:00,read,key_697,2.00,true,false,1216
2025-11-27T21:23:47.68328-08:00,read,key_782,1.43,true,false,970
2025-11-27T21:23:47.694394-08:00,read,key_249,1.32,false,false,0
2025-11-27T21:23:47.705202-08:00,read,key_818,4.10,true,false,1402
2025-11-27T21:23:47.71584-08:00,read,key_258,1.85,true,false,1563
2025-11-27T21:23:47.726752-08:00,read,key_403,1.48,true,false,1000
2025-11-27T21:23:47.737912-08:00,read,key_616,1.20,true,false,1451
2025-11-27T21:23:47.74909-08:00,read,key_2,0.83,true,false,1575
2025-11-27T21:23:47.759928-08:00,read,key_856,1.19,true,false,1378
2025-11-27T21:23:47.771156-08:00,read,key_130,1.41,true,false,1428
2025-11-27T21:23:47.782196-08:00,read,key_933,0.85,true,false,1511
2025-11-27T21:23:47.793281-08:00,read,key_557,0.71,true,false,1576
2025-11-27T21:23:47.80346-08:00,read,key_594,0.66,false,false,0
2025-11-27T21:23:47.814536-08:00,read,key_978,0.76,true,false,1463
2025-11-27T21:23:47.825317-08:00,read,key_881,0.78,true,false,1459
2025-11-27T21:23:47.836454-08:00,read,key_76,0.69,true,false,1478
2025-11-27T21:23:47.846787-08:00,read,key_521,1.96,true,false,886
2025-11-27T21:23:47.857301-08:00,read,key_869,1.60,true,false,1316
2025-11-27T21:23:47.867761-08:00,read,key_687,1.78,true,false,411
2025-11-27T21:23:47.890037-08:00,read,key_759,1.53,true,false,1346
2025-11-27T21:23:47.900485-08:00,read,key_829,1.72,true,false,828
2025-11-27T21:23:47.911599-08:00,read,key_403,1.63,true,false,1000
2025-11-27T21:23:47.922034-08:00,read,key_550,2.04,true,false,697
2025-11-27T21:23:47.933148-08:00,read,key_409,1.79,true,false,1347
2025-11-27T21:23:47.944286-08:00,read,key_66,1.68,true,false,187
2025-11-27T21:23:47.955565-08:00,read,key_587,2.08,true,false,785
2025-11-27T21:23:47.966654-08:00,read,key_805,1.82,true,false,1511
2025-11-27T21:23:47.977745-08:00,read,key_694,1.64,true,false,1298
2025-11-27T21:23:47.988891-08:00,read,key_607,1.28,true,false,1033
2025-11-27T21:23:48.00003-08:00,read,key_73,1.59,true,false,1563
2025-11-27T21:23:48.010522-08:00,read,key_383,1.58,true,false,1000
2025-11-27T21:23:48.021657-08:00,read,key_904,2.73,true,false,1461
2025-11-27T21:23:48.032637-08:00,read,key_428,1.74,true,false,1143
2025-11-27T21:23:48.043776-08:00,read,key_97,1.84,true,false,1562
2025-11-27T21:23:48.054929-08:00,read,key_256,2.56,true,false,1495
2025-11-27T21:23:48.065929-08:00,read,key_174,1.54,false,false,0
2025-11-27T21:23:48.077067-08:00,read,key_954,1.81,true,false,1472
2025-11-27T21:23:48.088242-08:00,read,key_983,2.39,true,false,1339
2025-11-27T21:23:48.098938-08:00,read,key_255,1.68,true,false,1482
2025-11-27T21:23:48.110142-08:00,read,key_481,1.86,true,false,1521
2025-11-27T21:23:48.121271-08:00,read,key_133,2.50,true,false,1545
2025-11-27T21:23:48.1318-08:00,read,key_171,1.24,false,false,0
2025-11-27T21:23:48.142921-08:00,read,key_172,1.72,true,false,1581
2025-11-27T21:23:48.153754-08:00,read,key_486,3.72,true,false,1362
2025-11-27T21:23:48.164701-08:00,read,key_279,1.04,true,false,632
2025-11-27T21:23:48.175236-08:00,read,key_231,1.37,true,false,1445
2025-11-27T21:23:47.878912-08:00,write,key_358,305.44,true,false,1584
2025-11-27T21:23:48.196547-08:00,read,key_429,1.99,true,false,1160
2025-11-27T21:23:48.207621-08:00,read,key_245,1.23,true,false,1468
2025-11-27T21:23:48.218685-08:00,read,key_731,1.57,true,false,801
2025-11-27T21:23:48.229812-08:00,read,key_865,2.89,false,false,0
2025-11-27T21:23:48.240812-08:00,read,key_776,1.25,true,false,1128
2025-11-27T21:23:48.25197-08:00,read,key_475,1.58,true,false,1417
2025-11-27T21:23:48.263107-08:00,read,key_3,2.44,true,false,1329
2025-11-27T21:23:48.273652-08:00,read,key_400,1.06,true,false,1373
2025-11-27T21:23:48.284754-08:00,read,key_362,1.85,true,false,754
2025-11-27T21:23:48.295217-08:00,read,key_760,2.29,true,false,852
2025-11-27T21:23:48.306312-08:00,read,key_869,1.83,true,false,1316
2025-11-27T21:23:48.317442-08:00,read,key_685,1.76,true,false,808
2025-11-27T21:23:48.328544-08:00,read,key_110,1.55,true,false,1370
2025-11-27T21:23:48.339745-08:00,read,key_957,1.71,true,false,1311
2025-11-27T21:23:48.350707-08:00,read,key_713,1.78,true,false,1547
2025-11-27T21:23:48.361777-08:00,read,key_613,1.37,true,false,732
2025-11-27T21:23:48.373335-08:00,read,key_618,2.07,true,false,1545
2025-11-27T21:23:48.384413-08:00,read,key_353,1.83,true,false,1547
2025-11-27T21:23:48.395545-08:00,read,key_725,2.48,true,false,903
2025-11-27T21:23:48.406639-08:00,read,key_980,1.68,true,false,1410
2025-11-27T21:23:48.41773-08:00,read,key_209,1.92,true,false,1446
2025-11-27T21:23:48.428872-08:00,read,key_866,2.87,true,false,810
2025-11-27T21:23:48.439896-08:00,read,key_491,1.45,true,false,596
2025-11-27T21:23:48.451028-08:00,read,key_278,1.78,true,false,547
2025-11-27T21:23:48.462201-08:00,read,key_340,2.72,true,false,820
2025-11-27T21:23:48.472986-08:00,read,key_927,1.67,true,false,1452
2025-11-27T21:23:48.484178-08:00,read,key_377,1.78,true,false,1183
2025-11-27T21:23:48.185413-08:00,write,key_807,306.23,true,false,1585
2025-11-27T21:23:48.494669-08:00,read,key_551,1.13,true,false,1512
2025-11-27T21:23:48.505804-08:00,read,key_204,2.21,true,false,1576
2025-11-27T21:23:48.51694-08:00,read,key_126,1.79,true,false,991
2025-11-27T21:23:48.528053-08:00,read,key_847,1.65,true,false,1096
2025-11-27T21:23:48.539126-08:00,read,key_702,2.36,true,false,1333
2025-11-27T21:23:48.550322-08:00,read,key_523,2.30,true,false,993
2025-11-27T21:23:48.561426-08:00,read,key_584,2.21,true,false,1307
2025-11-27T21:23:48.573185-08:00,read,key_98,2.23,true,false,1295
2025-11-27T21:23:48.584287-08:00,read,key_504,1.64,true,false,1557
2025-11-27T21:23:48.594429-08:00,read,key_731,1.77,true,false,801
2025-11-27T21:23:48.605586-08:00,read,key_402,1.90,true,false,1213
2025-11-27T21:23:48.6167-08:00,read,key_559,1.69,true,false,627
2025-11-27T21:23:48.627827-08:00,read,key_513,1.59,true,false,1031
2025-11-27T21:23:48.640371-08:00,read,key_244,2.27,true,false,1209
2025-11-27T21:23:48.651481-08:00,read,key_685,1.68,true,false,808
2025-11-27T21:23:48.662651-08:00,read,key_855,2.92,true,false,1487
2025-11-27T21:23:48.673149-08:00,read,key_133,2.13,true,false,1545
2025-11-27T21:23:48.684296-08:00,read,key_123,1.27,true,false,1243
2025-11-27T21:23:48.695198-08:00,read,key_760,1.18,true,false,852
2025-11-27T21:23:48.70633-08:00,read,key_108,0.86,true,false,866
2025-11-27T21:23:48.717448-08:00,read,key_205,1.55,true,false,715
2025-11-27T21:23:48.728599-08:00,read,key_396,2.06,true,false,890
2025-11-27T21:23:48.739667-08:00,read,key_8,1.65,true,false,1332
2025-11-27T21:23:48.749805-08:00,read,key_785,1.46,true,false,280
2025-11-27T21:23:48.760052-08:00,read,key_905,2.10,true,false,1540
2025-11-27T21:23:48.771177-08:00,read,key_485,2.15,true,false,1219
2025-11-27T21:23:48.781622-08:00,read,key_141,1.59,true,false,656
2025-11-27T21:23:48.792813-08:00,read,key_208,1.98,true,false,1346
2025-11-27T21:23:48.803487-08:00,read,key_357,2.50,true,false,1233
2025-11-27T21:23:48.814877-08:00,read,key_951,1.88,true,false,1506
2025-11-27T21:23:48.825797-08:00,read,key_196,1.62,true,false,1488
2025-11-27T21:23:48.836951-08:00,read,key_360,3.33,true,false,1394
2025-11-27T21:23:48.848185-08:00,read,key_132,1.45,true,false,1557
2025-11-27T21:23:48.858658-08:00,read,key_880,1.71,true,false,1089
2025-11-27T21:23:48.869269-08:00,read,key_529,2.24,true,false,1248
2025-11-27T21:23:48.87983-08:00,read,key_414,3.58,true,false,661
2025-11-27T21:23:48.890794-08:00,read,key_179,1.63,true,false,834
2025-11-27T21:23:48.901799-08:00,read,key_76,1.39,true,false,1478
2025-11-27T21:23:48.912937-08:00,read,key_867,1.87,true,false,1256
2025-11-27T21:23:48.92389-08:00,read,key_535,1.46,true,false,1489
2025-11-27T21:23:48.935026-08:00,read,key_371,2.15,true,false,1563
2025-11-27T21:23:48.945384-08:00,read,key_120,2.53,true,false,1434
2025-11-27T21:23:48.956449-08:00,read,key_733,1.69,true,false,264
2025-11-27T21:23:48.966989-08:00,read,key_952,2.08,true,false,1453
2025-11-27T21:23:48.978124-08:00,read,key_901,1.63,true,false,741
2025-11-27T21:23:48.98857-08:00,read,key_188,1.83,true,false,1448
2025-11-27T21:23:48.999662-08:00,read,key_110,1.65,true,false,1370
2025-11-27T21:23:49.010757-08:00,read,key_691,1.49,true,false,1074
2025-11-27T21:23:49.021684-08:00,read,key_951,1.87,true,false,1506
2025-11-27T21:23:49.032861-08:00,read,key_281,1.33,true,false,1508
2025-11-27T21:23:49.043138-08:00,read,key_196,1.50,true,false,1488
2025-11-27T21:23:49.054117-08:00,read,key_201,2.11,true,false,1353
2025-11-27T21:23:49.064785-08:00,read,key_629,1.64,true,false,579
2025-11-27T21:23:49.075001-08:00,read,key_469,1.87,true,false,1573
2025-11-27T21:23:49.086079-08:00,read,key_909,2.44,true,false,1463
2025-11-27T21:23:49.097283-08:00,read,key_242,2.18,true,false,1205
2025-11-27T21:23:49.108174-08:00,read,key_479,2.06,true,false,1402
2025-11-27T21:23:49.119224-08:00,read,key_350,3.21,true,false,1163
2025-11-27T21:23:49.13083-08:00,read,key_801,2.20,true,false,1565
2025-11-27T21:23:49.141775-08:00,read,key_7,1.69,true,false,1508
2025-11-27T21:23:49.152938-08:00,read,key_285,3.06,true,false,1250
2025-11-27T21:23:49.16329-08:00,read,key_200,2.42,true,false,1476
2025-11-27T21:23:49.174328-08:00,read,key_719,1.80,true,false,1542
2025-11-27T21:23:49.185477-08:00,read,key_127,1.91,true,false,983
2025-11-27T21:23:49.195919-08:00,read,key_132,3.56,true,false,1557
2025-11-27T21:23:49.206554-08:00,read,key_590,1.85,false,false,0
2025-11-27T21:23:49.242729-08:00,read,key_556,12.39,true,false,1452
2025-11-27T21:23:49.217773-08:00,read,key_657,37.37,true,false,1471
2025-11-27T21:23:49.25381-08:00,read,key_312,1.34,true,false,1026
2025-11-27T21:23:49.26493-08:00,read,key_998,1.23,true,false,1118
2025-11-27T21:23:49.276027-08:00,read,key_994,1.09,true,false,1194
2025-11-27T21:23:49.287149-08:00,read,key_286,1.69,true,false,1578
2025-11-27T21:23:49.298337-08:00,read,key_232,1.24,true,false,1538
2025-11-27T21:23:49.320485-08:00,read,key_177,1.90,true,false,839
2025-11-27T21:23:49.310107-08:00,read,key_378,12.28,true,false,1470
2025-11-27T21:23:49.331551-08:00,read,key_104,5.43,true,false,860
2025-11-27T21:23:49.342199-08:00,read,key_945,1.32,true,false,1262
2025-11-27T21:23:49.353327-08:00,read,key_699,1.51,true,false,1479
2025-11-27T21:23:49.364115-08:00,read,key_533,1.31,true,false,571
2025-11-27T21:23:49.375255-08:00,read,key_70,2.24,true,false,1399
2025-11-27T21:23:49.386373-08:00,read,key_554,1.49,true,false,1219
2025-11-27T21:23:49.39752-08:00,read,key_869,1.82,true,false,1316
2025-11-27T21:23:49.408493-08:00,read,key_487,1.69,true,false,1194
2025-11-27T21:23:49.419604-08:00,read,key_509,1.46,true,false,1560
2025-11-27T21:23:49.431245-08:00,read,key_688,2.18,true,false,853
2025-11-27T21:23:49.442389-08:00,read,key_881,1.94,true,false,1459
2025-11-27T21:23:49.453508-08:00,read,key_553,3.60,true,false,1125
2025-11-27T21:23:49.464847-08:00,read,key_134,2.00,true,false,1554
2025-11-27T21:23:49.475939-08:00,read,key_73,1.49,true,false,1563
2025-11-27T21:23:49.486715-08:00,read,key_141,1.61,true,false,656
2025-11-27T21:23:49.498223-08:00,read,key_539,1.60,true,false,187
2025-11-27T21:23:49.509305-08:00,read,key_971,1.73,true,false,1092
2025-11-27T21:23:49.520438-08:00,read,key_500,2.63,true,false,1487
2025-11-27T21:23:49.531497-08:00,read,key_778,1.62,true,false,317
2025-11-27T21:23:49.542713-08:00,read,key_446,1.59,true,false,1126
2025-11-27T21:23:49.5539-08:00,read,key_288,2.75,true,false,1272
2025-11-27T21:23:49.564931-08:00,read,key_114,1.60,true,false,1290
2025-11-27T21:23:49.57608-08:00,read,key_525,2.17,true,false,498
2025-11-27T21:23:49.587241-08:00,read,key_554,2.31,true,false,1219
2025-11-27T21:23:49.598528-08:00,read,key_111,1.81,true,false,1544
2025-11-27T21:23:49.60965-08:00,read,key_199,1.60,true,false,1045
2025-11-27T21:23:49.620824-08:00,read,key_728,2.08,true,false,1193
2025-11-27T21:23:49.631911-08:00,read,key_652,1.74,true,false,1495
2025-11-27T21:23:49.642228-08:00,read,key_365,1.63,true,false,865
2025-11-27T21:23:49.652551-08:00,read,key_139,1.51,true,false,1525
2025-11-27T21:23:49.663482-08:00,read,key_829,3.16,true,false,828
2025-11-27T21:23:49.674469-08:00,read,key_850,1.71,true,false,1514
2025-11-27T21:23:49.68497-08:00,read,key_200,1.71,true,false,1476
2025-11-27T21:23:49.696126-08:00,read,key_238,2.42,true,false,1582
2025-11-27T21:23:49.707242-08:00,read,key_174,1.53,false,false,0
2025-11-27T21:23:49.718363-08:00,read,key_513,1.65,true,false,1031
2025-11-27T21:23:49.729487-08:00,read,key_904,3.31,true,false,1461
2025-11-27T21:23:49.740427-08:00,read,key_988,1.42,true,false,696
2025-11-27T21:23:49.751576-08:00,read,key_559,1.81,true,false,627
2025-11-27T21:23:49.762746-08:00,read,key_190,2.37,true,false,1218
2025-11-27T21:23:49.773848-08:00,read,key_347,1.69,true,false,858
2025-11-27T21:23:49.784804-08:00,read,key_239,1.88,true,false,1575
2025-11-27T21:23:49.796361-08:00,read,key_731,2.42,true,false,801
2025-11-27T21:23:49.807042-08:00,read,key_866,1.25,true,false,810
2025-11-27T21:23:49.818162-08:00,read,key_393,1.52,true,false,567
2025-11-27T21:23:49.829072-08:00,read,key_694,2.37,true,false,1298
2025-11-27T21:23:49.840103-08:00,read,key_25,1.64,true,false,1208
2025-11-27T21:23:49.85049-08:00,read,key_106,1.44,true,false,1437
2025-11-27T21:23:49.861615-08:00,read,key_656,2.43,true,false,1017
2025-11-27T21:23:49.873497-08:00,read,key_882,2.08,true,false,1455
2025-11-27T21:23:49.884568-08:00,read,key_96,1.92,true,false,1450
2025-11-27T21:23:49.895672-08:00,read,key_386,2.00,true,false,1021
2025-11-27T21:23:49.906817-08:00,read,key_239,1.65,true,false,1575
2025-11-27T21:23:49.917123-08:00,read,key_808,1.32,true,false,1570
2025-11-27T21:23:49.928273-08:00,read,key_699,1.44,true,false,1479
2025-11-27T21:23:49.93947-08:00,read,key_300,1.99,true,false,1214
2025-11-27T21:23:49.9498-08:00,read,key_409,1.70,true,false,1347
2025-11-27T21:23:49.960898-08:00,read,key_0,1.36,true,false,1515
2025-11-27T21:23:49.971397-08:00,read,key_534,2.98,false,false,0
2025-11-27T21:23:49.982362-08:00,read,key_494,1.57,true,false,1081
2025-11-27T21:23:49.993516-08:00,read,key_344,1.70,true,false,768
2025-11-27T21:23:50.004733-08:00,read,key_519,2.34,true,false,968
2025-11-27T21:23:50.015312-08:00,read,key_300,1.49,true,false,1214
2025-11-27T21:23:50.026433-08:00,read,key_505,1.85,true,false,1410
2025-11-27T21:23:50.037717-08:00,read,key_359,2.38,true,false,1287
2025-11-27T21:23:50.048828-08:00,read,key_950,1.51,true,false,1085
2025-11-27T21:23:50.05997-08:00,read,key_178,1.72,false,false,0
2025-11-27T21:23:50.071169-08:00,read,key_909,3.11,true,false,1463
2025-11-27T21:23:50.081535-08:00,read,key_373,1.90,true,false,1563
2025-11-27T21:23:50.092377-08:00,read,key_498,1.65,true,false,1064
2025-11-27T21:23:50.103534-08:00,read,key_657,2.25,true,false,1471
2025-11-27T21:23:50.1146-08:00,read,key_710,1.50,true,false,1576
2025-11-27T21:23:50.124964-08:00,read,key_717,1.54,true,false,1568
2025-11-27T21:23:50.135406-08:00,read,key_661,1.83,true,false,899
2025-11-27T21:23:50.147217-08:00,read,key_195,2.32,true,false,1068
2025-11-27T21:23:50.158307-08:00,read,key_550,1.62,true,false,697
2025-11-27T21:23:50.168776-08:00,read,key_248,1.74,true,false,879
2025-11-27T21:23:50.179896-08:00,read,key_149,2.58,true,false,1364
2025-11-27T21:23:50.191-08:00,read,key_879,1.39,true,false,1566
2025-11-27T21:23:50.201324-08:00,read,key_58,1.87,true,false,1466
2025-11-27T21:23:50.212472-08:00,read,key_402,3.02,true,false,1213
2025-11-27T21:23:50.223478-08:00,read,key_942,1.31,true,false,1267
2025-11-27T21:23:50.234637-08:00,read,key_128,2.06,true,false,945
2025-11-27T21:23:50.246222-08:00,read,key_729,2.90,true,false,607
2025-11-27T21:23:50.256879-08:00,read,key_178,1.89,false,false,0
2025-11-27T21:23:50.268025-08:00,read,key_529,1.68,true,false,1248
2025-11-27T21:23:50.279157-08:00,read,key_944,2.56,true,false,1369
2025-11-27T21:23:50.290245-08:00,read,key_502,1.81,true,false,1569
2025-11-27T21:23:50.301386-08:00,read,key_102,2.00,true,false,770
2025-11-27T21:23:50.312649-08:00,read,key_954,3.11,true,false,1472
2025-11-27T21:23:50.323666-08:00,read,key_133,1.53,true,false,1545
2025-11-27T21:23:50.33481-08:00,read,key_568,1.70,true,false,441
2025-11-27T21:23:50.34594-08:00,read,key_46,2.32,true,false,1212
2025-11-27T21:23:50.357199-08:00,read,key_621,1.83,true,false,1247
2025-11-27T21:23:50.368277-08:00,read,key_470,1.64,true,false,1227
2025-11-27T21:23:50.379464-08:00,read,key_534,2.50,false,false,0
2025-11-27T21:23:50.391413-08:00,read,key_310,2.01,true,false,953
2025-11-27T21:23:50.402632-08:00,read,key_958,1.75,true,false,1498
2025-11-27T21:23:50.413296-08:00,read,key_276,3.06,true,false,476
2025-11-27T21:23:50.424288-08:00,read,key_973,1.70,true,false,1246
2025-11-27T21:23:50.4354-08:00,read,key_945,1.93,true,false,1262
2025-11-27T21:23:50.446399-08:00,read,key_988,2.71,true,false,696
2025-11-27T21:23:50.457245-08:00,read,key_113,1.73,true,false,1561
2025-11-27T21:23:50.468066-08:00,read,key_928,1.84,true,false,810
2025-11-27T21:23:50.479218-08:00,read,key_889,2.50,true,false,633
2025-11-27T21:23:50.490273-08:00,read,key_850,1.92,true,false,1514
2025-11-27T21:23:50.501403-08:00,read,key_500,1.99,true,false,1487
2025-11-27T21:23:50.512534-08:00,read,key_131,2.35,true,false,1505
2025-11-27T21:23:50.523643-08:00,read,key_687,1.68,true,false,411
2025-11-27T21:23:50.534791-08:00,read,key_486,1.91,true,false,1362
2025-11-27T21:23:50.545972-08:00,read,key_951,1.88,true,false,1506
2025-11-27T21:23:50.556123-08:00,read,key_58,1.06,true,false,1466
2025-11-27T21:23:50.567462-08:00,read,key_683,1.65,true,false,700
2025-11-27T21:23:50.577784-08:00,read,key_762,1.43,true,false,682
2025-11-27T21:23:50.588515-08:00,read,key_866,2.87,true,false,810
2025-11-27T21:23:50.599153-08:00,read,key_281,1.75,true,false,1508
2025-11-27T21:23:50.610307-08:00,read,key_693,1.55,true,false,1048
2025-11-27T21:23:50.621451-08:00,read,key_905,2.52,true,false,1540
2025-11-27T21:23:50.632453-08:00,read,key_111,1.70,true,false,1544
2025-11-27T21:23:50.642968-08:00,read,key_754,1.71,true,false,1308
2025-11-27T21:23:50.654116-08:00,read,key_855,3.36,true,false,1487
2025-11-27T21:23:50.665052-08:00,read,key_735,1.50,true,false,180
2025-11-27T21:23:50.676266-08:00,read,key_272,4.32,true,false,173
2025-11-27T21:23:50.687153-08:00,read,key_765,1.84,true,false,1365
2025-11-27T21:23:50.698356-08:00,read,key_362,2.06,true,false,754
2025-11-27T21:23:50.709477-08:00,read,key_199,1.58,true,false,1045
2025-11-27T21:23:50.720287-08:00,read,key_72,3.32,true,false,1296
2025-11-27T21:23:50.731313-08:00,read,key_953,1.63,true,false,1178
2025-11-27T21:23:50.742435-08:00,read,key_683,1.77,true,false,700
2025-11-27T21:23:50.753594-08:00,read,key_834,3.96,true,false,1388
2025-11-27T21:23:50.764589-08:00,read,key_524,1.55,true,false,1268
2025-11-27T21:23:50.775021-08:00,read,key_545,1.59,true,false,873
2025-11-27T21:23:50.786186-08:00,read,key_511,1.64,true,false,1201
2025-11-27T21:23:50.796911-08:00,read,key_755,2.74,true,false,1567
2025-11-27T21:23:50.807958-08:00,read,key_386,1.69,true,false,1021
2025-11-27T21:23:50.818315-08:00,read,key_512,1.82,true,false,841
2025-11-27T21:23:50.828469-08:00,read,key_839,1.51,true,false,828
2025-11-27T21:23:50.839691-08:00,read,key_697,1.43,true,false,1216
2025-11-27T21:23:50.861969-08:00,read,key_768,2.95,true,false,1437
2025-11-27T21:23:50.873032-08:00,read,key_535,1.18,true,false,1489
2025-11-27T21:23:50.884137-08:00,read,key_557,1.61,true,false,1576
2025-11-27T21:23:50.895208-08:00,read,key_423,1.27,true,false,718
2025-11-27T21:23:50.90648-08:00,read,key_344,1.45,true,false,768
2025-11-27T21:23:50.91741-08:00,read,key_61,1.40,true,false,1561
2025-11-27T21:23:50.92855-08:00,read,key_652,1.92,true,false,1495
2025-11-27T21:23:50.939753-08:00,read,key_54,2.07,true,false,1561
2025-11-27T21:23:50.951017-08:00,read,key_63,1.96,true,false,1131
2025-11-27T21:23:50.962266-08:00,read,key_275,4.00,true,false,1356
2025-11-27T21:23:50.972502-08:00,read,key_327,1.91,true,false,1474
2025-11-27T21:23:50.983599-08:00,read,key_129,1.43,true,false,875
2025-11-27T21:23:50.993791-08:00,read,key_881,1.67,true,false,1459
2025-11-27T21:23:51.004995-08:00,read,key_697,2.49,true,false,1216
2025-11-27T21:23:51.015229-08:00,read,key_873,1.79,true,false,1479
2025-11-27T21:23:51.026358-08:00,read,key_598,1.97,true,false,460
2025-11-27T21:23:51.036705-08:00,read,key_396,1.75,true,false,890
2025-11-27T21:23:51.047871-08:00,read,key_306,1.84,true,false,607
2025-11-27T21:23:51.058416-08:00,read,key_823,1.79,true,false,841
2025-11-27T21:23:51.069543-08:00,read,key_866,1.29,true,false,810
2025-11-27T21:23:51.080413-08:00,read,key_777,2.63,true,false,916
2025-11-27T21:23:51.091478-08:00,read,key_203,1.71,true,false,999
2025-11-27T21:23:51.10261-08:00,read,key_267,2.51,true,false,485
2025-11-27T21:23:51.113876-08:00,read,key_541,2.00,true,false,1524
2025-11-27T21:23:51.124988-08:00,read,key_932,1.51,true,false,1004
2025-11-27T21:23:51.136086-08:00,read,key_711,1.87,true,false,1231
2025-11-27T21:23:51.147132-08:00,read,key_345,3.21,true,false,859
2025-11-27T21:23:50.850844-08:00,write,key_833,310.05,true,false,1586
2025-11-27T21:23:51.15771-08:00,read,key_884,4.65,true,false,1527
2025-11-27T21:23:51.168491-08:00,read,key_233,1.34,true,false,1564
2025-11-27T21:23:51.178768-08:00,read,key_358,2.46,true,false,1584
2025-11-27T21:23:51.189862-08:00,read,key_906,1.48,true,false,1358
2025-11-27T21:23:51.200953-08:00,read,key_550,1.39,true,false,697
2025-11-27T21:23:51.21211-08:00,read,key_761,2.72,true,false,1082
2025-11-27T21:23:51.223105-08:00,read,key_959,1.24,true,false,1580
2025-11-27T21:23:51.233936-08:00,read,key_139,1.40,true,false,1525
2025-11-27T21:23:51.245074-08:00,read,key_377,2.26,true,false,1183
2025-11-27T21:23:51.256348-08:00,read,key_867,2.02,true,false,1256
2025-11-27T21:23:51.267198-08:00,read,key_405,1.58,true,false,1545
2025-11-27T21:23:51.278327-08:00,read,key_3,2.39,true,false,1329
2025-11-27T21:23:51.288833-08:00,read,key_204,2.14,true,false,1576
2025-11-27T21:23:51.299928-08:00,read,key_275,1.39,true,false,1356
2025-11-27T21:23:51.311077-08:00,read,key_539,1.79,true,false,187
2025-11-27T21:23:51.322764-08:00,read,key_555,2.18,true,false,1577
2025-11-27T21:23:51.333915-08:00,read,key_684,1.27,true,false,70
2025-11-27T21:23:51.344079-08:00,read,key_856,1.35,true,false,1378
2025-11-27T21:23:51.355112-08:00,read,key_778,2.40,true,false,317
2025-11-27T21:23:51.365692-08:00,read,key_193,1.67,true,false,1239
2025-11-27T21:23:51.376439-08:00,read,key_118,1.53,true,false,1529
2025-11-27T21:23:51.387826-08:00,read,key_348,2.36,true,false,615
2025-11-27T21:23:51.398802-08:00,read,key_311,1.70,true,false,1050
2025-11-27T21:23:51.40915-08:00,read,key_985,1.57,true,false,1174
2025-11-27T21:23:51.420293-08:00,read,key_358,2.04,true,false,1584
2025-11-27T21:23:51.431627-08:00,read,key_981,15.21,true,false,1384
2025-11-27T21:23:51.446965-08:00,read,key_190,17.40,true,false,1218
2025-11-27T21:23:51.458181-08:00,read,key_710,6.19,true,false,1576
2025-11-27T21:23:51.468764-08:00,read,key_325,0.90,true,false,753
2025-11-27T21:23:51.47989-08:00,read,key_770,1.18,true,false,382
2025-11-27T21:23:51.491052-08:00,read,key_430,1.07,true,false,1149
2025-11-27T21:23:51.5022-08:00,read,key_271,0.81,false,false,0
2025-11-27T21:23:51.512933-08:00,read,key_613,1.78,true,false,732
2025-11-27T21:23:51.52327-08:00,read,key_590,1.67,false,false,0
2025-11-27T21:23:51.534328-08:00,read,key_523,1.06,true,false,993
2025-11-27T21:23:51.545438-08:00,read,key_471,2.42,true,false,1235
2025-11-27T21:23:51.556308-08:00,read,key_101,1.64,true,false,822
2025-11-27T21:23:51.567192-08:00,read,key_750,2.13,true,false,1503
2025-11-27T21:23:51.578249-08:00,read,key_351,2.07,true,false,1333
2025-11-27T21:23:51.589771-08:00,read,key_567,2.15,true,false,1551
2025-11-27T21:23:51.600517-08:00,read,key_953,2.20,true,false,1178
2025-11-27T21:23:51.611562-08:00,read,key_443,1.99,true,false,987
2025-11-27T21:23:51.621822-08:00,read,key_558,2.91,true,false,1486
2025-11-27T21:23:51.632607-08:00,read,key_390,1.92,true,false,1537
2025-11-27T21:23:51.643753-08:00,read,key_834,1.99,true,false,1388
2025-11-27T21:23:51.654987-08:00,read,key_697,2.87,true,false,1216
2025-11-27T21:23:51.666011-08:00,read,key_653,1.58,true,false,1005
2025-11-27T21:23:51.687503-08:00,read,key_139,5.02,true,false,1525
2025-11-27T21:23:51.698373-08:00,read,key_450,1.47,true,false,1502
2025-11-27T21:23:51.709409-08:00,read,key_366,1.84,true,false,1095
2025-11-27T21:23:51.720495-08:00,read,key_135,2.40,true,false,1530
2025-11-27T21:23:51.731536-08:00,read,key_121,1.49,true,false,821
2025-11-27T21:23:51.742653-08:00,read,key_513,1.69,true,false,1031
2025-11-27T21:23:51.753759-08:00,read,key_861,2.55,true,false,1326
2025-11-27T21:23:51.764566-08:00,read,key_109,2.08,true,false,132
2025-11-27T21:23:51.775733-08:00,read,key_733,1.74,true,false,264
2025-11-27T21:23:51.786204-08:00,read,key_414,1.17,true,false,661
2025-11-27T21:23:51.797358-08:00,read,key_77,1.86,true,false,1564
2025-11-27T21:23:51.808339-08:00,read,key_178,1.54,false,false,0
2025-11-27T21:23:51.81903-08:00,read,key_284,1.39,true,false,1537
2025-11-27T21:23:51.830663-08:00,read,key_534,1.54,false,false,0
2025-11-27T21:23:51.841822-08:00,read,key_659,2.10,true,false,1510
2025-11-27T21:23:51.852969-08:00,read,key_282,2.60,true,false,1515
2025-11-27T21:23:51.863426-08:00,read,key_524,2.29,true,false,1268
2025-11-27T21:23:51.874509-08:00,read,key_655,2.25,true,false,1076
2025-11-27T21:23:51.885631-08:00,read,key_390,1.51,true,false,1537
2025-11-27T21:23:51.896748-08:00,read,key_189,2.98,false,false,0
2025-11-27T21:23:51.907868-08:00,read,key_811,1.91,true,false,1534
2025-11-27T21:23:51.919008-08:00,read,key_766,1.86,true,false,1039
2025-11-27T21:23:51.930205-08:00,read,key_864,3.16,false,false,0
2025-11-27T21:23:51.941185-08:00,read,key_274,1.81,true,false,613
2025-11-27T21:23:51.952001-08:00,read,key_294,1.81,true,false,921
2025-11-27T21:23:51.963167-08:00,read,key_94,3.26,true,false,1573
2025-11-27T21:23:51.973666-08:00,read,key_739,1.36,true,false,52
2025-11-27T21:23:51.676534-08:00,write,key_810,308.37,true,false,1587
2025-11-27T21:23:51.984784-08:00,read,key_716,0.76,true,false,1482
2025-11-27T21:23:51.995401-08:00,read,key_948,2.36,true,false,917
2025-11-27T21:23:52.006489-08:00,read,key_503,1.57,true,false,1556
2025-11-27T21:23:52.017617-08:00,read,key_550,1.80,true,false,697
2025-11-27T21:23:52.028763-08:00,read,key_947,2.03,true,false,1262
2025-11-27T21:23:52.039067-08:00,read,key_438,2.08,true,false,1221
2025-11-27T21:23:52.050232-08:00,read,key_474,1.57,true,false,1570
2025-11-27T21:23:52.061419-08:00,read,key_238,2.04,true,false,1582
2025-11-27T21:23:52.072106-08:00,read,key_425,2.45,true,false,1158
2025-11-27T21:23:52.083152-08:00,read,key_246,1.73,true,false,1483
2025-11-27T21:23:52.093752-08:00,read,key_521,1.37,true,false,886
2025-11-27T21:23:52.104905-08:00,read,key_933,2.21,true,false,1511
2025-11-27T21:23:52.116043-08:00,read,key_769,1.53,true,false,1573
2025-11-27T21:23:52.126663-08:00,read,key_901,1.61,true,false,741
2025-11-27T21:23:52.137786-08:00,read,key_95,2.84,true,false,1458
2025-11-27T21:23:52.148861-08:00,read,key_122,1.66,true,false,1210
2025-11-27T21:23:52.159549-08:00,read,key_329,1.50,true,false,683
2025-11-27T21:23:52.170677-08:00,read,key_194,2.58,true,false,1037
2025-11-27T21:23:52.181738-08:00,read,key_864,1.24,false,false,0
2025-11-27T21:23:52.192756-08:00,read,key_521,1.67,true,false,886
2025-11-27T21:23:52.203062-08:00,read,key_959,1.83,true,false,1580
2025-11-27T21:23:52.213544-08:00,read,key_688,2.62,true,false,853
2025-11-27T21:23:52.224538-08:00,read,key_460,1.43,true,false,1549
2025-11-27T21:23:52.235664-08:00,read,key_850,1.96,true,false,1514
2025-11-27T21:23:52.246939-08:00,read,key_132,1.74,true,false,1557
2025-11-27T21:23:52.258073-08:00,read,key_484,1.67,true,false,1481
2025-11-27T21:23:52.268519-08:00,read,key_92,1.26,true,false,1514
2025-11-27T21:23:52.279137-08:00,read,key_8,2.43,true,false,1332
2025-11-27T21:23:52.28999-08:00,read,key_493,1.31,true,false,991
2025-11-27T21:23:52.301123-08:00,read,key_377,1.60,true,false,1183
2025-11-27T21:23:52.312243-08:00,read,key_361,2.33,true,false,1503
2025-11-27T21:23:52.323271-08:00,read,key_858,1.56,true,false,1444
2025-11-27T21:23:52.334426-08:00,read,key_58,1.53,true,false,1466
2025-11-27T21:23:52.345491-08:00,read,key_989,2.85,true,false,1327
2025-11-27T21:23:52.356453-08:00,read,key_325,2.16,true,false,753
2025-11-27T21:23:52.367153-08:00,read,key_698,1.78,true,false,1538
2025-11-27T21:23:52.377884-08:00,read,key_376,2.11,true,false,1179
2025-11-27T21:23:52.388994-08:00,read,key_21,2.56,true,false,1414
2025-11-27T21:23:52.399576-08:00,read,key_53,1.47,true,false,1535
2025-11-27T21:23:52.410732-08:00,read,key_925,1.17,true,false,889
2025-11-27T21:23:52.421412-08:00,read,key_694,2.78,true,false,1298
2025-11-27T21:23:52.432211-08:00,read,key_325,1.52,true,false,753
2025-11-27T21:23:52.442724-08:00,read,key_617,1.64,true,false,728
2025-11-27T21:23:52.453853-08:00,read,key_423,2.16,true,false,718
2025-11-27T21:23:52.464596-08:00,read,key_71,2.00,true,false,1518
2025-11-27T21:23:52.475514-08:00,read,key_381,1.85,true,false,1019
2025-11-27T21:23:52.486621-08:00,read,key_436,2.13,true,false,1338
2025-11-27T21:23:52.497196-08:00,read,key_496,2.30,true,false,1559
2025-11-27T21:23:52.508311-08:00,read,key_347,1.59,true,false,858
2025-11-27T21:23:52.519099-08:00,read,key_408,3.35,true,false,1366
2025-11-27T21:23:52.530664-08:00,read,key_959,2.33,true,false,1580
2025-11-27T21:23:52.541776-08:00,read,key_473,1.46,true,false,1563
2025-11-27T21:23:52.552968-08:00,read,key_773,1.65,true,false,324
2025-11-27T21:23:52.563453-08:00,read,key_365,2.55,true,false,865
2025-11-27T21:23:52.574485-08:00,read,key_385,1.47,false,false,0
2025-11-27T21:23:52.584828-08:00,read,key_885,1.36,true,false,1081
2025-11-27T21:23:52.595719-08:00,read,key_973,2.45,true,false,1246
2025-11-27T21:23:52.606327-08:00,read,key_599,1.27,true,false,1569
2025-11-27T21:23:52.617451-08:00,read,key_776,1.38,true,false,1128
2025-11-27T21:23:52.62858-08:00,read,key_761,2.17,true,false,1082
2025-11-27T21:23:52.639643-08:00,read,key_384,1.65,true,false,830
2025-11-27T21:23:52.65076-08:00,read,key_952,1.62,true,false,1453
2025-11-27T21:23:52.661754-08:00,read,key_62,1.84,true,false,1061
2025-11-27T21:23:52.672887-08:00,read,key_208,1.82,true,false,1346
2025-11-27T21:23:52.683922-08:00,read,key_322,1.84,true,false,1559
2025-11-27T21:23:52.695018-08:00,read,key_130,1.54,true,false,1428
2025-11-27T21:23:52.705874-08:00,read,key_230,1.77,true,false,1448
2025-11-27T21:23:52.717041-08:00,read,key_398,1.60,true,false,1542
2025-11-27T21:23:52.727183-08:00,read,key_208,1.59,true,false,1346
2025-11-27T21:23:52.738287-08:00,read,key_96,1.51,true,false,1450
2025-11-27T21:23:52.749387-08:00,read,key_246,0.92,true,false,1483
2025-11-27T21:23:52.760452-08:00,read,key_236,1.92,true,false,1547
2025-11-27T21:23:52.771552-08:00,read,key_110,1.12,true,false,1370
2025-11-27T21:23:52.7827-08:00,read,key_483,1.60,true,false,1539
2025-11-27T21:23:52.793852-08:00,read,key_654,1.64,true,false,930
2025-11-27T21:23:52.805008-08:00,read,key_784,1.54,true,false,997
2025-11-27T21:23:52.815856-08:00,read,key_462,1.31,true,false,1562
2025-11-27T21:23:52.826962-08:00,read,key_292,1.37,true,false,993
2025-11-27T21:23:52.838201-08:00,read,key_241,1.98,true,false,570
2025-11-27T21:23:52.848717-08:00,read,key_120,1.27,true,false,1434
2025-11-27T21:23:52.859637-08:00,read,key_65,2.03,false,false,0
2025-11-27T21:23:52.870384-08:00,read,key_432,1.34,true,false,1288
2025-11-27T21:23:52.881522-08:00,read,key_958,1.53,true,false,1498
2025-11-27T21:23:52.892591-08:00,read,key_758,1.29,true,false,1401
2025-11-27T21:23:52.903476-08:00,read,key_137,1.18,true,false,1558
2025-11-27T21:23:52.914561-08:00,read,key_516,1.48,true,false,1273
2025-11-27T21:23:52.925698-08:00,read,key_350,1.66,true,false,1163
2025-11-27T21:23:52.936781-08:00,read,key_200,1.26,true,false,1476
2025-11-27T21:23:52.947895-08:00,read,key_597,1.38,true,false,231
2025-11-27T21:23:52.95897-08:00,read,key_395,1.32,true,false,750
2025-11-27T21:23:52.970044-08:00,read,key_865,1.47,false,false,0
2025-11-27T21:23:52.992226-08:00,read,key_822,13.36,false,false,0
2025-11-27T21:23:53.003306-08:00,read,key_67,2.29,true,false,1156
2025-11-27T21:23:52.981108-08:00,read,key_49,24.49,true,false,1075
2025-11-27T21:23:53.014505-08:00,read,key_367,0.88,true,false,1381
2025-11-27T21:23:53.025628-08:00,read,key_958,0.77,true,false,1498
2025-11-27T21:23:53.036806-08:00,read,key_807,0.79,true,false,1585
2025-11-27T21:23:53.047968-08:00,read,key_833,2.17,true,false,1586
2025-11-27T21:23:53.059071-08:00,read,key_237,1.87,true,false,1276
2025-11-27T21:23:53.069709-08:00,read,key_350,1.97,true,false,1163
2025-11-27T21:23:53.080747-08:00,read,key_933,2.26,true,false,1511
2025-11-27T21:23:53.091878-08:00,read,key_531,1.74,true,false,774
2025-11-27T21:23:53.102277-08:00,read,key_974,2.08,true,false,1521
2025-11-27T21:23:53.113627-08:00,read,key_349,1.76,true,false,666
2025-11-27T21:23:53.124348-08:00,read,key_134,1.69,true,false,1554
2025-11-27T21:23:53.135477-08:00,read,key_816,1.97,false,false,0
2025-11-27T21:23:53.145835-08:00,read,key_180,2.37,true,false,1413
2025-11-27T21:23:53.156882-08:00,read,key_956,2.01,true,false,1418
2025-11-27T21:23:53.167407-08:00,read,key_681,2.12,true,false,425
2025-11-27T21:23:53.178599-08:00,read,key_656,2.12,true,false,1017
2025-11-27T21:23:53.189745-08:00,read,key_903,1.92,true,false,1566
2025-11-27T21:23:53.200864-08:00,read,key_954,1.51,true,false,1472
2025-11-27T21:23:53.212008-08:00,read,key_409,2.72,true,false,1347
2025-11-27T21:23:53.222356-08:00,read,key_716,1.85,true,false,1482
2025-11-27T21:23:53.233491-08:00,read,key_877,1.36,true,false,1554
2025-11-27T21:23:53.244628-08:00,read,key_851,2.10,true,false,1527
2025-11-27T21:23:53.255134-08:00,read,key_544,1.72,true,false,1451
2025-11-27T21:23:53.266271-08:00,read,key_193,1.17,true,false,1239
2025-11-27T21:23:53.277451-08:00,read,key_441,2.08,true,false,1544
2025-11-27T21:23:53.288571-08:00,read,key_979,1.76,true,false,1579
2025-11-27T21:23:53.298899-08:00,read,key_945,1.37,true,false,1262
2025-11-27T21:23:53.30997-08:00,read,key_778,1.33,true,false,317
2025-11-27T21:23:53.321056-08:00,read,key_716,1.15,true,false,1482
2025-11-27T21:23:53.332149-08:00,read,key_773,1.20,true,false,324
2025-11-27T21:23:53.343219-08:00,read,key_537,1.22,false,false,0
2025-11-27T21:23:53.354305-08:00,read,key_827,1.55,true,false,251
2025-11-27T21:23:53.36539-08:00,read,key_623,1.65,true,false,1187
2025-11-27T21:23:53.376476-08:00,read,key_187,1.50,true,false,1404
2025-11-27T21:23:53.387675-08:00,read,key_176,2.45,false,false,0
2025-11-27T21:23:53.398725-08:00,read,key_718,1.70,true,false,1501
2025-11-27T21:23:53.409857-08:00,read,key_306,1.45,true,false,607
2025-11-27T21:23:53.421003-08:00,read,key_6,2.57,true,false,1290
2025-11-27T21:23:53.432098-08:00,read,key_416,1.84,true,false,891
2025-11-27T21:23:53.443272-08:00,read,key_543,2.04,true,false,1455
2025-11-27T21:23:53.454379-08:00,read,key_596,2.25,false,false,0
2025-11-27T21:23:53.465456-08:00,read,key_301,2.11,true,false,1208
2025-11-27T21:23:53.476617-08:00,read,key_542,1.89,true,false,686
2025-11-27T21:23:53.486988-08:00,read,key_432,2.62,true,false,1288
2025-11-27T21:23:53.498162-08:00,read,key_236,1.92,true,false,1547
2025-11-27T21:23:53.509299-08:00,read,key_78,1.78,true,false,1472
2025-11-27T21:23:53.520464-08:00,read,key_241,2.34,true,false,570
2025-11-27T21:23:53.531495-08:00,read,key_867,2.09,true,false,1256
2025-11-27T21:23:53.542659-08:00,read,key_124,1.86,true,false,1309
2025-11-27T21:23:53.553002-08:00,read,key_461,1.92,true,false,1566
2025-11-27T21:23:53.563348-08:00,read,key_982,2.70,true,false,668
2025-11-27T21:23:53.574417-08:00,read,key_230,2.00,true,false,1448
2025-11-27T21:23:53.585294-08:00,read,key_616,1.82,true,false,1451
2025-11-27T21:23:53.596159-08:00,read,key_951,2.52,true,false,1506
2025-11-27T21:23:53.607221-08:00,read,key_509,1.71,true,false,1560
2025-11-27T21:23:53.618334-08:00,read,key_310,1.84,true,false,953
2025-11-27T21:23:53.628594-08:00,read,key_172,2.77,true,false,1581
2025-11-27T21:23:53.639644-08:00,read,key_421,2.15,true,false,1162
2025-11-27T21:23:53.650827-08:00,read,key_851,1.99,true,false,1527
2025-11-27T21:23:53.661987-08:00,read,key_392,2.74,false,false,0
2025-11-27T21:23:53.672587-08:00,read,key_905,1.93,true,false,1540
2025-11-27T21:23:53.683754-08:00,read,key_850,1.80,true,false,1514
2025-11-27T21:23:53.694928-08:00,read,key_21,1.84,true,false,1414
2025-11-27T21:23:53.706428-08:00,read,key_127,2.17,true,false,983
2025-11-27T21:23:53.71754-08:00,read,key_943,1.53,true,false,1500
2025-11-27T21:23:53.72775-08:00,read,key_659,1.78,true,false,1510
2025-11-27T21:23:53.738941-08:00,read,key_610,1.80,true,false,1408
2025-11-27T21:23:53.74922-08:00,read,key_863,1.78,true,false,331
2025-11-27T21:23:53.760381-08:00,read,key_414,2.11,true,false,661
2025-11-27T21:23:53.770607-08:00,read,key_119,2.48,true,false,1477
2025-11-27T21:23:53.781651-08:00,read,key_724,2.01,true,false,898
2025-11-27T21:23:53.792097-08:00,read,key_91,2.04,true,false,1559
2025-11-27T21:23:53.80315-08:00,read,key_503,2.30,true,false,1556
2025-11-27T21:23:53.813418-08:00,read,key_950,2.91,true,false,1085
2025-11-27T21:23:53.824447-08:00,read,key_449,2.02,true,false,1393
2025-11-27T21:23:53.835585-08:00,read,key_774,1.76,true,false,395
2025-11-27T21:23:53.846219-08:00,read,key_241,2.64,true,false,570
2025-11-27T21:23:53.857341-08:00,read,key_761,1.23,true,false,1082
2025-11-27T21:23:53.868494-08:00,read,key_977,1.65,true,false,821
2025-11-27T21:23:53.879054-08:00,read,key_936,2.41,false,false,0
2025-11-27T21:23:53.890159-08:00,read,key_472,1.48,true,false,1513
2025-11-27T21:23:53.901265-08:00,read,key_543,1.31,true,false,1455
2025-11-27T21:23:53.912323-08:00,read,key_361,3.43,true,false,1503
2025-11-27T21:23:53.923351-08:00,read,key_241,1.88,true,false,570
2025-11-27T21:23:53.934532-08:00,read,key_982,1.66,true,false,668
2025-11-27T21:23:53.945584-08:00,read,key_406,2.15,true,false,1137
2025-11-27T21:23:53.956686-08:00,read,key_129,1.34,true,false,875
2025-11-27T21:23:53.967821-08:00,read,key_509,1.50,true,false,1560
2025-11-27T21:23:53.978971-08:00,read,key_610,2.43,true,false,1408
2025-11-27T21:23:53.98951-08:00,read,key_980,1.72,true,false,1410
2025-11-27T21:23:54.000119-08:00,read,key_510,1.79,true,false,1063
2025-11-27T21:23:54.010722-08:00,read,key_486,1.48,true,false,1362
2025-11-27T21:23:54.021741-08:00,read,key_697,2.42,true,false,1216
2025-11-27T21:23:54.032573-08:00,read,key_986,1.71,true,false,1552
2025-11-27T21:23:54.043289-08:00,read,key_394,1.65,false,false,0
2025-11-27T21:23:54.053632-08:00,read,key_404,2.09,true,false,1171
2025-11-27T21:23:54.064273-08:00,read,key_541,2.17,true,false,1524
2025-11-27T21:23:54.075048-08:00,read,key_909,3.84,true,false,1463
2025-11-27T21:23:54.085926-08:00,read,key_699,1.58,true,false,1479
2025-11-27T21:23:54.097053-08:00,read,key_596,1.71,false,false,0
2025-11-27T21:23:54.108181-08:00,read,key_907,1.97,true,false,1576
2025-11-27T21:23:54.119252-08:00,read,key_851,1.80,true,false,1527
2025-11-27T21:23:54.130532-08:00,read,key_979,1.88,true,false,1579
2025-11-27T21:23:54.141701-08:00,read,key_880,1.55,true,false,1089
2025-11-27T21:23:54.152777-08:00,read,key_656,1.90,true,false,1017
2025-11-27T21:23:54.163459-08:00,read,key_721,2.17,true,false,1387
2025-11-27T21:23:54.174667-08:00,read,key_856,1.78,true,false,1378
2025-11-27T21:23:54.185826-08:00,read,key_806,1.81,true,false,1572
2025-11-27T21:23:54.197029-08:00,read,key_988,1.91,true,false,696
2025-11-27T21:23:54.208179-08:00,read,key_779,1.58,false,false,0
2025-11-27T21:23:54.218607-08:00,read,key_131,1.62,true,false,1505
2025-11-27T21:23:54.229221-08:00,read,key_689,2.31,true,false,719
2025-11-27T21:23:54.240299-08:00,read,key_260,1.44,false,false,0
2025-11-27T21:23:54.251441-08:00,read,key_186,1.76,true,false,1574
2025-11-27T21:23:54.262595-08:00,read,key_497,2.03,true,false,1025
2025-11-27T21:23:54.284876-08:00,read,key_524,1.46,true,false,1268
2025-11-27T21:23:54.296021-08:00,read,key_926,2.62,false,false,0
2025-11-27T21:23:54.307058-08:00,read,key_205,1.48,true,false,715
2025-11-27T21:23:54.318204-08:00,read,key_711,1.26,true,false,1231
2025-11-27T21:23:54.329551-08:00,read,key_816,2.00,false,false,0
2025-11-27T21:23:54.340659-08:00,read,key_244,1.46,true,false,1209
2025-11-27T21:23:54.351787-08:00,read,key_248,1.70,true,false,879
2025-11-27T21:23:54.36296-08:00,read,key_64,2.05,true,false,936
2025-11-27T21:23:54.373811-08:00,read,key_969,1.56,true,false,1347
2025-11-27T21:23:54.385134-08:00,read,key_691,1.53,true,false,1074
2025-11-27T21:23:54.396491-08:00,read,key_205,2.13,true,false,715
2025-11-27T21:23:54.40757-08:00,read,key_255,1.46,true,false,1482
2025-11-27T21:23:54.418709-08:00,read,key_420,1.80,true,false,397
2025-11-27T21:23:54.429187-08:00,read,key_399,2.18,true,false,870
2025-11-27T21:23:54.440265-08:00,read,key_124,1.83,true,false,1309
2025-11-27T21:23:54.451028-08:00,read,key_264,1.45,true,false,427
2025-11-27T21:23:54.462176-08:00,read,key_387,2.42,true,false,161
2025-11-27T21:23:54.473336-08:00,read,key_443,1.47,true,false,987
2025-11-27T21:23:54.484072-08:00,read,key_182,1.25,true,false,1107
2025-11-27T21:23:54.49518-08:00,read,key_836,1.88,true,false,904
2025-11-27T21:23:54.506357-08:00,read,key_194,1.94,true,false,1037
2025-11-27T21:23:54.517178-08:00,read,key_976,1.35,true,false,1371
2025-11-27T21:23:54.528304-08:00,read,key_65,1.50,false,false,0
2025-11-27T21:23:54.539632-08:00,read,key_864,1.59,false,false,0
2025-11-27T21:23:54.550471-08:00,read,key_685,1.72,true,false,808
2025-11-27T21:23:54.561581-08:00,read,key_230,1.95,true,false,1448
2025-11-27T21:23:54.573318-08:00,read,key_284,2.05,true,false,1537
2025-11-27T21:23:54.27371-08:00,write,key_131,304.39,true,false,1588
2025-11-27T21:23:54.584132-08:00,read,key_542,1.70,true,false,686
2025-11-27T21:23:54.594637-08:00,read,key_135,2.02,true,false,1530
2025-11-27T21:23:54.605455-08:00,read,key_971,1.74,true,false,1092
2025-11-27T21:23:54.615691-08:00,read,key_235,1.64,true,false,1547
2025-11-27T21:23:54.626822-08:00,read,key_985,1.56,true,false,1174
2025-11-27T21:23:54.637517-08:00,read,key_483,2.12,true,false,1539
2025-11-27T21:23:54.648537-08:00,read,key_558,1.52,true,false,1486
2025-11-27T21:23:54.658883-08:00,read,key_269,1.62,false,false,0
2025-11-27T21:23:54.670017-08:00,read,key_190,2.29,true,false,1218
2025-11-27T21:23:54.692506-08:00,read,key_736,2.13,true,false,745
2025-11-27T21:23:54.714683-08:00,read,key_513,1.47,true,false,1031
2025-11-27T21:23:54.725772-08:00,read,key_765,1.43,true,false,1365
2025-11-27T21:23:54.736863-08:00,read,key_293,3.17,true,false,263
2025-11-27T21:23:54.747889-08:00,read,key_281,3.62,true,false,1508
2025-11-27T21:23:54.758372-08:00,read,key_237,1.23,true,false,1276
2025-11-27T21:23:54.769477-08:00,read,key_938,1.83,true,false,1566
2025-11-27T21:23:54.780215-08:00,read,key_189,2.24,false,false,0
2025-11-27T21:23:54.791369-08:00,read,key_771,1.97,false,false,0
2025-11-27T21:23:54.802488-08:00,read,key_886,2.03,true,false,1482
2025-11-27T21:23:54.813928-08:00,read,key_68,1.71,true,false,759
2025-11-27T21:23:54.825053-08:00,read,key_522,1.53,true,false,1171
2025-11-27T21:23:54.836245-08:00,read,key_731,1.56,true,false,801
2025-11-27T21:23:54.84732-08:00,read,key_75,1.51,true,false,1523
2025-11-27T21:23:54.858379-08:00,read,key_915,1.38,true,false,837
2025-11-27T21:23:54.869483-08:00,read,key_395,2.59,true,false,750
2025-11-27T21:23:54.880524-08:00,read,key_922,2.17,true,false,616
2025-11-27T21:23:54.891626-08:00,read,key_47,1.53,true,false,1041
2025-11-27T21:23:54.902465-08:00,read,key_764,2.23,true,false,1274
2025-11-27T21:23:54.913729-08:00,read,key_696,2.17,true,false,1540
2025-11-27T21:23:54.924861-08:00,read,key_853,1.71,true,false,1491
2025-11-27T21:23:54.935878-08:00,read,key_71,1.99,true,false,1518
2025-11-27T21:23:54.947076-08:00,read,key_883,2.40,false,false,0
2025-11-27T21:23:54.958193-08:00,read,key_122,1.60,true,false,1210
2025-11-27T21:23:54.969325-08:00,read,key_550,2.91,true,false,697
2025-11-27T21:23:54.980382-08:00,read,key_594,2.49,false,false,0
2025-11-27T21:23:54.681306-08:00,write,key_628,311.19,true,false,1589
2025-11-27T21:23:54.991519-08:00,read,key_171,1.26,false,false,0
2025-11-27T21:23:55.002623-08:00,read,key_889,2.54,true,false,633
2025-11-27T21:23:54.70365-08:00,write,key_392,309.28,true,false,1590
2025-11-27T21:23:55.012906-08:00,read,key_540,1.61,true,false,839
2025-11-27T21:23:55.02332-08:00,read,key_405,1.58,true,false,1545
2025-11-27T21:23:55.034402-08:00,read,key_921,1.47,true,false,818
2025-11-27T21:23:55.04567-08:00,read,key_980,2.54,true,false,1410
2025-11-27T21:23:55.056741-08:00,read,key_410,1.84,true,false,1122
2025-11-27T21:23:55.067154-08:00,read,key_104,1.62,true,false,860
2025-11-27T21:23:55.07836-08:00,read,key_298,1.50,true,false,1507
2025-11-27T21:23:55.089457-08:00,read,key_243,1.62,true,false,588
2025-11-27T21:23:55.10061-08:00,read,key_598,1.82,true,false,460
2025-11-27T21:23:55.111733-08:00,read,key_868,1.34,true,false,319
2025-11-27T21:23:55.121939-08:00,read,key_365,2.18,true,false,865
2025-11-27T21:23:55.133032-08:00,read,key_244,1.43,true,false,1209
2025-11-27T21:23:55.143251-08:00,read,key_837,1.79,true,false,792
2025-11-27T21:23:55.154058-08:00,read,key_552,2.74,true,false,1126
2025-11-27T21:23:55.165157-08:00,read,key_483,1.60,true,false,1539
2025-11-27T21:23:55.176262-08:00,read,key_906,1.64,true,false,1358
2025-11-27T21:23:55.187365-08:00,read,key_402,2.29,true,false,1213
2025-11-27T21:23:55.198442-08:00,read,key_392,2.15,true,false,1590
2025-11-27T21:23:55.209575-08:00,read,key_272,1.61,true,false,173
2025-11-27T21:23:55.220762-08:00,read,key_978,2.36,true,false,1463
2025-11-27T21:23:55.231453-08:00,read,key_680,1.41,true,false,982
2025-11-27T21:23:55.242577-08:00,read,key_272,1.64,true,false,173
2025-11-27T21:23:55.253782-08:00,read,key_717,2.83,true,false,1568
2025-11-27T21:23:55.26481-08:00,read,key_322,1.20,true,false,1559
2025-11-27T21:23:55.275489-08:00,read,key_977,1.47,true,false,821
2025-11-27T21:23:55.286638-08:00,read,key_932,2.25,true,false,1004
2025-11-27T21:23:55.298074-08:00,read,key_779,2.20,false,false,0
2025-11-27T21:23:55.308796-08:00,read,key_128,1.44,true,false,945
2025-11-27T21:23:55.319963-08:00,read,key_691,2.74,true,false,1074
2025-11-27T21:23:55.331309-08:00,read,key_63,1.93,true,false,1131
2025-11-27T21:23:55.342141-08:00,read,key_375,1.33,true,false,1025
2025-11-27T21:23:55.353293-08:00,read,key_735,1.88,true,false,180
2025-11-27T21:23:55.364405-08:00,read,key_3,1.82,true,false,1329
2025-11-27T21:23:55.375493-08:00,read,key_292,1.35,true,false,993
2025-11-27T21:23:55.386653-08:00,read,key_472,2.08,true,false,1513
2025-11-27T21:23:55.397781-08:00,read,key_252,2.18,true,false,1525
2025-11-27T21:23:55.40882-08:00,read,key_187,1.66,true,false,1404
2025-11-27T21:23:55.420135-08:00,read,key_7,1.88,true,false,1508
2025-11-27T21:23:55.431227-08:00,read,key_764,2.31,true,false,1274
2025-11-27T21:23:55.442193-08:00,read,key_760,1.43,true,false,852
2025-11-27T21:23:55.453312-08:00,read,key_302,3.49,true,false,1175
2025-11-27T21:23:55.464855-08:00,read,key_62,2.41,true,false,1061
2025-11-27T21:23:55.475548-08:00,read,key_361,1.81,true,false,1503
2025-11-27T21:23:55.486473-08:00,read,key_774,1.81,true,false,395
2025-11-27T21:23:55.497941-08:00,read,key_683,1.62,true,false,700
2025-11-27T21:23:55.509084-08:00,read,key_957,1.79,true,false,1311
2025-11-27T21:23:55.520163-08:00,read,key_467,2.87,true,false,1519
2025-11-27T21:23:55.531405-08:00,read,key_282,4.59,true,false,1515
2025-11-27T21:23:55.542125-08:00,read,key_854,1.73,true,false,1463
2025-11-27T21:23:55.552606-08:00,read,key_382,1.98,true,false,88
2025-11-27T21:23:55.563447-08:00,read,key_686,1.81,true,false,880
2025-11-27T21:23:55.574322-08:00,read,key_928,1.49,true,false,810
2025-11-27T21:23:55.585435-08:00,read,key_60,1.49,true,false,1132
2025-11-27T21:23:55.596532-08:00,read,key_239,1.74,true,false,1575
2025-11-27T21:23:55.607653-08:00,read,key_870,1.75,true,false,1485
2025-11-27T21:23:55.618844-08:00,read,key_281,1.67,true,false,1508
2025-11-27T21:23:55.629926-08:00,read,key_3,2.62,true,false,1329
2025-11-27T21:23:55.640977-08:00,read,key_113,1.98,true,false,1561
2025-11-27T21:23:55.652144-08:00,read,key_321,1.76,true,false,504
2025-11-27T21:23:55.663269-08:00,read,key_105,3.12,true,false,864
2025-11-27T21:23:55.674291-08:00,read,key_520,1.75,true,false,1257
2025-11-27T21:23:55.68541-08:00,read,key_107,1.97,true,false,1435
2025-11-27T21:23:55.696193-08:00,read,key_347,2.52,true,false,858
2025-11-27T21:23:55.707195-08:00,read,key_499,1.61,true,false,746
2025-11-27T21:23:55.717717-08:00,read,key_250,1.99,true,false,1378
2025-11-27T21:23:55.728813-08:00,read,key_354,2.66,true,false,1519
2025-11-27T21:23:55.739783-08:00,read,key_398,1.67,true,false,1542
2025-11-27T21:23:55.750917-08:00,read,key_272,1.63,true,false,173
2025-11-27T21:23:55.76204-08:00,read,key_508,2.53,true,false,1349
2025-11-27T21:23:55.77263-08:00,read,key_916,1.83,true,false,1241
2025-11-27T21:23:55.783456-08:00,read,key_693,1.76,true,false,1048
2025-11-27T21:23:55.793999-08:00,read,key_628,2.11,true,false,1589
2025-11-27T21:23:55.80477-08:00,read,key_499,2.55,true,false,746
2025-11-27T21:23:55.815181-08:00,read,key_101,1.64,true,false,822
2025-11-27T21:23:55.826048-08:00,read,key_616,1.90,true,false,1451
2025-11-27T21:23:55.837241-08:00,read,key_421,2.57,true,false,1162
2025-11-27T21:23:55.848265-08:00,read,key_983,1.83,true,false,1339
2025-11-27T21:23:55.859297-08:00,read,key_513,1.84,true,false,1031
2025-11-27T21:23:55.870395-08:00,read,key_604,2.84,true,false,961
2025-11-27T21:23:55.880912-08:00,read,key_956,1.77,true,false,1418
2025-11-27T21:23:55.8914-08:00,read,key_653,2.40,true,false,1005
2025-11-27T21:23:55.902551-08:00,read,key_855,3.38,true,false,1487
2025-11-27T21:23:55.913861-08:00,read,key_489,1.43,true,false,1390
2025-11-27T21:23:55.925036-08:00,read,key_197,1.62,false,false,0
2025-11-27T21:23:55.936133-08:00,read,key_554,1.99,true,false,1219
2025-11-27T21:23:55.947241-08:00,read,key_247,1.91,false,false,0
2025-11-27T21:23:55.957907-08:00,read,key_616,1.41,true,false,1451
2025-11-27T21:23:55.969045-08:00,read,key_690,2.04,true,false,1171
2025-11-27T21:23:55.979917-08:00,read,key_42,1.78,true,false,1252
2025-11-27T21:23:55.99087-08:00,read,key_474,1.99,true,false,1570
2025-11-27T21:23:56.001922-08:00,read,key_170,2.07,true,false,852
2025-11-27T21:23:56.0131-08:00,read,key_384,2.64,true,false,830
2025-11-27T21:23:56.024228-08:00,read,key_760,2.18,true,false,852
2025-11-27T21:23:56.035344-08:00,read,key_155,2.15,true,false,1254
2025-11-27T21:23:56.045837-08:00,read,key_106,2.55,true,false,1437
2025-11-27T21:23:56.056899-08:00,read,key_546,1.75,true,false,1373
2025-11-27T21:23:56.06803-08:00,read,key_262,1.62,true,false,604
2025-11-27T21:23:56.079326-08:00,read,key_391,2.54,true,false,1523
2025-11-27T21:23:56.089842-08:00,read,key_956,1.75,true,false,1418
2025-11-27T21:23:56.101028-08:00,read,key_24,1.76,true,false,1428
2025-11-27T21:23:56.112205-08:00,read,key_987,1.37,true,false,990
2025-11-27T21:23:56.123347-08:00,read,key_188,0.83,true,false,1448
2025-11-27T21:23:56.133512-08:00,read,key_976,0.99,true,false,1371
2025-11-27T21:23:56.144012-08:00,read,key_955,2.70,true,false,1567
2025-11-27T21:23:56.154672-08:00,read,key_43,1.07,true,false,639
2025-11-27T21:23:56.165911-08:00,read,key_354,0.84,true,false,1519
2025-11-27T21:23:56.177023-08:00,read,key_531,0.82,true,false,774
2025-11-27T21:23:56.188284-08:00,read,key_735,1.06,true,false,180
2025-11-27T21:23:56.199451-08:00,read,key_6,0.81,true,false,1290
2025-11-27T21:23:56.210228-08:00,read,key_977,0.70,true,false,821
2025-11-27T21:23:56.220533-08:00,read,key_835,1.08,true,false,1143
2025-11-27T21:23:56.23101-08:00,read,key_725,0.78,true,false,903
2025-11-27T21:23:56.242161-08:00,read,key_247,2.02,false,false,0
2025-11-27T21:23:56.253205-08:00,read,key_830,2.10,true,false,1382
2025-11-27T21:23:56.264368-08:00,read,key_371,2.35,true,false,1563
2025-11-27T21:23:56.275515-08:00,read,key_902,1.52,true,false,1541
2025-11-27T21:23:56.286499-08:00,read,key_952,1.53,true,false,1453
2025-11-27T21:23:56.297595-08:00,read,key_0,1.80,true,false,1515
2025-11-27T21:23:56.308511-08:00,read,key_596,2.11,false,false,0
2025-11-27T21:23:56.319268-08:00,read,key_853,1.75,true,false,1491
2025-11-27T21:23:56.330345-08:00,read,key_406,1.85,true,false,1137
2025-11-27T21:23:56.341333-08:00,read,key_656,1.77,true,false,1017
2025-11-27T21:23:56.351696-08:00,read,key_597,1.96,true,false,231
2025-11-27T21:23:56.362886-08:00,read,key_951,3.15,true,false,1506
2025-11-27T21:23:56.373533-08:00,read,key_134,1.85,true,false,1554
2025-11-27T21:23:56.384626-08:00,read,key_249,1.51,false,false,0
2025-11-27T21:23:56.395876-08:00,read,key_614,2.33,true,false,1531
2025-11-27T21:23:56.406969-08:00,read,key_902,1.82,true,false,1541
2025-11-27T21:23:56.418129-08:00,read,key_977,1.84,true,false,821
2025-11-27T21:23:56.429323-08:00,read,key_542,3.43,true,false,686
2025-11-27T21:23:56.440299-08:00,read,key_246,1.50,true,false,1483
2025-11-27T21:23:56.451446-08:00,read,key_122,1.47,true,false,1210
2025-11-27T21:23:56.462874-08:00,read,key_398,2.38,true,false,1542
2025-11-27T21:23:56.473976-08:00,read,key_466,1.38,true,false,1484
2025-11-27T21:23:56.485059-08:00,read,key_771,1.36,false,false,0
2025-11-27T21:23:56.495835-08:00,read,key_650,2.07,true,false,262
2025-11-27T21:23:56.506785-08:00,read,key_652,1.44,true,false,1495
2025-11-27T21:23:56.517173-08:00,read,key_278,1.86,true,false,547
2025-11-27T21:23:56.528343-08:00,read,key_617,2.06,true,false,728
2025-11-27T21:23:56.539231-08:00,read,key_614,2.15,true,false,1531
2025-11-27T21:23:56.549988-08:00,read,key_2,1.35,true,false,1575
2025-11-27T21:23:56.561146-08:00,read,key_242,2.06,true,false,1205
2025-11-27T21:23:56.571854-08:00,read,key_402,2.55,true,false,1213
2025-11-27T21:23:56.582135-08:00,read,key_116,1.30,true,false,347
2025-11-27T21:23:56.593224-08:00,read,key_118,1.78,true,false,1529
2025-11-27T21:23:56.603912-08:00,read,key_888,2.38,true,false,731
2025-11-27T21:23:56.615067-08:00,read,key_350,1.39,true,false,1163
2025-11-27T21:23:56.625686-08:00,read,key_408,1.56,true,false,1366
2025-11-27T21:23:56.63604-08:00,read,key_390,1.46,true,false,1537
2025-11-27T21:23:56.64687-08:00,read,key_73,2.59,true,false,1563
2025-11-27T21:23:56.657956-08:00,read,key_26,1.96,true,false,1338
2025-11-27T21:23:56.668206-08:00,read,key_267,1.57,true,false,485
2025-11-27T21:23:56.679347-08:00,read,key_109,2.65,true,false,132
2025-11-27T21:23:56.690495-08:00,read,key_853,1.58,true,false,1491
2025-11-27T21:23:56.701585-08:00,read,key_118,1.45,true,false,1529
2025-11-27T21:23:56.713094-08:00,read,key_244,2.04,true,false,1209
2025-11-27T21:23:56.723585-08:00,read,key_764,1.55,true,false,1274
2025-11-27T21:23:56.733976-08:00,read,key_416,1.70,true,false,891
2025-11-27T21:23:56.744811-08:00,read,key_787,1.86,true,false,1328
2025-11-27T21:23:56.755084-08:00,read,key_736,2.74,true,false,745
2025-11-27T21:23:56.766173-08:00,read,key_179,2.01,true,false,834
2025-11-27T21:23:56.777327-08:00,read,key_970,2.19,true,false,1453
2025-11-27T21:23:56.788905-08:00,read,key_598,2.73,true,false,460
2025-11-27T21:23:56.799998-08:00,read,key_751,1.92,true,false,1289
2025-11-27T21:23:56.811179-08:00,read,key_272,2.13,true,false,173
2025-11-27T21:23:56.821746-08:00,read,key_442,2.69,true,false,1577
2025-11-27T21:23:56.832756-08:00,read,key_791,1.69,true,false,572
2025-11-27T21:23:56.843912-08:00,read,key_616,2.21,true,false,1451
2025-11-27T21:23:56.855251-08:00,read,key_472,2.27,true,false,1513
2025-11-27T21:23:56.866363-08:00,read,key_885,1.66,true,false,1081
2025-11-27T21:23:56.87746-08:00,read,key_364,1.38,false,false,0
2025-11-27T21:23:56.888521-08:00,read,key_467,2.94,true,false,1519
2025-11-27T21:23:56.899552-08:00,read,key_810,1.76,true,false,1587
2025-11-27T21:23:56.910332-08:00,read,key_180,1.67,true,false,1413
2025-11-27T21:23:56.921645-08:00,read,key_247,2.10,false,false,0
2025-11-27T21:23:56.931972-08:00,read,key_232,1.93,true,false,1538
2025-11-27T21:23:56.942633-08:00,read,key_602,1.93,true,false,1101
2025-11-27T21:23:56.953832-08:00,read,key_763,2.52,true,false,1376
2025-11-27T21:23:56.964885-08:00,read,key_959,2.36,true,false,1580
2025-11-27T21:23:56.975537-08:00,read,key_1,2.02,true,false,1550
2025-11-27T21:23:56.986714-08:00,read,key_822,1.63,false,false,0
2025-11-27T21:23:56.998014-08:00,read,key_500,1.95,true,false,1487
2025-11-27T21:23:57.009019-08:00,read,key_856,2.10,true,false,1378
2025-11-27T21:23:57.020183-08:00,read,key_778,1.97,true,false,317
2025-11-27T21:23:57.031717-08:00,read,key_272,1.93,true,false,173
2025-11-27T21:23:57.042843-08:00,read,key_554,1.91,true,false,1219
2025-11-27T21:23:57.053969-08:00,read,key_719,2.66,true,false,1542
2025-11-27T21:23:57.065008-08:00,read,key_115,1.99,true,false,1392
2025-11-27T21:23:57.076174-08:00,read,key_44,1.47,true,false,1206
2025-11-27T21:23:57.087361-08:00,read,key_768,2.43,true,false,1437
2025-11-27T21:23:57.097833-08:00,read,key_464,1.37,true,false,1497
2025-11-27T21:23:57.108927-08:00,read,key_784,1.56,true,false,997
2025-11-27T21:23:57.119284-08:00,read,key_346,1.67,true,false,626
2025-11-27T21:23:57.13015-08:00,read,key_444,2.36,true,false,868
2025-11-27T21:23:57.140578-08:00,read,key_93,2.03,true,false,1480
2025-11-27T21:23:57.151781-08:00,read,key_282,1.30,true,false,1515
2025-11-27T21:23:57.162678-08:00,read,key_939,1.19,true,false,730
2025-11-27T21:23:57.173297-08:00,read,key_241,1.94,true,false,570
2025-11-27T21:23:57.184381-08:00,read,key_960,1.52,true,false,1571
2025-11-27T21:23:57.195507-08:00,read,key_795,1.67,true,false,907
2025-11-27T21:23:57.206669-08:00,read,key_157,1.86,true,false,1222
2025-11-27T21:23:57.217028-08:00,read,key_950,1.76,true,false,1085
2025-11-27T21:23:57.227236-08:00,read,key_280,1.70,true,false,1552
2025-11-27T21:23:57.238505-08:00,read,key_46,2.53,true,false,1212
2025-11-27T21:23:57.249557-08:00,read,key_7,2.15,true,false,1508
2025-11-27T21:23:57.260319-08:00,read,key_765,2.03,true,false,1365
2025-11-27T21:23:57.270638-08:00,read,key_559,2.56,true,false,627
2025-11-27T21:23:57.281723-08:00,read,key_111,1.63,true,false,1544
2025-11-27T21:23:57.292179-08:00,read,key_350,1.48,true,false,1163
2025-11-27T21:23:57.303251-08:00,read,key_62,2.21,true,false,1061
2025-11-27T21:23:57.314735-08:00,read,key_129,2.05,true,false,875
2025-11-27T21:23:57.325522-08:00,read,key_128,2.07,true,false,945
2025-11-27T21:23:57.335962-08:00,read,key_606,2.09,true,false,203
2025-11-27T21:23:57.347294-08:00,read,key_884,2.30,true,false,1527
2025-11-27T21:23:57.357458-08:00,read,key_600,1.35,true,false,1496
2025-11-27T21:23:57.368475-08:00,read,key_242,1.21,true,false,1205
2025-11-27T21:23:57.379671-08:00,read,key_535,1.95,true,false,1489
2025-11-27T21:23:57.389995-08:00,read,key_328,1.45,true,false,617
2025-11-27T21:23:57.401078-08:00,read,key_413,1.40,true,false,1560
2025-11-27T21:23:57.412278-08:00,read,key_972,2.52,true,false,1198
2025-11-27T21:23:57.423343-08:00,read,key_208,1.50,true,false,1346
2025-11-27T21:23:57.434475-08:00,read,key_114,1.66,true,false,1290
2025-11-27T21:23:57.445587-08:00,read,key_804,2.67,true,false,1476
2025-11-27T21:23:57.455955-08:00,read,key_603,1.86,true,false,1094
2025-11-27T21:23:57.466666-08:00,read,key_277,1.71,true,false,154
2025-11-27T21:23:57.477834-08:00,read,key_237,4.17,true,false,1276
2025-11-27T21:23:57.489073-08:00,read,key_25,2.78,true,false,1208
2025-11-27T21:23:57.500032-08:00,read,key_308,1.76,true,false,1113
2025-11-27T21:23:57.510274-08:00,read,key_779,2.02,false,false,0
2025-11-27T21:23:57.521171-08:00,read,key_279,3.32,true,false,632
2025-11-27T21:23:57.532177-08:00,read,key_265,1.70,true,false,437
2025-11-27T21:23:57.543338-08:00,read,key_431,1.90,true,false,822
2025-11-27T21:23:57.55413-08:00,read,key_418,3.45,false,false,0
2025-11-27T21:23:57.565297-08:00,read,key_63,2.01,true,false,1131
2025-11-27T21:23:57.576439-08:00,read,key_558,1.97,true,false,1486
2025-11-27T21:23:57.590269-08:00,read,key_523,2.11,true,false,993
2025-11-27T21:23:57.601017-08:00,read,key_319,1.96,true,false,920
2025-11-27T21:23:57.612206-08:00,read,key_886,3.71,true,false,1482
2025-11-27T21:23:57.623191-08:00,read,key_207,1.92,true,false,1581
2025-11-27T21:23:57.634301-08:00,read,key_611,2.12,true,false,1467
2025-11-27T21:23:57.64545-08:00,read,key_234,3.96,true,false,1447
2025-11-27T21:23:57.656887-08:00,read,key_112,2.10,true,false,1366
2025-11-27T21:23:57.679324-08:00,read,key_971,4.62,true,false,1092
2025-11-27T21:23:57.691004-08:00,read,key_521,1.61,true,false,886
2025-11-27T21:23:57.702094-08:00,read,key_576,1.52,true,false,1434
2025-11-27T21:23:57.712609-08:00,read,key_244,2.15,true,false,1209
2025-11-27T21:23:57.723136-08:00,read,key_491,2.30,true,false,596
2025-11-27T21:23:57.734278-08:00,read,key_72,1.87,true,false,1296
2025-11-27T21:23:57.744919-08:00,read,key_18,2.23,true,false,789
2025-11-27T21:23:57.756005-08:00,read,key_553,1.91,true,false,1125
2025-11-27T21:23:57.766686-08:00,read,key_410,4.27,true,false,1122
2025-11-27T21:23:57.77759-08:00,read,key_401,1.20,true,false,1410
2025-11-27T21:23:57.78853-08:00,read,key_436,0.84,true,false,1338
2025-11-27T21:23:57.799184-08:00,read,key_486,0.77,true,false,1362
2025-11-27T21:23:57.810374-08:00,read,key_521,0.82,true,false,886
2025-11-27T21:23:57.821504-08:00,read,key_860,0.97,true,false,827
2025-11-27T21:23:57.831907-08:00,read,key_48,1.04,true,false,1086
2025-11-27T21:23:57.843078-08:00,read,key_652,0.88,true,false,1495
2025-11-27T21:23:57.854297-08:00,read,key_803,0.99,true,false,1540
2025-11-27T21:23:57.865097-08:00,read,key_909,0.81,true,false,1463
2025-11-27T21:23:57.875376-08:00,read,key_384,0.89,true,false,830
2025-11-27T21:23:57.88658-08:00,read,key_4,1.00,true,false,1353
2025-11-27T21:23:57.897836-08:00,read,key_177,0.90,true,false,839
2025-11-27T21:23:57.908863-08:00,read,key_185,2.46,false,false,0
2025-11-27T21:23:57.919986-08:00,read,key_132,2.76,true,false,1557
2025-11-27T21:23:57.931213-08:00,read,key_502,2.23,true,false,1569
2025-11-27T21:23:57.942365-08:00,read,key_819,2.15,false,false,0
2025-11-27T21:23:57.953463-08:00,read,key_876,3.05,true,true,1525
2025-11-27T21:23:57.964487-08:00,read,key_959,1.92,true,false,1580
2025-11-27T21:23:57.974775-08:00,read,key_290,2.31,true,false,470
2025-11-27T21:23:57.668026-08:00,write,key_320,309.47,true,false,1591
2025-11-27T21:23:57.985833-08:00,read,key_553,3.71,true,false,1125
2025-11-27T21:23:57.997191-08:00,read,key_477,2.67,true,false,1538
2025-11-27T21:23:58.006999-08:00,read,key_393,1.30,true,false,567
2025-11-27T21:23:58.018117-08:00,read,key_806,1.46,true,false,1572
2025-11-27T21:23:58.029176-08:00,read,key_298,2.33,true,false,1507
2025-11-27T21:23:58.040272-08:00,read,key_525,1.53,true,false,498
2025-11-27T21:23:58.051405-08:00,read,key_403,1.81,true,false,1000
2025-11-27T21:23:58.062568-08:00,read,key_23,2.29,true,false,1305
2025-11-27T21:23:58.073638-08:00,read,key_525,1.57,true,false,498
2025-11-27T21:23:58.084768-08:00,read,key_69,1.46,true,false,1349
2025-11-27T21:23:58.095674-08:00,read,key_265,2.66,true,false,437
2025-11-27T21:23:58.106705-08:00,read,key_427,1.50,true,false,1071
2025-11-27T21:23:58.117809-08:00,read,key_108,1.34,true,false,866
2025-11-27T21:23:58.129144-08:00,read,key_447,2.24,true,false,1573
2025-11-27T21:23:58.140243-08:00,read,key_492,1.72,true,false,1001
2025-11-27T21:23:58.150837-08:00,read,key_771,2.15,false,false,0
2025-11-27T21:23:58.161697-08:00,read,key_628,1.53,true,false,1589
2025-11-27T21:23:58.172202-08:00,read,key_764,1.10,true,false,1274
2025-11-27T21:23:58.182851-08:00,read,key_681,1.49,true,false,425
2025-11-27T21:23:58.193981-08:00,read,key_695,2.20,true,false,989
2025-11-27T21:23:58.205232-08:00,read,key_681,1.69,true,false,425
2025-11-27T21:23:58.216347-08:00,read,key_880,2.00,true,false,1089
2025-11-27T21:23:58.227479-08:00,read,key_294,2.32,true,true,919
2025-11-27T21:23:58.238388-08:00,read,key_694,2.94,true,false,1298
2025-11-27T21:23:58.249444-08:00,read,key_655,1.61,true,false,1076
2025-11-27T21:23:58.260561-08:00,read,key_658,2.10,true,false,1438
2025-11-27T21:23:58.27174-08:00,read,key_106,2.88,true,false,1437
2025-11-27T21:23:58.293061-08:00,read,key_141,1.74,true,false,656
2025-11-27T21:23:58.304232-08:00,read,key_675,1.64,true,false,1276
2025-11-27T21:23:58.315443-08:00,read,key_553,1.78,true,false,1125
2025-11-27T21:23:58.326631-08:00,read,key_98,2.56,true,false,1295
2025-11-27T21:23:58.336962-08:00,read,key_939,2.52,true,false,730
2025-11-27T21:23:58.348148-08:00,read,key_523,1.81,true,false,993
2025-11-27T21:23:58.359337-08:00,read,key_21,1.63,true,false,1414
2025-11-27T21:23:58.370522-08:00,read,key_686,1.87,true,false,880
2025-11-27T21:23:58.381613-08:00,read,key_592,1.57,true,false,578
2025-11-27T21:23:58.392182-08:00,read,key_518,1.42,true,false,736
2025-11-27T21:23:58.403297-08:00,read,key_425,2.61,true,false,1158
2025-11-27T21:23:58.414732-08:00,read,key_437,2.12,true,false,1188
2025-11-27T21:23:58.425571-08:00,read,key_242,1.26,true,false,1205
2025-11-27T21:23:58.436699-08:00,read,key_314,1.88,true,false,1065
2025-11-27T21:23:58.448228-08:00,read,key_617,1.99,true,false,728
2025-11-27T21:23:58.459356-08:00,read,key_576,1.64,true,false,1434
2025-11-27T21:23:58.470523-08:00,read,key_831,1.94,true,false,838
2025-11-27T21:23:58.481722-08:00,read,key_408,1.87,true,false,1366
2025-11-27T21:23:58.492873-08:00,read,key_777,1.69,true,false,916
2025-11-27T21:23:58.503998-08:00,read,key_63,2.20,true,false,1131
2025-11-27T21:23:58.515171-08:00,read,key_188,1.84,true,false,1448
2025-11-27T21:23:58.526294-08:00,read,key_785,1.94,true,false,280
2025-11-27T21:23:58.538055-08:00,read,key_132,2.39,true,false,1557
2025-11-27T21:23:58.54915-08:00,read,key_804,1.61,true,false,1476
2025-11-27T21:23:58.560261-08:00,read,key_941,1.56,true,false,1138
2025-11-27T21:23:58.571433-08:00,read,key_432,2.44,true,false,1288
2025-11-27T21:23:58.582516-08:00,read,key_531,1.59,true,false,774
2025-11-27T21:23:58.28187-08:00,write,key_869,308.30,true,false,1592
2025-11-27T21:23:58.592973-08:00,read,key_558,1.03,true,false,1486
2025-11-27T21:23:58.603283-08:00,read,key_265,1.34,true,false,437
2025-11-27T21:23:58.613499-08:00,read,key_22,2.11,true,false,1188
2025-11-27T21:23:58.624674-08:00,read,key_555,1.56,true,false,1577
2025-11-27T21:23:58.635813-08:00,read,key_807,1.77,true,false,1585
2025-11-27T21:23:58.646729-08:00,read,key_889,2.19,true,false,633
2025-11-27T21:23:58.657466-08:00,read,key_465,1.63,true,false,1503
2025-11-27T21:23:58.668548-08:00,read,key_182,2.15,true,false,1107
2025-11-27T21:23:58.679133-08:00,read,key_952,1.15,true,false,1453
2025-11-27T21:23:58.690363-08:00,read,key_158,1.05,true,false,1274
2025-11-27T21:23:58.700917-08:00,read,key_295,0.99,true,false,1016
2025-11-27T21:23:58.712079-08:00,read,key_238,0.96,true,false,1582
2025-11-27T21:23:58.722775-08:00,read,key_5,1.64,true,false,163
2025-11-27T21:23:58.733341-08:00,read,key_887,2.49,true,false,1400
2025-11-27T21:23:58.744406-08:00,read,key_102,1.76,true,false,770
2025-11-27T21:23:58.755528-08:00,read,key_405,2.20,true,false,1545
2025-11-27T21:23:58.766632-08:00,read,key_691,1.60,true,false,1074
2025-11-27T21:23:58.777736-08:00,read,key_195,2.02,true,false,1068
2025-11-27T21:23:58.788885-08:00,read,key_653,2.00,true,false,1005
2025-11-27T21:23:58.800002-08:00,read,key_499,1.77,true,false,746
2025-11-27T21:23:58.811125-08:00,read,key_78,1.71,true,false,1472
2025-11-27T21:23:58.821832-08:00,read,key_286,1.92,true,false,1578
2025-11-27T21:23:58.832947-08:00,read,key_983,1.80,true,false,1339
2025-11-27T21:23:58.843951-08:00,read,key_655,2.03,true,false,1076
2025-11-27T21:23:58.854191-08:00,read,key_201,3.25,true,false,1353
2025-11-27T21:23:58.865229-08:00,read,key_534,2.03,false,false,0
2025-11-27T21:23:58.876389-08:00,read,key_981,1.87,true,false,1384
2025-11-27T21:23:58.88752-08:00,read,key_695,2.43,true,false,989
2025-11-27T21:23:58.897972-08:00,read,key_240,1.53,true,false,1181
2025-11-27T21:23:58.908819-08:00,read,key_549,1.76,true,false,769
2025-11-27T21:23:58.920006-08:00,read,key_176,2.04,false,false,0
2025-11-27T21:23:58.931249-08:00,read,key_237,1.96,true,false,1276
2025-11-27T21:23:58.942355-08:00,read,key_593,1.67,true,false,883
2025-11-27T21:23:58.953472-08:00,read,key_140,2.59,true,false,904
2025-11-27T21:23:58.964588-08:00,read,key_738,1.77,true,false,168
2025-11-27T21:23:58.975718-08:00,read,key_851,1.46,true,false,1527
2025-11-27T21:23:58.986925-08:00,read,key_424,2.60,true,false,467
2025-11-27T21:23:58.997425-08:00,read,key_138,2.19,true,false,1558
2025-11-27T21:23:59.008504-08:00,read,key_548,1.84,true,false,905
2025-11-27T21:23:59.019125-08:00,read,key_403,2.08,true,false,1000
2025-11-27T21:23:59.030261-08:00,read,key_779,2.42,false,false,0
2025-11-27T21:23:59.041369-08:00,read,key_494,1.80,true,false,1081
2025-11-27T21:23:59.052474-08:00,read,key_152,1.52,true,false,1469
2025-11-27T21:23:59.063426-08:00,read,key_472,3.09,true,false,1513
2025-11-27T21:23:59.074381-08:00,read,key_250,1.94,true,false,1378
2025-11-27T21:23:59.085524-08:00,read,key_535,2.07,true,false,1489
2025-11-27T21:23:59.096727-08:00,read,key_439,2.29,true,false,1341
2025-11-27T21:23:59.107873-08:00,read,key_399,1.92,true,false,870
2025-11-27T21:23:59.119005-08:00,read,key_320,1.56,true,false,1591
2025-11-27T21:23:59.13015-08:00,read,key_174,2.03,false,false,0
2025-11-27T21:23:59.141329-08:00,read,key_837,1.84,true,false,792
2025-11-27T21:23:59.15249-08:00,read,key_694,1.98,true,false,1298
2025-11-27T21:23:59.16356-08:00,read,key_299,2.31,true,false,925
2025-11-27T21:23:59.174672-08:00,read,key_754,1.92,true,false,1308
2025-11-27T21:23:59.185778-08:00,read,key_764,3.32,true,false,1274
2025-11-27T21:23:59.196871-08:00,read,key_536,2.47,true,false,1321
2025-11-27T21:23:59.207944-08:00,read,key_387,1.86,true,false,161
2025-11-27T21:23:59.221698-08:00,read,key_396,12.36,true,false,890
2025-11-27T21:23:59.243797-08:00,read,key_949,1.51,true,false,1372
2025-11-27T21:23:59.2547-08:00,read,key_521,0.88,true,false,886
2025-11-27T21:23:59.265802-08:00,read,key_738,0.93,true,false,168
2025-11-27T21:23:59.275901-08:00,read,key_227,1.53,true,false,893
2025-11-27T21:23:59.286079-08:00,read,key_281,2.71,true,false,1508
2025-11-27T21:23:59.297009-08:00,read,key_978,2.20,true,false,1463
2025-11-27T21:23:59.308126-08:00,read,key_408,1.98,true,false,1366
2025-11-27T21:23:59.318487-08:00,read,key_191,2.09,false,false,0
2025-11-27T21:23:59.329167-08:00,read,key_340,2.25,true,false,820
2025-11-27T21:23:59.340247-08:00,read,key_1,1.79,true,false,1550
2025-11-27T21:23:59.351404-08:00,read,key_650,1.50,true,true,261
2025-11-27T21:23:59.362576-08:00,read,key_789,1.53,true,false,239
2025-11-27T21:23:59.373644-08:00,read,key_426,1.73,true,false,624
2025-11-27T21:23:59.384865-08:00,read,key_267,1.81,true,false,485
2025-11-27T21:23:59.396581-08:00,read,key_420,1.51,true,false,397
2025-11-27T21:23:59.407703-08:00,read,key_363,2.62,true,false,607
2025-11-27T21:23:59.41851-08:00,read,key_866,4.35,true,false,810
2025-11-27T21:23:59.429917-08:00,read,key_462,2.63,true,false,1562
2025-11-27T21:23:59.440991-08:00,read,key_659,1.85,true,false,1510
2025-11-27T21:23:59.452153-08:00,read,key_797,2.18,true,false,1157
2025-11-27T21:23:59.462664-08:00,read,key_901,2.85,true,false,741
2025-11-27T21:23:59.473664-08:00,read,key_495,1.92,true,false,1509
2025-11-27T21:23:59.484151-08:00,read,key_885,1.81,true,false,1081
2025-11-27T21:23:59.494394-08:00,read,key_427,2.06,true,false,1071
2025-11-27T21:23:59.505127-08:00,read,key_552,2.74,true,false,1126
2025-11-27T21:23:59.515783-08:00,read,key_349,1.99,true,false,666
2025-11-27T21:23:59.525955-08:00,read,key_392,1.86,true,false,1590
2025-11-27T21:23:59.232905-08:00,write,key_573,307.09,true,false,1593
2025-11-27T21:23:59.536242-08:00,read,key_64,4.24,true,false,936
2025-11-27T21:23:59.54699-08:00,read,key_697,2.30,true,false,1216
2025-11-27T21:23:59.557244-08:00,read,key_184,1.72,true,false,1447
2025-11-27T21:23:59.568391-08:00,read,key_431,1.62,true,false,822
2025-11-27T21:23:59.579255-08:00,read,key_322,2.67,true,false,1559
2025-11-27T21:23:59.590004-08:00,read,key_477,1.71,true,false,1538
2025-11-27T21:23:59.600512-08:00,read,key_201,1.78,true,false,1353
2025-11-27T21:23:59.610915-08:00,read,key_719,2.12,true,false,1542
2025-11-27T21:23:59.622222-08:00,read,key_159,2.20,true,false,1324
2025-11-27T21:23:59.633329-08:00,read,key_556,1.73,true,false,1452
2025-11-27T21:23:59.644492-08:00,read,key_861,2.99,true,false,1326
2025-11-27T21:23:59.655491-08:00,read,key_406,1.93,true,false,1137
2025-11-27T21:23:59.666636-08:00,read,key_62,1.38,true,false,1061
2025-11-27T21:23:59.677684-08:00,read,key_833,1.78,true,false,1586
2025-11-27T21:23:59.688118-08:00,read,key_856,2.65,true,false,1378
2025-11-27T21:23:59.699182-08:00,read,key_681,2.03,true,false,425
2025-11-27T21:23:59.710326-08:00,read,key_776,1.67,true,false,1128
2025-11-27T21:23:59.721474-08:00,read,key_963,1.89,true,false,1537
2025-11-27T21:23:59.732403-08:00,read,key_661,1.38,true,false,899
2025-11-27T21:23:59.743585-08:00,read,key_123,2.18,true,false,1243
2025-11-27T21:23:59.754829-08:00,read,key_43,2.41,true,false,639
2025-11-27T21:23:59.765941-08:00,read,key_690,1.74,true,false,1171
2025-11-27T21:23:59.777078-08:00,read,key_405,1.68,true,false,1545
2025-11-27T21:23:59.787423-08:00,read,key_696,2.35,true,false,1540
2025-11-27T21:23:59.798528-08:00,read,key_210,1.56,true,false,990
2025-11-27T21:23:59.809613-08:00,read,key_626,1.46,true,false,1343
2025-11-27T21:23:59.820825-08:00,read,key_218,1.88,true,false,1318
2025-11-27T21:23:59.831942-08:00,read,key_863,1.53,true,false,331
2025-11-27T21:23:59.842144-08:00,read,key_236,1.86,true,false,1547
2025-11-27T21:23:59.853278-08:00,read,key_239,2.49,true,false,1575
2025-11-27T21:23:59.863632-08:00,read,key_946,2.47,true,false,924
2025-11-27T21:23:59.874842-08:00,read,key_929,1.99,true,false,1485
2025-11-27T21:23:59.885755-08:00,read,key_479,1.53,true,false,1402
2025-11-27T21:23:59.897168-08:00,read,key_576,2.60,true,false,1434
2025-11-27T21:23:59.908232-08:00,read,key_112,1.78,true,false,1366
2025-11-27T21:23:59.918356-08:00,read,key_63,1.66,true,false,1131
2025-11-27T21:23:59.929168-08:00,read,key_872,2.10,true,false,1481
2025-11-27T21:23:59.939684-08:00,read,key_584,1.67,true,false,1307
2025-11-27T21:23:59.950495-08:00,read,key_675,1.80,true,false,1276
2025-11-27T21:23:59.960827-08:00,read,key_30,1.34,true,false,1524
2025-11-27T21:23:59.972022-08:00,read,key_424,2.20,true,false,467
2025-11-27T21:23:59.983154-08:00,read,key_795,1.60,true,false,907
2025-11-27T21:23:59.994285-08:00,read,key_121,1.88,true,false,821
2025-11-27T21:24:00.005254-08:00,read,key_769,2.46,true,false,1573
2025-11-27T21:24:00.016378-08:00,read,key_402,1.89,true,false,1213
2025-11-27T21:24:00.027527-08:00,read,key_81,1.53,true,false,976
2025-11-27T21:24:00.03852-08:00,read,key_53,1.42,true,false,1535
2025-11-27T21:24:00.049636-08:00,read,key_906,1.38,true,false,1358
2025-11-27T21:24:00.060768-08:00,read,key_931,1.64,true,false,999
2025-11-27T21:24:00.071071-08:00,read,key_949,2.13,true,false,1372
2025-11-27T21:24:00.081859-08:00,read,key_213,1.85,true,false,1148
2025-11-27T21:24:00.092981-08:00,read,key_826,1.41,true,false,860
2025-11-27T21:24:00.103527-08:00,read,key_850,2.75,true,false,1514
2025-11-27T21:24:00.114621-08:00,read,key_539,1.61,true,false,187
2025-11-27T21:24:00.125574-08:00,read,key_509,1.72,true,false,1560
2025-11-27T21:24:00.136739-08:00,read,key_982,2.72,true,false,668
2025-11-27T21:24:00.147818-08:00,read,key_198,1.85,true,false,1277
2025-11-27T21:24:00.158859-08:00,read,key_420,1.46,true,false,397
2025-11-27T21:24:00.170076-08:00,read,key_571,1.66,true,false,1459
2025-11-27T21:24:00.181257-08:00,read,key_534,1.73,false,false,0
2025-11-27T21:24:00.192201-08:00,read,key_238,1.57,true,false,1582
2025-11-27T21:24:00.203331-08:00,read,key_349,1.93,true,false,666
2025-11-27T21:24:00.214603-08:00,read,key_114,1.86,true,false,1290
2025-11-27T21:24:00.225698-08:00,read,key_773,1.65,true,false,324
2025-11-27T21:24:00.23692-08:00,read,key_770,2.27,true,false,382
2025-11-27T21:24:00.248056-08:00,read,key_390,1.84,true,false,1537
2025-11-27T21:24:00.258882-08:00,read,key_355,1.71,true,false,1454
2025-11-27T21:24:00.269995-08:00,read,key_929,1.96,true,false,1485
2025-11-27T21:24:00.28149-08:00,read,key_500,2.26,true,false,1487
2025-11-27T21:24:00.292189-08:00,read,key_141,1.86,true,false,656
2025-11-27T21:24:00.302497-08:00,read,key_485,1.73,true,false,1219
2025-11-27T21:24:00.313661-08:00,read,key_684,2.22,true,false,70
2025-11-27T21:24:00.323862-08:00,read,key_307,1.77,true,false,1164
2025-11-27T21:24:00.335011-08:00,read,key_462,1.48,true,false,1562
2025-11-27T21:24:00.345533-08:00,read,key_887,3.00,true,false,1400
2025-11-27T21:24:00.356585-08:00,read,key_61,1.66,true,false,1561
2025-11-27T21:24:00.367229-08:00,read,key_723,1.67,true,false,691
2025-11-27T21:24:00.378045-08:00,read,key_239,2.23,true,false,1575
2025-11-27T21:24:00.388898-08:00,read,key_418,2.32,false,false,0
2025-11-27T21:24:00.400004-08:00,read,key_182,1.58,true,false,1107
2025-11-27T21:24:00.411159-08:00,read,key_959,1.94,true,false,1580
2025-11-27T21:24:00.421831-08:00,read,key_184,2.82,true,false,1447
2025-11-27T21:24:00.432795-08:00,read,key_558,1.41,true,false,1486
2025-11-27T21:24:00.443909-08:00,read,key_185,1.43,false,false,0
2025-11-27T21:24:00.454225-08:00,read,key_981,2.28,true,false,1384
2025-11-27T21:24:00.46531-08:00,read,key_793,1.33,true,false,1199
2025-11-27T21:24:00.475508-08:00,read,key_2,1.63,true,false,1575
2025-11-27T21:24:00.486758-08:00,read,key_378,2.05,true,false,1470
2025-11-27T21:24:00.498076-08:00,read,key_419,2.08,true,false,1556
2025-11-27T21:24:00.509186-08:00,read,key_765,1.47,true,false,1365
2025-11-27T21:24:00.520277-08:00,read,key_102,2.52,true,false,770
2025-11-27T21:24:00.531397-08:00,read,key_183,1.80,true,false,1035
2025-11-27T21:24:00.542188-08:00,read,key_559,1.67,true,false,627
2025-11-27T21:24:00.55342-08:00,read,key_456,2.84,true,false,1452
2025-11-27T21:24:00.563777-08:00,read,key_360,2.17,true,false,1394
2025-11-27T21:24:00.574927-08:00,read,key_715,2.06,true,false,1469
2025-11-27T21:24:00.585349-08:00,read,key_360,1.68,true,false,1394
2025-11-27T21:24:00.595849-08:00,read,key_6,2.22,true,false,1290
2025-11-27T21:24:00.606981-08:00,read,key_923,2.25,true,false,1493
2025-11-27T21:24:00.618202-08:00,read,key_797,1.57,true,false,1157
2025-11-27T21:24:00.629177-08:00,read,key_903,1.96,true,false,1566
2025-11-27T21:24:00.640332-08:00,read,key_182,1.49,true,false,1107
2025-11-27T21:24:00.651485-08:00,read,key_407,1.64,true,false,1335
2025-11-27T21:24:00.661705-08:00,read,key_932,2.61,true,false,1004
2025-11-27T21:24:00.672787-08:00,read,key_980,1.54,true,false,1410
2025-11-27T21:24:00.68387-08:00,read,key_182,1.30,true,false,1107
2025-11-27T21:24:00.69506-08:00,read,key_851,1.41,true,false,1527
2025-11-27T21:24:00.706389-08:00,read,key_507,1.83,true,false,1551
2025-11-27T21:24:00.7172-08:00,read,key_293,1.60,true,false,263
2025-11-27T21:24:00.728336-08:00,read,key_367,1.66,true,false,1381
2025-11-27T21:24:00.739734-08:00,read,key_521,1.80,true,false,886
2025-11-27T21:24:00.750675-08:00,read,key_399,1.90,true,false,870
2025-11-27T21:24:00.761839-08:00,read,key_801,1.91,true,false,1565
2025-11-27T21:24:00.772972-08:00,read,key_858,1.45,true,false,1444
2025-11-27T21:24:00.783943-08:00,read,key_537,1.18,false,false,0
2025-11-27T21:24:00.795146-08:00,read,key_477,1.51,true,false,1538
2025-11-27T21:24:00.806292-08:00,read,key_674,2.66,true,false,685
2025-11-27T21:24:00.817154-08:00,read,key_887,1.28,true,false,1400
2025-11-27T21:24:00.828312-08:00,read,key_976,1.75,true,false,1371
2025-11-27T21:24:00.839415-08:00,read,key_958,1.36,true,false,1498
2025-11-27T21:24:00.850535-08:00,read,key_824,1.39,true,false,817
2025-11-27T21:24:00.860898-08:00,read,key_135,1.29,true,false,1530
2025-11-27T21:24:00.872193-08:00,read,key_275,2.24,true,false,1356
2025-11-27T21:24:00.883322-08:00,read,key_260,1.35,false,false,0
2025-11-27T21:24:00.893881-08:00,read,key_187,1.43,true,false,1404
2025-11-27T21:24:00.905102-08:00,read,key_759,2.46,true,false,1346
2025-11-27T21:24:00.916163-08:00,read,key_682,1.28,true,false,542
2025-11-27T21:24:00.927242-08:00,read,key_518,1.38,true,false,736
2025-11-27T21:24:00.937715-08:00,read,key_314,2.66,true,false,1065
2025-11-27T21:24:00.948822-08:00,read,key_233,1.74,true,false,1564
2025-11-27T21:24:00.959375-08:00,read,key_863,1.56,true,false,331
2025-11-27T21:24:00.970513-08:00,read,key_754,2.55,true,false,1308
2025-11-27T21:24:00.981641-08:00,read,key_768,1.49,true,false,1437
2025-11-27T21:24:00.992793-08:00,read,key_542,1.62,true,false,686
2025-11-27T21:24:01.004046-08:00,read,key_830,3.37,true,false,1382
2025-11-27T21:24:01.014574-08:00,read,key_526,1.58,true,false,1531
2025-11-27T21:24:01.025167-08:00,read,key_288,1.19,true,false,1272
2025-11-27T21:24:01.03572-08:00,read,key_410,1.16,true,false,1122
2025-11-27T21:24:01.046937-08:00,read,key_924,2.37,false,false,0
2025-11-27T21:24:01.057877-08:00,read,key_766,1.82,true,false,1039
2025-11-27T21:24:01.069019-08:00,read,key_406,1.35,true,false,1137
2025-11-27T21:24:01.080139-08:00,read,key_16,2.45,false,false,0
2025-11-27T21:24:01.091251-08:00,read,key_906,1.67,true,false,1358
2025-11-27T21:24:01.101441-08:00,read,key_827,1.69,true,false,251
2025-11-27T21:24:01.11265-08:00,read,key_972,2.47,true,false,1198
2025-11-27T21:24:01.123779-08:00,read,key_322,1.68,true,false,1559
2025-11-27T21:24:01.13473-08:00,read,key_480,1.65,true,false,1196
2025-11-27T21:24:01.146003-08:00,read,key_947,1.96,true,false,1262
2025-11-27T21:24:01.157124-08:00,read,key_498,1.38,true,false,1064
2025-11-27T21:24:01.168257-08:00,read,key_471,1.65,true,false,1235
2025-11-27T21:24:01.179654-08:00,read,key_487,2.51,true,false,1194
2025-11-27T21:24:01.190685-08:00,read,key_374,1.40,true,false,1157
2025-11-27T21:24:01.201826-08:00,read,key_272,1.48,true,false,173
2025-11-27T21:24:01.212493-08:00,read,key_7,2.08,true,false,1508
2025-11-27T21:24:01.22285-08:00,read,key_486,1.41,true,false,1362
2025-11-27T21:24:01.233843-08:00,read,key_923,1.61,true,false,1493
2025-11-27T21:24:01.244978-08:00,read,key_411,2.14,true,false,259
2025-11-27T21:24:01.255779-08:00,read,key_795,1.70,true,false,907
2025-11-27T21:24:01.266665-08:00,read,key_261,1.62,true,false,568
2025-11-27T21:24:01.277472-08:00,read,key_90,1.58,true,false,1566
2025-11-27T21:24:01.288487-08:00,read,key_936,2.47,false,false,0
2025-11-27T21:24:01.298823-08:00,read,key_270,1.83,true,false,522
2025-11-27T21:24:01.309943-08:00,read,key_973,1.57,true,false,1246
2025-11-27T21:24:01.320658-08:00,read,key_781,2.49,true,false,699
2025-11-27T21:24:01.331752-08:00,read,key_411,1.86,true,false,259
2025-11-27T21:24:01.34225-08:00,read,key_231,1.49,true,false,1445
2025-11-27T21:24:01.353381-08:00,read,key_196,3.20,true,false,1488
2025-11-27T21:24:01.364679-08:00,read,key_559,1.82,true,false,627
2025-11-27T21:24:01.375836-08:00,read,key_336,1.78,true,false,1195
2025-11-27T21:24:01.386964-08:00,read,key_590,2.96,false,false,0
2025-11-27T21:24:01.397825-08:00,read,key_424,1.54,true,false,467
2025-11-27T21:24:01.408936-08:00,read,key_605,1.38,false,false,0
2025-11-27T21:24:01.420075-08:00,read,key_138,1.92,true,false,1558
2025-11-27T21:24:01.431421-08:00,read,key_885,2.04,true,false,1081
2025-11-27T21:24:01.442567-08:00,read,key_345,1.49,true,false,859
2025-11-27T21:24:01.453706-08:00,read,key_821,2.45,true,false,855
2025-11-27T21:24:01.465071-08:00,read,key_343,1.69,true,false,1506
2025-11-27T21:24:01.476244-08:00,read,key_587,1.83,true,false,785
2025-11-27T21:24:01.487354-08:00,read,key_390,2.17,true,false,1537
2025-11-27T21:24:01.498264-08:00,read,key_750,1.67,true,false,1503
2025-11-27T21:24:01.509421-08:00,read,key_735,2.03,true,false,180
2025-11-27T21:24:01.520581-08:00,read,key_610,3.27,true,false,1408
2025-11-27T21:24:01.531288-08:00,read,key_224,1.86,true,false,900
2025-11-27T21:24:01.542451-08:00,read,key_652,1.85,true,false,1495
2025-11-27T21:24:01.553006-08:00,read,key_766,1.55,true,false,1039
2025-11-27T21:24:01.564172-08:00,read,key_657,2.10,true,false,1471
2025-11-27T21:24:01.575293-08:00,read,key_187,1.50,true,false,1404
2025-11-27T21:24:01.586141-08:00,read,key_325,1.34,true,false,753
2025-11-27T21:24:01.597401-08:00,read,key_84,2.24,true,false,1368
2025-11-27T21:24:01.608509-08:00,read,key_67,1.65,true,false,1156
2025-11-27T21:24:01.619665-08:00,read,key_876,1.76,true,false,1528
2025-11-27T21:24:01.63019-08:00,read,key_245,2.10,true,false,1468
2025-11-27T21:24:01.640987-08:00,read,key_353,1.81,true,false,1547
2025-11-27T21:24:01.65213-08:00,read,key_855,2.10,true,false,1487
2025-11-27T21:24:01.662484-08:00,read,key_470,2.47,true,false,1227
2025-11-27T21:24:01.673527-08:00,read,key_767,1.90,true,false,1431
2025-11-27T21:24:01.684643-08:00,read,key_511,2.00,true,false,1201
2025-11-27T21:24:01.695014-08:00,read,key_690,1.99,true,false,1171
2025-11-27T21:24:01.706145-08:00,read,key_280,1.88,true,false,1552
2025-11-27T21:24:01.717262-08:00,read,key_256,2.20,true,false,1495
2025-11-27T21:24:01.728038-08:00,read,key_203,3.11,true,false,999
2025-11-27T21:24:01.73885-08:00,read,key_298,2.23,true,false,1507
2025-11-27T21:24:01.749319-08:00,read,key_488,1.38,true,false,1232
2025-11-27T21:24:01.760494-08:00,read,key_344,1.81,true,false,768
2025-11-27T21:24:01.771592-08:00,read,key_103,2.27,true,false,776
2025-11-27T21:24:01.782698-08:00,read,key_431,1.39,true,false,822
2025-11-27T21:24:01.793084-08:00,read,key_218,1.58,true,false,1318
2025-11-27T21:24:01.804304-08:00,read,key_779,2.35,false,false,0
2025-11-27T21:24:01.814693-08:00,read,key_393,1.72,true,false,567
2025-11-27T21:24:01.825819-08:00,read,key_970,1.39,true,false,1453
2025-11-27T21:24:01.83618-08:00,read,key_542,1.96,true,false,686
2025-11-27T21:24:01.847386-08:00,read,key_868,1.81,true,false,319
2025-11-27T21:24:01.858082-08:00,read,key_867,1.74,true,false,1256
2025-11-27T21:24:01.868509-08:00,read,key_856,1.39,true,false,1378
2025-11-27T21:24:01.879651-08:00,read,key_92,2.31,true,false,1514
2025-11-27T21:24:01.890816-08:00,read,key_984,1.49,true,false,1498
2025-11-27T21:24:01.90192-08:00,read,key_120,1.33,true,false,1434
2025-11-27T21:24:01.913025-08:00,read,key_903,2.08,true,false,1566
2025-11-27T21:24:01.924146-08:00,read,key_424,1.68,true,false,467
2025-11-27T21:24:01.935329-08:00,read,key_190,1.67,true,false,1218
2025-11-27T21:24:01.946478-08:00,read,key_152,2.76,true,false,1469
2025-11-27T21:24:01.956629-08:00,read,key_247,1.72,false,false,0
2025-11-27T21:24:01.967316-08:00,read,key_661,1.82,true,false,899
2025-11-27T21:24:01.978465-08:00,read,key_132,1.71,true,false,1557
2025-11-27T21:24:01.989585-08:00,read,key_496,1.66,true,false,1559
2025-11-27T21:24:02.000517-08:00,read,key_178,1.45,false,false,0
2025-11-27T21:24:02.011652-08:00,read,key_669,2.12,true,false,976
2025-11-27T21:24:02.022886-08:00,read,key_393,1.86,true,false,567
2025-11-27T21:24:02.034062-08:00,read,key_411,1.54,true,false,259
2025-11-27T21:24:02.045189-08:00,read,key_439,2.21,true,false,1341
2025-11-27T21:24:02.067198-08:00,read,key_349,1.75,true,false,666
2025-11-27T21:24:02.089158-08:00,read,key_213,2.65,true,false,1148
2025-11-27T21:24:02.099522-08:00,read,key_771,1.78,false,false,0
2025-11-27T21:24:02.110749-08:00,read,key_399,1.55,true,false,870
2025-11-27T21:24:02.121296-08:00,read,key_129,2.46,true,false,875
2025-11-27T21:24:02.132604-08:00,read,key_973,1.96,true,false,1246
2025-11-27T21:24:02.143754-08:00,read,key_415,1.84,true,false,1488
2025-11-27T21:24:02.154989-08:00,read,key_418,2.34,false,false,0
2025-11-27T21:24:02.166038-08:00,read,key_215,1.61,true,false,1014
2025-11-27T21:24:02.17719-08:00,read,key_421,2.41,true,false,1162
2025-11-27T21:24:02.18973-08:00,read,key_254,2.29,true,false,1522
2025-11-27T21:24:02.200523-08:00,read,key_652,1.78,true,false,1495
2025-11-27T21:24:02.211674-08:00,read,key_107,2.10,true,false,1435
2025-11-27T21:24:02.222771-08:00,read,key_246,1.97,true,false,1483
2025-11-27T21:24:02.233807-08:00,read,key_657,1.77,true,false,1471
2025-11-27T21:24:02.244998-08:00,read,key_622,2.09,true,false,1150
2025-11-27T21:24:02.2553-08:00,read,key_620,2.27,true,false,1407
2025-11-27T21:24:02.266407-08:00,read,key_685,1.63,true,false,808
2025-11-27T21:24:02.276819-08:00,read,key_697,1.68,true,false,1216
2025-11-27T21:24:02.288405-08:00,read,key_459,2.06,true,false,1433
2025-11-27T21:24:02.299553-08:00,read,key_156,1.71,true,false,1296
2025-11-27T21:24:02.310144-08:00,read,key_767,1.78,true,false,1431
2025-11-27T21:24:02.321291-08:00,read,key_516,2.37,true,false,1273
2025-11-27T21:24:02.332386-08:00,read,key_869,2.00,true,false,1592
2025-11-27T21:24:02.343574-08:00,read,key_614,1.98,true,false,1531
2025-11-27T21:24:02.354353-08:00,read,key_384,2.22,true,false,830
2025-11-27T21:24:02.056323-08:00,write,key_122,307.13,true,false,1594
2025-11-27T21:24:02.365171-08:00,read,key_443,1.45,true,false,987
2025-11-27T21:24:02.375833-08:00,read,key_348,1.73,true,false,615
2025-11-27T21:24:02.078352-08:00,write,key_782,307.77,true,false,1594
2025-11-27T21:24:02.386055-08:00,read,key_318,1.63,true,false,1409
2025-11-27T21:24:02.396926-08:00,read,key_981,2.14,true,false,1384
2025-11-27T21:24:02.408064-08:00,read,key_851,1.64,true,false,1527
2025-11-27T21:24:02.419143-08:00,read,key_352,1.87,true,false,1473
2025-11-27T21:24:02.429908-08:00,read,key_256,2.01,true,false,1495
2025-11-27T21:24:02.441013-08:00,read,key_659,2.53,true,false,1510
2025-11-27T21:24:02.452087-08:00,read,key_508,1.86,true,false,1349
2025-11-27T21:24:02.463241-08:00,read,key_342,2.45,true,false,470
2025-11-27T21:24:02.474371-08:00,read,key_683,1.70,true,false,700
2025-11-27T21:24:02.484808-08:00,read,key_123,1.66,true,false,1243
2025-11-27T21:24:02.496036-08:00,read,key_775,2.05,true,false,606
2025-11-27T21:24:02.506372-08:00,read,key_699,1.83,true,false,1479
2025-11-27T21:24:02.517247-08:00,read,key_93,1.72,true,false,1480
2025-11-27T21:24:02.528383-08:00,read,key_513,1.62,true,false,1031
2025-11-27T21:24:02.53901-08:00,read,key_207,2.66,true,false,1581
2025-11-27T21:24:02.550072-08:00,read,key_981,1.76,true,false,1384
2025-11-27T21:24:02.561237-08:00,read,key_388,2.42,false,false,0
2025-11-27T21:24:02.572026-08:00,read,key_800,2.59,true,false,1447
2025-11-27T21:24:02.583097-08:00,read,key_308,1.68,true,false,1113
2025-11-27T21:24:02.594244-08:00,read,key_495,2.34,true,false,1509
2025-11-27T21:24:02.605525-08:00,read,key_289,1.98,true,false,1315
2025-11-27T21:24:02.616651-08:00,read,key_612,1.84,true,false,905
2025-11-27T21:24:02.627017-08:00,read,key_281,1.69,true,false,1508
2025-11-27T21:24:02.638095-08:00,read,key_121,2.58,true,false,821
2025-11-27T21:24:02.649291-08:00,read,key_270,1.64,true,false,522
2025-11-27T21:24:02.660413-08:00,read,key_418,1.41,false,false,0
2025-11-27T21:24:02.670823-08:00,read,key_388,2.08,false,false,0
2025-11-27T21:24:02.681936-08:00,read,key_365,1.62,true,false,865
2025-11-27T21:24:02.693046-08:00,read,key_490,1.49,true,false,1255
2025-11-27T21:24:02.703281-08:00,read,key_645,2.41,true,false,1423
2025-11-27T21:24:02.713462-08:00,read,key_769,2.78,true,false,1573
2025-11-27T21:24:02.724529-08:00,read,key_270,1.80,true,false,522
2025-11-27T21:24:02.735495-08:00,read,key_594,2.00,false,false,0
2025-11-27T21:24:02.745873-08:00,read,key_115,2.66,true,false,1392
2025-11-27T21:24:02.757016-08:00,read,key_323,1.61,true,false,840
2025-11-27T21:24:02.767212-08:00,read,key_110,1.91,true,false,1370
2025-11-27T21:24:02.778303-08:00,read,key_107,1.81,true,false,1435
2025-11-27T21:24:02.788609-08:00,read,key_122,2.50,true,false,1594
2025-11-27T21:24:02.799648-08:00,read,key_859,1.81,true,false,1528
2025-11-27T21:24:02.810688-08:00,read,key_574,1.94,true,false,1506
2025-11-27T21:24:02.820843-08:00,read,key_980,2.59,true,false,1410
2025-11-27T21:24:02.831894-08:00,read,key_210,1.99,true,false,990
2025-11-27T21:24:02.84218-08:00,read,key_221,1.87,true,false,586
2025-11-27T21:24:02.853383-08:00,read,key_695,1.66,true,false,989
2025-11-27T21:24:02.864768-08:00,read,key_189,2.02,false,false,0
2025-11-27T21:24:02.875532-08:00,read,key_238,1.56,true,false,1582
2025-11-27T21:24:02.886635-08:00,read,key_395,1.75,true,false,750
2025-11-27T21:24:02.898001-08:00,read,key_935,1.86,false,false,0
2025-11-27T21:24:02.908301-08:00,read,key_403,1.94,true,false,1000
2025-11-27T21:24:02.919458-08:00,read,key_697,2.09,true,false,1216
2025-11-27T21:24:02.930653-08:00,read,key_127,2.78,true,false,983
2025-11-27T21:24:02.941045-08:00,read,key_382,1.67,true,false,88
2025-11-27T21:24:02.951949-08:00,read,key_665,1.80,true,false,27
2025-11-27T21:24:02.962565-08:00,read,key_443,2.80,true,false,987
2025-11-27T21:24:02.973172-08:00,read,key_104,1.86,true,false,860
2025-11-27T21:24:02.984259-08:00,read,key_980,1.76,true,false,1410
2025-11-27T21:24:02.995405-08:00,read,key_230,2.58,true,false,1448
2025-11-27T21:24:03.006625-08:00,read,key_991,1.59,true,false,319
2025-11-27T21:24:03.017311-08:00,read,key_642,1.92,true,false,344
2025-11-27T21:24:03.02862-08:00,read,key_672,2.79,true,false,1037
2025-11-27T21:24:03.039679-08:00,read,key_627,1.73,true,false,1267
2025-11-27T21:24:03.050859-08:00,read,key_551,1.29,true,false,1512
2025-11-27T21:24:03.061011-08:00,read,key_974,1.56,true,false,1521
2025-11-27T21:24:03.072362-08:00,read,key_348,2.40,true,false,615
2025-11-27T21:24:03.083462-08:00,read,key_641,1.78,true,false,1337
2025-11-27T21:24:03.093879-08:00,read,key_637,1.78,true,false,278
2025-11-27T21:24:03.104214-08:00,read,key_396,2.15,true,false,890
2025-11-27T21:24:03.115349-08:00,read,key_295,1.87,true,false,1016
2025-11-27T21:24:03.126035-08:00,read,key_682,1.75,true,false,542
2025-11-27T21:24:03.137262-08:00,read,key_54,3.19,true,false,1561
2025-11-27T21:24:03.148291-08:00,read,key_901,2.22,true,false,741
2025-11-27T21:24:03.158817-08:00,read,key_696,1.79,true,false,1540
2025-11-27T21:24:03.169954-08:00,read,key_170,3.01,true,false,852
2025-11-27T21:24:03.181207-08:00,read,key_930,2.45,true,false,1005
2025-11-27T21:24:03.192182-08:00,read,key_625,1.57,true,false,1186
2025-11-27T21:24:03.203291-08:00,read,key_902,2.21,true,false,1541
2025-11-27T21:24:03.214636-08:00,read,key_397,1.80,true,false,600
2025-11-27T21:24:03.225537-08:00,read,key_937,1.33,true,false,632
2025-11-27T21:24:03.236678-08:00,read,key_808,2.42,true,false,1570
2025-11-27T21:24:03.247068-08:00,read,key_901,2.31,true,false,741
2025-11-27T21:24:03.258175-08:00,read,key_540,1.45,true,false,839
2025-11-27T21:24:03.26933-08:00,read,key_404,2.04,true,false,1171
2025-11-27T21:24:03.280182-08:00,read,key_689,2.52,true,false,719
2025-11-27T21:24:03.291257-08:00,read,key_850,1.80,true,false,1514
2025-11-27T21:24:03.302383-08:00,read,key_877,1.56,true,false,1554
2025-11-27T21:24:03.313232-08:00,read,key_240,2.21,true,false,1181
2025-11-27T21:24:03.32433-08:00,read,key_27,1.45,true,false,1212
2025-11-27T21:24:03.335207-08:00,read,key_303,1.46,true,false,557
2025-11-27T21:24:03.345765-08:00,read,key_201,2.69,true,false,1353
2025-11-27T21:24:03.356798-08:00,read,key_217,1.85,true,false,1302
2025-11-27T21:24:03.367316-08:00,read,key_144,1.53,true,false,1103
2025-11-27T21:24:03.378446-08:00,read,key_399,2.10,true,false,870
2025-11-27T21:24:03.38954-08:00,read,key_699,1.69,true,false,1479
2025-11-27T21:24:03.400132-08:00,read,key_733,1.81,true,false,264
2025-11-27T21:24:03.411286-08:00,read,key_155,2.00,true,false,1254
2025-11-27T21:24:03.42244-08:00,read,key_171,1.89,false,false,0
2025-11-27T21:24:03.433599-08:00,read,key_662,2.03,true,false,1171
2025-11-27T21:24:03.444862-08:00,read,key_327,1.65,true,false,1474
2025-11-27T21:24:03.45516-08:00,read,key_96,2.16,true,false,1450
2025-11-27T21:24:03.465305-08:00,read,key_293,1.98,true,false,263
2025-11-27T21:24:03.475561-08:00,read,key_250,1.68,true,false,1378
2025-11-27T21:24:03.486724-08:00,read,key_868,2.01,true,false,319
2025-11-27T21:24:03.497885-08:00,read,key_399,1.57,true,false,870
2025-11-27T21:24:03.509034-08:00,read,key_202,1.84,true,false,1488
2025-11-27T21:24:03.520328-08:00,read,key_629,2.22,true,false,579
2025-11-27T21:24:03.53135-08:00,read,key_118,1.87,true,false,1529
2025-11-27T21:24:03.542432-08:00,read,key_646,2.03,true,false,269
2025-11-27T21:24:03.553666-08:00,read,key_124,3.33,true,false,1309
2025-11-27T21:24:03.564044-08:00,read,key_426,2.26,true,false,624
2025-11-27T21:24:03.575246-08:00,read,key_960,2.19,true,false,1571
2025-11-27T21:24:03.585607-08:00,read,key_410,1.54,true,false,1122
2025-11-27T21:24:03.596475-08:00,read,key_852,2.23,true,false,1220
2025-11-27T21:24:03.607657-08:00,read,key_990,1.74,true,false,858
2025-11-27T21:24:03.618819-08:00,read,key_433,1.68,true,false,1341
2025-11-27T21:24:03.629125-08:00,read,key_7,2.42,true,false,1508
2025-11-27T21:24:03.640217-08:00,read,key_507,1.43,true,false,1551
2025-11-27T21:24:03.650516-08:00,read,key_650,1.32,true,false,262
2025-11-27T21:24:03.661638-08:00,read,key_770,2.02,true,false,382
2025-11-27T21:24:03.672451-08:00,read,key_864,2.23,false,false,0
2025-11-27T21:24:03.683535-08:00,read,key_200,1.51,true,false,1476
2025-11-27T21:24:03.693935-08:00,read,key_698,1.65,true,false,1538
2025-11-27T21:24:03.705089-08:00,read,key_452,2.49,true,false,1555
2025-11-27T21:24:03.716167-08:00,read,key_936,1.38,false,false,0
2025-11-27T21:24:03.727314-08:00,read,key_663,1.46,false,false,0
2025-11-27T21:24:03.739013-08:00,read,key_230,2.34,true,false,1448
2025-11-27T21:24:03.750053-08:00,read,key_806,1.86,true,false,1572
2025-11-27T21:24:03.761188-08:00,read,key_61,2.60,true,false,1561
2025-11-27T21:24:03.772267-08:00,read,key_207,2.31,true,false,1581
2025-11-27T21:24:03.783136-08:00,read,key_110,1.52,true,false,1370
2025-11-27T21:24:03.794276-08:00,read,key_514,1.69,true,false,848
2025-11-27T21:24:03.805421-08:00,read,key_249,1.91,false,false,0
2025-11-27T21:24:03.816537-08:00,read,key_414,1.76,true,false,661
2025-11-27T21:24:03.827676-08:00,read,key_341,2.90,true,false,620
2025-11-27T21:24:03.838884-08:00,read,key_760,1.54,true,false,852
2025-11-27T21:24:03.849802-08:00,read,key_600,1.58,true,false,1496
2025-11-27T21:24:03.860662-08:00,read,key_221,1.67,true,false,586
2025-11-27T21:24:03.870965-08:00,read,key_505,2.75,true,false,1410
2025-11-27T21:24:03.881219-08:00,read,key_367,1.28,true,false,1381
2025-11-27T21:24:03.892334-08:00,read,key_121,1.72,true,false,821
2025-11-27T21:24:03.903413-08:00,read,key_425,2.08,true,false,1158
2025-11-27T21:24:03.914602-08:00,read,key_661,1.50,true,false,899
2025-11-27T21:24:03.92556-08:00,read,key_717,1.83,true,false,1568
2025-11-27T21:24:03.936512-08:00,read,key_738,1.78,true,false,168
2025-11-27T21:24:03.946857-08:00,read,key_856,2.19,true,false,1378
2025-11-27T21:24:03.957987-08:00,read,key_922,1.58,true,false,616
2025-11-27T21:24:03.969152-08:00,read,key_576,1.99,true,false,1434
2025-11-27T21:24:03.980049-08:00,read,key_343,2.50,true,false,1506
2025-11-27T21:24:03.991155-08:00,read,key_396,1.44,true,false,890
2025-11-27T21:24:04.002278-08:00,read,key_122,1.32,true,false,1594
2025-11-27T21:24:04.012556-08:00,read,key_234,1.75,true,false,1447
2025-11-27T21:24:04.023175-08:00,read,key_483,1.55,true,false,1539
2025-11-27T21:24:04.034304-08:00,read,key_408,1.42,true,false,1366
2025-11-27T21:24:04.044669-08:00,read,key_976,1.65,true,false,1371
2025-11-27T21:24:04.055238-08:00,read,key_59,1.69,true,false,1479
2025-11-27T21:24:04.066275-08:00,read,key_778,1.59,true,false,317
2025-11-27T21:24:04.077384-08:00,read,key_228,1.62,true,false,554
2025-11-27T21:24:04.087598-08:00,read,key_143,2.25,true,false,1123
2025-11-27T21:24:04.098629-08:00,read,key_348,1.69,true,false,615
2025-11-27T21:24:04.109731-08:00,read,key_486,1.69,true,false,1362
2025-11-27T21:24:04.119868-08:00,read,key_445,2.33,true,false,1560
2025-11-27T21:24:04.131456-08:00,read,key_775,1.97,true,false,606
2025-11-27T21:24:04.142546-08:00,read,key_62,1.55,true,false,1061
2025-11-27T21:24:04.153695-08:00,read,key_552,3.30,true,false,1126
2025-11-27T21:24:04.164694-08:00,read,key_559,1.37,true,false,627
2025-11-27T21:24:04.175015-08:00,read,key_889,1.62,true,false,633
2025-11-27T21:24:04.186136-08:00,read,key_336,1.86,true,false,1195
2025-11-27T21:24:04.197325-08:00,read,key_272,1.86,true,false,173
2025-11-27T21:24:04.20843-08:00,read,key_260,1.46,false,false,0
2025-11-27T21:24:04.219557-08:00,read,key_65,1.75,false,false,0
2025-11-27T21:24:04.229875-08:00,read,key_234,2.43,true,false,1447
2025-11-27T21:24:04.240949-08:00,read,key_422,1.44,true,false,1066
2025-11-27T21:24:04.252125-08:00,read,key_443,1.88,true,false,987
2025-11-27T21:24:04.263094-08:00,read,key_342,2.19,true,false,470
2025-11-27T21:24:04.274227-08:00,read,key_604,1.64,true,false,961
2025-11-27T21:24:04.285366-08:00,read,key_799,1.56,true,false,663
2025-11-27T21:24:04.296527-08:00,read,key_664,2.47,true,false,1072
2025-11-27T21:24:04.307567-08:00,read,key_787,1.59,true,false,1328
2025-11-27T21:24:04.318105-08:00,read,key_524,1.55,true,false,1268
2025-11-27T21:24:04.328366-08:00,read,key_416,1.91,true,false,891
2025-11-27T21:24:04.339583-08:00,read,key_507,1.69,true,false,1551
2025-11-27T21:24:04.350702-08:00,read,key_185,1.62,false,false,0
2025-11-27T21:24:04.361067-08:00,read,key_835,1.56,true,false,1143
2025-11-27T21:24:04.371933-08:00,read,key_327,1.70,true,false,1474
2025-11-27T21:24:04.382808-08:00,read,key_801,1.94,true,false,1565
2025-11-27T21:24:04.393217-08:00,read,key_614,1.42,true,false,1531
2025-11-27T21:24:04.404245-08:00,read,key_452,2.27,true,false,1555
2025-11-27T21:24:04.415187-08:00,read,key_114,1.95,true,false,1290
2025-11-27T21:24:04.426329-08:00,read,key_194,2.06,true,false,1037
2025-11-27T21:24:04.43664-08:00,read,key_550,2.88,true,false,697
2025-11-27T21:24:04.447001-08:00,read,key_161,2.50,true,false,1485
2025-11-27T21:24:04.45811-08:00,read,key_179,1.95,true,false,834
2025-11-27T21:24:04.469208-08:00,read,key_663,2.18,false,false,0
2025-11-27T21:24:04.480556-08:00,read,key_607,2.24,true,false,1033
2025-11-27T21:24:04.49173-08:00,read,key_135,1.95,true,false,1530
2025-11-27T21:24:04.502839-08:00,read,key_42,1.83,true,false,1252
2025-11-27T21:24:04.513694-08:00,read,key_340,2.40,true,false,820
2025-11-27T21:24:04.524149-08:00,read,key_81,1.74,true,false,976
2025-11-27T21:24:04.535207-08:00,read,key_906,1.70,true,false,1358
2025-11-27T21:24:04.546353-08:00,read,key_126,2.72,true,false,991
2025-11-27T21:24:04.55747-08:00,read,key_970,1.72,true,false,1453
2025-11-27T21:24:04.568573-08:00,read,key_553,1.29,true,false,1125
2025-11-27T21:24:04.579325-08:00,read,key_987,2.05,true,false,990
2025-11-27T21:24:04.590191-08:00,read,key_649,1.81,true,false,1541
2025-11-27T21:24:04.601363-08:00,read,key_11,1.98,true,false,767
2025-11-27T21:24:04.612552-08:00,read,key_401,2.31,true,false,1410
2025-11-27T21:24:04.623703-08:00,read,key_655,1.91,true,false,1076
2025-11-27T21:24:04.634717-08:00,read,key_520,1.89,true,false,1257
2025-11-27T21:24:04.64609-08:00,read,key_902,2.24,true,false,1541
2025-11-27T21:24:04.657207-08:00,read,key_778,1.40,true,false,317
2025-11-27T21:24:04.668367-08:00,read,key_835,1.83,true,false,1143
2025-11-27T21:24:04.67952-08:00,read,key_765,1.83,true,false,1365
2025-11-27T21:24:04.69049-08:00,read,key_593,1.47,true,false,883
2025-11-27T21:24:04.701588-08:00,read,key_230,1.60,true,false,1448
2025-11-27T21:24:04.712-08:00,read,key_715,2.04,true,false,1469
2025-11-27T21:24:04.723165-08:00,read,key_710,1.91,true,false,1576
2025-11-27T21:24:04.734272-08:00,read,key_205,1.38,true,false,715
2025-11-27T21:24:04.745406-08:00,read,key_689,2.22,true,false,719
2025-11-27T21:24:04.756554-08:00,read,key_128,1.70,true,false,945
2025-11-27T21:24:04.767446-08:00,read,key_987,1.35,true,false,990
2025-11-27T21:24:04.778601-08:00,read,key_324,1.73,true,false,1378
2025-11-27T21:24:04.789797-08:00,read,key_325,2.03,true,false,753
2025-11-27T21:24:04.800152-08:00,read,key_798,1.49,true,false,543
2025-11-27T21:24:04.811291-08:00,read,key_785,2.31,true,false,280
2025-11-27T21:24:04.821893-08:00,read,key_655,2.70,true,false,1076
2025-11-27T21:24:04.83294-08:00,read,key_282,1.41,true,false,1515
2025-11-27T21:24:04.84387-08:00,read,key_408,1.88,true,false,1366
2025-11-27T21:24:04.855052-08:00,read,key_405,3.07,true,false,1545
2025-11-27T21:24:04.866064-08:00,read,key_247,1.62,false,false,0
2025-11-27T21:24:04.877232-08:00,read,key_851,1.43,true,false,1527
2025-11-27T21:24:04.888706-08:00,read,key_472,2.68,true,false,1513
2025-11-27T21:24:04.910259-08:00,read,key_178,1.72,false,false,0
2025-11-27T21:24:04.921441-08:00,read,key_208,2.54,true,false,1346
2025-11-27T21:24:04.932526-08:00,read,key_789,1.39,true,false,239
2025-11-27T21:24:04.943654-08:00,read,key_363,1.10,true,false,607
2025-11-27T21:24:04.9542-08:00,read,key_446,2.49,true,false,1126
2025-11-27T21:24:04.965329-08:00,read,key_802,1.85,true,false,1249
2025-11-27T21:24:04.975554-08:00,read,key_423,1.60,true,false,718
2025-11-27T21:24:04.986683-08:00,read,key_793,1.28,true,false,1199
2025-11-27T21:24:04.997845-08:00,read,key_602,2.00,true,false,1101
2025-11-27T21:24:05.008948-08:00,read,key_903,1.58,true,false,1566
2025-11-27T21:24:05.020069-08:00,read,key_505,1.91,true,false,1410
2025-11-27T21:24:05.031443-08:00,read,key_549,1.80,true,false,769
2025-11-27T21:24:05.042162-08:00,read,key_906,1.40,true,false,1358
2025-11-27T21:24:05.053262-08:00,read,key_6,2.06,true,false,1290
2025-11-27T21:24:05.063527-08:00,read,key_491,2.32,true,false,596
2025-11-27T21:24:05.074613-08:00,read,key_536,1.48,true,false,1321
2025-11-27T21:24:05.085743-08:00,read,key_423,1.47,true,false,718
2025-11-27T21:24:05.096965-08:00,read,key_191,2.05,false,false,0
2025-11-27T21:24:05.109023-08:00,read,key_493,2.07,true,false,991
2025-11-27T21:24:05.120139-08:00,read,key_664,1.58,true,false,1072
2025-11-27T21:24:05.131181-08:00,read,key_405,1.58,true,false,1545
2025-11-27T21:24:05.142305-08:00,read,key_503,1.72,true,false,1556
2025-11-27T21:24:05.153407-08:00,read,key_720,1.34,true,false,905
2025-11-27T21:24:05.164651-08:00,read,key_271,1.77,false,false,0
2025-11-27T21:24:05.175508-08:00,read,key_126,2.01,true,false,991
2025-11-27T21:24:05.186627-08:00,read,key_650,2.15,true,false,262
2025-11-27T21:24:05.198096-08:00,read,key_490,2.28,true,false,1255
2025-11-27T21:24:04.899043-08:00,write,key_694,308.40,true,false,1595
2025-11-27T21:24:05.208302-08:00,read,key_989,1.43,true,false,1327
2025-11-27T21:24:05.219472-08:00,read,key_614,1.80,true,false,1531
2025-11-27T21:24:05.230612-08:00,read,key_320,2.56,true,false,1591
2025-11-27T21:24:05.241696-08:00,read,key_195,2.11,true,false,1068
2025-11-27T21:24:05.263602-08:00,read,key_171,2.41,false,false,0
2025-11-27T21:24:05.274704-08:00,read,key_663,1.77,false,false,0
2025-11-27T21:24:05.285856-08:00,read,key_905,2.06,true,false,1540
2025-11-27T21:24:05.296959-08:00,read,key_180,2.37,true,false,1413
2025-11-27T21:24:05.307632-08:00,read,key_191,1.50,false,false,0
2025-11-27T21:24:05.318785-08:00,read,key_887,1.90,true,false,1400
2025-11-27T21:24:05.329198-08:00,read,key_85,2.34,true,false,1361
2025-11-27T21:24:05.340325-08:00,read,key_486,1.50,true,false,1362
2025-11-27T21:24:05.350498-08:00,read,key_488,1.52,true,false,1232
2025-11-27T21:24:05.36172-08:00,read,key_903,1.96,true,false,1566
2025-11-27T21:24:05.373101-08:00,read,key_616,1.74,true,false,1451
2025-11-27T21:24:05.384228-08:00,read,key_436,1.76,true,false,1338
2025-11-27T21:24:05.395387-08:00,read,key_906,1.95,true,false,1358
2025-11-27T21:24:05.405818-08:00,read,key_510,1.87,true,false,1063
2025-11-27T21:24:05.416695-08:00,read,key_406,4.79,true,false,1137
2025-11-27T21:24:05.427566-08:00,read,key_689,1.25,true,false,719
2025-11-27T21:24:05.438533-08:00,read,key_367,1.60,true,false,1381
2025-11-27T21:24:05.449191-08:00,read,key_66,0.86,true,false,187
2025-11-27T21:24:05.460364-08:00,read,key_420,1.24,true,false,397
2025-11-27T21:24:05.471611-08:00,read,key_27,1.83,true,false,1212
2025-11-27T21:24:05.482164-08:00,read,key_97,1.43,true,false,1562
2025-11-27T21:24:05.493293-08:00,read,key_197,1.90,false,false,0
2025-11-27T21:24:05.504487-08:00,read,key_170,2.65,true,false,852
2025-11-27T21:24:05.514895-08:00,read,key_23,1.85,true,false,1305
2025-11-27T21:24:05.525782-08:00,read,key_886,2.02,true,false,1482
2025-11-27T21:24:05.53696-08:00,read,key_426,1.19,true,false,624
2025-11-27T21:24:05.548112-08:00,read,key_576,0.97,true,false,1434
2025-11-27T21:24:05.252314-08:00,write,key_176,307.01,true,false,1596
2025-11-27T21:24:05.558572-08:00,read,key_353,0.78,true,false,1547
2025-11-27T21:24:05.569671-08:00,read,key_426,0.87,true,false,624
2025-11-27T21:24:05.580956-08:00,read,key_918,0.78,true,false,717
2025-11-27T21:24:05.592055-08:00,read,key_112,0.80,true,false,1366
2025-11-27T21:24:05.603234-08:00,read,key_61,1.05,true,false,1561
2025-11-27T21:24:05.613842-08:00,read,key_157,0.88,true,false,1222
2025-11-27T21:24:05.625015-08:00,read,key_401,0.87,true,false,1410
2025-11-27T21:24:05.635783-08:00,read,key_115,3.08,true,false,1392
2025-11-27T21:24:05.646161-08:00,read,key_264,1.29,true,false,427
2025-11-27T21:24:05.657257-08:00,read,key_661,0.67,true,false,899
2025-11-27T21:24:05.668398-08:00,read,key_103,0.68,true,false,776
2025-11-27T21:24:05.679569-08:00,read,key_428,0.66,true,false,1143
2025-11-27T21:24:05.690733-08:00,read,key_408,0.64,true,false,1366
2025-11-27T21:24:05.701897-08:00,read,key_227,0.66,true,false,893
2025-11-27T21:24:05.712161-08:00,read,key_396,0.77,true,false,890
2025-11-27T21:24:05.722744-08:00,read,key_590,0.65,false,false,0
2025-11-27T21:24:05.733869-08:00,read,key_695,0.60,true,false,989
2025-11-27T21:24:05.745011-08:00,read,key_190,0.52,true,false,1218
2025-11-27T21:24:05.756018-08:00,read,key_118,0.57,true,false,1529
2025-11-27T21:24:05.767268-08:00,read,key_130,0.71,true,false,1428
2025-11-27T21:24:05.777788-08:00,read,key_655,0.53,true,false,1076
2025-11-27T21:24:05.788538-08:00,read,key_593,0.93,true,false,883
2025-11-27T21:24:05.79969-08:00,read,key_400,0.63,true,false,1373
2025-11-27T21:24:05.810377-08:00,read,key_480,0.64,true,false,1196
2025-11-27T21:24:05.832773-08:00,read,key_60,0.84,true,false,1132
2025-11-27T21:24:05.843655-08:00,read,key_958,0.90,true,false,1498
2025-11-27T21:24:05.855051-08:00,read,key_320,2.30,true,false,1591
2025-11-27T21:24:05.86601-08:00,read,key_460,1.69,true,false,1549
2025-11-27T21:24:05.876844-08:00,read,key_809,1.85,true,false,1534
2025-11-27T21:24:05.88812-08:00,read,key_610,2.41,true,false,1408
2025-11-27T21:24:05.899263-08:00,read,key_532,1.86,true,false,1265
2025-11-27T21:24:05.910435-08:00,read,key_125,2.59,true,false,1326
2025-11-27T21:24:05.921773-08:00,read,key_243,2.93,true,false,588
2025-11-27T21:24:05.932805-08:00,read,key_409,2.02,true,false,1347
2025-11-27T21:24:05.943962-08:00,read,key_106,2.29,true,false,1437
2025-11-27T21:24:05.955218-08:00,read,key_431,2.88,true,false,822
2025-11-27T21:24:05.9663-08:00,read,key_593,2.08,true,false,883
2025-11-27T21:24:05.977456-08:00,read,key_767,2.62,true,false,1431
2025-11-27T21:24:05.98881-08:00,read,key_116,2.24,true,false,347
2025-11-27T21:24:05.999691-08:00,read,key_969,2.08,true,false,1347
2025-11-27T21:24:06.010834-08:00,read,key_138,2.23,true,false,1558
2025-11-27T21:24:06.021877-08:00,read,key_684,3.31,true,false,70
2025-11-27T21:24:06.032866-08:00,read,key_347,1.80,true,false,858
2025-11-27T21:24:06.044054-08:00,read,key_883,1.96,false,false,0
2025-11-27T21:24:06.05449-08:00,read,key_436,2.09,true,false,1338
2025-11-27T21:24:06.064865-08:00,read,key_111,1.84,true,false,1544
2025-11-27T21:24:06.076014-08:00,read,key_871,1.74,true,false,1327
2025-11-27T21:24:06.086362-08:00,read,key_457,1.79,true,false,1501
2025-11-27T21:24:06.0972-08:00,read,key_910,2.80,true,false,1381
2025-11-27T21:24:06.108242-08:00,read,key_887,1.49,true,false,1400
2025-11-27T21:24:06.119401-08:00,read,key_196,1.04,true,false,1488
2025-11-27T21:24:05.821699-08:00,write,key_1,303.70,true,false,1597
2025-11-27T21:24:06.13002-08:00,read,key_922,0.82,true,false,616
2025-11-27T21:24:06.141159-08:00,read,key_794,0.67,true,false,846
2025-11-27T21:24:06.152328-08:00,read,key_186,0.71,true,false,1574
2025-11-27T21:24:06.163479-08:00,read,key_867,1.07,true,false,1256
2025-11-27T21:24:06.174614-08:00,read,key_616,0.88,true,false,1451
2025-11-27T21:24:06.185767-08:00,read,key_129,0.73,true,false,875
2025-11-27T21:24:06.197485-08:00,read,key_719,0.81,true,false,1542
2025-11-27T21:24:06.208646-08:00,read,key_871,0.76,true,false,1327
2025-11-27T21:24:06.219796-08:00,read,key_759,0.82,true,false,1346
2025-11-27T21:24:06.230291-08:00,read,key_521,0.88,true,false,886
2025-11-27T21:24:06.241461-08:00,read,key_685,1.93,true,false,808
2025-11-27T21:24:06.252618-08:00,read,key_509,2.38,true,false,1560
2025-11-27T21:24:06.263527-08:00,read,key_578,2.38,true,false,1325
2025-11-27T21:24:06.274627-08:00,read,key_662,2.05,true,false,1171
2025-11-27T21:24:06.285229-08:00,read,key_113,2.06,true,false,1561
2025-11-27T21:24:06.296166-08:00,read,key_857,2.39,true,false,1443
2025-11-27T21:24:06.307332-08:00,read,key_0,2.19,true,false,1515
2025-11-27T21:24:06.31847-08:00,read,key_865,1.81,false,false,0
2025-11-27T21:24:06.329284-08:00,read,key_131,2.41,true,false,1588
2025-11-27T21:24:06.340335-08:00,read,key_543,2.02,true,false,1455
2025-11-27T21:24:06.35148-08:00,read,key_213,1.92,true,false,1148
2025-11-27T21:24:06.373843-08:00,read,key_900,1.42,true,false,815
2025-11-27T21:24:06.38405-08:00,read,key_391,1.43,true,false,1523
2025-11-27T21:24:06.394926-08:00,read,key_725,1.95,true,false,903
2025-11-27T21:24:06.406323-08:00,read,key_884,1.46,true,false,1527
2025-11-27T21:24:06.417447-08:00,read,key_121,1.45,true,false,821
2025-11-27T21:24:06.439871-08:00,read,key_294,1.52,true,false,921
2025-11-27T21:24:06.45054-08:00,read,key_853,2.12,true,false,1491
2025-11-27T21:24:06.46124-08:00,read,key_154,2.19,true,false,778
2025-11-27T21:24:06.471916-08:00,read,key_233,2.37,true,false,1564
2025-11-27T21:24:06.483002-08:00,read,key_432,1.65,true,false,1288
2025-11-27T21:24:06.494145-08:00,read,key_402,2.14,true,false,1213
2025-11-27T21:24:06.50527-08:00,read,key_359,2.37,true,false,1287
2025-11-27T21:24:06.516257-08:00,read,key_85,1.43,true,false,1361
2025-11-27T21:24:06.527356-08:00,read,key_842,1.94,false,false,0
2025-11-27T21:24:06.537777-08:00,read,key_408,2.03,true,false,1366
2025-11-27T21:24:06.548663-08:00,read,key_268,1.52,true,false,499
2025-11-27T21:24:06.55887-08:00,read,key_728,1.64,true,false,1193
2025-11-27T21:24:06.570113-08:00,read,key_809,1.75,true,false,1534
2025-11-27T21:24:06.581308-08:00,read,key_267,2.03,true,false,485
2025-11-27T21:24:06.592432-08:00,read,key_97,1.54,true,false,1562
2025-11-27T21:24:06.603533-08:00,read,key_110,1.79,true,false,1370
2025-11-27T21:24:06.62566-08:00,read,key_398,1.95,true,false,1542
2025-11-27T21:24:06.636885-08:00,read,key_188,1.78,true,false,1448
2025-11-27T21:24:06.648049-08:00,read,key_971,1.73,true,false,1092
2025-11-27T21:24:06.659168-08:00,read,key_520,1.69,true,false,1257
2025-11-27T21:24:06.362701-08:00,write,key_766,311.13,true,false,1598
2025-11-27T21:24:06.670331-08:00,read,key_752,3.50,true,false,1554
2025-11-27T21:24:06.681273-08:00,read,key_520,1.70,true,false,1257
2025-11-27T21:24:06.692391-08:00,read,key_115,1.44,true,false,1392
2025-11-27T21:24:06.703568-08:00,read,key_650,2.20,true,false,262
2025-11-27T21:24:06.714673-08:00,read,key_924,2.15,false,false,0
2025-11-27T21:24:06.725818-08:00,read,key_714,1.66,true,false,1474
2025-11-27T21:24:06.428603-08:00,write,key_655,310.36,true,false,1598
2025-11-27T21:24:06.736968-08:00,read,key_129,2.64,true,false,875
2025-11-27T21:24:06.748075-08:00,read,key_111,1.33,true,false,1544
2025-11-27T21:24:06.758808-08:00,read,key_37,1.51,true,false,1479
2025-11-27T21:24:06.770024-08:00,read,key_195,1.57,true,false,1068
2025-11-27T21:24:06.780812-08:00,read,key_526,2.16,true,true,1529
2025-11-27T21:24:06.791926-08:00,read,key_489,1.37,true,false,1390
2025-11-27T21:24:06.803062-08:00,read,key_298,2.13,true,false,1507
2025-11-27T21:24:06.814231-08:00,read,key_590,2.04,false,false,0
2025-11-27T21:24:06.825374-08:00,read,key_716,1.38,true,false,1482
2025-11-27T21:24:06.83596-08:00,read,key_958,1.39,true,false,1498
2025-11-27T21:24:06.847416-08:00,read,key_96,2.01,true,false,1450
2025-11-27T21:24:06.858528-08:00,read,key_578,1.66,true,false,1325
2025-11-27T21:24:06.869691-08:00,read,key_950,1.98,true,false,1085
2025-11-27T21:24:06.880781-08:00,read,key_751,1.38,true,false,1289
2025-11-27T21:24:06.891946-08:00,read,key_723,1.66,true,false,691
2025-11-27T21:24:06.903042-08:00,read,key_433,2.33,true,false,1341
2025-11-27T21:24:06.913607-08:00,read,key_138,2.20,true,false,1558
2025-11-27T21:24:06.614697-08:00,write,key_731,304.85,true,false,1598
2025-11-27T21:24:06.923755-08:00,read,key_750,1.33,true,false,1503
2025-11-27T21:24:06.934885-08:00,read,key_710,1.51,true,false,1576
2025-11-27T21:24:06.945884-08:00,read,key_357,2.04,true,false,1233
2025-11-27T21:24:06.957136-08:00,read,key_403,1.66,true,false,1000
2025-11-27T21:24:06.968243-08:00,read,key_559,1.22,true,false,627
2025-11-27T21:24:06.97923-08:00,read,key_219,2.16,true,false,1456
2025-11-27T21:24:06.990373-08:00,read,key_116,1.63,true,false,347
2025-11-27T21:24:07.001518-08:00,read,key_834,2.01,true,false,1388
2025-11-27T21:24:07.013719-08:00,read,key_471,2.12,true,false,1235
2025-11-27T21:24:07.024859-08:00,read,key_406,1.69,true,false,1137
2025-11-27T21:24:07.036012-08:00,read,key_133,1.34,true,false,1545
2025-11-27T21:24:07.046119-08:00,read,key_607,2.09,true,false,1033
2025-11-27T21:24:07.056557-08:00,read,key_296,1.88,false,false,0
2025-11-27T21:24:07.066813-08:00,read,key_342,1.71,true,false,470
2025-11-27T21:24:07.07699-08:00,read,key_854,1.46,true,false,1463
2025-11-27T21:24:07.087516-08:00,read,key_863,2.57,true,false,331
2025-11-27T21:24:07.098231-08:00,read,key_55,1.32,true,false,1225
2025-11-27T21:24:07.108777-08:00,read,key_419,1.39,true,false,1556
2025-11-27T21:24:07.119911-08:00,read,key_908,2.74,true,false,1450
2025-11-27T21:24:07.130123-08:00,read,key_480,2.23,true,false,1196
2025-11-27T21:24:07.140646-08:00,read,key_329,1.41,true,false,683
2025-11-27T21:24:07.151816-08:00,read,key_368,1.02,true,false,6
2025-11-27T21:24:07.162541-08:00,read,key_282,3.07,true,false,1515
2025-11-27T21:24:07.173659-08:00,read,key_985,1.60,true,false,1174
2025-11-27T21:24:07.184117-08:00,read,key_381,1.35,true,false,1019
2025-11-27T21:24:07.195258-08:00,read,key_615,1.70,true,false,1375
2025-11-27T21:24:07.206423-08:00,read,key_91,1.82,true,false,1559
2025-11-27T21:24:07.217209-08:00,read,key_240,1.53,true,false,1181
2025-11-27T21:24:07.228343-08:00,read,key_851,2.50,true,false,1527
2025-11-27T21:24:07.239636-08:00,read,key_336,1.81,true,false,1195
2025-11-27T21:24:07.250747-08:00,read,key_719,1.49,true,false,1542
2025-11-27T21:24:07.261862-08:00,read,key_542,2.56,true,false,686
2025-11-27T21:24:07.273076-08:00,read,key_54,1.70,true,false,1561
2025-11-27T21:24:07.284251-08:00,read,key_778,1.94,true,false,317
2025-11-27T21:24:07.295356-08:00,read,key_859,2.68,true,false,1528
2025-11-27T21:24:07.306426-08:00,read,key_322,1.41,true,false,1559
2025-11-27T21:24:07.317188-08:00,read,key_925,1.62,true,false,889
2025-11-27T21:24:07.328373-08:00,read,key_181,2.07,true,false,1260
2025-11-27T21:24:07.339091-08:00,read,key_988,2.06,true,false,696
2025-11-27T21:24:07.350246-08:00,read,key_8,1.45,true,false,1332
2025-11-27T21:24:07.361403-08:00,read,key_761,2.38,true,false,1082
2025-11-27T21:24:07.372319-08:00,read,key_357,2.02,true,false,1233
2025-11-27T21:24:07.383133-08:00,read,key_452,1.53,true,false,1555
2025-11-27T21:24:07.39395-08:00,read,key_974,1.36,true,false,1521
2025-11-27T21:24:07.405624-08:00,read,key_366,2.61,true,false,1095
2025-11-27T21:24:07.41651-08:00,read,key_509,1.71,true,false,1560
2025-11-27T21:24:07.427302-08:00,read,key_330,1.42,true,false,713
2025-11-27T21:24:07.438865-08:00,read,key_340,2.39,true,false,820
2025-11-27T21:24:07.449922-08:00,read,key_200,1.32,true,false,1476
2025-11-27T21:24:07.461007-08:00,read,key_476,1.74,true,false,1522
2025-11-27T21:24:07.472191-08:00,read,key_129,2.52,true,false,875
2025-11-27T21:24:07.483224-08:00,read,key_391,1.51,true,false,1523
2025-11-27T21:24:07.494358-08:00,read,key_506,2.24,true,false,1465
2025-11-27T21:24:07.505421-08:00,read,key_21,2.95,true,false,1414
2025-11-27T21:24:07.516434-08:00,read,key_714,1.29,true,false,1474
2025-11-27T21:24:07.527566-08:00,read,key_121,1.79,true,false,821
2025-11-27T21:24:07.538699-08:00,read,key_153,1.57,true,false,1575
2025-11-27T21:24:07.549834-08:00,read,key_24,1.77,true,false,1428
2025-11-27T21:24:07.560896-08:00,read,key_426,1.29,true,false,624
2025-11-27T21:24:07.572038-08:00,read,key_692,2.69,true,false,515
2025-11-27T21:24:07.583219-08:00,read,key_64,1.84,true,false,936
2025-11-27T21:24:07.594322-08:00,read,key_570,1.49,true,false,1499
2025-11-27T21:24:07.605288-08:00,read,key_479,2.19,true,false,1402
2025-11-27T21:24:07.616446-08:00,read,key_187,1.72,true,false,1404
2025-11-27T21:24:07.627583-08:00,read,key_576,1.47,true,false,1434
2025-11-27T21:24:07.638716-08:00,read,key_737,2.13,true,false,1299
2025-11-27T21:24:07.64981-08:00,read,key_481,1.46,true,false,1521
2025-11-27T21:24:07.660971-08:00,read,key_624,2.08,true,false,1359
2025-11-27T21:24:07.671945-08:00,read,key_127,2.37,true,false,983
2025-11-27T21:24:07.683056-08:00,read,key_150,1.46,true,false,1501
2025-11-27T21:24:07.694164-08:00,read,key_68,2.14,true,false,759
2025-11-27T21:24:07.705515-08:00,read,key_796,2.67,true,false,1402
2025-11-27T21:24:07.716571-08:00,read,key_608,1.64,true,false,1057
2025-11-27T21:24:07.72694-08:00,read,key_558,1.77,true,false,1486
2025-11-27T21:24:07.738076-08:00,read,key_573,2.37,true,false,1593
2025-11-27T21:24:07.748512-08:00,read,key_906,1.36,true,false,1358
2025-11-27T21:24:07.758882-08:00,read,key_690,1.68,true,false,1171
2025-11-27T21:24:07.770058-08:00,read,key_616,2.56,true,false,1451
2025-11-27T21:24:07.781492-08:00,read,key_501,1.85,true,false,1551
2025-11-27T21:24:07.792195-08:00,read,key_205,1.54,true,false,715
2025-11-27T21:24:07.803311-08:00,read,key_409,1.78,true,false,1347
2025-11-27T21:24:07.814499-08:00,read,key_597,1.57,true,false,231
2025-11-27T21:24:07.825499-08:00,read,key_503,3.37,true,false,1556
2025-11-27T21:24:07.835783-08:00,read,key_479,1.25,true,false,1402
2025-11-27T21:24:07.846886-08:00,read,key_650,1.33,true,true,261
2025-11-27T21:24:07.858056-08:00,read,key_404,1.03,true,false,1171
2025-11-27T21:24:07.869174-08:00,read,key_763,0.83,true,false,1376
2025-11-27T21:24:07.880195-08:00,read,key_199,1.23,true,false,1045
2025-11-27T21:24:07.890826-08:00,read,key_450,0.93,true,false,1502
2025-11-27T21:24:07.901961-08:00,read,key_647,0.97,false,false,0
2025-11-27T21:24:07.913054-08:00,read,key_714,0.75,true,false,1474
2025-11-27T21:24:07.924223-08:00,read,key_867,0.80,true,false,1256
2025-11-27T21:24:07.935206-08:00,read,key_261,0.75,true,false,568
2025-11-27T21:24:07.946284-08:00,read,key_425,1.06,true,false,1158
2025-11-27T21:24:07.957368-08:00,read,key_438,0.88,true,false,1221
2025-11-27T21:24:07.96852-08:00,read,key_801,2.25,true,false,1565
2025-11-27T21:24:07.978682-08:00,read,key_133,3.03,true,false,1545
2025-11-27T21:24:07.989717-08:00,read,key_235,2.03,true,false,1547
2025-11-27T21:24:08.000892-08:00,read,key_283,2.44,true,false,1534
2025-11-27T21:24:08.012011-08:00,read,key_908,2.84,true,false,1450
2025-11-27T21:24:08.023058-08:00,read,key_717,1.63,true,false,1568
2025-11-27T21:24:08.03387-08:00,read,key_221,1.65,true,false,586
2025-11-27T21:24:08.044367-08:00,read,key_180,1.94,true,false,1413
2025-11-27T21:24:08.05552-08:00,read,key_887,2.10,true,false,1400
2025-11-27T21:24:08.066639-08:00,read,key_550,1.56,true,false,697
2025-11-27T21:24:08.077774-08:00,read,key_718,1.51,true,false,1501
2025-11-27T21:24:08.088568-08:00,read,key_802,2.62,true,false,1249
2025-11-27T21:24:08.099636-08:00,read,key_763,1.58,true,false,1376
2025-11-27T21:24:08.109952-08:00,read,key_573,1.72,true,false,1593
2025-11-27T21:24:08.120821-08:00,read,key_62,2.43,true,false,1061
2025-11-27T21:24:08.131552-08:00,read,key_807,1.69,true,false,1585
2025-11-27T21:24:08.142194-08:00,read,key_974,1.42,true,false,1521
2025-11-27T21:24:08.153336-08:00,read,key_488,2.77,true,false,1232
2025-11-27T21:24:08.164392-08:00,read,key_802,1.91,true,false,1249
2025-11-27T21:24:08.175206-08:00,read,key_769,0.93,true,false,1573
2025-11-27T21:24:08.18634-08:00,read,key_329,0.79,true,false,683
2025-11-27T21:24:08.197474-08:00,read,key_114,1.66,true,false,1290
2025-11-27T21:24:08.20825-08:00,read,key_739,1.55,true,false,52
2025-11-27T21:24:08.218598-08:00,read,key_577,1.43,true,false,1415
2025-11-27T21:24:08.229789-08:00,read,key_22,2.60,true,false,1188
2025-11-27T21:24:08.240364-08:00,read,key_555,1.57,true,false,1577
2025-11-27T21:24:08.251515-08:00,read,key_405,1.93,true,false,1545
2025-11-27T21:24:08.262612-08:00,read,key_688,2.50,true,false,853
2025-11-27T21:24:08.273656-08:00,read,key_692,1.49,true,false,515
2025-11-27T21:24:08.28388-08:00,read,key_918,1.36,true,false,717
2025-11-27T21:24:08.295024-08:00,read,key_831,1.76,true,false,838
2025-11-27T21:24:08.306352-08:00,read,key_273,2.70,true,false,566
2025-11-27T21:24:08.317434-08:00,read,key_408,2.17,true,false,1366
2025-11-27T21:24:08.328045-08:00,read,key_334,1.34,true,false,1012
2025-11-27T21:24:08.338597-08:00,read,key_836,2.67,true,false,904
2025-11-27T21:24:08.349683-08:00,read,key_773,1.68,true,false,324
2025-11-27T21:24:08.360818-08:00,read,key_111,1.32,true,false,1544
2025-11-27T21:24:08.371725-08:00,read,key_215,2.57,true,false,1014
2025-11-27T21:24:08.382359-08:00,read,key_478,1.90,true,false,1574
2025-11-27T21:24:08.393445-08:00,read,key_112,1.43,true,false,1366
2025-11-27T21:24:08.403781-08:00,read,key_394,2.51,false,false,0
2025-11-27T21:24:08.414921-08:00,read,key_626,1.70,true,false,1343
2025-11-27T21:24:08.426126-08:00,read,key_950,1.78,true,false,1085
2025-11-27T21:24:08.437223-08:00,read,key_445,2.51,true,false,1560
2025-11-27T21:24:08.448328-08:00,read,key_768,2.13,true,false,1437
2025-11-27T21:24:08.459478-08:00,read,key_577,1.70,true,false,1415
2025-11-27T21:24:08.470601-08:00,read,key_969,2.69,true,false,1347
2025-11-27T21:24:08.48107-08:00,read,key_474,1.69,true,false,1570
2025-11-27T21:24:08.491268-08:00,read,key_399,1.69,true,false,870
2025-11-27T21:24:08.502403-08:00,read,key_395,1.34,true,false,750
2025-11-27T21:24:08.512672-08:00,read,key_869,1.91,true,false,1592
2025-11-27T21:24:08.523791-08:00,read,key_865,1.63,false,false,0
2025-11-27T21:24:08.534459-08:00,read,key_433,1.92,true,false,1341
2025-11-27T21:24:08.545561-08:00,read,key_750,2.60,true,false,1503
2025-11-27T21:24:08.557002-08:00,read,key_208,1.61,true,false,1346
2025-11-27T21:24:08.567175-08:00,read,key_144,1.67,true,false,1103
2025-11-27T21:24:08.578294-08:00,read,key_751,1.80,true,false,1289
2025-11-27T21:24:08.589101-08:00,read,key_871,2.16,true,false,1327
2025-11-27T21:24:08.600055-08:00,read,key_56,1.82,true,false,1513
2025-11-27T21:24:08.610961-08:00,read,key_916,1.37,true,false,1241
2025-11-27T21:24:08.622348-08:00,read,key_188,2.09,true,false,1448
2025-11-27T21:24:08.632947-08:00,read,key_859,1.39,true,false,1528
2025-11-27T21:24:08.643253-08:00,read,key_139,1.68,true,false,1525
2025-11-27T21:24:08.653984-08:00,read,key_383,3.00,true,false,1000
2025-11-27T21:24:08.665038-08:00,read,key_271,1.24,false,false,0
2025-11-27T21:24:08.675311-08:00,read,key_601,1.56,true,false,1020
2025-11-27T21:24:08.686444-08:00,read,key_357,0.94,true,false,1233
2025-11-27T21:24:08.697631-08:00,read,key_543,0.95,true,false,1455
2025-11-27T21:24:08.708288-08:00,read,key_439,0.68,true,false,1341
2025-11-27T21:24:08.719451-08:00,read,key_830,1.97,true,false,1382
2025-11-27T21:24:08.729927-08:00,read,key_798,2.07,true,false,543
2025-11-27T21:24:08.741078-08:00,read,key_532,2.00,true,false,1265
2025-11-27T21:24:08.751971-08:00,read,key_293,1.70,true,false,263
2025-11-27T21:24:08.763134-08:00,read,key_405,2.42,true,false,1545
2025-11-27T21:24:08.774203-08:00,read,key_479,1.71,true,false,1402
2025-11-27T21:24:08.785346-08:00,read,key_285,1.40,true,false,1250
2025-11-27T21:24:08.795881-08:00,read,key_489,2.21,true,false,1390
2025-11-27T21:24:08.807017-08:00,read,key_820,1.67,false,false,0
2025-11-27T21:24:08.818136-08:00,read,key_657,1.36,true,false,1471
2025-11-27T21:24:08.82938-08:00,read,key_621,2.35,true,false,1247
2025-11-27T21:24:08.840498-08:00,read,key_976,1.38,true,false,1371
2025-11-27T21:24:08.851637-08:00,read,key_770,1.50,true,false,382
2025-11-27T21:24:08.862264-08:00,read,key_423,2.23,true,false,718
2025-11-27T21:24:08.873364-08:00,read,key_952,1.86,true,false,1453
2025-11-27T21:24:08.884519-08:00,read,key_295,1.42,true,false,1016
2025-11-27T21:24:08.895669-08:00,read,key_880,2.84,true,false,1089
2025-11-27T21:24:08.906693-08:00,read,key_484,2.01,true,false,1481
2025-11-27T21:24:08.917204-08:00,read,key_120,1.36,true,false,1434
2025-11-27T21:24:08.92842-08:00,read,key_262,2.08,true,false,604
2025-11-27T21:24:08.939537-08:00,read,key_975,1.59,true,false,1478
2025-11-27T21:24:08.950698-08:00,read,key_188,1.79,true,false,1448
2025-11-27T21:24:08.961829-08:00,read,key_60,1.90,true,false,1132
2025-11-27T21:24:08.973048-08:00,read,key_576,1.79,true,false,1434
2025-11-27T21:24:08.98414-08:00,read,key_777,1.45,true,false,916
2025-11-27T21:24:08.995258-08:00,read,key_286,3.37,true,false,1578
2025-11-27T21:24:09.006415-08:00,read,key_615,1.73,true,false,1375
2025-11-27T21:24:09.017521-08:00,read,key_698,1.35,true,false,1538
2025-11-27T21:24:09.028649-08:00,read,key_144,2.97,true,false,1103
2025-11-27T21:24:09.0399-08:00,read,key_680,1.88,true,false,982
2025-11-27T21:24:09.051141-08:00,read,key_238,2.07,true,false,1582
2025-11-27T21:24:09.062255-08:00,read,key_788,2.72,true,false,424
2025-11-27T21:24:09.072656-08:00,read,key_383,1.77,true,false,1000
2025-11-27T21:24:09.083315-08:00,read,key_489,2.00,true,false,1390
2025-11-27T21:24:09.094448-08:00,read,key_289,1.66,true,false,1315
2025-11-27T21:24:09.105713-08:00,read,key_801,2.32,true,false,1565
2025-11-27T21:24:09.116-08:00,read,key_773,1.26,true,false,324
2025-11-27T21:24:09.127157-08:00,read,key_129,1.65,true,false,875
2025-11-27T21:24:09.138291-08:00,read,key_884,2.70,true,false,1527
2025-11-27T21:24:09.149386-08:00,read,key_957,2.03,true,false,1311
2025-11-27T21:24:09.160525-08:00,read,key_600,1.39,true,false,1496
2025-11-27T21:24:09.17157-08:00,read,key_249,2.60,false,false,0
2025-11-27T21:24:09.182615-08:00,read,key_601,1.54,true,false,1020
2025-11-27T21:24:09.193088-08:00,read,key_332,1.68,true,false,663
2025-11-27T21:24:09.204552-08:00,read,key_459,1.74,true,false,1433
2025-11-27T21:24:09.215685-08:00,read,key_660,1.78,true,false,1141
2025-11-27T21:24:09.226815-08:00,read,key_107,1.47,true,false,1435
2025-11-27T21:24:09.238007-08:00,read,key_552,2.89,true,false,1126
2025-11-27T21:24:09.249023-08:00,read,key_699,1.66,true,false,1479
2025-11-27T21:24:09.260186-08:00,read,key_528,2.20,true,false,152
2025-11-27T21:24:09.271167-08:00,read,key_930,2.84,true,false,1005
2025-11-27T21:24:09.282069-08:00,read,key_914,1.35,true,false,886
2025-11-27T21:24:09.293217-08:00,read,key_963,1.78,true,false,1537
2025-11-27T21:24:09.304367-08:00,read,key_866,2.52,true,false,810
2025-11-27T21:24:09.315473-08:00,read,key_516,1.67,true,false,1273
2025-11-27T21:24:09.326671-08:00,read,key_807,1.45,true,false,1585
2025-11-27T21:24:09.33783-08:00,read,key_553,2.32,true,false,1125
2025-11-27T21:24:09.348905-08:00,read,key_880,1.32,true,false,1089
2025-11-27T21:24:09.360048-08:00,read,key_0,1.41,true,false,1515
2025-11-27T21:24:09.370972-08:00,read,key_313,2.51,true,false,1056
2025-11-27T21:24:09.382102-08:00,read,key_491,1.69,true,false,596
2025-11-27T21:24:09.392445-08:00,read,key_385,1.60,false,false,0
2025-11-27T21:24:09.403547-08:00,read,key_934,1.75,false,false,0
2025-11-27T21:24:09.414116-08:00,read,key_763,2.45,true,false,1376
2025-11-27T21:24:09.425045-08:00,read,key_6,1.62,true,false,1290
2025-11-27T21:24:09.43533-08:00,read,key_289,1.42,true,false,1315
2025-11-27T21:24:09.446583-08:00,read,key_46,2.34,true,false,1212
2025-11-27T21:24:09.457269-08:00,read,key_118,1.32,true,false,1529
2025-11-27T21:24:09.46841-08:00,read,key_51,1.91,true,false,1250
2025-11-27T21:24:09.479261-08:00,read,key_343,2.46,true,false,1506
2025-11-27T21:24:09.490472-08:00,read,key_148,1.65,true,false,1072
2025-11-27T21:24:09.500717-08:00,read,key_412,1.48,true,false,1531
2025-11-27T21:24:09.511894-08:00,read,key_105,1.91,true,false,864
2025-11-27T21:24:09.522306-08:00,read,key_787,2.11,true,false,1328
2025-11-27T21:24:09.533372-08:00,read,key_881,1.39,true,false,1459
2025-11-27T21:24:09.543643-08:00,read,key_239,1.83,true,false,1575
2025-11-27T21:24:09.55477-08:00,read,key_863,2.91,true,false,331
2025-11-27T21:24:09.565868-08:00,read,key_2,1.88,true,false,1575
2025-11-27T21:24:09.577023-08:00,read,key_450,1.49,true,false,1502
2025-11-27T21:24:09.587248-08:00,read,key_240,2.48,true,false,1181
2025-11-27T21:24:09.598107-08:00,read,key_861,1.57,true,false,1326
2025-11-27T21:24:09.608869-08:00,read,key_463,1.46,true,false,1483
2025-11-27T21:24:09.619992-08:00,read,key_591,1.74,true,false,1499
2025-11-27T21:24:09.63131-08:00,read,key_218,1.80,true,false,1318
2025-11-27T21:24:09.642433-08:00,read,key_625,1.55,true,false,1186
2025-11-27T21:24:09.653493-08:00,read,key_729,3.32,true,false,607
2025-11-27T21:24:09.664774-08:00,read,key_65,2.11,false,false,0
2025-11-27T21:24:09.67592-08:00,read,key_979,1.62,true,false,1579
2025-11-27T21:24:09.687108-08:00,read,key_349,2.66,true,false,666
2025-11-27T21:24:09.6982-08:00,read,key_952,1.60,true,false,1453
2025-11-27T21:24:09.708867-08:00,read,key_521,1.57,true,false,886
2025-11-27T21:24:09.720073-08:00,read,key_351,1.86,true,false,1333
2025-11-27T21:24:09.730621-08:00,read,key_545,2.39,true,false,873
2025-11-27T21:24:09.741706-08:00,read,key_652,1.33,true,false,1495
2025-11-27T21:24:09.752237-08:00,read,key_980,1.46,true,false,1410
2025-11-27T21:24:09.763854-08:00,read,key_546,2.34,true,false,1373
2025-11-27T21:24:09.775001-08:00,read,key_664,1.56,true,false,1072
2025-11-27T21:24:09.786125-08:00,read,key_186,1.57,true,false,1574
2025-11-27T21:24:09.796819-08:00,read,key_215,2.26,true,false,1014
2025-11-27T21:24:09.807959-08:00,read,key_837,1.93,true,false,792
2025-11-27T21:24:09.819116-08:00,read,key_354,2.12,true,false,1519
2025-11-27T21:24:09.830418-08:00,read,key_239,2.83,true,false,1575
2025-11-27T21:24:09.84145-08:00,read,key_755,1.63,true,false,1567
2025-11-27T21:24:09.852584-08:00,read,key_103,1.42,true,false,776
2025-11-27T21:24:09.863506-08:00,read,key_889,2.19,true,false,633
2025-11-27T21:24:09.874379-08:00,read,key_858,1.67,true,false,1444
2025-11-27T21:24:09.885469-08:00,read,key_770,1.52,true,false,382
2025-11-27T21:24:09.896609-08:00,read,key_330,2.47,true,false,713
2025-11-27T21:24:09.907717-08:00,read,key_661,1.65,true,false,899
2025-11-27T21:24:09.918792-08:00,read,key_972,1.79,true,false,1198
2025-11-27T21:24:09.930002-08:00,read,key_358,2.79,true,false,1584
2025-11-27T21:24:09.940387-08:00,read,key_532,1.53,true,false,1265
2025-11-27T21:24:09.951508-08:00,read,key_600,1.49,true,false,1496
2025-11-27T21:24:09.962169-08:00,read,key_625,2.52,true,false,1186
2025-11-27T21:24:09.973264-08:00,read,key_121,1.55,true,false,821
2025-11-27T21:24:09.984369-08:00,read,key_416,1.43,true,false,891
2025-11-27T21:24:09.995524-08:00,read,key_406,2.02,true,false,1137
2025-11-27T21:24:10.006716-08:00,read,key_962,1.43,true,false,1338
2025-11-27T21:24:10.017236-08:00,read,key_285,1.90,true,false,1250
2025-11-27T21:24:10.028381-08:00,read,key_554,2.06,true,false,1219
2025-11-27T21:24:10.039546-08:00,read,key_600,1.72,true,false,1496
2025-11-27T21:24:10.050026-08:00,read,key_524,1.50,true,false,1268
2025-11-27T21:24:10.061152-08:00,read,key_578,2.51,true,false,1325
2025-11-27T21:24:10.071993-08:00,read,key_232,2.40,true,false,1538
2025-11-27T21:24:10.083025-08:00,read,key_596,1.87,false,false,0
2025-11-27T21:24:10.094156-08:00,read,key_286,1.76,true,false,1578
2025-11-27T21:24:10.105243-08:00,read,key_418,2.39,false,false,0
2025-11-27T21:24:10.11631-08:00,read,key_696,1.58,true,false,1540
2025-11-27T21:24:10.127443-08:00,read,key_680,1.89,true,false,982
2025-11-27T21:24:10.138543-08:00,read,key_272,2.44,true,false,173
2025-11-27T21:24:10.149641-08:00,read,key_981,1.87,true,false,1384
2025-11-27T21:24:10.160329-08:00,read,key_340,1.63,true,false,820
2025-11-27T21:24:10.170662-08:00,read,key_768,3.35,true,false,1437
2025-11-27T21:24:10.181186-08:00,read,key_753,1.57,true,false,1419
2025-11-27T21:24:10.19177-08:00,read,key_90,1.51,true,false,1566
2025-11-27T21:24:10.202044-08:00,read,key_188,1.58,true,false,1448
2025-11-27T21:24:10.213277-08:00,read,key_801,2.54,true,false,1565
2025-11-27T21:24:10.22435-08:00,read,key_270,1.45,true,false,522
2025-11-27T21:24:10.235625-08:00,read,key_527,1.58,true,false,1290
2025-11-27T21:24:10.246241-08:00,read,key_814,2.18,true,false,1578
2025-11-27T21:24:10.257361-08:00,read,key_67,1.18,true,false,1156
2025-11-27T21:24:10.26856-08:00,read,key_441,1.69,true,false,1544
2025-11-27T21:24:10.279727-08:00,read,key_710,2.63,true,false,1576
2025-11-27T21:24:10.290824-08:00,read,key_855,1.96,true,false,1487
2025-11-27T21:24:10.301772-08:00,read,key_924,1.46,false,false,0
2025-11-27T21:24:10.313693-08:00,read,key_128,1.91,true,false,945
2025-11-27T21:24:10.324833-08:00,read,key_984,1.50,true,false,1498
2025-11-27T21:24:10.336007-08:00,read,key_891,1.24,true,false,1084
2025-11-27T21:24:10.3462-08:00,read,key_659,2.29,true,false,1510
2025-11-27T21:24:10.357281-08:00,read,key_240,1.38,true,false,1181
2025-11-27T21:24:10.368393-08:00,read,key_285,1.50,true,false,1250
2025-11-27T21:24:10.379696-08:00,read,key_120,3.07,true,false,1434
2025-11-27T21:24:10.390021-08:00,read,key_125,1.59,true,false,1326
2025-11-27T21:24:10.401127-08:00,read,key_494,1.61,true,false,1081
2025-11-27T21:24:10.412248-08:00,read,key_23,3.14,true,false,1305
2025-11-27T21:24:10.424474-08:00,read,key_798,2.16,true,false,543
2025-11-27T21:24:10.435725-08:00,read,key_697,1.40,true,false,1216
2025-11-27T21:24:10.458313-08:00,read,key_953,2.02,true,false,1178
2025-11-27T21:24:10.468581-08:00,read,key_591,1.44,true,false,1499
2025-11-27T21:24:10.479721-08:00,read,key_122,2.54,true,false,1594
2025-11-27T21:24:10.490578-08:00,read,key_167,1.44,true,false,1391
2025-11-27T21:24:10.501709-08:00,read,key_493,1.57,true,false,991
2025-11-27T21:24:10.512097-08:00,read,key_396,2.33,true,false,890
2025-11-27T21:24:10.523189-08:00,read,key_937,1.36,true,false,632
2025-11-27T21:24:10.533695-08:00,read,key_807,1.58,true,false,1585
2025-11-27T21:24:10.544879-08:00,read,key_495,2.56,true,false,1509
2025-11-27T21:24:10.555262-08:00,read,key_187,2.43,true,false,1404
2025-11-27T21:24:10.5663-08:00,read,key_154,1.31,true,false,778
2025-11-27T21:24:10.577063-08:00,read,key_980,1.75,true,false,1410
2025-11-27T21:24:10.588605-08:00,read,key_38,1.80,true,false,1532
2025-11-27T21:24:10.599752-08:00,read,key_32,1.49,true,false,1577
2025-11-27T21:24:10.610883-08:00,read,key_476,1.72,true,false,1522
2025-11-27T21:24:10.622296-08:00,read,key_640,1.59,false,false,0
2025-11-27T21:24:10.633468-08:00,read,key_341,1.43,true,false,620
2025-11-27T21:24:10.644559-08:00,read,key_128,1.93,true,false,945
2025-11-27T21:24:10.655476-08:00,read,key_346,1.54,true,false,626
2025-11-27T21:24:10.666446-08:00,read,key_22,1.83,true,false,1188
2025-11-27T21:24:10.677631-08:00,read,key_469,1.44,true,false,1573
2025-11-27T21:24:10.688306-08:00,read,key_215,1.98,true,false,1014
2025-11-27T21:24:10.699424-08:00,read,key_395,1.43,true,false,750
2025-11-27T21:24:10.709816-08:00,read,key_952,1.80,true,false,1453
2025-11-27T21:24:10.731808-08:00,read,key_692,1.62,true,false,515
2025-11-27T21:24:10.742953-08:00,read,key_904,1.71,true,false,1461
2025-11-27T21:24:10.753145-08:00,read,key_128,1.26,true,false,945
2025-11-27T21:24:10.447153-08:00,write,key_241,309.99,true,false,1599
2025-11-27T21:24:10.763437-08:00,read,key_399,2.04,true,false,870
2025-11-27T21:24:10.773686-08:00,read,key_168,1.33,true,false,1278
2025-11-27T21:24:10.784524-08:00,read,key_431,1.53,true,false,822
2025-11-27T21:24:10.795715-08:00,read,key_834,3.43,true,false,1388
2025-11-27T21:24:10.806598-08:00,read,key_197,1.73,false,false,0
2025-11-27T21:24:10.817757-08:00,read,key_491,1.73,true,false,596
2025-11-27T21:24:10.828901-08:00,read,key_669,2.05,true,false,976
2025-11-27T21:24:10.84005-08:00,read,key_809,1.65,true,false,1534
2025-11-27T21:24:10.851176-08:00,read,key_650,1.63,true,false,261
2025-11-27T21:24:10.861456-08:00,read,key_906,1.58,true,false,1358
2025-11-27T21:24:10.872272-08:00,read,key_536,2.28,true,false,1321
2025-11-27T21:24:10.883168-08:00,read,key_988,1.65,true,false,696
2025-11-27T21:24:10.894385-08:00,read,key_343,1.27,true,false,1506
2025-11-27T21:24:10.905804-08:00,read,key_519,2.11,true,false,968
2025-11-27T21:24:10.9169-08:00,read,key_129,1.77,true,false,875
2025-11-27T21:24:10.928067-08:00,read,key_414,1.85,true,false,661
2025-11-27T21:24:10.938502-08:00,read,key_530,2.75,true,false,45
2025-11-27T21:24:10.949502-08:00,read,key_721,1.37,true,false,1387
2025-11-27T21:24:10.960484-08:00,read,key_331,1.31,true,false,1200
2025-11-27T21:24:10.971668-08:00,read,key_405,2.68,true,false,1545
2025-11-27T21:24:10.982628-08:00,read,key_1,1.46,true,false,1597
2025-11-27T21:24:10.993747-08:00,read,key_901,1.54,true,false,741
2025-11-27T21:24:11.004763-08:00,read,key_101,1.44,true,false,822
2025-11-27T21:24:11.015893-08:00,read,key_762,1.65,true,false,682
2025-11-27T21:24:11.027043-08:00,read,key_399,1.35,true,false,870
2025-11-27T21:24:10.720936-08:00,write,key_985,309.34,true,false,1600
2025-11-27T21:24:11.038058-08:00,read,key_456,1.94,true,false,1452
2025-11-27T21:24:11.049203-08:00,read,key_981,1.52,true,false,1384
2025-11-27T21:24:11.059912-08:00,read,key_297,1.33,true,false,924
2025-11-27T21:24:11.071012-08:00,read,key_976,2.05,true,false,1371
2025-11-27T21:24:11.082149-08:00,read,key_859,1.42,true,false,1528
2025-11-27T21:24:11.093302-08:00,read,key_834,1.44,true,false,1388
2025-11-27T21:24:11.10419-08:00,read,key_487,1.94,true,false,1194
2025-11-27T21:24:11.115342-08:00,read,key_5,1.53,true,false,163
2025-11-27T21:24:11.125767-08:00,read,key_138,1.43,true,false,1558
2025-11-27T21:24:11.136044-08:00,read,key_770,1.24,true,false,382
2025-11-27T21:24:11.146317-08:00,read,key_880,1.88,true,false,1089
2025-11-27T21:24:11.15743-08:00,read,key_684,1.77,true,false,70
2025-11-27T21:24:11.168577-08:00,read,key_67,1.73,true,false,1156
2025-11-27T21:24:11.180549-08:00,read,key_609,1.93,true,false,990
2025-11-27T21:24:11.191699-08:00,read,key_321,1.87,true,false,504
2025-11-27T21:24:11.202911-08:00,read,key_312,2.55,true,false,1026
2025-11-27T21:24:11.213996-08:00,read,key_262,1.76,true,false,604
2025-11-27T21:24:11.225106-08:00,read,key_364,1.69,false,false,0
2025-11-27T21:24:11.236219-08:00,read,key_828,1.87,true,false,851
2025-11-27T21:24:11.247402-08:00,read,key_600,1.76,true,false,1496
2025-11-27T21:24:11.257882-08:00,read,key_276,1.98,true,false,476
2025-11-27T21:24:11.269062-08:00,read,key_917,2.00,true,false,1436
2025-11-27T21:24:11.279474-08:00,read,key_388,2.51,false,false,0
2025-11-27T21:24:11.290569-08:00,read,key_264,1.58,true,false,427
2025-11-27T21:24:11.301685-08:00,read,key_594,1.51,false,false,0
2025-11-27T21:24:11.312885-08:00,read,key_279,3.31,true,false,632
2025-11-27T21:24:11.323892-08:00,read,key_977,1.55,true,false,821
2025-11-27T21:24:11.334977-08:00,read,key_629,1.34,true,false,579
2025-11-27T21:24:11.346253-08:00,read,key_959,2.16,true,false,1580
2025-11-27T21:24:11.368586-08:00,read,key_123,1.67,true,false,1243
2025-11-27T21:24:11.379844-08:00,read,key_681,2.46,true,false,425
2025-11-27T21:24:11.390973-08:00,read,key_264,1.89,true,false,427
2025-11-27T21:24:11.402092-08:00,read,key_655,1.27,true,false,1598
2025-11-27T21:24:11.413256-08:00,read,key_925,2.16,true,false,889
2025-11-27T21:24:11.424383-08:00,read,key_967,1.43,true,false,1521
2025-11-27T21:24:11.435174-08:00,read,key_323,1.33,true,false,840
2025-11-27T21:24:11.447141-08:00,read,key_461,1.96,true,false,1566
2025-11-27T21:24:11.458307-08:00,read,key_791,1.47,true,false,572
2025-11-27T21:24:11.468541-08:00,read,key_493,1.71,true,false,991
2025-11-27T21:24:11.479671-08:00,read,key_180,2.36,true,false,1413
2025-11-27T21:24:11.490744-08:00,read,key_233,1.56,true,false,1564
2025-11-27T21:24:11.501035-08:00,read,key_426,1.43,true,false,624
2025-11-27T21:24:11.512119-08:00,read,key_142,1.30,true,false,1123
2025-11-27T21:24:11.523461-08:00,read,key_3,1.94,true,false,1329
2025-11-27T21:24:11.534597-08:00,read,key_871,1.48,true,false,1327
2025-11-27T21:24:11.545113-08:00,read,key_546,1.94,true,false,1373
2025-11-27T21:24:11.556424-08:00,read,key_130,1.85,true,false,1428
2025-11-27T21:24:11.567031-08:00,read,key_803,1.50,true,false,1540
2025-11-27T21:24:11.578242-08:00,read,key_273,2.10,true,false,566
2025-11-27T21:24:11.589423-08:00,read,key_882,1.71,true,false,1455
2025-11-27T21:24:11.600571-08:00,read,key_901,1.74,true,false,741
2025-11-27T21:24:11.611918-08:00,read,key_128,2.13,true,false,945
2025-11-27T21:24:11.623443-08:00,read,key_39,1.65,true,false,1574
2025-11-27T21:24:11.63458-08:00,read,key_493,1.60,true,false,991
2025-11-27T21:24:11.645679-08:00,read,key_535,2.49,true,false,1489
2025-11-27T21:24:11.656807-08:00,read,key_801,1.62,true,false,1565
2025-11-27T21:24:11.357438-08:00,write,key_123,308.14,true,false,1601
2025-11-27T21:24:11.667069-08:00,read,key_326,1.05,true,false,766
2025-11-27T21:24:11.678221-08:00,read,key_492,2.70,true,false,1001
2025-11-27T21:24:11.689205-08:00,read,key_436,2.00,true,false,1338
2025-11-27T21:24:11.700466-08:00,read,key_318,1.61,true,false,1409
2025-11-27T21:24:11.711634-08:00,read,key_888,1.81,true,false,731
2025-11-27T21:24:11.722245-08:00,read,key_775,1.94,true,false,606
2025-11-27T21:24:11.733388-08:00,read,key_392,1.83,true,false,1590
2025-11-27T21:24:11.744033-08:00,read,key_526,1.45,true,false,1531
2025-11-27T21:24:11.755269-08:00,read,key_650,2.14,true,false,262
2025-11-27T21:24:11.766417-08:00,read,key_341,1.17,true,false,620
2025-11-27T21:24:11.777574-08:00,read,key_64,1.89,true,false,936
2025-11-27T21:24:11.787836-08:00,read,key_926,3.14,false,false,0
2025-11-27T21:24:11.7988-08:00,read,key_859,1.52,true,false,1528
2025-11-27T21:24:11.809954-08:00,read,key_931,1.48,true,false,999
2025-11-27T21:24:11.820307-08:00,read,key_857,3.22,true,false,1443
2025-11-27T21:24:11.831525-08:00,read,key_818,2.08,true,false,1402
2025-11-27T21:24:11.842217-08:00,read,key_646,1.62,true,false,269
2025-11-27T21:24:11.853358-08:00,read,key_483,2.73,true,false,1539
2025-11-27T21:24:11.864212-08:00,read,key_297,2.60,true,false,924
2025-11-27T21:24:11.875099-08:00,read,key_551,2.27,true,false,1512
2025-11-27T21:24:11.886004-08:00,read,key_605,1.25,false,false,0
2025-11-27T21:24:11.897183-08:00,read,key_981,2.09,true,false,1384
2025-11-27T21:24:11.908362-08:00,read,key_883,1.45,false,false,0
2025-11-27T21:24:11.919498-08:00,read,key_657,1.38,true,false,1471
2025-11-27T21:24:11.93064-08:00,read,key_289,1.63,true,false,1315
2025-11-27T21:24:11.941759-08:00,read,key_790,1.51,false,false,0
2025-11-27T21:24:11.952921-08:00,read,key_105,2.24,true,false,864
2025-11-27T21:24:11.96367-08:00,read,key_217,2.26,true,false,1302
2025-11-27T21:24:11.974424-08:00,read,key_452,1.80,true,false,1555
2025-11-27T21:24:11.984919-08:00,read,key_809,1.28,true,false,1534
2025-11-27T21:24:11.996107-08:00,read,key_355,2.41,true,false,1454
2025-11-27T21:24:12.006493-08:00,read,key_379,1.84,true,false,531
2025-11-27T21:24:12.017656-08:00,read,key_888,1.80,true,false,731
2025-11-27T21:24:12.028782-08:00,read,key_943,2.36,true,false,1500
2025-11-27T21:24:12.039226-08:00,read,key_880,2.08,true,false,1089
2025-11-27T21:24:12.050303-08:00,read,key_726,1.53,true,false,1386
2025-11-27T21:24:12.07246-08:00,read,key_955,1.96,true,false,1567
2025-11-27T21:24:12.083358-08:00,read,key_477,1.47,true,false,1538
2025-11-27T21:24:12.094029-08:00,read,key_409,1.88,true,false,1347
2025-11-27T21:24:12.105373-08:00,read,key_965,1.83,true,false,1183
2025-11-27T21:24:12.116528-08:00,read,key_75,1.52,true,false,1523
2025-11-27T21:24:12.12765-08:00,read,key_144,1.49,true,false,1103
2025-11-27T21:24:12.139005-08:00,read,key_789,2.04,true,false,239
2025-11-27T21:24:12.15013-08:00,read,key_911,1.64,true,false,761
2025-11-27T21:24:12.161307-08:00,read,key_0,2.06,true,false,1515
2025-11-27T21:24:12.172393-08:00,read,key_859,2.32,true,false,1528
2025-11-27T21:24:12.183366-08:00,read,key_594,1.42,false,false,0
2025-11-27T21:24:12.194426-08:00,read,key_202,1.84,true,false,1488
2025-11-27T21:24:12.207743-08:00,read,key_261,1.63,true,false,568
2025-11-27T21:24:12.218941-08:00,read,key_870,1.52,true,false,1485
2025-11-27T21:24:12.229277-08:00,read,key_694,2.52,true,false,1595
2025-11-27T21:24:12.240497-08:00,read,key_457,1.96,true,false,1501
2025-11-27T21:24:12.251643-08:00,read,key_533,1.38,true,false,571
2025-11-27T21:24:12.261795-08:00,read,key_467,2.35,true,false,1519
2025-11-27T21:24:12.272984-08:00,read,key_572,1.47,true,false,1313
2025-11-27T21:24:12.283933-08:00,read,key_278,1.46,true,false,547
2025-11-27T21:24:12.295076-08:00,read,key_464,1.56,true,false,1497
2025-11-27T21:24:12.306189-08:00,read,key_248,1.25,true,false,879
2025-11-27T21:24:12.317312-08:00,read,key_775,1.49,true,false,606
2025-11-27T21:24:12.328559-08:00,read,key_804,1.91,true,false,1476
2025-11-27T21:24:12.339739-08:00,read,key_760,1.64,true,false,852
2025-11-27T21:24:12.350315-08:00,read,key_158,1.49,true,false,1274
2025-11-27T21:24:12.361477-08:00,read,key_801,2.14,true,false,1565
2025-11-27T21:24:12.061446-08:00,write,key_757,306.21,true,false,1602
2025-11-27T21:24:12.371904-08:00,read,key_607,2.30,true,false,1033
2025-11-27T21:24:12.383061-08:00,read,key_852,1.51,true,false,1220
2025-11-27T21:24:12.393587-08:00,read,key_857,1.50,true,false,1443
2025-11-27T21:24:12.404317-08:00,read,key_121,2.61,true,false,821
2025-11-27T21:24:12.415402-08:00,read,key_329,1.55,true,false,683
2025-11-27T21:24:12.426571-08:00,read,key_373,1.50,true,false,1563
2025-11-27T21:24:12.438967-08:00,read,key_286,2.32,true,false,1578
2025-11-27T21:24:12.449315-08:00,read,key_955,1.90,true,false,1567
2025-11-27T21:24:12.460457-08:00,read,key_598,1.32,true,false,460
2025-11-27T21:24:12.471679-08:00,read,key_495,1.87,true,false,1509
2025-11-27T21:24:12.481883-08:00,read,key_36,1.94,true,false,1555
2025-11-27T21:24:12.492557-08:00,read,key_546,1.91,true,false,1373
2025-11-27T21:24:12.50389-08:00,read,key_576,2.96,true,false,1434
2025-11-27T21:24:12.514967-08:00,read,key_805,2.00,true,false,1511
2025-11-27T21:24:12.526148-08:00,read,key_950,2.03,true,false,1085
2025-11-27T21:24:12.53735-08:00,read,key_324,2.61,true,false,1378
2025-11-27T21:24:12.548386-08:00,read,key_237,1.89,true,false,1276
2025-11-27T21:24:12.558901-08:00,read,key_189,1.80,false,false,0
2025-11-27T21:24:12.570055-08:00,read,key_84,1.83,true,false,1368
2025-11-27T21:24:12.581668-08:00,read,key_820,1.75,false,false,0
2025-11-27T21:24:12.592776-08:00,read,key_285,1.80,true,false,1250
2025-11-27T21:24:12.603987-08:00,read,key_440,2.22,true,false,1041
2025-11-27T21:24:12.615125-08:00,read,key_905,1.71,true,false,1540
2025-11-27T21:24:12.625583-08:00,read,key_62,1.42,true,false,1061
2025-11-27T21:24:12.636812-08:00,read,key_778,1.75,true,false,317
2025-11-27T21:24:12.647434-08:00,read,key_976,2.08,true,false,1371
2025-11-27T21:24:12.658393-08:00,read,key_312,1.80,true,false,1026
2025-11-27T21:24:12.668762-08:00,read,key_730,1.66,true,false,16
2025-11-27T21:24:12.678914-08:00,read,key_429,2.35,true,false,1160
2025-11-27T21:24:12.690017-08:00,read,key_245,1.25,true,false,1468
2025-11-27T21:24:12.700639-08:00,read,key_762,1.35,true,false,682
2025-11-27T21:24:12.711853-08:00,read,key_814,1.63,true,false,1578
2025-11-27T21:24:12.723296-08:00,read,key_377,1.99,true,false,1183
2025-11-27T21:24:12.734411-08:00,read,key_427,1.70,true,false,1071
2025-11-27T21:24:12.745155-08:00,read,key_591,1.33,true,false,1499
2025-11-27T21:24:12.756162-08:00,read,key_626,1.59,true,false,1343
2025-11-27T21:24:12.767199-08:00,read,key_836,1.36,true,false,904
2025-11-27T21:24:12.778429-08:00,read,key_790,1.76,false,false,0
2025-11-27T21:24:12.789343-08:00,read,key_726,1.81,true,false,1386
2025-11-27T21:24:12.800431-08:00,read,key_807,1.63,true,false,1585
2025-11-27T21:24:12.811544-08:00,read,key_64,1.82,true,false,936
2025-11-27T21:24:12.821886-08:00,read,key_103,2.26,true,false,776
2025-11-27T21:24:12.833026-08:00,read,key_421,1.80,true,false,1162
2025-11-27T21:24:12.844159-08:00,read,key_184,1.77,true,false,1447
2025-11-27T21:24:12.85525-08:00,read,key_441,2.53,true,false,1544
2025-11-27T21:24:12.866285-08:00,read,key_621,1.54,true,false,1247
2025-11-27T21:24:12.877454-08:00,read,key_573,1.88,true,false,1593
2025-11-27T21:24:12.888528-08:00,read,key_681,2.40,true,false,425
2025-11-27T21:24:12.899687-08:00,read,key_553,1.58,true,false,1125
2025-11-27T21:24:12.91085-08:00,read,key_850,1.37,true,false,1514
2025-11-27T21:24:12.921869-08:00,read,key_686,2.19,true,false,880
2025-11-27T21:24:12.93301-08:00,read,key_376,1.98,true,false,1179
2025-11-27T21:24:12.944039-08:00,read,key_441,1.51,true,false,1544
2025-11-27T21:24:12.955631-08:00,read,key_331,2.13,true,false,1200
2025-11-27T21:24:12.977385-08:00,read,key_483,1.37,true,false,1539
2025-11-27T21:24:12.988813-08:00,read,key_710,2.17,true,false,1576
2025-11-27T21:24:12.999951-08:00,read,key_614,1.35,true,false,1531
2025-11-27T21:24:13.011066-08:00,read,key_859,1.31,true,false,1528
2025-11-27T21:24:13.022493-08:00,read,key_734,2.82,false,false,0
2025-11-27T21:24:13.033551-08:00,read,key_346,1.76,true,false,626
2025-11-27T21:24:13.04465-08:00,read,key_911,2.40,true,false,761
2025-11-27T21:24:13.055694-08:00,read,key_659,1.60,true,false,1510
2025-11-27T21:24:13.066859-08:00,read,key_260,1.78,false,false,0
2025-11-27T21:24:13.077135-08:00,read,key_5,1.75,true,false,163
2025-11-27T21:24:13.088625-08:00,read,key_310,2.46,true,false,953
2025-11-27T21:24:13.099676-08:00,read,key_244,1.41,true,false,1209
2025-11-27T21:24:13.110815-08:00,read,key_312,1.53,true,false,1026
2025-11-27T21:24:13.122233-08:00,read,key_733,3.07,true,false,264
2025-11-27T21:24:13.132564-08:00,read,key_765,1.70,true,false,1365
2025-11-27T21:24:13.143717-08:00,read,key_651,1.49,true,false,1090
2025-11-27T21:24:13.154517-08:00,read,key_208,2.70,true,false,1346
2025-11-27T21:24:13.165268-08:00,read,key_660,1.39,true,false,1141
2025-11-27T21:24:13.176378-08:00,read,key_4,1.26,true,false,1353
2025-11-27T21:24:13.187548-08:00,read,key_184,3.13,true,false,1447
2025-11-27T21:24:13.198601-08:00,read,key_363,1.57,true,false,607
2025-11-27T21:24:13.209719-08:00,read,key_781,1.52,true,false,699
2025-11-27T21:24:13.220487-08:00,read,key_393,2.12,true,false,567
2025-11-27T21:24:13.231657-08:00,read,key_480,1.65,true,false,1196
2025-11-27T21:24:13.242203-08:00,read,key_261,1.73,true,false,568
2025-11-27T21:24:13.264744-08:00,read,key_101,1.84,true,false,822
2025-11-27T21:24:12.966162-08:00,write,key_905,308.21,true,false,1603
2025-11-27T21:24:13.274899-08:00,read,key_265,1.04,true,false,437
2025-11-27T21:24:13.286116-08:00,read,key_922,1.85,true,false,616
2025-11-27T21:24:13.297304-08:00,read,key_430,1.16,true,false,1149
2025-11-27T21:24:13.308387-08:00,read,key_615,1.52,true,false,1375
2025-11-27T21:24:13.319564-08:00,read,key_126,2.50,true,false,991
2025-11-27T21:24:13.33065-08:00,read,key_201,2.15,true,false,1353
2025-11-27T21:24:13.341761-08:00,read,key_192,1.75,true,false,227
2025-11-27T21:24:13.352922-08:00,read,key_327,2.09,true,false,1474
2025-11-27T21:24:13.36403-08:00,read,key_339,1.85,false,false,0
2025-11-27T21:24:13.37513-08:00,read,key_457,1.37,true,false,1501
2025-11-27T21:24:13.386253-08:00,read,key_47,1.63,true,false,1041
2025-11-27T21:24:13.3976-08:00,read,key_917,2.16,true,false,1436
2025-11-27T21:24:13.408435-08:00,read,key_323,2.09,true,false,840
2025-11-27T21:24:13.419554-08:00,read,key_768,1.31,true,false,1437
2025-11-27T21:24:13.430717-08:00,read,key_116,2.07,true,false,347
2025-11-27T21:24:13.441822-08:00,read,key_399,1.86,true,false,870
2025-11-27T21:24:13.45301-08:00,read,key_714,1.96,true,false,1474
2025-11-27T21:24:13.464266-08:00,read,key_260,1.86,false,false,0
2025-11-27T21:24:13.475435-08:00,read,key_317,1.78,true,false,914
2025-11-27T21:24:13.486589-08:00,read,key_825,1.50,true,false,769
2025-11-27T21:24:13.497393-08:00,read,key_409,2.29,true,false,1347
2025-11-27T21:24:13.508492-08:00,read,key_206,1.42,true,false,912
2025-11-27T21:24:13.519617-08:00,read,key_830,2.51,true,false,1382
2025-11-27T21:24:13.530173-08:00,read,key_416,2.76,true,false,891
2025-11-27T21:24:13.541202-08:00,read,key_177,1.43,true,false,839
2025-11-27T21:24:13.552362-08:00,read,key_600,1.71,true,false,1496
2025-11-27T21:24:13.253398-08:00,write,key_225,307.33,true,false,1604
2025-11-27T21:24:13.562584-08:00,read,key_532,2.39,true,false,1265
2025-11-27T21:24:13.572965-08:00,read,key_398,1.80,true,false,1542
2025-11-27T21:24:13.583866-08:00,read,key_286,1.35,true,false,1578
2025-11-27T21:24:13.595037-08:00,read,key_682,1.71,true,false,542
2025-11-27T21:24:13.60622-08:00,read,key_149,2.23,true,false,1364
2025-11-27T21:24:13.617304-08:00,read,key_370,1.29,true,false,248
2025-11-27T21:24:13.62769-08:00,read,key_91,1.59,true,false,1559
2025-11-27T21:24:13.638863-08:00,read,key_117,2.27,true,false,1583
2025-11-27T21:24:13.649765-08:00,read,key_407,1.90,true,false,1335
2025-11-27T21:24:13.66091-08:00,read,key_756,1.44,true,false,1532
2025-11-27T21:24:13.671184-08:00,read,key_658,2.34,true,false,1438
2025-11-27T21:24:13.682317-08:00,read,key_443,1.61,true,false,987
2025-11-27T21:24:13.693437-08:00,read,key_50,1.69,true,false,817
2025-11-27T21:24:13.704621-08:00,read,key_180,2.62,true,false,1413
2025-11-27T21:24:13.71507-08:00,read,key_42,1.92,true,false,1252
2025-11-27T21:24:13.726234-08:00,read,key_316,1.61,true,false,926
2025-11-27T21:24:13.737351-08:00,read,key_482,2.45,true,false,1226
2025-11-27T21:24:13.748522-08:00,read,key_573,1.79,true,false,1593
2025-11-27T21:24:13.758957-08:00,read,key_521,2.01,true,false,886
2025-11-27T21:24:13.770081-08:00,read,key_311,2.58,true,false,1050
2025-11-27T21:24:13.781236-08:00,read,key_657,1.65,true,false,1471
2025-11-27T21:24:13.792206-08:00,read,key_236,1.31,true,false,1547
2025-11-27T21:24:13.802718-08:00,read,key_488,2.53,true,false,1232
2025-11-27T21:24:13.813643-08:00,read,key_518,2.17,true,false,736
2025-11-27T21:24:13.824356-08:00,read,key_957,1.95,true,false,1311
2025-11-27T21:24:13.83552-08:00,read,key_536,1.49,true,false,1321
2025-11-27T21:24:13.845923-08:00,read,key_550,3.60,true,false,697
2025-11-27T21:24:13.85689-08:00,read,key_450,1.65,true,false,1502
2025-11-27T21:24:13.868032-08:00,read,key_406,1.84,true,false,1137
2025-11-27T21:24:13.878654-08:00,read,key_133,3.12,true,false,1545
2025-11-27T21:24:13.890003-08:00,read,key_421,1.87,true,false,1162
2025-11-27T21:24:13.901168-08:00,read,key_183,2.00,true,false,1035
2025-11-27T21:24:13.912318-08:00,read,key_19,2.44,true,false,1095
2025-11-27T21:24:13.923145-08:00,read,key_457,1.26,true,false,1501
2025-11-27T21:24:13.933697-08:00,read,key_974,1.31,true,false,1521
2025-11-27T21:24:13.944893-08:00,read,key_135,2.27,true,false,1530
2025-11-27T21:24:13.955526-08:00,read,key_615,2.67,true,false,1375
2025-11-27T21:24:13.966582-08:00,read,key_444,1.42,true,false,868
2025-11-27T21:24:13.977727-08:00,read,key_290,1.54,true,false,470
2025-11-27T21:24:13.988827-08:00,read,key_795,2.36,true,false,907
2025-11-27T21:24:13.998979-08:00,read,key_60,1.23,true,false,1132
2025-11-27T21:24:14.010114-08:00,read,key_451,1.41,true,false,1446
2025-11-27T21:24:14.021251-08:00,read,key_422,2.86,true,false,1066
2025-11-27T21:24:14.031674-08:00,read,key_579,1.58,true,false,1411
2025-11-27T21:24:14.042801-08:00,read,key_388,1.43,false,false,0
2025-11-27T21:24:14.053998-08:00,read,key_617,2.02,true,false,728
2025-11-27T21:24:14.065149-08:00,read,key_665,1.51,true,false,27
2025-11-27T21:24:14.075572-08:00,read,key_796,1.79,true,false,1402
2025-11-27T21:24:14.086759-08:00,read,key_409,1.65,true,false,1347
2025-11-27T21:24:14.097373-08:00,read,key_665,2.00,true,false,27
2025-11-27T21:24:14.108504-08:00,read,key_67,1.45,true,false,1156
2025-11-27T21:24:14.119681-08:00,read,key_699,1.98,true,false,1479
2025-11-27T21:24:14.130273-08:00,read,key_510,2.74,true,false,1063
2025-11-27T21:24:14.14042-08:00,read,key_602,1.47,true,false,1101
2025-11-27T21:24:14.151506-08:00,read,key_185,1.52,false,false,0
2025-11-27T21:24:14.162605-08:00,read,key_129,2.85,true,false,875
2025-11-27T21:24:14.173611-08:00,read,key_438,1.39,true,false,1221
2025-11-27T21:24:14.184493-08:00,read,key_463,1.57,true,false,1483
2025-11-27T21:24:14.195664-08:00,read,key_240,2.45,true,false,1181
2025-11-27T21:24:14.206315-08:00,read,key_373,1.55,true,false,1563
2025-11-27T21:24:14.216614-08:00,read,key_928,1.30,true,false,810
2025-11-27T21:24:14.227795-08:00,read,key_547,1.83,true,false,758
2025-11-27T21:24:14.238545-08:00,read,key_452,2.68,true,false,1555
2025-11-27T21:24:14.249567-08:00,read,key_92,1.60,true,false,1514
2025-11-27T21:24:14.260747-08:00,read,key_838,1.42,true,false,665
2025-11-27T21:24:14.271092-08:00,read,key_840,2.23,true,false,643
2025-11-27T21:24:14.282261-08:00,read,key_577,1.81,true,false,1415
2025-11-27T21:24:14.293356-08:00,read,key_465,1.39,true,false,1503
2025-11-27T21:24:14.304825-08:00,read,key_755,2.45,true,false,1567
2025-11-27T21:24:14.314993-08:00,read,key_888,1.50,true,false,731
2025-11-27T21:24:14.326144-08:00,read,key_41,1.70,true,false,1255
2025-11-27T21:24:14.337272-08:00,read,key_549,2.61,true,false,769
2025-11-27T21:24:14.348315-08:00,read,key_719,1.38,true,false,1542
2025-11-27T21:24:14.358675-08:00,read,key_874,1.73,true,false,1531
2025-11-27T21:24:14.369784-08:00,read,key_318,1.52,true,false,1409
2025-11-27T21:24:14.380269-08:00,read,key_277,2.52,true,false,154
2025-11-27T21:24:14.390749-08:00,read,key_96,1.64,true,false,1450
2025-11-27T21:24:14.401867-08:00,read,key_188,1.45,true,false,1448
2025-11-27T21:24:14.413063-08:00,read,key_599,2.55,true,false,1569
2025-11-27T21:24:14.424149-08:00,read,key_38,1.60,true,false,1532
2025-11-27T21:24:14.434531-08:00,read,key_253,1.66,true,false,1518
2025-11-27T21:24:14.44567-08:00,read,key_886,2.48,true,false,1482
2025-11-27T21:24:14.456765-08:00,read,key_558,1.55,true,false,1486
2025-11-27T21:24:14.46791-08:00,read,key_538,1.61,true,false,1434
2025-11-27T21:24:14.478516-08:00,read,key_41,2.13,true,false,1255
2025-11-27T21:24:14.489664-08:00,read,key_572,1.85,true,false,1313
2025-11-27T21:24:14.500538-08:00,read,key_776,1.48,true,false,1128
2025-11-27T21:24:14.511684-08:00,read,key_790,2.11,false,false,0
2025-11-27T21:24:14.523105-08:00,read,key_336,2.13,true,false,1195
2025-11-27T21:24:14.533886-08:00,read,key_245,1.71,true,false,1468
2025-11-27T21:24:14.545033-08:00,read,key_904,1.82,true,false,1461
2025-11-27T21:24:14.556404-08:00,read,key_28,1.70,true,false,1480
2025-11-27T21:24:14.567566-08:00,read,key_797,1.95,true,false,1157
2025-11-27T21:24:14.578761-08:00,read,key_155,2.19,true,false,1254
2025-11-27T21:24:14.589841-08:00,read,key_888,1.44,true,false,731
2025-11-27T21:24:14.60053-08:00,read,key_969,1.93,true,false,1347
2025-11-27T21:24:14.611776-08:00,read,key_6,3.00,true,false,1290
2025-11-27T21:24:14.623011-08:00,read,key_266,1.70,true,false,495
2025-11-27T21:24:14.633843-08:00,read,key_409,1.32,true,false,1347
2025-11-27T21:24:14.644982-08:00,read,key_287,1.92,true,false,1397
2025-11-27T21:24:14.655437-08:00,read,key_871,2.45,true,false,1327
2025-11-27T21:24:14.666288-08:00,read,key_954,1.45,true,false,1472
2025-11-27T21:24:14.676711-08:00,read,key_334,1.69,true,false,1012
2025-11-27T21:24:14.688043-08:00,read,key_770,1.93,true,false,382
2025-11-27T21:24:14.699019-08:00,read,key_535,1.92,true,false,1489
2025-11-27T21:24:14.710142-08:00,read,key_69,1.37,true,false,1349
2025-11-27T21:24:14.720891-08:00,read,key_263,2.28,true,false,617
2025-11-27T21:24:14.731869-08:00,read,key_439,1.67,true,false,1341
2025-11-27T21:24:14.743001-08:00,read,key_511,1.77,true,false,1201
2025-11-27T21:24:14.753835-08:00,read,key_346,6.76,true,false,626
2025-11-27T21:24:14.764346-08:00,read,key_334,1.91,true,false,1012
2025-11-27T21:24:14.775221-08:00,read,key_610,1.59,true,false,1408
2025-11-27T21:24:14.786351-08:00,read,key_396,2.03,true,false,890
2025-11-27T21:24:14.797489-08:00,read,key_690,1.32,true,false,1171
2025-11-27T21:24:14.807856-08:00,read,key_199,1.57,true,false,1045
2025-11-27T21:24:14.818959-08:00,read,key_328,1.41,true,false,617
2025-11-27T21:24:14.82973-08:00,read,key_965,2.47,true,false,1183
2025-11-27T21:24:14.840825-08:00,read,key_725,1.44,true,false,903
2025-11-27T21:24:14.851928-08:00,read,key_808,1.55,true,false,1570
2025-11-27T21:24:14.863008-08:00,read,key_804,1.96,true,false,1476
2025-11-27T21:24:14.873705-08:00,read,key_554,1.58,true,false,1219
2025-11-27T21:24:14.884826-08:00,read,key_331,1.62,true,false,1200
2025-11-27T21:24:14.895947-08:00,read,key_755,2.41,true,false,1567
2025-11-27T21:24:14.907045-08:00,read,key_443,1.74,true,false,987
2025-11-27T21:24:14.918188-08:00,read,key_188,1.52,true,false,1448
2025-11-27T21:24:14.928712-08:00,read,key_592,2.26,true,false,578
2025-11-27T21:24:14.939875-08:00,read,key_683,1.46,true,false,700
2025-11-27T21:24:14.950274-08:00,read,key_968,1.38,true,false,1567
2025-11-27T21:24:14.961317-08:00,read,key_213,2.24,true,false,1148
2025-11-27T21:24:14.971881-08:00,read,key_830,2.36,true,false,1382
2025-11-27T21:24:14.983131-08:00,read,key_660,2.00,true,false,1141
2025-11-27T21:24:14.994277-08:00,read,key_885,1.41,true,false,1081
2025-11-27T21:24:15.005449-08:00,read,key_703,2.07,true,false,90
2025-11-27T21:24:15.016632-08:00,read,key_921,1.63,true,false,818
2025-11-27T21:24:15.027781-08:00,read,key_207,1.77,true,false,1581
2025-11-27T21:24:15.03867-08:00,read,key_778,2.96,true,false,317
2025-11-27T21:24:15.049196-08:00,read,key_686,1.51,true,false,880
2025-11-27T21:24:15.060316-08:00,read,key_465,1.39,true,false,1503
2025-11-27T21:24:15.070879-08:00,read,key_640,1.94,false,false,0
2025-11-27T21:24:15.081821-08:00,read,key_723,1.55,true,false,691
2025-11-27T21:24:15.092376-08:00,read,key_9,1.52,true,false,1486
2025-11-27T21:24:15.103531-08:00,read,key_230,2.13,true,false,1448
2025-11-27T21:24:15.113886-08:00,read,key_732,2.47,true,false,13
2025-11-27T21:24:15.124996-08:00,read,key_74,1.59,true,false,1510
2025-11-27T21:24:15.145916-08:00,read,key_166,2.58,true,false,1536
2025-11-27T21:24:15.157105-08:00,read,key_529,1.73,true,false,1248
2025-11-27T21:24:15.167785-08:00,read,key_236,1.65,true,false,1547
2025-11-27T21:24:15.177993-08:00,read,key_573,1.10,true,false,1593
2025-11-27T21:24:15.189158-08:00,read,key_460,1.95,true,false,1549
2025-11-27T21:24:15.199231-08:00,read,key_119,1.53,true,false,1477
2025-11-27T21:24:15.210437-08:00,read,key_377,2.07,true,false,1183
2025-11-27T21:24:15.22157-08:00,read,key_597,2.99,true,false,231
2025-11-27T21:24:15.23204-08:00,read,key_284,1.68,true,false,1537
2025-11-27T21:24:15.242343-08:00,read,key_775,1.82,true,false,606
2025-11-27T21:24:15.253526-08:00,read,key_422,2.76,true,false,1066
2025-11-27T21:24:15.264539-08:00,read,key_292,1.83,true,false,993
2025-11-27T21:24:15.275037-08:00,read,key_453,1.71,true,false,1478
2025-11-27T21:24:15.286216-08:00,read,key_191,2.76,false,false,0
2025-11-27T21:24:15.296918-08:00,read,key_569,2.50,true,false,990
2025-11-27T21:24:15.308015-08:00,read,key_209,1.81,true,false,1446
2025-11-27T21:24:15.319146-08:00,read,key_698,1.95,true,false,1538
2025-11-27T21:24:15.330021-08:00,read,key_836,2.15,true,false,904
2025-11-27T21:24:15.34112-08:00,read,key_437,1.77,true,false,1188
2025-11-27T21:24:15.352247-08:00,read,key_929,1.59,true,false,1485
2025-11-27T21:24:15.363493-08:00,read,key_348,2.57,true,false,615
2025-11-27T21:24:15.374799-08:00,read,key_551,1.80,true,false,1512
2025-11-27T21:24:15.385899-08:00,read,key_283,1.56,true,false,1534
2025-11-27T21:24:15.397073-08:00,read,key_562,1.65,true,false,1520
2025-11-27T21:24:15.407405-08:00,read,key_877,2.08,true,false,1554
2025-11-27T21:24:15.418649-08:00,read,key_23,1.87,true,false,1305
2025-11-27T21:24:15.429852-08:00,read,key_742,2.69,true,false,845
2025-11-27T21:24:15.440338-08:00,read,key_687,1.98,true,false,411
2025-11-27T21:24:15.135198-08:00,write,key_498,309.11,true,false,1605
2025-11-27T21:24:15.450541-08:00,read,key_686,1.89,true,false,880
2025-11-27T21:24:15.46171-08:00,read,key_110,2.89,true,false,1370
2025-11-27T21:24:15.472772-08:00,read,key_329,2.04,true,false,683
2025-11-27T21:24:15.483479-08:00,read,key_114,2.17,true,false,1290
2025-11-27T21:24:15.494645-08:00,read,key_728,2.07,true,false,1193
2025-11-27T21:24:15.505421-08:00,read,key_726,2.38,true,false,1386
2025-11-27T21:24:15.516536-08:00,read,key_103,1.91,true,false,776
2025-11-27T21:24:15.526942-08:00,read,key_711,1.85,true,false,1231
2025-11-27T21:24:15.537258-08:00,read,key_344,1.91,true,false,768
2025-11-27T21:24:15.548973-08:00,read,key_535,8.43,true,false,1489
2025-11-27T21:24:15.559379-08:00,read,key_410,2.55,true,false,1122
2025-11-27T21:24:15.570144-08:00,read,key_970,4.51,true,false,1453
2025-11-27T21:24:15.58108-08:00,read,key_135,2.24,true,false,1530
2025-11-27T21:24:15.591695-08:00,read,key_184,1.74,true,false,1447
2025-11-27T21:24:15.602816-08:00,read,key_804,1.84,true,false,1476
2025-11-27T21:24:15.61301-08:00,read,key_199,2.39,true,false,1045
2025-11-27T21:24:15.62414-08:00,read,key_971,1.51,true,false,1092
2025-11-27T21:24:15.634474-08:00,read,key_879,1.71,true,false,1566
2025-11-27T21:24:15.645629-08:00,read,key_102,2.24,true,false,770
2025-11-27T21:24:15.656703-08:00,read,key_915,2.02,true,false,837
2025-11-27T21:24:15.667879-08:00,read,key_798,1.58,true,false,543
2025-11-27T21:24:15.679161-08:00,read,key_725,2.46,true,false,903
2025-11-27T21:24:15.700992-08:00,read,key_186,1.68,true,false,1574
2025-11-27T21:24:15.712469-08:00,read,key_419,2.43,true,false,1556
2025-11-27T21:24:15.722875-08:00,read,key_965,1.80,true,false,1183
2025-11-27T21:24:15.733977-08:00,read,key_348,1.09,true,false,615
2025-11-27T21:24:15.745081-08:00,read,key_245,1.79,true,false,1468
2025-11-27T21:24:15.75663-08:00,read,key_803,2.14,true,false,1540
2025-11-27T21:24:15.767794-08:00,read,key_310,1.71,true,false,953
2025-11-27T21:24:15.778926-08:00,read,key_110,2.62,true,false,1370
2025-11-27T21:24:15.789873-08:00,read,key_316,1.32,true,false,926
2025-11-27T21:24:15.800567-08:00,read,key_474,1.41,true,false,1570
2025-11-27T21:24:15.810975-08:00,read,key_546,1.73,true,false,1373
2025-11-27T21:24:15.822-08:00,read,key_247,2.36,false,false,0
2025-11-27T21:24:15.833172-08:00,read,key_270,17.15,true,false,522
2025-11-27T21:24:15.84665-08:00,read,key_498,4.22,true,false,1605
2025-11-27T21:24:15.857491-08:00,read,key_539,0.64,true,false,187
2025-11-27T21:24:15.868524-08:00,read,key_499,0.67,true,false,746
2025-11-27T21:24:15.879185-08:00,read,key_735,0.71,true,false,180
2025-11-27T21:24:15.890091-08:00,read,key_545,1.64,true,false,873
2025-11-27T21:24:15.901274-08:00,read,key_959,1.78,true,false,1580
2025-11-27T21:24:15.91244-08:00,read,key_837,2.57,true,false,792
2025-11-27T21:24:15.923141-08:00,read,key_139,2.20,true,false,1525
2025-11-27T21:24:15.933932-08:00,read,key_340,2.81,true,false,820
2025-11-27T21:24:15.944944-08:00,read,key_816,2.85,false,false,0
2025-11-27T21:24:15.95584-08:00,read,key_900,5.14,true,false,815
2025-11-27T21:24:15.966641-08:00,read,key_767,2.07,true,false,1431
2025-11-27T21:24:15.9774-08:00,read,key_230,1.48,true,false,1448
2025-11-27T21:24:15.690219-08:00,write,key_412,306.63,true,false,1606
2025-11-27T21:24:15.999516-08:00,read,key_691,1.69,true,false,1074
2025-11-27T21:24:16.010673-08:00,read,key_69,1.71,true,false,1349
2025-11-27T21:24:16.033627-08:00,read,key_966,1.47,true,false,1122
2025-11-27T21:24:16.04392-08:00,read,key_422,1.30,true,false,1066
2025-11-27T21:24:16.05425-08:00,read,key_797,3.05,true,false,1157
2025-11-27T21:24:16.065-08:00,read,key_424,1.87,true,false,467
2025-11-27T21:24:16.076141-08:00,read,key_886,1.50,true,false,1482
2025-11-27T21:24:16.087335-08:00,read,key_328,3.49,true,false,617
2025-11-27T21:24:16.098385-08:00,read,key_219,2.08,true,false,1456
2025-11-27T21:24:16.109542-08:00,read,key_623,1.75,true,false,1187
2025-11-27T21:24:16.120798-08:00,read,key_408,1.08,true,false,1366
2025-11-27T21:24:16.132084-08:00,read,key_955,0.79,true,false,1567
2025-11-27T21:24:16.142694-08:00,read,key_243,2.43,true,false,588
2025-11-27T21:24:16.154057-08:00,read,key_321,0.82,true,false,504
2025-11-27T21:24:16.165245-08:00,read,key_799,0.88,true,false,663
2025-11-27T21:24:16.176416-08:00,read,key_600,0.79,true,false,1496
2025-11-27T21:24:16.187536-08:00,read,key_307,1.58,true,false,1164
2025-11-27T21:24:16.197922-08:00,read,key_579,0.80,true,false,1411
2025-11-27T21:24:16.209091-08:00,read,key_532,0.72,true,false,1265
2025-11-27T21:24:16.220218-08:00,read,key_402,0.90,true,false,1213
2025-11-27T21:24:16.231625-08:00,read,key_325,0.82,true,false,753
2025-11-27T21:24:16.242732-08:00,read,key_174,0.83,false,false,0
2025-11-27T21:24:16.253965-08:00,read,key_852,0.80,true,false,1220
2025-11-27T21:24:16.265215-08:00,read,key_696,1.83,true,false,1540
2025-11-27T21:24:16.276347-08:00,read,key_422,1.63,true,false,1066
2025-11-27T21:24:16.287496-08:00,read,key_628,2.25,true,false,1589
2025-11-27T21:24:15.989123-08:00,write,key_681,309.70,true,false,1606
2025-11-27T21:24:16.298254-08:00,read,key_416,1.24,true,false,891
2025-11-27T21:24:16.308946-08:00,read,key_928,1.99,true,false,810
2025-11-27T21:24:16.320053-08:00,read,key_313,2.59,true,false,1056
2025-11-27T21:24:16.330865-08:00,read,key_878,2.63,true,false,1470
2025-11-27T21:24:16.022209-08:00,write,key_930,311.41,true,false,1607
2025-11-27T21:24:16.341148-08:00,read,key_870,1.56,true,false,1485
2025-11-27T21:24:16.352421-08:00,read,key_387,1.44,true,false,161
2025-11-27T21:24:16.363551-08:00,read,key_472,1.93,true,false,1513
2025-11-27T21:24:16.374682-08:00,read,key_324,1.64,true,false,1378
2025-11-27T21:24:16.385841-08:00,read,key_60,1.54,true,false,1132
2025-11-27T21:24:16.397048-08:00,read,key_450,2.52,true,false,1502
2025-11-27T21:24:16.418866-08:00,read,key_102,1.49,true,false,770
2025-11-27T21:24:16.429208-08:00,read,key_105,2.61,true,false,864
2025-11-27T21:24:16.439854-08:00,read,key_48,1.63,true,false,1086
2025-11-27T21:24:16.450966-08:00,read,key_812,1.39,true,false,343
2025-11-27T21:24:16.462124-08:00,read,key_531,2.22,true,false,774
2025-11-27T21:24:16.472787-08:00,read,key_217,1.56,true,false,1302
2025-11-27T21:24:16.483917-08:00,read,key_121,1.75,true,false,821
2025-11-27T21:24:16.495043-08:00,read,key_612,1.81,true,false,905
2025-11-27T21:24:16.506654-08:00,read,key_91,2.01,true,false,1559
2025-11-27T21:24:16.517834-08:00,read,key_490,1.93,true,false,1255
2025-11-27T21:24:16.528993-08:00,read,key_127,2.36,true,false,983
2025-11-27T21:24:16.540124-08:00,read,key_95,1.40,true,false,1458
2025-11-27T21:24:16.551159-08:00,read,key_632,1.64,false,false,0
2025-11-27T21:24:16.562587-08:00,read,key_351,2.57,true,false,1333
2025-11-27T21:24:16.573165-08:00,read,key_235,2.08,true,false,1547
2025-11-27T21:24:16.583857-08:00,read,key_789,1.44,true,false,239
2025-11-27T21:24:16.594024-08:00,read,key_525,1.44,true,false,498
2025-11-27T21:24:16.604874-08:00,read,key_155,2.85,true,false,1254
2025-11-27T21:24:16.615238-08:00,read,key_288,1.96,true,false,1272
2025-11-27T21:24:16.626311-08:00,read,key_115,2.01,true,false,1392
2025-11-27T21:24:16.637365-08:00,read,key_0,2.43,true,false,1515
2025-11-27T21:24:16.648149-08:00,read,key_448,1.48,true,false,1403
2025-11-27T21:24:16.659304-08:00,read,key_782,1.49,true,false,1594
2025-11-27T21:24:16.670459-08:00,read,key_338,1.69,true,false,1011
2025-11-27T21:24:16.681632-08:00,read,key_58,1.77,true,false,1466
2025-11-27T21:24:16.692799-08:00,read,key_299,2.07,true,false,925
2025-11-27T21:24:16.703912-08:00,read,key_493,2.50,true,false,991
2025-11-27T21:24:16.714959-08:00,read,key_444,1.32,true,false,868
2025-11-27T21:24:16.407921-08:00,write,key_85,310.73,true,false,1608
2025-11-27T21:24:16.725899-08:00,read,key_381,1.33,true,false,1019
2025-11-27T21:24:16.737027-08:00,read,key_104,2.29,true,false,860
2025-11-27T21:24:16.747204-08:00,read,key_115,1.81,true,false,1392
2025-11-27T21:24:16.757794-08:00,read,key_324,1.74,true,false,1378
2025-11-27T21:24:16.768674-08:00,read,key_330,1.46,true,false,713
2025-11-27T21:24:16.779452-08:00,read,key_929,2.71,true,false,1485
2025-11-27T21:24:16.790043-08:00,read,key_66,1.54,true,false,187
2025-11-27T21:24:16.801188-08:00,read,key_974,1.40,true,false,1521
2025-11-27T21:24:16.812315-08:00,read,key_364,1.90,false,false,0
2025-11-27T21:24:16.823575-08:00,read,key_499,1.62,true,false,746
2025-11-27T21:24:16.83469-08:00,read,key_66,1.43,true,false,187
2025-11-27T21:24:16.845811-08:00,read,key_424,2.49,true,false,467
2025-11-27T21:24:16.856213-08:00,read,key_256,1.61,true,false,1495
2025-11-27T21:24:16.867326-08:00,read,key_823,1.32,true,false,841
2025-11-27T21:24:16.878498-08:00,read,key_314,1.82,true,false,1065
2025-11-27T21:24:16.8897-08:00,read,key_616,1.82,true,false,1451
2025-11-27T21:24:16.900622-08:00,read,key_283,1.99,true,false,1534
2025-11-27T21:24:16.911878-08:00,read,key_774,1.36,true,false,395
2025-11-27T21:24:16.922889-08:00,read,key_544,1.62,true,false,1451
2025-11-27T21:24:16.933894-08:00,read,key_174,2.08,false,false,0
2025-11-27T21:24:16.945127-08:00,read,key_490,2.17,true,false,1255
2025-11-27T21:24:16.95658-08:00,read,key_241,2.06,true,false,1599
2025-11-27T21:24:16.967532-08:00,read,key_232,1.80,true,false,1538
2025-11-27T21:24:16.978697-08:00,read,key_96,4.62,true,false,1450
2025-11-27T21:24:16.989166-08:00,read,key_332,1.88,true,false,663
2025-11-27T21:24:17.000192-08:00,read,key_686,1.51,true,false,880
2025-11-27T21:24:17.010535-08:00,read,key_949,1.84,true,false,1372
2025-11-27T21:24:17.020882-08:00,read,key_797,2.30,true,false,1157
2025-11-27T21:24:17.031932-08:00,read,key_499,1.44,true,false,746
2025-11-27T21:24:17.043075-08:00,read,key_767,1.69,true,false,1431
2025-11-27T21:24:17.054213-08:00,read,key_354,2.85,true,false,1519
2025-11-27T21:24:17.065294-08:00,read,key_524,1.31,true,false,1268
2025-11-27T21:24:17.076461-08:00,read,key_452,1.86,true,false,1555
2025-11-27T21:24:17.08678-08:00,read,key_886,2.12,true,false,1482
2025-11-27T21:24:17.098205-08:00,read,key_882,1.87,true,false,1455
2025-11-27T21:24:17.109302-08:00,read,key_329,1.44,true,false,683
2025-11-27T21:24:17.120267-08:00,read,key_244,3.25,true,false,1209
2025-11-27T21:24:17.131327-08:00,read,key_324,1.47,true,false,1378
2025-11-27T21:24:17.141642-08:00,read,key_592,1.75,true,false,578
2025-11-27T21:24:17.152776-08:00,read,key_423,1.17,true,false,718
2025-11-27T21:24:17.163529-08:00,read,key_84,2.27,true,false,1368
2025-11-27T21:24:17.174703-08:00,read,key_140,1.53,true,false,904
2025-11-27T21:24:17.185812-08:00,read,key_230,1.34,true,false,1448
2025-11-27T21:24:17.196685-08:00,read,key_484,2.44,true,false,1481
2025-11-27T21:24:17.207724-08:00,read,key_807,1.74,true,false,1585
2025-11-27T21:24:17.21893-08:00,read,key_24,1.75,true,false,1428
2025-11-27T21:24:17.229295-08:00,read,key_296,2.57,false,false,0
2025-11-27T21:24:17.240454-08:00,read,key_614,1.27,true,false,1531
2025-11-27T21:24:17.251574-08:00,read,key_799,1.52,true,false,663
2025-11-27T21:24:17.262478-08:00,read,key_474,2.22,true,false,1570
2025-11-27T21:24:17.27358-08:00,read,key_914,1.60,true,false,886
2025-11-27T21:24:17.284725-08:00,read,key_32,1.64,true,false,1577
2025-11-27T21:24:17.306394-08:00,read,key_81,1.88,true,false,976
2025-11-27T21:24:17.317516-08:00,read,key_414,1.41,true,false,661
2025-11-27T21:24:17.328679-08:00,read,key_308,1.81,true,false,1113
2025-11-27T21:24:17.339805-08:00,read,key_272,1.36,true,false,173
2025-11-27T21:24:17.350988-08:00,read,key_730,1.52,true,false,16
2025-11-27T21:24:17.362177-08:00,read,key_373,2.29,true,false,1563
2025-11-27T21:24:17.373311-08:00,read,key_426,1.42,true,false,624
2025-11-27T21:24:17.383853-08:00,read,key_204,1.56,true,false,1576
2025-11-27T21:24:17.395158-08:00,read,key_320,2.69,true,false,1591
2025-11-27T21:24:17.406238-08:00,read,key_33,1.59,true,false,1425
2025-11-27T21:24:17.417223-08:00,read,key_113,1.43,true,false,1561
2025-11-27T21:24:17.428474-08:00,read,key_574,1.71,true,false,1506
2025-11-27T21:24:17.43882-08:00,read,key_133,2.34,true,false,1545
2025-11-27T21:24:17.449947-08:00,read,key_951,1.68,true,false,1506
2025-11-27T21:24:17.460371-08:00,read,key_434,2.04,true,false,1181
2025-11-27T21:24:17.471534-08:00,read,key_482,3.06,true,false,1226
2025-11-27T21:24:17.481837-08:00,read,key_982,1.70,true,false,668
2025-11-27T21:24:17.492027-08:00,read,key_408,1.40,true,false,1366
2025-11-27T21:24:17.503315-08:00,read,key_48,1.57,true,false,1086
2025-11-27T21:24:17.515-08:00,read,key_129,1.69,true,false,875
2025-11-27T21:24:17.526138-08:00,read,key_340,1.49,true,false,820
2025-11-27T21:24:17.537247-08:00,read,key_96,2.42,true,false,1450
2025-11-27T21:24:17.548177-08:00,read,key_471,1.58,true,false,1235
2025-11-27T21:24:17.558891-08:00,read,key_393,1.33,true,false,567
2025-11-27T21:24:17.569774-08:00,read,key_277,1.73,true,false,154
2025-11-27T21:24:17.580931-08:00,read,key_688,1.71,true,false,853
2025-11-27T21:24:17.591788-08:00,read,key_966,2.03,true,false,1122
2025-11-27T21:24:17.602908-08:00,read,key_672,1.62,true,false,1037
2025-11-27T21:24:17.295235-08:00,write,key_206,310.29,true,false,1609
2025-11-27T21:24:17.614223-08:00,read,key_816,1.98,false,false,0
2025-11-27T21:24:17.625114-08:00,read,key_268,1.40,true,false,499
2025-11-27T21:24:17.636222-08:00,read,key_244,2.50,true,false,1209
2025-11-27T21:24:17.64716-08:00,read,key_572,1.55,true,false,1313
2025-11-27T21:24:17.658376-08:00,read,key_695,2.32,true,false,989
2025-11-27T21:24:17.668831-08:00,read,key_801,1.48,true,false,1565
2025-11-27T21:24:17.679351-08:00,read,key_977,2.30,true,false,821
2025-11-27T21:24:17.690249-08:00,read,key_613,1.54,true,false,732
2025-11-27T21:24:17.700558-08:00,read,key_591,1.52,true,false,1499
2025-11-27T21:24:17.711693-08:00,read,key_125,2.38,true,false,1326
2025-11-27T21:24:17.722155-08:00,read,key_335,2.07,false,false,0
2025-11-27T21:24:17.733274-08:00,read,key_923,1.32,true,false,1493
2025-11-27T21:24:17.744479-08:00,read,key_964,1.77,true,false,1273
2025-11-27T21:24:17.755296-08:00,read,key_696,2.32,true,false,1540
2025-11-27T21:24:17.766125-08:00,read,key_763,1.56,true,false,1376
2025-11-27T21:24:17.776307-08:00,read,key_726,1.65,true,false,1386
2025-11-27T21:24:17.78762-08:00,read,key_179,2.24,true,false,834
2025-11-27T21:24:17.798772-08:00,read,key_971,1.84,true,false,1092
2025-11-27T21:24:17.809882-08:00,read,key_284,1.55,true,false,1537
2025-11-27T21:24:17.821181-08:00,read,key_576,2.83,true,false,1434
2025-11-27T21:24:17.8322-08:00,read,key_958,1.38,true,false,1498
2025-11-27T21:24:17.843368-08:00,read,key_356,1.75,true,false,1287
2025-11-27T21:24:17.854515-08:00,read,key_244,2.20,true,false,1209
2025-11-27T21:24:17.865624-08:00,read,key_573,1.97,true,false,1593
2025-11-27T21:24:17.875949-08:00,read,key_571,1.78,true,false,1459
2025-11-27T21:24:17.886798-08:00,read,key_453,6.98,true,false,1478
2025-11-27T21:24:17.897339-08:00,read,key_182,1.75,true,false,1107
2025-11-27T21:24:17.919795-08:00,read,key_536,1.09,true,false,1321
2025-11-27T21:24:17.930382-08:00,read,key_486,0.90,true,false,1362
2025-11-27T21:24:17.941512-08:00,read,key_349,0.82,true,false,666
2025-11-27T21:24:17.952667-08:00,read,key_729,0.82,true,false,607
2025-11-27T21:24:17.963004-08:00,read,key_695,0.90,true,false,989
2025-11-27T21:24:17.973383-08:00,read,key_615,0.90,true,false,1375
2025-11-27T21:24:17.984534-08:00,read,key_10,0.76,false,false,0
2025-11-27T21:24:17.995717-08:00,read,key_697,0.89,true,false,1216
2025-11-27T21:24:18.006579-08:00,read,key_887,0.79,true,false,1400
2025-11-27T21:24:18.01723-08:00,read,key_804,1.84,true,false,1476
2025-11-27T21:24:18.028373-08:00,read,key_31,1.98,true,false,1160
2025-11-27T21:24:18.039556-08:00,read,key_511,1.62,true,false,1201
2025-11-27T21:24:18.050704-08:00,read,key_463,1.66,true,false,1483
2025-11-27T21:24:18.061773-08:00,read,key_436,1.50,true,false,1338
2025-11-27T21:24:18.073013-08:00,read,key_547,3.03,true,false,758
2025-11-27T21:24:18.083658-08:00,read,key_416,1.54,true,false,891
2025-11-27T21:24:18.094778-08:00,read,key_276,2.80,true,false,476
2025-11-27T21:24:18.105602-08:00,read,key_74,3.14,true,false,1510
2025-11-27T21:24:18.116637-08:00,read,key_458,1.75,true,false,1574
2025-11-27T21:24:18.126846-08:00,read,key_851,1.59,true,false,1527
2025-11-27T21:24:18.13757-08:00,read,key_280,2.98,true,false,1552
2025-11-27T21:24:18.147939-08:00,read,key_129,1.54,true,false,875
2025-11-27T21:24:18.159101-08:00,read,key_760,2.11,true,false,852
2025-11-27T21:24:18.169258-08:00,read,key_218,0.88,true,false,1318
2025-11-27T21:24:18.180349-08:00,read,key_925,1.29,true,false,889
2025-11-27T21:24:18.191561-08:00,read,key_597,1.82,true,false,231
2025-11-27T21:24:18.201837-08:00,read,key_68,1.77,true,false,759
2025-11-27T21:24:17.908684-08:00,write,key_368,307.34,true,false,1610
2025-11-27T21:24:18.212684-08:00,read,key_610,4.27,true,false,1408
2025-11-27T21:24:18.223419-08:00,read,key_957,1.64,true,false,1311
2025-11-27T21:24:18.233895-08:00,read,key_349,1.62,true,false,666
2025-11-27T21:24:18.245001-08:00,read,key_397,2.14,true,false,600
2025-11-27T21:24:18.255153-08:00,read,key_666,3.27,true,false,967
2025-11-27T21:24:18.265969-08:00,read,key_617,1.48,true,false,728
2025-11-27T21:24:18.276391-08:00,read,key_826,1.68,true,false,860
2025-11-27T21:24:18.287553-08:00,read,key_450,2.30,true,false,1502
2025-11-27T21:24:18.298705-08:00,read,key_205,1.58,true,false,715
2025-11-27T21:24:18.308828-08:00,read,key_251,1.63,true,false,1523
2025-11-27T21:24:18.319923-08:00,read,key_506,1.76,true,false,1465
2025-11-27T21:24:18.331265-08:00,read,key_382,1.81,true,false,88
2025-11-27T21:24:18.342358-08:00,read,key_473,1.38,true,false,1563
2025-11-27T21:24:18.353492-08:00,read,key_932,1.63,true,false,1004
2025-11-27T21:24:18.36466-08:00,read,key_750,1.26,true,false,1503
2025-11-27T21:24:18.375191-08:00,read,key_273,1.38,true,false,566
2025-11-27T21:24:18.386332-08:00,read,key_522,1.52,true,false,1171
2025-11-27T21:24:18.397431-08:00,read,key_626,1.63,true,false,1343
2025-11-27T21:24:18.41957-08:00,read,key_888,1.67,true,false,731
2025-11-27T21:24:18.43085-08:00,read,key_344,2.10,true,false,768
2025-11-27T21:24:18.441927-08:00,read,key_126,1.46,true,false,991
2025-11-27T21:24:18.45309-08:00,read,key_573,2.20,true,false,1593
2025-11-27T21:24:18.4643-08:00,read,key_545,2.54,true,false,873
2025-11-27T21:24:18.475392-08:00,read,key_411,1.79,true,false,259
2025-11-27T21:24:18.486526-08:00,read,key_546,1.66,true,false,1373
2025-11-27T21:24:18.498006-08:00,read,key_662,1.78,true,false,1171
2025-11-27T21:24:18.508926-08:00,read,key_292,2.12,true,false,993
2025-11-27T21:24:18.519219-08:00,read,key_979,1.83,true,false,1579
2025-11-27T21:24:18.530047-08:00,read,key_870,2.70,true,false,1485
2025-11-27T21:24:18.541079-08:00,read,key_304,1.56,true,false,1549
2025-11-27T21:24:18.5522-08:00,read,key_513,1.40,true,false,1031
2025-11-27T21:24:18.563354-08:00,read,key_443,1.60,true,false,987
2025-11-27T21:24:18.57445-08:00,read,key_352,2.70,true,false,1473
2025-11-27T21:24:18.585474-08:00,read,key_660,1.60,true,false,1141
2025-11-27T21:24:18.596099-08:00,read,key_205,2.04,true,false,715
2025-11-27T21:24:18.606632-08:00,read,key_830,1.43,true,false,1382
2025-11-27T21:24:18.617763-08:00,read,key_926,1.54,false,false,0
2025-11-27T21:24:18.628483-08:00,read,key_763,1.48,true,false,1376
2025-11-27T21:24:18.639615-08:00,read,key_97,1.29,true,false,1562
2025-11-27T21:24:18.650742-08:00,read,key_60,1.67,true,false,1132
2025-11-27T21:24:18.661256-08:00,read,key_213,1.09,true,false,1148
2025-11-27T21:24:18.67196-08:00,read,key_69,2.92,true,false,1349
2025-11-27T21:24:18.682579-08:00,read,key_599,2.54,true,false,1569
2025-11-27T21:24:18.693665-08:00,read,key_277,1.32,true,false,154
2025-11-27T21:24:18.704459-08:00,read,key_629,1.05,true,false,579
2025-11-27T21:24:18.408392-08:00,write,key_699,307.58,true,false,1611
2025-11-27T21:24:18.715331-08:00,read,key_906,0.76,true,false,1358
2025-11-27T21:24:18.725542-08:00,read,key_853,1.62,true,false,1491
2025-11-27T21:24:18.736054-08:00,read,key_461,1.17,true,false,1566
2025-11-27T21:24:18.747187-08:00,read,key_427,2.16,true,false,1071
2025-11-27T21:24:18.758273-08:00,read,key_836,1.36,true,false,904
2025-11-27T21:24:18.769127-08:00,read,key_482,2.03,true,false,1226
2025-11-27T21:24:18.780708-08:00,read,key_950,2.75,true,false,1085
2025-11-27T21:24:18.791706-08:00,read,key_416,1.67,true,false,891
2025-11-27T21:24:18.802015-08:00,read,key_486,1.51,true,false,1362
2025-11-27T21:24:18.813168-08:00,read,key_747,3.46,true,false,789
2025-11-27T21:24:18.823746-08:00,read,key_811,1.58,true,false,1534
2025-11-27T21:24:18.833905-08:00,read,key_964,1.56,true,false,1273
2025-11-27T21:24:18.845043-08:00,read,key_288,2.21,true,false,1272
2025-11-27T21:24:18.856036-08:00,read,key_268,2.21,true,false,499
2025-11-27T21:24:18.866727-08:00,read,key_771,1.51,false,false,0
2025-11-27T21:24:18.877869-08:00,read,key_323,2.18,true,false,840
2025-11-27T21:24:18.889049-08:00,read,key_659,2.49,true,false,1510
2025-11-27T21:24:18.90011-08:00,read,key_973,1.72,true,false,1246
2025-11-27T21:24:18.910631-08:00,read,key_571,1.48,true,false,1459
2025-11-27T21:24:18.920924-08:00,read,key_411,2.32,true,false,259
2025-11-27T21:24:18.932044-08:00,read,key_213,1.51,true,false,1148
2025-11-27T21:24:18.943189-08:00,read,key_441,1.59,true,false,1544
2025-11-27T21:24:18.954572-08:00,read,key_97,2.29,true,false,1562
2025-11-27T21:24:18.965664-08:00,read,key_880,1.68,true,false,1089
2025-11-27T21:24:18.976793-08:00,read,key_641,1.41,true,false,1337
2025-11-27T21:24:18.988012-08:00,read,key_960,2.05,true,false,1571
2025-11-27T21:24:18.998104-08:00,read,key_455,1.81,true,false,1548
2025-11-27T21:24:19.009226-08:00,read,key_776,1.54,true,false,1128
2025-11-27T21:24:19.020415-08:00,read,key_622,2.19,true,false,1150
2025-11-27T21:24:19.031839-08:00,read,key_121,1.96,true,false,821
2025-11-27T21:24:19.042673-08:00,read,key_453,2.00,true,false,1478
2025-11-27T21:24:19.053829-08:00,read,key_491,3.01,true,false,596
2025-11-27T21:24:19.064866-08:00,read,key_103,1.26,true,false,776
2025-11-27T21:24:19.07601-08:00,read,key_572,1.51,true,false,1313
2025-11-27T21:24:19.086959-08:00,read,key_327,2.06,true,false,1474
2025-11-27T21:24:19.098-08:00,read,key_376,1.57,true,false,1179
2025-11-27T21:24:19.109123-08:00,read,key_429,5.28,true,false,1160
2025-11-27T21:24:19.120269-08:00,read,key_551,4.14,true,false,1512
2025-11-27T21:24:19.131804-08:00,read,key_496,1.93,true,false,1559
2025-11-27T21:24:19.142926-08:00,read,key_507,1.79,true,false,1551
2025-11-27T21:24:19.155346-08:00,read,key_800,1.63,true,false,1447
2025-11-27T21:24:19.16615-08:00,read,key_398,2.04,true,false,1542
2025-11-27T21:24:19.177299-08:00,read,key_607,1.64,true,false,1033
2025-11-27T21:24:19.187638-08:00,read,key_42,2.05,true,false,1252
2025-11-27T21:24:19.198742-08:00,read,key_86,1.63,true,false,1535
2025-11-27T21:24:19.208991-08:00,read,key_952,1.80,true,false,1453
2025-11-27T21:24:19.22015-08:00,read,key_36,3.01,true,false,1555
2025-11-27T21:24:19.230603-08:00,read,key_831,1.60,true,false,838
2025-11-27T21:24:19.241737-08:00,read,key_180,1.74,true,false,1413
2025-11-27T21:24:19.252802-08:00,read,key_649,1.98,true,false,1541
2025-11-27T21:24:19.264836-08:00,read,key_418,1.66,false,false,0
2025-11-27T21:24:19.275941-08:00,read,key_69,1.53,true,false,1349
2025-11-27T21:24:19.286749-08:00,read,key_801,2.40,true,false,1565
2025-11-27T21:24:19.297304-08:00,read,key_601,2.01,true,false,1020
2025-11-27T21:24:19.309029-08:00,read,key_141,1.99,true,false,656
2025-11-27T21:24:19.320039-08:00,read,key_428,1.39,true,false,1143
2025-11-27T21:24:19.331242-08:00,read,key_713,2.22,true,false,1547
2025-11-27T21:24:19.342354-08:00,read,key_548,1.70,true,false,905
2025-11-27T21:24:19.353534-08:00,read,key_183,2.78,true,false,1035
2025-11-27T21:24:19.364573-08:00,read,key_341,1.41,true,false,620
2025-11-27T21:24:19.375678-08:00,read,key_993,1.73,true,false,1080
2025-11-27T21:24:19.386834-08:00,read,key_435,2.15,true,false,1154
2025-11-27T21:24:19.397808-08:00,read,key_69,1.47,true,false,1349
2025-11-27T21:24:19.408933-08:00,read,key_488,1.49,true,false,1232
2025-11-27T21:24:19.41953-08:00,read,key_790,1.64,false,false,0
2025-11-27T21:24:19.430343-08:00,read,key_116,1.63,true,false,347
2025-11-27T21:24:19.441523-08:00,read,key_297,1.55,true,false,924
2025-11-27T21:24:19.452709-08:00,read,key_344,1.53,true,false,768
2025-11-27T21:24:19.46403-08:00,read,key_363,1.66,true,false,607
2025-11-27T21:24:19.47517-08:00,read,key_10,1.52,false,false,0
2025-11-27T21:24:19.486324-08:00,read,key_838,2.44,true,false,665
2025-11-27T21:24:19.497478-08:00,read,key_549,3.32,true,false,769
2025-11-27T21:24:19.508459-08:00,read,key_263,1.85,true,false,617
2025-11-27T21:24:19.519618-08:00,read,key_666,1.23,true,false,967
2025-11-27T21:24:19.530192-08:00,read,key_889,2.19,true,false,633
2025-11-27T21:24:19.541203-08:00,read,key_586,1.54,true,false,1085
2025-11-27T21:24:19.552364-08:00,read,key_122,1.47,true,false,1594
2025-11-27T21:24:19.563116-08:00,read,key_953,3.01,true,false,1178
2025-11-27T21:24:19.574204-08:00,read,key_237,1.40,true,false,1276
2025-11-27T21:24:19.585358-08:00,read,key_311,1.57,true,false,1050
2025-11-27T21:24:19.595892-08:00,read,key_129,2.37,true,false,875
2025-11-27T21:24:19.607029-08:00,read,key_343,1.70,true,false,1506
2025-11-27T21:24:19.61819-08:00,read,key_35,1.67,true,false,1509
2025-11-27T21:24:19.629449-08:00,read,key_931,2.17,true,false,999
2025-11-27T21:24:19.64054-08:00,read,key_372,1.27,true,false,530
2025-11-27T21:24:19.651384-08:00,read,key_193,1.37,true,false,1239
2025-11-27T21:24:19.662528-08:00,read,key_997,2.62,true,false,1109
2025-11-27T21:24:19.673606-08:00,read,key_359,1.57,true,false,1287
2025-11-27T21:24:19.683949-08:00,read,key_247,1.87,false,false,0
2025-11-27T21:24:19.695118-08:00,read,key_407,3.15,true,false,1335
2025-11-27T21:24:19.70615-08:00,read,key_903,1.67,true,false,1566
2025-11-27T21:24:19.717318-08:00,read,key_345,2.00,true,false,859
2025-11-27T21:24:19.728082-08:00,read,key_449,2.36,true,false,1393
2025-11-27T21:24:19.739136-08:00,read,key_616,2.04,true,false,1451
2025-11-27T21:24:19.750282-08:00,read,key_832,1.46,true,false,761
2025-11-27T21:24:19.761427-08:00,read,key_695,2.02,true,false,989
2025-11-27T21:24:19.77302-08:00,read,key_978,1.80,true,false,1463
2025-11-27T21:24:19.784169-08:00,read,key_537,1.81,false,false,0
2025-11-27T21:24:19.79476-08:00,read,key_359,1.61,true,false,1287
2025-11-27T21:24:19.80541-08:00,read,key_542,2.44,true,false,686
2025-11-27T21:24:19.816561-08:00,read,key_887,1.81,true,false,1400
2025-11-27T21:24:19.827677-08:00,read,key_900,1.35,true,false,815
2025-11-27T21:24:19.838986-08:00,read,key_729,2.07,true,false,607
2025-11-27T21:24:19.850136-08:00,read,key_322,1.47,true,false,1559
2025-11-27T21:24:19.861298-08:00,read,key_272,2.84,true,false,173
2025-11-27T21:24:19.872111-08:00,read,key_325,2.17,true,false,753
2025-11-27T21:24:19.883184-08:00,read,key_364,1.71,false,false,0
2025-11-27T21:24:19.894438-08:00,read,key_475,1.92,true,false,1417
2025-11-27T21:24:19.905816-08:00,read,key_209,2.68,true,false,1446
2025-11-27T21:24:19.916944-08:00,read,key_565,1.79,true,false,1552
2025-11-27T21:24:19.92812-08:00,read,key_202,2.31,true,false,1488
2025-11-27T21:24:19.939738-08:00,read,key_188,1.85,true,false,1448
2025-11-27T21:24:19.950905-08:00,read,key_510,1.80,true,false,1063
2025-11-27T21:24:19.96185-08:00,read,key_33,2.41,true,false,1425
2025-11-27T21:24:19.97287-08:00,read,key_823,1.52,true,false,841
2025-11-27T21:24:19.983886-08:00,read,key_345,1.45,true,false,859
2025-11-27T21:24:19.99404-08:00,read,key_824,1.44,true,false,817
2025-11-27T21:24:20.006651-08:00,read,key_793,1.59,true,false,1199
2025-11-27T21:24:20.017773-08:00,read,key_491,1.67,true,false,596
2025-11-27T21:24:20.028947-08:00,read,key_886,2.66,true,false,1482
2025-11-27T21:24:20.039793-08:00,read,key_326,2.53,true,false,766
2025-11-27T21:24:20.050556-08:00,read,key_240,1.40,true,false,1181
2025-11-27T21:24:20.061707-08:00,read,key_504,1.71,true,false,1557
2025-11-27T21:24:20.072911-08:00,read,key_271,1.79,false,false,0
2025-11-27T21:24:20.084057-08:00,read,key_229,1.90,true,false,420
2025-11-27T21:24:20.095203-08:00,read,key_56,1.85,true,false,1513
2025-11-27T21:24:20.106411-08:00,read,key_267,2.22,true,false,485
2025-11-27T21:24:20.117302-08:00,read,key_458,2.15,true,false,1574
2025-11-27T21:24:20.128423-08:00,read,key_953,1.88,true,false,1178
2025-11-27T21:24:20.139917-08:00,read,key_789,1.76,true,false,239
2025-11-27T21:24:20.15056-08:00,read,key_776,1.44,true,false,1128
2025-11-27T21:24:20.161695-08:00,read,key_305,2.11,true,false,1221
2025-11-27T21:24:20.172792-08:00,read,key_912,1.93,true,false,677
2025-11-27T21:24:20.183938-08:00,read,key_591,1.93,true,false,1499
2025-11-27T21:24:20.195074-08:00,read,key_177,2.28,true,false,839
2025-11-27T21:24:20.205896-08:00,read,key_768,2.82,true,false,1437
2025-11-27T21:24:20.216754-08:00,read,key_341,1.64,true,false,620
2025-11-27T21:24:20.227897-08:00,read,key_402,1.61,true,false,1213
2025-11-27T21:24:20.238586-08:00,read,key_295,2.15,true,false,1016
2025-11-27T21:24:20.249744-08:00,read,key_234,1.62,true,false,1447
2025-11-27T21:24:20.260886-08:00,read,key_332,1.31,true,false,663
2025-11-27T21:24:20.271194-08:00,read,key_428,2.18,true,false,1143
2025-11-27T21:24:20.281825-08:00,read,key_809,1.38,true,false,1534
2025-11-27T21:24:20.293031-08:00,read,key_289,1.83,true,false,1315
2025-11-27T21:24:20.304145-08:00,read,key_386,2.20,true,false,1021
2025-11-27T21:24:20.314607-08:00,read,key_330,1.78,true,false,713
2025-11-27T21:24:20.325751-08:00,read,key_136,1.55,true,false,1431
2025-11-27T21:24:20.336872-08:00,read,key_30,2.23,true,false,1524
2025-11-27T21:24:20.347995-08:00,read,key_910,1.57,true,false,1381
2025-11-27T21:24:20.359107-08:00,read,key_817,1.84,true,false,853
2025-11-27T21:24:20.369828-08:00,read,key_772,1.39,false,false,0
2025-11-27T21:24:20.381313-08:00,read,key_951,1.87,true,false,1506
2025-11-27T21:24:20.392419-08:00,read,key_349,1.55,true,false,666
2025-11-27T21:24:20.402745-08:00,read,key_138,1.18,true,false,1558
2025-11-27T21:24:20.414179-08:00,read,key_238,1.80,true,false,1582
2025-11-27T21:24:20.425084-08:00,read,key_317,1.91,true,false,914
2025-11-27T21:24:20.43622-08:00,read,key_532,1.31,true,false,1265
2025-11-27T21:24:20.446936-08:00,read,key_121,2.17,true,false,821
2025-11-27T21:24:20.45799-08:00,read,key_760,1.32,true,false,852
2025-11-27T21:24:20.469083-08:00,read,key_526,1.64,true,true,1529
2025-11-27T21:24:20.479785-08:00,read,key_109,2.76,true,false,132
2025-11-27T21:24:20.490849-08:00,read,key_549,1.83,true,false,769
2025-11-27T21:24:20.501929-08:00,read,key_391,1.42,true,false,1523
2025-11-27T21:24:20.513452-08:00,read,key_805,2.15,true,false,1511
2025-11-27T21:24:20.52464-08:00,read,key_718,1.90,true,false,1501
2025-11-27T21:24:20.535778-08:00,read,key_708,1.47,true,false,1480
2025-11-27T21:24:20.546935-08:00,read,key_767,2.00,true,false,1431
2025-11-27T21:24:20.558091-08:00,read,key_554,1.55,true,false,1219
2025-11-27T21:24:20.569279-08:00,read,key_470,1.24,true,false,1227
2025-11-27T21:24:20.579629-08:00,read,key_581,2.28,true,false,1091
2025-11-27T21:24:20.590717-08:00,read,key_106,1.64,true,false,1437
2025-11-27T21:24:20.601852-08:00,read,key_69,1.45,true,false,1349
2025-11-27T21:24:20.612744-08:00,read,key_282,2.38,true,false,1515
2025-11-27T21:24:20.623826-08:00,read,key_511,1.32,true,false,1201
2025-11-27T21:24:20.634965-08:00,read,key_64,1.57,true,false,936
2025-11-27T21:24:20.646083-08:00,read,key_236,2.18,true,false,1547
2025-11-27T21:24:20.657243-08:00,read,key_574,1.92,true,false,1506
2025-11-27T21:24:20.668404-08:00,read,key_445,1.57,true,false,1560
2025-11-27T21:24:20.679589-08:00,read,key_409,2.90,true,false,1347
2025-11-27T21:24:20.689874-08:00,read,key_475,2.61,true,false,1417
2025-11-27T21:24:20.700875-08:00,read,key_378,1.66,true,false,1470
2025-11-27T21:24:20.712066-08:00,read,key_669,2.64,true,false,976
2025-11-27T21:24:20.722499-08:00,read,key_806,2.34,true,false,1572
2025-11-27T21:24:20.733623-08:00,read,key_272,2.15,true,false,173
2025-11-27T21:24:20.744688-08:00,read,key_882,1.23,true,false,1455
2025-11-27T21:24:20.755123-08:00,read,key_950,2.70,true,false,1085
2025-11-27T21:24:20.76614-08:00,read,key_9,2.65,true,false,1486
2025-11-27T21:24:20.777269-08:00,read,key_797,1.60,true,false,1157
2025-11-27T21:24:20.78857-08:00,read,key_410,2.19,true,false,1122
2025-11-27T21:24:20.798774-08:00,read,key_126,1.56,true,false,991
2025-11-27T21:24:20.809945-08:00,read,key_527,1.98,true,false,1290
2025-11-27T21:24:20.820907-08:00,read,key_95,2.04,true,false,1458
2025-11-27T21:24:20.831721-08:00,read,key_394,1.41,false,false,0
2025-11-27T21:24:20.842886-08:00,read,key_409,1.58,true,false,1347
2025-11-27T21:24:20.853179-08:00,read,key_1,2.68,true,false,1597
2025-11-27T21:24:20.864149-08:00,read,key_571,1.76,true,false,1459
2025-11-27T21:24:20.875079-08:00,read,key_113,1.70,true,false,1561
2025-11-27T21:24:20.885211-08:00,read,key_368,1.54,true,false,1610
2025-11-27T21:24:20.896353-08:00,read,key_414,2.32,true,false,661
2025-11-27T21:24:20.907488-08:00,read,key_75,2.62,true,false,1523
2025-11-27T21:24:20.918562-08:00,read,key_959,1.38,true,false,1580
2025-11-27T21:24:20.929688-08:00,read,key_212,2.30,true,false,1392
2025-11-27T21:24:20.940851-08:00,read,key_783,1.55,true,false,181
2025-11-27T21:24:20.95196-08:00,read,key_570,1.48,true,false,1499
2025-11-27T21:24:20.96309-08:00,read,key_711,2.38,true,false,1231
2025-11-27T21:24:20.974218-08:00,read,key_287,1.62,true,false,1397
2025-11-27T21:24:20.984725-08:00,read,key_278,1.88,true,false,547
2025-11-27T21:24:20.995856-08:00,read,key_543,2.81,true,false,1455
2025-11-27T21:24:21.00658-08:00,read,key_490,2.39,true,false,1255
2025-11-27T21:24:21.017247-08:00,read,key_696,1.69,true,false,1540
2025-11-27T21:24:21.028368-08:00,read,key_468,2.61,true,false,1534
2025-11-27T21:24:21.039505-08:00,read,key_33,1.92,true,false,1425
2025-11-27T21:24:21.049787-08:00,read,key_344,1.67,true,false,768
2025-11-27T21:24:21.060921-08:00,read,key_427,2.13,true,false,1071
2025-11-27T21:24:21.083483-08:00,read,key_420,5.23,true,false,397
2025-11-27T21:24:21.093718-08:00,read,key_287,1.44,true,false,1397
2025-11-27T21:24:21.104281-08:00,read,key_649,0.81,true,false,1541
2025-11-27T21:24:21.115008-08:00,read,key_295,0.87,true,false,1016
2025-11-27T21:24:21.126105-08:00,read,key_434,0.84,true,false,1181
2025-11-27T21:24:21.137308-08:00,read,key_124,0.74,true,false,1309
2025-11-27T21:24:21.148532-08:00,read,key_276,0.66,true,false,476
2025-11-27T21:24:21.158894-08:00,read,key_794,0.55,true,false,846
2025-11-27T21:24:21.169359-08:00,read,key_902,0.56,true,false,1541
2025-11-27T21:24:21.180166-08:00,read,key_104,1.19,true,false,860
2025-11-27T21:24:21.190985-08:00,read,key_961,2.04,true,false,1557
2025-11-27T21:24:21.202146-08:00,read,key_212,1.66,true,false,1392
2025-11-27T21:24:21.212594-08:00,read,key_198,2.03,true,false,1277
2025-11-27T21:24:21.223719-08:00,read,key_555,1.55,true,false,1577
2025-11-27T21:24:21.233894-08:00,read,key_39,1.59,true,false,1574
2025-11-27T21:24:21.244843-08:00,read,key_238,1.72,true,false,1582
2025-11-27T21:24:21.255093-08:00,read,key_33,2.78,true,false,1425
2025-11-27T21:24:21.266121-08:00,read,key_184,1.59,true,false,1447
2025-11-27T21:24:21.277291-08:00,read,key_59,1.39,true,false,1479
2025-11-27T21:24:21.28834-08:00,read,key_727,1.89,true,false,1348
2025-11-27T21:24:21.29925-08:00,read,key_679,1.49,true,false,1350
2025-11-27T21:24:21.31041-08:00,read,key_363,1.33,true,false,607
2025-11-27T21:24:21.32121-08:00,read,key_375,2.11,true,false,1025
2025-11-27T21:24:21.332357-08:00,read,key_647,1.63,false,false,0
2025-11-27T21:24:21.343538-08:00,read,key_614,1.93,true,false,1531
2025-11-27T21:24:21.354228-08:00,read,key_691,2.27,true,false,1074
2025-11-27T21:24:21.365382-08:00,read,key_132,1.54,true,false,1557
2025-11-27T21:24:21.07233-08:00,write,key_201,304.93,true,false,1612
2025-11-27T21:24:21.376538-08:00,read,key_974,2.14,true,false,1521
2025-11-27T21:24:21.387607-08:00,read,key_727,2.51,true,false,1348
2025-11-27T21:24:21.398595-08:00,read,key_185,2.02,false,false,0
2025-11-27T21:24:21.40911-08:00,read,key_991,1.96,true,false,319
2025-11-27T21:24:21.420276-08:00,read,key_258,2.94,true,false,1563
2025-11-27T21:24:21.431333-08:00,read,key_237,2.21,true,false,1276
2025-11-27T21:24:21.442487-08:00,read,key_105,1.91,true,false,864
2025-11-27T21:24:21.453666-08:00,read,key_118,1.79,true,false,1529
2025-11-27T21:24:21.463993-08:00,read,key_755,2.11,true,false,1567
2025-11-27T21:24:21.475131-08:00,read,key_665,1.93,true,false,27
2025-11-27T21:24:21.486254-08:00,read,key_770,2.59,true,false,382
2025-11-27T21:24:21.496924-08:00,read,key_767,2.76,true,false,1431
2025-11-27T21:24:21.508004-08:00,read,key_538,2.24,true,false,1434
2025-11-27T21:24:21.518616-08:00,read,key_218,1.91,true,false,1318
2025-11-27T21:24:21.530069-08:00,read,key_684,1.43,true,false,70
2025-11-27T21:24:21.541252-08:00,read,key_859,1.92,true,false,1528
2025-11-27T21:24:21.552386-08:00,read,key_958,2.06,true,false,1498
2025-11-27T21:24:21.563547-08:00,read,key_694,2.75,true,false,1595
2025-11-27T21:24:21.574572-08:00,read,key_916,1.81,true,false,1241
2025-11-27T21:24:21.585739-08:00,read,key_690,2.13,true,false,1171
2025-11-27T21:24:21.597047-08:00,read,key_1,2.15,true,false,1597
2025-11-27T21:24:21.608176-08:00,read,key_506,1.62,true,false,1465
2025-11-27T21:24:21.619368-08:00,read,key_591,1.39,true,false,1499
2025-11-27T21:24:21.630669-08:00,read,key_147,1.67,true,false,1431
2025-11-27T21:24:21.641305-08:00,read,key_188,1.81,true,false,1448
2025-11-27T21:24:21.652432-08:00,read,key_912,1.31,true,false,677
2025-11-27T21:24:21.662792-08:00,read,key_128,5.00,true,false,945
2025-11-27T21:24:21.673625-08:00,read,key_233,1.62,true,false,1564
2025-11-27T21:24:21.684788-08:00,read,key_401,1.46,true,false,1410
2025-11-27T21:24:21.695979-08:00,read,key_288,2.39,true,false,1272
2025-11-27T21:24:21.707113-08:00,read,key_122,1.45,true,false,1594
2025-11-27T21:24:21.718635-08:00,read,key_959,1.76,true,false,1580
2025-11-27T21:24:21.729288-08:00,read,key_248,2.23,true,false,879
2025-11-27T21:24:21.740166-08:00,read,key_391,1.68,true,false,1523
2025-11-27T21:24:21.751065-08:00,read,key_49,2.12,true,false,1075
2025-11-27T21:24:21.761942-08:00,read,key_719,2.92,true,false,1542
2025-11-27T21:24:21.773407-08:00,read,key_823,1.74,true,false,841
2025-11-27T21:24:21.784532-08:00,read,key_378,1.53,true,false,1470
2025-11-27T21:24:21.795687-08:00,read,key_696,2.00,true,false,1540
2025-11-27T21:24:21.80688-08:00,read,key_50,1.27,true,false,817
2025-11-27T21:24:21.817226-08:00,read,key_268,1.11,true,false,499
2025-11-27T21:24:21.828423-08:00,read,key_590,1.62,false,false,0
2025-11-27T21:24:21.839723-08:00,read,key_216,1.95,true,false,1430
2025-11-27T21:24:21.850648-08:00,read,key_424,2.07,true,false,467
2025-11-27T21:24:21.861774-08:00,read,key_874,1.72,true,false,1531
2025-11-27T21:24:21.873366-08:00,read,key_394,1.81,false,false,0
2025-11-27T21:24:21.884572-08:00,read,key_517,1.84,true,false,1040
2025-11-27T21:24:21.895705-08:00,read,key_120,2.57,true,false,1434
2025-11-27T21:24:21.90676-08:00,read,key_462,1.34,true,false,1562
2025-11-27T21:24:21.917868-08:00,read,key_62,1.66,true,false,1061
2025-11-27T21:24:21.929095-08:00,read,key_227,2.82,true,false,893
2025-11-27T21:24:21.94018-08:00,read,key_239,1.90,true,false,1575
2025-11-27T21:24:21.950534-08:00,read,key_995,1.50,true,false,1489
2025-11-27T21:24:21.961677-08:00,read,key_31,1.91,true,false,1160
2025-11-27T21:24:21.972691-08:00,read,key_572,1.63,true,false,1313
2025-11-27T21:24:21.983411-08:00,read,key_326,1.65,true,false,766
2025-11-27T21:24:21.994602-08:00,read,key_922,2.34,true,false,616
2025-11-27T21:24:22.006358-08:00,read,key_445,1.90,true,false,1560
2025-11-27T21:24:22.01749-08:00,read,key_643,1.58,true,false,585
2025-11-27T21:24:22.028173-08:00,read,key_44,8.56,true,false,1206
2025-11-27T21:24:22.039523-08:00,read,key_652,1.91,true,false,1495
2025-11-27T21:24:22.05085-08:00,read,key_68,8.72,true,false,759
2025-11-27T21:24:22.061101-08:00,read,key_529,0.84,true,false,1248
2025-11-27T21:24:22.071804-08:00,read,key_390,1.10,true,false,1537
2025-11-27T21:24:22.083051-08:00,read,key_920,2.98,true,false,159
2025-11-27T21:24:22.094078-08:00,read,key_611,2.02,true,false,1467
2025-11-27T21:24:22.104927-08:00,read,key_908,2.05,true,false,1450
2025-11-27T21:24:22.116005-08:00,read,key_547,1.59,true,false,758
2025-11-27T21:24:22.126814-08:00,read,key_758,1.64,true,false,1401
2025-11-27T21:24:22.138141-08:00,read,key_962,1.84,true,false,1338
2025-11-27T21:24:22.148581-08:00,read,key_125,2.04,true,false,1326
2025-11-27T21:24:22.159772-08:00,read,key_411,1.72,true,false,259
2025-11-27T21:24:22.170904-08:00,read,key_344,2.87,true,false,768
2025-11-27T21:24:22.181902-08:00,read,key_120,1.93,true,false,1434
2025-11-27T21:24:22.192084-08:00,read,key_586,1.98,true,false,1085
2025-11-27T21:24:22.203519-08:00,read,key_902,2.27,true,false,1541
2025-11-27T21:24:22.213741-08:00,read,key_241,1.72,true,false,1599
2025-11-27T21:24:22.225025-08:00,read,key_501,2.02,true,false,1551
2025-11-27T21:24:22.236208-08:00,read,key_664,1.78,true,false,1072
2025-11-27T21:24:22.247355-08:00,read,key_300,1.85,true,false,1214
2025-11-27T21:24:22.258677-08:00,read,key_179,3.50,true,false,834
2025-11-27T21:24:22.270234-08:00,read,key_804,2.74,true,false,1476
2025-11-27T21:24:22.281394-08:00,read,key_881,2.20,true,false,1459
2025-11-27T21:24:22.293021-08:00,read,key_395,3.99,true,false,750
2025-11-27T21:24:22.303455-08:00,read,key_472,2.60,true,false,1513
2025-11-27T21:24:22.31449-08:00,read,key_618,2.32,true,false,1545
2025-11-27T21:24:22.325599-08:00,read,key_952,3.19,true,false,1453
2025-11-27T21:24:22.336635-08:00,read,key_729,2.36,true,false,607
2025-11-27T21:24:22.347754-08:00,read,key_955,1.63,true,false,1567
2025-11-27T21:24:22.359881-08:00,read,key_768,2.54,true,false,1437
2025-11-27T21:24:22.370955-08:00,read,key_481,2.23,true,false,1521
2025-11-27T21:24:22.382156-08:00,read,key_649,3.40,true,false,1541
2025-11-27T21:24:22.393085-08:00,read,key_223,2.10,true,false,1210
2025-11-27T21:24:22.404588-08:00,read,key_173,2.22,true,false,111
2025-11-27T21:24:22.415699-08:00,read,key_963,2.47,true,false,1537
2025-11-27T21:24:22.426342-08:00,read,key_237,2.36,true,false,1276
2025-11-27T21:24:22.436868-08:00,read,key_112,1.62,true,false,1366
2025-11-27T21:24:22.448013-08:00,read,key_814,1.59,true,false,1578
2025-11-27T21:24:22.458471-08:00,read,key_937,2.72,true,false,632
2025-11-27T21:24:22.480652-08:00,read,key_680,1.94,true,false,982
2025-11-27T21:24:22.491193-08:00,read,key_565,2.82,true,false,1552
2025-11-27T21:24:22.502379-08:00,read,key_687,1.93,true,false,411
2025-11-27T21:24:22.513404-08:00,read,key_147,1.40,true,false,1431
2025-11-27T21:24:22.524575-08:00,read,key_298,2.56,true,false,1507
2025-11-27T21:24:22.535196-08:00,read,key_766,2.44,true,false,1598
2025-11-27T21:24:22.545915-08:00,read,key_128,1.59,true,false,945
2025-11-27T21:24:22.557056-08:00,read,key_206,1.87,true,false,1609
2025-11-27T21:24:22.567809-08:00,read,key_618,2.66,true,false,1545
2025-11-27T21:24:22.578913-08:00,read,key_417,1.77,true,false,693
2025-11-27T21:24:22.58991-08:00,read,key_880,2.10,true,false,1089
2025-11-27T21:24:22.600468-08:00,read,key_144,2.61,true,false,1103
2025-11-27T21:24:22.611217-08:00,read,key_124,1.82,true,false,1309
2025-11-27T21:24:22.622391-08:00,read,key_47,1.92,true,false,1041
2025-11-27T21:24:22.633513-08:00,read,key_291,2.44,true,false,1006
2025-11-27T21:24:22.644613-08:00,read,key_292,1.48,true,false,993
2025-11-27T21:24:22.655518-08:00,read,key_207,1.77,true,false,1581
2025-11-27T21:24:22.666763-08:00,read,key_392,2.67,true,false,1590
2025-11-27T21:24:22.677821-08:00,read,key_52,1.48,true,false,1398
2025-11-27T21:24:22.68865-08:00,read,key_398,1.62,true,false,1542
2025-11-27T21:24:22.699882-08:00,read,key_126,2.57,true,false,991
2025-11-27T21:24:22.710946-08:00,read,key_486,1.73,true,false,1362
2025-11-27T21:24:22.721865-08:00,read,key_968,1.52,true,false,1567
2025-11-27T21:24:22.733041-08:00,read,key_127,2.64,true,false,983
2025-11-27T21:24:22.7439-08:00,read,key_811,2.00,true,false,1534
2025-11-27T21:24:22.754796-08:00,read,key_839,2.11,true,false,828
2025-11-27T21:24:22.76596-08:00,read,key_473,2.53,true,false,1563
2025-11-27T21:24:22.776692-08:00,read,key_559,1.51,true,false,627
2025-11-27T21:24:22.469503-08:00,write,key_698,308.73,true,false,1613
2025-11-27T21:24:22.787075-08:00,read,key_836,1.77,true,false,904
2025-11-27T21:24:22.798302-08:00,read,key_804,1.94,true,false,1476
2025-11-27T21:24:22.809592-08:00,read,key_493,1.81,true,false,991
2025-11-27T21:24:22.820753-08:00,read,key_101,1.72,true,false,822
2025-11-27T21:24:22.831644-08:00,read,key_279,1.71,true,false,632
2025-11-27T21:24:22.841967-08:00,read,key_823,2.47,true,false,841
2025-11-27T21:24:22.853078-08:00,read,key_457,1.64,true,false,1501
2025-11-27T21:24:22.86425-08:00,read,key_292,1.96,true,false,993
2025-11-27T21:24:22.875563-08:00,read,key_232,2.66,true,false,1538
2025-11-27T21:24:22.886585-08:00,read,key_792,1.75,true,false,1206
2025-11-27T21:24:22.897723-08:00,read,key_371,1.56,true,false,1563
2025-11-27T21:24:22.908882-08:00,read,key_530,2.47,true,false,45
2025-11-27T21:24:22.920011-08:00,read,key_111,1.88,true,false,1544
2025-11-27T21:24:22.931113-08:00,read,key_643,1.47,true,false,585
2025-11-27T21:24:22.94184-08:00,read,key_755,1.96,true,false,1567
2025-11-27T21:24:22.952793-08:00,read,key_915,1.82,true,false,837
2025-11-27T21:24:22.964014-08:00,read,key_839,1.95,true,false,828
2025-11-27T21:24:22.975135-08:00,read,key_627,2.44,true,false,1267
2025-11-27T21:24:22.986802-08:00,read,key_219,1.84,true,false,1456
2025-11-27T21:24:22.997935-08:00,read,key_112,1.68,true,false,1366
2025-11-27T21:24:23.009101-08:00,read,key_439,2.51,true,false,1341
2025-11-27T21:24:23.020179-08:00,read,key_889,1.98,true,false,633
2025-11-27T21:24:23.031324-08:00,read,key_587,1.69,true,false,785
2025-11-27T21:24:23.041885-08:00,read,key_833,4.83,true,false,1586
2025-11-27T21:24:23.052294-08:00,read,key_104,2.23,true,false,860
2025-11-27T21:24:23.063303-08:00,read,key_126,1.82,true,false,991
2025-11-27T21:24:23.074503-08:00,read,key_246,2.45,true,false,1483
2025-11-27T21:24:23.085545-08:00,read,key_555,1.65,true,false,1577
2025-11-27T21:24:23.09649-08:00,read,key_185,1.75,false,false,0
2025-11-27T21:24:23.107693-08:00,read,key_941,2.63,true,false,1138
2025-11-27T21:24:23.118818-08:00,read,key_402,1.71,true,false,1213
2025-11-27T21:24:23.130035-08:00,read,key_588,1.78,true,false,1027
2025-11-27T21:24:23.141257-08:00,read,key_53,2.27,true,false,1535
2025-11-27T21:24:23.152157-08:00,read,key_921,1.75,true,false,818
2025-11-27T21:24:23.163189-08:00,read,key_514,1.99,true,false,848
2025-11-27T21:24:23.174354-08:00,read,key_122,1.64,true,false,1594
2025-11-27T21:24:23.1861-08:00,read,key_141,2.41,true,false,656
2025-11-27T21:24:23.197218-08:00,read,key_477,1.84,true,false,1538
2025-11-27T21:24:23.208491-08:00,read,key_393,1.85,true,false,567
2025-11-27T21:24:23.219615-08:00,read,key_83,1.58,true,false,1405
2025-11-27T21:24:23.230799-08:00,read,key_823,2.18,true,false,841
2025-11-27T21:24:23.241893-08:00,read,key_805,1.58,true,false,1511
2025-11-27T21:24:23.252092-08:00,read,key_358,1.83,true,false,1584
2025-11-27T21:24:23.263267-08:00,read,key_606,2.60,true,false,203
2025-11-27T21:24:23.274293-08:00,read,key_124,1.82,true,false,1309
2025-11-27T21:24:23.285373-08:00,read,key_533,1.57,true,false,571
2025-11-27T21:24:23.296496-08:00,read,key_763,2.15,true,false,1376
2025-11-27T21:24:23.306824-08:00,read,key_477,1.76,true,false,1538
2025-11-27T21:24:23.328425-08:00,read,key_669,2.41,true,false,976
2025-11-27T21:24:23.339565-08:00,read,key_901,1.70,true,false,741
2025-11-27T21:24:23.349709-08:00,read,key_330,2.59,true,false,713
2025-11-27T21:24:23.360293-08:00,read,key_719,1.42,true,false,1542
2025-11-27T21:24:23.370986-08:00,read,key_462,2.26,true,false,1562
2025-11-27T21:24:23.381537-08:00,read,key_204,1.85,true,false,1576
2025-11-27T21:24:23.392285-08:00,read,key_412,1.87,true,false,1606
2025-11-27T21:24:23.403256-08:00,read,key_433,1.64,true,false,1341
2025-11-27T21:24:23.413647-08:00,read,key_172,2.25,true,false,1581
2025-11-27T21:24:23.424781-08:00,read,key_809,1.59,true,false,1534
2025-11-27T21:24:23.435927-08:00,read,key_528,1.47,true,false,152
2025-11-27T21:24:23.447146-08:00,read,key_373,2.02,true,false,1563
2025-11-27T21:24:23.458013-08:00,read,key_714,1.92,true,false,1474
2025-11-27T21:24:23.46916-08:00,read,key_19,1.35,true,false,1095
2025-11-27T21:24:23.480347-08:00,read,key_224,2.33,true,false,900
2025-11-27T21:24:23.491153-08:00,read,key_918,1.77,true,false,717
2025-11-27T21:24:23.5021-08:00,read,key_489,1.38,true,false,1390
2025-11-27T21:24:23.512582-08:00,read,key_630,1.99,true,false,1366
2025-11-27T21:24:23.522955-08:00,read,key_578,1.42,true,false,1325
2025-11-27T21:24:23.534143-08:00,read,key_539,1.81,true,false,187
2025-11-27T21:24:23.545342-08:00,read,key_68,1.22,true,false,759
2025-11-27T21:24:23.556546-08:00,read,key_401,2.49,true,false,1410
2025-11-27T21:24:23.567661-08:00,read,key_146,1.82,true,false,1125
2025-11-27T21:24:23.578481-08:00,read,key_112,1.73,true,false,1366
2025-11-27T21:24:23.589703-08:00,read,key_111,1.75,true,false,1544
2025-11-27T21:24:23.600657-08:00,read,key_589,1.91,true,false,647
2025-11-27T21:24:23.610928-08:00,read,key_135,1.66,true,false,1530
2025-11-27T21:24:23.621878-08:00,read,key_129,3.10,true,false,875
2025-11-27T21:24:23.317993-08:00,write,key_308,307.01,true,false,1614
2025-11-27T21:24:23.632036-08:00,read,key_921,1.41,true,false,818
2025-11-27T21:24:23.643202-08:00,read,key_122,1.56,true,false,1594
2025-11-27T21:24:23.654348-08:00,read,key_470,2.53,true,false,1227
2025-11-27T21:24:23.665482-08:00,read,key_122,1.70,true,false,1594
2025-11-27T21:24:23.676669-08:00,read,key_204,1.79,true,false,1576
2025-11-27T21:24:23.687607-08:00,read,key_415,2.70,true,false,1488
2025-11-27T21:24:23.698643-08:00,read,key_764,1.55,true,false,1274
2025-11-27T21:24:23.709817-08:00,read,key_320,1.59,true,false,1591
2025-11-27T21:24:23.72096-08:00,read,key_283,2.38,true,false,1534
2025-11-27T21:24:23.731523-08:00,read,key_282,1.70,true,false,1515
2025-11-27T21:24:23.741881-08:00,read,key_585,1.40,true,false,898
2025-11-27T21:24:23.753062-08:00,read,key_350,2.88,true,false,1163
2025-11-27T21:24:23.764126-08:00,read,key_797,1.57,true,false,1157
2025-11-27T21:24:23.775194-08:00,read,key_377,1.65,true,false,1183
2025-11-27T21:24:23.785489-08:00,read,key_324,1.41,true,false,1378
2025-11-27T21:24:23.79604-08:00,read,key_335,2.57,false,false,0
2025-11-27T21:24:23.807119-08:00,read,key_578,1.55,true,false,1325
2025-11-27T21:24:23.818299-08:00,read,key_106,1.69,true,false,1437
2025-11-27T21:24:23.829874-08:00,read,key_766,2.24,true,false,1598
2025-11-27T21:24:23.841022-08:00,read,key_79,1.80,true,false,1571
2025-11-27T21:24:23.852114-08:00,read,key_471,1.77,true,false,1235
2025-11-27T21:24:23.862616-08:00,read,key_301,2.63,true,false,1208
2025-11-27T21:24:23.873828-08:00,read,key_825,1.87,true,false,769
2025-11-27T21:24:23.884957-08:00,read,key_684,2.12,true,false,70
2025-11-27T21:24:23.896587-08:00,read,key_815,2.35,true,false,658
2025-11-27T21:24:23.907745-08:00,read,key_938,1.40,true,false,1566
2025-11-27T21:24:23.918945-08:00,read,key_496,1.70,true,false,1559
2025-11-27T21:24:23.929309-08:00,read,key_294,2.31,true,true,919
2025-11-27T21:24:23.940486-08:00,read,key_832,1.99,true,false,761
2025-11-27T21:24:23.951644-08:00,read,key_974,1.97,true,false,1521
2025-11-27T21:24:23.962588-08:00,read,key_85,2.81,true,false,1608
2025-11-27T21:24:23.973393-08:00,read,key_960,2.03,true,false,1571
2025-11-27T21:24:23.98453-08:00,read,key_758,1.77,true,false,1401
2025-11-27T21:24:23.995308-08:00,read,key_4,2.07,true,false,1353
2025-11-27T21:24:24.00648-08:00,read,key_127,1.81,true,false,983
2025-11-27T21:24:24.017262-08:00,read,key_242,1.65,true,false,1205
2025-11-27T21:24:24.028407-08:00,read,key_962,1.66,true,false,1338
2025-11-27T21:24:24.038671-08:00,read,key_232,2.44,true,false,1538
2025-11-27T21:24:24.049819-08:00,read,key_699,2.18,true,false,1611
2025-11-27T21:24:24.060947-08:00,read,key_409,1.80,true,false,1347
2025-11-27T21:24:24.072118-08:00,read,key_625,2.50,true,false,1186
2025-11-27T21:24:24.082984-08:00,read,key_765,2.03,true,false,1365
2025-11-27T21:24:24.094142-08:00,read,key_284,2.12,true,false,1537
2025-11-27T21:24:24.106028-08:00,read,key_137,2.11,true,false,1558
2025-11-27T21:24:24.116809-08:00,read,key_38,1.69,true,false,1532
2025-11-27T21:24:24.128015-08:00,read,key_736,1.74,true,false,745
2025-11-27T21:24:24.139214-08:00,read,key_536,2.08,true,false,1321
2025-11-27T21:24:24.14963-08:00,read,key_665,1.63,true,false,27
2025-11-27T21:24:24.170982-08:00,read,key_796,2.81,true,false,1402
2025-11-27T21:24:24.182172-08:00,read,key_346,2.04,true,false,626
2025-11-27T21:24:24.193328-08:00,read,key_412,1.61,true,false,1606
2025-11-27T21:24:24.204578-08:00,read,key_783,1.98,true,false,181
2025-11-27T21:24:24.214897-08:00,read,key_885,1.64,true,false,1081
2025-11-27T21:24:24.22534-08:00,read,key_526,1.92,true,false,1529
2025-11-27T21:24:24.236468-08:00,read,key_38,1.86,true,false,1532
2025-11-27T21:24:24.247679-08:00,read,key_373,2.64,true,false,1563
2025-11-27T21:24:24.258654-08:00,read,key_971,1.55,true,false,1092
2025-11-27T21:24:24.269832-08:00,read,key_805,1.96,true,false,1511
2025-11-27T21:24:24.28055-08:00,read,key_614,2.18,true,false,1531
2025-11-27T21:24:24.291752-08:00,read,key_549,2.06,true,false,769
2025-11-27T21:24:24.302366-08:00,read,key_615,1.55,true,false,1375
2025-11-27T21:24:24.312633-08:00,read,key_315,2.46,true,false,906
2025-11-27T21:24:24.32373-08:00,read,key_318,1.51,true,false,1409
2025-11-27T21:24:24.334877-08:00,read,key_792,2.00,true,false,1206
2025-11-27T21:24:24.34604-08:00,read,key_414,2.37,true,false,661
2025-11-27T21:24:24.357109-08:00,read,key_19,1.62,true,false,1095
2025-11-27T21:24:24.368339-08:00,read,key_406,1.74,true,false,1137
2025-11-27T21:24:24.379461-08:00,read,key_597,2.42,true,false,231
2025-11-27T21:24:24.390028-08:00,read,key_975,1.77,true,false,1478
2025-11-27T21:24:24.401177-08:00,read,key_186,1.72,true,false,1574
2025-11-27T21:24:24.412431-08:00,read,key_510,2.56,true,false,1063
2025-11-27T21:24:24.42343-08:00,read,key_205,1.61,true,false,715
2025-11-27T21:24:24.434571-08:00,read,key_427,1.81,true,false,1071
2025-11-27T21:24:24.445699-08:00,read,key_116,1.94,true,false,347
2025-11-27T21:24:24.456796-08:00,read,key_558,1.44,true,false,1486
2025-11-27T21:24:24.467896-08:00,read,key_450,1.46,true,false,1502
2025-11-27T21:24:24.160658-08:00,write,key_318,311.26,true,false,1615
2025-11-27T21:24:24.478721-08:00,read,key_78,1.70,true,false,1472
2025-11-27T21:24:24.48933-08:00,read,key_323,1.44,true,false,840
2025-11-27T21:24:24.500421-08:00,read,key_112,1.21,true,false,1366
2025-11-27T21:24:24.511487-08:00,read,key_762,1.93,true,false,682
2025-11-27T21:24:24.522787-08:00,read,key_667,1.66,true,false,861
2025-11-27T21:24:24.533939-08:00,read,key_717,1.69,true,false,1568
2025-11-27T21:24:24.544778-08:00,read,key_454,1.38,true,false,1511
2025-11-27T21:24:24.555708-08:00,read,key_837,1.45,true,false,792
2025-11-27T21:24:24.566588-08:00,read,key_722,1.91,true,false,1450
2025-11-27T21:24:24.577764-08:00,read,key_320,1.86,true,false,1591
2025-11-27T21:24:24.588511-08:00,read,key_613,2.45,true,false,732
2025-11-27T21:24:24.599512-08:00,read,key_761,1.70,true,false,1082
2025-11-27T21:24:24.610666-08:00,read,key_444,1.47,true,false,868
2025-11-27T21:24:24.621905-08:00,read,key_720,2.59,true,false,905
2025-11-27T21:24:24.632981-08:00,read,key_343,1.46,true,false,1506
2025-11-27T21:24:24.644145-08:00,read,key_539,1.71,true,false,187
2025-11-27T21:24:24.655587-08:00,read,key_469,2.52,true,false,1573
2025-11-27T21:24:24.666709-08:00,read,key_458,1.60,true,false,1574
2025-11-27T21:24:24.676963-08:00,read,key_909,1.50,true,false,1463
2025-11-27T21:24:24.68818-08:00,read,key_325,2.61,true,false,753
2025-11-27T21:24:24.699256-08:00,read,key_113,1.86,true,false,1561
2025-11-27T21:24:24.710447-08:00,read,key_426,1.58,true,false,624
2025-11-27T21:24:24.721644-08:00,read,key_145,2.51,true,false,1075
2025-11-27T21:24:24.732787-08:00,read,key_391,1.74,true,false,1523
2025-11-27T21:24:24.754289-08:00,read,key_809,2.84,true,false,1534
2025-11-27T21:24:24.765182-08:00,read,key_246,1.50,true,false,1483
2025-11-27T21:24:24.775607-08:00,read,key_720,2.01,true,false,905
2025-11-27T21:24:24.786731-08:00,read,key_291,1.58,true,false,1006
2025-11-27T21:24:24.797873-08:00,read,key_116,2.19,true,false,347
2025-11-27T21:24:24.809036-08:00,read,key_142,1.87,true,false,1123
2025-11-27T21:24:24.819239-08:00,read,key_105,1.40,true,false,864
2025-11-27T21:24:24.830296-08:00,read,key_473,2.85,true,false,1563
2025-11-27T21:24:24.841353-08:00,read,key_795,1.81,true,false,907
2025-11-27T21:24:24.852325-08:00,read,key_676,1.24,true,false,1392
2025-11-27T21:24:24.863682-08:00,read,key_461,2.42,true,false,1566
2025-11-27T21:24:24.874755-08:00,read,key_100,1.67,true,false,1167
2025-11-27T21:24:24.885925-08:00,read,key_76,2.62,true,false,1478
2025-11-27T21:24:24.89718-08:00,read,key_968,2.40,true,false,1567
2025-11-27T21:24:24.908318-08:00,read,key_88,1.81,true,false,1553
2025-11-27T21:24:24.918708-08:00,read,key_546,1.39,true,false,1373
2025-11-27T21:24:24.929921-08:00,read,key_180,2.29,true,false,1413
2025-11-27T21:24:24.94102-08:00,read,key_232,1.57,true,false,1538
2025-11-27T21:24:24.952027-08:00,read,key_278,1.36,true,false,547
2025-11-27T21:24:24.963554-08:00,read,key_377,2.64,true,false,1183
2025-11-27T21:24:24.974505-08:00,read,key_972,1.85,true,false,1198
2025-11-27T21:24:24.98563-08:00,read,key_268,1.56,true,false,499
2025-11-27T21:24:24.996039-08:00,read,key_204,2.46,true,false,1576
2025-11-27T21:24:25.00675-08:00,read,key_751,1.86,true,false,1289
2025-11-27T21:24:25.016982-08:00,read,key_722,1.59,true,false,1450
2025-11-27T21:24:25.028149-08:00,read,key_184,2.24,true,false,1447
2025-11-27T21:24:25.039413-08:00,read,key_252,1.95,true,false,1525
2025-11-27T21:24:25.050102-08:00,read,key_625,1.59,true,false,1186
2025-11-27T21:24:24.744008-08:00,write,key_762,307.72,true,false,1616
2025-11-27T21:24:25.061278-08:00,read,key_880,1.41,true,false,1089
2025-11-27T21:24:25.072408-08:00,read,key_13,1.64,true,false,1244
2025-11-27T21:24:25.083188-08:00,read,key_719,1.58,true,false,1542
2025-11-27T21:24:25.094159-08:00,read,key_979,1.60,true,false,1579
2025-11-27T21:24:25.105101-08:00,read,key_720,2.30,true,false,905
2025-11-27T21:24:25.115718-08:00,read,key_543,1.69,true,false,1455
2025-11-27T21:24:25.126917-08:00,read,key_830,2.00,true,false,1382
2025-11-27T21:24:25.138227-08:00,read,key_6,1.97,true,false,1290
2025-11-27T21:24:25.149365-08:00,read,key_990,1.86,true,false,858
2025-11-27T21:24:25.159791-08:00,read,key_515,1.61,true,false,978
2025-11-27T21:24:25.17083-08:00,read,key_138,2.38,true,false,1558
2025-11-27T21:24:25.181684-08:00,read,key_761,1.37,true,false,1082
2025-11-27T21:24:25.19228-08:00,read,key_939,1.72,true,false,730
2025-11-27T21:24:25.203534-08:00,read,key_947,1.61,true,false,1262
2025-11-27T21:24:25.214744-08:00,read,key_275,1.87,true,false,1356
2025-11-27T21:24:25.225505-08:00,read,key_684,1.63,true,false,70
2025-11-27T21:24:25.236798-08:00,read,key_914,1.91,true,false,886
2025-11-27T21:24:25.247301-08:00,read,key_189,2.50,false,false,0
2025-11-27T21:24:25.258224-08:00,read,key_417,1.60,true,false,693
2025-11-27T21:24:25.269367-08:00,read,key_585,1.57,true,false,898
2025-11-27T21:24:25.280491-08:00,read,key_492,1.69,true,false,1001
2025-11-27T21:24:25.291621-08:00,read,key_110,1.79,true,false,1370
2025-11-27T21:24:25.302771-08:00,read,key_795,2.72,true,false,907
2025-11-27T21:24:25.313862-08:00,read,key_976,1.73,true,false,1371
2025-11-27T21:24:25.325041-08:00,read,key_783,1.80,true,false,181
2025-11-27T21:24:25.336263-08:00,read,key_767,1.84,true,false,1431
2025-11-27T21:24:25.347411-08:00,read,key_183,1.66,true,false,1035
2025-11-27T21:24:25.358582-08:00,read,key_275,1.58,true,false,1356
2025-11-27T21:24:25.369726-08:00,read,key_642,1.84,true,false,344
2025-11-27T21:24:25.380551-08:00,read,key_217,2.29,true,false,1302
2025-11-27T21:24:25.391694-08:00,read,key_769,1.59,true,false,1573
2025-11-27T21:24:25.402869-08:00,read,key_722,1.70,true,false,1450
2025-11-27T21:24:25.414071-08:00,read,key_962,2.03,true,false,1338
2025-11-27T21:24:25.425114-08:00,read,key_681,1.58,true,false,1606
2025-11-27T21:24:25.43636-08:00,read,key_628,3.28,true,false,1589
2025-11-27T21:24:25.447086-08:00,read,key_770,2.30,true,false,382
2025-11-27T21:24:25.458182-08:00,read,key_421,1.86,true,false,1162
2025-11-27T21:24:25.469384-08:00,read,key_261,1.70,true,false,568
2025-11-27T21:24:25.480508-08:00,read,key_905,1.90,true,false,1603
2025-11-27T21:24:25.491687-08:00,read,key_12,1.73,true,false,1251
2025-11-27T21:24:25.502827-08:00,read,key_298,1.66,true,false,1507
2025-11-27T21:24:25.514011-08:00,read,key_359,2.40,true,false,1287
2025-11-27T21:24:25.525078-08:00,read,key_607,1.71,true,false,1033
2025-11-27T21:24:25.535241-08:00,read,key_467,1.69,true,false,1519
2025-11-27T21:24:25.546287-08:00,read,key_199,2.73,true,false,1045
2025-11-27T21:24:25.556721-08:00,read,key_428,1.94,true,false,1143
2025-11-27T21:24:25.567768-08:00,read,key_294,1.79,true,false,921
2025-11-27T21:24:25.578742-08:00,read,key_117,2.69,true,false,1583
2025-11-27T21:24:25.589806-08:00,read,key_378,1.56,true,false,1470
2025-11-27T21:24:25.600991-08:00,read,key_602,1.88,true,false,1101
2025-11-27T21:24:25.611322-08:00,read,key_902,1.58,true,false,1541
2025-11-27T21:24:25.622395-08:00,read,key_335,2.33,false,false,0
2025-11-27T21:24:25.633503-08:00,read,key_983,1.68,true,false,1339
2025-11-27T21:24:25.64403-08:00,read,key_821,1.70,true,false,855
2025-11-27T21:24:25.655725-08:00,read,key_691,2.32,true,false,1074
2025-11-27T21:24:25.666855-08:00,read,key_61,1.67,true,false,1561
2025-11-27T21:24:25.678081-08:00,read,key_224,2.10,true,false,900
2025-11-27T21:24:25.689313-08:00,read,key_908,1.81,true,false,1450
2025-11-27T21:24:25.70009-08:00,read,key_928,1.60,true,false,810
2025-11-27T21:24:25.71124-08:00,read,key_308,1.92,true,false,1614
2025-11-27T21:24:25.722473-08:00,read,key_31,1.64,true,false,1160
2025-11-27T21:24:25.733627-08:00,read,key_556,1.63,true,false,1452
2025-11-27T21:24:25.744759-08:00,read,key_696,2.23,true,false,1540
2025-11-27T21:24:25.756036-08:00,read,key_68,2.25,true,false,759
2025-11-27T21:24:25.76713-08:00,read,key_431,1.71,true,false,822
2025-11-27T21:24:25.778296-08:00,read,key_244,1.82,true,false,1209
2025-11-27T21:24:25.788789-08:00,read,key_594,2.04,false,false,0
2025-11-27T21:24:25.799518-08:00,read,key_215,2.08,true,false,1014
2025-11-27T21:24:25.810653-08:00,read,key_396,1.39,true,false,890
2025-11-27T21:24:25.821185-08:00,read,key_403,2.18,true,false,1000
2025-11-27T21:24:25.832396-08:00,read,key_951,1.80,true,false,1506
2025-11-27T21:24:25.843575-08:00,read,key_950,1.60,true,false,1085
2025-11-27T21:24:25.854254-08:00,read,key_49,2.60,true,false,1075
2025-11-27T21:24:25.865426-08:00,read,key_541,1.99,true,false,1524
2025-11-27T21:24:25.87625-08:00,read,key_396,1.70,true,false,890
2025-11-27T21:24:25.887446-08:00,read,key_818,2.51,true,false,1402
2025-11-27T21:24:25.89859-08:00,read,key_610,1.68,true,false,1408
2025-11-27T21:24:25.909664-08:00,read,key_768,1.77,true,false,1437
2025-11-27T21:24:25.920797-08:00,read,key_119,2.41,true,false,1477
2025-11-27T21:24:25.931909-08:00,read,key_941,1.56,true,false,1138
2025-11-27T21:24:25.942826-08:00,read,key_612,1.80,true,false,905
2025-11-27T21:24:25.954018-08:00,read,key_491,1.87,true,false,596
2025-11-27T21:24:25.965144-08:00,read,key_668,1.83,true,false,1125
2025-11-27T21:24:25.976362-08:00,read,key_323,1.82,true,false,840
2025-11-27T21:24:25.987536-08:00,read,key_188,2.21,true,false,1448
2025-11-27T21:24:25.998723-08:00,read,key_462,1.60,true,false,1562
2025-11-27T21:24:26.008902-08:00,read,key_898,2.24,true,false,1090
2025-11-27T21:24:26.020023-08:00,read,key_683,2.53,true,false,700
2025-11-27T21:24:26.030344-08:00,read,key_45,2.50,true,false,1251
2025-11-27T21:24:26.041463-08:00,read,key_392,1.86,true,false,1590
2025-11-27T21:24:26.052041-08:00,read,key_592,1.35,true,false,578
2025-11-27T21:24:26.06239-08:00,read,key_728,2.99,true,false,1193
2025-11-27T21:24:26.07335-08:00,read,key_477,1.63,true,false,1538
2025-11-27T21:24:26.084489-08:00,read,key_259,1.67,true,false,1364
2025-11-27T21:24:26.095666-08:00,read,key_390,1.66,true,false,1537
2025-11-27T21:24:26.106899-08:00,read,key_414,1.79,true,false,661
2025-11-27T21:24:26.117956-08:00,read,key_647,1.03,false,false,0
2025-11-27T21:24:26.128406-08:00,read,key_835,0.73,true,false,1143
2025-11-27T21:24:26.138982-08:00,read,key_428,2.08,true,false,1143
2025-11-27T21:24:26.150165-08:00,read,key_946,0.80,true,false,924
2025-11-27T21:24:26.160753-08:00,read,key_128,0.72,true,false,945
2025-11-27T21:24:26.171949-08:00,read,key_726,1.05,true,false,1386
2025-11-27T21:24:26.182792-08:00,read,key_969,0.73,true,false,1347
2025-11-27T21:24:26.193938-08:00,read,key_885,0.76,true,false,1081
2025-11-27T21:24:26.205203-08:00,read,key_921,0.74,true,false,818
2025-11-27T21:24:26.215521-08:00,read,key_599,0.52,true,false,1569
2025-11-27T21:24:26.226738-08:00,read,key_291,0.63,true,false,1006
2025-11-27T21:24:26.237704-08:00,read,key_963,3.31,true,false,1537
2025-11-27T21:24:26.248693-08:00,read,key_372,1.83,true,false,530
2025-11-27T21:24:26.259886-08:00,read,key_961,1.75,true,false,1557
2025-11-27T21:24:26.271077-08:00,read,key_813,2.16,true,false,1503
2025-11-27T21:24:26.282191-08:00,read,key_886,1.66,true,false,1482
2025-11-27T21:24:26.29337-08:00,read,key_102,2.04,true,false,770
2025-11-27T21:24:26.304289-08:00,read,key_818,2.66,true,false,1402
2025-11-27T21:24:26.315053-08:00,read,key_288,1.69,true,false,1272
2025-11-27T21:24:26.326196-08:00,read,key_372,1.62,true,false,530
2025-11-27T21:24:26.336551-08:00,read,key_705,4.36,true,false,1421
2025-11-27T21:24:26.347491-08:00,read,key_408,2.03,true,false,1366
2025-11-27T21:24:26.358526-08:00,read,key_240,1.66,true,false,1181
2025-11-27T21:24:26.369639-08:00,read,key_998,1.28,true,false,1118
2025-11-27T21:24:26.381243-08:00,read,key_142,1.86,true,false,1123
2025-11-27T21:24:26.392354-08:00,read,key_778,1.89,true,false,317
2025-11-27T21:24:26.403133-08:00,read,key_804,1.54,true,false,1476
2025-11-27T21:24:26.41416-08:00,read,key_784,2.05,true,false,997
2025-11-27T21:24:26.424865-08:00,read,key_470,1.67,true,false,1227
2025-11-27T21:24:26.43602-08:00,read,key_887,1.37,true,false,1400
2025-11-27T21:24:26.447177-08:00,read,key_78,1.94,true,false,1472
2025-11-27T21:24:26.458321-08:00,read,key_70,1.82,true,false,1399
2025-11-27T21:24:26.469456-08:00,read,key_37,1.61,true,false,1479
2025-11-27T21:24:26.480645-08:00,read,key_763,2.02,true,false,1376
2025-11-27T21:24:26.491813-08:00,read,key_483,1.99,true,false,1539
2025-11-27T21:24:26.502042-08:00,read,key_779,1.65,false,false,0
2025-11-27T21:24:26.513343-08:00,read,key_353,1.88,true,false,1547
2025-11-27T21:24:26.5245-08:00,read,key_423,1.69,true,false,718
2025-11-27T21:24:26.535011-08:00,read,key_647,1.35,false,false,0
2025-11-27T21:24:26.54614-08:00,read,key_906,1.90,true,false,1358
2025-11-27T21:24:26.557265-08:00,read,key_259,1.15,true,false,1364
2025-11-27T21:24:26.567812-08:00,read,key_464,1.57,true,false,1497
2025-11-27T21:24:26.578926-08:00,read,key_280,2.33,true,false,1552
2025-11-27T21:24:26.590021-08:00,read,key_453,1.25,true,false,1478
2025-11-27T21:24:26.600704-08:00,read,key_908,2.34,true,false,1450
2025-11-27T21:24:26.611833-08:00,read,key_271,2.63,false,false,0
2025-11-27T21:24:26.622994-08:00,read,key_380,1.79,true,false,1170
2025-11-27T21:24:26.633909-08:00,read,key_666,1.58,true,false,967
2025-11-27T21:24:26.645122-08:00,read,key_665,1.78,true,false,27
2025-11-27T21:24:26.655907-08:00,read,key_544,1.85,true,false,1451
2025-11-27T21:24:26.666738-08:00,read,key_409,0.87,true,false,1347
2025-11-27T21:24:26.67734-08:00,read,key_703,1.91,true,false,90
2025-11-27T21:24:26.688058-08:00,read,key_234,2.22,true,false,1447
2025-11-27T21:24:26.699065-08:00,read,key_835,1.09,true,false,1143
2025-11-27T21:24:26.710218-08:00,read,key_203,1.77,true,false,999
2025-11-27T21:24:26.720661-08:00,read,key_581,1.14,true,false,1091
2025-11-27T21:24:26.731872-08:00,read,key_442,0.98,true,false,1577
2025-11-27T21:24:26.742505-08:00,read,key_331,1.58,true,false,1200
2025-11-27T21:24:26.753766-08:00,read,key_391,1.95,true,false,1523
2025-11-27T21:24:26.765393-08:00,read,key_607,2.03,true,false,1033
2025-11-27T21:24:26.776392-08:00,read,key_341,1.55,true,false,620
2025-11-27T21:24:26.78663-08:00,read,key_396,1.85,true,false,890
2025-11-27T21:24:26.797692-08:00,read,key_185,1.09,false,false,0
2025-11-27T21:24:26.808545-08:00,read,key_544,2.02,true,false,1451
2025-11-27T21:24:26.819143-08:00,read,key_689,1.43,true,false,719
2025-11-27T21:24:26.830214-08:00,read,key_768,2.05,true,false,1437
2025-11-27T21:24:26.841402-08:00,read,key_880,1.81,true,false,1089
2025-11-27T21:24:26.852542-08:00,read,key_214,1.73,true,false,1006
2025-11-27T21:24:26.86377-08:00,read,key_882,2.10,true,false,1455
2025-11-27T21:24:26.87493-08:00,read,key_33,1.77,true,false,1425
2025-11-27T21:24:26.886065-08:00,read,key_575,1.81,true,false,1126
2025-11-27T21:24:26.89828-08:00,read,key_870,1.18,true,false,1485
2025-11-27T21:24:26.909-08:00,read,key_299,1.36,true,false,925
2025-11-27T21:24:26.920078-08:00,read,key_803,1.54,true,false,1540
2025-11-27T21:24:26.931604-08:00,read,key_121,3.91,true,false,821
2025-11-27T21:24:26.942494-08:00,read,key_930,1.72,true,false,1607
2025-11-27T21:24:26.95363-08:00,read,key_733,3.10,true,false,264
2025-11-27T21:24:26.964777-08:00,read,key_461,1.78,true,false,1566
2025-11-27T21:24:26.97518-08:00,read,key_977,1.40,true,false,821
2025-11-27T21:24:26.986342-08:00,read,key_32,2.64,true,false,1577
2025-11-27T21:24:26.996724-08:00,read,key_187,2.88,true,false,1404
2025-11-27T21:24:27.007778-08:00,read,key_408,1.61,true,false,1366
2025-11-27T21:24:27.018188-08:00,read,key_402,1.50,true,false,1213
2025-11-27T21:24:27.02935-08:00,read,key_464,2.89,true,false,1497
2025-11-27T21:24:27.039815-08:00,read,key_925,1.44,true,false,889
2025-11-27T21:24:27.050222-08:00,read,key_958,1.58,true,false,1498
2025-11-27T21:24:27.061317-08:00,read,key_420,1.35,true,false,397
2025-11-27T21:24:27.083298-08:00,read,key_750,1.76,true,false,1503
2025-11-27T21:24:27.094423-08:00,read,key_275,2.32,true,false,1356
2025-11-27T21:24:27.105508-08:00,read,key_124,1.99,true,false,1309
2025-11-27T21:24:27.116719-08:00,read,key_352,1.61,true,false,1473
2025-11-27T21:24:27.127052-08:00,read,key_973,1.55,true,false,1246
2025-11-27T21:24:27.137796-08:00,read,key_617,2.02,true,false,728
2025-11-27T21:24:27.14852-08:00,read,key_267,1.31,true,false,485
2025-11-27T21:24:27.159685-08:00,read,key_805,1.39,true,false,1511
2025-11-27T21:24:27.170963-08:00,read,key_885,0.91,true,false,1081
2025-11-27T21:24:27.181893-08:00,read,key_685,0.77,true,false,808
2025-11-27T21:24:27.192551-08:00,read,key_660,0.99,true,false,1141
2025-11-27T21:24:27.203752-08:00,read,key_482,1.81,true,false,1226
2025-11-27T21:24:27.214746-08:00,read,key_204,1.94,true,false,1576
2025-11-27T21:24:27.225602-08:00,read,key_779,2.00,false,false,0
2025-11-27T21:24:27.236771-08:00,read,key_971,1.71,true,false,1092
2025-11-27T21:24:27.248021-08:00,read,key_471,1.66,true,false,1235
2025-11-27T21:24:27.259171-08:00,read,key_708,1.62,true,false,1480
2025-11-27T21:24:27.270354-08:00,read,key_771,2.26,false,false,0
2025-11-27T21:24:27.281313-08:00,read,key_466,1.56,true,false,1484
2025-11-27T21:24:27.292415-08:00,read,key_305,1.66,true,false,1221
2025-11-27T21:24:27.303627-08:00,read,key_608,2.97,true,false,1057
2025-11-27T21:24:27.314674-08:00,read,key_238,2.29,true,false,1582
2025-11-27T21:24:27.325775-08:00,read,key_592,1.44,true,false,578
2025-11-27T21:24:27.336879-08:00,read,key_535,1.85,true,false,1489
2025-11-27T21:24:27.348216-08:00,read,key_618,1.68,true,false,1545
2025-11-27T21:24:27.359025-08:00,read,key_959,1.13,true,false,1580
2025-11-27T21:24:27.370152-08:00,read,key_952,2.73,true,false,1453
2025-11-27T21:24:27.072095-08:00,write,key_207,306.26,true,false,1617
2025-11-27T21:24:27.380606-08:00,read,key_838,0.92,true,false,665
2025-11-27T21:24:27.391744-08:00,read,key_772,2.37,false,false,0
2025-11-27T21:24:27.402882-08:00,read,key_296,1.54,false,false,0
2025-11-27T21:24:27.414118-08:00,read,key_718,2.03,true,false,1501
2025-11-27T21:24:27.425234-08:00,read,key_817,1.49,true,false,853
2025-11-27T21:24:27.436391-08:00,read,key_514,1.73,true,false,848
2025-11-27T21:24:27.44785-08:00,read,key_967,1.84,true,false,1521
2025-11-27T21:24:27.45908-08:00,read,key_839,2.10,true,false,828
2025-11-27T21:24:27.470398-08:00,read,key_682,3.34,true,false,542
2025-11-27T21:24:27.482142-08:00,read,key_608,3.18,true,false,1057
2025-11-27T21:24:27.492718-08:00,read,key_592,2.25,true,false,578
2025-11-27T21:24:27.503924-08:00,read,key_600,3.89,true,false,1496
2025-11-27T21:24:27.514856-08:00,read,key_527,2.06,true,false,1290
2025-11-27T21:24:27.526014-08:00,read,key_765,1.89,true,false,1365
2025-11-27T21:24:27.536154-08:00,read,key_216,1.41,true,false,1430
2025-11-27T21:24:27.54731-08:00,read,key_684,2.91,true,false,70
2025-11-27T21:24:27.557752-08:00,read,key_391,1.84,true,false,1523
2025-11-27T21:24:27.568909-08:00,read,key_811,1.62,true,false,1534
2025-11-27T21:24:27.580089-08:00,read,key_628,3.27,true,false,1589
2025-11-27T21:24:27.590673-08:00,read,key_250,1.91,true,false,1378
2025-11-27T21:24:27.601845-08:00,read,key_910,1.75,true,false,1381
2025-11-27T21:24:27.613024-08:00,read,key_5,3.09,true,false,163
2025-11-27T21:24:27.624104-08:00,read,key_950,1.63,true,false,1085
2025-11-27T21:24:27.635301-08:00,read,key_515,1.88,true,false,978
2025-11-27T21:24:27.646745-08:00,read,key_621,2.51,true,false,1247
2025-11-27T21:24:27.65789-08:00,read,key_918,1.94,true,false,717
2025-11-27T21:24:27.668548-08:00,read,key_531,1.77,true,false,774
2025-11-27T21:24:27.679614-08:00,read,key_466,2.39,true,false,1484
2025-11-27T21:24:27.690825-08:00,read,key_972,2.18,true,false,1198
2025-11-27T21:24:27.70194-08:00,read,key_725,1.42,true,false,903
2025-11-27T21:24:27.71313-08:00,read,key_497,2.29,true,false,1025
2025-11-27T21:24:27.724171-08:00,read,key_471,1.94,true,false,1235
2025-11-27T21:24:27.735257-08:00,read,key_530,1.45,true,false,45
2025-11-27T21:24:27.757656-08:00,read,key_957,1.78,true,false,1311
2025-11-27T21:24:27.768223-08:00,read,key_2,1.53,true,false,1575
2025-11-27T21:24:27.779402-08:00,read,key_248,3.25,true,false,879
2025-11-27T21:24:27.790079-08:00,read,key_479,1.71,true,false,1402
2025-11-27T21:24:27.80061-08:00,read,key_463,1.38,true,false,1483
2025-11-27T21:24:27.811406-08:00,read,key_792,1.52,true,false,1206
2025-11-27T21:24:27.823148-08:00,read,key_493,2.52,true,false,991
2025-11-27T21:24:27.83343-08:00,read,key_410,1.77,true,false,1122
2025-11-27T21:24:27.843876-08:00,read,key_526,2.59,true,false,1529
2025-11-27T21:24:27.854728-08:00,read,key_345,1.39,true,false,859
2025-11-27T21:24:27.865962-08:00,read,key_976,1.65,true,false,1371
2025-11-27T21:24:27.876704-08:00,read,key_435,2.30,true,false,1154
2025-11-27T21:24:27.887814-08:00,read,key_527,1.58,true,false,1290
2025-11-27T21:24:27.898991-08:00,read,key_51,1.69,true,false,1250
2025-11-27T21:24:27.90975-08:00,read,key_310,2.40,true,false,953
2025-11-27T21:24:27.920803-08:00,read,key_937,1.31,true,false,632
2025-11-27T21:24:27.931929-08:00,read,key_125,1.45,true,false,1326
2025-11-27T21:24:27.943112-08:00,read,key_754,1.91,true,false,1308
2025-11-27T21:24:27.954258-08:00,read,key_402,1.11,true,false,1213
2025-11-27T21:24:27.965458-08:00,read,key_112,0.91,true,false,1366
2025-11-27T21:24:27.975958-08:00,read,key_187,1.26,true,false,1404
2025-11-27T21:24:27.98664-08:00,read,key_441,1.02,true,false,1544
2025-11-27T21:24:27.997847-08:00,read,key_494,0.83,true,false,1081
2025-11-27T21:24:28.008291-08:00,read,key_139,0.81,true,false,1525
2025-11-27T21:24:28.01945-08:00,read,key_957,0.74,true,false,1311
2025-11-27T21:24:28.043959-08:00,read,key_925,0.67,true,false,889
2025-11-27T21:24:27.746457-08:00,write,key_226,304.82,true,false,1618
2025-11-27T21:24:28.054389-08:00,read,key_587,0.56,true,false,785
2025-11-27T21:24:28.065531-08:00,read,key_609,1.80,true,false,990
2025-11-27T21:24:28.07689-08:00,read,key_599,2.29,true,false,1569
2025-11-27T21:24:28.088043-08:00,read,key_463,1.98,true,false,1483
2025-11-27T21:24:28.098822-08:00,read,key_451,3.11,true,false,1446
2025-11-27T21:24:28.110983-08:00,read,key_785,2.06,true,false,280
2025-11-27T21:24:28.121501-08:00,read,key_531,2.85,true,false,774
2025-11-27T21:24:28.137077-08:00,read,key_374,2.52,true,false,1157
2025-11-27T21:24:28.148199-08:00,read,key_995,1.89,true,false,1489
2025-11-27T21:24:28.16003-08:00,read,key_790,3.43,false,false,0
2025-11-27T21:24:28.17097-08:00,read,key_177,1.35,true,false,839
2025-11-27T21:24:28.181865-08:00,read,key_610,0.97,true,false,1408
2025-11-27T21:24:28.192998-08:00,read,key_662,1.31,true,false,1171
2025-11-27T21:24:28.204673-08:00,read,key_184,0.93,true,false,1447
2025-11-27T21:24:28.215901-08:00,read,key_353,2.16,true,false,1547
2025-11-27T21:24:28.226668-08:00,read,key_249,2.71,false,false,0
2025-11-27T21:24:28.237796-08:00,read,key_451,1.84,true,false,1446
2025-11-27T21:24:28.248183-08:00,read,key_581,1.88,true,false,1091
2025-11-27T21:24:28.259901-08:00,read,key_249,2.64,false,false,0
2025-11-27T21:24:28.271017-08:00,read,key_547,2.32,true,false,758
2025-11-27T21:24:28.281502-08:00,read,key_115,2.64,true,false,1392
2025-11-27T21:24:28.292489-08:00,read,key_716,2.82,true,false,1482
2025-11-27T21:24:28.303564-08:00,read,key_939,2.19,true,false,730
2025-11-27T21:24:28.314193-08:00,read,key_48,1.96,true,false,1086
2025-11-27T21:24:28.3251-08:00,read,key_796,6.45,true,false,1402
2025-11-27T21:24:28.335666-08:00,read,key_554,1.54,true,false,1219
2025-11-27T21:24:28.346455-08:00,read,key_645,2.14,true,false,1423
2025-11-27T21:24:28.357826-08:00,read,key_475,3.10,true,false,1417
2025-11-27T21:24:28.368875-08:00,read,key_972,1.64,true,false,1198
2025-11-27T21:24:28.380271-08:00,read,key_801,3.84,true,false,1565
2025-11-27T21:24:28.391232-08:00,read,key_402,4.36,true,false,1213
2025-11-27T21:24:28.402074-08:00,read,key_293,2.54,true,false,263
2025-11-27T21:24:28.413099-08:00,read,key_329,1.93,true,false,683
2025-11-27T21:24:28.424355-08:00,read,key_587,2.99,true,false,785
2025-11-27T21:24:28.4355-08:00,read,key_296,1.91,false,false,0
2025-11-27T21:24:28.446647-08:00,read,key_119,2.25,true,false,1477
2025-11-27T21:24:28.457833-08:00,read,key_609,2.79,true,false,990
2025-11-27T21:24:28.468624-08:00,read,key_129,1.87,true,false,875
2025-11-27T21:24:28.479813-08:00,read,key_67,1.86,true,false,1156
2025-11-27T21:24:28.490945-08:00,read,key_681,2.54,true,false,1606
2025-11-27T21:24:28.502439-08:00,read,key_75,2.14,true,false,1523
2025-11-27T21:24:28.512907-08:00,read,key_311,1.44,true,false,1050
2025-11-27T21:24:28.524078-08:00,read,key_530,2.60,true,false,45
2025-11-27T21:24:28.535268-08:00,read,key_305,1.72,true,false,1221
2025-11-27T21:24:28.545935-08:00,read,key_879,1.81,true,false,1566
2025-11-27T21:24:28.557073-08:00,read,key_483,1.76,true,false,1539
2025-11-27T21:24:28.568186-08:00,read,key_7,3.14,true,false,1508
2025-11-27T21:24:28.578846-08:00,read,key_543,2.07,true,false,1455
2025-11-27T21:24:28.590063-08:00,read,key_822,1.47,false,false,0
2025-11-27T21:24:28.624231-08:00,read,key_669,39.65,true,false,976
2025-11-27T21:24:28.602138-08:00,read,key_415,62.99,true,false,1488
2025-11-27T21:24:28.638797-08:00,read,key_118,26.40,true,false,1529
2025-11-27T21:24:28.6499-08:00,read,key_272,15.33,true,false,173
2025-11-27T21:24:28.666588-08:00,read,key_62,3.33,true,false,1061
2025-11-27T21:24:28.6829-08:00,read,key_545,0.73,true,false,873
2025-11-27T21:24:28.694106-08:00,read,key_369,1.76,true,false,1371
2025-11-27T21:24:28.705209-08:00,read,key_359,0.94,true,false,1287
2025-11-27T21:24:28.717813-08:00,read,key_274,1.00,true,false,613
2025-11-27T21:24:28.729391-08:00,read,key_801,0.69,true,false,1565
2025-11-27T21:24:28.740541-08:00,read,key_537,13.90,false,false,0
2025-11-27T21:24:28.751625-08:00,read,key_85,2.84,true,false,1608
2025-11-27T21:24:28.762677-08:00,read,key_292,0.67,true,false,993
2025-11-27T21:24:28.773867-08:00,read,key_206,0.80,true,false,1609
2025-11-27T21:24:28.784753-08:00,read,key_39,0.72,true,false,1574
2025-11-27T21:24:28.79827-08:00,read,key_195,38.17,true,false,1068
2025-11-27T21:24:28.828548-08:00,read,key_411,7.89,true,false,259
2025-11-27T21:24:28.812681-08:00,read,key_971,23.78,true,false,1092
2025-11-27T21:24:28.839189-08:00,read,key_415,0.59,true,false,1488
2025-11-27T21:24:28.849806-08:00,read,key_796,0.61,true,false,1402
2025-11-27T21:24:28.860343-08:00,read,key_8,0.55,true,false,1332
2025-11-27T21:24:28.871416-08:00,read,key_171,0.51,false,false,0
2025-11-27T21:24:28.882495-08:00,read,key_641,0.85,true,false,1337
2025-11-27T21:24:28.893578-08:00,read,key_400,0.95,true,false,1373
2025-11-27T21:24:28.904653-08:00,read,key_115,1.07,true,false,1392
2025-11-27T21:24:28.915707-08:00,read,key_212,0.79,true,false,1392
2025-11-27T21:24:28.92605-08:00,read,key_202,1.00,true,false,1488
2025-11-27T21:24:28.93711-08:00,read,key_664,0.90,true,false,1072
2025-11-27T21:24:28.948182-08:00,read,key_697,0.96,true,false,1216
2025-11-27T21:24:28.959266-08:00,read,key_262,0.82,true,false,604
2025-11-27T21:24:28.970343-08:00,read,key_724,0.89,true,false,898
2025-11-27T21:24:28.981417-08:00,read,key_433,1.01,true,false,1341
2025-11-27T21:24:28.992529-08:00,read,key_292,0.90,true,false,993
2025-11-27T21:24:29.002994-08:00,read,key_831,0.88,true,false,838
2025-11-27T21:24:29.014055-08:00,read,key_721,0.94,true,false,1387
2025-11-27T21:24:29.025141-08:00,read,key_798,41.52,true,false,543
2025-11-27T21:24:29.049719-08:00,read,key_319,16.96,true,false,920
2025-11-27T21:24:29.036253-08:00,read,key_640,30.45,false,false,0
2025-11-27T21:24:29.060804-08:00,read,key_177,5.93,true,false,839
2025-11-27T21:24:29.074281-08:00,read,key_363,3.93,true,false,607
2025-11-27T21:24:29.084873-08:00,read,key_910,0.74,true,false,1381
2025-11-27T21:24:29.095953-08:00,read,key_885,0.65,true,false,1081
2025-11-27T21:24:29.107053-08:00,read,key_697,0.54,true,false,1216
2025-11-27T21:24:29.118249-08:00,read,key_344,1.06,true,false,768
2025-11-27T21:24:29.129343-08:00,read,key_726,1.00,true,false,1386
2025-11-27T21:24:29.139796-08:00,read,key_715,1.26,true,false,1469
2025-11-27T21:24:29.151029-08:00,read,key_689,1.04,true,false,719
2025-11-27T21:24:29.161883-08:00,read,key_326,0.96,true,false,766
2025-11-27T21:24:29.173021-08:00,read,key_238,1.14,true,false,1582
2025-11-27T21:24:29.184139-08:00,read,key_472,1.13,true,false,1513
2025-11-27T21:24:29.195246-08:00,read,key_105,1.04,true,false,864
2025-11-27T21:24:29.20643-08:00,read,key_873,0.94,true,false,1479
2025-11-27T21:24:29.217543-08:00,read,key_356,1.48,true,false,1287
2025-11-27T21:24:29.228286-08:00,read,key_398,0.87,true,false,1542
2025-11-27T21:24:29.239422-08:00,read,key_56,0.97,true,false,1513
2025-11-27T21:24:29.25028-08:00,read,key_542,1.32,true,false,686
2025-11-27T21:24:29.260841-08:00,read,key_935,0.91,false,false,0
2025-11-27T21:24:29.271394-08:00,read,key_284,0.79,true,false,1537
2025-11-27T21:24:29.281922-08:00,read,key_490,1.06,true,false,1255
2025-11-27T21:24:29.292652-08:00,read,key_833,1.35,true,false,1586
2025-11-27T21:24:29.303759-08:00,read,key_191,0.93,false,false,0
2025-11-27T21:24:29.314849-08:00,read,key_783,1.26,true,false,181
2025-11-27T21:24:29.325906-08:00,read,key_543,1.27,true,false,1455
2025-11-27T21:24:29.337057-08:00,read,key_288,1.63,true,false,1272
2025-11-27T21:24:29.348155-08:00,read,key_924,0.99,false,false,0
2025-11-27T21:24:29.359166-08:00,read,key_214,1.72,true,false,1006
2025-11-27T21:24:29.370264-08:00,read,key_352,0.92,true,false,1473
2025-11-27T21:24:29.381455-08:00,read,key_890,1.57,true,false,1122
2025-11-27T21:24:29.391727-08:00,read,key_138,1.29,true,false,1558
2025-11-27T21:24:29.402188-08:00,read,key_766,1.05,true,false,1598
2025-11-27T21:24:29.413259-08:00,read,key_411,1.30,true,false,259
2025-11-27T21:24:29.424405-08:00,read,key_349,1.45,true,false,666
2025-11-27T21:24:29.435552-08:00,read,key_967,1.48,true,false,1521
2025-11-27T21:24:29.446719-08:00,read,key_250,1.42,true,false,1378
2025-11-27T21:24:29.457895-08:00,read,key_470,1.44,true,false,1227
2025-11-27T21:24:29.468512-08:00,read,key_236,2.35,true,false,1547
2025-11-27T21:24:29.479809-08:00,read,key_543,2.54,true,false,1455
2025-11-27T21:24:29.490864-08:00,read,key_778,2.75,true,false,317
2025-11-27T21:24:29.501902-08:00,read,key_359,1.11,true,false,1287
2025-11-27T21:24:29.51228-08:00,read,key_499,8.60,true,false,746
2025-11-27T21:24:29.522581-08:00,read,key_140,0.68,true,false,904
2025-11-27T21:24:29.533896-08:00,read,key_917,1.90,true,false,1436
2025-11-27T21:24:29.545008-08:00,read,key_598,0.81,true,false,460
2025-11-27T21:24:29.555694-08:00,read,key_359,2.30,true,false,1287
2025-11-27T21:24:29.566345-08:00,read,key_937,3.08,true,false,632
2025-11-27T21:24:29.576867-08:00,read,key_314,2.03,true,false,1065
2025-11-27T21:24:29.587269-08:00,read,key_802,2.36,true,false,1249
2025-11-27T21:24:29.597911-08:00,read,key_487,4.66,true,false,1194
2025-11-27T21:24:29.60889-08:00,read,key_239,2.91,true,false,1575
2025-11-27T21:24:29.619862-08:00,read,key_887,1.02,true,false,1400
2025-11-27T21:24:29.631201-08:00,read,key_249,7.97,false,false,0
2025-11-27T21:24:29.642126-08:00,read,key_268,1.41,true,false,499
2025-11-27T21:24:29.654517-08:00,read,key_825,1.20,true,false,769
2025-11-27T21:24:29.66928-08:00,read,key_463,5.67,true,false,1483
2025-11-27T21:24:29.690402-08:00,read,key_313,46.75,true,false,1056
2025-11-27T21:24:29.719307-08:00,read,key_89,18.14,true,false,1364
2025-11-27T21:24:29.70499-08:00,read,key_85,32.74,true,false,1608
2025-11-27T21:24:29.731744-08:00,read,key_528,6.03,true,false,152
2025-11-27T21:24:29.679953-08:00,read,key_124,57.83,true,false,1309
2025-11-27T21:24:29.742662-08:00,read,key_81,0.67,true,false,976
2025-11-27T21:24:29.753234-08:00,read,key_830,0.62,true,false,1382
2025-11-27T21:24:29.76358-08:00,read,key_378,0.65,true,false,1470
2025-11-27T21:24:29.774818-08:00,read,key_391,1.82,true,false,1523
2025-11-27T21:24:29.785925-08:00,read,key_543,0.67,true,false,1455
2025-11-27T21:24:29.79702-08:00,read,key_47,0.90,true,false,1041
2025-11-27T21:24:29.808133-08:00,read,key_619,3.63,true,false,1415
2025-11-27T21:24:29.818526-08:00,read,key_275,1.37,true,false,1356
2025-11-27T21:24:29.829641-08:00,read,key_8,3.57,true,false,1332
2025-11-27T21:24:29.840326-08:00,read,key_967,2.76,true,false,1521
2025-11-27T21:24:29.851186-08:00,read,key_125,1.67,true,false,1326
2025-11-27T21:24:29.890151-08:00,read,key_329,7.96,true,false,683
2025-11-27T21:24:29.869284-08:00,read,key_349,28.85,true,false,666
2025-11-27T21:24:29.900556-08:00,read,key_686,1.19,true,false,880
2025-11-27T21:24:29.911319-08:00,read,key_372,0.69,true,false,530
2025-11-27T21:24:29.922669-08:00,read,key_778,0.92,true,false,317
2025-11-27T21:24:29.933466-08:00,read,key_391,0.69,true,false,1523
2025-11-27T21:24:29.943879-08:00,read,key_468,1.72,true,false,1534
2025-11-27T21:24:29.954189-08:00,read,key_295,4.30,true,false,1016
2025-11-27T21:24:29.965548-08:00,read,key_395,1.94,true,false,750
2025-11-27T21:24:29.977227-08:00,read,key_581,2.47,true,false,1091
2025-11-27T21:24:29.988084-08:00,read,key_241,2.00,true,false,1599
2025-11-27T21:24:29.999391-08:00,read,key_378,5.59,true,false,1470
2025-11-27T21:24:30.010604-08:00,read,key_247,6.17,false,false,0
2025-11-27T21:24:30.021146-08:00,read,key_393,2.65,true,false,567
2025-11-27T21:24:30.031387-08:00,read,key_425,8.58,true,false,1158
2025-11-27T21:24:30.042013-08:00,read,key_299,21.08,true,false,925
2025-11-27T21:24:30.056822-08:00,read,key_466,6.27,true,false,1484
2025-11-27T21:24:30.067662-08:00,read,key_536,0.88,true,false,1321
2025-11-27T21:24:30.078133-08:00,read,key_120,0.91,true,false,1434
2025-11-27T21:24:30.089535-08:00,read,key_478,0.95,true,false,1574
2025-11-27T21:24:30.101504-08:00,read,key_60,2.26,true,false,1132
2025-11-27T21:24:30.112616-08:00,read,key_811,3.44,true,false,1534
2025-11-27T21:24:30.123849-08:00,read,key_124,20.33,true,false,1309
2025-11-27T21:24:30.147473-08:00,read,key_779,0.75,false,false,0
2025-11-27T21:24:30.158754-08:00,read,key_216,1.92,true,false,1430
2025-11-27T21:24:30.170095-08:00,read,key_180,0.72,true,false,1413
2025-11-27T21:24:30.181079-08:00,read,key_619,2.91,true,false,1415
2025-11-27T21:24:30.192085-08:00,read,key_329,7.87,true,false,683
2025-11-27T21:24:30.203054-08:00,read,key_863,2.76,true,false,331
2025-11-27T21:24:30.229062-08:00,read,key_953,9.71,true,false,1178
2025-11-27T21:24:30.216427-08:00,read,key_809,23.43,true,false,1534
2025-11-27T21:24:30.239157-08:00,read,key_250,1.27,true,false,1378
2025-11-27T21:24:30.250156-08:00,read,key_609,1.50,true,false,990
2025-11-27T21:24:30.261425-08:00,read,key_411,1.64,true,false,259
2025-11-27T21:24:30.273219-08:00,read,key_46,1.09,true,false,1212
2025-11-27T21:24:30.285249-08:00,read,key_148,2.42,true,false,1072
2025-11-27T21:24:30.296319-08:00,read,key_245,3.27,true,false,1468
2025-11-27T21:24:30.307409-08:00,read,key_85,4.41,true,false,1608
2025-11-27T21:24:30.318243-08:00,read,key_139,6.17,true,false,1525
2025-11-27T21:24:30.328651-08:00,read,key_268,4.22,true,false,499
2025-11-27T21:24:30.339882-08:00,read,key_834,8.94,true,false,1388
2025-11-27T21:24:30.350625-08:00,read,key_471,1.39,true,false,1235
2025-11-27T21:24:30.361821-08:00,read,key_386,4.03,true,false,1021
2025-11-27T21:24:30.374775-08:00,read,key_962,16.52,true,false,1338
2025-11-27T21:24:30.391042-08:00,read,key_683,2.66,true,false,700
2025-11-27T21:24:30.402022-08:00,read,key_669,0.93,true,false,976
2025-11-27T21:24:30.414733-08:00,read,key_180,1.21,true,false,1413
2025-11-27T21:24:30.424152-08:00,read,key_77,1.20,true,false,1564
2025-11-27T21:24:30.435534-08:00,read,key_427,20.70,true,false,1071
2025-11-27T21:24:30.445982-08:00,read,key_372,10.56,true,false,530
2025-11-27T21:24:30.135415-08:00,write,key_971,321.22,true,false,1619
2025-11-27T21:24:30.456213-08:00,read,key_782,1.02,true,false,1594
2025-11-27T21:24:30.467486-08:00,read,key_438,1.34,true,false,1221
2025-11-27T21:24:30.478796-08:00,read,key_353,3.77,true,false,1547
2025-11-27T21:24:30.48983-08:00,read,key_61,6.03,true,false,1561
2025-11-27T21:24:30.5019-08:00,read,key_56,3.87,true,false,1513
2025-11-27T21:24:30.512867-08:00,read,key_755,7.43,true,false,1567
2025-11-27T21:24:30.52338-08:00,read,key_832,2.79,true,false,761
2025-11-27T21:24:30.534496-08:00,read,key_472,3.39,true,false,1513
2025-11-27T21:24:30.545428-08:00,read,key_323,1.13,true,false,840
2025-11-27T21:24:30.556151-08:00,read,key_422,1.31,true,false,1066
2025-11-27T21:24:30.567954-08:00,read,key_296,6.17,false,false,0
2025-11-27T21:24:30.601875-08:00,read,key_716,8.18,true,false,1482
2025-11-27T21:24:30.578641-08:00,read,key_111,31.45,true,false,1544
2025-11-27T21:24:30.59019-08:00,read,key_385,19.92,false,false,0
2025-11-27T21:24:30.61223-08:00,read,key_379,0.57,true,false,531
2025-11-27T21:24:30.624429-08:00,read,key_335,1.34,false,false,0
2025-11-27T21:24:30.636498-08:00,read,key_799,1.22,true,false,663
2025-11-27T21:24:30.647676-08:00,read,key_214,0.73,true,false,1006
2025-11-27T21:24:30.680819-08:00,read,key_728,7.22,true,false,1193
2025-11-27T21:24:30.669761-08:00,read,key_117,18.31,true,false,1583
2025-11-27T21:24:30.691353-08:00,read,key_530,0.81,true,false,45
2025-11-27T21:24:30.702583-08:00,read,key_629,0.49,true,false,579
2025-11-27T21:24:30.713695-08:00,read,key_554,0.61,true,false,1219
2025-11-27T21:24:30.724774-08:00,read,key_491,8.34,true,false,596
2025-11-27T21:24:30.735164-08:00,read,key_298,9.85,true,false,1507
2025-11-27T21:24:30.74528-08:00,read,key_882,12.92,true,false,1455
2025-11-27T21:24:30.756411-08:00,read,key_464,2.21,true,false,1497
2025-11-27T21:24:30.767525-08:00,read,key_405,14.05,true,false,1545
2025-11-27T21:24:30.778694-08:00,read,key_738,3.05,true,false,168
2025-11-27T21:24:30.789747-08:00,read,key_207,0.45,true,false,1617
2025-11-27T21:24:30.80111-08:00,read,key_349,0.55,true,false,666
2025-11-27T21:24:30.812223-08:00,read,key_490,0.81,true,false,1255
2025-11-27T21:24:30.823393-08:00,read,key_346,3.54,true,false,626
2025-11-27T21:24:30.834183-08:00,read,key_107,2.53,true,false,1435
2025-11-27T21:24:30.845224-08:00,read,key_332,0.95,true,false,663
2025-11-27T21:24:30.856447-08:00,read,key_643,1.50,true,false,585
2025-11-27T21:24:30.867913-08:00,read,key_335,1.44,false,false,0
2025-11-27T21:24:30.879196-08:00,read,key_209,4.52,true,false,1446
2025-11-27T21:24:30.890017-08:00,read,key_968,6.58,true,false,1567
2025-11-27T21:24:30.900632-08:00,read,key_927,2.55,true,false,1452
2025-11-27T21:24:30.911673-08:00,read,key_54,0.84,true,false,1561
2025-11-27T21:24:30.923003-08:00,read,key_137,13.20,true,false,1558
2025-11-27T21:24:30.934168-08:00,read,key_784,8.31,true,false,997
2025-11-27T21:24:30.944483-08:00,read,key_440,0.70,true,false,1041
2025-11-27T21:24:30.956423-08:00,read,key_120,7.98,true,false,1434
2025-11-27T21:24:30.966831-08:00,read,key_223,19.93,true,false,1210
2025-11-27T21:24:30.658771-08:00,write,key_786,328.04,true,false,1620
2025-11-27T21:24:30.978845-08:00,read,key_813,7.99,true,false,1503
2025-11-27T21:24:30.989798-08:00,read,key_324,0.81,true,false,1378
2025-11-27T21:24:31.000898-08:00,read,key_664,0.73,true,false,1072
2025-11-27T21:24:31.011977-08:00,read,key_683,0.80,true,false,700
2025-11-27T21:24:31.022882-08:00,read,key_403,0.80,true,false,1000
2025-11-27T21:24:31.034938-08:00,read,key_457,10.44,true,false,1501
2025-11-27T21:24:31.045312-08:00,read,key_269,0.42,false,false,0
2025-11-27T21:24:31.056485-08:00,read,key_80,0.76,true,false,1005
2025-11-27T21:24:31.069324-08:00,read,key_438,0.81,true,false,1221
2025-11-27T21:24:31.082439-08:00,read,key_775,0.62,true,false,606
2025-11-27T21:24:31.093813-08:00,read,key_540,10.94,true,false,839
2025-11-27T21:24:31.104788-08:00,read,key_733,1.48,true,false,264
2025-11-27T21:24:31.115953-08:00,read,key_65,1.31,false,false,0
2025-11-27T21:24:31.127098-08:00,read,key_237,9.52,true,false,1276
2025-11-27T21:24:31.137281-08:00,read,key_185,4.05,false,false,0
2025-11-27T21:24:31.148143-08:00,read,key_203,2.60,true,false,999
2025-11-27T21:24:31.158374-08:00,read,key_425,2.38,true,false,1158
2025-11-27T21:24:31.16852-08:00,read,key_805,2.07,true,false,1511
2025-11-27T21:24:31.17966-08:00,read,key_535,6.53,true,false,1489
2025-11-27T21:24:31.190312-08:00,read,key_56,0.60,true,false,1513
2025-11-27T21:24:31.201187-08:00,read,key_407,2.87,true,false,1335
2025-11-27T21:24:31.21236-08:00,read,key_592,3.78,true,false,578
2025-11-27T21:24:31.223375-08:00,read,key_456,16.35,true,false,1452
2025-11-27T21:24:31.236104-08:00,read,key_422,3.64,true,false,1066
2025-11-27T21:24:31.247058-08:00,read,key_323,0.72,true,false,840
2025-11-27T21:24:31.258198-08:00,read,key_536,0.78,true,false,1321
2025-11-27T21:24:31.268634-08:00,read,key_279,0.66,true,false,632
2025-11-27T21:24:31.279741-08:00,read,key_965,4.49,true,false,1183
2025-11-27T21:24:31.290041-08:00,read,key_616,3.89,true,false,1451
2025-11-27T21:24:31.300934-08:00,read,key_955,4.44,true,false,1567
2025-11-27T21:24:31.311729-08:00,read,key_492,1.16,true,false,1001
2025-11-27T21:24:31.322827-08:00,read,key_773,1.51,true,false,324
2025-11-27T21:24:31.33357-08:00,read,key_218,1.10,true,false,1318
2025-11-27T21:24:31.344695-08:00,read,key_356,0.87,true,false,1287
2025-11-27T21:24:31.355821-08:00,read,key_556,1.06,true,false,1452
2025-11-27T21:24:31.366764-08:00,read,key_684,1.25,true,false,70
2025-11-27T21:24:31.377612-08:00,read,key_290,0.86,true,false,470
2025-11-27T21:24:31.387974-08:00,read,key_673,0.90,true,false,309
2025-11-27T21:24:31.3991-08:00,read,key_348,0.88,true,false,615
2025-11-27T21:24:31.410166-08:00,read,key_883,0.95,false,false,0
2025-11-27T21:24:31.421321-08:00,read,key_965,1.17,true,false,1183
2025-11-27T21:24:31.431678-08:00,read,key_669,0.97,true,false,976
2025-11-27T21:24:31.442881-08:00,read,key_777,1.16,true,false,916
2025-11-27T21:24:31.453976-08:00,read,key_953,0.84,true,false,1178
2025-11-27T21:24:31.465075-08:00,read,key_483,0.84,true,false,1539
2025-11-27T21:24:31.476116-08:00,read,key_6,1.08,true,false,1290
2025-11-27T21:24:31.48718-08:00,read,key_193,0.87,true,false,1239
2025-11-27T21:24:31.498338-08:00,read,key_552,0.95,true,false,1126
2025-11-27T21:24:31.509474-08:00,read,key_217,1.19,true,false,1302
2025-11-27T21:24:31.519945-08:00,read,key_347,0.96,true,false,858
2025-11-27T21:24:31.531045-08:00,read,key_756,0.95,true,false,1532
2025-11-27T21:24:31.541731-08:00,read,key_962,1.27,true,false,1338
2025-11-27T21:24:31.552571-08:00,read,key_566,0.78,true,false,915
2025-11-27T21:24:31.563497-08:00,read,key_760,0.85,true,false,852
2025-11-27T21:24:31.57462-08:00,read,key_146,1.33,true,false,1125
2025-11-27T21:24:31.584913-08:00,read,key_918,0.86,true,false,717
2025-11-27T21:24:31.596058-08:00,read,key_959,0.98,true,false,1580
2025-11-27T21:24:31.607193-08:00,read,key_975,1.00,true,false,1478
2025-11-27T21:24:31.617671-08:00,read,key_932,1.45,true,false,1004
2025-11-27T21:24:31.628501-08:00,read,key_203,1.01,true,false,999
2025-11-27T21:24:31.638693-08:00,read,key_466,1.14,true,false,1484
2025-11-27T21:24:31.649838-08:00,read,key_595,2.71,true,false,1454
2025-11-27T21:24:31.660827-08:00,read,key_669,1.43,true,false,976
2025-11-27T21:24:31.671604-08:00,read,key_64,1.82,true,false,936
2025-11-27T21:24:31.682762-08:00,read,key_539,2.72,true,false,187
2025-11-27T21:24:31.693828-08:00,read,key_276,1.73,true,false,476
2025-11-27T21:24:31.704637-08:00,read,key_513,2.14,true,false,1031
2025-11-27T21:24:31.715799-08:00,read,key_761,2.83,true,false,1082
2025-11-27T21:24:31.727002-08:00,read,key_617,2.16,true,false,728
2025-11-27T21:24:31.738186-08:00,read,key_397,2.08,true,false,600
2025-11-27T21:24:31.749369-08:00,read,key_185,4.11,false,false,0
2025-11-27T21:24:31.760471-08:00,read,key_402,3.21,true,false,1213
2025-11-27T21:24:31.771164-08:00,read,key_537,1.94,false,false,0
2025-11-27T21:24:31.781676-08:00,read,key_248,3.69,true,false,879
2025-11-27T21:24:31.79324-08:00,read,key_276,2.17,true,false,476
2025-11-27T21:24:31.803551-08:00,read,key_613,2.35,true,false,732
2025-11-27T21:24:31.814746-08:00,read,key_665,2.22,true,false,27
2025-11-27T21:24:31.825983-08:00,read,key_544,2.10,true,false,1451
2025-11-27T21:24:31.837135-08:00,read,key_287,1.97,true,false,1397
2025-11-27T21:24:31.848307-08:00,read,key_393,1.97,true,false,567
2025-11-27T21:24:31.859991-08:00,read,key_492,3.26,true,false,1001
2025-11-27T21:24:31.87141-08:00,read,key_353,2.67,true,false,1547
2025-11-27T21:24:31.882511-08:00,read,key_274,3.25,true,false,613
2025-11-27T21:24:31.89394-08:00,read,key_921,1.82,true,false,818
2025-11-27T21:24:31.90503-08:00,read,key_323,1.75,true,false,840
2025-11-27T21:24:31.915601-08:00,read,key_423,3.13,true,false,718
2025-11-27T21:24:31.926125-08:00,read,key_539,2.29,true,false,187
2025-11-27T21:24:31.937234-08:00,read,key_751,1.99,true,false,1289
2025-11-27T21:24:31.948452-08:00,read,key_820,1.60,false,false,0
2025-11-27T21:24:31.959461-08:00,read,key_471,3.15,true,false,1235
2025-11-27T21:24:31.97073-08:00,read,key_177,2.49,true,false,839
2025-11-27T21:24:31.981663-08:00,read,key_623,3.68,true,false,1187
2025-11-27T21:24:31.9927-08:00,read,key_876,2.91,true,false,1528
2025-11-27T21:24:32.003777-08:00,read,key_334,2.49,true,false,1012
2025-11-27T21:24:32.014363-08:00,read,key_337,3.85,true,false,1163
2025-11-27T21:24:32.025013-08:00,read,key_183,3.62,true,false,1035
2025-11-27T21:24:32.0361-08:00,read,key_838,3.80,true,false,665
2025-11-27T21:24:32.047033-08:00,read,key_380,1.63,true,false,1170
2025-11-27T21:24:32.058256-08:00,read,key_486,2.86,true,false,1362
2025-11-27T21:24:32.069446-08:00,read,key_920,1.46,true,false,159
2025-11-27T21:24:32.079948-08:00,read,key_887,1.67,true,false,1400
2025-11-27T21:24:32.090696-08:00,read,key_596,1.24,false,false,0
2025-11-27T21:24:32.101288-08:00,read,key_453,1.84,true,false,1478
2025-11-27T21:24:32.112431-08:00,read,key_954,1.23,true,false,1472
2025-11-27T21:24:32.122819-08:00,read,key_735,1.03,true,false,180
2025-11-27T21:24:32.133487-08:00,read,key_55,1.85,true,false,1225
2025-11-27T21:24:32.144533-08:00,read,key_220,1.05,true,false,642
2025-11-27T21:24:32.155762-08:00,read,key_863,1.35,true,false,331
2025-11-27T21:24:32.166001-08:00,read,key_717,2.20,true,false,1568
2025-11-27T21:24:32.177078-08:00,read,key_876,1.10,true,false,1528
2025-11-27T21:24:32.187962-08:00,read,key_232,1.50,true,false,1538
2025-11-27T21:24:32.199176-08:00,read,key_551,1.41,true,false,1512
2025-11-27T21:24:32.209422-08:00,read,key_525,2.25,true,false,498
2025-11-27T21:24:32.220577-08:00,read,key_493,1.64,true,false,991
2025-11-27T21:24:32.231711-08:00,read,key_436,1.58,true,false,1338
2025-11-27T21:24:32.24282-08:00,read,key_182,2.14,true,false,1107
2025-11-27T21:24:32.254044-08:00,read,key_702,1.77,true,false,1333
2025-11-27T21:24:32.264365-08:00,read,key_770,12.56,true,false,382
2025-11-27T21:24:32.27662-08:00,read,key_396,0.91,true,false,890
2025-11-27T21:24:32.287752-08:00,read,key_216,1.31,true,false,1430
2025-11-27T21:24:32.298857-08:00,read,key_88,1.68,true,false,1553
2025-11-27T21:24:32.309393-08:00,read,key_460,1.33,true,false,1549
2025-11-27T21:24:32.32051-08:00,read,key_103,1.77,true,false,776
2025-11-27T21:24:32.331625-08:00,read,key_206,1.65,true,false,1609
2025-11-27T21:24:32.342699-08:00,read,key_412,2.01,true,false,1606
2025-11-27T21:24:32.353782-08:00,read,key_520,1.42,true,false,1257
2025-11-27T21:24:32.3649-08:00,read,key_398,1.44,true,false,1542
2025-11-27T21:24:32.376003-08:00,read,key_450,2.32,true,false,1502
2025-11-27T21:24:32.387062-08:00,read,key_496,1.85,true,false,1559
2025-11-27T21:24:32.398154-08:00,read,key_975,2.48,true,false,1478
2025-11-27T21:24:32.409207-08:00,read,key_250,1.24,true,false,1378
2025-11-27T21:24:32.420299-08:00,read,key_762,1.85,true,false,1616
2025-11-27T21:24:32.431382-08:00,read,key_347,2.27,true,false,858
2025-11-27T21:24:32.442447-08:00,read,key_755,1.81,true,false,1567
2025-11-27T21:24:32.452939-08:00,read,key_415,1.73,true,false,1488
2025-11-27T21:24:32.463991-08:00,read,key_299,1.88,true,false,925
2025-11-27T21:24:32.475049-08:00,read,key_181,1.85,true,false,1260
2025-11-27T21:24:32.486103-08:00,read,key_118,1.62,true,false,1529
2025-11-27T21:24:32.497165-08:00,read,key_106,1.76,true,false,1437
2025-11-27T21:24:32.508392-08:00,read,key_154,2.27,true,false,778
2025-11-27T21:24:32.519473-08:00,read,key_430,1.86,true,false,1149
2025-11-27T21:24:32.529892-08:00,read,key_977,2.07,true,false,821
2025-11-27T21:24:32.54115-08:00,read,key_110,1.36,true,false,1370
2025-11-27T21:24:32.552092-08:00,read,key_83,1.64,true,false,1405
2025-11-27T21:24:32.563388-08:00,read,key_127,2.10,true,false,983
2025-11-27T21:24:32.574645-08:00,read,key_567,2.56,true,false,1551
2025-11-27T21:24:32.585725-08:00,read,key_973,2.14,true,false,1246
2025-11-27T21:24:32.596854-08:00,read,key_719,2.11,true,false,1542
2025-11-27T21:24:32.608081-08:00,read,key_953,2.11,true,false,1178
2025-11-27T21:24:32.619261-08:00,read,key_976,2.01,true,false,1371
2025-11-27T21:24:32.630206-08:00,read,key_189,1.97,false,false,0
2025-11-27T21:24:32.641392-08:00,read,key_464,3.57,true,false,1497
2025-11-27T21:24:32.651816-08:00,read,key_244,2.00,true,false,1209
2025-11-27T21:24:32.662976-08:00,read,key_405,1.64,true,false,1545
2025-11-27T21:24:32.674167-08:00,read,key_51,1.51,true,false,1250
2025-11-27T21:24:32.684855-08:00,read,key_542,2.55,true,false,686
2025-11-27T21:24:32.695979-08:00,read,key_371,1.91,true,false,1563
2025-11-27T21:24:32.707136-08:00,read,key_7,1.99,true,false,1508
2025-11-27T21:24:32.71831-08:00,read,key_778,2.18,true,false,317
2025-11-27T21:24:32.729331-08:00,read,key_274,1.89,true,false,613
2025-11-27T21:24:32.740467-08:00,read,key_174,4.35,false,false,0
2025-11-27T21:24:32.751951-08:00,read,key_65,1.70,false,false,0
2025-11-27T21:24:32.763132-08:00,read,key_185,1.81,false,false,0
2025-11-27T21:24:32.774271-08:00,read,key_346,2.70,true,false,626
2025-11-27T21:24:32.785624-08:00,read,key_277,1.83,true,false,154
2025-11-27T21:24:32.796759-08:00,read,key_270,1.67,true,false,522
2025-11-27T21:24:32.807958-08:00,read,key_114,5.03,true,false,1290
2025-11-27T21:24:32.818854-08:00,read,key_886,2.11,true,false,1482
2025-11-27T21:24:32.830026-08:00,read,key_275,1.87,true,false,1356
2025-11-27T21:24:32.84124-08:00,read,key_431,1.71,true,false,822
2025-11-27T21:24:32.852667-08:00,read,key_8,2.08,true,false,1332
2025-11-27T21:24:32.863334-08:00,read,key_781,1.72,true,false,699
2025-11-27T21:24:32.874526-08:00,read,key_80,3.51,true,false,1005
2025-11-27T21:24:32.885573-08:00,read,key_54,3.68,true,false,1561
2025-11-27T21:24:32.896482-08:00,read,key_834,4.01,true,false,1388
2025-11-27T21:24:32.907798-08:00,read,key_975,2.61,true,false,1478
2025-11-27T21:24:32.918931-08:00,read,key_184,1.79,true,false,1447
2025-11-27T21:24:32.929781-08:00,read,key_834,1.83,true,false,1388
2025-11-27T21:24:32.940684-08:00,read,key_416,1.93,true,false,891
2025-11-27T21:24:32.952121-08:00,read,key_117,1.74,true,false,1583
2025-11-27T21:24:32.963296-08:00,read,key_400,1.99,true,false,1373
2025-11-27T21:24:32.974487-08:00,read,key_819,2.88,false,false,0
2025-11-27T21:24:32.985522-08:00,read,key_664,1.90,true,false,1072
2025-11-27T21:24:32.995937-08:00,read,key_959,2.06,true,false,1580
2025-11-27T21:24:33.007064-08:00,read,key_268,1.54,true,false,499
2025-11-27T21:24:33.017862-08:00,read,key_195,1.70,true,false,1068
2025-11-27T21:24:33.029058-08:00,read,key_33,1.80,true,false,1425
2025-11-27T21:24:33.039298-08:00,read,key_780,1.69,true,false,623
2025-11-27T21:24:33.050469-08:00,read,key_610,2.13,true,false,1408
2025-11-27T21:24:33.061636-08:00,read,key_959,1.88,true,false,1580
2025-11-27T21:24:33.072803-08:00,read,key_972,1.55,true,false,1198
2025-11-27T21:24:33.083772-08:00,read,key_453,1.96,true,false,1478
2025-11-27T21:24:33.094089-08:00,read,key_526,1.63,true,false,1529
2025-11-27T21:24:33.105274-08:00,read,key_795,1.76,true,false,907
2025-11-27T21:24:33.115883-08:00,read,key_128,8.17,true,false,945
2025-11-27T21:24:33.126621-08:00,read,key_427,2.79,true,false,1071
2025-11-27T21:24:33.13728-08:00,read,key_682,1.87,true,false,542
2025-11-27T21:24:33.148448-08:00,read,key_977,2.21,true,false,821
2025-11-27T21:24:33.159959-08:00,read,key_716,2.04,true,false,1482
2025-11-27T21:24:33.170961-08:00,read,key_720,1.94,true,false,905
2025-11-27T21:24:33.182003-08:00,read,key_887,2.17,true,false,1400
2025-11-27T21:24:33.192892-08:00,read,key_135,1.68,true,false,1530
2025-11-27T21:24:33.20401-08:00,read,key_814,1.93,true,false,1578
2025-11-27T21:24:33.215177-08:00,read,key_351,2.04,true,false,1333
2025-11-27T21:24:33.226448-08:00,read,key_426,2.84,true,false,624
2025-11-27T21:24:33.2375-08:00,read,key_876,1.81,true,false,1528
2025-11-27T21:24:33.248666-08:00,read,key_662,1.89,true,false,1171
2025-11-27T21:24:33.259223-08:00,read,key_448,2.02,true,false,1403
2025-11-27T21:24:33.27039-08:00,read,key_754,1.81,true,false,1308
2025-11-27T21:24:33.281591-08:00,read,key_67,2.52,true,false,1156
2025-11-27T21:24:33.292944-08:00,read,key_798,2.55,true,false,543
2025-11-27T21:24:33.304016-08:00,read,key_526,2.11,true,false,1529
2025-11-27T21:24:33.315198-08:00,read,key_177,2.93,true,false,839
2025-11-27T21:24:33.326526-08:00,read,key_818,2.02,true,false,1402
2025-11-27T21:24:33.337592-08:00,read,key_849,1.85,true,false,1118
2025-11-27T21:24:33.34859-08:00,read,key_732,1.92,true,false,13
2025-11-27T21:24:33.359953-08:00,read,key_785,1.81,true,false,280
2025-11-27T21:24:33.370935-08:00,read,key_706,1.09,true,false,1460
2025-11-27T21:24:33.382127-08:00,read,key_795,1.69,true,false,907
2025-11-27T21:24:33.393353-08:00,read,key_326,2.18,true,false,766
2025-11-27T21:24:33.403959-08:00,read,key_703,1.72,true,false,90
2025-11-27T21:24:33.415133-08:00,read,key_4,1.71,true,false,1353
2025-11-27T21:24:33.426525-08:00,read,key_537,1.96,false,false,0
2025-11-27T21:24:33.437656-08:00,read,key_557,1.96,true,false,1576
2025-11-27T21:24:33.448857-08:00,read,key_132,1.83,true,false,1557
2025-11-27T21:24:33.459717-08:00,read,key_394,1.78,false,false,0
2025-11-27T21:24:33.470175-08:00,read,key_887,1.88,true,false,1400
2025-11-27T21:24:33.481511-08:00,read,key_320,1.69,true,false,1591
2025-11-27T21:24:33.494727-08:00,read,key_52,3.06,true,false,1398
2025-11-27T21:24:33.505723-08:00,read,key_314,1.63,true,false,1065
2025-11-27T21:24:33.518062-08:00,read,key_807,1.64,true,false,1585
2025-11-27T21:24:33.528717-08:00,read,key_54,1.63,true,false,1561
2025-11-27T21:24:33.539861-08:00,read,key_34,1.79,true,false,1343
2025-11-27T21:24:33.550474-08:00,read,key_347,1.97,true,false,858
2025-11-27T21:24:33.561454-08:00,read,key_121,1.46,true,false,821
2025-11-27T21:24:33.57251-08:00,read,key_479,1.82,true,false,1402
2025-11-27T21:24:33.582664-08:00,read,key_543,1.69,true,false,1455
2025-11-27T21:24:33.593415-08:00,read,key_445,2.45,true,false,1560
2025-11-27T21:24:33.604556-08:00,read,key_349,1.97,true,false,666
2025-11-27T21:24:33.615716-08:00,read,key_260,1.69,false,false,0
2025-11-27T21:24:33.626983-08:00,read,key_160,1.57,true,false,1498
2025-11-27T21:24:33.63836-08:00,read,key_207,1.94,true,false,1617
2025-11-27T21:24:33.649578-08:00,read,key_411,3.88,true,false,259
2025-11-27T21:24:33.660061-08:00,read,key_963,2.78,true,false,1537
2025-11-27T21:24:33.682291-08:00,read,key_117,5.47,true,false,1583
2025-11-27T21:24:33.671258-08:00,read,key_312,16.52,true,false,1026
2025-11-27T21:24:33.693021-08:00,read,key_681,0.74,true,false,1606
2025-11-27T21:24:33.703462-08:00,read,key_911,0.70,true,false,761
2025-11-27T21:24:33.714546-08:00,read,key_0,0.80,true,false,1515
2025-11-27T21:24:33.725785-08:00,read,key_976,1.71,true,false,1371
2025-11-27T21:24:33.736971-08:00,read,key_453,1.77,true,false,1478
2025-11-27T21:24:33.748132-08:00,read,key_552,3.79,true,false,1126
2025-11-27T21:24:33.759012-08:00,read,key_441,2.07,true,false,1544
2025-11-27T21:24:33.770097-08:00,read,key_276,2.05,true,false,476
2025-11-27T21:24:33.78071-08:00,read,key_883,3.49,false,false,0
2025-11-27T21:24:33.791771-08:00,read,key_345,3.36,true,false,859
2025-11-27T21:24:33.802821-08:00,read,key_804,1.27,true,false,1476
2025-11-27T21:24:33.81431-08:00,read,key_897,7.00,true,false,1152
2025-11-27T21:24:33.824881-08:00,read,key_925,2.98,true,false,889
2025-11-27T21:24:33.835966-08:00,read,key_973,2.51,true,false,1246
2025-11-27T21:24:33.846696-08:00,read,key_917,1.97,true,false,1436
2025-11-27T21:24:33.857868-08:00,read,key_805,3.52,true,false,1511
2025-11-27T21:24:33.868773-08:00,read,key_660,1.44,true,false,1141
2025-11-27T21:24:33.879528-08:00,read,key_32,1.63,true,false,1577
2025-11-27T21:24:33.890351-08:00,read,key_136,1.70,true,false,1431
2025-11-27T21:24:33.900929-08:00,read,key_983,1.64,true,false,1339
2025-11-27T21:24:33.912022-08:00,read,key_197,0.88,false,false,0
2025-11-27T21:24:33.922376-08:00,read,key_462,1.32,true,false,1562
2025-11-27T21:24:33.933673-08:00,read,key_105,2.37,true,false,864
2025-11-27T21:24:33.944753-08:00,read,key_513,1.22,true,false,1031
2025-11-27T21:24:33.95633-08:00,read,key_350,2.20,true,false,1163
2025-11-27T21:24:33.966796-08:00,read,key_714,1.49,true,false,1474
2025-11-27T21:24:33.977901-08:00,read,key_449,1.40,true,false,1393
2025-11-27T21:24:33.989001-08:00,read,key_719,1.37,true,false,1542
2025-11-27T21:24:34.00008-08:00,read,key_422,1.56,true,false,1066
2025-11-27T21:24:34.011254-08:00,read,key_516,3.38,true,false,1273
2025-11-27T21:24:34.022169-08:00,read,key_6,1.30,true,false,1290
2025-11-27T21:24:34.033273-08:00,read,key_204,1.53,true,false,1576
2025-11-27T21:24:34.044356-08:00,read,key_939,1.36,true,false,730
2025-11-27T21:24:34.055454-08:00,read,key_594,1.45,false,false,0
2025-11-27T21:24:34.066549-08:00,read,key_518,1.10,true,false,736
2025-11-27T21:24:34.077616-08:00,read,key_555,1.24,true,false,1577
2025-11-27T21:24:34.088708-08:00,read,key_412,1.23,true,false,1606
2025-11-27T21:24:34.099551-08:00,read,key_106,1.28,true,false,1437
2025-11-27T21:24:34.1106-08:00,read,key_176,1.39,true,false,1596
2025-11-27T21:24:34.121728-08:00,read,key_148,1.17,true,false,1072
2025-11-27T21:24:34.132784-08:00,read,key_729,1.00,true,false,607
2025-11-27T21:24:34.143837-08:00,read,key_45,1.10,true,false,1251
2025-11-27T21:24:34.154889-08:00,read,key_103,1.06,true,false,776
2025-11-27T21:24:34.165966-08:00,read,key_348,1.26,true,false,615
2025-11-27T21:24:34.177061-08:00,read,key_765,1.10,true,false,1365
2025-11-27T21:24:34.188108-08:00,read,key_592,1.25,true,false,578
2025-11-27T21:24:34.199195-08:00,read,key_375,1.41,true,false,1025
2025-11-27T21:24:34.210259-08:00,read,key_594,1.74,false,false,0
2025-11-27T21:24:34.221489-08:00,read,key_289,1.76,true,false,1315
2025-11-27T21:24:34.232499-08:00,read,key_38,2.00,true,false,1532
2025-11-27T21:24:34.243572-08:00,read,key_491,1.44,true,false,596
2025-11-27T21:24:34.253747-08:00,read,key_210,1.78,true,false,990
2025-11-27T21:24:34.264834-08:00,read,key_408,1.57,true,false,1366
2025-11-27T21:24:34.275995-08:00,read,key_474,1.20,true,false,1570
2025-11-27T21:24:34.286355-08:00,read,key_417,1.96,true,false,693
2025-11-27T21:24:34.297656-08:00,read,key_742,1.96,true,false,845
2025-11-27T21:24:34.309606-08:00,read,key_59,3.06,true,false,1479
2025-11-27T21:24:34.320697-08:00,read,key_259,2.53,true,false,1364
2025-11-27T21:24:34.331973-08:00,read,key_707,2.86,true,false,1474
2025-11-27T21:24:34.343037-08:00,read,key_835,2.64,true,false,1143
2025-11-27T21:24:34.353925-08:00,read,key_777,2.39,true,false,916
2025-11-27T21:24:34.365041-08:00,read,key_667,3.95,true,false,861
2025-11-27T21:24:34.375756-08:00,read,key_308,3.48,true,false,1614
2025-11-27T21:24:34.386749-08:00,read,key_453,1.88,true,false,1478
2025-11-27T21:24:34.397077-08:00,read,key_430,2.06,true,false,1149
2025-11-27T21:24:34.408309-08:00,read,key_245,2.60,true,false,1468
2025-11-27T21:24:34.419798-08:00,read,key_449,3.74,true,false,1393
2025-11-27T21:24:34.43024-08:00,read,key_137,1.70,true,false,1558
2025-11-27T21:24:34.440672-08:00,read,key_453,1.70,true,false,1478
2025-11-27T21:24:34.452098-08:00,read,key_173,2.01,true,false,111
2025-11-27T21:24:34.46324-08:00,read,key_323,1.90,true,false,840
2025-11-27T21:24:34.473474-08:00,read,key_543,2.07,true,false,1455
2025-11-27T21:24:34.48473-08:00,read,key_333,2.75,true,false,1184
2025-11-27T21:24:34.494978-08:00,read,key_34,1.88,true,false,1343
2025-11-27T21:24:34.506118-08:00,read,key_217,1.97,true,false,1302
2025-11-27T21:24:34.51676-08:00,read,key_559,2.73,true,false,627
2025-11-27T21:24:34.527849-08:00,read,key_483,1.99,true,false,1539
2025-11-27T21:24:34.538133-08:00,read,key_162,2.07,true,false,1545
2025-11-27T21:24:34.54848-08:00,read,key_581,2.25,true,false,1091
2025-11-27T21:24:34.558929-08:00,read,key_721,4.17,true,false,1387
2025-11-27T21:24:34.569942-08:00,read,key_772,1.98,false,false,0
2025-11-27T21:24:34.581113-08:00,read,key_217,1.73,true,false,1302
2025-11-27T21:24:34.592297-08:00,read,key_237,2.46,true,false,1276
2025-11-27T21:24:34.603413-08:00,read,key_522,1.86,true,false,1171
2025-11-27T21:24:34.614722-08:00,read,key_292,2.29,true,false,993
2025-11-27T21:24:34.62718-08:00,read,key_268,2.06,true,false,499
2025-11-27T21:24:34.638703-08:00,read,key_755,3.88,true,false,1567
2025-11-27T21:24:34.649599-08:00,read,key_390,2.79,true,false,1537
2025-11-27T21:24:34.660668-08:00,read,key_591,1.82,true,false,1499
2025-11-27T21:24:34.671743-08:00,read,key_236,2.22,true,false,1547
2025-11-27T21:24:34.682893-08:00,read,key_120,2.92,true,false,1434
2025-11-27T21:24:34.694001-08:00,read,key_67,2.06,true,false,1156
2025-11-27T21:24:34.705274-08:00,read,key_902,1.75,true,false,1541
2025-11-27T21:24:34.716432-08:00,read,key_618,3.72,true,false,1545
2025-11-27T21:24:34.726632-08:00,read,key_640,2.11,false,false,0
2025-11-27T21:24:34.737216-08:00,read,key_80,1.91,true,false,1005
2025-11-27T21:24:34.748405-08:00,read,key_955,2.10,true,false,1567
2025-11-27T21:24:34.759963-08:00,read,key_900,3.39,true,false,815
2025-11-27T21:24:34.770941-08:00,read,key_803,2.22,true,false,1540
2025-11-27T21:24:34.782071-08:00,read,key_144,1.99,true,false,1103
2025-11-27T21:24:34.793202-08:00,read,key_814,2.50,true,false,1578
2025-11-27T21:24:34.804148-08:00,read,key_613,2.35,true,false,732
2025-11-27T21:24:34.81482-08:00,read,key_357,1.87,true,false,1233
2025-11-27T21:24:34.826342-08:00,read,key_319,1.82,true,false,920
2025-11-27T21:24:34.837494-08:00,read,key_831,2.08,true,false,838
2025-11-27T21:24:34.848219-08:00,read,key_835,1.48,true,false,1143
2025-11-27T21:24:34.859936-08:00,read,key_415,1.98,true,false,1488
2025-11-27T21:24:34.871062-08:00,read,key_950,2.31,true,false,1085
2025-11-27T21:24:34.881407-08:00,read,key_48,1.87,true,false,1086
2025-11-27T21:24:34.893117-08:00,read,key_415,2.07,true,false,1488
2025-11-27T21:24:34.9044-08:00,read,key_688,2.03,true,false,853
2025-11-27T21:24:34.915589-08:00,read,key_247,1.70,false,false,0
2025-11-27T21:24:34.927225-08:00,read,key_880,1.77,true,false,1089
2025-11-27T21:24:34.948493-08:00,read,key_895,1.79,true,false,1287
2025-11-27T21:24:34.959478-08:00,read,key_257,3.20,true,false,1539
2025-11-27T21:24:34.970006-08:00,read,key_356,1.69,true,false,1287
2025-11-27T21:24:34.980302-08:00,read,key_951,2.45,true,false,1506
2025-11-27T21:24:34.991405-08:00,read,key_51,2.59,true,false,1250
2025-11-27T21:24:35.003627-08:00,read,key_765,1.90,true,false,1365
2025-11-27T21:24:35.014918-08:00,read,key_247,1.40,false,false,0
2025-11-27T21:24:35.02618-08:00,read,key_374,2.76,true,false,1157
2025-11-27T21:24:35.037235-08:00,read,key_749,2.16,true,false,891
2025-11-27T21:24:35.048373-08:00,read,key_230,3.12,true,false,1448
2025-11-27T21:24:35.059448-08:00,read,key_113,2.47,true,false,1561
2025-11-27T21:24:35.070577-08:00,read,key_591,1.71,true,false,1499
2025-11-27T21:24:35.081738-08:00,read,key_455,2.23,true,false,1548
2025-11-27T21:24:35.093348-08:00,read,key_180,1.61,true,false,1413
2025-11-27T21:24:35.104312-08:00,read,key_416,1.69,true,false,891
2025-11-27T21:24:35.114841-08:00,read,key_832,1.40,true,false,761
2025-11-27T21:24:35.126626-08:00,read,key_925,1.49,true,false,889
2025-11-27T21:24:35.137643-08:00,read,key_595,1.76,true,false,1454
2025-11-27T21:24:35.148476-08:00,read,key_67,1.48,true,false,1156
2025-11-27T21:24:35.159997-08:00,read,key_249,1.20,false,false,0
2025-11-27T21:24:35.171004-08:00,read,key_461,1.83,true,false,1566
2025-11-27T21:24:35.182615-08:00,read,key_774,2.41,true,false,395
2025-11-27T21:24:35.203984-08:00,read,key_596,1.60,false,false,0
2025-11-27T21:24:35.214623-08:00,read,key_871,1.65,true,false,1327
2025-11-27T21:24:35.22591-08:00,read,key_160,2.00,true,false,1498
2025-11-27T21:24:35.236623-08:00,read,key_820,1.39,false,false,0
2025-11-27T21:24:34.938197-08:00,write,key_70,309.65,true,false,1621
2025-11-27T21:24:35.247746-08:00,read,key_119,1.00,true,false,1477
2025-11-27T21:24:35.258918-08:00,read,key_769,3.65,true,false,1573
2025-11-27T21:24:35.269887-08:00,read,key_882,1.61,true,false,1455
2025-11-27T21:24:35.28105-08:00,read,key_957,1.64,true,false,1311
2025-11-27T21:24:35.292261-08:00,read,key_625,2.12,true,false,1186
2025-11-27T21:24:35.303382-08:00,read,key_611,1.80,true,false,1467
2025-11-27T21:24:35.314531-08:00,read,key_287,1.59,true,false,1397
2025-11-27T21:24:35.325276-08:00,read,key_523,1.93,true,false,993
2025-11-27T21:24:35.336511-08:00,read,key_351,1.70,true,false,1333
2025-11-27T21:24:35.347674-08:00,read,key_491,1.85,true,false,596
2025-11-27T21:24:35.358599-08:00,read,key_783,1.98,true,false,181
2025-11-27T21:24:35.369742-08:00,read,key_405,1.72,true,false,1545
2025-11-27T21:24:35.380926-08:00,read,key_482,1.68,true,false,1226
2025-11-27T21:24:35.391903-08:00,read,key_558,3.10,true,false,1486
2025-11-27T21:24:35.402675-08:00,read,key_922,1.72,true,false,616
2025-11-27T21:24:35.413123-08:00,read,key_345,1.72,true,false,859
2025-11-27T21:24:35.424282-08:00,read,key_956,2.14,true,false,1418
2025-11-27T21:24:35.434548-08:00,read,key_438,1.55,true,false,1221
2025-11-27T21:24:35.445712-08:00,read,key_103,2.03,true,false,776
2025-11-27T21:24:35.456549-08:00,read,key_203,1.39,true,false,999
2025-11-27T21:24:35.468098-08:00,read,key_400,2.35,true,false,1373
2025-11-27T21:24:35.479192-08:00,read,key_201,1.83,true,false,1612
2025-11-27T21:24:35.490338-08:00,read,key_371,1.99,true,false,1563
2025-11-27T21:24:35.192819-08:00,write,key_703,307.01,true,false,1621
2025-11-27T21:24:35.500572-08:00,read,key_429,1.78,true,false,1160
2025-11-27T21:24:35.511323-08:00,read,key_246,1.81,true,false,1483
2025-11-27T21:24:35.522471-08:00,read,key_391,1.82,true,false,1523
2025-11-27T21:24:35.532943-08:00,read,key_449,2.77,true,false,1393
2025-11-27T21:24:35.543998-08:00,read,key_881,1.74,true,false,1459
2025-11-27T21:24:35.554801-08:00,read,key_115,1.86,true,false,1392
2025-11-27T21:24:35.565772-08:00,read,key_478,2.43,true,false,1574
2025-11-27T21:24:35.577018-08:00,read,key_296,1.85,false,false,0
2025-11-27T21:24:35.588141-08:00,read,key_548,1.49,true,false,905
2025-11-27T21:24:35.599322-08:00,read,key_67,2.74,true,false,1156
2025-11-27T21:24:35.610409-08:00,read,key_212,1.69,true,false,1392
2025-11-27T21:24:35.621447-08:00,read,key_751,1.60,true,false,1289
2025-11-27T21:24:35.632537-08:00,read,key_491,3.00,true,false,596
2025-11-27T21:24:35.643508-08:00,read,key_70,1.39,true,false,1621
2025-11-27T21:24:35.654303-08:00,read,key_325,1.62,true,false,753
2025-11-27T21:24:35.665441-08:00,read,key_39,2.77,true,false,1574
2025-11-27T21:24:35.676107-08:00,read,key_298,2.22,true,false,1507
2025-11-27T21:24:35.686966-08:00,read,key_830,1.56,true,false,1382
2025-11-27T21:24:35.698125-08:00,read,key_325,1.67,true,false,753
2025-11-27T21:24:35.709656-08:00,read,key_497,1.66,true,false,1025
2025-11-27T21:24:35.720859-08:00,read,key_894,1.97,false,false,0
2025-11-27T21:24:35.732034-08:00,read,key_796,1.79,true,false,1402
2025-11-27T21:24:35.743251-08:00,read,key_597,2.14,true,false,231
2025-11-27T21:24:35.754387-08:00,read,key_297,2.13,true,false,924
2025-11-27T21:24:35.765465-08:00,read,key_931,2.06,true,false,999
2025-11-27T21:24:35.776361-08:00,read,key_311,2.09,true,false,1050
2025-11-27T21:24:35.787466-08:00,read,key_326,1.69,true,false,766
2025-11-27T21:24:35.798631-08:00,read,key_83,1.55,true,false,1405
2025-11-27T21:24:35.809334-08:00,read,key_757,1.69,true,false,1602
2025-11-27T21:24:35.820478-08:00,read,key_950,1.52,true,false,1085
2025-11-27T21:24:35.830956-08:00,read,key_526,1.53,true,false,1529
2025-11-27T21:24:35.841314-08:00,read,key_430,2.57,true,false,1149
2025-11-27T21:24:35.852374-08:00,read,key_551,1.45,true,false,1512
2025-11-27T21:24:35.862717-08:00,read,key_967,1.62,true,false,1521
2025-11-27T21:24:35.873906-08:00,read,key_469,2.36,true,false,1573
2025-11-27T21:24:35.88532-08:00,read,key_612,1.93,true,false,905
2025-11-27T21:24:35.896482-08:00,read,key_769,1.92,true,false,1573
2025-11-27T21:24:35.907417-08:00,read,key_382,2.65,true,false,88
2025-11-27T21:24:35.918484-08:00,read,key_84,1.56,true,false,1368
2025-11-27T21:24:35.929639-08:00,read,key_79,2.03,true,false,1571
2025-11-27T21:24:35.939856-08:00,read,key_971,1.49,true,false,1619
2025-11-27T21:24:35.950217-08:00,read,key_512,2.08,true,false,841
2025-11-27T21:24:35.961367-08:00,read,key_449,1.61,true,false,1393
2025-11-27T21:24:35.97219-08:00,read,key_492,1.85,true,false,1001
2025-11-27T21:24:35.98343-08:00,read,key_427,2.93,true,false,1071
2025-11-27T21:24:35.994428-08:00,read,key_526,1.50,true,false,1529
2025-11-27T21:24:36.005596-08:00,read,key_957,1.69,true,false,1311
2025-11-27T21:24:36.016121-08:00,read,key_32,2.31,true,false,1577
2025-11-27T21:24:36.026926-08:00,read,key_315,2.32,true,false,906
2025-11-27T21:24:36.038075-08:00,read,key_489,2.23,true,false,1390
2025-11-27T21:24:36.049232-08:00,read,key_343,3.40,true,false,1506
2025-11-27T21:24:36.060188-08:00,read,key_766,2.02,true,false,1598
2025-11-27T21:24:36.071182-08:00,read,key_189,1.65,false,false,0
2025-11-27T21:24:36.082295-08:00,read,key_77,1.51,true,false,1564
2025-11-27T21:24:36.104321-08:00,read,key_16,1.87,false,false,0
2025-11-27T21:24:36.115485-08:00,read,key_92,3.11,true,false,1514
2025-11-27T21:24:36.126399-08:00,read,key_53,0.99,true,false,1535
2025-11-27T21:24:36.136607-08:00,read,key_973,0.76,true,false,1246
2025-11-27T21:24:36.14778-08:00,read,key_953,2.97,true,false,1178
2025-11-27T21:24:36.15887-08:00,read,key_967,0.79,true,false,1521
2025-11-27T21:24:36.170037-08:00,read,key_533,0.67,true,false,571
2025-11-27T21:24:36.181272-08:00,read,key_780,0.87,true,false,623
2025-11-27T21:24:36.191652-08:00,read,key_977,0.81,true,false,821
2025-11-27T21:24:36.202483-08:00,read,key_808,1.02,true,false,1570
2025-11-27T21:24:36.21372-08:00,read,key_867,0.91,true,false,1256
2025-11-27T21:24:36.223861-08:00,read,key_922,0.73,true,false,616
2025-11-27T21:24:36.234452-08:00,read,key_141,0.98,true,false,656
2025-11-27T21:24:36.245566-08:00,read,key_65,0.76,false,false,0
2025-11-27T21:24:36.25671-08:00,read,key_56,0.89,true,false,1513
2025-11-27T21:24:36.268628-08:00,read,key_42,4.31,true,false,1252
2025-11-27T21:24:36.279438-08:00,read,key_593,2.22,true,false,883
2025-11-27T21:24:36.290573-08:00,read,key_327,5.79,true,false,1474
2025-11-27T21:24:36.302407-08:00,read,key_771,2.87,false,false,0
2025-11-27T21:24:36.313454-08:00,read,key_622,2.48,true,false,1150
2025-11-27T21:24:36.324596-08:00,read,key_323,3.23,true,false,840
2025-11-27T21:24:36.335552-08:00,read,key_851,5.90,true,false,1527
2025-11-27T21:24:36.34606-08:00,read,key_758,0.88,true,false,1401
2025-11-27T21:24:36.357276-08:00,read,key_826,5.85,true,false,860
2025-11-27T21:24:36.368185-08:00,read,key_234,4.58,true,false,1447
2025-11-27T21:24:36.379044-08:00,read,key_487,3.16,true,false,1194
2025-11-27T21:24:36.390095-08:00,read,key_74,2.88,true,false,1510
2025-11-27T21:24:36.093418-08:00,write,key_289,305.51,true,false,1622
2025-11-27T21:24:36.400429-08:00,read,key_821,1.62,true,false,855
2025-11-27T21:24:36.411284-08:00,read,key_781,1.96,true,false,699
2025-11-27T21:24:36.422468-08:00,read,key_953,2.76,true,false,1178
2025-11-27T21:24:36.433615-08:00,read,key_886,3.08,true,false,1482
2025-11-27T21:24:36.444754-08:00,read,key_39,2.59,true,false,1574
2025-11-27T21:24:36.455861-08:00,read,key_126,2.04,true,false,991
2025-11-27T21:24:36.466994-08:00,read,key_594,2.41,false,false,0
2025-11-27T21:24:36.478116-08:00,read,key_408,1.82,true,false,1366
2025-11-27T21:24:36.489325-08:00,read,key_484,2.69,true,false,1481
2025-11-27T21:24:36.499745-08:00,read,key_331,1.92,true,false,1200
2025-11-27T21:24:36.510875-08:00,read,key_119,1.76,true,false,1477
2025-11-27T21:24:36.521355-08:00,read,key_888,2.01,true,false,731
2025-11-27T21:24:36.532325-08:00,read,key_543,1.65,true,false,1455
2025-11-27T21:24:36.543458-08:00,read,key_665,3.17,true,false,27
2025-11-27T21:24:36.554537-08:00,read,key_582,2.41,true,false,710
2025-11-27T21:24:36.565459-08:00,read,key_469,1.68,true,false,1573
2025-11-27T21:24:36.576977-08:00,read,key_467,1.77,true,false,1519
2025-11-27T21:24:36.587696-08:00,read,key_54,2.75,true,false,1561
2025-11-27T21:24:36.598742-08:00,read,key_889,3.57,true,false,633
2025-11-27T21:24:36.60973-08:00,read,key_255,2.68,true,false,1482
2025-11-27T21:24:36.620824-08:00,read,key_642,2.01,true,false,344
2025-11-27T21:24:36.631968-08:00,read,key_916,2.50,true,false,1241
2025-11-27T21:24:36.643059-08:00,read,key_384,2.08,true,false,830
2025-11-27T21:24:36.654331-08:00,read,key_316,2.35,true,false,926
2025-11-27T21:24:36.665393-08:00,read,key_315,1.36,true,false,906
2025-11-27T21:24:36.676573-08:00,read,key_132,1.78,true,false,1557
2025-11-27T21:24:36.68767-08:00,read,key_550,1.96,true,false,697
2025-11-27T21:24:36.698859-08:00,read,key_734,1.44,false,false,0
2025-11-27T21:24:36.724789-08:00,read,key_380,4.93,true,false,1170
2025-11-27T21:24:36.710919-08:00,read,key_804,18.80,true,false,1476
2025-11-27T21:24:36.743211-08:00,read,key_987,0.75,true,false,990
2025-11-27T21:24:36.754388-08:00,read,key_458,0.65,true,false,1574
2025-11-27T21:24:36.765821-08:00,read,key_545,7.38,true,false,873
2025-11-27T21:24:36.77743-08:00,read,key_968,5.32,true,false,1567
2025-11-27T21:24:36.787918-08:00,read,key_832,8.38,true,false,761
2025-11-27T21:24:36.798445-08:00,read,key_322,8.20,true,false,1559
2025-11-27T21:24:36.808894-08:00,read,key_733,4.54,true,false,264
2025-11-27T21:24:36.820714-08:00,read,key_472,5.11,true,false,1513
2025-11-27T21:24:36.83143-08:00,read,key_326,3.02,true,false,766
2025-11-27T21:24:36.842408-08:00,read,key_435,2.61,true,false,1154
2025-11-27T21:24:36.853518-08:00,read,key_461,2.10,true,false,1566
2025-11-27T21:24:36.864708-08:00,read,key_557,2.69,true,false,1576
2025-11-27T21:24:36.875714-08:00,read,key_788,3.64,true,false,424
2025-11-27T21:24:36.886485-08:00,read,key_529,1.83,true,false,1248
2025-11-27T21:24:36.897657-08:00,read,key_801,2.31,true,false,1565
2025-11-27T21:24:36.908559-08:00,read,key_512,3.39,true,false,841
2025-11-27T21:24:36.91954-08:00,read,key_737,1.98,true,false,1299
2025-11-27T21:24:36.930715-08:00,read,key_420,2.38,true,false,397
2025-11-27T21:24:36.940908-08:00,read,key_120,2.87,true,false,1434
2025-11-27T21:24:36.951378-08:00,read,key_258,2.10,true,false,1563
2025-11-27T21:24:36.962535-08:00,read,key_567,1.98,true,false,1551
2025-11-27T21:24:36.973722-08:00,read,key_491,2.25,true,false,596
2025-11-27T21:24:36.985621-08:00,read,key_68,1.67,true,false,759
2025-11-27T21:24:36.996686-08:00,read,key_610,2.00,true,false,1408
2025-11-27T21:24:37.007869-08:00,read,key_514,3.22,true,false,848
2025-11-27T21:24:37.019166-08:00,read,key_593,2.59,true,false,883
2025-11-27T21:24:37.030208-08:00,read,key_526,1.89,true,false,1529
2025-11-27T21:24:37.041375-08:00,read,key_874,2.47,true,false,1531
2025-11-27T21:24:37.052533-08:00,read,key_659,2.19,true,false,1510
2025-11-27T21:24:37.06371-08:00,read,key_355,2.43,true,false,1454
2025-11-27T21:24:37.07486-08:00,read,key_176,3.37,true,false,1596
2025-11-27T21:24:37.085711-08:00,read,key_152,3.69,true,false,1469
2025-11-27T21:24:37.09659-08:00,read,key_888,2.23,true,false,731
2025-11-27T21:24:37.107147-08:00,read,key_122,2.17,true,false,1594
2025-11-27T21:24:37.118419-08:00,read,key_339,2.14,false,false,0
2025-11-27T21:24:37.129545-08:00,read,key_688,2.19,true,false,853
2025-11-27T21:24:37.140174-08:00,read,key_524,1.89,true,false,1268
2025-11-27T21:24:37.152684-08:00,read,key_766,4.14,true,false,1598
2025-11-27T21:24:37.163556-08:00,read,key_413,1.69,true,false,1560
2025-11-27T21:24:37.174683-08:00,read,key_328,0.74,true,false,617
2025-11-27T21:24:37.186981-08:00,read,key_469,4.77,true,false,1573
2025-11-27T21:24:37.197811-08:00,read,key_286,2.55,true,false,1578
2025-11-27T21:24:37.208888-08:00,read,key_952,2.65,true,false,1453
2025-11-27T21:24:37.219902-08:00,read,key_249,1.62,false,false,0
2025-11-27T21:24:37.23102-08:00,read,key_468,2.09,true,false,1534
2025-11-27T21:24:37.242152-08:00,read,key_969,1.90,true,false,1347
2025-11-27T21:24:37.25335-08:00,read,key_968,2.34,true,false,1567
2025-11-27T21:24:37.264504-08:00,read,key_968,2.78,true,false,1567
2025-11-27T21:24:37.275731-08:00,read,key_552,2.93,true,false,1126
2025-11-27T21:24:37.286402-08:00,read,key_459,2.26,true,false,1433
2025-11-27T21:24:37.297851-08:00,read,key_837,4.08,true,false,792
2025-11-27T21:24:37.30911-08:00,read,key_62,2.49,true,false,1061
2025-11-27T21:24:37.320126-08:00,read,key_263,2.54,true,false,617
2025-11-27T21:24:37.331427-08:00,read,key_750,3.65,true,false,1503
2025-11-27T21:24:37.342083-08:00,read,key_561,7.90,true,false,820
2025-11-27T21:24:37.352985-08:00,read,key_813,4.65,true,false,1503
2025-11-27T21:24:37.363934-08:00,read,key_235,2.91,true,false,1547
2025-11-27T21:24:37.375245-08:00,read,key_246,3.76,true,false,1483
2025-11-27T21:24:37.386146-08:00,read,key_260,2.56,false,false,0
2025-11-27T21:24:37.396502-08:00,read,key_406,2.33,true,false,1137
2025-11-27T21:24:37.418828-08:00,read,key_236,1.74,true,false,1547
2025-11-27T21:24:37.429813-08:00,read,key_533,1.97,true,false,571
2025-11-27T21:24:37.441031-08:00,read,key_246,1.85,true,false,1483
2025-11-27T21:24:37.451681-08:00,read,key_106,1.57,true,false,1437
2025-11-27T21:24:37.462941-08:00,read,key_777,1.84,true,false,916
2025-11-27T21:24:37.474099-08:00,read,key_886,2.40,true,false,1482
2025-11-27T21:24:37.48526-08:00,read,key_387,1.90,true,false,161
2025-11-27T21:24:37.49642-08:00,read,key_37,1.85,true,false,1479
2025-11-27T21:24:37.507598-08:00,read,key_120,2.48,true,false,1434
2025-11-27T21:24:37.519255-08:00,read,key_298,3.56,true,false,1507
2025-11-27T21:24:37.530084-08:00,read,key_960,2.21,true,false,1571
2025-11-27T21:24:37.541335-08:00,read,key_966,4.45,true,false,1122
2025-11-27T21:24:37.552253-08:00,read,key_929,1.93,true,false,1485
2025-11-27T21:24:37.563522-08:00,read,key_530,3.44,true,false,45
2025-11-27T21:24:37.574586-08:00,read,key_76,4.09,true,false,1478
2025-11-27T21:24:37.585747-08:00,read,key_874,2.05,true,false,1531
2025-11-27T21:24:37.597351-08:00,read,key_452,2.00,true,false,1555
2025-11-27T21:24:37.608502-08:00,read,key_647,2.82,false,false,0
2025-11-27T21:24:37.619599-08:00,read,key_374,1.84,true,false,1157
2025-11-27T21:24:37.630758-08:00,read,key_790,2.21,false,false,0
2025-11-27T21:24:37.641891-08:00,read,key_327,3.31,true,false,1474
2025-11-27T21:24:37.652853-08:00,read,key_715,1.90,true,false,1469
2025-11-27T21:24:37.66405-08:00,read,key_128,2.26,true,false,945
2025-11-27T21:24:37.675528-08:00,read,key_680,2.41,true,false,982
2025-11-27T21:24:37.686364-08:00,read,key_395,2.08,true,false,750
2025-11-27T21:24:37.697515-08:00,read,key_454,1.77,true,false,1511
2025-11-27T21:24:37.708735-08:00,read,key_455,3.14,true,false,1548
2025-11-27T21:24:37.407721-08:00,write,key_723,306.01,true,false,1623
2025-11-27T21:24:37.719628-08:00,read,key_680,1.56,true,false,982
2025-11-27T21:24:37.730836-08:00,read,key_521,1.80,true,false,886
2025-11-27T21:24:37.742121-08:00,read,key_180,2.10,true,false,1413
2025-11-27T21:24:37.753269-08:00,read,key_541,1.83,true,false,1524
2025-11-27T21:24:37.76442-08:00,read,key_808,1.93,true,false,1570
2025-11-27T21:24:37.775888-08:00,read,key_103,3.10,true,false,776
2025-11-27T21:24:37.786316-08:00,read,key_393,2.02,true,false,567
2025-11-27T21:24:37.7975-08:00,read,key_315,4.48,true,false,906
2025-11-27T21:24:37.807901-08:00,read,key_655,2.82,true,false,1598
2025-11-27T21:24:37.81912-08:00,read,key_9,2.29,true,false,1486
2025-11-27T21:24:37.830303-08:00,read,key_955,2.24,true,false,1567
2025-11-27T21:24:37.841371-08:00,read,key_291,2.95,true,false,1006
2025-11-27T21:24:37.852397-08:00,read,key_230,2.00,true,false,1448
2025-11-27T21:24:37.863643-08:00,read,key_482,1.86,true,false,1226
2025-11-27T21:24:37.874845-08:00,read,key_619,2.41,true,false,1415
2025-11-27T21:24:37.885887-08:00,read,key_423,1.54,true,false,718
2025-11-27T21:24:37.897059-08:00,read,key_6,2.13,true,false,1290
2025-11-27T21:24:37.908232-08:00,read,key_288,2.76,true,false,1272
2025-11-27T21:24:37.919195-08:00,read,key_204,1.49,true,false,1576
2025-11-27T21:24:37.929848-08:00,read,key_480,1.81,true,false,1196
2025-11-27T21:24:37.941028-08:00,read,key_352,1.81,true,false,1473
2025-11-27T21:24:37.952325-08:00,read,key_559,1.72,true,false,627
2025-11-27T21:24:37.963141-08:00,read,key_839,1.95,true,false,828
2025-11-27T21:24:37.974109-08:00,read,key_288,2.98,true,false,1272
2025-11-27T21:24:37.984889-08:00,read,key_617,1.94,true,false,728
2025-11-27T21:24:37.996045-08:00,read,key_435,1.41,true,false,1154
2025-11-27T21:24:38.007208-08:00,read,key_583,1.26,true,false,639
2025-11-27T21:24:38.018315-08:00,read,key_798,0.58,true,false,543
2025-11-27T21:24:38.029475-08:00,read,key_880,0.87,true,false,1089
2025-11-27T21:24:38.040652-08:00,read,key_594,0.82,false,false,0
2025-11-27T21:24:38.051813-08:00,read,key_629,0.78,true,false,579
2025-11-27T21:24:38.063039-08:00,read,key_317,0.70,true,false,914
2025-11-27T21:24:38.073706-08:00,read,key_278,0.79,true,false,547
2025-11-27T21:24:38.084835-08:00,read,key_441,0.99,true,false,1544
2025-11-27T21:24:38.095139-08:00,read,key_18,0.89,true,false,789
2025-11-27T21:24:38.10638-08:00,read,key_198,1.02,true,false,1277
2025-11-27T21:24:38.118505-08:00,read,key_281,4.41,true,false,1508
2025-11-27T21:24:38.128739-08:00,read,key_620,1.65,true,false,1407
2025-11-27T21:24:38.139919-08:00,read,key_828,1.99,true,false,851
2025-11-27T21:24:38.151099-08:00,read,key_886,2.33,true,false,1482
2025-11-27T21:24:38.162215-08:00,read,key_198,1.81,true,false,1277
2025-11-27T21:24:38.173356-08:00,read,key_294,4.02,true,true,919
2025-11-27T21:24:38.18435-08:00,read,key_767,1.20,true,false,1431
2025-11-27T21:24:38.195548-08:00,read,key_935,0.87,false,false,0
2025-11-27T21:24:38.206768-08:00,read,key_273,0.81,true,false,566
2025-11-27T21:24:38.217062-08:00,read,key_819,3.64,false,false,0
2025-11-27T21:24:38.228065-08:00,read,key_446,2.00,true,false,1126
2025-11-27T21:24:38.239269-08:00,read,key_421,2.16,true,false,1162
2025-11-27T21:24:38.250404-08:00,read,key_615,1.98,true,false,1375
2025-11-27T21:24:38.261552-08:00,read,key_437,2.56,true,false,1188
2025-11-27T21:24:38.272186-08:00,read,key_532,1.77,true,false,1265
2025-11-27T21:24:38.283442-08:00,read,key_595,1.77,true,false,1454
2025-11-27T21:24:38.294232-08:00,read,key_201,2.02,true,false,1612
2025-11-27T21:24:38.305412-08:00,read,key_482,2.01,true,false,1226
2025-11-27T21:24:38.316564-08:00,read,key_184,2.06,true,false,1447
2025-11-27T21:24:38.327426-08:00,read,key_869,1.90,true,false,1592
2025-11-27T21:24:38.338177-08:00,read,key_629,2.01,true,false,579
2025-11-27T21:24:38.34848-08:00,read,key_324,1.92,true,false,1378
2025-11-27T21:24:38.35954-08:00,read,key_472,2.47,true,false,1513
2025-11-27T21:24:38.370698-08:00,read,key_810,1.91,true,false,1587
2025-11-27T21:24:38.381511-08:00,read,key_800,1.04,true,false,1447
